"","cruise","year","gis_station","gersemia_cpue","pennatulacea_cpue","actinaria_cpue","polychaeta_cpue","barnacles_cpue","shrimps_cpue","crabs_cpue","gastropods_cpue","bivalves_cpue","asteroidea_cpue","echinoidea_cpue","ophiuroidea_cpue","holothuroidea_cpue","porifera_cpue","bryozoans_cpue","ascidians_cpue","total_benthic_cpue"
"1",201901,2019,"A-02",0,7.815981,46.856208,0.39675,0,62.884919,22.059316,139.259349,0,0.1587,0,0,0,0,0,0,279.431223
"2",201901,2019,"A-03",0,0,38.37311,0,0,8.893768,8.893767,18.786835,0,0,0,0,0,0,0,0,74.94748
"3",201901,2019,"A-04",0,0,231.460232,0,0,0.077632,43.202287,135.739801,0,0,0,0,0,0,0,0,410.479952
"4",201901,2019,"A-05",0,0,2.146624,1.052266,0,0,46.089263,94.746056,0,0,0,320.941214,0,11.280294,0.547178,0,476.802895
"5",201901,2019,"A-06",0,0,49.062963,0,0,0,20.593244,460.465812,0,3545.646157,3956.256958,19.141156,0,0,0,0,8051.16629
"6",201901,2019,"AZ0504",0,0,1.706146,0,2.247119,27.381566,121.635738,187.925757,0,20.224074,1159.347123,3.828426,0,3.370679,0,0,1527.833081
"7",201901,2019,"B-01",0,0,309.127621,0,0,1.549512,38.486002,189.91205,0,0.8716,0,0,0,0,0,0,540.140474
"8",201901,2019,"B-02",0,0,77.857171,0,0,3.350262,16.459982,19.227589,0,0.655486,0,0.364159,0,0,0,0,117.914649
"9",201901,2019,"B-03",0,0,57.84214,0,0,1.249083,6.495231,25.365988,0,0,0,0,0,0,0.192167,0,91.432859
"10",201901,2019,"B-04",0,0,53.112605,0,0,0.119444,46.94135,48.772819,0,0,0,0,0,0,0,0,148.946218
"11",201901,2019,"B-05",0,0,79.136142,0,0,0,37.179656,56.60543,52.425704,0,0,0,0,2.70687,0.099517,0,228.153319
"12",201901,2019,"B-06",0,0,61.412428,0.479948,0,0,495.556352,387.526404,33.93021,21.660245,14.669703,2250.328326,0,96.031259,0,0,3361.594875
"13",201901,2019,"B-07",0,0,247.241815,0,0,0,24.340417,38.334036,0,2169.223061,324.482355,0,0,0,0,0,2804.512187
"14",201901,2019,"B-08",0,0,5592.099201,0,0,0,2317.475914,607.819469,197.188326,4969.831294,0,0,0,1165.910867,0,0,14850.325071
"15",201901,2019,"C-01",0,0,310.54635,0,0,3.831416,4.839683,34.180264,0,0.907441,0,0,0,0,0,0,354.305154
"16",201901,2019,"C-02",0,0,80.439525,0,0,0.944126,19.6567,14.426243,0,0.793066,0,0,0,0,0,0,116.25966
"17",201901,2019,"C-03",0,0,32.503454,0,0,0,0,10.060592,0,0.967365,0,0,0,0,0,0,44.015093
"18",201901,2019,"C-04",0,0,41.901581,0,0,0.375462,64.316673,24.029581,0,0,0,0,0,0,0,0,130.623297
"19",201901,2019,"C-05",0,0,69.383831,0,0,0,231.132794,485.079292,975.605382,0,15.104391,0,0,0,0,0,1776.30569
"20",201901,2019,"C-06",0,5.0117,155.045503,0,0,1.141906,1146.72771,1604.822465,147.665405,0,0,245.150371,0,1106.190035,1.141906,0,4412.897001
"21",201901,2019,"C-07",0,16.382468,0,0,0,0,2416.54274,4112.449863,17.583278,40.934728,0,51.999327,0,316.45611,0,0,6972.348514
"22",201901,2019,"C-08",0,0,61.683799,0,0,0,28.940687,522.305453,0,209.978411,0,0,0,9.189196,0,0,832.097546
"23",201901,2019,"C-09",0,0,56.593197,0,0,0,54.147125,166.499629,7.060251,1926.837116,0,0,0,15.510316,0,0,2226.647634
"24",201901,2019,"C-18",0,232.237163,100.696583,16.127581,0,6.269597,60.639704,533.56085,16.833162,6.350235,117.106396,164.299729,0,0,0,0,1254.52419
"25",201901,2019,"D-01",0,0.782633,53.708171,0,0,0.684804,1.565265,19.761476,0,11.837321,0,0,0,0,0,0,88.33967
"26",201901,2019,"D-02",0,0,61.617443,0,0,0.34001,5.817956,14.280438,0,0.831137,0,0,0,0,0,0,82.886984
"27",201901,2019,"D-03",0,0,102.80939,0,0,0.157683,18.921974,50.931645,0,3.942078,0,0,0,0,0,0,176.76277
"28",201901,2019,"D-04",0,0,59.062869,0,0,0,289.179254,817.586407,0,4.495014,0,0,0,0,0,0,1170.323544
"29",201901,2019,"D-05",0,0,209.912446,0.286682,0,0,1064.510633,866.331662,0,0,0,0,0,7.289906,0,0,2148.331329
"30",201901,2019,"D-06",3.514485,0,13.608411,0,0,0,1037.03858,1223.633192,0,18.062816,0,18.553209,0,172.107579,0,0,2486.518272
"31",201901,2019,"D-07",0,0,4.523006,0,0,0,1881.590899,1996.016807,65.471021,256.52197,0,9.312071,10.806095,1025.678557,0,0,5249.920426
"32",201901,2019,"D-08",0,0,282.638106,1.316929,0,1.316929,747.430526,2545.248018,14.214475,518.493868,0,0,112.796037,0,0,0,4223.454888
"33",201901,2019,"D-09",0.102269,0,0,0,0,0,32.010045,35.0781,3.886203,1924.284321,0,0,0,0,0,0.613611,1995.974549
"34",201901,2019,"D-10",0,0,72.166799,0,0,0,13.555524,0,1.600473,402.543298,0,0,0,0,0,0,489.866094
"35",201901,2019,"D-18",0,0,0,284.985378,27.358764,6.834434,430.884769,1032.756558,0,136.141923,143.628256,0.462639,0,7.970001,0,0,2071.022722
"36",201901,2019,"E-01",0,0.796626,287.880693,0.398313,0,1.194939,87.927585,95.296375,0,1.593252,0,3.286082,0,0,0,0,480.962899
"37",201901,2019,"E-02",0,0,457.066989,0,0,0,82.69421,173.673621,0,0,0,0,0,0,0,0,713.43482
"38",201901,2019,"E-03",0,0,185.388815,0,0,0,414.289246,506.866319,0,31.093694,0,3.324483,0,0,0,0,1203.736618
"39",201901,2019,"E-04",0,0,9.353155,0,0,0,1982.769543,988.713859,0,66.623853,0,11.875131,83.324496,0,0,0,3142.660037
"40",201901,2019,"E-05",0,0,0,1.823556,0,0,1181.597527,2380.429881,0,1261.589365,0,772.565037,0,0,0,0,5598.005366
"41",201901,2019,"E-06",5.111169,0,10.222338,2.566553,0,0,1893.742963,3234.053811,0,510.853666,0,801.247037,0,0,0,0,6457.797537
"42",201901,2019,"E-07",0,0,0,0,0,0,116.626762,99.110058,2.654734,6.557419,0,70.679449,0,922.077507,0,0,1217.705929
"43",201901,2019,"E-08",0,0,2434.012915,0,0,21.360901,3907.245572,4238.161699,6.694895,1986.91943,0,143.731036,0,26005.547139,0,0,38743.673587
"44",201901,2019,"E-09",0,0,0,0,0,0,0,0,0,800.084387,0,0,36.350762,0,5.319624,0,841.754773
"45",201901,2019,"E-10",0,0,0,0,0,0,27.993432,37.440671,1.480213,4.61478,0,0,58.207182,21.98551,0,36.134601,187.856389
"46",201901,2019,"E-11",0,0,699.772046,3.829697,0,0.22137,59.769844,88.680739,2.545753,1315.600669,0,15.82794,0,1.90378,4.892272,152.280279,2345.324389
"47",201901,2019,"E-12",0,0,2286.915632,0,0,0,416.640234,275.562757,0,10857.239226,0,40.374439,0,0,0,0,13876.732288
"48",201901,2019,"E-18",0,0,0,1.045532,34.206648,16.570695,242.957948,44.543606,0,28.584448,2767.878103,0.315632,0,53.874485,0,0,3189.977097
"49",201901,2019,"E-19",0,0,0,0,2.99741,0,673.624305,83.946808,0,258.047962,701.587237,0,0,87.9498,0,0,1808.153522
"50",201901,2019,"E-20",0,0,0,0,10.923443,10.923443,415.628045,45.504396,0,90.013943,469.648349,0,0,0,6.068579,0,1048.710198
"51",201901,2019,"E-21",0,0,174.503844,0,0,0,562.651099,1719.328334,19.391517,25.531834,0,0,0,0,0,0,2501.406628
"52",201901,2019,"E-22",0,149.8528,93.565677,4.062158,0,0.25267,116.558656,390.258673,0,0,0,49.950933,0,0,0,0,805.764917
"53",201901,2019,"F-01",0,0,12.295697,0,0,0,1258.519544,197.810771,0,76.293299,0,0,0,0,0,0,1544.919311
"54",201901,2019,"F-02",0,0,0,0,0,0,1521.686228,844.234448,0,358.011164,0,198.630096,0,0,0,0,2922.561936
"55",201901,2019,"F-03",0,0,0,34.394887,0,0,1969.607981,1362.625297,0,2374.422743,72.599335,1815.854127,0,0,0,0,7629.50437
"56",201901,2019,"F-04",0,0,0,14.842786,0,0,3716.899798,1654.361591,0,283.434052,0,7183.524959,0,0,0,0,12853.063186
"57",201901,2019,"F-05",0,0,18.977456,33.205223,0,0,1533.957771,4478.636997,18.977456,5283.421701,0,2899.354841,0,0,0,0,14266.531445
"58",201901,2019,"F-06",20.082994,0,0,30.124491,0,0,2183.264158,7736.918081,5.031783,3759.690871,129.303581,3393.937629,0,0,0,16.331226,17274.684814
"59",201901,2019,"F-07",0.854752,0,1.906754,0,0,0,77.475573,261.37869,0,88.784595,0,83.08625,0,0,0,0,513.486614
"60",201901,2019,"F-08",0,0,0,0,0,0,1411.112624,2785.041074,0,2879.233839,0,2008.05257,0,0,0,19.695825,9103.135932
"61",201901,2019,"F-09",0,0,0,0,0,0.393651,571.813517,1193.898642,4.816442,3135.156208,0,58.584603,109.85192,0,0,248.602491,5323.117474
"62",201901,2019,"F-10",0,0,0,0,0,0,0.313882,0,52.194089,2754.314353,0,0,17.353189,2704.788261,0,28.989243,5557.953017
"63",201901,2019,"F-11",0,0,21.479563,0,0,0,872.97052,386.76324,4.304653,1015.592196,0,0,194.102704,8205.739339,0,31.509186,10732.461401
"64",201901,2019,"F-12",0,0,351.763721,1.027798,1.22051,0.214124,118.132484,30.59839,1.627346,7188.801683,0,53.830898,205.94494,0,0.620961,262.024145,8215.807
"65",201901,2019,"F-13",0,0,826.853939,2.926209,0,0.105259,127.511122,92.712396,29.935746,2647.229399,0,700.795396,135.30031,0,7.789189,99.533198,4670.692163
"66",201901,2019,"F-14",0,0,43.878758,0,0,0.510218,47.960502,0,16.837198,9887.784086,0,0,0,0,14.286107,0,10011.256869
"67",201901,2019,"F-18",0,0,3.806416,0,0,0,324.788638,228.786625,0,80.451179,0,0,0,1.032897,0,0,639.210054
"68",201901,2019,"F-19",0,0,0,0,0,0,864.338185,136.58244,0,1045.724715,0,3.156607,0,0,0,1.578304,2051.380251
"69",201901,2019,"F-20",0,0,46.110759,0,0,0,555.107543,2326.343498,23.912457,3111.576295,78.572562,0,230.596648,0,3.406882,0,6421.051741
"70",201901,2019,"F-21",0,0,33.643368,0,0,0,729.12994,766.533333,0,27.265105,0,0,0,0,0,5.610509,1562.182255
"71",201901,2019,"F-22",0,8.611223,103.181584,0,0,0,219.337412,219.643588,0,0.861123,0,8.419862,0,0,0,0,560.054792
"72",201901,2019,"F-23",0,0,17.431459,0,0,0,204.491865,443.309305,0,5.480915,0,7537.762752,0,0,0,0,8208.476296
"73",201901,2019,"F-24",0,0,39.651414,43.95122,0,0.868434,187.242785,494.625962,0,194.677425,39.630232,14370.502466,0,0.868434,0,0,15372.018372
"74",201901,2019,"F-25",0,6.697071,4.646093,0,0,3.955458,312.564878,1365.993277,0,101.690843,67.431137,19660.069214,0,4.646093,0,0,21641.021068
"75",201901,2019,"G-01",0,0,0,0,0,0,908.562418,81.062514,1.294793,1480.882025,0,1003.591713,0,0,0,0,3475.393463
"76",201901,2019,"G-02",48.222523,0,0,44.20586,0,0,7217.808204,11196.380707,0,848.80215,17.285191,1754.785335,0,0,0,0,21272.157538
"77",201901,2019,"G-03",0,0,0,0.413483,0,0,2354.41269,2053.603917,1.261123,570.110152,0,1537.494625,0,0,23.051669,2163.81777,8704.165429
"78",201901,2019,"G-04",0,0,5.413244,6.68973,0,0,321.603455,1681.438835,8.273518,3031.41691,0,1952.479278,0,0,0,76.447304,7083.762274
"79",201901,2019,"G-05",0,0,26.229815,10.938026,0,0,393.297091,1867.228238,4.37521,1404.935795,0,2221.748956,2.187605,0,0,979.532381,6910.473117
"80",201901,2019,"G-06",0,0,38.568597,9.737284,0,0,194.656134,1906.918283,6.491522,952.283953,0,1059.461226,1.074459,5.036526,0,323.277816,4497.5058
"81",201901,2019,"G-07",0.760692,0,183.719349,1.521384,0,0,266.512069,656.673368,0,2928.908979,0,1293.519671,0,0,0,16.956067,5348.571579
"82",201901,2019,"G-08",0,0,17.679503,2.013824,0,0,186.395822,1084.491165,60.25081,1609.092369,0,314.905905,0,26.905628,0,25.313302,3327.048328
"83",201901,2019,"G-09",0,0,0,0,0,0.139043,246.731794,302.99786,0,759.869967,0,66.462552,0,0,2.17834,21.667533,1400.047089
"84",201901,2019,"G-10",0,0,0,0,0,0,7.665798,0,45.677266,3959.905975,0,0,0,30.391031,0,175.769022,4219.409092
"85",201901,2019,"G-11",1.032389,0,0,0.408654,0,0,18.303399,0.408654,0.752784,1513.159864,0,210.370796,60.545322,0,0.107541,4944.283679,6749.373082
"86",201901,2019,"G-12",0.213614,0,54.791929,0,0,0,80.639193,0,42.808198,2289.298651,0,67.501948,162.773684,0,0,400.953025,3098.980242
"87",201901,2019,"G-13",0,0,254.3138,0,0,0,178.291779,9.87772,20.226829,3758.74039,0,368.15399,86.435409,0,0,175.442025,4851.481942
"88",201901,2019,"G-14",0,0,197.855988,0,0,0,142.898509,168.814154,31.012691,5865.272442,0,0,1165.977523,0,0,0,7571.831307
"89",201901,2019,"G-15",0,0,78.024166,0.978666,3.474265,1.492466,194.41205,0,9.395196,11781.306652,11.132329,0,90.404295,0,18.080859,0,12188.700944
"90",201901,2019,"G-18",0,0,0,0,0,0,63.978359,4.759635,0.664135,93.532377,0,33.31745,0,0,24.019557,6.309285,226.580798
"91",201901,2019,"G-19",0,0,171.108165,0,0,1.10262,148.72499,56.178462,0,548.700203,0,49.195205,0,0,0,0,975.009645
"92",201901,2019,"G-20",5.174239,0,196.687688,0,0,0,3662.139541,1275.905059,31.067639,1083.370086,0,0,0,0,0,155.293779,6409.638031
"93",201901,2019,"G-21",0,0,2089.958424,0,0,0,1848.477724,1860.638761,0,6553.271919,0,0,4500.434627,0,0,0,16852.781455
"94",201901,2019,"G-22",0,0,369.263643,0,55.572819,0,2158.49163,1811.260046,0,211.137297,0,0,0,0,0,0,4605.922502
"95",201901,2019,"G-23",0,1.128373,80.213452,5.325128,0,1.425313,574.618919,930.47208,0,39.374273,14.193743,511.865553,0,1.781641,0,0,2160.398475
"96",201901,2019,"G-24",0,57.653759,7.66533,4.607933,0,2.030985,271.453117,309.910795,0,26.249931,15.854784,11127.481285,0,1.026412,0,0,11823.934331
"97",201901,2019,"G-25",0,0,7.346496,0,0,1.131757,307.798342,561.927548,21.145996,52.517521,0,4774.825519,0,0,0,0,5750.817485
"98",201901,2019,"G-26",0,0,4.766861,0.949154,0,0,742.533539,2847.651138,0,24.614721,38.134889,383.732323,0,0,0,0,4045.019163
"99",201901,2019,"GF1918",0,0,0,0,0,0,905.430242,78.436405,0,363.059306,0,0,0,0,0,0,1346.925953
"100",201901,2019,"GF2019",0,0,4887.629581,0,0,0,703.617719,4785.146676,0,1331.774673,0,36.364901,0,0,0,0,11744.53355
"101",201901,2019,"GF2120",0,0,407.122782,26.216321,0,0,534.975457,283.226075,4.982384,1287.807259,3.164776,0,0,0,0,0,2547.495054
"102",201901,2019,"GF2221",0,0.647118,42.264881,0,26.612719,0,2410.372215,1288.148631,0,34.863471,0,0,0,0,0,0,3802.909035
"103",201901,2019,"H-01",0,0,0,1.469435,10.307655,0,1224.169113,811.711639,0,622.586696,0,2428.457633,0,22.106355,0,0,5120.808526
"104",201901,2019,"H-02",0,0,0,0,0,0,719.050836,921.083537,0,1229.910979,0,462.439779,0,0,33.383901,4257.659939,7623.528971
"105",201901,2019,"H-03",0,0,0,23.142538,0,0,342.805852,177.441085,30.864199,3000.740876,0,3089.001261,0,169.719424,354.882171,6272.27862,13460.876026
"106",201901,2019,"H-04",0,0,23.048779,2.459751,0,0,554.969961,998.408427,2.459751,3604.69695,0,1793.522979,0,0,0,503.383513,7482.950111
"107",201901,2019,"H-05",0,0,0,14.935192,0,0,704.872667,1369.887752,22.414189,7237.799362,0,579.417053,0,0,0,1746.003776,11675.329991
"108",201901,2019,"H-06",0,0,0,21.369895,0,0,1185.779637,2920.370847,0,9377.776937,0,1318.672254,0,0,0,842.091833,15666.061403
"109",201901,2019,"H-07",0.588022,0,10.697469,0,0,0,181.201097,319.024297,0,772.343665,0,159.670462,0,1.967611,0,27.637012,1473.129635
"110",201901,2019,"H-08",4.075836,0,0,0,0,0.188116,319.754571,414.732003,0,1854.150112,0,2655.020561,0,26.210762,0.898774,767.574002,6043.503511
"111",201901,2019,"H-09",0.947382,0,0,0.646993,0,1.894764,494.741337,237.677334,3.188749,2813.539521,0,3457.666815,0,13.355775,0,444.738056,7468.396726
"112",201901,2019,"H-10",5.708712,0,0.927056,0,0,0,272.60318,89.680445,6.294221,1927.788018,0,20.248849,0,31.031971,0,49.426709,2403.709161
"113",201901,2019,"H-11",3.389552,0,0,0,0,0,105.382258,32.408489,14.32359,3056.435381,0,3975.638089,0,91.583502,11.918101,1354.26808,8645.347042
"114",201901,2019,"H-12",1.73949,0,5.939722,0,0,0,36.698997,64.573263,61.136709,4843.843226,0,1513.568425,56.639491,7.679212,0,261.644751,6853.463286
"115",201901,2019,"H-13",0,0,254.457648,0,0,0.618617,95.658756,86.874398,16.248997,10242.807035,0,617.647483,536.402497,0,38.127406,912.748246,12801.591083
"116",201901,2019,"H-14",0.086188,0,173.281348,0,0,0,21.719423,2.887304,31.3725,4063.126554,0,264.16679,8.575724,0,40.163695,57.70299,4663.082516
"117",201901,2019,"H-15",0,0,55.84095,0,1.103754,0.157679,27.593854,4.843003,1.396587,3794.233736,0,0,76.159036,0,2.815699,0.473037,3964.617335
"118",201901,2019,"H-16",7.14448,0,5.016337,0,2.432163,0.15201,83.757624,0,2.938863,3925.410213,0,0,0,0,0,0,4026.85169
"119",201901,2019,"H-18",0,0,517.550716,0,0,0,109.064947,0,40.691107,272.833531,0,866.471824,0,26.03957,0,1702.362558,3535.014253
"120",201901,2019,"H-19",0,0,1.165237,116.815022,1.165237,0,474.005016,1073.541925,0,4027.709339,14714.950508,4721.83213,0,0,0,442.722882,25573.907296
"121",201901,2019,"H-20",0,0,179.10363,0,0,0,525.139204,33.127061,0,4129.526558,0,49.063185,405.220917,0,0,208.947263,5530.127818
"122",201901,2019,"H-21",0,0,256.480987,8.774456,0,0,143.100459,0,0,5402.638758,5.418328,0,67.486484,0,0,129.595075,6013.494547
"123",201901,2019,"H-22",0,0,379.614387,0,0,0,2558.310005,2579.891611,0,696.221368,0,7.389241,0,0,0,0,6252.720988
"124",201901,2019,"H-23",0,0,298.956741,2.775557,0,2.081668,1970.24398,3540.47902,0,364.839707,0,13.037815,0,0,0,0,6192.962295
"125",201901,2019,"H-24",0,0,3.401628,0,0,11.310935,1215.591644,304.226597,1.12692,177.385517,0,7023.631716,0,0,0,0,8738.636632
"126",201901,2019,"H-25",0,0,16.539668,0.388711,0,0.971778,428.146123,1236.801792,13.410542,41.261711,0,3009.403316,0,0,0,0,4746.923641
"127",201901,2019,"H-26",0,13.927444,1.264216,0.505686,0,0,426.504267,253.159212,11.504364,1.053513,0,15143.029582,0,0,0,0,15855.668023
"128",201901,2019,"HG1918",0,0,30.01064,0,0,0,283.038238,0,5.403172,804.611846,0,286.033019,0,0,0,435.604539,1844.701454
"129",201901,2019,"HG2019",0,0,1102.133721,0,0,0,981.490906,254.542843,0,395.757195,0,3.047635,98.00324,0,0,246.901986,3081.877526
"130",201901,2019,"HG2120",3.113356,0,220.055637,0,0,0,320.90131,182.379513,0,7745.534285,676.884281,93.874462,1122.928981,0,0,1.849965,10367.52179
"131",201901,2019,"HG2221",0,0,0,0,0,0,678.503863,24.580633,79.299058,3733.673594,5.18822,0,0,0,0,0,5221.770342
"132",201901,2019,"I-01",0,0,0,0,0,0,536.241621,1058.128955,0,692.639749,0,842.428546,0,34.840942,0,9875.930814,13040.210627
"133",201901,2019,"I-02",0,0,0,0,0,0,986.72342,959.575742,48.459873,715.363745,0,2031.91876,0,7.260198,9.699781,659.097207,5418.098726
"134",201901,2019,"I-03",0,0,0,0,0,0,3261.690005,4623.988556,0,1669.26838,0,3541.229463,0,0,0,0,13096.176404
"135",201901,2019,"I-04",0,0,0,0.934627,0,0,591.618791,345.230386,0,2364.585136,0,4948.03911,0,0,0,164.26586,8414.67391
"136",201901,2019,"I-05",3.953009,0,0,5.525476,0,0,769.133163,612.934725,8.670411,599.066435,0,300.843606,0,4.739242,0,56.805388,2361.671455
"137",201901,2019,"I-06",11.894911,0,153.421023,1.562665,127.298866,0,1541.113943,545.369988,24.302935,6090.427442,0,250.492822,0,18.63536,0,834.089787,9598.609742
"138",201901,2019,"I-07",36.39128,0,44.751439,0,77.552769,0,859.350579,483.930262,0.467185,2328.574755,0,1240.500062,0,0,0,202.242081,5273.760412
"139",201901,2019,"I-08",40.529632,0,4.889355,0,0,0,1103.454589,290.573323,1.872519,5577.963365,0.416115,2716.255129,0,8.426335,0.707396,112.226301,9857.314059
"140",201901,2019,"I-09",0,0,0,0,0,0,434.179582,252.419319,6.489097,9723.813544,0,14.900889,0,0,0,2.272276,10434.074707
"141",201901,2019,"I-10",0,0,0,0,0,0,91.32283,31.11881,12.67453,2014.209899,0,17.971349,0,0,0,54.57615,2221.873568
"142",201901,2019,"I-11",3.540397,0,0,0,0,0.044255,123.803258,76.561085,0,3542.233573,0,3116.699982,13.497764,5.53187,0,363.775791,7245.687975
"143",201901,2019,"I-12",0,0,4.537455,0,0,0,16.083255,51.84379,0,488.562581,0,266.856251,23.495929,2.29119,0.494178,64.827201,918.99183
"144",201901,2019,"I-13",0,0,6.480332,0,0,0,146.323697,58.69643,0,7828.614333,0,160.55846,0,0,0,31.940348,8233.052945
"145",201901,2019,"I-14",0,0,2.468591,0,0,0,124.786166,63.427223,50.772914,9501.051042,0,0,31.557934,0,11.253217,121.494712,9906.811799
"146",201901,2019,"I-15",0,0,0,0,0,0.117647,12.588277,4.000013,3.294128,3618.600155,0,0,0,0,10.823565,61.176672,3710.600457
"147",201901,2019,"I-16",0,0,0,0,0,0,14.075494,0,12.328191,3004.632682,0,0,0,0,0,0,3031.036367
"148",201901,2019,"I-18",0,0,0,22.333744,0,0,3524.255978,833.602033,7.45193,3287.315459,0,2058.8934,0,111.646673,0,9013.550717,18859.049934
"149",201901,2019,"I-19",0,0,0,17.352397,0,0.358706,620.292167,21.275743,0,2109.123399,16.769501,1192.652259,0,0,7.084441,3115.629719,7100.538332
"150",201901,2019,"I-20",0,0,6940.118737,68.09941,0,0,1768.151048,0,0,6297.517093,0,3261.785525,0,0,54.483724,4440.580863,22830.7364
"151",201901,2019,"I-21",0,0,2519.884065,3.343733,0,0,1490.131647,501.677264,11.2631,2104.6159,0,1901.645445,0,0,13.140284,0,8545.701438
"152",201901,2019,"I-22",0,0,806.809975,0,0,0,6718.953778,16322.996571,27.937392,633.707702,16.587142,145.340174,0,0,0,0,24684.252688
"153",201901,2019,"I-23",0,0,411.43197,0,0,18.175794,2777.916125,7858.701127,0,376.75944,12.991705,7846.066222,0,0,0,0,19305.25358
"154",201901,2019,"I-24",0,0,0,0,0,2.708196,1898.130513,1317.002031,0,91.154939,0,1196.665753,0,46.165295,0,0,4551.826727
"155",201901,2019,"I-25",0,0,10.020545,0,0,8.253395,227.861962,461.547486,0,88.056289,0,313.869962,0,0,0,0,1109.609639
"156",201901,2019,"I-26",0,0,0.793695,0,0,14.052007,364.251837,645.652753,0,118.873848,20.167066,0,0.685464,0,0,0,1167.940066
"157",201901,2019,"IH1918",7.92038,0,73.236085,7.92038,0,0,105.093124,0,0,2066.187869,0,1641.690631,0,0,7.92038,5869.659426,9779.628275
"158",201901,2019,"IH2019",35.556366,0,1090.700032,16.929115,0,0.339627,1530.047142,0.339627,22.023524,7398.023243,0,2912.095153,43.263294,0,13.558967,1190.628836,14253.504926
"159",201901,2019,"IH2120",1.541895,0,2725.264058,0,0,0,1121.289859,82.574414,6.215023,562.649394,0,181.991068,0,0,0,68.578751,4750.104462
"160",201901,2019,"IH2221",0,0,474.974646,0,0,0,2382.082801,1132.188856,0,1486.535021,0,41.762776,8.352555,0,0,0,5525.896655
"161",201901,2019,"J-01",0,0,0,0,0,0,179.169686,613.754243,3.814427,2001.07853,0,2467.543889,0,3.814427,0,2169.086682,7438.261884
"162",201901,2019,"J-02",0,0,0,23.885023,0,0,1415.679876,3552.618963,81.22192,5046.160589,0,1106.266094,0,0,0,563.759314,11789.591779
"163",201901,2019,"J-03",49.119156,0,0,22.313717,0,0,2111.854605,4571.910825,165.179462,3703.000621,0,1512.240739,0,0,0,1107.261271,13242.880396
"164",201901,2019,"J-04",45.445696,0,0,0.743577,0,0,1124.157684,338.568249,25.697157,7115.247617,0,961.357993,0,48.791794,0,68.168543,9728.17831
"165",201901,2019,"J-05",8.324246,0,715.33339,0,0,0,1394.05929,868.384366,6.645003,8901.66542,0,805.244841,0,219.596964,0,319.391957,13238.645477
"166",201901,2019,"J-06",6.506482,0,100.839221,0,11.437,0,914.577292,369.788839,22.198588,3395.078051,0,25.215434,0,54.460834,0,260.506951,5160.608692
"167",201901,2019,"J-07",2.169392,0,231.514751,0,0,0,594.277688,390.128907,21.919893,2189.051623,0,46.551526,0,0,2.960316,7.299099,3485.873195
"168",201901,2019,"J-08",2.181244,0,120.417506,0,0,0,128.864481,9.430673,14.477474,15236.759934,4.105871,126.448004,0,0,0,85.410676,15728.095863
"169",201901,2019,"J-09",0,0,0,0,0,0,279.707973,41.602856,3.875335,7926.654962,0,0,0,0,0.227961,15.501338,8267.570425
"170",201901,2019,"J-10",0,0,4.011855,0,0,0,223.672433,77.40113,5.256913,1929.840499,0,0,0,0.415019,0,18.30697,2258.904819
"171",201901,2019,"J-11",3.660797,0,316.964028,0,111.894011,1.830399,332.936435,286.806032,34.254602,7055.925193,0,270.63751,99.103011,0,0,53.887807,8567.899825
"172",201901,2019,"J-12",0,0,0,0,0,0,21.783414,32.354147,41.812172,4369.307786,0,13.523691,0,1.540674,0,32.996095,4513.317979
"173",201901,2019,"J-13",0,0,9.958067,0,0,0,77.783564,159.43971,9.072905,5824.583788,0,4.093872,0,0.995807,0.22129,120.38196,6206.530963
"174",201901,2019,"J-14",0,0,0,0,0,0,14.600823,0,10.206401,5454.754222,0,0,0,1.559311,0,56.938486,5538.059243
"175",201901,2019,"J-15",0,0,0,0,0,0,5.309488,0.471954,0,1050.098649,0,0,0,0,0.353966,9.557078,1065.791135
"176",201901,2019,"J-16",0,0,4.642109,0,0,0,16.389488,0,31.784239,2183.922978,0,0,0,0,0,0,2236.738814
"177",201901,2019,"J-18",0,0,0,84.048011,0,0,3265.400068,12977.080331,0,495.568648,0,845.266803,0,0,0,0,17667.363861
"178",201901,2019,"J-19",0,0,1.482497,8.349946,0,0.501433,365.718923,178.248459,0.239816,6985.656558,0,1545.132473,0,0,0.981064,2163.660733,11249.971902
"179",201901,2019,"J-20",0,0,0,69.134004,0,0,4474.78609,1347.910809,0,4064.005142,0,1376.99384,0,0,0,1251.132193,12583.962078
"180",201901,2019,"J-21",0,0,2.543787,32.355725,0,0,3049.969152,819.130319,1.892329,7263.782732,0,1776.214528,0,0,0,173.846101,13119.734673
"181",201901,2019,"J-22",0,0,0,2.775665,0,2.775665,2477.721697,5806.005062,0,1059.74883,0,2349.975806,0,0,0,0,11699.002725
"182",201901,2019,"J-23",0,0,0,4.923172,0,74.912048,1368.57526,10130.047138,0,661.833975,15.590044,1079.815705,0,0,0,0,13335.697342
"183",201901,2019,"J-24",0,0,12.689526,3.16724,0,44.38249,1655.314683,2555.941938,28.546291,61.247013,0,3009.391956,0,0,0,0,7370.681137
"184",201901,2019,"J-25",0,0,21.116217,10.54869,0,1.412771,2663.920943,3286.745735,0,133.101862,77.419849,100.626967,0,0,0,0,6294.893034
"185",201901,2019,"J-26",0,0,52.649751,0,0,0,1101.715096,549.899569,0,191.537173,0,10164.529982,0,0,0,0,12061.387303
"186",201901,2019,"JI1918",0,0,0,0,0,0,523.458774,50.592555,0,4648.516927,0,2258.162854,0,0,5.905925,9040.241453,16526.878488
"187",201901,2019,"JI2019",0,0,0,33.470639,0,0,1437.317208,353.261493,0,12204.122846,0,3032.698894,0,0,22.328645,1688.112548,18772.049118
"188",201901,2019,"JI2120",0,0,0,10.903619,0,0,1394.991057,152.090545,0,4367.49676,0,7815.878208,0,0,17.214275,2533.523026,16292.09749
"189",201901,2019,"JI2221",0,0,0,6.524092,8.713384,0.547323,5340.05668,1415.005445,31.569598,2604.513761,0,2380.264527,0,0,0,0,11787.19481
"190",201901,2019,"K-01",0,0,0,24.917858,0,0,494.728133,1868.037558,217.931034,18171.046977,0,1404.683561,0,0,0,1469.541727,23650.886848
"191",201901,2019,"K-02",4.41226,0,0,0,0,0,149.034014,167.791347,24.277886,9469.253637,0,379.517093,0,17.669951,0,582.857454,10794.813642
"192",201901,2019,"K-03",1.268032,0,0.622893,0,0,0,83.378641,33.79193,0.956585,6936.889398,0,781.774871,0,89.029168,0,77.683622,8005.39514
"193",201901,2019,"K-04",7.13285,0,29.179843,0,0,0.115793,550.595845,278.875927,4.840148,5360.985573,0,554.880186,0,101.643119,0,462.639461,7350.888745
"194",201901,2019,"K-05",0,0,270.065994,0,0,0,528.306757,261.415158,10.710558,3458.928681,0,0,0,12.358336,2.374739,475.699016,5019.859239
"195",201901,2019,"K-06",4.206601,0,290.648364,0,0,0,157.308371,105.049449,16.109893,3373.346965,0,25.956112,0,92.984363,0,985.31529,5050.925408
"196",201901,2019,"K-07",2.438163,0,17.491172,0,0.424028,0,94.346319,16.961137,10.706717,3188.057528,0,0,0,2.226149,0,99.540667,3432.19188
"197",201901,2019,"K-08",0.887846,0,1.5643,0,0,0,89.735866,26.867911,0,4793.205864,0,13.31769,0,0.232531,0,264.049635,5189.9462
"198",201901,2019,"K-09",0,0,0,0,0,0,268.524406,12.354303,31.733602,4461.598999,0,0,0,0,0,6.177152,4780.509583
"199",201901,2019,"K-10",0,0,44.848419,0,2.142928,0,371.732385,59.630248,3.214392,5392.96224,0,0,0,0,0,15.74396,5890.274572
"200",201901,2019,"K-11",0,0,0.804129,0,1.206193,0,5.539555,0.759455,7.23716,3241.533081,3.931297,0,0,0,0,0.178695,3261.189565
"201",201901,2019,"K-12",0,0,18.010844,0.171941,75.095333,0.171941,30.992407,0,23.426993,3875.125531,0,0,0,0,0.214927,3.954648,4027.164565
"202",201901,2019,"K-13",0,0,0,0.071733,0,0.191287,72.856443,0,4.710443,6948.166239,0,0,0,0,0.717326,0,7026.713471
"203",201901,2019,"K-14",0,0,0,0,0,0.345115,53.64079,0.295813,3.056736,4260.695816,0,0,0,0,0,0,4318.03427
"204",201901,2019,"K-18",51.459358,0,0,5.929385,0,0,1263.044674,791.819093,17.809561,7380.714629,0,698.361707,0,0,0,884.891175,11094.029582
"205",201901,2019,"K-19",6.152329,0,0,0,0,0,696.123202,853.789005,0,666.568282,0,1448.646053,0,0,0,2950.526568,6621.805439
"206",201901,2019,"K-20",0,0,6.743822,1.680201,0,0,496.626132,351.070046,0,8237.705701,0,744.628476,0,32.061927,40.508967,1817.908969,11728.934241
"207",201901,2019,"K-21",0,0,9.866354,9.866354,0,0.377058,3874.303651,1496.480853,0.754116,3498.093909,0,2650.37298,0,0,4.556119,1045.959238,12590.630632
"208",201901,2019,"K-22",9.193172,0,0,17.458188,0,0,2291.928567,3899.938154,58.739067,410.775688,0,1908.953385,0,0,0,0,8596.986221
"209",201901,2019,"K-23",0,0,84.325907,9.065755,0,20.290022,1564.839674,8228.827043,65.104863,827.635545,0,719.360422,0,0,0,0,11519.449231
"210",201901,2019,"K-24",0,0,0,0,0,6.610302,1105.360149,11159.48798,0,557.313369,132.368262,329.562095,0,0,0,0,13290.702157
"211",201901,2019,"K-25",0,0,0,8.600005,0,2.071102,2039.779165,1160.625902,0,87.084913,60.18031,1004.583152,0,0,0,0,4362.924549
"212",201901,2019,"K-26",0,0,1.607305,0.794415,0,0,588.606181,1523.429555,0,51.988003,64.107453,234.629582,0,0,0,0,2465.236393
"213",201901,2019,"K-27",0,0,31.997717,0,39.378901,0.339798,239.048427,366.812761,1.81226,148.454304,3.284721,21.143034,0,1.963282,0,0,854.68827
"214",201901,2019,"L-01",4.5669,0,58.604904,0,0,0,217.703454,313.826859,20.824189,10936.894449,0,0,0,0,0,14.968068,11567.388823
"215",201901,2019,"L-02",0.576864,0,12.47468,0,0,0,544.847882,508.817929,0.697044,5457.660563,0,94.485487,0,40.692936,0,49.778541,6710.031926
"216",201901,2019,"L-03",0,0,0.67544,0.072369,0,0.072369,201.498101,80.956259,5.885973,5778.265006,0,34.447419,0,31.432063,0,380.899678,6514.204677
"217",201901,2019,"L-04",0,0,1.723179,0,0,0,158.010991,50.969825,0,1597.885859,0,0,0,7.028757,0.92961,152.319965,1968.868186
"218",201901,2019,"L-05",2.399374,0.228512,10.511544,0,0,0,119.168919,38.04722,4.913004,6084.127406,0,0,0,2.285118,0.685535,84.206608,6348.058567
"219",201901,2019,"L-06",0,0,4.380631,0,1.309673,0,205.686439,5.419337,83.231992,4260.27669,1.219351,0,0,17.928975,0,58.664328,4638.117416
"220",201901,2019,"L-07",0,0,0,0,0,0,214.085535,0.128477,2.312586,5515.090054,0,0,0,0,0,5.610163,5737.226815
"221",201901,2019,"L-08",0,0,0,0,14.709222,0,62.794313,0,1.358875,7711.613615,0,0,0,0,0,5.602378,7796.078403
"222",201901,2019,"L-09",0,0,0,0,0,0,36.669317,0,0.726125,931.860519,0,0,0,0,1.331229,14.764543,985.351733
"223",201901,2019,"L-18",5.053757,0,115.354378,0,0,0,584.90081,404.705781,9.249328,3619.252553,0,519.011267,0,0,0,68.058845,5326.802481
"224",201901,2019,"L-19",13.066107,0,39.220544,8.488526,0,0,2140.975033,458.135948,111.750773,3224.150895,0,521.46657,0,0,0,1659.32898,8176.583376
"225",201901,2019,"L-20",0,0,268.856433,26.026616,0,0,2158.290679,1474.329977,21.678189,653.628292,0,2861.456935,0,0,0,654.779346,8119.046467
"226",201901,2019,"L-21",3.928803,0,23.598834,19.019568,0,0.650464,1322.88768,1293.356614,25.576245,754.356118,5.854176,1314.925999,0,0,0,3995.54021,8759.694711
"227",201901,2019,"L-22",0,0,4.219131,3.180091,0,0,1264.952057,4202.537543,23.299677,526.635671,6.706529,1689.037662,0,0,0,9.540273,7732.218199
"228",201901,2019,"L-23",0,0,102.037623,7.024785,0,23.800391,799.273751,2506.652996,0,439.940268,84.989414,1780.290223,0,0,0,3.39706,5747.406511
"229",201901,2019,"L-24",0,0,36.032514,3.285194,0,39.317708,801.336326,3535.45502,6.549464,207.155567,160.556027,1419.517834,0,0,0,0,6209.205654
"230",201901,2019,"L-25",0,0,33.507555,0,0,14.237115,654.997193,903.751239,0,43.664083,12.565333,154.091609,0,0,0,0,1816.814127
"231",201901,2019,"L-26",0,0,158.118736,24.54992,0,0,1066.35793,898.156834,0,114.913753,0,0,0,7.943678,0,0,2270.759736
"232",201901,2019,"L-27",0,0,2.67455,0,9.370278,0,133.727521,207.193493,0,33.946217,278.639525,0,0,5.349101,0,0,830.550771
"233",201901,2019,"L-28",0,0,7.44141,0.34522,3.375485,0,187.761335,104.831815,0,57.536672,3.030265,3.931673,0,4.718007,0,0,541.937906
"234",201901,2019,"L-29",0,0,3.004545,0,0,0,473.903592,183.313433,0,37.375813,0,0,0,0,0,0,761.308212
"235",201901,2019,"L-30",0,0,3.290645,0.888272,0,0,189.080892,87.938966,0,6.238095,2.220681,20.995529,0,0,0,0,310.65308
"236",201901,2019,"L-31",0,0,3.229928,0,0,0,0,0,0,0,0,0,0,0,0,0,507.232458
"237",201901,2019,"M-01",0,0,7.875684,0,0,0,687.455378,69.673225,9.083611,8201.823912,0,18.84366,0,23.337148,2.729915,2.415854,9023.238387
"238",201901,2019,"M-02",1.624735,0,0.716795,0,1.43359,0,226.220451,58.323207,5.208708,4329.608071,0,0,0,7.574132,0,92.992183,4723.701872
"239",201901,2019,"M-03",0,0,0,0.122083,0,0.244165,21.242397,10.499116,6.714551,1358.780911,0,0,0,1.953324,0,126.599803,1526.15635
"240",201901,2019,"M-04",0,0,0,0,0,0.045926,164.646097,0.344448,5.511166,1186.278573,0,0,0,1.72224,0,44.778227,1403.326677
"241",201901,2019,"M-05",0,0,0,0,0,0,102.127659,5.469132,0,392.438089,0,0,0,0,0,5.469131,505.504011
"242",201901,2019,"M-06",0,0,0,0,1.890697,0,10.640669,0,2.418334,701.756546,0,0,0,40.232283,0,0,756.938529
"243",201901,2019,"M-07",0,0,0,0,0,0,36.248874,0,0,2958.458627,0,0,0,0,0,1.212961,2995.920462
"244",201901,2019,"M-08",0,0,0,0,0,0,31.929196,2.583866,0.276843,3114.942246,0,0,0,0.461405,0,0,3150.193556
"245",201901,2019,"M-18",0.482272,0,0,0,0,0,365.92979,159.678038,0,9236.661361,0,27.145037,0,0,0.64303,18.418206,9808.957734
"246",201901,2019,"M-19",19.548905,0,0,12.040348,0,0,1141.989247,1293.293327,60.157311,4066.77195,0,522.111255,0,0,0,57.136117,7173.04846
"247",201901,2019,"M-20",36.626649,0,0,0,0,0,1394.623377,416.990364,14.097229,1664.736741,0,3101.43392,0,0,0,1822.90024,8451.40852
"248",201901,2019,"M-21",11.983069,0,111.573644,5.543032,0,0,3236.992677,855.190935,111.573644,171.810991,24.886144,814.181698,0,0,0,241.570394,5585.306228
"249",201901,2019,"M-22",0,0,105.346157,6.008584,0,0,2159.204364,1184.540145,240.669925,771.841841,32.557383,2657.361721,0,0,0,133.62569,7291.15581
"250",201901,2019,"M-23",0,0,19.69813,3.132769,0,0.721213,711.634387,1641.954078,16.339982,654.54587,13.703047,747.98803,0,0,0,3.132769,3813.098192
"251",201901,2019,"M-24",0,0,0,3.122724,0,65.59762,903.222488,2437.623071,62.474896,486.859249,131.19524,1644.002083,0,0,0,0,5734.097371
"252",201901,2019,"M-25",0,0,0,2.368612,0,144.333752,1206.64684,2481.983435,0,35.718672,0,74.923941,0,0,0,0,3945.975252
"253",201901,2019,"M-26",0,0,0,0,0,1.717688,2576.070022,6644.25669,0,101.288174,0,194.505061,0,0,0,0,9520.55269
"254",201901,2019,"M-27",0,0,147.469212,38.566699,0,2.259137,1765.19295,1545.128786,0,251.752597,0,875.617355,0,0,0,0,4868.84398
"255",201901,2019,"M-28",0,0,39.532374,10.751937,0,1.719586,311.136436,537.596846,0,62.068,0,67.69738,0,5.593179,0,0,1159.000875
"256",201901,2019,"M-29",0,0,130.87728,167.267638,0,2.779566,104.215401,257.091475,0,538.778443,0,246.137794,0,0,0,0,1448.701959
"257",201901,2019,"M-30",0,0,27.134047,220.294154,0,0.962349,158.97581,261.654225,5.418441,275.461836,0,203.766863,0,1.924697,0,0,1155.592422
"258",201901,2019,"M-31",0,0,455.135784,255.857982,0,2.681427,231.288631,289.178344,61.943032,6.838677,0,0,0,1.018526,0,0,1328.096029
"259",201901,2019,"M-32",0,0,5.864545,8.169208,0,0.123464,116.241456,134.555299,0,0,0,0,0,25.989194,0,0,291.786837
"260",201901,2019,"N-01",0,0,0.118373,0,0,0,571.245722,44.129555,8.783296,5462.216128,0,0,0,0,0,18.702976,6105.19605
"261",201901,2019,"N-02",0,0,0,0.110651,0,0.04426,22.683379,0,0.885205,362.491456,0,0,0,0,0,10.954412,397.169363
"262",201901,2019,"N-03",0,0,0,0,0,0,115.408333,0.816678,0,3293.314222,0,0,0,0,0,1.633357,3411.17259
"263",201901,2019,"N-04",0,0,0,0,0,0.116913,59.625515,0,0,161.33963,0,0,0,0,0,1.052215,222.134273
"264",201901,2019,"N-05",0,0,0,0,0,0,101.217177,0,0,53.726653,0,0,0,0,0,0,154.94383
"265",201901,2019,"N-06",0,0,0,0,0,0.111656,32.156823,0.111656,0.781589,434.117102,0,0,0,0,0,0,467.278826
"266",201901,2019,"N-07",0,0,0,0,0,0,1.322219,0.110185,0.110185,1058.656489,0,0,0,0,0,0,1060.199078
"267",201901,2019,"N-18",0.905371,0,0.65001,0,0,0.069644,747.905983,193.586864,3.017903,4998.482923,0,2.600039,0,0,0,39.488099,5986.706836
"268",201901,2019,"N-19",14.299762,0,55.435767,0,0,0,1732.808547,1005.047451,0,5092.585903,0,231.699144,0,0,0,0,8131.876574
"269",201901,2019,"N-20",43.972005,0,0,5.984607,0,0,1416.187173,1603.280413,41.977136,562.913816,0,663.99425,0,0,0,175.909241,4514.218641
"270",201901,2019,"N-21",0,0,0,0,13.027471,0,1927.338541,977.642115,13.027471,2040.492623,0,805.126815,0,0,0,922.91427,6699.569306
"271",201901,2019,"N-22",1.070782,0,32.059217,2.762618,0,0,1002.273485,389.29355,0,495.022576,0,369.398417,0,0,1.477679,242.425073,2535.783397
"272",201901,2019,"N-23",2.070788,0,47.502621,1.045853,0,0.125502,745.462758,548.988903,31.668414,856.532295,17.131064,625.859064,0,0,0,34.785055,2911.172317
"273",201901,2019,"N-24",0,0,0,5.544925,0,36.071824,1012.058126,862.802258,130.395172,1590.379894,30.507025,1300.195483,0,0,0,0,5044.609817
"274",201901,2019,"N-25",0,0,0,0,0,61.957806,2342.121605,3188.757752,0,684.569472,128.054169,319.874252,0,0,0,37.166648,6762.501704
"275",201901,2019,"N-26",0,0,0,1.406269,0,2.79451,2775.36288,4314.885361,0,203.404254,0,1411.732253,0,0,0,0,8994.355088
"276",201901,2019,"N-27",0,0,12.793756,0,0,0,474.466736,763.873082,0,67.920676,0,144.703173,0,38.381269,0,0,1502.138692
"277",201901,2019,"N-28",0,0,43.825982,0,0,17.030928,208.117121,2285.828916,0,2196.437015,0,33.079302,0,0,0,0,4784.9743
"278",201901,2019,"N-29",0,0,0,0,0,35.706186,877.685518,848.002298,0,9269.090449,187.457476,53.304235,0,0,0,0,11472.338693
"279",201901,2019,"N-30",0,0,0,0,0,40.993986,122.064476,438.694224,0,7358.869659,0,258.066909,0,0,0,0,8409.408898
"280",201901,2019,"N-31",0,0,547.36178,252.168396,0,0,884.866564,783.915253,0,139.275029,0,0,0,0,0,0,2611.952484
"281",201901,2019,"O-01",0,0,0,0.351995,0,0.046933,355.515299,18.960816,9.456941,6890.191532,0,0,0,0,0,68.756424,7343.514604
"282",201901,2019,"O-02",0,0,0,0,0,0,51.504588,0.11043,4.969354,800.838915,0,0,0,0,0,1.325161,858.748448
"283",201901,2019,"O-03",0,0,0,0,0,0,21.516985,0.043912,1.866269,50.059924,0,0,0,0,0,0,73.48709
"284",201901,2019,"O-04",0,0,0,0,0,0.110502,32.377099,0,0,57.24006,0,0.044201,0,0,0,0,89.771862
"285",201901,2019,"O-18",0,0,1.740549,0,0,0,397.319808,447.049772,7.911585,4481.777382,0,1.808362,0,0,0,6.510104,5344.117562
"286",201901,2019,"O-19",3.7647,0,1.50588,1.50588,0,0.75294,657.230649,393.249853,0,3550.004967,0,98.527589,0,0,0,33.839279,4740.381737
"287",201901,2019,"O-20",5.749521,0,0,0,0,0,2007.038282,669.417758,9.589766,955.895753,0,450.870889,0,0,0,724.613155,4823.175124
"288",201901,2019,"O-21",0,0,0,0,13.703196,0,1584.898711,661.397172,6.862775,4222.462203,0,70.259618,0,0,0,344.390605,6904.309595
"289",201901,2019,"O-22",0,0,0,3.396053,0,0,1120.48785,279.880884,0,457.607657,0,633.049432,0,0,0,262.753877,2757.175753
"290",201901,2019,"O-23",0,0,3.502028,0,0,0,600.917075,215.693977,0,299.684608,0,294.479937,0,0,2.089608,3.502028,1419.869261
"291",201901,2019,"O-24",0,0,7.187244,0,0,0.247836,397.239784,233.254971,0,834.030063,0,188.107516,0,0,0,0,1660.067414
"292",201901,2019,"O-25",0,0,5.936857,1.306493,0,18.137193,262.086287,743.37516,0,652.669979,0,199.201717,0,0,0,0,1882.713686
"293",201901,2019,"O-26",0,0,32.918326,8.234957,0,0,1433.61352,1511.318829,0,1811.905503,0,0,0,0,0,0,4797.991135
"294",201901,2019,"O-27",0,0,16.773269,3.354654,0,4.029441,1128.51326,2739.306207,0,1103.603991,0,0,0,0,0,0,4995.580822
"295",201901,2019,"O-28",0,0,2.397104,0,0,3.585584,181.756875,6137.93552,0,229.275934,0,0,0,0,0,0,6554.951017
"296",201901,2019,"O-29",0,0,0,0,0,62.136406,275.165365,1651.009944,0,14405.825812,0,37.27474,0,0,0,0,16708.282431
"297",201901,2019,"O-30",0,0,0,0,0,80.708107,2.245146,1775.71502,0,27280.140691,0,86.955469,0,0,0,0,29291.732671
"298",201901,2019,"O-31",0,0,2.322826,12.227706,0,5.52219,336.152338,526.404919,0,24.740286,0,0,0,0,0,0,908.246803
"299",201901,2019,"ON2524",0,0,29.7392,0,0,9.524448,799.124919,1053.241941,22.605744,1032.473902,0,46.159981,0,0,0,0,2992.870135
"300",201901,2019,"ON2625",0,0,43.414852,3.056347,0,11.746682,612.834335,767.069373,9.187452,213.2078,18.393315,847.418152,0,0,0,0,2526.328308
"301",201901,2019,"P-01",0,0,0,0,0,0.172638,49.849329,0,0.971091,556.111343,0,0,0,0,0,4.315959,611.42036
"302",201901,2019,"P-18",3.044586,0,0.234199,0,0,0,242.161684,96.021558,4.332679,4296.262103,0,4.33268,0,18.501715,5.972072,142.392944,4813.25622
"303",201901,2019,"P-19",4.946933,0,0,0,0,0,244.737517,392.164475,4.237247,10634.132127,0,8.766717,0,0,21.16536,100.879866,11411.030242
"304",201901,2019,"P-20",5.961296,0,0,0,0,1.490324,981.992064,1437.96548,0,1316.986232,0,1048.004653,0,0,0,101.32012,4893.720169
"305",201901,2019,"P-21",0,0,2.224284,2.224284,0,0,435.673327,182.655542,1.651696,214.830577,0,3.083166,0,0,0,134.514112,976.856988
"306",201901,2019,"P-22",0,0,0,0,0,27.21157,368.444657,366.308045,0,40.515005,0,18.947315,0,0,0,26.385144,847.811736
"307",201901,2019,"P-23",0,0,28.90814,0,0,0,1241.53605,2488.213863,11.911753,657.431659,0,93.751497,0,0,0,0,4521.752962
"308",201901,2019,"P-24",7.491759,0,94.945809,1.505881,0,0,858.559338,2197.890068,14.983518,502.343141,162.917521,141.496361,0,11.990579,0,0,3997.625149
"309",201901,2019,"P-25",0,0,14.206709,2.833735,0,0,1356.06559,758.261714,0,275.899239,1540.676738,2993.602797,702.880272,86.609577,0,38.340999,7769.37737
"310",201901,2019,"P-26",0,0,37.732752,1.77653,0,24.168207,194.530009,760.373246,16.803011,638.717967,0,33.865099,0,0,0,0,1707.966821
"311",201901,2019,"P-27",0,0,67.431088,0,0,12.64807,214.941333,1930.20541,0,1098.9409,0,20.574446,0,0,0,0,3344.741247
"312",201901,2019,"P-28",0,0,4.372987,0.531298,0,0.347387,168.523484,273.475176,0,34.718249,0,13.139397,0,0,0,0,495.107978
"313",201901,2019,"P-29",0,0,0,4.020561,0,0,657.953046,3591.957718,0,7979.040577,0,29.976833,0,0,0,0,12268.565696
"314",201901,2019,"P-30",0,0,74.378324,0,0,17.337651,0,1320.33495,0,10187.116948,0,7.102651,0,0,0,0,11606.270524
"315",201901,2019,"P-31",0,0,873.010019,0,0,465.597497,186.246845,1024.318416,0,18925.575023,0,787.517734,0,0,0,0,22262.265534
"316",201901,2019,"P-32",0,0,23.170141,538.104998,0,65.928348,318.963523,1676.729279,0,2382.330369,92.657895,10166.885778,0,0,0,0,15264.770331
"317",201901,2019,"PO2423",0,0,22.322182,3.947459,0,0,1448.136515,401.879423,1.322499,296.059457,0,108.40485,0,0,0,9.19738,2291.269765
"318",201901,2019,"PO2524",0,0,0.972694,4.804518,0,0,647.254056,548.009809,0,442.693596,44.213356,942.628749,0,0,0,0,2645.963026
"319",201901,2019,"PO2625",0,0,0,0,0,6.048075,176.855949,1327.251004,0,492.141558,0,17.15753,0,0,0,1.078056,2041.362401
"320",201901,2019,"PO2726",0,0,4.721926,0,0,4.721926,328.233946,1432.752504,0,2764.799207,0,488.058258,0,0,0,0,5132.630399
"321",201901,2019,"Q-01",0,0,0,0,0,0,4.656774,0.776129,1.50914,1240.297282,0,0,0,0,0,0,1247.239325
"322",201901,2019,"Q-02",0,0,1.394853,0,0,0.871783,34.173893,0,1.176907,996.44792,0,0,0,0,0,0,1034.065356
"323",201901,2019,"Q-18",3.308986,0,1.102995,0,0,0.02206,124.814945,17.250846,3.066327,2192.313402,0,11.382911,0,19.236238,2.33835,76.94495,2451.78201
"324",201901,2019,"Q-19",0.393552,0,7.368172,0,0,0,918.966307,354.350049,0,2531.262313,0,204.428516,0,0,0,30.084881,4046.85379
"325",201901,2019,"Q-20",4.396916,0,0,0,0,0,621.156461,189.912123,5.393262,1299.581132,0,212.698112,0,0,0,40.135397,2373.273403
"326",201901,2019,"Q-21",0,0,0.662406,0,0,0.103501,351.054387,27.096538,0,109.276261,0,37.260328,0,0,0,47.589719,573.04314
"327",201901,2019,"Q-22",0,0,0,0,0,0.059525,19.345577,145.141437,3.075451,35.020456,0,82.441924,0,0,0.793665,5.258029,291.136064
"328",201901,2019,"Q-23",0,0,0,0,0,0,3561.27789,2915.456389,0,537.363083,203.407708,7939.127789,740.588235,0,0,0,15897.221094
"329",201901,2019,"Q-25",0,0,0,0,0,0,39.777351,587.394674,1.939307,190.138321,253.316647,0,0,0,0,12.627046,1085.193346
"330",201901,2019,"Q-26",0,0,0,0,0,2.267557,24.036106,47.637598,0.15117,25.207678,0,0,0,0,0,0,99.451279
"331",201901,2019,"Q-27",0,0,0,0,0,0.220966,17.932245,330.633196,0,360.718574,3.637441,0,0,0,0,0,713.142422
"332",201901,2019,"Q-28",0,0,0,0,0,12.436589,477.429115,914.686401,0,575.274595,124.304117,813.258195,0,0,0,0,2956.922539
"333",201901,2019,"Q-29",0,0,112.356172,11.233541,0,2.242555,433.726802,1658.431921,0,395.333425,0,14.182086,0,15.739416,0,0,2643.245918
"334",201901,2019,"Q-30",0,0,5.746517,0,0,11.472729,180.741166,456.167881,0,4219.71027,25.828869,0,0,0,0,0,5170.931475
"335",201901,2019,"Q-31",0,0,0,66.795144,0,51.379379,256.935923,855.087125,0,7022.173724,0,1955.909351,0,0,0,0,10208.280646
"336",201901,2019,"QP2423",0,0,7.212643,0,0,0,260.397338,1260.176202,5.975646,977.094244,0,27.023622,0,0,0,10.200466,2548.080161
"337",201901,2019,"QP2524",0,0,0,0,0,0,183.536204,959.296894,0,153.617263,291.459421,192.730624,16.64635,0,48.289245,3.003016,1848.579017
"338",201901,2019,"QP2625",0,0,0,0,0,1.948421,44.992621,79.229162,0,47.756197,0,5.547035,0,0,0,0,179.473436
"339",201901,2019,"QP2726",0,0,87.594226,0,0,34.041358,215.214723,1082.577449,0,1291.859151,0,0,0,0,0,0,2737.924961
"340",201901,2019,"R-22",0,0,0,0,0,0,12.553185,29.790702,2.157258,61.430483,0,0,0,0,0,2.876344,108.807972
"341",201901,2019,"R-23",0,0,0,0,0,0.080368,21.800021,95.739267,10.548398,1053.835164,0,0,0,0,0,0,1182.003218
"342",201901,2019,"R-24",0,0,0,0,0,0,3077.185627,3726.797049,198.322269,3040.591721,0,0,0,0,0,0,10042.896666
"343",201901,2019,"R-25",0,0,0.662249,0,0,0,35.926986,31.084293,0,24.875712,0,0,0,0,0,0,92.54924
"344",201901,2019,"R-26",0,0,0,0,0,0,4.862579,21.120507,0,19.408034,0,0,0,0,0,3.150106,49.978858
"345",201901,2019,"R-27",0,0,0,0,0,2.604348,90.571207,57.536056,0,70.257294,0,0,0,0,0,0,220.968905
"346",201901,2019,"R-28",0,0,0,0,0,7.907473,46.664635,521.239547,0,948.264186,0,6.00968,0,0,0,2.382785,1558.193952
"347",201901,2019,"R-29",0,0,99.414329,6.873237,0,31.811001,182.566621,1679.26826,28.919092,1389.800038,0,12.795708,0,0,0,0,3431.448286
"348",201901,2019,"R-30",0,0,0,64.695775,0,35.937887,16.17868,1809.587244,0,1354.879192,21.558943,12.124538,0,0,0,0,3343.379144
"349",201901,2019,"R-31",0,0,87.98022,157.301773,0,45.328849,21.315227,565.177739,0,8037.032852,0,0,0,0,0,0,9436.265589
"350",201901,2019,"R-32",0,0,25.200428,34.301184,0,18.916572,45.872146,77.703125,0,29.317438,0,0,0,0.346695,0,0,285.22204
"351",201901,2019,"S-22",0,0,0,0,0,0.040376,17.462541,23.922672,1.615033,51.580107,0,72.979291,0,0,0,2.826307,170.426327
"352",201901,2019,"S-23",0,0,0.490947,0,0,0,39.582597,34.570847,39.766702,2748.975557,0,1.534209,0,0,0,0,2864.920859
"353",201901,2019,"S-24",0,0,0,0,0,0,36.992929,24.661952,13.935006,259.050756,0,0,0,1.203022,0.100252,0,335.943917
"354",201901,2019,"S-25",0,0,0.400076,0,0,0,10.702022,5.301002,1.500283,347.365625,0,0,0,0,0,0,365.269008
"355",201901,2019,"S-26",0,0,0,0,0,0,6.258842,2.507976,0,74.484662,0,0,0,0,0,0,83.25148
"356",201901,2019,"S-27",0,0,0,0,0,0.103522,1.325082,3.436931,0.51761,39.52471,0,0,0,0,0,0,114.474657
"357",201901,2019,"S-28",0,0,41.616228,0,0,12.332222,114.022841,1058.663013,0,1263.189101,0,64.714038,0,0,0,0,2554.537443
"358",201901,2019,"S-29",0,0,7.028145,0,0,19.896579,127.536084,1486.027009,0,777.629593,28.072985,70.043878,0,0,0,0,2541.971142
"359",201901,2019,"S-30",0,0,1.795465,43.936079,0,2.112312,4.224623,375.399994,0,368.070275,0,58.088566,0,0,0,0,853.627314
"360",201901,2019,"S-31",0,0,20.224087,18.706739,0,12.78908,1.517348,362.494546,3.056373,710.205782,24.797809,49.595618,0,0,0,0,1226.797901
"361",201901,2019,"T-25",0,0,0,0,0,0,6.935375,3.843443,0.772983,23.490093,0,18.852195,0,0,0,0,53.894089
"362",201901,2019,"T-26",0,0,15.533388,0,0,0,13.954792,22.81598,33.297859,132.496854,0,379.726091,0,0,0,0,597.824964
"363",201901,2019,"T-27",0,0,0,0,0,0,4.950664,12.347309,0,2.17203,0,0.626171,0,0,0,0,20.096174
"364",201901,2019,"T-28",0,0,0,0,0,2.01463,8.286981,14.143945,0.33231,279.265038,0,0.166155,0,0,0,0,304.209059
"365",201901,2019,"T-29",0,0,2.013267,1.13514,0,4.669065,21.096464,35.167911,0.042835,119.767943,0,31.398392,0,0,0,0,215.291017
"366",201901,2019,"T-30",0,0,0,0.173692,0,1.659723,400.900296,321.716071,0,445.365432,0,14.879609,0,0,0,0,1184.694823
"367",201901,2019,"U-25",0,0,0,0,0,0,5.105673,23.355738,1.738101,414.971728,0,13.68755,0,0,0,0,459.945103
"368",201901,2019,"U-26",0,0,163.001769,0.340919,0,0,3.515724,42.082156,0,652.859373,0,25.973746,0,0,0,0.830989,888.604676
"369",201901,2019,"U-27",0,0,0.666144,0,0,0.31348,0.940438,4.623823,0,65.125362,0,2.155171,0,0,0,0,73.824418
"370",201901,2019,"U-28",0,0,0,0,0,2.62909,39.583429,61.756033,0,183.925977,0,152.413669,0,0,0,0,440.308198
"371",201901,2019,"U-29",0,0,0,2.163167,0,3.569225,3.749489,31.65434,0,125.463675,0,0,0,0,0,0,166.599896
"372",201901,2019,"V-25",0,0,27.026566,7.00002,0,0,310.202858,1213.761688,0,307.328678,0,666.948892,0,0,0,0,2532.268702
"373",201901,2019,"V-26",0,0,19.879868,0,0,0,2.921572,80.529942,0,192.054907,0,1.99897,0,0,0,0,297.385259
"374",201901,2019,"V-27",0,0,4.65242,0.041914,0,0.377224,1.550807,12.616023,0.293396,152.04193,0,5.44878,0,0,0,0,177.022494
"375",201901,2019,"V-28",0,0,13.414095,0.197848,0,1.187088,8.309616,15.887195,4.253732,98.844864,0,7.023604,0,0,0,0,149.118042
"376",201901,2019,"Z-05",0,0,0,0,0,0,0,0,0,37.827265,0,0,0,0,0,0,77.932381
"377",201902,2019,"AA-01",0,0,0,0,0,30.735651,4689.543789,3896.46932,0,1404.823014,0,0,0,0,226.245676,50.272242,10298.089692
"378",201902,2019,"AA-02",0,0,0,0,0,0,1543.627064,8520.332474,0,1767.004778,0,1428.540538,0,0,87.622943,0,13348.473838
"379",201902,2019,"AA-03",28.041148,0,19.631017,2.810754,0,28.041148,3363.255695,791.017094,224.395577,483.361219,0,684.119902,0,0,0,1385.701892,7013.1862
"380",201902,2019,"AA-04",4.71649,0,0,0,0,0.277441,1684.982012,0,0,3660.081508,35.000196,648.271929,0,0,0,16.155578,6049.485154
"381",201902,2019,"AA-05",0,0,2.208409,0.368068,0,37.665642,192.499655,18.526098,19.99837,10301.492002,2.453788,0,0,0,0,0.736136,10575.948168
"382",201902,2019,"AA-06",0,0,0.327826,0,0,0.546377,19.013916,0,2.513334,1310.211885,0,0,0,0,0,0,1332.613338
"383",201902,2019,"AA-07",0,0,1944.281911,0,0,0.896281,653.214388,65.204424,4.43161,2746.851528,11.527166,0,0,0,4.43161,0,5430.838918
"384",201902,2019,"AA-08",0,0,0.846571,0,0.846571,0.846571,478.995475,194.028669,0,9460.297174,17.095277,0,0,0,0,0,10152.956308
"385",201902,2019,"AA-18",0,0,0,0.233376,0,1.120205,533.381116,249.105667,39.090499,4053.206394,26.254813,0,0,0,56.96711,297.694575,5257.170443
"386",201902,2019,"AA-19",0,0,124.740203,0,21.466571,1.643612,623.750824,526.603382,26.57173,536.091507,0,0,0,0,9.21419,227.017707,2097.099726
"387",201902,2019,"AA-21",0,0,0,0,16.449178,10.7091,559.400551,2064.714492,140.760411,6213.248511,9074.80572,0,0,0,28.828897,277.451365,18386.368225
"388",201902,2019,"AA-22",73.33636,0,0.27991,0,0,0.223928,41.314683,213.851066,0.055982,6.60587,89.123272,0,0,222.808179,0,62.923716,712.202425
"389",201902,2019,"AA-23",0,0,1.05538,0,0,0,107.14135,504.674519,0,10.107292,0,0,0,0,0,0,622.978541
"390",201902,2019,"BB-01",0,0,0,0.643946,0,10.303129,864.747343,3141.404961,0,1272.102537,27.355762,12.878911,0,0,527.582216,500.250304,6405.517327
"391",201902,2019,"BB-02",90.473376,0,58.543005,0,0,21.294898,2772.384987,11642.967768,0,3867.742822,308.644282,169.377083,0,0,0,313.962018,19463.561145
"392",201902,2019,"BB-03",0,0,8.027529,0.404749,0,15.043185,1755.960188,6.026268,0,1220.769084,54.146472,826.138445,0,0,0,724.051658,4610.567578
"393",201902,2019,"BB-04",8.684549,0,0.241237,0,0,1.568043,129.906372,5.669081,0,4196.9287,0.96495,436.157327,0,0,0,47.523779,4827.644038
"394",201902,2019,"BB-05",1.21561,0,70.076343,0,0,89.788294,74.342896,0,90.598701,7445.730639,0,26.21904,0,0,0,0,7845.094288
"395",201902,2019,"BB-06",0,0,303.344004,0,0,20.238751,138.895252,8.517833,3.725069,4870.349919,0,4.152147,0,0,0,0,5349.222975
"396",201902,2019,"BB-07",9.802869,0,107.913482,0,0,77.276102,708.182229,98.110613,24.520827,11392.627314,141.035713,0,0,0,0,165.556539,12725.025688
"397",201902,2019,"BB-08",14.236596,0,116.24882,0,0,5.94027,739.952066,468.579495,0,3926.21744,59.302438,0,0,0,0,0,5330.477125
"398",201902,2019,"BB-09",195.379224,0,93.133641,0,0,102.221605,1132.206776,408.910396,81.791671,5979.232493,765.594975,0,0,0,0,0,8758.470781
"399",201902,2019,"BB-10",3.655087,0,133.707638,0,0,96.014558,401.648335,750.023781,607.795221,9623.728933,76.574065,0,0,0,0,0,11693.147618
"400",201902,2019,"BB-18",0,0,0,0,0,0.303006,228.033556,495.955672,0,184.032777,0,0,0,0,1.623246,0,909.948257
"401",201902,2019,"BB-19",35.105766,0,0,0,0,83.376194,2299.648305,3910.223377,473.97687,2149.27207,3072.024186,4586.867404,52.658649,17.552883,0,1733.494284,18458.082195
"402",201902,2019,"BB-20",0,0,74.337964,0,0,48.608245,2518.638296,1206.422616,0,881.685508,27899.937099,0,48.608245,0,0,0,32678.237973
"403",201902,2019,"BB-21",0,0,0,0,0,0,125.141709,85.682824,7.896491,51.409695,126.226004,0,0,24.490909,0,8.697926,4328.97443
"404",201902,2019,"BB-22",6.316613,0,3.158306,0.240633,52.93923,0,54.774055,82.898021,43.133441,2.34617,3269.117747,0.481266,0,442.824624,0,27.823175,3986.263835
"405",201902,2019,"CC-01",0,0,13.950702,0.231654,0,24.400859,962.109379,2159.038413,43.705335,621.57841,21.852668,0,1.389922,0,46576.657356,65.583742,50490.49844
"406",201902,2019,"CC-02",79.867762,0,129.807477,56.508039,0,0.204461,652.385442,4.395921,6.18496,2434.701651,20.369474,1056.810233,14.388976,0,63.510845,1579.132621,6259.204598
"407",201902,2019,"CC-03",168.405059,0,134.728686,1.113268,0,398.52694,2539.991738,412.581957,5.612729,4440.17877,1462.255025,923.780951,1358.396348,0,0,999.158508,12844.729979
"408",201902,2019,"CC-04",6.678267,0,4.84713,0,0.323142,23.783247,68.936947,0.430856,20.57337,4129.64627,1.184854,2.369708,0,0,0,0,4258.881505
"409",201902,2019,"CC-05",16.552798,0,972.118959,0,0,72.088818,1371.496032,13.186979,0,5018.461769,5.224555,177.333467,0,0,0,0,7646.463377
"410",201902,2019,"CC-06",7.388368,0,2.988289,0,0,3.341237,544.433316,0.164709,23.412185,2451.573482,4.753027,0,0,19.694472,0,0,3057.749085
"411",201902,2019,"CC-07",270.468993,0,47.327545,0,0,165.646407,1077.528179,872.27609,27.037841,9173.844489,229.889586,0.792567,0,0,0,0,11864.811697
"412",201902,2019,"CC-08",28.582252,0,38.109669,0,0,21.791994,456.105372,182.468468,152.517636,23751.299033,777.45832,0,0,0,0,0,25408.332744
"413",201902,2019,"CC-09",167.248923,0,133.180139,1.237999,27.878788,29.331057,1110.580465,1421.675365,210.626509,4982.375178,926.118592,0,0,0,0,0,9010.253015
"414",201902,2019,"CC-10",2.364039,0,95.823905,0,0,18.935263,565.487273,558.372204,1469.261619,7972.319354,39.041069,0,0,0,0,0,10721.604726
"415",201902,2019,"CC-18",0,0,0,0.299602,0,2.771319,916.507786,1597.428455,0,670.684264,17.351955,8.888196,0,0,0,2254.480825,5468.412402
"416",201902,2019,"CC-19",0,0,0,0,0,0,55.044836,69.384247,4.856898,151.835861,1.850247,103.382528,0,0,0,0.11564,386.470257
"417",201902,2019,"CC-20",0,0,0,1.036972,536.044232,0,104.145063,1002.234205,0,229.33596,1562.435189,4546.018024,12.702917,276.918871,241.355418,176.568185,8688.795036
"418",201902,2019,"CC-21",82.574647,0,276.988493,0,0,0,525.570354,351.484408,0.857918,117.93995,11829.288915,55.550217,112.697116,37.843735,15.490194,21.495623,13427.78157
"419",201902,2019,"DD-01",0,0,118.400604,0,0,8.238817,237.189831,498.914757,5.052105,388.882508,18.368934,224.235718,0,0,9613.973613,707.70917,11925.428034
"420",201902,2019,"DD-02",18.834096,0,46.676849,0,2.858747,0,240.350936,3.50737,42.737063,6507.156284,59.385059,1175.209179,1.969893,13.356834,33.536223,290.775387,8438.107605
"421",201902,2019,"DD-03",39.267647,0,615.80251,0,0,75.366583,1636.785717,20.182255,0,2637.001677,430.725386,68.736664,158.167451,38.146411,0,1584.916349,7305.09865
"422",201902,2019,"DD-18",0,0,255.299092,0,0,1.95555,701.084752,877.802647,71.676907,1092.554003,0,0,0,0,702.202209,635.314406,4337.889566
"423",201902,2019,"DD-19",0,0,2.918076,0.489896,0,2.129982,565.062967,782.065549,6.304747,3714.859288,9.222823,0,0,0,0,66.987939,5150.041267
"424",201902,2019,"DD-20",7.894134,0,24.771958,0.534499,0,0,308.796335,429.901403,3.535914,536.821697,29.130178,0,0,0,0,0.822306,1342.208424
"425",201902,2019,"EE-01",0,0,278.787877,0,0,18.320152,761.769588,553.658095,5.231094,899.000888,83.765442,22.034002,15.715928,0,7818.243801,331.144109,10787.670976
"426",201902,2019,"EE-02",15.431278,0,4.605272,3.664929,0,1.036789,259.438367,20.446444,0.482227,3693.910468,56.782282,32.381574,0,173.674215,0,180.979961,4448.234753
"427",201902,2019,"EE-18",0,0,327.980008,0,0,2.53716,609.001745,1738.849303,36.830423,1922.127968,21.857015,0,0,0,36.830423,50.639232,4746.653277
"428",201902,2019,"EE-19",0,0,3.318787,0.248345,0,0.474112,1732.790717,329.575886,50.88807,2579.600715,26.640605,0,0,0,0,25.19569,4748.732927
"429",201902,2019,"FF-01",29.438766,0,251.395619,0.462043,0,24.90634,2769.906233,1807.337799,79.273448,1545.689218,208.359575,2487.553706,35.33532,0,0,0,9239.658067
"430",201902,2019,"FF-02",50.453514,0,58.059448,0,0,7.483653,1111.76263,62.877356,7.752673,9275.351558,1160.430828,408.25037,0,3.44835,0,436.106188,12581.976568
"431",201902,2019,"FF-18",0,0,95.386769,0,0,9.33419,90.07013,133.830163,2.14109,126.300261,9.983735,19.96747,0,0,114.488179,0,601.501987
"432",201902,2019,"R-01",0.663509,0,1.327018,0,0,0.044234,7.962108,0,1.437603,1482.500205,0,1.437603,0,1.437603,1.879942,57.282941,1555.972766
"433",201902,2019,"R-02",0,0,2.396308,0,0,0.041675,118.981891,0,1.979559,2653.858797,0,0,0,0.208375,0,0,2777.466605
"434",201902,2019,"R-03",0,0,3.920563,0,0,0,142.733001,0,7.106021,2211.197599,0,0,0,0.49007,0,0,2365.447254
"435",201902,2019,"R-18",0,0,0.294815,0,0,0,458.87986,62.985162,1.179261,3508.30089,0,11.05557,0,0,0,86.528261,4129.223819
"436",201902,2019,"R-19",0,0,0,0.303492,0,0,683.58151,613.428084,0,2484.902014,0,284.34899,0,0,0,0,4066.56409
"437",201902,2019,"R-20",2.690068,0,0,0,0,0,287.733005,861.071982,0,357.945863,0,230.720247,0,0,0,15.097746,1755.258911
"438",201902,2019,"R-21",0,0,0,0,0,0,60.952336,109.364628,0,23.393177,0,0,0,0,0,6.483426,200.193567
"439",201902,2019,"S-01",0.226619,0,0.226619,0,0,0,14.843535,0,0,2311.285751,0,0,0,8.158279,0,100.732083,2435.472886
"440",201902,2019,"S-02",0,0,0,0,0,0,429.156209,0,3.429591,2491.941146,0,0,0,0,0,21.720746,2946.247692
"441",201902,2019,"S-03",0,0,0,0,0,0,18.226855,0,3.738842,1120.484232,0,0,0,0,0,0,1142.449929
"442",201902,2019,"S-18",0.473168,0,0,0,0,0,222.933299,66.480163,6.74265,3389.305372,0,36.315676,0,1.656089,0,69.674049,3793.580466
"443",201902,2019,"S-19",44.212948,0,0,0,0,0,722.769076,572.161606,4.454195,1478.64092,0,94.449182,0,0,0,19.740183,2936.42811
"444",201902,2019,"S-20",3.920295,0,34.502931,0,0,0,709.855023,1598.549152,0,1762.551784,0,136.517246,0,0,0,57.244975,4303.141406
"445",201902,2019,"S-21",1.535138,0,0,0,0,0,406.043991,281.143462,4.200308,49.465557,0,389.8824,0,0,0,69.507636,1201.778492
"446",201902,2019,"T-01",0,0,4.214915,0,0,0.17747,236.65641,33.342199,0,1305.736433,0,0,0,24.246856,4.037445,70.899314,1679.311042
"447",201902,2019,"T-02",0,0,0,0,0,0.119317,256.770043,2.267022,2.267022,1624.619379,0,0,0,9.664672,2.505656,43.789314,1942.002425
"448",201902,2019,"T-03",0,0,0,0,0,0.115819,68.564619,0,8.802215,1931.391185,0,0,0,0,0,0,2008.873838
"449",201902,2019,"T-18",0,0,6.695011,0,0,0,475.167838,221.002089,1.73492,925.068125,0,18.683752,0,0,0,5.516155,1653.86789
"450",201902,2019,"T-19",6.746384,0,10.119576,0,0,0,285.059894,760.503749,0,1509.553748,0,320.453236,0,0,0,45.739476,2938.176063
"451",201902,2019,"T-20",7.936877,0,1.130672,0,0,0,215.382023,106.815295,1.973134,18438.230919,0,6.739695,0,0,0,132.621231,18910.829846
"452",201902,2019,"T-21",0,0,0,0,0,0,885.774438,1047.698293,0,59.696962,0,165.689527,0,0,0,220.690475,2379.549695
"453",201902,2019,"T-22",0,0,0,0,0,0,271.727795,291.902529,0,162.018629,0,69.318315,0,0,0,11.297851,806.265119
"454",201902,2019,"T-23",0,0,0,0,0,0,4.698982,2.187785,3.443384,191.516826,0,0,0,0,0,0,201.846977
"455",201902,2019,"T-24",0,0,0,0,0,0,6.608556,1.876504,0,120.279803,0,0,0,0,0,0,128.764863
"456",201902,2019,"U-01",0,0,4.034242,0,1.386771,0,222.324573,211.986826,14.77121,1196.404986,0,2.941635,0,1.954086,2.37432,21.621017,1679.799666
"457",201902,2019,"U-02",0,0,0,0,0,0.460358,355.972116,50.754511,5.75448,2068.850555,0,0,0,0,0,2.76215,2484.55417
"458",201902,2019,"U-03",0,0,4.544506,0,0,0.04913,85.85432,0,0.491298,1201.714836,0,0,0,1.719543,0,28.372458,1322.746091
"459",201902,2019,"U-18",0,0,7.894108,0,0,0,412.626561,591.464389,13.721235,3465.161565,0,14.183007,0,0,0.835588,176.353052,4682.239505
"460",201902,2019,"U-19",0,0,0,0,0,0,189.294348,1099.699861,0,5468.313696,0,0,0,0,2.252657,53.636955,6813.197517
"461",201902,2019,"U-20",17.822719,0,4.955481,0,6.93342,0,956.641876,1031.909898,143.602623,115.188359,16.844383,690.300698,0,0,0,173.314243,3157.5137
"462",201902,2019,"U-21",6.886097,0,0,0,0,0,523.78059,1272.463296,0,79.922447,0,191.542802,0,0,0,26.56066,2101.155892
"463",201902,2019,"U-22",0,0,0,0,0,0,72.590414,1122.617754,2.92504,818.74324,0,0,0,0,0,0,2016.876448
"464",201902,2019,"U-23",0,0,0.207969,0,0,0,24.02044,9.566582,1.559769,365.297863,0,0,0,0,0,0,400.652623
"465",201902,2019,"U-24",0,0,21.038111,0,0,0,14.952012,23.817923,2.27439,606.082929,0,271.621182,0,0,0,1.51626,941.302807
"466",201902,2019,"V-01",0,0,0,4.851843,0,3.035171,803.079763,112.301341,32.766559,2179.895539,0,22.043763,0,0,0,0,3157.973979
"467",201902,2019,"V-02",1.64828,0,0,0,0,1.346482,536.364312,87.683864,1.996508,2065.225466,0,0,0,0,0,129.37839,2823.643302
"468",201902,2019,"V-03",0,0,0,0,0,0.162704,72.519384,0,0.813519,2872.650848,0,0,0,0,0,5.462197,2951.608652
"469",201902,2019,"V-18",0,0,0,0,0,0,417.574194,814.664421,1.173561,1014.276407,0,0,0,0,0,0,2247.688583
"470",201902,2019,"V-19",0,0,0,0,0,0,120.107118,370.015452,0,137.68934,0,0,0,0,0,3.466624,631.278534
"471",201902,2019,"V-20",0,0,0,0,0,0,138.96766,156.905812,0,124.422068,0,0,0,0,0,3.986256,424.281796
"472",201902,2019,"V-21",1.094092,0,0,0,0,0,204.784526,392.358147,0,296.456794,0,10.099309,0,0,0,1.409695,906.202563
"473",201902,2019,"V-22",200.211035,0,0,0,0,0,1348.56342,2319.97334,0,583.424499,0,59.543885,0,0,0,197.635022,4709.351201
"474",201902,2019,"V-23",12.857747,0,2.888649,0,0,0,198.404589,589.631939,0,89.482967,0,50.82285,0,0,0,7.493113,951.581854
"475",201902,2019,"V-24",22.28832,0,24.14568,0,0,3.71472,728.023206,783.496358,0,331.580034,0,745.936411,0,0,0,0,2639.184729
"476",201902,2019,"W-01",0,0,0,0.615738,154.462315,0.615738,2050.452044,1237.215875,31.798478,2424.359042,0,10.555511,0,0,0,57.549527,5967.624268
"477",201902,2019,"W-02",0,0,0,0,0,0,1990.216058,456.623409,0,4695.051842,0,27.663941,0,0,0,0,7169.55525
"478",201902,2019,"W-03",0,0,10.364133,0.275376,0,0.826127,620.646313,22.655894,2.728721,5265.42994,0,0,0,0,0,0,5922.926504
"479",201902,2019,"W-18",0,0,0,0,0,0,2796.100034,2146.38367,0,1669.547513,0,37.868196,0,0,0,204.686125,6854.585538
"480",201902,2019,"W-19",0,0,0,0.134317,0,0,518.462689,1069.407649,3.17883,95.208196,0,0,0,0,0,33.041923,1719.433604
"481",201902,2019,"W-20",23.548509,0,0,0,0,0,1158.02441,5122.307544,19.262772,154.332594,0,25.138379,0,0,0,34.239808,6536.854016
"482",201902,2019,"W-21",17.244188,0,0,0,0,0,1408.310501,1630.229289,8.622094,159.582523,0,40.896974,0,0,0,50.277981,3316.597052
"483",201902,2019,"W-22",0,0,0,0,0,0,1854.012454,4031.474457,4.99687,278.434269,0,0,0,0,0,66.697347,6235.615397
"484",201902,2019,"W-23",15.183667,0,0,0,0,0,858.606347,4914.210995,0,611.828866,0,585.021544,0,0,0,11.044617,6995.896036
"485",201902,2019,"W-24",0,0,1.702506,0.420619,0,0,220.60466,592.672225,0,255.215595,0,133.957142,0,0,0,0,1204.572747
"486",201902,2019,"W-25",2.313732,0,9.677435,0,0,0.281672,42.572667,568.031243,0,376.574957,0,123.734358,0,0,0,1.307762,1124.493826
"487",201902,2019,"W-26",0.412061,0,0,0,0,0.164824,1.565832,138.164034,0,214.148071,0,97.493619,0,0,0,0,451.948441
"488",201902,2019,"W-27",0,0,12.35656,0,0,0.350817,0.155919,95.656145,0,70.787106,0,13.720848,0,0,0,0,193.027395
"489",201902,2019,"X-01",0,0,0,0,0,1.112327,3491.258579,4011.848592,183.743824,9260.75169,0,17.73427,0,0,0,0,16966.449282
"490",201902,2019,"X-02",9.073436,0,0,1.286183,0,0,2439.959226,464.148351,0,19382.91748,0,70.880374,0,0,0,176.300606,22544.565656
"491",201902,2019,"X-03",0,0,0,0.528056,0,4.224445,1112.238901,96.172109,0,4881.213035,0,18.481943,0,0,0,26.952833,6139.811322
"492",201902,2019,"X-18",0,0,0,0,207.872703,0,2207.931445,2195.900083,0,41.556848,0,0,0,0,0,115.934536,4769.195615
"493",201902,2019,"X-19",0,0,0,0,0,0,2262.640658,10189.980418,93.601906,93.17943,0,0.821481,0,0,0,73.252645,12713.476538
"494",201902,2019,"X-20",22.063081,0,0,0,0,0,1198.713153,2327.452781,0,95.79709,0,0,0,0,0,32.273504,3676.299609
"495",201902,2019,"X-21",16.127991,0,0,0,0,0,643.714487,1805.496129,6.795149,114.091383,0,0,0,7.634056,0,16.127991,2609.987186
"496",201902,2019,"X-22",7.887301,0,0,0,0,0,1310.610127,3557.367258,13.78657,256.153607,0,0.432181,0,0,0,21.673871,5167.910915
"497",201902,2019,"X-23",8.467873,0,39.545614,0,0,0,884.080542,3759.432203,2.815405,843.300481,0,1561.965141,0,0,0,19.772807,7119.380066
"498",201902,2019,"X-24",0,0,35.482748,0,0,0.392508,0,34.422976,0,45.177702,0,3.454073,0,0,0,0,118.930007
"499",201902,2019,"X-25",0.383015,0,6.664468,0,0,0.153206,2.068284,26.696174,0.076604,57.950232,0,3.332234,0,0,0,0,97.324217
"500",201902,2019,"X-26",0.336823,0,24.550621,0,0,0.598796,0.767207,14.857617,0.074849,16.841127,0,18.038718,0,0,0,0,76.103183
"501",201902,2019,"Y-01",0,0,0,1.353048,0,27.230075,2179.970457,2743.26092,15.306346,386.146987,0,18.604399,0,0,0,25.517625,5398.066381
"502",201902,2019,"Y-02",0,0,1.937988,0,0,0,3489.189239,1076.32686,0,10886.150543,0,46.534241,0,0,0,15.458833,15515.597704
"503",201902,2019,"Y-03",32.340315,0,0,2.48421,0,2.48421,3381.876168,253.845261,0,3914.56833,0,302.435501,0,0,0,492.716888,8382.750883
"504",201902,2019,"Y-04",0,0,0,0,0,5.005626,615.112643,29.94106,12.120104,4436.351913,12.838504,7.879226,0,0,0,17.102555,5136.351631
"505",201902,2019,"Y-18",0,0,0,0,807.368779,8.067566,8097.890492,3984.328196,0,243.120148,0,0,0,0,0,60.561404,13237.673427
"506",201902,2019,"Y-20",1.535761,0,0,0,0,0,171.390903,172.454123,0,35.038973,0,4.583655,0,9.190938,4.749045,9.190938,408.134336
"507",201902,2019,"Y-21",0,0,0,0.956824,0,0,67.254087,410.838901,2.70037,66.871356,0,29.363861,3.55088,93.386008,2.211326,19.944462,697.120601
"508",201902,2019,"Y-22",14.616332,0,0,7.968671,0,0.532665,88.997694,1321.414417,0,335.749502,0,51.157162,0,0,11.292501,2.663326,1834.39227
"509",201902,2019,"Y-23",0.320693,0,2.806066,0.200433,0,1.002166,33.752963,58.205822,0.200433,46.380259,0,10.743223,0,0,0,0,153.612058
"510",201902,2019,"Y-24",0,0,2.845702,0.721446,0,0.821646,6.49301,93.908164,0.02004,9.338712,0,4.048111,0.601205,0,0,0,118.798036
"511",201902,2019,"Y-25",0,0,1.759415,0,0,0.016598,2.390149,9.427809,0.033197,0,0,0.265572,0,0,0,0,13.89274
"512",201902,2019,"ZZ-01",0,0,0,0,306.352433,3.276823,1223.25232,2893.536587,0,189.587624,0,0,0,0,18.541527,0,4634.547314
"513",201902,2019,"ZZ-02",38.974726,0,32.960745,0,0,20.984406,3344.934896,854.191781,0,1504.269565,104.896217,1223.445048,0,0,38.948915,470.561744,7682.125024
"514",201902,2019,"ZZ-03",0,0,0,0,0,0,2621.136166,548.288028,0,825.330221,0,20.346395,0,0,0,213.305927,4228.406737
"515",201902,2019,"ZZ-04",17.277899,0,1.196162,0,0,25.18586,1203.915136,344.140305,1.196162,5434.009967,8.395287,73.541826,0,0,0,65.943981,7174.802585
"516",201902,2019,"ZZ-05",0,0,0,0,0,24.915893,0,0,1.0833,1860.675528,0,0,0,0,0,0,1889.92462
"517",201902,2019,"ZZ-21",7.575311,0,1.683402,0,2.356763,1.262552,18.938278,34.34141,0,103.192573,6.396929,27.523631,14.645602,275.909668,7.238631,91.829606,595.67197
"518",201902,2019,"ZZ-22",0,0,20.143899,0.129961,0,0,225.936569,1688.188689,2.902454,507.496292,0,0,0,0,0,0,2444.797864
"519",201902,2019,"ZZ-23",0,0,55.446969,0,0,0.099439,141.759681,289.923211,21.518515,914.039697,0,5.111144,0,0,0,7.776099,1435.674755
"520",201902,2019,"ZZ-24",0,0,25.901315,0.500025,0,4.72024,14.600741,77.003908,2.000102,125.10635,0,0.020001,0,0,0,0,249.872683
"521",202101,2021,"A-02",0,0,280.790746,0,0,224.632597,0,385.067049,0,0.20303,0,0,0,0,0,0,890.693422
"522",202101,2021,"A-03",0,0,481.643041,0,0,165.256883,4.153998,18.422079,0,0,0,0,0,0,0,0,669.476001
"523",202101,2021,"A-04",0,0,395.76888,0.39006,0,0,9.964255,172.034112,0,0,0,0,0,0,0,0,578.157307
"524",202101,2021,"A-05",0,43.400509,10.07967,0,0,0,381.196887,857.629277,0,6.928325,0,1137.148945,0,4.495301,0,0,2528.467768
"525",202101,2021,"A-06",0,0,0,0,0,0,0,0,0,861.518568,568.914751,0,0,0,0,0,1432.69622
"526",202101,2021,"AZ0504",0,0,0,0,0,1.760232,296.403475,185.508872,0,32.54473,2077.855834,5.300253,3.716045,47.702281,0,0,2721.885528
"527",202101,2021,"B-01",0,0,302.519146,0,0,29.443944,102.59345,859.830816,0,9.376215,0,0,0,0,0,0,1303.763571
"528",202101,2021,"B-02",0,0,330.781096,0,0,152.178068,79.333519,60.550687,0,0,0,0,0,0,0,0,622.84337
"529",202101,2021,"B-03",0,0,452.720583,0,0,105.38821,17.483851,3.941446,0,0,0,0,0,0,0,0,579.53409
"530",202101,2021,"B-04",0,0,585.070554,0,0,32.444772,54.910702,63.644444,0,0,0,0,0,0,0,0,736.070472
"531",202101,2021,"B-05",0,1.146951,107.14438,0,0,0,163.784664,188.826437,152.162223,2.54241,0,117.75368,0,0,0,0,733.360745
"532",202101,2021,"B-06",0,0,9.061548,0,0,0,4.025061,136.914006,4142.716864,10.072973,0,1802.195363,0,83.060751,0,0,6190.069417
"533",202101,2021,"B-07",0,0,534.875204,0,0,0,30.47206,0,0,1366.852993,10.295147,0,0,1.141718,0,0,1943.637122
"534",202101,2021,"B-08",0,0,1155.282622,0,0,0,1788.207327,272.550434,0,3483.526689,0,0,0,0,0,0,6699.567072
"535",202101,2021,"C-01",0,0,339.462744,0,0,44.781915,6.33168,28.345314,0,0,0,0,0,0,0,0,418.921653
"536",202101,2021,"C-02",0,0,347.28298,0,0,27.831708,20.873781,2.568491,0,9.526418,0,0,0,0,0,0,408.083378
"537",202101,2021,"C-03",0,0,461.486481,0,0,3.178606,74.16747,69.222972,0,12.734044,0,0,0,0.804462,0,0,621.594035
"538",202101,2021,"C-04",0,0,352.945825,0,0,4.309677,58.339232,52.369116,0,0,0,0,0,0,0,0,467.96385
"539",202101,2021,"C-05",0,0,60.288668,0,0,0.358861,616.682895,1075.008354,1484.488826,0.199367,0,9.170895,5.582284,2.711395,16.308244,0,3270.899473
"540",202101,2021,"C-06",0,20.984759,397.89507,0,0,0,2224.920916,2473.498052,302.755578,0,16.521743,134.040687,0,693.91321,0,0,6264.530015
"541",202101,2021,"C-07",0,15.068063,0,16.546515,0,0,1982.705915,3597.722745,323.03172,75.664358,0,43.340933,0,102.863831,0,0,6459.317972
"542",202101,2021,"C-08",0,0,34.577534,0,0,0,43.587761,578.807842,27.218833,83.433456,0,0,0,0,0,4.515567,772.140993
"543",202101,2021,"C-09",0,0,158.360371,0,0,0,87.377591,122.19354,29.453351,6017.878327,8.69887,0,0,0.675442,0,0,6424.637492
"544",202101,2021,"C-18",0,579.719924,77.957075,0,0,0,31.165394,763.334223,17.653125,0.980729,134.316312,213.581025,0,0,0,0,1818.947541
"545",202101,2021,"D-01",0,0,196.199986,0,0,8.204008,66.36591,55.18889,0,6.002474,0,0,9.295367,0,0,0,343.985032
"546",202101,2021,"D-02",0,0,363.37777,0,0,0.618498,11.751469,35.852954,0,34.615957,0,0.618498,0,0,0,0,446.835146
"547",202101,2021,"D-03",0,0,341.357974,0,0,0.143583,49.474548,100.015712,0,41.598003,0,0,0,0,0,0,532.58982
"548",202101,2021,"D-04",0,0,444.025001,0,0,0,519.534841,910.867739,14.229582,0,0,0,0,0,6.668905,0,1895.326068
"549",202101,2021,"D-05",0,0.564891,185.980914,0,0,0,2567.730419,1557.837296,564.514307,4.556787,0,0,0,233.977811,0,0,5115.162425
"550",202101,2021,"D-06",0,0,0,2.726576,0,0,1845.694518,2247.568141,230.968666,0,0,0,0,723.826953,0,0,5050.784854
"551",202101,2021,"D-07",0,0,54.269643,0,0,0,2277.94017,1075.979969,242.246521,77.67142,0,120.681717,0,1252.055257,12.624114,0,5113.468811
"552",202101,2021,"D-08",0,1.364241,37.665829,0,0,0,432.76268,1058.714612,94.85735,89.44302,0,23.533149,95.710001,0,0,0,1836.800679
"553",202101,2021,"D-09",0,0,45.756421,0,0,0,3.119756,16.638698,8.886578,4160.430936,0,0,22.121906,0,0,1.418071,4258.372366
"554",202101,2021,"D-10",0,0,85.456302,0,17.095445,0,9.437021,11.466712,58.923836,3764.262221,0,0,0,0,0,0,3946.641537
"555",202101,2021,"D-18",0,9.247571,1.623964,0,0,0.270661,206.468933,123.128021,11.051975,36.381296,123.128021,8.79647,0,0,0,0,520.548013
"556",202101,2021,"E-01",0,0,700.317489,0,0,19.543362,267.263687,178.825868,0,6.52814,0,0,0,0,0,0,1175.270455
"557",202101,2021,"E-02",0,0,419.090142,0,0,0,529.667963,739.223121,0,13.355687,0,0,0,0,0,0,1701.336913
"558",202101,2021,"E-03",0,0,358.643084,0,0,0,1013.439888,1005.195965,0,157.629856,0,60.152505,0,0,0,0,2595.061298
"559",202101,2021,"E-04",0,0,0,0,0,0,4362.675126,1361.733162,0,0,0,0,0,0,0,0,5724.408288
"560",202101,2021,"E-05",0,0,18.649547,0,0,0,4784.268072,3429.737467,17.477409,2877.116441,0,672.262787,43.829575,0,0,0,11843.341298
"561",202101,2021,"E-06",0,0,0,0,0,15.745674,2740.4437,853.516135,7.776119,221.870865,0,1942.8692,0,0,0,0,5782.221693
"562",202101,2021,"E-07",0,0,0,0,0,12.676949,1625.169225,1060.332042,0,444.376869,0,1000.87344,310.49735,1127.935925,0,0,5581.8618
"563",202101,2021,"E-08",0,0,365.444593,0,0,0,1126.42799,807.896187,0,147.970152,0,176.31373,80.445744,0,0,0,2704.498396
"564",202101,2021,"E-09",0,0,33.197201,0,0,0,11.814298,204.846261,4.003192,2219.916384,0,0,62.098294,0,0,0.390555,2536.266185
"565",202101,2021,"E-10",0,0,13.079974,0,0,0,39.471426,143.320247,2.835924,608.218796,0,0,1465.998868,1.311856,0,2.179996,2281.433006
"566",202101,2021,"E-11",0,0,1883.816138,0,0,0,12.255595,0,29.880699,8691.553313,0,0,0,0,0,76.648705,10694.15445
"567",202101,2021,"E-12",0,0,2209.977186,0,0,0,170.780482,117.542433,9.65634,5810.574068,0,180.928183,0,0,0,1.602269,8501.060961
"568",202101,2021,"E-18",0,3.197495,15.287072,0,0,48.662832,93.153692,13.886266,0,56.671796,3807.455487,0.548142,0,400.417757,0,0,4441.564464
"569",202101,2021,"E-19",0,0,1.094905,0,0,0,379.721611,158.36122,5.474527,101.005022,237.910307,0,0,68.600034,0,0,952.167626
"570",202101,2021,"E-20",0,0,0,0,0,22.677926,684.507103,210.803405,16.014824,84.360328,539.048857,0,0,36.043096,0,0,1593.455539
"571",202101,2021,"E-21",0,0,1019.663841,10.455041,0,0.959178,641.881966,446.631678,0,3.357124,7.788526,0,10.455041,0,0,0,2141.192395
"572",202101,2021,"E-22",0,75.440964,44.642191,0,0,0,273.398052,1445.07166,13.956578,3.394843,0,96.470132,0,0,0,0,1952.37442
"573",202101,2021,"F-01",0,0,51.387736,2.057979,0,0.514495,2542.591934,7.202927,0,382.989898,0,199.377009,0,0,0,0,3186.121978
"574",202101,2021,"F-02",0,0,11.070879,0,0,0,3139.991083,715.613363,1.862391,340.610605,0,547.874021,0,0,3.414383,0,4760.436725
"575",202101,2021,"F-03",0,0,0,7.491262,0,0,4283.359375,772.634768,0,637.00469,13.61025,3240.071852,0,0,0,0,8954.172197
"576",202101,2021,"F-04",0,0,0,0,0,0,5162.292437,3162.348881,0,593.892942,0,3395.208941,0,0,0,0,12313.743201
"577",202101,2021,"F-05",0,0,130.642601,17.41493,0,26.132603,5077.830242,4485.559286,0,1642.229961,0,1602.990223,0,0,0,0,12982.799846
"578",202101,2021,"F-06",11.342857,0,0,0,0,0,2160.653452,4262.941578,48.652065,10344.042363,0,951.899425,0,0,0,0,17779.53174
"579",202101,2021,"F-07",0,0,97.855132,3.645545,0,1.822772,648.96636,2597.708024,0,1507.749655,0,950.219099,0,0,0,0,5807.966587
"580",202101,2021,"F-08",0,0,0,0,0,0,567.317474,1084.998949,0,234.172435,0,1359.269403,26.304301,14.456673,0,0,3286.519235
"581",202101,2021,"F-09",0,0,0,0,0,0,83.612852,307.894423,16.31619,1490.19844,0,15.03609,38.057563,0,0,475.790656,2428.613013
"582",202101,2021,"F-10",0,0,0,0,0,0,29.569803,42.091936,0,3634.867132,0,0,44.838017,402.355848,0.724965,209.251404,4363.699105
"583",202101,2021,"F-11",0,0,112.669618,0,0,0,142.101681,18.931562,0,1568.483717,0,25.139888,50.739651,101.70924,3.8323,36.253558,2059.861215
"584",202101,2021,"F-12",0,0,574.188185,0,0,0,0,0,0,6578.130782,0,90.579283,227.165789,0,0,0,7470.064039
"585",202101,2021,"F-13",0,0,1741.27394,0,0,0,609.606558,353.221232,34.141862,7901.124231,0,6086.755933,130.841433,0,0,0,16856.965189
"586",202101,2021,"F-14",0,0,17.857631,0,0,0.51301,3.56664,0,0,4992.441654,0,0,0,0,7.133281,0,5021.512216
"587",202101,2021,"F-18",0,2.713571,12.417301,0,0,0,1446.984637,196.527671,11.83117,244.698984,4.667342,0.217086,0,1.563017,0,0,1921.620779
"588",202101,2021,"F-19",0,0,8.833033,0,0,0,1217.31526,225.345062,0,95.088632,0,18.385035,0,0,0,0,1564.967022
"589",202101,2021,"F-20",0,30.669659,1090.945595,0,0,0.671752,690.938508,1267.46932,22.482686,578.210192,201.021667,0,2901.169217,0,4.765237,0,6788.78467
"590",202101,2021,"F-21",0,91.862526,156.395702,6.942054,0,0.997422,1742.734855,1102.769233,0,120.568319,0,54.658702,0,0,0,0,3277.447472
"591",202101,2021,"F-22",0,26.020941,124.95549,0.95288,0,0,1007.505173,628.588967,3.481675,9.620418,0,3.848167,0,15.374345,0,0,1820.348056
"592",202101,2021,"F-23",0,49.550977,7.889037,0,0,0,234.193565,315.518018,4.346577,9.7146,0,5197.41935,0,0,0,0,5818.632124
"593",202101,2021,"F-24",0,0,4.906125,0.721489,0,1.62335,47.546125,415.758041,0,0.577191,61.254417,13208.010692,0,3.896041,0,0,13764.242642
"594",202101,2021,"F-25",0,115.714501,6.367112,0,0,12.734225,69.688821,1865.214484,0,84.422473,120.043361,12589.79982,0,34.708527,0,0,15462.221585
"595",202101,2021,"G-01",0,0,0,0,0,3.968891,1402.015781,5.963726,59.574917,1381.776517,0,4258.910471,0,0,0,0,7112.210303
"596",202101,2021,"G-02",29.308887,0,0,0,0,0,5610.506167,12803.075916,0,1423.512548,0,3991.053212,0,0,0,0,25175.854462
"597",202101,2021,"G-03",0,0,23.310197,0,0,0,2440.329917,2008.890141,0,851.849025,0,1665.461707,0,0,0,186.502748,7176.343735
"598",202101,2021,"G-04",0,0,0,2.193769,0,0,782.936226,3335.665709,8.735189,2695.50396,0,1846.295965,0,0,0,71.377267,8742.708085
"599",202101,2021,"G-05",0,0,0,0,0,0,2274.737165,3688.884917,0,3448.07286,17.575327,1547.445217,5.027661,0,0,694.504724,11676.247871
"600",202101,2021,"G-06",0,0,0,12.288199,0,0.569507,515.250116,2186.35762,12.288199,2491.854084,97.188486,1252.257326,0,0,0,751.858191,7319.911728
"601",202101,2021,"G-07",4.142229,0,86.111395,0.213517,0,0,263.052912,936.186524,0,4853.881367,0,945.666677,0,7.259577,2.071115,12.042357,7110.62767
"602",202101,2021,"G-08",0,0,83.718622,0,0,0,232.565529,1767.86238,0,1454.310883,0,900.120102,0,0,0,3.602137,4447.562156
"603",202101,2021,"G-09",0,0,0,0,0,0,34.62235,58.934221,10.170065,5372.361776,0,65.814561,0,0,0,239.949338,5781.852311
"604",202101,2021,"G-10",0,0,0,0,0,0,8.156377,0,1.246113,2587.157341,0,0,0,5.369615,0,49.980463,2651.909909
"605",202101,2021,"G-11",0.787091,0,4.416456,0,0,0,14.430004,0,3.891728,4638.590383,0,121.080852,49.236923,0,5.334729,88.41657,4926.184736
"606",202101,2021,"G-12",0,0,60.769604,0,0,0,402.130227,52.867926,53.295594,8352.96941,0,148.461934,34.559657,0,0,469.172297,9574.226649
"607",202101,2021,"G-13",0,0,927.78159,0,0,0,74.556568,11.794746,32.56469,9401.919005,0,0,127.439215,0,0,65.150904,10641.206718
"608",202101,2021,"G-14",0,0,210.030543,0,0,0,207.227234,322.791158,0,950.393642,0,115.85392,633.789093,0,0,49.565371,2489.650961
"609",202101,2021,"G-15",0,0,24.974177,0,0,0,84.079729,0,0,8870.51836,2.045504,0,0,0,28.018648,0,9009.636418
"610",202101,2021,"G-18",0,0,0,0,0,0,459.532867,28.261282,0,394.333206,0,817.678386,0,6.270472,0,0,1959.54459
"611",202101,2021,"G-19",0,0,7.887605,0,0,0,195.327768,36.370622,0,380.357831,0,21.471813,0,0,0,4.601103,646.016742
"612",202101,2021,"G-20",0,0,220.703218,0,0,0.455152,1665.173692,846.173134,0,5773.262104,0,0,36.457677,0,0,21.119054,8563.344031
"613",202101,2021,"G-21",0,0,1670.621446,0,0,1.382714,767.363274,986.782763,38.975262,1881.658229,0,4.796291,702.224463,0,0,55.697464,6109.501906
"614",202101,2021,"G-22",0,2.08064,264.830528,0,0,0,6568.213222,1947.019017,0,25.07816,0,6.407636,20.935292,0,0,0,8834.564495
"615",202101,2021,"G-23",0,0,94.546457,0,0,0,1075.054002,317.515616,0,32.361539,0,161.623473,0,0,0,0,1681.101087
"616",202101,2021,"G-24",0,49.643333,14.648852,0,0,1.159701,225.042994,534.723803,0,23.96715,0,13808.984825,0,0,0,0,14708.871964
"617",202101,2021,"G-25",0,54.14888,5.709111,0.292275,0,3.370909,155.763277,477.831227,31.760588,1.169101,12.158654,8764.948033,0,15.217803,0,0,9594.854145
"618",202101,2021,"G-26",0,0,19.916632,0,0,3.517335,289.496865,1470.78387,0,11.649773,64.454611,130.835915,0,0,0,0,2772.534011
"619",202101,2021,"GF1918",0,0,0,0,0,0,1227.789293,205.403848,0,247.689819,0,0,0,0,0,0,1681.818031
"620",202101,2021,"GF2019",0,0,4671.575316,0,0,0,1876.904244,3410.740706,0,2294.505095,0,208.34931,0,0,8.978297,0,12471.052968
"621",202101,2021,"GF2120",0,0,231.474265,0,0,0,735.379299,432.274908,0,635.08837,0,3.01923,0,0,0,0,2037.236072
"622",202101,2021,"GF2221",0,39.259318,173.438429,0,0,0,4873.232833,802.890406,0,11.247057,0,43.55121,0,0,0,0,5943.619253
"623",202101,2021,"H-01",0,0,0,2.920918,0,0,2797.879495,2675.942423,0,2485.049227,0,5687.408394,0,0,318.424948,0,13967.625405
"624",202101,2021,"H-02",0,0,0,0,0,0,2496.487631,2230.773475,0,2355.719053,0,2115.344138,0,0,0,2631.66766,11873.982137
"625",202101,2021,"H-03",0,0,0,24.808799,0,0,7725.902255,6484.103238,0,3631.183503,0,1108.264562,0,0,0,2795.447169,21769.709526
"626",202101,2021,"H-04",0,0,0,69.513045,0,0,1747.061104,3019.6074,172.28872,3647.982764,0,4780.792587,9.067827,0,0,2454.351637,15900.665084
"627",202101,2021,"H-05",0,0,0,66.829469,0,0,2880.719311,2483.247832,0,3981.45584,0,585.701597,0,0,0,513.541534,10511.495583
"628",202101,2021,"H-06",0,0,0,0,0,0,2336.618638,10055.080669,0,743.984893,0,1179.026016,0,0,39.73276,1035.134108,15389.577084
"629",202101,2021,"H-07",0,0,8.002107,0,0,0,531.544683,690.583956,0,2253.439402,0,276.39655,0,10.509295,0,52.525582,3823.001575
"630",202101,2021,"H-08",0,0,14.649683,0,0,0,95.190767,211.444474,5.469501,1862.547408,0,608.616043,0,0,0,107.502506,2905.420382
"631",202101,2021,"H-09",1.699172,0,0,0,0,2.251915,407.248545,189.734053,0,1782.288158,0,2140.956761,0,14.350838,0,59.389133,4597.918575
"632",202101,2021,"H-10",0,0,0,0,0,0,44.842933,242.110276,0,3464.266694,0,0,0,0,0,0,3751.219903
"633",202101,2021,"H-11",0,0,12.742948,0,0,0,25.579941,43.942012,0.423198,4505.172979,0,2061.207155,0,0.705329,5.407524,299.177154,6954.35824
"634",202101,2021,"H-12",2.215258,0,66.496597,0,0,10.33787,71.043705,245.310649,60.220034,2191.628347,0,780.295399,33.248299,0,0,373.173772,3833.96993
"635",202101,2021,"H-13",0.615131,0,0,0,0,0.902191,292.35104,91.572433,22.43176,4962.135025,0,714.576642,0,0,0,137.379154,6221.963376
"636",202101,2021,"H-14",0,0,125.037454,0,0,0.101475,32.674939,13.983251,20.315288,4001.543556,0,226.390652,86.882867,0,0,58.043681,4564.973163
"637",202101,2021,"H-15",0,0,28.188708,0,0,0.184844,4.944576,4.390045,0,4678.747962,0,0,0,0,1.340119,27.241383,4745.037637
"638",202101,2021,"H-16",0,0,0,0,0,0.209107,27.602093,0,0,1867.114322,0,0,0,0,0,0,1894.925522
"639",202101,2021,"H-18",0,0,1367.41977,4.536485,0,0,795.343898,0,0,2090.38507,0,2498.098837,0,0,0,2087.46713,8843.25119
"640",202101,2021,"H-19",0,0,11.336951,0,0,0,850.224927,661.762613,8.508509,4146.588208,7004.844425,11702.167319,0,0,0,358.516572,24898.354618
"641",202101,2021,"H-20",0,0,24.28938,0.092531,0,0.185062,12.121557,0,0,7781.738874,0,15.175079,30.974742,0,0,1.526761,7866.103986
"642",202101,2021,"H-21",0,0,11.88848,0,74.538119,0,106.634604,0,0,9790.826651,0,0,81.796603,0,0,0,10307.794684
"643",202101,2021,"H-22",0,0,523.90599,0,0,0,2213.374695,2130.116221,0,370.451755,0,0.46586,0,0,0,0,5445.528983
"644",202101,2021,"H-23",0,0,113.126015,0,0,0,776.660516,746.301898,0,35.199928,0,52.007101,0,0,0,0,1723.612574
"645",202101,2021,"H-24",0,0,3.214081,0,0,0,83.462421,56.505614,0,1.969921,3.732481,2489.564813,0,0,0,0,2638.449331
"646",202101,2021,"H-25",0,0,37.021999,0,0,0.7248,674.42599,935.144021,0,802.581995,62.809604,2168.867311,0,0,0,0,4681.93812
"647",202101,2021,"H-26",0,87.742918,11.816381,0,0,0,157.566989,199.918547,0,0,0,14465.925041,0,0,0,0,14923.426989
"648",202101,2021,"HG1918",0,0,15.510857,0,0,0,731.938898,0,0,620.976614,14.317714,222.55368,0,0,0,20.305122,1625.602885
"649",202101,2021,"HG2019",26.689365,0,2697.682217,0,0,1.487604,3348.92459,330.554344,0,683.422746,0,61.779316,55.347617,0,0,0,7205.887799
"650",202101,2021,"HG2120",0,0,4.934186,0,0,0,96.216632,0,7.262938,19469.261403,0,0,133.361371,0,0,0,19711.03653
"651",202101,2021,"HG2221",0,0,0,0,0,0,212.655882,256.698426,146.198258,20996.671074,0,0,0,0,0,0,21903.428091
"652",202101,2021,"I-01",7.144959,0,0,0,0,121.578071,6615.412586,10176.514612,0,2100.868158,0,4698.401964,0,0,35.747548,3604.313097,29884.449634
"653",202101,2021,"I-02",0,0,0,27.769012,0,0,5361.518772,2054.668807,74.043484,609.576348,0,5149.690774,0,0,9.263552,1619.671455,14906.202204
"654",202101,2021,"I-03",0,0,0,22.42218,0,0,2054.574131,3005.578668,0,1483.333221,0,2007.159893,0,0,0,233.280619,8806.348712
"655",202101,2021,"I-04",0,0,0,63.553602,0,0,3062.694259,5343.434698,0,5183.829681,0,2484.567562,0,0,0,545.816974,16683.896776
"656",202101,2021,"I-05",0,0,0,11.331959,0,0,3501.767722,1970.306931,0,1853.630518,0,1346.493287,0,18.879471,0,18.879471,8721.289359
"657",202101,2021,"I-06",11.38188,0,0,0.409575,0,3.255045,1601.934919,457.495522,1.616744,6348.351271,0,638.829563,0,0,0,952.370174,10015.644693
"658",202101,2021,"I-07",16.378379,0,184.971857,0,0,0,650.558521,565.869803,0,1855.71479,0,329.029549,0,7.500577,0,237.878468,3847.901944
"659",202101,2021,"I-08",0.681457,0,17.490722,0,0,0,234.813458,159.564119,4.253942,1586.761601,0,1044.074265,0,1.569415,0,26.659411,3075.86839
"660",202101,2021,"I-09",0,0,8.398715,0,0,0,89.886247,73.188802,11.198286,4005.787115,0,109.983173,0,0,0,41.893591,4340.335929
"661",202101,2021,"I-10",0,0,0,0,0,0,5.898072,32.585167,31.172321,9009.249433,0,100.626048,0,0,0,0,9179.531041
"662",202101,2021,"I-11",0,0,0,0,0,0,15.452468,25.279596,5.028367,2242.536618,0,821.575375,0,3.398165,0.551054,6.727449,3120.549092
"663",202101,2021,"I-12",0,0,0,0,0,0.72667,238.630436,291.071806,0,3539.853019,0,1116.912362,53.006558,0,0,79.449281,5319.650132
"664",202101,2021,"I-13",1.42457,0,4.462258,0.209496,0,0.083798,27.821024,92.19904,12.988731,2662.773623,0,38.987142,0,60.523296,0,10.558581,2912.031559
"665",202101,2021,"I-14",0,0,30.381749,0,0,1.992246,119.166618,45.735035,0,0,0,0,0,0,0,0,197.275648
"666",202101,2021,"I-15",0,0,3.369122,0,0,0,1.468592,0,11.619153,2876.49612,0,0,16.71603,0,2.202888,2.375663,2914.247568
"667",202101,2021,"I-16",0,0,0,0,0,0,0.703091,0,0,2671.998309,1.155079,0,0,0,0,0,2673.856479
"668",202101,2021,"I-18",0,0,0,43.320048,0,0,5338.757237,4550.106055,3.463757,7138.617505,0,2638.089351,0,0,0,2695.379884,22407.733837
"669",202101,2021,"I-19",6.268761,0,294.701664,0,0,0,1081.675823,28.221075,0,2560.637267,0,641.674073,0,0,3.146032,5950.708478,10567.033173
"670",202101,2021,"I-20",0,0,4117.002951,9.552476,0,0,3426.384078,0,0,2737.414555,0,3292.741034,0,0,0,965.441567,14548.536661
"671",202101,2021,"I-21",44.676129,0,1865.019366,0,17.107837,0,1408.001533,781.37346,16.169863,3741.294426,0,2305.806164,0,0,0,0,10179.448778
"672",202101,2021,"I-22",0,0,2933.536134,0,0,0,4900.353225,7600.502136,33.341032,493.413096,0,173.768294,0,0,0,0,16259.468114
"673",202101,2021,"I-23",0,0,206.792931,2.407727,0,0,1698.479069,4871.500542,0,185.793212,0,2696.1649,0,0,0,0,9661.138381
"674",202101,2021,"I-24",0,0,0,0.584115,0,0,440.923068,191.360113,33.148503,33.899507,2.294736,718.460942,0,0,0,0,1420.670984
"675",202101,2021,"I-25",0,0,18.528266,0,0,1.545519,119.094883,477.799256,0,246.240847,0,120.874028,0,0,0,0,984.082799
"676",202101,2021,"I-26",0,3.312792,28.578351,0,0,1.855163,340.731681,574.261418,0,30.035979,50.972823,60.955369,3.97535,0,0,0,1096.777027
"677",202101,2021,"IH1918",0,0,458.728105,0,0,0,996.105575,1.915357,0,5551.543813,0,2750.884231,0,0,0,6832.989762,16592.166843
"678",202101,2021,"IH2019",0,0,253.43907,2.532046,0,0.351673,2147.19863,0,0,2838.376912,76.969516,587.129938,32.822821,0,0,1927.379508,7866.200114
"679",202101,2021,"IH2120",0,0,828.809811,0,0,2.599365,1327.06704,42.912324,0,728.506244,0,98.388245,0,0,0.433228,214.56162,3243.277877
"680",202101,2021,"IH2221",0,0,0,0,0,0,4263.981109,1135.479146,0,1128.34152,0,11.107546,0,0,0,0,6538.909321
"681",202101,2021,"J-01",0,0,0,55.496108,0,0,5242.246041,2767.258433,0,2051.816232,0,2793.694446,0,0,0,2043.987356,14954.498616
"682",202101,2021,"J-02",0,0,0,15.194186,0,0,3989.138327,2328.763738,0,2312.639295,0,1051.477548,0,0,28.239923,755.966132,10481.419149
"683",202101,2021,"J-03",125.233365,0,0,25.055018,9.116605,0,1538.766121,1741.813988,0,422.597415,0,2068.405414,0,0,4.547872,366.583491,6302.119289
"684",202101,2021,"J-04",27.450543,0,0,0,0,0,1457.473919,633.532571,0,5000.227077,0,272.559055,0,73.917354,0,105.596219,7570.756738
"685",202101,2021,"J-05",59.620148,0,268.290666,0,0,7.452519,3380.23993,4307.511203,14.905037,7500.637301,0,1062.484429,0,111.787778,0,804.871998,17517.801009
"686",202101,2021,"J-06",0,0,19.447857,0,0,5.83214,1247.10217,604.524561,0,2929.508148,0,18.095156,0,0,0,14.591437,4839.101469
"687",202101,2021,"J-07",2.359993,0,217.162619,0,0,0,262.760274,112.132124,10.782351,1452.456347,0,46.50701,0,0,0,15.242521,2119.403239
"688",202101,2021,"J-08",0,0,32.920344,0,0,0,41.641485,16.126254,11.412124,5331.210089,36.279162,21.488578,0,0,0,0,5491.078036
"689",202101,2021,"J-09",0,0,0,0,0,0,30.928541,75.56427,16.561234,3244.953425,0,0,0,0,0,0,3368.00747
"690",202101,2021,"J-10",0,0,0,0,0,0,55.405576,66.67061,1.264443,3347.554328,0,4.483024,0,0,0,0.689696,3476.067677
"691",202101,2021,"J-11",0,0,46.824918,0,67.845032,0,292.911227,254.540809,24.295071,5056.580109,27.593255,64.128769,358.294235,119.315278,0,49.217262,6361.545965
"692",202101,2021,"J-12",0,0,0,0,0,0.838074,21.47809,114.9721,16.741996,1644.184836,0,0,0,0,0,2.514223,1800.729319
"693",202101,2021,"J-13",0,0,1.954315,0,0,0.740582,29.541006,39.806301,13.18648,5876.088849,0,0,0,0,0,3.414907,5964.73244
"694",202101,2021,"J-14",0,0,0,0,0,1.932579,6.646185,2.592484,0,5409.806385,0,0,6.269097,0,6.693321,17.958841,5451.898892
"695",202101,2021,"J-15",0,0,0.117442,0,0,0,0,0,0,682.807705,0,0,0,0,0,0,682.925147
"696",202101,2021,"J-16",0,0,2.656085,0,9.272998,0,4.799591,1.444537,31.080852,623.900346,1.211547,0,8.480832,0,0,0,682.846788
"697",202101,2021,"J-18",77.778258,0,0,58.345689,0,0,3566.47618,17966.993422,0,97.234817,0,2158.382634,0,0,0,7039.028276,31003.128405
"698",202101,2021,"J-19",0,0,0,25.727652,0,0,2044.088919,716.9334,0,4418.229426,0,1186.3506,0,0,0,1447.540238,9838.870235
"699",202101,2021,"J-20",7.96764,0,29.895296,37.88513,0,1.997459,4755.127565,574.091772,0,5146.851376,0,3265.289835,0,0,13.960016,1624.621792,15458.68661
"700",202101,2021,"J-21",0,0,3.016601,31.674309,0,0,3672.229725,775.287369,0,3858.588622,0,3228.47517,0,0,10.558103,318.272339,11898.102238
"701",202101,2021,"J-22",0,0,0,2.791945,0,1.116778,1667.030617,3158.168682,0,1160.990542,0,1332.615404,0,0,0,0,7322.713968
"702",202101,2021,"J-23",0,0,0,2.459741,0,0,2547.622853,8485.477511,0,1283.355222,0,818.975758,0,0,0,0,13137.891085
"703",202101,2021,"J-24",0,0,11.546554,0,0,3.856197,1110.937178,2345.118399,0,141.158829,21.131957,1724.535176,0,0,0,0,5358.28429
"704",202101,2021,"J-25",0,0,84.193041,4.016514,0,8.013809,1523.892134,3662.195531,0,188.641611,2.67127,132.333551,0,0,0,37.416994,5643.681939
"705",202101,2021,"J-26",0,0,2.723683,0.34046,0,0.34046,331.799872,121.586896,0,48.196416,0,9941.016099,0,4.404706,0,0,10450.408592
"706",202101,2021,"JI1918",2.502136,0,0,10.054457,0,0,756.494559,72.860377,0,1968.377954,0,1027.299181,0,0,0,5127.612173,8965.200837
"707",202101,2021,"JI2019",33.229153,0,0,6.768146,0,1.223159,919.142831,252.256158,0,3819.273202,0,2412.232633,0,0,3.689863,800.414863,8248.230008
"708",202101,2021,"JI2120",0,0,11.315145,6.18337,0,0,1930.07358,238.627584,0,3763.779134,0,3225.342258,0,0,5.152808,488.549283,9669.527927
"709",202101,2021,"JI2221",38.982682,0,0,77.985335,0,0,10118.502361,3772.513122,0,1208.722767,0,1462.210054,0,0,0,175.462011,16854.378332
"710",202101,2021,"K-01",9.385653,0,0,4.703766,0,0,3139.424425,2044.475306,0,2400.03623,0,1078.868803,2.340944,0,0,678.370511,9357.715028
"711",202101,2021,"K-02",11.580771,0,1.695284,0.1321,0,0.1321,173.381312,116.468208,6.362819,16714.57495,0,285.842486,0,20.607607,0.704534,43.482932,17374.965103
"712",202101,2021,"K-03",0,0,32.642113,0,0,0,208.779444,159.267496,0,7161.712159,0,1324.586873,0,234.897199,0,79.633749,9201.519033
"713",202101,2021,"K-04",0,0,5.470215,0,0,0,255.606246,339.526818,7.952683,5514.592162,0,450.798467,0,22.342205,0,166.303333,6762.592129
"714",202101,2021,"K-05",3.241036,0,19.467401,0,0,1.080345,449.614342,445.631893,0,6447.967472,0,63.126065,0,27.051002,0,133.030769,7590.210325
"715",202101,2021,"K-06",0,0,56.488037,0,0,0,304.961843,182.444894,0,7853.676123,0,30.764454,0,0,0.043269,36.346191,8464.724811
"716",202101,2021,"K-07",0,0,13.811988,0,0,0,225.126611,14.207872,1.319616,3399.112707,0,3.123093,0,0,0,86.962741,3743.664628
"717",202101,2021,"K-08",0,0,0,0,0,0,54.938001,42.471216,0,2417.559894,0,0,0,0,0,0,2514.969111
"718",202101,2021,"K-09",0,0,0,0,0,0,51.342029,12.982232,34.392351,13749.545739,0,0,0,0,0,0,13848.262351
"719",202101,2021,"K-10",0,0,14.119829,0,0,0,37.981246,92.161984,13.353637,3529.300506,0,0,0,0,0.109456,7.443011,3694.469669
"720",202101,2021,"K-11",0,0,6.32273,0,6.556905,0,10.420795,0.819613,12.528371,4674.253442,0,0,0,0,1.170876,6.205642,4718.278374
"721",202101,2021,"K-12",0,0,27.586055,0,0,0,2.151206,0,0,1811.695161,0.379625,0,0,0,0.126542,0,1841.938589
"722",202101,2021,"K-13",0,0,0,0,0,0.068856,15.354827,0,0,4443.718858,4.636285,0,0,0,8.721725,4.360862,4476.861413
"723",202101,2021,"K-14",0,0,0,0,0,0.243762,69.203906,0,19.40342,8346.151941,0,0,0,0,11.60305,0,8446.606079
"724",202101,2021,"K-18",0,0,0,0,0,0,115.375435,109.981914,76.496186,3665.688947,0,2754.115141,0,0,0,4188.217798,10909.875421
"725",202101,2021,"K-19",59.391798,0,0,11.887165,0,0,973.977059,1211.522238,0,2018.528656,0,3092.181794,0,11.887165,0,5428.119767,12807.495642
"726",202101,2021,"K-20",5.368632,0,0,11.096671,0,7.165664,639.383906,618.718039,19.677498,1800.962782,0,788.043359,0,0,1.797032,2508.566506,6400.780089
"727",202101,2021,"K-21",0,0,0,8.646208,0,0,1543.537009,695.47317,0,4271.684059,0,1252.149849,0,0,16.417858,610.322925,8398.231078
"728",202101,2021,"K-22",0,0,0,12.645762,0,0,1668.398861,4777.632994,0,3311.145466,0,986.108901,0,0,0,0,10755.931984
"729",202101,2021,"K-23",0,0,10.475402,5.247454,0,3.14067,1377.720167,3114.003388,103.642104,5755.482274,0,791.994999,0,0,0,0,11162.75985
"730",202101,2021,"K-24",0,0,2.206958,0,0,0,577.965819,907.616746,0,0,19.412658,191.469658,0,0,0,0,1698.671839
"731",202101,2021,"K-25",0,0,0,0,0,0,0,0,0,120.905726,0,696.526301,0,0,0,0,817.47052
"732",202101,2021,"K-26",0,0,3.450603,0.581788,0,0,380.449044,420.63252,0,17.052399,25.819338,42.530688,0,0,0,0,891.118229
"733",202101,2021,"K-27",0,0,0.458129,0,0,0,104.994791,360.235003,0,12.494422,0,88.293914,0,0,0,0,643.004592
"734",202101,2021,"L-01",1.142616,0,66.465773,0,0,0.754558,382.776453,307.493131,8.407931,6192.441244,0,0,0,0,0,43.936829,7003.418535
"735",202101,2021,"L-02",0,0,13.28426,0,0,0.200938,534.875671,466.534291,0,4027.341196,0,202.032389,0,48.917335,40.254658,127.506573,5460.947311
"736",202101,2021,"L-03",1.129153,0,51.441616,0,0,0.434289,394.226483,111.851315,0,5681.291112,0,23.19107,0,26.209384,0,52.179908,6341.95433
"737",202101,2021,"L-04",0,0,24.072939,0,0,0,214.676853,179.410608,39.396527,6466.700294,0,0,0,0,0,0,6924.257221
"738",202101,2021,"L-05",0,0,0,0,0,0,60.027788,23.634886,16.399717,6391.837957,0,12.516843,0,0,0,19.438488,6523.855679
"739",202101,2021,"L-06",0,0,0,0,0,0,129.029228,8.645174,0,1962.574656,0,0,0,0,0,0,2100.249058
"740",202101,2021,"L-07",0,0,0,0,0,0,157.440253,0.961145,2.719337,3453.042624,0,4.266546,0,0,0,1.453439,3619.883344
"741",202101,2021,"L-08",0,0,0,0,0,0,29.981057,0,0,6559.967847,0,0,0,0,0,0.454258,6590.403162
"742",202101,2021,"L-09",0,0,0,0,0,0,17.997407,0,9.297465,3722.523391,0,0,0,0,0,2.270589,3752.088852
"743",202101,2021,"L-18",0,0,21.524113,0,0,0,523.232034,444.652682,4.295485,3742.674331,0,576.622106,0,0,0,56.58834,5369.589091
"744",202101,2021,"L-19",4.263879,0,0,8.527758,0,0,364.800933,971.31593,27.693457,2871.461285,0,618.262419,0,0,0,1537.933206,6404.258867
"745",202101,2021,"L-20",0,0,4.940023,0,0,0,273.229782,147.624717,0,1081.621316,0,676.31792,0,0,0,2718.142324,4901.876082
"746",202101,2021,"L-21",0,0,0,7.915574,0,0,142.802105,375.314049,25.012356,380.247875,0,496.171351,0,0,0.664994,3837.959404,5266.087708
"747",202101,2021,"L-22",0,0,0,6.534536,0,0,577.385432,1856.254315,0,1183.48792,4.459773,1009.847643,0,0,0,0,4637.969619
"748",202101,2021,"L-23",0,0,4.535863,9.092067,0,3.620554,193.353883,12014.891463,0,881.991484,0,1166.611816,0,0,0,0,14274.09713
"749",202101,2021,"L-24",0,0,10.69214,3.564047,0,39.18278,1414.404904,2461.473962,17.820233,272.171455,9.779396,1339.842442,0,0,0,0,5568.931359
"750",202101,2021,"L-25",0,0,27.91841,0.834216,0,32.089487,835.939483,1274.31043,20.929538,249.245036,0,746.344746,0,0,0,0,3187.611346
"751",202101,2021,"L-26",0,0,140.014567,22.167676,0,0.259575,1362.273726,737.347753,0,196.316309,0,26.736189,0,0,0,0,2485.115795
"752",202101,2021,"L-27",0,0,0,0,0,0,126.146586,101.847688,0,8.598072,99.64625,24.506581,0,1.100719,0,0,361.949737
"753",202101,2021,"L-28",0,0,33.318636,1.266316,0,0,71.183552,81.56319,0,21.734961,0,8.30371,0,0,0,0,319.505996
"754",202101,2021,"L-29",0,0,1.417633,0,0,0,216.011814,66.884708,0,33.865675,0,0,0,0,0,0,435.331438
"755",202101,2021,"L-30",0,0,3.044646,1.630359,0,0,92.223307,67.787568,0,1.473216,16.892874,0,0,2.435717,0,0,276.335993
"756",202101,2021,"L-31",0,0,2.002848,1.097715,0,0,88.491217,30.581948,0,0,7.472164,0,0,1.46362,0,0,217.867495
"757",202101,2021,"M-01",0,0,10.455119,0.197266,0,0.197266,550.811615,56.155168,24.066501,3527.123165,0,20.866401,0,16.789562,0,19.222514,4225.884577
"758",202101,2021,"M-02",0,0,0,0,0,0,110.842781,95.119881,2.005098,9778.568254,0,0,0,27.557868,0,185.05585,10199.149732
"759",202101,2021,"M-03",0,0,0,0,0,0.629381,75.772983,5.507084,0,35025.999731,0,0,0,0,0,0,35107.909179
"760",202101,2021,"M-04",0,0,0,0,0,0.299764,25.595211,0,6.479508,10350.611038,0,0,0,0,0,0,10382.985521
"761",202101,2021,"M-05",0,0,0,0,0,0,38.109251,0,114.673153,19599.714247,0,0,0,0,0,11.85877,19764.355421
"762",202101,2021,"M-06",0,0,0,0,0,0,76.422508,0,0,2902.743338,0,0,0,0,0,0,2979.165846
"763",202101,2021,"M-07",0,0,0,0,0,0,69.282769,0,0,1294.304759,0,0,0,0,0,26.276132,1389.86366
"764",202101,2021,"M-08",0,0,0,0,0,0.43954,9.098475,1.670252,0,1583.442427,0,0,0,0,0.395586,0,1595.04628
"765",202101,2021,"M-18",0,0,0,0,0,0,382.196491,353.16405,8.517783,1638.221473,0,273.336834,0,0,0,51.130687,2706.567318
"766",202101,2021,"M-19",1.054154,0,25.251784,0.790616,0,0,253.883456,283.08832,0,781.032431,0,201.24762,0,0,0,15.261278,1561.609659
"767",202101,2021,"M-20",66.599561,0,0,30.26866,0,0,2217.588827,2160.093264,122.606154,1077.355848,0,2496.132823,0,0,0,1114.090898,9284.736035
"768",202101,2021,"M-21",0,0,23.752381,0.244641,0,0.13344,174.91805,158.060087,2.557607,297.616446,0,108.153399,0,0,0,1514.192059,2279.62811
"769",202101,2021,"M-22",0,0,148.449544,8.076565,0,0,1332.879731,616.41635,41.956429,1203.332383,8.341992,1338.22619,0,0,0,0,4697.679184
"770",202101,2021,"M-23",0,0,12.5262,0.196952,0,2.836121,136.488308,290.603893,3.308807,969.362412,10.77332,569.390616,0,0,0,0,1995.762363
"771",202101,2021,"M-24",0,0,0,0.840363,0,3.402446,294.516536,995.563866,12.728427,596.534851,11.273164,371.010079,0,0,0,0,2285.869732
"772",202101,2021,"M-25",0,0,0,2.036812,0,44.467031,562.422235,764.590934,0,141.48784,29.160692,10.789053,0,0,0,57.454227,1612.993651
"773",202101,2021,"M-26",0,0,52.683016,35.376518,0,29.875244,1806.473414,2620.6815,0,177.704846,0,158.107781,0,0,0,0,4881.333024
"774",202101,2021,"M-27",0,0,8.361008,0,0,0,1075.071498,733.278221,0,141.445333,73.489903,180.661031,0,0,0,0,2213.394123
"775",202101,2021,"M-28",0,0,121.052031,112.144799,0,0,1548.700841,290.152106,0,87.777436,0,28.840597,0,0,0,0,2190.139269
"776",202101,2021,"M-29",0,0,50.479662,98.467433,0,4.039883,132.957463,345.277865,14.819198,334.800597,7.343526,129.502797,0,40.059028,0,0,1192.709432
"777",202101,2021,"M-30",0,0,19.210153,185.088299,0,0.772472,191.166432,546.035891,6.911589,276.849813,0,60.171484,0,33.033332,0,0,1319.239465
"778",202101,2021,"M-31",0,0,75.113916,60.208435,0,0.626961,133.744837,188.957815,2.487618,7.159485,0,21.438005,0,0,0,0,489.737072
"779",202101,2021,"M-32",0,0,12.732852,3.754063,0,0,77.17115,58.691098,0,7.624231,0,0,0,17.04809,0,0,177.021484
"780",202101,2021,"N-01",0,0,0.83604,0.045191,0,0,106.628998,6.982064,7.275807,9346.769385,0,0,0,2.395142,0,104.527599,9575.460226
"781",202101,2021,"N-02",0,0,2.190463,0,0,0,46.88042,0,0,55615.036782,0,0,0,0,0,0,55664.107665
"782",202101,2021,"N-03",0,0,0,0,0,0.619657,157.74697,0.863094,1.172922,6863.852149,0,0,0,0,0,1.527012,7025.781804
"783",202101,2021,"N-04",0,0,0,0,0,0.698857,119.111447,1.354035,0,2843.911372,0,0,0,0,0,0,2965.075711
"784",202101,2021,"N-05",0,0,0,0,0,0.211087,70.714162,1.160979,0.686033,918.756393,0,0,0,0,0,0,992.425774
"785",202101,2021,"N-06",0,0,0,0,0,0.134606,6.236767,0,0,3686.557166,0,0,0,0,0,0,3692.928539
"786",202101,2021,"N-07",0,0,0,0,0,0.023234,8.596659,0,0,2072.259568,0,0,0,0,0,0,2080.879461
"787",202101,2021,"N-18",0,0,16.423546,0,0,0,611.376546,204.042541,14.846285,3143.006207,0,31.545227,0,0,0,23.333454,4044.573806
"788",202101,2021,"N-19",1.308248,0,0,0,0,0,731.716637,298.506103,0,1541.477033,0,115.486719,0,0,0,0,2688.49474
"789",202101,2021,"N-20",0,0,0,0,0,0,16704.757642,7543.681976,78.212666,1695.90795,0,9694.550387,0,0,217.266341,2398.675894,38333.052856
"790",202101,2021,"N-21",0,0,50.871736,0,0,0,260.008873,433.567741,41.967185,694.994156,0,745.96572,0,0,0.718753,1086.65461,3314.748774
"791",202101,2021,"N-22",0,0,5.984662,3.284956,0,0,687.952919,378.185316,0,380.356406,0,289.529253,0,0,0,381.659062,2126.952574
"792",202101,2021,"N-23",0,0,4.765539,2.926555,0,1.878533,367.025632,139.663921,3.064974,479.757334,0,793.4722,0,0,0,19.61583,1812.348484
"793",202101,2021,"N-24",0,0,6.505425,4.655844,0,0,376.613098,1366.500712,19.495016,1577.948292,13.925012,278.478971,0,0,0,12.989591,3657.111961
"794",202101,2021,"N-25",0,0,7.493671,52.436079,0,178.984954,310.732317,1730.272893,44.942407,519.868507,58.281926,2027.744159,0,0,0,0,4931.580824
"795",202101,2021,"N-26",0,0,27.093944,0,0,132.302898,649.316351,1330.535529,11.16208,164.674884,0,1239.850962,0,0,0,0,3560.801138
"796",202101,2021,"N-27",0,0,65.943972,184.020242,0,119.333635,2714.864379,1501.081334,0,176.031137,747.397254,206.130526,0,113.046809,0,0,5827.849288
"797",202101,2021,"N-28",0,0,72.033969,115.722582,0,12.595787,460.974837,750.290966,0,559.225844,22.734331,30.725206,0,0,0,0,2025.077457
"798",202101,2021,"N-29",0,0,9.282605,183.644551,0,90.781666,11.198063,377.603108,0,6766.411204,0,107.9287,0,0,0,0,7590.500242
"799",202101,2021,"N-30",0,0,30.502867,560.640716,0,129.671733,823.814316,850.506793,0,2515.528971,72.456648,86.079287,0,0,0,0,5167.323821
"800",202101,2021,"N-31",0,0,27.065183,0,0,1.196038,110.942174,173.483388,0,118.118402,0,77.530272,0,0,0,0,508.335457
"801",202101,2021,"O-01",0,0,0,0,0,0,189.171551,2.339061,2.451516,7312.354236,0,0,0,0,0,0,7506.316364
"802",202101,2021,"O-02",0,0,0,0.045335,0,0.589352,60.204576,0.226674,7.933585,6644.944208,0,0,0,0,3.513445,0,6717.457175
"803",202101,2021,"O-03",3.665981,0,0,0,0,0.51755,114.076712,0.043129,0,491.457142,0,0,0,0,0.560679,0,610.321193
"804",202101,2021,"O-04",0,0,0,0,0,0,38.785449,0,0,734.617251,0,0,0,0,0,0,773.4027
"805",202101,2021,"O-18",0,0,16.158413,0,0,0,469.734274,260.232934,4.488448,3234.593948,0,0.242619,0,0,0,53.837113,4039.287749
"806",202101,2021,"O-19",0,0,3.561911,0.289405,0,0,733.887277,275.580616,0,1918.979655,0,22.261945,0,0,0,135.664292,3090.225101
"807",202101,2021,"O-20",2.198732,0,0,1.327163,0,0.435785,1711.306837,680.299584,0,1007.138135,0,513.849625,0,0,0,190.338886,4106.894747
"808",202101,2021,"O-21",0,0,0.196262,0,0,0,41.869185,43.177596,5.277262,612.685731,0,190.526595,0,0,3.031154,1169.829372,2066.593157
"809",202101,2021,"O-22",0,0,0,2.576191,0,0,1548.959418,124.797772,0,235.986961,0,132.152698,0,0,0,150.52035,2194.99339
"810",202101,2021,"O-23",0,0,4.164356,0.889658,0,0,389.632268,473.884757,1.19252,212.2875,0,148.023919,0,0,0,2.025391,1232.213942
"811",202101,2021,"O-24",0,0,14.976417,2.393036,0,0.179478,297.095429,411.023888,0,620.873208,0,102.900551,0,0,0,2.014139,1451.456146
"812",202101,2021,"O-25",0,0,0.7222,0,0,0,120.586789,1462.49656,0,561.170146,10.956808,63.718687,0,0,0,0,2219.65119
"813",202101,2021,"O-26",0,0,2.624704,0,0,10.994822,1100.453574,1229.849404,0,1937.05208,0.826678,265.94243,0,0,0,0,4560.040533
"814",202101,2021,"O-27",0,0,19.413806,0.232038,0,12.549362,953.422801,1733.281542,36.545908,622.904702,0,0,0,0,0,0,3378.350159
"815",202101,2021,"O-28",0,0,2.377027,0,0,2.976451,216.867523,549.299887,0,89.004151,0,16.205122,0,0,0,0,876.85418
"816",202101,2021,"O-29",0,0,0,0,0,26.779796,2.354706,1282.975743,0,17673.029263,0,156.428333,0,0,0,0,19143.443624
"817",202101,2021,"O-30",0,0,22.080685,570.303025,0,306.606683,355.667922,1465.58203,0,13689.753819,0,37.13475,0,0,0,0,16447.128914
"818",202101,2021,"O-31",0,0,13.682205,3.64173,0,1.831152,258.295346,337.672712,0,16.418647,0,0,0,0,0,0,631.541792
"819",202101,2021,"ON2524",0,0,14.030149,0,0,0,217.314143,3043.521238,0,400.277907,0,19.482914,0,0,0,0,3694.626351
"820",202101,2021,"ON2625",0,0,9.08349,0,0,1.408451,231.475906,825.88317,0,223.719217,0,208.512026,0,0,0,7.695451,1507.777711
"821",202101,2021,"P-01",0,0,0.045999,0,0,0.735981,16.835575,0,1.287967,438.828906,0,0,0,0,0,0,457.734428
"822",202101,2021,"P-18",0.347487,0,1.413113,0,0,0,373.131424,55.018757,13.760481,851.574542,0,11.814554,0,0,0,0,1307.060358
"823",202101,2021,"P-19",1.913697,0,3.182078,0,0,0,424.573721,246.955931,29.90708,6234.958563,0,17.356787,0,0,0,280.712657,7239.560514
"824",202101,2021,"P-20",29.587768,0,32.546545,0.242523,0,0,628.376295,852.78254,7.809231,2521.508428,0,879.387281,0,0,0,102.005044,5054.245655
"825",202101,2021,"P-21",0,0,0,0.613964,0,0,208.82674,150.381395,0,224.037186,0,29.153354,0,0,0,194.0124,807.025039
"826",202101,2021,"P-22",0,0,0,0,0,0,690.056285,315.241184,8.38902,116.239375,0,77.954576,0,0,0,31.201616,1239.082056
"827",202101,2021,"P-23",0,0,4.463379,0,0,0,723.57306,385.587552,0,200.764095,0,32.101148,0,0,0,2.484541,1348.973775
"828",202101,2021,"P-24",0,0,2.464165,0,0,0.03791,75.72567,94.396456,0,79.421918,13.932007,3.317145,0,0,0,4.928329,274.2236
"829",202101,2021,"P-25",15.274553,0,5.734986,0,0,19.097877,494.614399,254.438448,7.646648,273.142748,1176.34676,1382.000346,1840.911648,0,0,401.036675,5870.245088
"830",202101,2021,"P-26",0,0,24.277851,0,0,1.215919,60.674362,826.014361,0,577.277848,0,0,0,0,0,0,1489.460341
"831",202101,2021,"P-27",0,0,63.179264,0.298861,0,42.936397,606.090577,2503.799623,163.795879,871.977452,0,53.994262,0,0,0,0,4306.3911
"832",202101,2021,"P-28",0,0,0,12.289875,0,7.620147,641.641849,581.190097,5.221605,175.836484,20.228413,52.683022,0,0,0,0,1496.711492
"833",202101,2021,"P-29",0,0,1.632981,0,0,33.016257,179.796889,369.372896,0,3309.471533,0,48.426346,0,0,0,0,3941.716902
"834",202101,2021,"P-30",0,0,148.60383,0,0,111.447543,86.698003,4173.079485,0,17913.487119,0,0,0,0,0,0,22433.529154
"835",202101,2021,"P-31",0,0,63.798691,391.928048,0,136.71148,309.901159,647.122812,0,16443.142306,401.042147,443.320227,0,0,0,0,18870.959405
"836",202101,2021,"P-32",0,0,101.023799,791.484126,0,113.952051,43.108729,733.831115,0,2202.476066,129.348025,14860.369429,0,0,0,0,19042.964378
"837",202101,2021,"PO2423",0,0,11.192803,1.34459,0,0,1846.449063,344.65111,0,208.447783,0,75.587759,0,0,0,14.463427,2502.136535
"838",202101,2021,"PO2524",0,0,11.060384,10.750806,0,0,527.32423,719.431568,0,466.055891,78.435856,440.501619,0,0,0,1.576034,2255.136388
"839",202101,2021,"PO2625",0,0,11.060596,2.22012,0,0,137.227388,2257.701554,24.341311,405.041808,0,9.960536,0,0,0,0,2862.854137
"840",202101,2021,"PO2726",0,0,31.909265,0,0,0.807829,550.57831,1474.225033,7.972001,1269.418998,2.23216,611.718247,0,0,0,0,3948.861843
"841",202101,2021,"Q-01",0.979313,0,4.807539,0,0,0,3.472111,0.979313,1.290913,3957.761942,0,0,0,0,0.267085,19.185642,3993.195283
"842",202101,2021,"Q-02",0,0,1.338626,0,0,0.926742,15.136776,0,1.441597,788.14206,0,0,0,0,0,0,806.985801
"843",202101,2021,"Q-18",0.522675,0,8.406359,0,0,0,33.71255,1.132463,41.334896,2297.157438,0,9.103259,0,1.524469,0,38.068176,2430.962285
"844",202101,2021,"Q-19",0,0,0,0,0,0,2686.772468,186.652473,0,2173.345688,0,165.415098,0,0,0,60.430725,5272.616452
"845",202101,2021,"Q-20",4.29637,0,0,1.418418,0,0.185011,1214.371969,317.890241,9.065546,1819.029469,0,81.384342,0,0,0,87.695278,3535.336644
"846",202101,2021,"Q-21",0,0,0,0.021157,0,0,33.300539,229.02054,0,82.299298,0,0.803952,0,0,0,24.584007,370.029493
"847",202101,2021,"Q-22",0,0,0,0,0,0,9.09474,107.138471,0.611754,53.630411,0,0,0,0,0,0,170.51616
"848",202101,2021,"Q-23",0,0,0,14.177507,0,0,2811.834199,891.271337,1.297139,914.119196,72.230186,2438.622149,138.020188,0,0,154.791973,7436.363874
"849",202101,2021,"Q-25",0,0,0,2.817079,0,0,102.951416,3100.359595,24.256144,832.574766,260.963914,7.682942,0,0,0,0,4331.605856
"850",202101,2021,"Q-26",0,0,0,0,1.697231,0.199674,34.743315,46.024908,0.099837,30.949505,0,0,0,0,0,0,129.688408
"851",202101,2021,"Q-27",0,0,0,0.263604,0,1.31802,110.855618,4125.057792,0,636.846972,0,0,0,0,0,0,4874.504224
"852",202101,2021,"Q-28",0,0,20.320289,0,0,2.646931,493.856319,3707.556837,40.640578,1827.970837,0,427.092564,0,0,0,0,6520.532297
"853",202101,2021,"Q-29",0,0,7.647359,7.647359,0,6.775115,394.295419,924.336539,0,547.364316,3.245564,70.59101,0,0,0,0,1961.902681
"854",202101,2021,"Q-30",0,0,32.095782,0,0,56.626264,252.926863,2280.162243,0,3948.726791,0,6.619637,0,0,0,0,6577.15758
"855",202101,2021,"Q-31",0,0,16.541941,33.063586,0,274.941275,97.404634,781.084088,5.520746,1988.077502,128.641503,1359.706993,0,0,0,0,4684.982268
"856",202101,2021,"QP2423",0,0,0,0,0,0,265.086269,814.830597,5.292717,363.846106,0,59.458602,0,0,0.045044,0,1508.559335
"857",202101,2021,"QP2524",0,0,0,0,0,0,275.952934,792.404215,0,142.734948,198.25707,24.669997,0,0,0,10.043517,1444.062681
"858",202101,2021,"QP2625",0,0,1.475077,0,0,0.531027,38.627357,603.640955,5.310278,12.390649,0,0,0,0,0,0,661.975343
"859",202101,2021,"QP2726",0,0,20.642047,0,0,5.155273,132.800658,1358.875348,6.454569,950.980127,0,0,0,0,0,0,2474.908022
"860",202101,2021,"R-22",0,0,0,0,0,0,16.190943,37.636305,0,45.660497,0,0,0,0,0,0,99.487745
"861",202101,2021,"R-23",0,0,0,0.041748,0,0,26.969357,24.840196,9.351604,696.151744,0,0,0,0,0.459231,0,757.81388
"862",202101,2021,"R-24",0,0,48.524818,0,0,0,2673.184376,3478.55238,211.045992,2015.959101,0,31.928319,0,0,60.646295,0,8519.841281
"863",202101,2021,"R-25",0,0,5.019003,0,0,0.381673,66.182133,239.041925,0,75.666712,0,1.431274,0,0,0,1.507609,389.230329
"864",202101,2021,"R-26",0,0,0,0,0,0,46.970141,37.366424,2.809821,41.602125,0,0,0,0,0,0,255.358203
"865",202101,2021,"R-27",0,0,0,0,0,0.059879,121.334819,505.159224,0,287.55893,0,0,0,0,0,0,914.172731
"866",202101,2021,"R-28",0,0,0,28.378788,0,0.597651,60.362762,1345.35121,44.361136,1801.513241,0,24.715765,0,0,0,0,3305.280553
"867",202101,2021,"R-29",0,0,108.729661,34.336731,0,12.196215,272.780717,1812.47322,0,3773.453303,43.862534,101.236561,0,0,0,0,6159.22837
"868",202101,2021,"R-30",0,0,16.340339,29.051538,0,9.08206,265.185093,1828.975788,0,3927.392156,0,2.579084,0,0,0,0,6079.43505
"869",202101,2021,"R-31",0,0,27.179337,0,0,197.081129,287.71329,2229.035615,169.901791,8639.173056,129.112164,21.302167,0,0,0,0,11723.594799
"870",202101,2021,"R-32",0,0,25.138426,164.945165,0,197.934198,7.850607,1300.748713,0,966.180986,20.852531,32.762375,0,0,0,0,2716.413001
"871",202101,2021,"S-22",0,0,0,0,0,0,22.281805,24.006222,0,69.17047,0,1.976299,0,0,0,0.930023,118.364819
"872",202101,2021,"S-23",0,0,0.123394,0.020566,0,0,25.871642,59.866731,8.349671,3287.631702,0,0,0,0,0,0,3381.863706
"873",202101,2021,"S-24",0,0,0,0,0,0,29.086142,14.133407,0.102416,6.554624,0,0,0,0,0,0,49.876589
"874",202101,2021,"S-25",0,0,2.979677,0,0,0,16.175389,8.194111,1.702672,82.153949,0,0,0,0,0,0,111.205798
"875",202101,2021,"S-26",0,0,0,0,0,0,6.50503,13.216568,2.065089,60.094084,0,23.645266,0,0,0,0,107.591126
"876",202101,2021,"S-27",0,0,0,0,0,0.021104,22.05407,35.497555,5.571555,281.131357,0,0,0,0,0,0,344.31785
"877",202101,2021,"S-28",9.667934,0,0.91591,0,0,0.692021,181.411148,536.885814,1.384041,2956.372787,0,12.252834,0,0,0,10.136065,3709.718554
"878",202101,2021,"S-29",0.541351,0,17.656377,1.353378,0,9.515288,55.738352,1080.578625,9.515288,2442.389198,28.545865,101.00364,0,0,0,0,3746.837362
"879",202101,2021,"S-30",8.233747,0,0,218.388379,0,16.487924,41.209595,2872.004347,0,3942.227948,20.145097,267.668271,0,0,0,0,7386.365308
"880",202101,2021,"S-31",0,0,16.546576,7.507637,0,16.546576,112.42314,687.108281,24.054213,2681.311024,17.546177,152.428423,0,0,0,0,3727.807541
"881",202101,2021,"T-25",0,0,0,0,0,0,7.10443,7.310356,3.088883,218.486972,0,0,0,0,0,0,235.990641
"882",202101,2021,"T-26",0,0,0,0,0,0,11.807326,24.538703,4.517586,69.406541,0,298.263317,0,0,0,0,408.533473
"883",202101,2021,"T-27",0,0,0,0,0,0,2.199581,2.199581,0,31.328611,0,0,0,0,0,0,35.727773
"884",202101,2021,"T-28",0,0,0,0,0,0.200016,0,27.377195,16.676337,1346.532992,0,5.500441,0,0,0,0,1396.386989
"885",202101,2021,"T-29",0,0,0,0.193794,0,0.193794,9.592794,53.390199,0,138.853277,0,0,0,0,0,0,202.223858
"886",202101,2021,"T-30",0,0,0,0,0,62.652069,0,3339.573466,0,9488.224653,6.691199,382.458152,0,0,0,0,13303.704481
"887",202101,2021,"U-25",0,0,0,0.444344,0,0,66.813171,58.532217,0.605924,445.757763,0,84.465744,0,0,0,0,656.619163
"888",202101,2021,"U-26",0,0,301.362672,0,0,3.898798,125.607318,532.402572,7.818225,594.205746,0,459.377461,157.519704,0,0,0,2182.192496
"889",202101,2021,"U-27",0,0,140.152718,0,0,5.623587,80.478096,146.897224,0,215.78617,0,1612.563702,213.886309,0,0,0,2415.387806
"890",202101,2021,"U-28",0,0,0,0,0,0.38715,3.677924,25.067954,0,106.659791,0,3.581136,0,0,0,0,139.373955
"891",202101,2021,"U-29",0,0,0,0,0,0,13.119345,25.323388,0,124.277828,0,0,0,0,0,0,162.720561
"892",202101,2021,"V-25",7.825974,0,11.29942,1.736723,0,0,426.354794,547.968291,0,307.635835,0,949.408613,0,0,0,0,2252.22965
"893",202101,2021,"V-26",0,0,160.757674,0,0,0,87.634272,829.720961,0,499.873039,0,190.42976,0,0,0,0,1768.415706
"894",202101,2021,"V-27",0,0,10.753639,0,0,0,5.865621,20.431914,0,139.992832,0,132.954086,0,0,0,0,309.998092
"895",202101,2021,"V-28",0,0,39.823856,0,0,0,58.193652,92.469713,0,219.584045,3.6662,754.034542,0,0,0,0,1167.772008
"896",202101,2021,"Z-05",0,0,0,0,0,0,20.25105,43.454513,0,42.622847,0,0,0,12.246272,0,0,783.636637
"897",202102,2021,"AA-01",0,0,0,0,0,0,2214.478251,5766.72405,85.501791,1587.291333,100.394335,0,0,0,0,1427.734836,11182.124596
"898",202102,2021,"AA-02",109.790127,0,0,0,0,81.495343,2917.61519,2814.489349,0,2677.723649,53.223306,2354.562654,0,0,0,6093.044983,17101.944601
"899",202102,2021,"AA-03",85.618852,0,0,0,0,0,2646.301186,285.373325,0,1128.240316,15.560832,461.226724,0,0,0,415.115477,5037.436712
"900",202102,2021,"AA-04",30.588041,0,0,0,0,0,1151.623973,0,0,799.838979,60.207536,225.693792,0,0,0,12.43343,2280.385751
"901",202102,2021,"AA-05",0,0,13.666473,0,0,12.719772,187.009778,42.868545,0,5528.245941,0,15.535599,0,0,0,66.414687,5866.460795
"902",202102,2021,"AA-06",0.715836,0,0.577287,0,0,168.475364,5.749776,0,0,511.014227,3.948641,0,0,0,0,61.561859,775.434649
"903",202102,2021,"AA-07",5.600106,0,343.416822,1.110366,0,292.919318,831.615686,151.492513,0,1108.917469,30.293675,0,0,1.110366,0,520.761547,3287.237868
"904",202102,2021,"AA-08",2.565981,0,44.383846,0.863796,1.702185,127.994169,356.64592,536.671066,7.697943,3200.286129,14.506683,0,0,5.131962,0,0,4298.44968
"905",202102,2021,"AA-18",0,0,0,2.924599,0,1.292265,1168.887435,1134.472385,46.770914,1886.207705,0,0,0,0,0,790.32189,5030.877193
"906",202102,2021,"AA-19",0,0,49.12271,0,0,0,897.004435,979.03718,23.385997,2054.817261,0,0,0,0,0,1219.052632,5222.420215
"907",202102,2021,"AA-21",0,0,0,0,0,0,5393.094386,1926.531032,0,5085.480691,8511.726089,0,46.848328,0,0,175.681231,21139.361757
"908",202102,2021,"AA-22",26.50929,0,0,0,0,0,30.804776,162.737586,0,138.928315,0,1.840923,0,0,0,6.381866,367.202756
"909",202102,2021,"AA-23",2.175573,0,0,0,0,0,38.50764,239.748135,0,4.351146,0,0,0,0,0,0,284.782494
"910",202102,2021,"BB-01",0,0,0,0,0,17.378873,1053.318943,4963.401312,32.439001,1038.563296,44.032723,0,5.78515,0,457.706101,3301.798408,10921.38004
"911",202102,2021,"BB-02",311.54533,0,104.642403,0,0,90.374026,5707.854901,3291.552104,0,2560.246221,525.593897,215.789171,0,0,1631.496223,1391.292781,15830.890916
"912",202102,2021,"BB-03",2.742561,0,0,0,0,0,467.12616,0,0,365.1357,52.014901,964.350173,0,0,5.485123,615.552638,2472.407256
"913",202102,2021,"BB-04",39.257425,0,8.069453,0.069564,0,1.113028,258.848573,6.469476,17.762071,3977.822918,38.886415,165.099152,0,0,0.255069,218.570872,4732.224016
"914",202102,2021,"BB-05",0,0,4.347454,0,0,0.383599,16.878352,0,0,3204.585265,0,0,0,0,0,0,3226.19467
"915",202102,2021,"BB-06",0,0,128.341068,0,0,61.959434,136.480838,11.517165,0,5394.795666,0,0,0,0,0,0,5733.094171
"916",202102,2021,"BB-07",0,0,25.60526,0,0,27.819903,319.132616,315.624023,8.83369,9257.458653,87.416209,0,0,0,0,0,10041.890354
"917",202102,2021,"BB-08",36.14236,0,78.573591,0,0,70.718717,557.894866,92.717334,0,4129.77424,595.628087,5.095725,0,0,0,0,5566.54492
"918",202102,2021,"BB-09",41.371314,0,91.246865,0,18.254164,25.536666,545.013763,1170.326682,46.2343,3349.25582,630.175906,0,0,21.895415,0,0,5939.310895
"919",202102,2021,"BB-10",52.797168,0,66.349903,0,0,35.222488,876.003975,942.329504,8.117016,588.105847,197.684686,1.365024,0,0,0,0,2767.975611
"920",202102,2021,"BB-18",0,0,0,4.864986,0,4.570139,312.071673,1054.448926,70.566872,490.773921,0,71.746263,0,0,0,43.244323,2052.287103
"921",202102,2021,"BB-19",176.588167,0,4.831648,0,0,21.166054,1877.058631,847.083623,4.831648,1451.554729,1693.235256,4323.957466,31.442504,0,2418.889989,2890.601129,15775.111435
"922",202102,2021,"BB-20",0,0,0,0,0,5.737298,655.567872,1235.361437,160.737621,193.832032,18666.740676,4.66447,82.6544,0,0,0,21005.295806
"923",202102,2021,"BB-21",0,0,0,0,0,0,20.611526,3.579897,0,0,88.629563,13.88566,0,291.164928,0,31.893625,541.106805
"924",202102,2021,"BB-22",0,0,0.4192,0,44.896356,0,58.373647,61.93685,0.4192,25.969462,752.46461,62.04165,0,0,18.696335,116.390974,1141.608284
"925",202102,2021,"CC-01",0,0,87.476262,0,0,87.476262,3018.042072,2755.613287,247.869972,760.315536,153.089627,0,7.279407,0,1822.516711,277.012275,9216.691411
"926",202102,2021,"CC-02",454.042134,0,332.970913,0,0,42.369916,3347.824714,0,0,1731.102973,387.44294,333.246531,72.637721,0,0,11802.639979,18661.68043
"927",202102,2021,"CC-03",32.447603,0,57.077955,0,0,29.104225,1793.926694,141.023199,0,1098.191401,323.441745,1055.449081,682.698524,0,0,434.230225,5647.590652
"928",202102,2021,"CC-04",0,0,2.398858,0,0,37.058213,36.644616,0,4.3014,7751.949527,3.101971,6.865696,0,0,1.158069,7.610169,7851.088519
"929",202102,2021,"CC-05",0,0,0.808394,0,0,3.503043,216.245516,0,2.559916,1638.346093,0,0,0,0,0.134732,0,1861.597694
"930",202102,2021,"CC-06",0.640315,0,0,0,0,0.384189,144.070987,0,0,390.720516,0,0,0,2.177073,0,0,537.99308
"931",202102,2021,"CC-07",108.085578,0,339.68259,0,0,29.335273,1130.192373,335.054833,0,6235.706408,433.858751,0,0,0,0,500.268371,9112.184177
"932",202102,2021,"CC-08",23.173969,0,12.48253,0,0,176.46385,1702.418737,35.656499,0,7549.450868,850.3276,0,0,0,0,0,10349.974053
"933",202102,2021,"CC-09",1110.277045,0,109.051243,4.965859,0,64.45734,783.148022,1858.738171,173.483876,6233.264315,926.886157,4.965859,0,0,4.965859,0,11274.203746
"934",202102,2021,"CC-10",0,0,268.315746,0,8.556766,71.779046,1338.107129,705.810988,27.332757,1689.350166,49.555901,0,0,0,0,0,4158.808499
"935",202102,2021,"CC-18",0,0,0,0,0,0,1066.308042,1878.507528,0,438.461822,108.594646,0,0,0,0,6770.5408,10262.412838
"936",202102,2021,"CC-19",0,0,0,0,0,0.625727,151.101372,184.821079,29.501848,136.709661,0,46.350114,0,0,0,1.066053,550.175854
"937",202102,2021,"CC-20",82.655093,0,4.444813,0,0,0,209.136499,386.122954,0,26.438576,36.065164,238.59202,2.763614,0,0,227.445443,1213.664176
"938",202102,2021,"CC-21",8.673545,0,33.777463,0,0,0,116.516968,173.235839,0,95.032903,1427.256461,3.408303,11.165132,7.756829,30.369159,0,1907.192602
"939",202102,2021,"DD-01",0,0,466.552834,0,0,238.223756,2441.956319,2193.787786,0,2190.43111,0,523.04017,49.623687,0,7742.722953,506.256793,16352.595408
"940",202102,2021,"DD-02",23.532131,0,48.773026,0,0,0,386.107587,18.942877,70.571982,2078.028737,51.629105,1494.436775,0,34.419403,0,510.6033,4717.044923
"941",202102,2021,"DD-03",0,0,370.845393,0,290.021315,45.162267,779.692611,0,0,902.89434,386.312885,349.598068,957.486863,0,0,1076.897769,5158.911511
"942",202102,2021,"DD-18",0,0,51.865219,0,0,0,362.276278,516.203059,33.464228,487.572071,13.394361,0,0,0,94.540779,102.083235,1661.39923
"943",202102,2021,"DD-19",0,0,0,0,0,0,345.208781,886.523643,12.105587,1315.961594,0,13.746271,0,0,0,9.844104,2583.38998
"944",202102,2021,"DD-20",0,0,33.151422,0,0,0,512.206219,549.141592,0,663.765147,47.349607,0,0,0,0,0,1805.613987
"945",202102,2021,"EE-01",0,0,950.172958,0,0,446.183376,5684.559533,1113.762931,223.091688,1877.589026,603.150274,10.861844,264.419681,0,14707.149308,735.346868,26616.287487
"946",202102,2021,"EE-02",496.292445,0,19.690615,0,73.524807,143.664902,1958.116801,312.480428,28.881216,6462.721799,347.933418,446.682965,21.024735,189.074377,0,462.173575,10962.262083
"947",202102,2021,"EE-18",0,0,133.110592,0,0,0,241.175984,487.475856,0,415.608944,0,0,0,0,1617.690126,8.525085,2903.586587
"948",202102,2021,"EE-19",0,0,0,0,0,0,580.019885,241.049812,0,624.609564,14.184607,0,0,0,0,0,1459.863868
"949",202102,2021,"FF-01",15.218103,0,448.760125,0,0,11.413578,3848.701791,1665.730101,0,1767.713132,110.287768,2183.580414,0,0,1585.878539,798.646058,12435.929609
"950",202102,2021,"FF-02",1.865258,0,7.804631,0,0,8.663631,30.408609,52.988045,0.1718,3021.717489,46.361471,236.593215,0,0,0.1718,72.156022,3478.901971
"951",202102,2021,"FF-18",0,0,676.056939,0,0,77.633555,1164.317706,1084.201548,5.01161,504.919731,190.301977,13.92114,52.575504,0,10406.098202,15.011629,14190.049541
"952",202102,2021,"R-01",0,0,0,0,0,0.709275,7.599376,0,0.101325,1219.142631,0,1.114575,0,0,0.8106,0.8106,1230.288382
"953",202102,2021,"R-02",0.742925,0,1.704358,0.393313,0,0.043701,0,0,0,442.477673,0,0,0,0.568119,0,0,445.930089
"954",202102,2021,"R-03",0,0,5.417534,0,0,0.324126,6.297304,0,0,1158.287258,0,0,0,2.315185,0,0.185215,1172.826622
"955",202102,2021,"R-18",0,0,4.322473,0,0,19.1455,183.639606,34.274154,0,2135.476255,0,6.221741,0,0,0,412.883484,2795.963213
"956",202102,2021,"R-19",0,0,17.59849,0,0,0,1489.546867,513.600737,0,3389.711475,0,201.242942,0,0,0,31.993521,5643.694032
"957",202102,2021,"R-20",11.699843,0,65.173213,0,0,0,819.375624,1130.93736,0,1196.944823,0,326.639273,0,0,0,60.167715,3610.937851
"958",202102,2021,"R-21",0,0,0,0,0,0,34.206568,127.789124,0,255.251372,0,0,0,0,0,2.538093,419.785157
"959",202102,2021,"S-01",0,0,40.918965,0,0,4.694064,41.203453,7.894563,0,2376.666422,0,3.081961,0,94.40285,0,184.728028,2753.590306
"960",202102,2021,"S-02",0,0,4.966756,0,0,0.956898,23.603481,0.182266,1.913796,479.588115,0,0,0,0,0.455666,0.318966,511.985944
"961",202102,2021,"S-03",0,0,0,0,0,0.236877,18.618504,0,0,67.462465,0,0,0,0,0.284252,17.410432,104.01253
"962",202102,2021,"S-18",1.080999,0,23.09013,0.06486,0,1.535019,176.397351,35.110834,0,1016.138682,0,11.545065,0,0,0,89.528304,1354.491244
"963",202102,2021,"S-19",1.666056,0,88.523131,0,0,3.354327,916.442094,996.012949,0,1393.334082,0,136.305628,0,0,0,9.396558,3545.034825
"964",202102,2021,"S-20",31.990172,0,0,0,0,0,482.622906,850.974976,0,4271.233952,0,147.716945,0,0,0,584.983369,6369.52232
"965",202102,2021,"S-21",4.083183,0,0,0,0,0,354.876626,474.249678,0,608.294165,0,95.414376,0,0,0,131.702662,1668.62069
"966",202102,2021,"T-01",0,0,1.530824,0,0,0.459247,39.385921,18.151202,0,1132.809962,0,0,0,20.994161,0,78.509416,1291.840733
"967",202102,2021,"T-02",0,0,1.089973,0,0,0.726649,78.356976,0,0,2335.449626,0,0,0,0,0.484433,36.69577,2452.803427
"968",202102,2021,"T-03",0,0,0,0,0,0.473764,12.081002,0,0,227.880869,0,0,0,0.710647,0,0,241.146282
"969",202102,2021,"T-18",5.910152,0,5.068849,0.841303,0,0.168261,307.811656,327.266783,0,2278.668591,0,5.678794,0,9.296396,0,0,2940.710785
"970",202102,2021,"T-19",5.36091,0,0,0,0,0,180.755393,919.22634,8.143154,2835.627094,0,127.802274,0,0,0,288.81052,4365.725685
"971",202102,2021,"T-20",66.679857,0,0,0,0,5.816009,929.102505,511.653141,0,1231.165372,0,94.923484,0,0,0,1278.413147,4117.753515
"972",202102,2021,"T-21",0,0,0,0,0,0,2456.366114,2970.156421,0,110.045895,0,132.685032,0,0,0,282.733299,5951.986761
"973",202102,2021,"T-22",4.164687,0,0,1.046106,0,0,188.180698,487.623676,0,133.822648,0,92.175777,0,0,0,33.791205,940.804797
"974",202102,2021,"T-23",0,0,0.413728,0.018806,0,0,6.807701,22.416518,1.955803,183.318974,0,0,0,0,0,0,215.232423
"975",202102,2021,"T-24",0,0,0,0,0,0,83.517609,122.643514,0,373.077118,0,13.114828,0,0,0,0,593.62481
"976",202102,2021,"U-01",0,0,0,0.714823,0,2.144468,549.855044,401.931416,0,4249.621099,0,0,0,0,0,260.351839,5464.618689
"977",202102,2021,"U-02",0,0,2.002315,0.3047,0,1.762907,166.91034,49.796696,0,3324.277648,2.807593,0.217643,0,6.681637,1.414679,161.512796,3717.688954
"978",202102,2021,"U-03",0,0,0.641631,0,0,0.789699,105.178083,0.39485,0,521.94192,0,0,0,0.148069,2.46781,28.13304,659.695102
"979",202102,2021,"U-18",4.476439,0,0,0,0,0,1631.014257,2629.3964,0,4223.372104,0,52.740172,0,0,0,190.691739,8731.691111
"980",202102,2021,"U-19",1.377351,0,0,0,0,0,272.295254,1012.236128,0,2480.352033,6.933444,1.400696,0,0,0,32.566176,3807.161082
"981",202102,2021,"U-20",29.178493,0,0,0,0,0,489.107797,2277.319119,0,1865.630585,0,720.969239,0,0,0,127.000053,5509.205286
"982",202102,2021,"U-21",1.425236,0,0,0,0,1.425236,386.733824,616.592717,0,165.089834,0,259.313769,0,0,0,10.016242,1440.596858
"983",202102,2021,"U-22",0,0,0,0.102102,0,0,100.284679,1233.127859,2.756756,913.405354,0,17.969969,0,0,0,0,2267.646719
"984",202102,2021,"U-23",0,0,0,0,0,0.11987,60.534314,30.067374,2.49729,619.62763,0,2.697073,0,0,0,0,715.883183
"985",202102,2021,"U-24",0,0,3.727079,0.185427,0,0.20397,46.171267,109.531596,1.3907,579.273247,0,247.285148,0,0,0,0,987.768434
"986",202102,2021,"V-01",0,0,0,0,0,20.147552,646.096867,169.649814,0,5100.757844,0,0,0,0,3.863615,9.29887,5949.814562
"987",202102,2021,"V-02",0,0,0,0,0,5.792308,298.438596,61.717272,0,4485.222496,0,0.224508,0,0,0,93.911731,4945.306911
"988",202102,2021,"V-03",0,0,4.205464,0,0,2.031854,486.983331,0.18901,0,992.300598,0,0,0,0.236262,0.094505,36.667869,1522.708893
"989",202102,2021,"V-18",5.543377,0,0,0,0,2.362367,490.483589,1684.250945,0,2529.604205,0,0,0,0,0,11.086754,4723.331237
"990",202102,2021,"V-19",0,0,0,0,0,0,125.734137,2181.000094,74.895028,1836.944503,0,0,0,0,0,10.69929,4229.273052
"991",202102,2021,"V-20",0,0,0,0,0,0.418893,73.138659,71.525923,0,171.850714,0,0,0,0,0,3.351141,320.28533
"992",202102,2021,"V-21",4.357966,0,0,0,0,0,364.877025,267.536097,6.292668,438.415253,0,25.014332,0,0,0,40.316068,1146.809409
"993",202102,2021,"V-22",80.790562,0,0,0,0,2.055464,559.36754,1362.145317,0,266.885801,10.234048,113.158714,0,0,0,73.628892,2468.266338
"994",202102,2021,"V-23",0.130905,0,2.936016,0,0,0,111.344214,361.840643,0,82.769481,0,62.366972,0,0,0,0,621.388231
"995",202102,2021,"V-24",34.962624,0,60.645784,0,0,0.538808,500.991246,1099.746127,0,226.339085,0,372.07655,0,0,0,0,2295.300224
"996",202102,2021,"W-01",33.561067,0,0,0,0,0,863.952006,1815.890237,0,1921.01403,0,0,0,0,0,0,4634.41734
"997",202102,2021,"W-02",14.091504,0,0,0,0,0,1126.74059,737.061458,0,4591.845836,0,18.28328,0,0,0,17.61438,6505.637048
"998",202102,2021,"W-03",0,0,4.205159,0,0,21.003543,1113.94429,19.31258,7.564836,2952.510832,0,0,0,0,5.873872,92.402242,4216.817354
"999",202102,2021,"W-18",12.562318,0,0,0,0,0,171.418542,896.492711,0,1896.750169,0,38.623418,0,0,0,92.618546,3108.465704
"1000",202102,2021,"W-19",0,0,0,0,0,0,761.239505,1970.593535,66.441051,441.905504,0,15.635854,0,0,0,0,3255.815449
"1001",202102,2021,"W-20",15.295808,0,0,0,0,2.036356,521.098798,984.045754,10.204919,171.354705,12.241275,28.578401,0,0,0,322.253291,2067.109307
"1002",202102,2021,"W-21",9.984232,0,0,3.833232,0,0,455.619712,1528.991468,0,213.056371,0,4.011522,0,0,0,99.886888,2315.383425
"1003",202102,2021,"W-22",5.817154,0,0,0,0,4.970627,579.479686,1628.651132,4.992334,154.718927,0,32.754049,0,0,3.320987,7.054384,2421.75928
"1004",202102,2021,"W-23",67.623694,0,0.62244,1.222651,0,0,965.227084,1811.167927,0,385.246093,0,324.380322,0,0,0,104.525512,3660.949383
"1005",202102,2021,"W-24",0,0,0,0,0,0,152.85942,953.409604,0,271.348208,0,134.331006,0,0,0,0,1511.948238
"1006",202102,2021,"W-25",0,0,42.301513,0,0,0,142.996802,2449.130328,0,1233.884008,0,314.942422,0,0,0,0,4183.255073
"1007",202102,2021,"W-26",0,0,38.937408,0,0,0,15.338979,267.584735,0,400.615516,0,182.351499,0,0,0,0,904.828137
"1008",202102,2021,"W-27",0.534337,0,17.419389,0,0,0.213735,17.227028,42.853836,0,165.965104,0,81.005504,0,0,0,0,325.218933
"1009",202102,2021,"X-01",0,0,0,0,0,0,4197.250769,4469.24394,0,3794.684119,0,55.39481,0,0,0,45.921832,12562.49547
"1010",202102,2021,"X-02",23.012597,0,0,0,0,0,2002.118612,1252.938303,0,4112.400966,0,24.056561,0,0,0,55.625123,7470.152162
"1011",202102,2021,"X-03",0,0,0,0,0,24.266068,973.419323,42.488952,0,4685.26443,0,0,0,0,0,173.572385,5899.011158
"1012",202102,2021,"X-18",2.183049,0,0,0,0,0.938711,166.522964,623.893522,0,55.121982,0,1.746439,0,0,0.152813,158.75131,1019.702102
"1013",202102,2021,"X-19",0,0,0,0,0,18.390822,1266.090201,3920.970395,39.893937,88.888973,0,6.318898,0,0,20.442106,156.98217,5520.523923
"1014",202102,2021,"X-20",0,0,0,0.067357,0,0.381692,389.415164,462.497863,7.409306,100.474681,0,8.531928,0,0,0,1.863553,972.123405
"1015",202102,2021,"X-21",0,0,0,0.645649,0,3.918422,567.748231,2085.736149,16.319339,296.597857,0,15.005777,0,0,1.959211,79.682009,3069.727701
"1016",202102,2021,"X-22",1.764285,0,0,0,0,0,451.215917,1090.173827,0,252.954378,0,1.102678,0,0,0,8.093658,1805.304743
"1017",202102,2021,"X-23",0,0,0,0,0,0,439.034644,1966.658477,8.986411,394.851456,0,7.708931,0,0,0,0,2817.239919
"1018",202102,2021,"X-24",0,0,99.523817,0,0,0,0,71.20859,0,86.476816,0,22.902338,0,0,0,0,280.111561
"1019",202102,2021,"X-25",0.68134,0,39.715542,0,0,75.848552,7.406828,347.241751,0.68134,2.022042,0,91.057825,0,0,0,0,564.65522
"1020",202102,2021,"X-26",0,0,16.427424,0,0,0.52652,4.633376,48.123928,0,78.66209,0,20.639584,0,0,0,0,169.012922
"1021",202102,2021,"Y-01",4.39993,0,4.39993,0,0,0,616.1735,2217.129201,0,167.426496,0,48.353395,0,0,0,217.567362,3275.678977
"1022",202102,2021,"Y-02",197.622157,0,0,0,0,0,7182.199243,1868.955452,0,9163.189734,0,131.479325,0,0,0,135.51102,18678.956931
"1023",202102,2021,"Y-03",24.829176,0,0,0,0,0.306804,1615.430467,516.766816,0,4272.152315,0,101.245184,0,0,0,37.232807,6567.963569
"1024",202102,2021,"Y-04",9.401068,0,0,0,0,34.09303,708.296862,117.569985,7.045138,3601.175428,0,0,0,0,0,64.652165,4542.233676
"1025",202102,2021,"Y-18",0,0,0,0,0,0.156598,271.764165,1313.183771,15.41369,64.741973,0,6.442878,0,0,278.922917,15.078123,1965.704115
"1026",202102,2021,"Y-20",0,0,0,0,17.819301,1.377781,325.546689,180.23672,0,27.440805,3.42149,125.240293,0,0,0,0,681.083079
"1027",202102,2021,"Y-21",0,0,0,0.272545,0,3.951898,35.044703,258.599466,0.227121,49.1716,0,63.798164,8.585157,0,0.227121,0,421.308635
"1028",202102,2021,"Y-22",0,0,0,0,0,1.366085,113.153899,608.874742,14.396438,348.03651,0,52.878011,0,0,0,0,1138.705685
"1029",202102,2021,"Y-23",0,0,15.940235,0.866536,0,14.650507,28.414325,220.503224,0,113.254261,0,37.664095,0,0,0,24.968333,456.261516
"1030",202102,2021,"Y-24",0,0,25.097293,0,0,8.78301,0,139.318141,0,46.731452,0,11.724588,0,0,0,0,231.654484
"1031",202102,2021,"Y-25",0,0,5.104745,0,0,0.192632,0,29.280047,0,8.283171,0,0.770528,0,0,0,0,43.631123
"1032",202102,2021,"ZZ-01",0,0,0,0,0,1.055674,412.813456,729.964881,7.412179,79.287856,0,0,0,0,0,83.622857,1314.156903
"1033",202102,2021,"ZZ-02",76.683575,0,27.054038,0,0,247.347944,3954.505253,1965.233686,0,1663.549168,0,775.97563,0,0,0,530.775556,9254.651869
"1034",202102,2021,"ZZ-03",9.296187,0,0,0,0,5.312106,1506.455021,134.063175,0,9185.420805,0,61.224284,0,0,0,176.515013,11078.286591
"1035",202102,2021,"ZZ-04",21.875382,0,0,0,0,8.745834,1070.749196,214.391699,22.976709,3951.82121,27.338829,37.574693,0,0,0,55.778985,5411.252537
"1036",202102,2021,"ZZ-05",1.013886,0,23.319377,0,0,94.629356,44.610982,0,0,3581.946431,0,0,0,0,0,0,3758.024625
"1037",202102,2021,"ZZ-21",5.7324,0,12.61128,0.458592,83.005153,5.090371,91.947697,28.432704,0,106.16405,354.950214,55.948225,101.807426,36.228769,18.114384,97.680097,999.317842
"1038",202102,2021,"ZZ-22",27.477336,0,3.424353,0,0,8.58151,222.376634,1046.676072,0,341.940175,0,32.139406,0,0,0,21.474404,1704.08989
"1039",202102,2021,"ZZ-23",0,0,24.399379,0,0,0,210.782924,646.919118,23.879783,1247.918908,0,32.907769,0,0,0,0,2186.807881
"1040",202102,2021,"ZZ-24",0,0,82.433085,3.747943,0,37.479432,21.231123,335.386751,7.495886,73.117388,0,4.441204,0,0,0,0,565.332812
"1041",202201,2022,"A-02",0,28.743892,166.331321,0,0,70.494395,6.659003,304.852927,0,0.359299,0,0,0,0,0,6.108077,583.548914
"1042",202201,2022,"A-03",0,0,222.04505,0,0,75.939842,14.163816,57.744786,0,0,0,0,0,0,0,0,369.893494
"1043",202201,2022,"A-04",0,0,401.992165,0,0,5.201883,35.415831,727.950785,0,2.151155,0,0,0,0,0,0,1172.868267
"1044",202201,2022,"A-05",0,49.367328,10.482529,0,0,0.932241,163.225001,813.286844,3.708247,193.13957,12.947788,3005.047027,0,35.777329,48.435087,0,4346.83152
"1045",202201,2022,"A-06",0,0,21.365138,0,0,0.449792,13.02149,110.424028,1.349377,3745.556052,11964.252301,0,0,12.121905,0.449792,0,15885.159911
"1046",202201,2022,"AZ0504",0,0,0,0,8.730224,32.42069,342.999425,299.348307,0,114.107714,4409.254857,81.072219,0,26.190671,0,0,5316.624312
"1047",202201,2022,"B-01",0,0,965.122005,0,0,9.803021,79.393493,488.633023,0,4.243098,0,0,0,0,0,0,1547.19464
"1048",202201,2022,"B-02",0,0,210.813723,0,0,2.751074,26.573329,52.677957,0,1.120808,0,0,0,0,0,1.93594,295.872831
"1049",202201,2022,"B-03",0,0,971.440405,0,0,5.835042,24.168368,57.879853,0,0,0,0,0,0,0,0,1059.323668
"1050",202201,2022,"B-04",0,0,279.993369,0,0,5.131277,69.51426,49.802416,0,2.129963,0,0,0,0,0.580899,0,407.152184
"1051",202201,2022,"B-05",0,0,48.306823,0,0,0,823.641837,836.210399,159.590156,42.079846,0,140.431697,0,0,0,0,2050.260758
"1052",202201,2022,"B-06",0,0,62.486178,0.28881,0,1.691603,375.20588,789.215493,1370.34314,0,0,2579.860183,0,78.948367,0,0,5258.039654
"1053",202201,2022,"B-07",0,0,43.606386,0,0,0,0.346892,14.3042,0,234.458292,0,0,0,0,0,0,570.433556
"1054",202201,2022,"B-08",0,0,665.080824,0,0,0,396.00401,175.245693,0,1734.782125,0.463964,0,0,35.879854,0,0,3007.45647
"1055",202201,2022,"C-01",0,0,351.042695,0,0,0.289819,14.019971,77.780048,0.905683,3.151777,0,0,0.181137,0,0,0,447.37113
"1056",202201,2022,"C-02",0,0,388.342557,0,0,0.400165,10.004141,42.05377,0,13.350981,0,0,1.418769,0,0,0,455.570383
"1057",202201,2022,"C-03",0,0,435.032702,0,0,0.088242,16.412999,29.649287,0,0.705935,0,0,0,0,0,0,481.889165
"1058",202201,2022,"C-04",0,0,201.517697,0,0,1.424489,51.471532,36.865773,0,0,0,0,0,0,0,0,291.279491
"1059",202201,2022,"C-05",0,0,146.776324,0,0,0,1186.443555,817.505725,950.11959,0,0,0,0,0,0,0,3100.845194
"1060",202201,2022,"C-06",0,60.806547,340.809659,0,0,0,1883.518933,4188.536063,258.58003,1.14155,0,46.213737,0,358.979325,0,0,7138.585844
"1061",202201,2022,"C-07",0,14.744834,0,0,0,0,4134.323303,6044.002742,1095.877265,0,0,89.479192,0,0,19.912326,0,11398.339662
"1062",202201,2022,"C-08",0,0.248363,174.26777,0,0,0,59.731209,1248.04285,0,213.012338,0,0,18.254652,27.50616,0,0,1741.063342
"1063",202201,2022,"C-09",0,0,385.256278,0.794095,0,0.794095,439.038152,732.540389,95.724514,16843.64031,33.231663,0,0,22.1384,0,0,18553.157896
"1064",202201,2022,"C-18",0,622.207305,295.874281,0,0,20.460976,179.754983,1104.073536,24.649984,6.627941,75.271817,138.330349,0,0,0,0,2467.735235
"1065",202201,2022,"D-01",0,0,201.34523,0,0,2.401365,41.30348,38.421842,0,7.481176,0,3.509687,0,0,0,0,294.46278
"1066",202201,2022,"D-02",0,0,193.355242,0,0,0.44836,111.865815,58.921974,0,21.222373,0,0,0,0,0,0,385.813764
"1067",202201,2022,"D-03",0,0,371.240857,0,0,0.692614,212.137633,52.04496,0.098945,8.806086,0,0,0,0,0,0,645.021095
"1068",202201,2022,"D-04",0,0,343.852265,0,0,0,1006.328607,570.943786,41.548973,0,0,0,0,0,0,0,1962.673631
"1069",202201,2022,"D-05",0,0,138.952402,0,0,0,982.122788,562.242772,345.297979,19.532007,0,1.898945,0,53.170463,0,0,2103.217356
"1070",202201,2022,"D-06",0,0,66.146875,0,0,2.206998,4268.964165,512.738118,1879.941678,0,0,21.229216,0,248.087563,12.127978,0,7011.442591
"1071",202201,2022,"D-07",0,0,0,0,0,0,3565.490242,2722.28031,178.330958,18.161871,0,55.971045,0,1450.157091,0,0,7990.391517
"1072",202201,2022,"D-08",0,1.235502,110.537559,0.538041,0,1.195647,657.007991,833.505407,0,9.266264,0,0,60.977994,146.825444,5.420266,0,1832.468422
"1073",202201,2022,"D-09",0,0,54.710714,0,0,0,17.166715,1.288596,4.084193,4065.235351,0,0,0,0,0,0,4142.485569
"1074",202201,2022,"D-10",0,0,458.82859,0,0,0,50.228389,27.13537,42.100678,7313.799536,0,0,0,18.08308,0,0,7910.175643
"1075",202201,2022,"D-18",0,10.681102,2.388683,0,0,11.302548,202.552528,143.320964,0,22.04191,216.787522,14.953542,0,0,0,0,624.960968
"1076",202201,2022,"E-01",0,0,247.473234,1.648976,0,2.35568,96.129861,214.620561,1.540252,71.775754,0,87.884981,0,28.558089,0,0,751.987388
"1077",202201,2022,"E-02",0,0,1100.52738,0,0,0,164.778815,147.671228,0,8.080604,0,0,0,0,0,0,1421.058027
"1078",202201,2022,"E-03",0,0,1636.143954,0,0,0,1329.332441,633.369592,6.411222,13.710152,0,0,0,0,0,0,3618.967361
"1079",202201,2022,"E-04",0,0,54.72907,1.713894,0,3.427788,5161.613769,896.366654,45.639654,3.427788,0,0,32.814333,0,0,0,6199.73295
"1080",202201,2022,"E-05",0,0,3.199484,0,0,12.278541,2440.520962,1381.34621,0,374.173463,0,842.046111,0,0,0,0,5053.564771
"1081",202201,2022,"E-06",12.226523,0,178.874242,0,0,10.711543,4997.980598,684.941328,7.681585,859.910763,0,2766.608185,0,0,0,0,9518.934767
"1082",202201,2022,"E-07",0,0,0,0,0,5.308128,2383.349831,734.483474,0,294.062643,0,1350.880315,0,2091.325817,0,0,6859.410208
"1083",202201,2022,"E-08",0,0,75.586853,0,0,4.205081,2278.400709,1154.932797,0,19.393582,0,87.051451,0,3955.391162,6.297161,0,8036.077001
"1084",202201,2022,"E-09",0,0,15.817495,0,0,0,24.969493,279.700115,5.035688,1828.498236,0,0,0,0,0,0,2154.021027
"1085",202201,2022,"E-10",0,0,66.733018,0,0,0,9.792225,0,5.592399,2049.492778,0,0,83.996512,0,0,0,2215.606932
"1086",202201,2022,"E-11",0,0,255.626046,0,0,0.486464,31.345176,14.467004,34.729271,13946.107701,0,0,0,0,0,0,14282.761662
"1087",202201,2022,"E-12",0,0,793.949341,0,0,0,181.250891,219.548917,10.215917,14418.530535,0,35.732385,0,4.24497,74.8934,0,15738.366356
"1088",202201,2022,"E-18",0,0,0,0,0,20.533917,180.698473,65.976818,51.324475,119.819019,6589.158661,0,10.917027,173.02147,0,0,7211.44986
"1089",202201,2022,"E-19",0,0,6.442908,0.253812,0,2.06954,260.683962,173.275177,0.253812,16.868705,629.452586,0,0,66.674336,0,0,1174.366412
"1090",202201,2022,"E-20",0,0,58.599618,0,0,0,303.757019,138.891192,5.953972,16.747721,742.331458,3.133669,0,124.650404,0,8.87873,1403.50088
"1091",202201,2022,"E-21",0,0.645902,1054.906204,0,0,1.107262,530.544206,316.141528,0,11.57088,0,13.56395,0,0,0,0,1928.479932
"1092",202201,2022,"E-22",0,8.582162,190.723574,0,0,0,163.699743,1528.762406,10.917308,3.09357,0,20.158101,0,0,0,0,1926.136449
"1093",202201,2022,"F-01",0,0,114.817638,28.709282,0,0,2047.792359,436.310924,0,190.498658,0,1032.189322,0,0,0,0,3865.228299
"1094",202201,2022,"F-02",0,0,59.859039,0,0,0,5558.606821,289.422709,23.206016,554.485721,0,1542.35845,0,0,0,0,8027.938756
"1095",202201,2022,"F-03",0,0,0,0,0,0,7310.656283,1535.54475,0,838.867477,11.362081,596.651554,0,0,0,0,10293.191606
"1096",202201,2022,"F-04",13.224833,0,0,19.815498,0,0,6073.395867,1559.573251,23.382723,1943.397932,0,788.74819,0,0,23.121707,0,10444.660001
"1097",202201,2022,"F-05",0,0,0,0,0,0,2708.623289,3037.014044,0,5296.796944,0,495.361236,0,0,12.75539,0,11550.550903
"1098",202201,2022,"F-06",11.199412,0,0,5.589724,0,0,5170.874382,3562.630815,11.199412,3684.247248,0,618.882308,0,0,0,0,13064.623301
"1099",202201,2022,"F-07",0,0,14.866359,0,0,0,2058.215548,1992.270925,0,8165.168583,0,541.230852,0,0,0,0,12771.752267
"1100",202201,2022,"F-08",6.22265,0,37.374789,0,0,0.777831,839.299315,1196.790537,0,992.123701,0,1706.172746,105.104441,17.909563,0,0,4901.775573
"1101",202201,2022,"F-09",2.414821,0,0,0,0,0.042365,65.20016,133.874276,1.694611,598.494271,0,6.524253,0,0,0,138.873378,947.118135
"1102",202201,2022,"F-10",0,0,0,0,0,0,48.364854,27.020946,4.312789,1521.446534,0,0,33.930212,79.434542,0,146.326788,1860.836665
"1103",202201,2022,"F-11",0,0,110.88293,0,0,0.086425,107.598789,141.693348,41.82957,7959.069593,0,17.371371,229.241601,152.755713,0.648185,0,8761.177525
"1104",202201,2022,"F-12",0,0,360.708344,0,0,0.752955,49.006596,22.265947,0,4622.496679,0,78.673013,448.287736,23.750344,0,63.829048,5669.770662
"1105",202201,2022,"F-13",0,0,2804.669869,0,0,0,421.272478,161.149696,5.307184,7476.430678,0,4662.538102,184.241843,0,0,135.368575,15850.978425
"1106",202201,2022,"F-14",0,0,0,0,0,1.900981,16.871204,0,8.4248,9141.016821,0,0,0,0,0,0,9168.213806
"1107",202201,2022,"F-18",0,0,31.315396,0,0,0,637.948365,12.200576,6.021518,250.12057,0,0,0,0,0,0,939.426884
"1108",202201,2022,"F-19",0,0,5.139944,1.463055,0,0.365764,501.21193,302.313418,8.181559,23.04312,0,0,0,14.669054,0,0,874.368023
"1109",202201,2022,"F-20",0,0,1092.435586,0,0,0,555.970658,1096.069006,8.720208,497.415222,140.326513,0,3949.107028,0,0,263.212607,7603.256828
"1110",202201,2022,"F-21",0,5.269536,1217.708494,0,0,0,855.854079,683.024908,0,127.708765,0,4.591471,0,0,0,0,3155.696743
"1111",202201,2022,"F-22",0,29.826869,307.642845,0,0,0.503571,326.759156,463.943383,0,10.420036,0,17.043925,0,0,0,0,1156.139785
"1112",202201,2022,"F-23",0,0,0.278706,0.037161,0,0,39.334749,61.408289,0,0.371608,3.53028,2555.160808,0,0,0,0,2660.121601
"1113",202201,2022,"F-24",0,0,10.215669,0,0,0.859087,65.234608,216.396622,0,37.202215,113.492904,13317.888936,0,3.436349,0,0,13765.30534
"1114",202201,2022,"F-25",0,15.296472,2.788744,0,0,1.394372,11.134166,478.852399,0,41.851979,103.849514,7902.198815,0,18.54307,0,0,8826.064072
"1115",202201,2022,"G-01",0,0,0,2.011099,0,0,1974.697804,174.583477,0,2014.939889,0,2092.990629,0,0,6.013185,0,6265.236083
"1116",202201,2022,"G-02",0,0,0,0,0,0,7341.213247,4789.775405,0,1738.39337,0,754.760709,0,0,0,0,14624.142731
"1117",202201,2022,"G-03",0,0,0,0,0,0,3689.390845,4678.875696,48.678883,536.811979,0,3320.184943,0,0,0,384.053979,12657.996325
"1118",202201,2022,"G-04",0,0,0,0,0,0,1347.981024,2932.073692,0,2309.969071,0,977.162319,0,0,0,585.686374,8152.87248
"1119",202201,2022,"G-05",0,0,41.781861,1.442116,0,0,2078.978505,5048.29588,54.760908,1585.261114,125.345584,2680.657065,0,0,7.210581,193.065783,11826.894211
"1120",202201,2022,"G-06",0,0,0,8.031934,0,0,762.746187,3902.534139,32.086654,3150.613603,0,917.263352,0,0,0,280.789034,9054.064903
"1121",202201,2022,"G-07",0,0,230.842125,0.405235,0,0,181.322407,334.582288,26.563155,2203.870614,2.674551,843.63851,0,0,0,39.591461,3863.490346
"1122",202201,2022,"G-08",0,0,38.715936,0.230566,0,0.230566,55.220645,350.653018,0,615.227925,0,659.996228,0,0,7.128344,2.03667,1729.439898
"1123",202201,2022,"G-09",0,0,0,0,0,0.171378,56.340615,184.702962,9.040205,2282.116272,0,103.469648,0,1.071114,0,17.437742,2654.349936
"1124",202201,2022,"G-10",0,0,0,0,0,0,12.909857,0,10.319104,1998.459072,0,0,0,6.081684,0,70.147949,2097.917666
"1125",202201,2022,"G-11",0,0,0,0,0,0.421489,29.393284,0,28.328471,8113.65551,0,174.740299,40.285437,0,0,25.355867,8412.180357
"1126",202201,2022,"G-12",0,0,227.914817,0.310632,0,0.909707,255.649779,152.342595,12.092443,5799.668823,0,481.21267,122.721656,0,0,707.618705,7760.441827
"1127",202201,2022,"G-13",0,0,739.514342,0,0,0,226.690789,16.470798,44.776501,5119.899836,0,618.78049,44.910229,0,0,14.59861,6825.641595
"1128",202201,2022,"G-14",0,0,510.802213,0,0,3.155172,247.580308,295.735841,18.975786,9957.790064,0,78.767415,3785.10996,0,35.937633,300.367902,15234.222294
"1129",202201,2022,"G-15",0,0,44.857862,0,0,0,0,0,3.084262,15372.866581,0,0,0,5.057282,0,0,15425.865987
"1130",202201,2022,"G-18",0,0,0,0,0,0,2037.214283,573.650632,0,1039.087519,0,1785.160049,0,135.328298,0,0,5570.440781
"1131",202201,2022,"G-19",0,0,337.906313,1.260692,0,0,1305.955642,249.678157,3.131398,1815.13316,0,25.661197,0,5.002103,0,0,3743.728662
"1132",202201,2022,"G-20",0,0,1354.55187,0,0,0,3522.987814,138.374756,51.758812,6243.78636,0,0,150.772076,0,0,1606.548066,13068.779754
"1133",202201,2022,"G-21",0,0,6458.490542,0,0,0,1402.01273,2328.142858,0,1843.233521,0,0,378.410654,0,0,0,12410.290305
"1134",202201,2022,"G-22",0,0,388.233627,2.349992,0,5.87498,6681.5313,2411.744739,0,34.802265,0,0,38.513761,0,0,0,9563.050664
"1135",202201,2022,"G-23",0,51.050629,53.134726,0,64.431698,0,1324.628458,469.428162,0,6.3302,0,2059.749726,0,8.375342,0,0,4037.128941
"1136",202201,2022,"G-24",0,81.208908,4.519873,0.186003,0,1.990232,122.185368,133.010741,0,4.147867,0,2917.921993,0,0,0,0,3265.170985
"1137",202201,2022,"G-25",0,38.728588,0,7.981031,0,0.568673,201.388659,469.292445,15.726748,0,0,4739.790948,0,0,0,0,5473.477092
"1138",202201,2022,"G-26",0,0,15.066945,0,0,0,87.970232,1256.236441,4.324771,43.427081,9.606174,2254.122603,0,3.38807,0,0,3716.054732
"1139",202201,2022,"GF1918",0,0.551604,0,17.798406,0,0,1163.717926,117.234133,7.428261,1107.527915,0,39.439651,0,0,0,0,2455.628508
"1140",202201,2022,"GF2019",0,0,6352.552857,2.232761,0,0,2178.170876,5878.347227,2.232761,826.490229,0,28.063141,56.802255,0,0,0,15324.892107
"1141",202201,2022,"GF2120",0,0,250.049353,0,0,0,2517.465384,1456.674236,0,1271.065841,0,0,92.653915,0,0,0,5587.908729
"1142",202201,2022,"GF2221",0,39.630206,154.326949,1.539037,0,4.636349,1856.925259,616.980751,0,1.731417,0,60.888157,0,0,0,0,2736.658125
"1143",202201,2022,"H-01",26.045765,0,0,8.68872,0,0,7323.081948,2510.550677,0,2044.827108,0,2500.842153,0,0,0,8.68872,14422.725091
"1144",202201,2022,"H-02",0,0,0,0,0,0,4585.667881,2817.330008,0,237.804507,0,766.781977,0,0,0,2670.099271,11077.683644
"1145",202201,2022,"H-03",0,0,0,18.784146,0,0,3715.82044,2776.292569,84.560714,3273.612997,0,713.070988,0,0,9.402758,3386.958973,13978.503585
"1146",202201,2022,"H-04",0,0,0,0,0,0,2218.02931,2865.855701,0,1640.384613,0,621.94052,0,0,0,2180.050041,9526.260185
"1147",202201,2022,"H-05",0,0,0,9.941345,0,2.8517,1610.636463,3647.760572,0,5377.574351,0,473.996185,0,0,0,1921.986704,13044.74732
"1148",202201,2022,"H-06",21.916904,0,0,9.85539,0,0,2599.245844,754.823944,0,1206.02764,195.004777,1484.45273,0,0,0,575.15894,6846.486169
"1149",202201,2022,"H-07",0,0,87.153191,0,0,1.454631,414.112732,331.11563,1.454631,2875.61893,10.036956,204.063982,0,0,0,74.581022,3999.591705
"1150",202201,2022,"H-08",4.012052,0,16.739174,0,0,0.445784,95.263955,174.056206,0,1407.093638,0,953.397381,0,0,0.445784,98.206127,2749.660101
"1151",202201,2022,"H-09",1.666064,0,14.251598,0,0,0,15.602461,107.303501,6.236481,2786.874085,7.069513,1141.793898,0,32.240582,0,5.313392,4118.351575
"1152",202201,2022,"H-10",0,0,0,0.446238,0,0,141.292995,252.40622,45.492775,10629.409094,0,68.227419,0,0,0,0,11137.274741
"1153",202201,2022,"H-11",0,0,0,0,0,5.734085,19.906132,38.273851,2.330929,1920.498871,0,1771.272808,0,9.370334,26.898919,92.071688,3886.357617
"1154",202201,2022,"H-12",3.549696,0,44.801129,0.70553,0,0.70553,130.85369,118.043919,36.97416,6534.703237,0,1004.144986,276.633742,0,0,561.094453,8712.210072
"1155",202201,2022,"H-13",1.445912,0,2.628931,0,0,0,367.086399,291.219831,32.795914,4534.70879,0,703.567657,54.090255,0,0,23.923272,6011.466961
"1156",202201,2022,"H-14",0,0,63.910505,0,0,1.427128,60.332344,18.676759,21.551698,13093.607855,0,360.504888,0,0,11.12746,0,13631.138637
"1157",202201,2022,"H-15",0,0,6.903384,0,0,0,14.853411,7.638261,36.699281,4278.873382,0,0,0,0,0.311766,0,4345.279485
"1158",202201,2022,"H-16",20.452455,0,0,0,0,0,20.982861,0,24.971514,1142.28234,0,0,0,0,0,0,1208.68917
"1159",202201,2022,"H-18",0,0,2591.122173,0,0,0,1628.447604,0,0,2513.320642,0,3591.752672,39.4189,0,0,5263.642343,15627.704334
"1160",202201,2022,"H-19",0,0,38.217854,0,0,3.674794,253.938739,12.494298,30.868266,1381.239427,808.160612,3192.261716,113.141646,0,0,1327.58744,7161.584792
"1161",202201,2022,"H-20",0,0,515.605499,0,0,0,175.109354,78.812627,0,4676.098888,0,38.931539,0,0,0,152.753651,5637.311558
"1162",202201,2022,"H-21",0,0,208.678639,0,141.435638,0,52.901478,0,0,16656.215536,8.718635,19.753816,190.272631,0,0,0,17277.976373
"1163",202201,2022,"H-22",0,0,410.679098,0,0,0,7001.879449,1844.736365,0,73.941207,0,0,0,0,0,0,9331.236119
"1164",202201,2022,"H-23",0,0,504.07632,1.599608,0,0,1285.664549,861.388648,0,0,0,0,0,0,0,0,2652.729125
"1165",202201,2022,"H-24",0,0,9.275806,0.977451,0,0,929.276188,801.329908,0,19.110155,0,9495.35346,0,0,0,0,11255.322968
"1166",202201,2022,"H-25",0,0,0,0,0,0,511.249993,3409.691269,26.571866,1831.816994,0,4629.423005,0,0,0,0,10411.955533
"1167",202201,2022,"H-26",0,486.560648,6.662995,0,0,0,126.353877,428.477153,0,6.662995,0,14616.11985,0,1.579677,0,0,15673.126024
"1168",202201,2022,"HG1918",0,0,1255.807302,0,0,0,2334.31211,0,0,2105.482487,0,2040.085033,0,84.430735,0,66.831608,7886.949275
"1169",202201,2022,"HG2019",0,0,7547.36392,20.515256,0,0,5768.223014,415.30836,220.48375,1916.960832,5.123791,0,145.676405,10.247582,0,5.123791,16055.026701
"1170",202201,2022,"HG2120",0,0,0,0,0,0.178655,11.8706,0,4.128904,10181.32202,81.863467,0,0,0,0,0,10279.363646
"1171",202201,2022,"HG2221",0,0,0,0,0,0,7.052829,0,0,20620.29716,0,0,0,0,0,0,20627.349989
"1172",202201,2022,"I-01",0,0,0,129.524503,0,0,6080.841986,14084.122549,189.985389,1595.937704,0,913.058093,0,0,0,9921.931518,33468.05171
"1173",202201,2022,"I-02",25.126684,0,0,41.89199,0,0,8479.692011,2110.620175,167.504134,486.215162,0,534.043093,0,0,226.140155,4933.127597,17004.361001
"1174",202201,2022,"I-03",0,0,0,4.843361,0,0,1600.049483,4340.071058,0,1424.178857,0,454.646953,0,0,0,31.492332,7855.282044
"1175",202201,2022,"I-04",0,0,0,12.092054,0,0,1998.349486,2845.955538,0,6424.89751,0,1405.043602,0,0,45.37069,414.351649,13146.060529
"1176",202201,2022,"I-05",26.728691,0,0,0,0,0,1891.082984,1496.131904,0,1591.725398,0,521.434395,0,0,0,55.444227,5582.547599
"1177",202201,2022,"I-06",0,0,135.870047,0,0,0,2929.119943,430.470203,69.956515,8856.542155,0,742.59712,0,106.27885,0,1444.807417,14715.64225
"1178",202201,2022,"I-07",44.192287,0,143.157233,0,25.733796,0,1780.641504,593.103721,44.213073,4756.51183,0,798.911731,0,0,0,316.0185,8502.483675
"1179",202201,2022,"I-08",7.066845,0,5.892662,0,7.958355,1.174184,373.629551,426.402578,27.441104,6934.749729,0,644.409322,0,0,0,615.728802,9044.453132
"1180",202201,2022,"I-09",0,0,0,0,0,0,264.538432,845.385462,0,9596.18065,0,0,0,0,0,0,10706.104544
"1181",202201,2022,"I-10",0,0,37.704629,5.322745,0,0.400876,12.694412,22.961295,71.289143,15289.104756,0,491.674604,0,0,0,3.273822,15934.426282
"1182",202201,2022,"I-11",0,0,0,0,0,0,24.076208,0,0,1819.082864,0,1103.049843,0,0,0,627.854857,3574.063772
"1183",202201,2022,"I-12",0,0,16.899948,0,0,0.588014,131.170605,199.989982,0,6063.575167,0,991.151483,0,24.478791,6.990829,25.654819,7460.499638
"1184",202201,2022,"I-13",0,0,47.677487,0,0,0,133.654804,145.09833,13.903999,1074.902167,0,185.11585,0,0,0.649937,4.804888,1605.807462
"1185",202201,2022,"I-14",0,0,0,0,0,2.538551,190.93351,267.090028,187.87739,12261.766268,0,0,0,0,0,108.147185,13018.352932
"1186",202201,2022,"I-15",0,0,39.506726,0.086638,0,0,1.212926,0,31.146202,7473.377254,0,0,0,35.10987,0,0,7580.439616
"1187",202201,2022,"I-16",0,0,0,0,0,0,23.139423,0,12.925159,5571.227647,0,0,0,0,0,0,5607.292229
"1188",202201,2022,"I-18",0,0,0,0,0,0,3441.668512,1930.147118,0,3215.063314,0,989.484486,0,0,0,11264.33721,20840.70064
"1189",202201,2022,"I-19",11.536157,0,0,15.38823,0,7.684083,1103.217704,19.240303,15.38823,1912.754956,0,884.351734,0,0,0,11329.087627,15298.649024
"1190",202201,2022,"I-20",28.497003,0,13552.145121,15.357416,0,0,1752.251828,0,0,3210.662315,0,3329.232443,0,0,0,230.214773,22118.360899
"1191",202201,2022,"I-21",12.871765,0,844.738231,0,0,0,2185.487926,502.937599,0,1072.758306,0,1947.850536,0,0,0,0,6566.644363
"1192",202201,2022,"I-22",0,0,615.267093,23.667153,0,0,13982.61328,9347.164654,0,320.749093,0,274.085357,0,0,0,0,24563.54663
"1193",202201,2022,"I-23",0,0,529.615322,7.060967,0,0,3019.997,5911.719767,0,1045.10871,0,325.467787,0,0,0,0,10838.969553
"1194",202201,2022,"I-24",0,0,0,0,0,3.167431,1759.624588,1115.296937,0,0,0,659.165681,0,0,0,0,3538.04118
"1195",202201,2022,"I-25",0,0,0,0.403445,0,0,57.949395,147.220805,0,1.412058,0,0,0,0,0,0,206.985703
"1196",202201,2022,"I-26",0,0,153.168875,0.227524,0,0,294.643038,469.699684,0,88.734198,32.831653,0,12.582054,0,0,0,1056.619517
"1197",202201,2022,"IH1918",0,0,869.884853,0,0,0,193.54768,0,0,22942.638146,0,1244.723526,0,0,0,3348.674786,28599.468991
"1198",202201,2022,"IH2019",63.038755,0,14067.387794,5.343655,0,2.661591,10740.849708,277.767711,192.289699,1082.264244,98.826914,348.217973,0,0,0,2267.552526,29146.20057
"1199",202201,2022,"IH2120",0,0,5870.8603,0,0,0,3724.508867,310.528329,0,2283.324639,0,24.44102,0,0,0,0,12213.663155
"1200",202201,2022,"IH2221",0,0,0,0,0,0,4242.147308,839.748648,0,476.71673,0,107.408338,0,0,0,140.541813,5806.562837
"1201",202201,2022,"J-01",17.626452,0,0,0,0,0,3216.474992,3457.423556,0,230.231682,0,1272.770858,0,0,0,1729.688787,9924.216327
"1202",202201,2022,"J-02",46.121141,0,0,4.192831,0,0,4632.344487,3500.804229,0,6619.222269,0,526.179323,0,0,46.121141,398.297979,15773.2834
"1203",202201,2022,"J-03",28.977912,0,0,0,0,0,5583.619512,2928.394429,0,438.137311,0,1789.237421,0,0,54.60612,303.098655,11126.07136
"1204",202201,2022,"J-04",26.986036,0,0,0,0,0,1897.11403,311.022601,0,4551.032643,0,159.887991,0,82.516636,6.340864,284.036564,7318.937365
"1205",202201,2022,"J-05",95.190441,0,584.975932,0,0,0,2502.736774,2194.505774,43.261186,5569.689654,0,0,0,77.874092,0,43.261186,11111.495039
"1206",202201,2022,"J-06",0,0,34.916238,0,0,0,891.885736,458.434985,12.646341,4962.012758,0,15.977572,0,0,0,49.063689,6424.937319
"1207",202201,2022,"J-07",0,0,96.465259,0,0,0,1052.951701,551.906078,193.516806,5793.171198,0,129.276429,0,0,0,0,7817.287471
"1208",202201,2022,"J-08",0,0,2.008269,0.545725,0,0.371093,75.419226,10.652556,30.473296,7129.638119,15.957006,7.70564,0,0,0.742186,0,7273.513116
"1209",202201,2022,"J-09",0,0,0,0,0,13.700959,50.41335,102.062213,24.379322,5158.752852,0,0,0,0,0,0,5349.308696
"1210",202201,2022,"J-10",0,0,0,0,0,0.241254,60.048093,84.487112,12.955334,8658.481453,0,0,0,0,0,0,8816.213246
"1211",202201,2022,"J-11",0,0,51.442888,0,255.055676,0,529.103883,306.957876,150.057067,8556.100559,23.953095,23.241162,204.577342,11.138304,4.98353,19.428876,10136.040258
"1212",202201,2022,"J-12",0,0,0,0,0,0,30.179328,36.790717,9.774392,4041.080986,0,0,0,0,0,19.834168,4137.659591
"1213",202201,2022,"J-13",0,0,6.6261,0,0,0.085775,75.674782,133.401196,13.144982,3343.843244,0,0,19.363652,0,0,0,3592.139731
"1214",202201,2022,"J-14",0,0,0,0,0,0.288528,5.008021,0,39.445892,6950.617597,0,0,0,0,0,5.008021,7000.368059
"1215",202201,2022,"J-15",0,0,0,0,0,0.082579,0.08258,0,0.619343,1995.52174,0.04129,0,0,0.701922,0.412895,28.613627,2026.075976
"1216",202201,2022,"J-16",0,0,2.379071,0,0,0,1.806332,0,7.577783,686.406145,0,0,0,0,0,0,698.6099
"1217",202201,2022,"J-18",50.156939,0,0,37.627891,0,0,8998.770115,17367.318905,112.863299,229.128795,0,1777.189512,0,0,0,363.647994,28949.252871
"1218",202201,2022,"J-19",0,0,0,0,0,0,2677.631417,1123.970709,0,1839.279837,0,697.792176,0,0,0,2481.110602,8819.784741
"1219",202201,2022,"J-20",0,0,0,0,0,0,2070.315723,440.165762,0,2819.3254,0,822.909809,0,0,0,791.065019,6943.781713
"1220",202201,2022,"J-21",54.695734,0,0,24.067748,0,0,2584.75427,830.205288,0,4775.467714,0,1441.302673,0,0,0,136.729181,9847.222608
"1221",202201,2022,"J-22",0,0,0,14.796551,0,0,1036.952195,1994.468107,0,190.194336,0,1495.418914,0,0,0,0,4731.830103
"1222",202201,2022,"J-23",0,0,0,10.463869,0,0,4600.278565,23777.630987,0,950.752469,0,9179.012661,0,0,0,0,38525.004823
"1223",202201,2022,"J-24",0,0,11.483597,0,0,2.587292,322.933877,447.342831,0,11.145259,0,852.612309,0,0,0,0,1650.354119
"1224",202201,2022,"J-25",0,0,26.995083,3.243095,0,0,469.751301,3566.409803,0,19.016332,0,186.09102,0,0,0,0,4271.506634
"1225",202201,2022,"J-26",0,0,11.606909,3.144346,0,0,274.839172,89.963246,0,66.594153,8.346105,18601.157896,0,13.780778,0,0,19073.430971
"1226",202201,2022,"JI1918",0,0,0,3.495653,0,6.991307,169.91656,17.478267,41.947841,4654.045412,0,2349.257842,0,0,0,18359.211397,25602.344279
"1227",202201,2022,"JI2019",121.925959,0,11.078754,49.884226,0,0,7143.210333,620.648879,0,2239.49942,0,3155.674547,0,0,0,2460.477791,15802.399909
"1228",202201,2022,"JI2120",0,0,0,2.312393,0,0,2366.085546,284.748934,0,2435.315359,0,1807.885951,0,0,7.403716,294.911294,7198.663193
"1229",202201,2022,"JI2221",0,0,0,0,0,0,4838.877151,2006.419172,0,1675.594657,0,4202.70666,0,0,0,0,12723.59764
"1230",202201,2022,"K-01",0,0,0,24.568332,0,0,5040.537748,3130.168891,278.366813,2799.248502,0,584.143194,0,0,0,1959.43124,13816.46472
"1231",202201,2022,"K-02",38.998322,0,7.632967,1.688904,0,0,704.799262,903.782825,14.410517,7524.066055,0,474.691613,0,0,0,82.22987,9752.300335
"1232",202201,2022,"K-03",0.70499,0,0,0,0,0,169.338616,68.686176,6.324768,4532.864613,0,1172.902059,0,171.373016,0,30.616712,6152.81095
"1233",202201,2022,"K-04",1.098479,0,23.757309,0.043078,3.273899,0,345.805618,119.626559,15.03409,1967.311967,0,357.371961,0,8.938607,0,47.493079,2889.754646
"1234",202201,2022,"K-05",0,0,193.400996,0,0,1.03338,696.478083,357.827613,12.162085,4625.42766,0,37.658743,0,0,0,31.319356,5955.307916
"1235",202201,2022,"K-06",0,0,122.977529,0,0,2.004954,233.334403,132.052583,17.601383,6866.164486,0,4.410898,0,0,0,56.835162,7435.381398
"1236",202201,2022,"K-07",0,0,9.216754,0,0,0.256021,301.490276,27.727069,41.808222,8561.00786,0,0,0,0,0,166.746447,9108.252649
"1237",202201,2022,"K-08",0,0,0,0,0,2.831745,38.498243,6.607404,3.910504,12294.356346,0,0,0,0,0,0,12346.204242
"1238",202201,2022,"K-09",0,0,0,0,0,0.284161,10.916515,38.503802,49.443997,12520.271328,0,0,0,0,0,3.812492,12623.232295
"1239",202201,2022,"K-10",0,0,114.538891,0,0,0,185.427772,311.653385,18.716835,9234.700948,0,7.007511,0,0,0,203.760325,10075.805667
"1240",202201,2022,"K-11",0,0,1.149873,0,17.133113,0,12.556617,2.621711,37.278894,2656.897343,0,0,0,0,0.735919,0,2728.37347
"1241",202201,2022,"K-12",0,0,31.451811,0,4.679681,0,4.570851,0,4.316915,3344.2671,13.676278,0,0,0,0,0,3402.962636
"1242",202201,2022,"K-13",0,0,0,75.549626,0,0.388985,1.988148,0,0,7353.835462,0,0,0,0,0,0,7431.762221
"1243",202201,2022,"K-14",0,0,0,0,4.017852,0.262034,11.070928,0,4.039688,4182.059515,4.520083,0,0,0,0,0,4205.9701
"1244",202201,2022,"K-18",27.844286,0,0,11.137714,0,0,1952.457126,1467.828317,13.922143,2951.37582,0,902.312845,0,0,0,1732.408277,9059.286528
"1245",202201,2022,"K-19",43.794311,0,0,0,0,0,1501.882276,1136.216721,0,3148.806737,0,1237.63401,0,181.255082,6.077837,3683.550525,10939.217499
"1246",202201,2022,"K-20",0,0,0,6.233418,0,0,1793.957478,1154.026784,0,4156.181455,0,606.551748,0,0,0,1873.86587,9590.816753
"1247",202201,2022,"K-21",29.258535,0,10.457949,10.457949,0,0,2803.837533,537.24997,0,3554.121272,0,587.167404,0,0,0,225.784954,7758.335566
"1248",202201,2022,"K-22",0,0,2.69767,10.747169,0,0,1767.126158,1199.179595,29.565593,697.151904,0,496.458307,0,0,0,0,4202.926396
"1249",202201,2022,"K-23",10.649311,0,0.598508,3.54977,0,0,2141.605287,1808.133268,0,582.946574,87.505964,703.370466,0,0,0,0,5338.359148
"1250",202201,2022,"K-24",0,0,6.159332,0,0,2.729058,1189.869192,1269.921553,0,30.133346,0,104.613882,0,0,0,0,2603.426363
"1251",202201,2022,"K-25",0,0,0,0.77247,0,2.298569,1496.782946,1301.442257,0,12.962422,0,114.325549,0,0,0,0,2928.584213
"1252",202201,2022,"K-26",0,0,15.070374,0,831.094051,0,1143.86607,1457.173375,0,151.321376,110.474898,1.008809,0,0,0,0,3844.180572
"1253",202201,2022,"K-27",0,0,2.755262,0,136.232379,0,26.8638,69.49382,0,23.878934,0,148.477986,0,0,0,0,449.796455
"1254",202201,2022,"L-01",2.612729,0,1.125483,0,0,0,172.821955,223.046639,3.235764,5361.982506,0,92.370008,0,6.330843,0,163.637208,6027.163135
"1255",202201,2022,"L-02",2.540756,0,1.528585,0.247879,0,0,396.461268,161.451637,1.776464,5350.62623,0,118.444689,0,128.070643,0,41.767554,6202.915705
"1256",202201,2022,"L-03",0,0,6.533639,0,0,0,124.867561,91.779974,4.657426,4086.48243,0,7.173759,0,0,0,38.473424,4359.968213
"1257",202201,2022,"L-04",0,0,8.746879,0.213339,0,0,497.410616,9.813572,5.878661,4820.217968,0,22.945743,0,0,0,2.394132,5367.62091
"1258",202201,2022,"L-05",0,0,20.128584,0,0,0,26.469539,0,4.310045,9174.707965,0,0,0,0,0,0,9225.616133
"1259",202201,2022,"L-06",0,0,0,0,0,17.294441,98.706423,8.134793,2.284574,7698.26828,0,0,0,0,0,0,7824.688511
"1260",202201,2022,"L-07",0,0,0,7.814874,0,0,138.308525,0,0,6374.233918,0,0,0,0,0,0,6520.357317
"1261",202201,2022,"L-08",0,0,0,0,0,4.621763,6.567768,0,0,2902.644066,0,0,0,0,0,0,2913.833597
"1262",202201,2022,"L-09",0,0,0,0,0,0,55.112811,0,2.962568,3105.449737,0,0,0,0,0,0,3163.525116
"1263",202201,2022,"L-18",10.385829,0,14.830704,1.474397,0,0,1085.351654,1152.480102,17.779498,3991.77928,0,283.127672,0,0,0,307.021584,6864.23072
"1264",202201,2022,"L-19",0,0,0,3.514089,0,0,2593.45925,1853.477837,0,4213.842635,0,324.930683,0,0,0,350.080938,9339.305432
"1265",202201,2022,"L-20",0,0,31.372515,25.278783,0,0,1302.513356,1433.193292,36.591549,6304.038684,0,351.570435,0,0,0,1162.240892,10646.799506
"1266",202201,2022,"L-21",0.586693,0,13.569644,2.365698,0,0,295.977219,214.900014,0,648.012021,0,233.371385,0,0,0,991.795267,2400.577941
"1267",202201,2022,"L-22",0,0,7.956588,1.602498,0,0,201.299813,938.187932,16.080879,395.686523,22.509504,745.031046,0,0,0,0,2328.354783
"1268",202201,2022,"L-23",0,0,5.744968,5.410716,0,0.647615,798.822161,654.759249,17.840738,720.690593,0,493.649449,0,0,0,0,2697.565489
"1269",202201,2022,"L-24",0,0,0,14.071531,0,28.143062,1384.471992,1540.036467,98.556261,93.908953,46.565658,645.08711,0,0,0,0,3850.841034
"1270",202201,2022,"L-25",0,0,5.541304,23.745848,0,0,998.706424,2131.912095,13.444474,26.016875,0,201.303751,0,0,0,0,3400.670771
"1271",202201,2022,"L-26",0,0,78.732441,18.530836,0,0,595.480199,529.309437,0,32.377016,0,49.113327,0,0,0,0,1324.284192
"1272",202201,2022,"L-27",0,0,1.107557,0,0,0.092296,76.532203,87.25705,0,10.8356,143.244065,9.746503,0,0,0,0,330.698121
"1273",202201,2022,"L-28",0,0,15.721267,2.040741,4.912896,0.075583,54.155229,72.332943,2.00295,101.092281,4.950687,0,0,0.529081,0,0,409.84889
"1274",202201,2022,"L-29",0,0,26.469736,2.402979,0,0.110907,75.915645,152.810968,0,26.229439,0,0,0,63.993174,0,0,630.929814
"1275",202201,2022,"L-30",0,0,19.528612,0,0,0,233.596664,101.893406,0,4.480093,25.789256,0,0,0,0,0,888.551855
"1276",202201,2022,"L-31",0,0,43.094299,2.738244,0,1.35968,300.243759,74.140324,0,3.776888,51.932218,0,0,15.541897,0,0,687.412611
"1277",202201,2022,"M-01",0,0,5.05259,0.359389,0,0.549654,154.304819,10.274304,7.948844,4105.493336,0,30.548084,0,54.077507,0.359389,230.960425,4599.928341
"1278",202201,2022,"M-02",0,0,0,0,0,0.230452,113.774059,53.856588,2.166247,9185.348243,0,0,0,2.650196,3.134145,5.78434,9366.94427
"1279",202201,2022,"M-03",0,0,0,0,0,0.080683,21.905453,1.069051,8.713772,7422.035547,0,0,0,0,0,0,7453.804506
"1280",202201,2022,"M-04",0,0,0,0,0,0.283752,99.573265,1.135008,24.473599,11066.370795,0,0.283752,0,0,0,2.270015,11194.390186
"1281",202201,2022,"M-05",0,0,0,0,0,0.271238,67.628598,0,0.723301,6603.394598,0,0,0,0,0,0,6672.017735
"1282",202201,2022,"M-06",0,0,0,0,0,0.300505,39.846937,0,2.133585,8457.978219,0,0,0,0,0,0,8500.259246
"1283",202201,2022,"M-07",0,0,0,0,0,8.872018,61.389,0,0,2515.384682,0,0,0,0,0,0,2585.6457
"1284",202201,2022,"M-08",0,0,0,0,0,8.054643,21.458072,0,0,2317.597582,0,0,0,0,0,0,2347.110297
"1285",202201,2022,"M-18",0,0,0,0,0,0,770.525987,779.582802,16.437249,2387.75536,0,511.274647,0,0,0,84.254509,4549.830554
"1286",202201,2022,"M-19",10.423376,0,0,0,0,0,1065.478794,528.860678,0,2771.525391,0,712.395131,0,0,0,203.288608,5291.971978
"1287",202201,2022,"M-20",0,0,0,0,0,0,1343.442239,189.345698,0,1614.10043,0,2466.075344,0,0,0,7829.793757,13442.757468
"1288",202201,2022,"M-21",1.505992,0,318.024627,3.011984,0,0,721.965172,1308.298093,37.686987,272.454421,31.644426,83.201415,0,0,0,1106.32782,3885.626929
"1289",202201,2022,"M-22",0,0,42.264719,3.182966,0,0,253.172359,564.596605,0,499.689425,23.130756,382.498421,0,0,0,0,1768.535251
"1290",202201,2022,"M-23",0,0,3.22749,0,0,0.16658,229.589033,575.471805,8.058313,580.07358,28.547666,459.969322,0,0,0.957836,2.248831,1888.310456
"1291",202201,2022,"M-24",0,0,0,19.101517,0,0.687506,472.81829,682.972141,0,130.068695,26.273877,152.013143,0,0,0,0,1483.935169
"1292",202201,2022,"M-25",0,0,46.842872,0,0,5.032063,373.169242,1103.245809,18.18537,129.434763,0,73.26606,0,0,20.905405,5.420639,1775.502223
"1293",202201,2022,"M-26",0,0,0,106.007512,0,1.394836,6907.590236,5174.496775,0,227.681658,0,75.705213,0,0,0,0,12496.312782
"1294",202201,2022,"M-27",0,0,192.58298,50.452128,0,1.825887,5331.91542,3074.043351,0,2105.939089,0,353.414754,0,0,0,0,11416.711128
"1295",202201,2022,"M-28",0,0,216.305558,41.602452,0,22.160783,193.018286,1123.34389,0,74.523159,0,42.476453,0,0,0,0,1713.430581
"1296",202201,2022,"M-29",0,0,69.543348,104.540324,0,0.43183,560.308352,934.141399,11.734501,951.057855,10.664315,166.085436,0,0,0,0.43183,2814.909704
"1297",202201,2022,"M-30",0,0,76.406526,58.745919,0,0.184156,198.760096,378.57049,7.808235,171.19187,8.360705,102.391007,0,0,0,1.123355,1063.393217
"1298",202201,2022,"M-31",0,0,845.782526,26.945318,0,0,73.459216,101.001607,1.560093,0,0,0,0,4.795843,1.367489,1.174885,1056.086977
"1299",202201,2022,"M-32",0,0,21.891956,17.567619,0,0,289.962241,224.518034,0,0.482627,0.965254,0,0,7.451759,0,0,642.472929
"1300",202201,2022,"N-01",0,0,0.457142,0.571428,0,2.285712,65.028506,10.971417,0.914285,2973.711295,0,0,0,57.371371,0.114286,69.942787,3181.368229
"1301",202201,2022,"N-02",0,0,0.647768,0.335052,2.278355,1.943303,90.642808,0,12.329924,8326.093598,0,0,0,0,0,0,8434.270808
"1302",202201,2022,"N-03",0,0,0,0,0,0.344124,69.553484,0,1.194312,2501.921425,0,0,0,0,0,0,2573.013345
"1303",202201,2022,"N-04",0,0,0,0,0,0,53.440407,0.249087,6.317743,6984.185557,0,0,0,0,0,0,7044.192794
"1304",202201,2022,"N-05",0,0,0,0,0,0,52.443431,0.672891,0,1733.114498,0,0,0,0,0,0,1786.483154
"1305",202201,2022,"N-06",0,0,0,0,0,0,17.422471,0,4.044048,5472.716156,0,0,0,0,2.823203,0,5497.005878
"1306",202201,2022,"N-07",0,0,0,0,0,10.611709,6.620149,0,14.384221,2143.394908,0,0,0,0,0,0,2175.010987
"1307",202201,2022,"N-18",0.536442,0,0,0,0,0,425.711376,280.760296,0,3818.125443,0,17.344956,0,0,0,33.840545,4576.319058
"1308",202201,2022,"N-19",70.839442,0,27.372555,0,0,0,1433.655367,110.01857,0,1679.662907,0,146.962376,0,0,0,420.769214,3889.280431
"1309",202201,2022,"N-20",0,0,602.432988,14.040422,0,0,1401.412111,560.331497,0,1389.210786,0,733.582396,0,0,0,2730.367733,7431.377933
"1310",202201,2022,"N-21",0.802949,0,273.357282,3.977396,0,0,416.767619,286.85802,21.455531,250.501259,0,170.990684,0,0,0.802949,427.50472,1853.018409
"1311",202201,2022,"N-22",0.315423,0,0,0,0,0,395.106344,386.767356,5.776178,522.89196,0,129.914719,0,0,0,320.646875,1761.418855
"1312",202201,2022,"N-23",0,0,5.045697,1.361537,0,0,320.381712,716.348758,0,603.881783,7.568545,578.012576,0,0,0,6.006782,2238.60739
"1313",202201,2022,"N-24",0,0,0,1.399254,0,0.460028,263.48153,931.270921,11.826576,1327.719958,0,311.190355,0,0,0,0,2847.348622
"1314",202201,2022,"N-25",0,0,0,0,0,4.478579,242.698086,1459.143264,0,370.922956,0,501.322072,0,0,0,0,2578.564957
"1315",202201,2022,"N-26",0,0,1.283936,0,0,119.802537,452.568477,2360.081636,0,203.956972,0,1874.074186,0,0,0,0,5011.767744
"1316",202201,2022,"N-27",0,0,208.595608,0,0,0,2232.592943,4127.829516,0,246.249898,0,175.044896,0,0,0,1.637909,6991.95077
"1317",202201,2022,"N-28",0,0,38.423126,131.546384,0,41.690265,507.032664,1562.396985,0,1543.028912,0,68.903386,0,0,0,0,3893.021722
"1318",202201,2022,"N-29",0,0,7.125199,343.571768,0,187.808056,59.649729,785.048345,0,6932.723508,0,64.584024,0,0,0,0,8442.427466
"1319",202201,2022,"N-30",0,0,0,94.807323,0,92.174831,238.31575,1217.960079,0,5317.72807,0,190.103537,0,0,0,0,7230.816494
"1320",202201,2022,"N-31",0,0,17.596679,14.477351,0,0,45.322,275.234811,0,84.552134,0,0,0,0,0,0,437.182975
"1321",202201,2022,"O-01",0,0,0,0.109505,0,7.884353,26.478282,1.971088,0.657029,1303.108231,0,0.109505,0,0,0,0,1341.303537
"1322",202201,2022,"O-02",0,0,0,0,0,4.655525,81.074258,0,0.340648,1251.087065,0,0,0,0,0,0,1337.157496
"1323",202201,2022,"O-03",0.204839,0,0,0,0,0.040968,20.033293,0,3.810013,321.597839,0,0,0,0,0,0,345.686952
"1324",202201,2022,"O-04",0,0,0,0,0,0.021832,12.749862,0,3.056474,2134.946802,0,0,0,0,0,0,2150.77497
"1325",202201,2022,"O-18",4.387729,0,0,0.173771,0,0,229.61726,64.947082,0,1586.533407,0,0,0,20.418146,0,75.373369,1981.450764
"1326",202201,2022,"O-19",17.971714,0,42.243857,2.706086,0,0.908914,705.358805,219.275573,0,2264.80784,0,20.967,0,0,0,669.559975,3943.799764
"1327",202201,2022,"O-20",25.365336,0,85.329566,6.916186,0,2.299407,2228.089702,966.289971,0,1040.55364,0,331.545784,0,0,0,431.246645,5119.935644
"1328",202201,2022,"O-21",5.692252,0,0.718623,0.718623,0,0,438.208813,381.040453,0,409.236954,0,21.67216,0,0,2.83667,273.700852,1533.8254
"1329",202201,2022,"O-22",0,0,0,1.379128,0,0,670.423328,122.19909,0,272.691199,0,232.717385,0,0,0,170.3014,1469.71153
"1330",202201,2022,"O-23",0,0,0,0.48837,0,0,321.816595,304.821304,0,180.833812,0,88.883423,0,0,0,3.008362,899.851866
"1331",202201,2022,"O-24",0,0,4.801315,4.547587,0,0,466.254515,514.950778,7.06535,571.629714,0,79.494941,0,0,0,0,1665.64639
"1332",202201,2022,"O-25",0,0,3.922204,2.979367,0,1.489684,376.550447,121.343188,0,219.473717,0,65.942056,0,0,0,0,793.756049
"1333",202201,2022,"O-26",0,0,12.088822,132.005968,0,201.724777,106.916709,1508.863286,0,2237.105786,0,355.114086,0,0,0,0,4553.819434
"1334",202201,2022,"O-27",0.942628,0,60.328169,0,0,36.762478,1225.26512,2026.404357,0,1072.220095,0,1.885255,0,0,0,0,4430.708136
"1335",202201,2022,"O-28",0,0,0,1.173921,0,70.576941,357.033908,3197.517959,0,132.450674,0,0,0,0,0,0,3758.753403
"1336",202201,2022,"O-29",0,0,24.410679,124.068243,0,113.897127,11.178541,2599.233574,0,8623.51786,77.281109,110.700491,0,0,0,0,11684.287624
"1337",202201,2022,"O-30",0,0,0,0,0,65.514282,670.774711,1450.739892,0,16161.333944,0,67.201595,0,0,0,0,18630.454374
"1338",202201,2022,"O-31",0,0,72.238059,0,0,0.330189,389.770006,435.684647,0,98.561476,0,0,0,0,0,0,996.584377
"1339",202201,2022,"ON2524",0,0,4.666596,0,0,1.166649,262.113507,398.955692,0,541.765,28.420334,84.897618,0,0,0,0,1376.684019
"1340",202201,2022,"ON2625",0,0,70.435191,70.435191,0,109.069058,600.431457,1378.528377,0,606.296216,0,961.143253,0,0,0,0,3796.338743
"1341",202201,2022,"P-01",0,0,0,0,0,1.052892,25.14306,1.158181,0.526446,345.769714,0,0,0,0,0.105289,0,373.755582
"1342",202201,2022,"P-18",0.909206,0,129.931827,0.761195,3.002493,0.909206,202.118525,68.275,0,1012.389893,0,0,0,5.116925,0.909206,64.3633,1488.686776
"1343",202201,2022,"P-19",4.276607,0,9.76629,3.659789,0,0.616818,485.415436,240.661936,14.042896,4029.447728,0,48.523039,0,0,0,45.809039,4882.219578
"1344",202201,2022,"P-20",2.41647,0,56.177924,0.599125,0,0.599125,549.317447,256.08586,1.198249,1836.516849,0,649.371269,0,0,1.198249,256.704954,3610.185521
"1345",202201,2022,"P-21",1.686616,0,0,1.2697,0,0,159.641025,157.95441,0.416916,271.564089,0,13.132862,0,0,0,640.686581,1246.352199
"1346",202201,2022,"P-22",0,0,5.451526,0.408355,0,0,480.796029,342.609026,4.655236,149.008385,0,43.489704,0,0,74.953381,40.202454,1141.778273
"1347",202201,2022,"P-23",0,0,7.639852,0,0,0,589.82111,683.113105,0,259.387285,0,144.626081,0,0,0,3.00283,1687.590263
"1348",202201,2022,"P-24",0,0,104.071534,4.319386,0,2.822569,597.187139,510.371765,6.757059,729.206382,161.121638,312.834712,0,0,6.906741,0,2435.598925
"1349",202201,2022,"P-25",0,0,15.708193,0,24.871306,21.598765,822.207546,335.798986,30.071008,822.498437,113.157168,831.952443,28.798353,0,13.744669,268.166489,3340.354508
"1350",202201,2022,"P-26",0,0,44.997586,0,0,0.278254,178.658702,969.813258,7.33397,2397.313979,0,9.261871,0,0,0,0,3607.65762
"1351",202201,2022,"P-27",0,0,26.23771,0,0,20.828887,425.939914,2484.420032,5.408823,2183.630455,67.108745,78.241087,0,0,0,0,5291.815653
"1352",202201,2022,"P-28",0,0,0,60.119914,0,64.748955,1546.080589,5256.324423,0,528.786337,0,137.296212,0,0,0,0,7593.35643
"1353",202201,2022,"P-29",0,0,12.255236,0,0,33.488375,215.092297,1671.220866,0,3766.250428,0,45.684023,0,0,0,0,5752.134898
"1354",202201,2022,"P-30",0,0,0,53.675056,0,209.801461,243.958314,2337.170217,0,16929.88864,0,33.061836,0,0,0,0,19812.435075
"1355",202201,2022,"P-31",0,0,115.958303,544.324794,0,68.637983,414.160987,910.807972,0,8388.378091,0,895.793412,0,0,0,0,11338.061542
"1356",202201,2022,"P-32",0,0,0,367.698463,0,98.243182,35.889045,119.082645,0,391.781901,32.953042,10532.900995,0,0,0,0,11660.264605
"1357",202201,2022,"PO2423",0,0,25.805162,0,0,0.428386,1194.850391,725.66563,0,491.950421,0,131.16774,0,0,2.835508,5.24263,2587.166369
"1358",202201,2022,"PO2524",0,0,0,2.710332,0,0,402.559637,107.84864,0,147.769576,0,155.091239,0,0,0,0,956.464983
"1359",202201,2022,"PO2625",0,0,18.824283,4.603658,0,14.201116,326.723221,1274.901356,0,781.900225,27.231812,57.292143,0,0,12.01633,0,2517.694144
"1360",202201,2022,"PO2726",0,0,60.574456,41.104095,0,0,1129.377516,6648.510169,17.306988,3604.682366,103.841925,2101.524141,0,0,0,0,13706.921656
"1361",202201,2022,"Q-01",0,0,0,0,0,4.019133,0.721383,0,0,507.853467,0,0.103055,0,0,0,0,512.697038
"1362",202201,2022,"Q-02",0,0,0,0,0,12.453302,0,0,0,490.042786,0,0,0,0,0,0,502.496088
"1363",202201,2022,"Q-18",0.208621,0,1.668968,0.10431,0,0.10431,52.468174,5.737077,0,543.666247,0,0,0,11.578464,1.877589,25.660379,643.074139
"1364",202201,2022,"Q-19",6.184438,0,8.258373,1.027626,0,0,1032.875836,227.908675,0,996.348417,0,139.3834,0,0,1.027626,20.627248,2433.641639
"1365",202201,2022,"Q-20",8.881011,0,0,0,0,0.590709,881.032951,194.24156,0,929.593342,0,138.450072,0,0,0.590709,63.939205,2217.319559
"1366",202201,2022,"Q-21",0,0,0,0,0,0.488048,2.440244,42.535337,0,960.818084,0,36.453497,0,0,0,183.206043,1226.185277
"1367",202201,2022,"Q-22",0,0,0,0,0,0,72.124234,568.186907,4.583004,71.131602,0,3.041256,0,0,0,4.857562,723.924565
"1368",202201,2022,"Q-23",0,0,0,53.164195,1022.531402,0,6534.043097,1182.046391,0,982.047754,0,3462.236977,22.493406,0,257.688399,525.592925,14041.844546
"1369",202201,2022,"Q-25",0,0,19.238067,8.16959,0,0,216.467784,1475.059031,16.813544,46.01324,225.955051,0,0,0,0,0,2007.716307
"1370",202201,2022,"Q-26",0,0,0,0,0,0.142144,130.325687,247.046167,22.194761,25.057946,0,0,0,0,0,0,428.096934
"1371",202201,2022,"Q-27",0,0,1.471413,0,0,2.207119,153.683081,1562.520879,0,3421.610931,0,11.532693,0,0,0,0,5173.705428
"1372",202201,2022,"Q-28",0,0,0,1.526376,0,10.68463,646.468402,2746.316943,0.772848,1269.847955,0,387.641458,0,0,0,0,5067.837739
"1373",202201,2022,"Q-29",0,0,31.002021,86.500166,0,39.978276,335.402649,1072.285248,0,2262.016112,0,48.275654,0,0,0,0,3876.025856
"1374",202201,2022,"Q-30",0,0,56.457045,0,0,25.585402,276.998982,1149.034773,0,1560.409981,0,30.325398,0,0,0,0,3098.811581
"1375",202201,2022,"Q-31",0,0,38.277695,109.077562,0,19.780276,310.676891,473.426439,0,1014.688303,0,840.271686,0,0,0,0,2894.577335
"1376",202201,2022,"QP2423",0,0,9.343002,0,0,0,1492.210864,1819.969396,0,1427.45568,0,21.484599,0,0,14.660332,0,4785.123873
"1377",202201,2022,"QP2524",0,0,0,0,0,0,91.23363,199.402103,1.938947,71.472876,209.942547,5.858094,0,2.495878,0,1.031355,583.37543
"1378",202201,2022,"QP2625",0,0,0,0,0,0,56.969337,417.124684,7.769367,53.427951,0,78.055039,0,0,0.668527,2.077854,616.092759
"1379",202201,2022,"QP2726",0,0,24.91941,0.374728,0,0,273.384867,1057.648858,0,1711.465881,0,1.228275,0,0,0,0,3069.022019
"1380",202201,2022,"R-22",0,0,0,0,0,0,93.194843,385.884225,5.198975,81.164158,0,21.053699,0,0,0,0,586.4959
"1381",202201,2022,"R-23",0,0,0,0.059631,0,0.059631,69.31159,155.280225,12.58223,1098.808353,0,2.106977,0,0,0,0,1338.208637
"1382",202201,2022,"R-24",0,0,0,0,0,0,266.840859,711.840873,4.8408,1734.885561,0,0,0,1.746225,5.791278,0,2725.945596
"1383",202201,2022,"R-25",0,0,0,0,0,0,109.220643,194.132177,0,241.407682,0,0,0,0,0,0,544.760502
"1384",202201,2022,"R-26",0,0,0,0,0,1.646609,60.111661,43.583038,17.195603,34.203618,0,1.792511,0,0,0,0,286.614231
"1385",202201,2022,"R-27",0,0,0,0.733659,0,5.175269,106.420189,295.406741,2.696692,535.888211,0,5.413213,0,0,0,0,951.852946
"1386",202201,2022,"R-28",0,0,1.954734,23.763434,0,8.183054,158.18015,2713.247598,0,1205.361874,0,42.352572,0,0,0,0,4153.043416
"1387",202201,2022,"R-29",0,0,12.771037,6.014617,0,14.635567,48.878787,1811.221705,0,2599.176623,56.336912,101.085662,0,0,0,0,4663.794139
"1388",202201,2022,"R-30",0,0,61.735476,1086.575662,0,321.034903,1580.45947,10828.666672,0,19606.922994,0,27.461163,0,0,0,0,33512.85634
"1389",202201,2022,"R-31",0,0,373.351312,20.479854,0,659.177986,119.155517,174.791795,0,829.077591,0,31.690297,0,0,0,0,2207.724352
"1390",202201,2022,"R-32",0,0,103.132427,63.180083,0,60.759208,83.559733,264.634832,10.933493,157.43597,75.331924,133.543676,0,0,0,0,952.511346
"1391",202201,2022,"S-22",0,0,0,0,0,0.154412,76.028628,86.914677,1.003678,91.913766,0,11.15627,0,0,0,2.393387,269.642024
"1392",202201,2022,"S-23",0,0,0.930287,0.105714,0,0.274858,73.682932,77.12922,10.825154,3907.203908,0,3.23486,0,0,0,0,4073.492647
"1393",202201,2022,"S-24",0,0,0,0.943141,0,0,237.105579,89.661245,0,232.117413,0,10.416466,0,0,0,0,570.243844
"1394",202201,2022,"S-25",0,0,0,0.019339,0,0,27.539347,33.921357,1.392439,327.996709,0,0,0,0,0,0,390.88853
"1395",202201,2022,"S-26",0.23669,0,0.591724,0,0,0,20.986469,28.560534,1.143999,121.934543,0,32.899842,0,0,0,0,217.123174
"1396",202201,2022,"S-27",0,0,0,0,0,0,172.909967,185.668299,0.864646,885.743269,0,3.804442,0,0,0,0,1248.990623
"1397",202201,2022,"S-28",0,0,0,0,0,3.001454,1729.367104,4236.248084,0,3589.97425,0,56.83145,0,0,0,0,9621.405632
"1398",202201,2022,"S-29",0,0,38.205634,0.32491,0,34.669845,471.196459,1540.017727,3.210879,1207.615325,0,0,0,0,0,0,3296.119948
"1399",202201,2022,"S-30",0,0,5.216053,57.432466,0,22.633943,39.157652,1282.087108,0,1460.10353,0,202.122039,0,0,0,0,3069.088109
"1400",202201,2022,"S-31",0,0,37.66032,9.728336,0,134.856662,61.972458,451.819416,0,2627.92109,0,111.571307,0,0,0,0,3436.451954
"1401",202201,2022,"T-25",0,0,0,0,0,0,15.931168,13.815309,0,100.441032,0,1.078672,0,0,0.041487,0,131.43213
"1402",202201,2022,"T-26",0,0,2.019131,0,0,0.063098,39.793712,37.585288,0,131.664184,0,458.721385,0,0,0,0,669.846798
"1403",202201,2022,"T-27",0,0,11.962154,0.036031,0,1.008857,39.993948,83.320726,0,74.186972,0,4.143517,0,0,0,0,214.652205
"1404",202201,2022,"T-28",0,0,0,0.897276,0,4.448993,70.342686,45.405895,0,6336.561881,0,13.683456,0,0,0,0,6471.340187
"1405",202201,2022,"T-29",0,0,0,6.233229,0,5.713794,27.010659,195.82728,0,1106.879121,0,26.164171,0,0,0,0,1367.828254
"1406",202201,2022,"T-30",0,0,19.522283,7.816253,0,17.852615,40.145448,1940.797538,0,1823.737229,0,224.579652,0,0,0,0,4074.451018
"1407",202201,2022,"U-25",0,0,0,0,0,0.164297,17.251135,39.718685,0,161.873152,0,18.072618,0,0,0.082148,0,237.162035
"1408",202201,2022,"U-26",0.512255,0,47.926541,0,0,0.635196,23.830085,205.639489,4.876664,235.801039,0,64.953884,0,0,7.294506,0,591.469659
"1409",202201,2022,"U-27",0,0,22.017762,0,0,0,26.710397,53.895997,0,154.005535,0,97.535519,10.276276,0,0,0,364.441486
"1410",202201,2022,"U-28",0,0,0,0,0,2.551618,29.537929,43.377495,0,279.495041,0,104.278349,0,0,0,0,459.240432
"1411",202201,2022,"U-29",0,0,5.913756,1.021467,0,55.230901,43.815558,43.403388,0,614.403445,0,1.021467,0,0,0,0,764.809982
"1412",202201,2022,"V-25",0,0,12.825357,0,0,0,322.260253,742.470827,0,207.923123,0,508.999921,0,0,0,0,1794.479481
"1413",202201,2022,"V-26",0,0,90.56782,0,0,0,90.547458,770.437311,0,397.842768,0,50.679699,0,0,0,0,1400.075056
"1414",202201,2022,"V-27",0,0,80.981404,0,0,3.493606,43.198709,134.161841,0,283.869303,0,111.148409,0,0,0,0,656.853272
"1415",202201,2022,"V-28",0,0,36.669177,0,0,0,88.872063,121.193863,0,282.012432,0,393.41181,0,0,0,0,922.159345
"1416",202201,2022,"Z-05",0,0,0,0,0,0.683128,43.629135,70.498853,0,0,0,0,0,0,0,0,2144.841077
"1417",202202,2022,"AA-01",0,0,0,59.507529,0,0,3198.47068,10413.274832,0,2045.0581,0,0,0,0,0,81.616392,15797.927533
"1418",202202,2022,"AA-02",0,0,0,0,0,0,1699.10805,2200.256098,0,811.997419,0,1674.797549,0,0,656.873275,985.799684,8028.832075
"1419",202202,2022,"AA-03",79.745496,0,59.809122,0,0,0,8181.477031,744.392458,6.65324,5541.051362,0,466.497145,0,0,73.115601,1116.553669,16269.295124
"1420",202202,2022,"AA-04",0,0,28.326772,0,0,6.661055,2018.253689,0,0,4616.065296,46.673485,337.662497,0,0,16.664163,809.952069,7880.259026
"1421",202202,2022,"AA-05",1.706834,0,0,0,0,1.706834,156.27015,16.286043,6.519158,5141.88533,0,0,0,0,0,0,5324.374349
"1422",202202,2022,"AA-06",0,0,0.116054,0,0,0.580268,2.321074,0,0,197.175216,0.92843,0,0,0,0,60.463972,261.631435
"1423",202202,2022,"AA-07",0,0,200.153357,0,0,14.308358,554.659295,69.718176,0,1092.298192,0,0,0,0,0.72477,0,1931.862148
"1424",202202,2022,"AA-08",0,0,11.421554,0.232618,0,23.750319,407.151652,240.992464,5.024553,2025.592841,3.419488,0,0,0.674593,0,0,2718.260082
"1425",202202,2022,"AA-18",0,0,0,0,0,0,623.914404,531.652042,141.696877,4553.65807,20.882618,0,0,0,0,2894.644976,8766.448987
"1426",202202,2022,"AA-19",0,0,47.505153,0,58.865081,0,573.986177,563.452426,0.849126,911.548159,0,0,0,0,0,71.487223,2227.693345
"1427",202202,2022,"AA-21",0,0,0,0,0,0,1079.36811,799.849833,0,4950.108655,16219.279662,0,0,0,0,68.024537,23116.630797
"1428",202202,2022,"AA-22",130.327899,0,0,0.356619,47.559957,1.750674,147.575272,86.301708,0,88.27932,369.845937,6.354296,30.636782,479.068497,81.730506,355.062474,1824.849941
"1429",202202,2022,"AA-23",0,0,0,0.151428,0,2.660807,218.770287,956.484549,7.355077,76.211581,0,0,0,0.302856,3.43958,4.542842,1269.919007
"1430",202202,2022,"BB-01",0,0,0,0,0,7.676017,1262.425049,841.36307,0,913.826461,0,0.850404,0,0,2016.196485,1224.761094,6274.013709
"1431",202202,2022,"BB-02",28.093756,0,16.059793,0,0,24.067928,2763.611757,4815.587556,0,2009.171446,0,151.719341,0,0,121.732357,255.498678,10185.542612
"1432",202202,2022,"BB-03",8.380448,0,10.58468,0,0,0,608.040752,0,0,404.531186,39.872598,599.725776,0,0,9.362531,402.719787,2083.217758
"1433",202202,2022,"BB-04",32.421232,0,1.510159,0,0,4.742844,177.726869,11.467772,0,3139.951461,9.296918,88.249932,0,0,0,195.589221,3660.956408
"1434",202202,2022,"BB-05",0.047972,0,1.439152,0,0,10.88958,50.466247,0,0,6208.763511,0,0,0,0,0,32.476853,6304.083315
"1435",202202,2022,"BB-06",0,0,155.876721,0,0,128.808442,65.017382,33.712717,0,3026.697373,0,0,0,0,0,0,3410.112635
"1436",202202,2022,"BB-07",5.248102,0,116.051915,0,0,3.205854,172.403706,235.285938,0,3572.746194,27.404115,0,0,0,0,2.422201,4134.768025
"1437",202202,2022,"BB-08",26.21502,0,28.974496,0,0,40.472313,250.166923,169.682213,0,2672.041307,191.732467,3.679301,0,8.278427,10.118078,7.358602,3408.719147
"1438",202202,2022,"BB-09",26.78271,0,11.832234,0,0,2.221213,165.117328,493.32299,0,1018.31963,223.787267,0,0,38.593586,4.01527,0,1983.992228
"1439",202202,2022,"BB-10",25.884313,0,0,0,0,36.144561,440.656506,621.423825,29.311815,1967.519393,66.925305,0,0,0,0,0,3187.865718
"1440",202202,2022,"BB-18",0,0,0,0,0,29.440891,898.96959,1678.394651,39.071295,957.16977,0,0,0,0,53.12113,99.492183,3755.65951
"1441",202202,2022,"BB-19",50.777763,0,0,0,0,141.008752,4212.773439,1880.83208,276.355235,4230.993158,2097.916148,9023.327176,0,0,812.078897,3874.452895,26713.304279
"1442",202202,2022,"BB-20",0,0,0,0,0,126.624133,1254.199919,539.660531,0,1069.705729,36133.528833,0,99.491981,0,9.036632,0,39232.247758
"1443",202202,2022,"BB-21",0,0,0,0,4447.393166,8.016618,1550.997759,366.782063,0,203.922723,283.130395,0,0,997.219366,577.697542,0,8450.060085
"1444",202202,2022,"BB-22",498.66988,0,552.092102,0,2902.919765,0,1485.30437,683.866913,926.089305,268.214957,28281.307379,0,160.287491,5485.285375,0,0,41244.037537
"1445",202202,2022,"CC-01",0,0,0,0.811302,0,0,510.234914,731.376044,0,2041.455934,0,54.824316,2.45849,0,16707.378433,93.373432,20141.912865
"1446",202202,2022,"CC-02",173.637344,0,849.16621,0,0,38.064156,2549.881977,0,0,3393.494754,0,920.666662,133.212978,0,45.191062,25239.428172,33409.338234
"1447",202202,2022,"CC-03",40.697259,0,261.441253,0,0,113.505857,2702.868968,221.516727,0,5026.626655,580.021801,1850.480331,378.080971,0,0,301.365779,11476.605601
"1448",202202,2022,"CC-04",0,0,0,0,0,124.844137,89.272485,0,9.123452,299.288458,0,6.984836,0,0,0,0,529.513368
"1449",202202,2022,"CC-05",1.134765,0,164.128223,0,0,396.383584,374.926218,0,3.053548,8244.394784,0,10.769947,0,0,0,0,9194.791069
"1450",202202,2022,"CC-06",0,0,7.66532,0,0,1.009803,109.609484,0.229501,3.90151,2285.137413,0,0.918002,0,14.458537,0,27.907272,2450.836842
"1451",202202,2022,"CC-07",31.224775,0,184.035266,1.645719,0,47.638078,828.147728,70.656201,35.328101,7641.095113,463.368633,0,0,75.593358,0.811888,612.075799,9991.620659
"1452",202202,2022,"CC-08",14.639286,0,70.438639,0,0,46.193039,1003.859762,0,2.298161,6899.079702,203.525149,0,0,48.031568,0,0,8288.065306
"1453",202202,2022,"CC-09",840.559548,0,78.460095,0,0,6.469476,519.187188,591.201419,146.177083,5866.562588,1138.297074,0,0,0,0,0,9186.914471
"1454",202202,2022,"CC-10",0,0,40313.596372,0,0,5525.840954,45902.248141,36797.131864,1883.80435,2250.142984,13186.679986,0,0,0,0,0,145859.444651
"1455",202202,2022,"CC-18",0,0,0,0,0,0,926.962308,1207.118993,4.876691,1810.494463,71.86218,0,0,0,1.219173,13476.758037,17499.291845
"1456",202202,2022,"CC-19",0,0,0,0.211165,0,0,479.297562,622.819355,23.298535,1277.829637,7.484625,424.676223,0,0,0,16.682033,2852.299135
"1457",202202,2022,"CC-20",0,0,22.35921,0,13.603959,0,948.761262,255.671708,0.965146,307.536803,3221.541649,0,75.832881,0,16.522376,266.35725,5131.105515
"1458",202202,2022,"CC-21",0,0,58.167347,2.164366,874.133489,5.843789,1271.240619,8.711575,29.110728,1164.970227,2501.68293,749.03311,98.911546,1983.912373,74.183659,474.158574,9297.685279
"1459",202202,2022,"DD-01",0,0,426.988251,5.771044,0,112.523854,2325.385694,574.115375,0,1056.169959,0,0,46.168349,124.065942,25792.771251,1240.59044,32068.079922
"1460",202202,2022,"DD-02",0.227804,0,42.303237,0,0,4.146036,207.757417,6.241834,36.517011,2014.062352,57.452215,636.48489,11.139625,0,14.260542,354.076043,3385.785247
"1461",202202,2022,"DD-03",0,0,706.616317,0,1609.951908,55.378866,785.634071,0,0,3058.482138,254.969953,527.427969,972.301995,0,71.388158,2115.519799,10157.671174
"1462",202202,2022,"DD-18",0,0,309.219321,0.643731,0,39.682904,1022.45255,290.654949,0,1378.269692,0,0.830621,0,0,1344.463429,266.982258,4653.199455
"1463",202202,2022,"DD-19",7.584352,0,18.244579,1.116585,0,0.7163,777.669933,677.725031,0.842706,3443.274621,14.031051,6.109617,0,0,0,0,4948.726307
"1464",202202,2022,"DD-20",234.608194,0,103.995691,0,0,0.4753,1172.502297,381.666086,10.646725,2099.559555,70.122627,0.982287,0,0,0,36.756551,4111.315313
"1465",202202,2022,"EE-01",0,0,334.108339,5.817557,0,31.976505,2287.864776,1060.400288,0,776.062156,399.465587,6.720282,119.119503,0,32413.784802,180.123613,37615.443408
"1466",202202,2022,"EE-02",0,0,40.400453,5.0556,95.923359,575.606677,966.484387,181.779866,0,23467.03119,0,330.720505,0,1388.516125,0,1002.25054,28053.768702
"1467",202202,2022,"EE-18",6.885739,0,734.458921,0,0,38.500265,971.707574,399.552518,0,1006.116313,0,0,0,0,84.584823,70.833303,3312.639456
"1468",202202,2022,"EE-19",0,0,2.359501,1.566041,0,0,3301.860791,392.240959,47.169142,1739.954581,110.83391,11.275492,0,0,0,10.210584,5617.471001
"1469",202202,2022,"FF-01",13.993034,0,372.403557,0,0,24.466347,6241.687075,1785.099023,180.085192,1409.004054,0,6958.529585,69.943706,0,0,0,17055.211573
"1470",202202,2022,"FF-02",0,0,5.213696,0,0,34.727353,667.858422,48.622886,0,6788.301513,4773.150465,2552.391447,312.546165,22.577372,0,1375.152598,16580.541917
"1471",202202,2022,"FF-18",0,0,471.804551,0,0,64.043823,1710.673093,1354.465602,0,1288.336431,71.869252,671.782949,6.256043,0,242.158319,0,5881.390063
"1472",202202,2022,"R-01",0,0,1.576411,0,0,1.306169,23.961453,0.270242,0.630565,423.334024,0,0.855766,0,0,0.04504,0,452.114791
"1473",202202,2022,"R-02",0,0,0,0,0,0.089774,10.099586,0.134661,0,901.60128,0,0.403983,0,0,0,0.628419,912.957703
"1474",202202,2022,"R-03",0,0,1.962058,0,0,79.628671,39.43956,0,3.262747,1343.678711,0,0,0,0,0,0,1467.971747
"1475",202202,2022,"R-18",0,0,154.510941,0,0,0,536.493108,42.97502,16.046168,2201.543581,0,8.011507,0,3.681588,2.176537,151.246136,3116.684586
"1476",202202,2022,"R-19",0.392232,0,67.915048,0,0,2.863296,299.371417,8.021154,0,1014.313111,0,72.17077,0,0,0.254951,13.453573,1478.755552
"1477",202202,2022,"R-20",0,0,0,0,0,0,200.565132,266.539671,0,2109.346732,0,72.863616,0,0,0,55.239411,2704.554562
"1478",202202,2022,"R-21",0,0,0,0,0,0.078018,75.950715,108.406285,0,528.924368,0,16.422831,0,0,0,23.229918,753.012135
"1479",202202,2022,"S-01",0,0,9.518643,0,0,45.04778,120.64078,0,0,792.293347,0,0,0,0,0,92.405704,1059.906254
"1480",202202,2022,"S-02",0,0,0.8526,0,0,9.047036,77.72872,0.378933,3.078834,882.914898,0,0,0,0,0,0,974.001021
"1481",202202,2022,"S-03",0,0,0,0,0,9.584398,2.165966,0.108298,3.682141,1353.187007,0,0,0,0,0,0,1368.72781
"1482",202202,2022,"S-18",0,0,214.937581,0.379827,0,70.893653,500.925215,154.857834,10.791565,2299.072462,0,13.450356,0,0,0,169.805157,3435.11365
"1483",202202,2022,"S-19",4.498781,0,103.035853,0.757448,0,0,618.375788,432.34202,0,1378.095927,0,83.456975,0,0,2.24939,351.409871,2974.222053
"1484",202202,2022,"S-20",0,0,3.198143,0,0,10.355892,288.746616,494.49381,0,938.687576,0,334.717201,0,0,1135.079657,33.700159,3238.979054
"1485",202202,2022,"S-21",0,0,0,0.609298,6.408131,0,581.101913,378.73104,5.189535,2084.827601,0,329.756112,0,0,0,163.922089,3550.545719
"1486",202202,2022,"T-01",0,0,0,0,0,111.004023,84.963272,43.872271,0,565.001277,0,0,0,0,0,0,804.840843
"1487",202202,2022,"T-02",0,0,0,0,0,47.657795,206.074716,0,0,1215.454735,0,3.040447,0,0,0,0,1472.227693
"1488",202202,2022,"T-03",0,0,0,0,0,19.799064,53.71897,0,0,1403.118584,0,0,0,0,0,0,1476.636618
"1489",202202,2022,"T-18",0.806296,0,5.263322,0.111986,0,19.171932,421.200178,180.767129,1.388622,873.935499,0,1.299033,0,0,0,97.897797,1601.841794
"1490",202202,2022,"T-19",5.540772,0,0,0.374061,0,0.95853,430.800896,268.365089,0,786.462374,0,61.25242,0,0,1.145561,7.457833,1562.357536
"1491",202202,2022,"T-20",92.012077,0,0,2.049313,112.443105,0,2474.431407,1666.339742,21.466035,1948.627412,0,0,0,0,0,1214.497311,7531.866402
"1492",202202,2022,"T-21",19.022449,0,0,0.721541,0,0,842.54142,465.131665,23.395425,116.605423,0,178.483044,0,0,0,650.917581,2296.818548
"1493",202202,2022,"T-22",8.625289,0,0,0,0,0,716.402643,582.910033,8.961067,275.400647,0,35.739336,0,0,0,123.818015,1751.85703
"1494",202202,2022,"T-23",0,0,0,0,0,0.182716,50.658012,46.592581,0.365432,520.923335,0,11.87654,0,0,0.274074,0,630.87269
"1495",202202,2022,"T-24",0,0,0,0,0,0.235447,115.46697,52.347643,1.844332,251.927935,0,9.653313,0,0,0,0,431.632604
"1496",202202,2022,"U-01",0.740057,0,5.65926,0.174131,5.572195,13.886954,260.630703,105.936999,4.570942,2907.553807,0,3.61322,0,0,0.087066,124.155464,3432.580798
"1497",202202,2022,"U-02",3.876043,0,0,0,0,89.463272,498.899161,117.85267,13.115693,1894.442391,0,0,0,1.71803,0,1.927546,2621.294806
"1498",202202,2022,"U-03",0,0,1.695385,0,0,51.991813,138.032612,0,0,1109.535423,0,0,0,0,0,137.608765,1438.863998
"1499",202202,2022,"U-18",4.843384,0,0,0,0,2.133966,706.654508,1190.009835,0.527497,5194.697079,0,26.56668,0,0,0,34.958682,7160.391631
"1500",202202,2022,"U-19",4.771338,0,0,0,0,0,217.983317,522.841872,8.06748,1622.946533,0,0,0,0,0,27.521632,2404.132172
"1501",202202,2022,"U-20",18.647562,0,0,0,0,0,903.377638,360.437201,4.445776,834.07704,0,498.503255,0,0,0,166.469625,2785.958097
"1502",202202,2022,"U-21",23.57513,0,0,0.2705,0,0,412.658409,545.161874,0,124.554923,0,185.188576,0,0,5.326773,13.753893,1310.490078
"1503",202202,2022,"U-22",0,0,0,0,0,0,277.455047,1309.722805,5.462627,1264.798499,0,0,0,0,0,0,2857.438978
"1504",202202,2022,"U-23",0,0,0,0,0,0,154.306144,32.828558,3.298753,428.738581,0,7.948803,0,0,0,0,627.120839
"1505",202202,2022,"U-24",0,0,0.52525,0,0,0.080808,27.03018,65.696671,0,122.585304,0,111.959089,0,0,0,0,327.877302
"1506",202202,2022,"V-01",8.248259,0,16.473858,0,5.483733,0.226601,739.442807,85.677655,23.067932,3879.060948,0,15.748736,0,0,0.453202,50.010734,4823.894465
"1507",202202,2022,"V-02",0,0,8.363265,0,0,215.250903,63.126362,31.954191,0,2028.472031,0,0,0,0,5.322078,0,2352.48883
"1508",202202,2022,"V-03",0,0,0,0,0,58.600809,657.814719,0,0,1139.001647,0,0,0,0,0,0,1855.417175
"1509",202202,2022,"V-18",4.119985,0,0.959769,0.23409,0,0.983178,170.792126,683.683502,6.039523,7329.009424,0,0,0,0,0,14.021996,8209.843593
"1510",202202,2022,"V-19",0,0,0,0.187297,0,0,318.944181,1413.323308,12.97035,485.802817,0,7.257777,0,0,0,61.339922,2299.825652
"1511",202202,2022,"V-20",0,0,0,0,0,0.123458,144.672211,232.080482,0,363.830754,0,34.979769,0,0,0,36.008587,811.695261
"1512",202202,2022,"V-21",2.550732,0,0,0.737815,0,0,620.945153,638.104624,8.052724,807.380477,0,38.661509,0,0,0,58.139827,2174.572861
"1513",202202,2022,"V-22",20.718282,0,0,0,0,0,1012.369667,1659.831573,0,504.782141,0,253.523615,0,0,0,66.58112,3517.806398
"1514",202202,2022,"V-23",38.769639,0,4.439272,1.479757,0,0.364248,498.883069,889.948749,2.208253,326.001895,0,146.996804,0,0,0,9.971287,1919.062973
"1515",202202,2022,"V-24",10.198366,0,4.569652,4.02051,0,0,569.068827,731.222846,0,206.556137,0,821.321488,0,0,2.137734,0,2350.429192
"1516",202202,2022,"W-01",83.912372,0,8.514194,0,0,0,656.613732,913.825915,46.816469,6067.604558,0,18.513153,0,0,0,130.102456,7927.10922
"1517",202202,2022,"W-02",29.659546,0,5.589337,0.563441,0,0.563441,1211.871931,421.859716,6.152778,1994.627024,0,25.377393,0,0,0,78.881772,3775.146379
"1518",202202,2022,"W-03",0,0,7.387645,0,0,0.315919,869.773661,0.17011,0,5372.859048,0,0,0,0,0,2.260036,6252.766419
"1519",202202,2022,"W-18",0,0,0,0,0,0,0,0,0,1640.406167,0,56.906965,0,0,0,0,1697.313132
"1520",202202,2022,"W-19",17.949314,0,0,0,0,2.567553,1391.825609,1632.751571,0,229.66642,0,17.902203,0,0,0,82.091023,3374.753693
"1521",202202,2022,"W-20",56.845968,0,0,0,0,0,3779.747911,604.946965,0,164.882714,0,55.12679,0,0,0,562.284214,5223.834562
"1522",202202,2022,"W-21",7.563889,0,0,0.696063,0,0,820.171471,2884.022571,17.865627,345.641869,0,27.842535,0,0,0,48.121181,4153.294131
"1523",202202,2022,"W-22",20.888892,0,0,2.681261,0,1.351023,579.588797,914.51775,0,200.949058,0,1.912217,0,0,0,4.718187,1726.607185
"1524",202202,2022,"W-23",100.225578,0,2.078256,12.536577,0,1.050301,736.998787,1479.249081,1.050301,643.142059,0,460.702456,0,0,0,146.148334,3583.18173
"1525",202202,2022,"W-24",15.947004,0,0.476293,3.087086,0,0.705619,131.915595,519.089102,0,172.806254,0,89.684258,0,0,0,0,933.711211
"1526",202202,2022,"W-25",7.971541,0,6.652509,11.297796,0,0,7.971541,1826.056387,0,1265.888362,0,277.646671,0,0,0,0,3403.484807
"1527",202202,2022,"W-26",1.879407,0,92.404163,0,0,0.313234,17.854364,607.968489,0,452.81955,0,314.565695,0,0,0,0,1487.804902
"1528",202202,2022,"W-27",0,0,119.834751,0,0,0,20.921822,233.220994,0,250.631963,0,179.340138,0,0,0,0,803.949668
"1529",202202,2022,"X-01",0,0,0,0.977987,0,9.875287,2087.048891,1931.620459,0,4854.824693,0,22.326736,0,0,0,78.024309,8984.698362
"1530",202202,2022,"X-02",85.958882,0,3.917515,3.124954,0,0,2095.915755,215.689765,8.604946,8083.259828,0,102.80646,0,0,0,65.64668,10664.924785
"1531",202202,2022,"X-03",0.36408,0,0,0.18204,0,2.31451,662.470103,35.523835,19.894388,3790.075878,0,0,0,0,4.472986,21.714789,4537.012609
"1532",202202,2022,"X-18",0,0,0,0,0,0,393.986104,762.486654,26.239836,50.422541,0,0.959994,0,0,0,3.839976,1241.546511
"1533",202202,2022,"X-19",0,0,0,0,0,0,1498.959089,15623.710798,0,268.989457,0,0,0,0,5.992398,287.229268,17723.771915
"1534",202202,2022,"X-20",0,0,0,0,0,0,274.303429,554.453626,5.554431,57.298339,0,0,0,0,0,0,891.609825
"1535",202202,2022,"X-21",0,0,0,0,0,0,1053.466744,8491.361508,83.217832,715.534594,0,0,0,0,0,37.241919,10380.822597
"1536",202202,2022,"X-22",36.612059,0,0,4.252392,0,1.700957,1447.63874,2286.397158,15.329355,492.675929,0,3.401914,0,0,0,60.466942,4349.325924
"1537",202202,2022,"X-23",9.0996,0,13.143867,2.022133,0,7.077466,605.917819,1096.512135,0,639.344922,0,163.297586,0,0,15.166,0,2562.703262
"1538",202202,2022,"X-24",1.454439,0,71.229732,0,0,0.831108,3.739986,144.952787,0,55.797568,0,24.366575,0,0,0,11.238847,313.611042
"1539",202202,2022,"X-25",1.757576,0,40.537642,0,0,0.453568,6.690128,204.351289,0,40.197465,0,15.761488,0,0,0,0,309.749156
"1540",202202,2022,"X-26",0,0,60.72426,4.124465,0,3.928062,4.124465,302.496443,0,104.040065,0,47.940205,0,0,0,0,531.127479
"1541",202202,2022,"Y-01",61.343848,0,0,0,0,4.979051,3198.339646,6545.905816,121.044125,882.597301,0,180.551042,0,21.559776,0,207.259061,11223.579666
"1542",202202,2022,"Y-02",2.281901,0,0,1.387961,0,0,1296.143212,598.940163,0.235248,17309.535381,0,76.384867,0,0,0,23.995246,19308.903979
"1543",202202,2022,"Y-03",118.775415,0,0,0,0,13.54727,1550.226229,242.683373,1.49791,4028.715806,0,7.709828,0,0,0,697.673394,6660.829225
"1544",202202,2022,"Y-04",26.094216,0,0,0,0,0,469.184737,90.8825,28.752197,2579.008161,0,3.961414,0,0,0.945628,62.56478,3261.393633
"1545",202202,2022,"Y-18",4.067069,0,0,0,0,5.01843,342.157034,1251.039897,0,60.173592,0,0,0,0,83.577076,31.918166,1792.98277
"1546",202202,2022,"Y-20",0,0,0,0.163138,31.028849,0.9462,191.850298,513.101661,0,38.565825,0,90.019553,0,0,0,0,865.675524
"1547",202202,2022,"Y-21",5.053467,0,0,8.65379,0,14.401295,471.186956,2104.389264,0,291.799738,0,209.642951,0,4.316051,0,24.48654,3133.930052
"1548",202202,2022,"Y-22",28.493723,0,3.198474,1.833272,0,2.047804,85.032604,899.9804,14.588162,518.289324,0,70.951517,0,0,0,7.528116,1631.943396
"1549",202202,2022,"Y-23",0,0,82.417621,5.427593,0,3.996344,22.02636,352.997979,0,56.506443,0,35.13065,0,0,0,0,561.384075
"1550",202202,2022,"Y-24",0,0,88.726764,3.629396,0,3.629396,0,303.11907,0.60797,0,0,17.262661,0,0,0,0,418.799167
"1551",202202,2022,"Y-25",0,0,56.767066,3.268671,0,2.990486,0.782394,160.964625,4.72914,38.998019,0,17.577796,0,0,0,0,290.807337
"1552",202202,2022,"ZZ-01",31.441051,0,0,0,0,0,1718.499718,1801.501152,0,220.871544,44.159605,0,0,0,0,0,3821.815353
"1553",202202,2022,"ZZ-02",138.812107,0,23.131549,10.288293,0,7.710516,5321.191596,1678.634165,0,1862.56876,25.709325,1430.095478,0,0,0,1845.71056,12366.983898
"1554",202202,2022,"ZZ-03",71.249031,0,1.740107,0,0,1.740107,2797.162091,742.954093,12.156911,5918.889856,0,96.540172,0,0,0,131.223123,9773.655491
"1555",202202,2022,"ZZ-04",31.697351,0,0,0,0,17.929334,889.309238,623.389153,54.216023,5966.568497,0,38.854817,0,0,0,414.633685,8036.598098
"1556",202202,2022,"ZZ-05",20.81292,0,7.362721,0,0,19.273005,7.122109,0,0,2370.314933,0,16.842826,0,0,0,0,2450.727395
"1557",202202,2022,"ZZ-21",40.368029,0,0,0.48583,128.170701,32.285591,280.544553,219.99251,1.015826,261.950527,0,31.269764,35.333067,430.93092,46.418817,805.328933,2319.13003
"1558",202202,2022,"ZZ-22",0,0,17.494253,0,0,24.607754,456.835725,1967.007412,28.619439,692.697948,0,0,0,0,3.184533,0,3190.447064
"1559",202202,2022,"ZZ-23",10.139017,0,162.96062,0,0,26.508714,198.834235,1309.840119,0,1210.621248,0,24.979366,0,0,0,0,2943.883319
"1560",202202,2022,"ZZ-24",0,0,180.440168,2.857176,0,24.22885,17.962111,232.345525,0,169.182896,0,8.552479,0,0,0,0,651.550342
"1561",202301,2023,"A-02",0,82.900521,166.825656,2.924805,0,48.212708,6.352602,360.999168,0,0.745173,0,0,0,0,0,0,670.246057
"1562",202301,2023,"A-03",0,0,203.03605,0,0,36.398105,13.663063,43.082722,0,0,0,0,0,0,18.69489,0,314.87483
"1563",202301,2023,"A-04",0,0,489.587638,0,0,2.458719,52.219403,357.005959,0,0,0,0,0,0,0,0,901.271719
"1564",202301,2023,"A-05",0,77.743953,0,2.967482,0,0.85366,139.065131,368.170971,0,7.073175,1.544716,6965.756563,0,12.723586,0,0,7576.895173
"1565",202301,2023,"A-06",0,0,249.949764,0,0,0,19.380746,1232.32677,30.596837,491.322519,3320.230987,27.998992,0,17.3602,0,0,5530.068959
"1566",202301,2023,"AZ0504",0,0,0,0,0,3.259112,136.694689,104.14535,0,662.707055,3884.96629,0,0,5.703446,0,0,4820.623996
"1567",202301,2023,"B-01",0,0,638.756068,0,0,57.540773,42.066661,502.411946,0,0,0,0,0,0,0,0,1240.775448
"1568",202301,2023,"B-02",0,1.861747,218.095868,0,0,5.119804,12.721936,90.527433,0,0.232718,0,0,0,0,41.501437,0,370.216089
"1569",202301,2023,"B-03",0,0,506.836374,0.073052,0,8.163587,43.319973,50.259934,0,0,0,0,0,0,8.766268,0,617.419188
"1570",202301,2023,"B-04",0,0,317.130546,0,7.133576,0.391954,108.649843,62.124819,0,4.233111,1.411037,0.509541,0,0,1.567819,0,503.152246
"1571",202301,2023,"B-05",0,2.909594,71.194121,0,0,0.127295,72.539809,271.719685,56.773448,0.236404,0,155.881485,0,31.532722,0,0,662.914563
"1572",202301,2023,"B-06",0,0,436.764089,0,0,0,1264.719806,1864.694593,284.822935,5.516146,0,6533.568457,0,326.421398,0,0,10716.507424
"1573",202301,2023,"B-07",0,0,131.474621,0,0,0,4.543488,11.072193,0,266.715016,0,1.882887,0,0,0,0,565.398176
"1574",202301,2023,"B-08",0,0,3639.938213,0,0,0,1013.7968,0,127.670306,1067.176648,0,0,0,43.775679,0,0,5892.357646
"1575",202301,2023,"C-01",0,0,686.459194,0.271213,0,6.617607,82.702006,73.860448,0,3.055671,0,0,0,0,7.720541,0,860.68668
"1576",202301,2023,"C-02",0,0,437.317221,0,0,4.67719,0,29.383312,0,6.506574,0,0,0,0,0,0,477.884297
"1577",202301,2023,"C-03",0,0,609.21103,0,0,0.587818,148.593269,35.073141,0,1.104385,0,0,0,0,0,0,794.569643
"1578",202301,2023,"C-04",0,0,373.364117,0,0,0.684723,53.446417,20.465602,0,2.54869,0,0,0,0,3.918136,0,454.427685
"1579",202301,2023,"C-05",0,0,255.540602,0,0,0,906.350905,846.779636,1743.679703,1.917281,0,0,0,33.562097,0,0,3787.830224
"1580",202301,2023,"C-06",0,25.019615,0,2.167206,0,0,1421.048351,2956.571599,1084.376824,0,0,57.6438,0,667.325188,0,0,6570.967512
"1581",202301,2023,"C-07",0,18.692871,0,0,0,0,1553.196771,1522.147933,0,0,0,0,0,53.098877,0,0,3147.136452
"1582",202301,2023,"C-08",0,0,315.485343,0,0,0,148.601148,2631.071167,14.193703,1423.416382,0,0,0,7.897411,0,0,4540.665154
"1583",202301,2023,"C-09",0,0,0,0,0,0,28.269888,37.574746,0,16413.590466,0,0,0,0,0,0,16479.4351
"1584",202301,2023,"C-18",0,894.827511,285.605476,143.726898,0,8.317436,49.442535,405.746215,0,5.906585,518.051688,249.322169,0,0,0,0,2561.669768
"1585",202301,2023,"D-01",0,0,284.099783,0,0,1.78492,43.135569,26.674639,0,6.743031,0,0,0,2.67738,0,0,365.115322
"1586",202301,2023,"D-02",0,0,370.969394,0,0,1.468288,9.407922,59.456614,0,37.722322,0,0,9.407922,0,0,0,488.432462
"1587",202301,2023,"D-03",0,0,673.356731,0,0,0.071609,114.413178,82.332375,0.787698,19.656653,0,0,0,0,0,0,890.618244
"1588",202301,2023,"D-04",0,0,785.126169,0,0,0.693659,178.790726,520.745572,0,0,0,0,0,0,0,0,1485.356126
"1589",202301,2023,"D-05",0,0,0,0,0,0,3467.989829,1337.375972,1238.201982,0,0,0,0,0,0,0,6043.567783
"1590",202301,2023,"D-06",0,0,78.550298,1.052796,0,0,2820.031734,588.513104,30.180159,12.86751,0,13.803329,0,43.983488,0,0,3588.982418
"1591",202301,2023,"D-07",0,0,25.189081,0,0,0,3659.933956,1040.892551,0,0,0,0,0,391.16794,0,0,5117.183528
"1592",202301,2023,"D-08",0,0,257.242919,0,0,0,1867.204776,3231.22924,15.059974,0,0,0,0,37.649935,0,0,5408.386844
"1593",202301,2023,"D-09",0,0,0,0,0,0,0,18.574849,9.095712,1715.212631,0,0,0,0,0,0,1742.883192
"1594",202301,2023,"D-10",0,0,0,0,0,0,35.84631,34.98784,0,3409.461374,0,0,0,0,0,0,3480.295524
"1595",202301,2023,"D-18",0,0,0,108.822144,0,2.752572,89.573259,264.610037,0.516107,67.724723,216.459153,4.549389,0,1.032214,0.344071,0,769.267232
"1596",202301,2023,"E-01",0,0,406.697834,0,0,0,445.811823,233.880471,0,2.958201,0,0,0,5.240763,0,0,1094.589092
"1597",202301,2023,"E-02",0,0,479.265553,0,0,1.791291,235.726238,174.403114,0,2.420148,0,0,0,0,0,0,893.606344
"1598",202301,2023,"E-03",0,0,1512.064372,0,0,0,1512.350513,633.745065,3.509996,0,0,0,0,0,0,0,3661.669946
"1599",202301,2023,"E-04",0,0,51.290754,2.693766,0,0,2583.849098,528.087276,49.325033,21.513723,0,7.389654,0,0,0,0,3244.149304
"1600",202301,2023,"E-05",0,0,0,0,0,0,4593.374901,2234.892311,8.535963,306.04649,127.516015,1457.15333,0,0,0,0,8727.51901
"1601",202301,2023,"E-06",6.212629,0,55.832976,3.106314,0,13.958244,3510.054585,440.431006,0,151.079837,0,470.183043,0,0,0,0,4650.858634
"1602",202301,2023,"E-07",0,0,0,0,0,3.390322,3230.017012,1936.997195,0,274.902018,0,866.737877,0,459.245673,0,0,6771.290097
"1603",202301,2023,"E-08",0,0,0,0,0,0,1500.085249,710.409931,8.550494,570.520774,0,20.310632,479.315509,7452.076152,0,0,10741.268741
"1604",202301,2023,"E-09",0,0,0,0,0,0,16.017538,349.520584,5.829986,5918.171831,0,0,81.042772,0,0,0,6370.582711
"1605",202301,2023,"E-10",0,0,154.934392,0,0,0,38.833736,137.890808,4.305958,2244.04522,0,0,65.87115,0,0,0,2645.881264
"1606",202301,2023,"E-11",0,0,123.239902,0,0,0,22.188168,4.944554,10.470821,5012.593967,0,0,0,0,0,0,5173.437412
"1607",202301,2023,"E-12",0,0,1038.048274,0,0,0,174.212674,137.434206,26.032759,8374.872925,0,27.631823,0,0,0,0,9778.232661
"1608",202301,2023,"E-18",0,0,4.355537,3.162239,0,3.957771,123.088665,16.626616,0,45.603863,2795.459136,0,0,34.028875,0,0,3027.038457
"1609",202301,2023,"E-19",0,0,0,0.933246,0,6.095883,879.534667,341.885718,1.866492,140.443587,1036.419268,0,0,160.637441,0,0,2596.846208
"1610",202301,2023,"E-20",0,7.581973,0,0.915066,0,0,1055.11432,182.35952,0,310.512292,6.231162,4.967499,0,0,32.245172,0,1599.927004
"1611",202301,2023,"E-21",0,0,1292.771608,12.81506,0,2.533845,349.597759,469.2536,0,96.942375,0,0,0,0,0,0,2225.409034
"1612",202301,2023,"E-22",0,98.68527,262.900681,0,0,0,222.256391,2314.598656,58.74309,0.585091,0,20.283139,0,0,0,0,2978.052318
"1613",202301,2023,"F-01",0,0,5.190215,1.723468,0,0,1752.648456,0,4.516676,175.159853,0,353.826072,0,0,27.139674,0,2327.375627
"1614",202301,2023,"F-02",0,0,118.710369,4.466094,0,0,3310.432241,374.055297,0,765.915155,0,2555.602569,0,0,0,0,7129.181725
"1615",202301,2023,"F-03",0,0,0,3.26668,0,0,3529.766318,911.961205,0,549.499252,0,2742.596241,0,0,22.966348,0,7760.056044
"1616",202301,2023,"F-04",19.277388,0,0,0,0,0,4864.102237,1337.441233,0,1101.766471,0,2942.795664,0,0,19.277388,0,10284.660381
"1617",202301,2023,"F-05",0,0,0,33.97468,0,0,10176.82952,4833.636062,18.128202,9814.788803,0,1180.907946,2.428258,0,0,0,26060.693471
"1618",202301,2023,"F-06",0,0,0,18.691474,0,0,6713.819486,4710.982848,0,5833.645499,0,358.102455,0,0,0,0,17635.241762
"1619",202301,2023,"F-07",0,0,0,3.956276,0,1.978138,1906.154473,1841.937872,0,2276.232836,0,422.905054,0,0,0,0,6453.164649
"1620",202301,2023,"F-08",0,0,131.102812,0,0,0,1129.678572,687.740089,0,921.729078,0,1178.675069,0,0,0,0,4048.92562
"1621",202301,2023,"F-09",11.96398,0,0,0,0,0,536.980183,1271.230323,193.845712,4049.608968,0,0,0,3.820957,0,0,6067.450123
"1622",202301,2023,"F-10",0,0,0,0,0,0,63.580034,109.825707,18.224896,8400.351418,0,0,0,275.734386,0,35.331445,8903.047886
"1623",202301,2023,"F-11",0,0,108.668843,0,0,0,930.300203,761.687917,21.411084,4746.047652,0,23.062471,0,273.522799,0,0,6864.700969
"1624",202301,2023,"F-12",0,0,546.933919,0,0,0,44.130119,0,0,7959.675694,0,0,278.678707,0,0,0,8829.418439
"1625",202301,2023,"F-13",0,0,2143.779035,0,0,0,613.017912,373.265942,10.080686,7551.315299,0,2331.784822,0,0,5.471227,0,13028.714923
"1626",202301,2023,"F-14",0,0,24.488811,0.323132,0,0.161566,43.43821,0,19.110966,6282.360832,0,44.22296,35.152176,0,0.392375,0,6449.651028
"1627",202301,2023,"F-18",0,1.36655,15.168708,22.528558,0,0.858974,1614.247263,91.40269,27.721448,257.165237,0,3.474942,0,0,0,0,2033.93437
"1628",202301,2023,"F-19",0,1.374685,60.741459,0.510597,0,0.333852,1079.99216,354.099331,0,247.875423,0,77.060938,0,0,0,0,1821.988445
"1629",202301,2023,"F-20",0,0,285.567656,0,0,0,7737.458336,2723.076358,319.556305,848.140944,1757.587475,42.087361,4035.308757,44.200069,33.988648,33.988648,18175.494548
"1630",202301,2023,"F-21",0,27.07413,2399.950031,0,0,2.059159,895.028793,466.132626,0,1.639701,0,39.657881,0,0,0,0,3831.542321
"1631",202301,2023,"F-22",0,37.549351,509.053947,0,0,4.349776,671.148175,676.854933,4.126711,11.729525,0,7.621403,0,0,0,0,1922.433821
"1632",202301,2023,"F-23",0,0,0,0,0,0,0,5.432169,0,0,0,271.548323,0,0,0,0,276.980492
"1633",202301,2023,"F-24",0,0,87.016046,0,0,0,466.655339,646.779497,21.510643,35.814435,305.545335,10032.862139,0,8.792672,0,0,11655.298449
"1634",202301,2023,"F-25",0,266.059867,39.718156,0,0,9.934334,61.562183,1229.05735,0,144.02866,1067.231274,10263.336555,0,7.939796,0,0,13176.014145
"1635",202301,2023,"G-01",0,0,0,2.313885,0,0,2775.495645,31.543993,5.379289,1119.762318,0,1020.285023,0,0,0,0,4954.780153
"1636",202301,2023,"G-02",52.820116,0,0,0,0,0,5538.453191,7716.933428,0,1530.280785,369.699076,1584.603489,0,0,0,654.335016,18139.588269
"1637",202301,2023,"G-03",5.11759,0,0,0,0,1.269778,4006.341811,1442.891006,0,250.646471,0,364.868769,0,0,0,10.23518,6083.9294
"1638",202301,2023,"G-04",0,0,0,30.316286,0,0,855.707798,4964.789471,0,2047.076599,0,571.569172,0,0,0,438.188997,8907.648323
"1639",202301,2023,"G-05",0,0,0,1.647736,0,0,1633.545311,5070.785317,0,2648.736328,151.962493,1317.571251,0,0,0,95.795277,10920.867581
"1640",202301,2023,"G-06",40.67299,0,0,7.259956,0,0,538.29237,3666.385662,0,2183.652681,0,1306.964482,0,0,0,1000.861457,8744.089598
"1641",202301,2023,"G-07",0,0,273.897167,1.570949,0,0,328.689337,702.617774,0,2264.290174,0,309.094927,0,0,0,1.316201,3881.476529
"1642",202301,2023,"G-08",0,0,0,0,0,0,91.998691,429.693277,0,352.75503,0,622.139748,0,0,0,0,1496.586746
"1643",202301,2023,"G-09",0,0,0,0,0,0,1.265316,20.328026,2.530632,947.68014,0,12.819102,0,0,1.742402,0,986.365618
"1644",202301,2023,"G-10",0,0,0,0,0,0,6.962352,43.424763,0,1278.977776,0,0,0,0,0,143.183209,1472.5481
"1645",202301,2023,"G-11",6.353439,0,0,0,0,0,1.654542,0,11.449427,2381.14998,0,32.914346,17.714625,0,0,25.391697,2476.628056
"1646",202301,2023,"G-12",0,0,101.647223,0,0,0,114.340288,0,2.998686,3179.73628,0,125.554551,221.491949,7.209169,5.566053,616.106638,4374.650837
"1647",202301,2023,"G-13",0,0,3584.089679,0,0,0,115.782607,0,40.370149,6243.779329,0,1326.867502,686.762644,0,0,439.527308,12437.179218
"1648",202301,2023,"G-14",0,0,75.290641,0,0,0,102.555501,13.029416,33.230395,11030.617318,0,100.100372,87.695506,0,3.273506,184.414691,11630.207346
"1649",202301,2023,"G-15",0,0,112.166237,0,14.153878,0,54.563849,0,0,10777.749625,10.56996,0,0,0,0,4.155267,10973.358816
"1650",202301,2023,"G-18",0,0,0,0,0,0,1435.307327,0,0,756.189216,0,583.651353,0,132.683989,0,4.603984,2912.435869
"1651",202301,2023,"G-19",0,0,403.451598,0,0,0.389526,581.912953,49.82038,0.194763,321.125269,0,52.547063,0,9.153862,0,0,1418.595414
"1652",202301,2023,"G-20",5.302425,0,30.093241,0,0,0,154.245171,30.944003,0.237422,2915.878748,0,0,0,0,0,9.002252,3145.703262
"1653",202301,2023,"G-21",0,0,1287.091408,0,0,0,1129.782966,936.356849,0,1872.181352,0,0,1731.191383,0,0,0,6956.603958
"1654",202301,2023,"G-22",0,58.716032,740.99746,1.274368,903.75518,7.665229,2671.703071,1189.68913,0,28.64475,0,0,0,0,0,0,5708.008542
"1655",202301,2023,"G-23",0,0,79.751121,0.729802,0,2.169134,804.160519,294.312857,0,3.38547,0,1433.24969,0,0,0,0,2617.758593
"1656",202301,2023,"G-24",0,6.320105,12.246498,0,0,0,275.66018,350.610406,0,0,0,3218.819043,0,0,0,0,3863.656232
"1657",202301,2023,"G-25",0,144.624353,12.399335,0,0,0.684244,445.214926,1225.792475,15.074108,20.776144,0,6436.188045,0,0,0,0,8300.75363
"1658",202301,2023,"G-26",0,29.311971,59.344236,0,0,6.602697,58.30381,307.005382,0,24.249904,1524.102443,223.691356,0,0,0,0,2237.573826
"1659",202301,2023,"GF1918",0,2.347383,0,1.571553,0,0,2435.270325,179.534993,0,539.997492,0,191.530516,0,0,0,0,3350.252262
"1660",202301,2023,"GF2019",0,0,3402.103289,0,0,0,1297.691528,3178.161216,0,1252.803491,0,0,0,0,0,18.564451,9149.323975
"1661",202301,2023,"GF2120",0,0,511.785438,0,0,0,50.777958,31.638859,0,59.308952,0,4.525136,0,0,0,0,658.036343
"1662",202301,2023,"GF2221",0,267.017161,337.528764,0,0,0,2510.018531,907.686694,0,6.141395,0,471.476016,0,0,0,0,4572.726101
"1663",202301,2023,"H-01",0,0,0,14.387054,0,0,4611.138376,1683.830415,2.063637,2609.410527,0,2143.437409,0,0,22.622133,0,11086.889551
"1664",202301,2023,"H-02",1428.218726,0,0,12.414468,0,0,6108.596336,3107.953744,0,853.412433,0,249.378701,0,0,74.507359,1539.990042,13374.471809
"1665",202301,2023,"H-03",0,0,0,5.78515,0,0,2444.587355,728.165554,0,3465.666292,0,296.127355,0,0,0,8622.524702,15562.856408
"1666",202301,2023,"H-04",0,0,0,2.332777,0,0.92973,437.649227,1205.487807,0,990.923047,0,206.602891,0,0,106.969653,173.487602,3124.382734
"1667",202301,2023,"H-05",0,0,0,31.524261,0,0,1240.297801,1853.505303,0,4861.950411,53.591244,770.929846,0,0,0,1538.282901,10350.081767
"1668",202301,2023,"H-06",0,0,86.19188,106.472322,0,0,5453.68785,7628.317321,0,262.159332,0,971.078888,0,0,0,202.804423,14710.712016
"1669",202301,2023,"H-07",0,0,101.251959,1.454173,0,0,154.350032,299.434908,0,1365.052576,0,226.850923,0,0,0,82.451585,2230.846156
"1670",202301,2023,"H-08",0,0,8.831008,0,0,0,55.458732,48.438081,0,250.359091,0,237.995679,0,0,3.753179,30.246204,635.081974
"1671",202301,2023,"H-09",0,0,34.344173,0,0,0,81.306331,125.469277,26.291057,2290.81018,0,1152.844533,0,0,1.980981,2.734614,3715.781146
"1672",202301,2023,"H-10",0,0,0,0,0,0,59.025093,103.923429,31.859893,10484.65769,0,0,0,0,0,0,10679.466105
"1673",202301,2023,"H-11",0,0,0,0,0,0,28.862739,0,0,3086.915066,0,1755.959451,0,0,6.516665,21.714702,4899.968623
"1674",202301,2023,"H-12",0,0,7.05551,0,0,0,25.494183,13.741836,17.433673,1865.608121,0,629.868353,155.898058,0,2.932959,88.132345,2806.165038
"1675",202301,2023,"H-13",2.770419,0,0,0,0,0,289.561682,58.411435,21.190535,7529.893775,0,757.403015,489.708612,0,9.305225,136.046619,9294.291317
"1676",202301,2023,"H-14",0,0,161.712745,0,0,0,111.391853,14.817073,22.929091,4169.005558,0,850.33292,0,8.221937,9.804769,142.696768,5490.912714
"1677",202301,2023,"H-15",0,0,53.847703,0,0,0.732487,26.626898,26.329943,74.020795,8568.357442,0,0,0,0,0,0,8749.915268
"1678",202301,2023,"H-16",0,0,39.274706,0,0,0,15.339982,0,0,3369.399916,0,0,0,0,0,34.966456,3466.640172
"1679",202301,2023,"H-18",0,0,2606.241497,0,0,0,613.049559,73.122455,0,2173.567555,0,2369.208906,0,0,0,2399.450782,10234.640754
"1680",202301,2023,"H-19",0,0,0,0,0,3.643146,130.794916,0,0,1957.822721,6159.703977,24497.489713,77.62091,0,0,423.460985,33250.536368
"1681",202301,2023,"H-20",0,0,242.743113,0.799088,0,0,378.068752,36.018914,3.456058,3769.08076,0.659248,0,68.182227,33.282037,0,182.451885,5371.173317
"1682",202301,2023,"H-21",0,0,57.156937,0,0,0.251591,10.246622,0,0,6765.58362,0,0,0,0,0,0,6833.23877
"1683",202301,2023,"H-22",0,0,1263.549885,0,0,0,4340.438535,1241.326839,0,140.051483,0,0,0,0,0,0,6985.366742
"1684",202301,2023,"H-23",0,0,621.494838,1.72119,0,15.490712,403.422108,615.750624,0,61.465155,0,14.889332,0,0,0,0,1734.233959
"1685",202301,2023,"H-24",0,0,5.393202,0,0,7.558976,2253.48798,1022.903613,0,81.067899,0,7409.028356,0,0,0,0,10779.440026
"1686",202301,2023,"H-25",0,0,0,0,0,0,306.390468,1669.287882,0,485.807446,66.566577,6412.593038,0,0,0,0,8947.495877
"1687",202301,2023,"H-26",0,121.260201,1.709036,0,0,3.824986,36.500134,249.315856,18.555252,0,51.474548,17663.603205,0,1.709036,0,0,18148.827118
"1688",202301,2023,"HG1918",0,0,901.885016,0,0,1.390536,1853.583924,0,0,1209.336522,45.683184,935.994036,0,380.679563,0,209.030216,5605.412504
"1689",202301,2023,"HG2019",0,0,1026.260633,0,0,0.604249,2353.928325,0,1.208498,1646.239204,0,44.563379,0,0,0,146.17166,5218.975948
"1690",202301,2023,"HG2120",0,0.364094,8.333718,0,0,0,1.982292,0,2.852074,10471.155473,59.812635,0,253.713182,0,0,0,10798.213468
"1691",202301,2023,"HG2221",0,0.484603,0,0,0,0,19.489478,42.687223,0,16364.355377,0,0,0,0,0,0,16427.016681
"1692",202301,2023,"I-01",0,0,0,31.416697,0,0,2028.680059,6131.295178,47.125045,2489.497651,0,563.256495,0,0,54.97922,2976.61393,14684.136606
"1693",202301,2023,"I-02",161.344213,0,0,19.359766,0,0,8222.781564,6783.057734,316.241585,808.741715,0,429.301849,0,0,0,0,16740.828426
"1694",202301,2023,"I-03",0,0,0,24.296425,0,2.802658,1550.495039,732.82455,16.815949,1349.409354,0,344.263209,0,0,8.407975,0,4029.315159
"1695",202301,2023,"I-04",0,0,0,16.627792,0,0,1665.199929,3195.512354,0,1781.237312,0,1234.36551,0,0,0,199.61287,8092.555767
"1696",202301,2023,"I-05",0,0,0,0,0,6.700716,2717.590852,1462.22548,0,1824.377611,0,769.81819,0,0,0,0,6780.712849
"1697",202301,2023,"I-06",0,0,0,0,0,0,179.936546,43.999626,0,576.0609,0,132.169172,0,0,0,316.597213,1248.763457
"1698",202301,2023,"I-07",1.358843,0,37.219547,0,0,0,69.19481,69.003724,0.233551,279.900332,0,62.018423,0,6.390806,0,216.140893,741.460929
"1699",202301,2023,"I-08",0,0,40.157175,0,0,0,40.632286,28.775177,15.637336,3668.700829,0,179.116699,0,0,0,36.14972,4009.169222
"1700",202301,2023,"I-09",0,0,0,0,0,0,30.894018,29.963736,63.367353,14425.840726,0,0,0,0,0,0,14550.065833
"1701",202301,2023,"I-10",0,0,0,0,0,0,0,36.01203,0,11797.436926,0,0,0,0,0,0,11833.448956
"1702",202301,2023,"I-11",0,0,37.196628,0,0,0,27.72674,26.383655,9.287775,4912.117503,0,3461.813234,0,0,0,30.094212,8504.619747
"1703",202301,2023,"I-12",0,0,0.910829,0,0,0,39.689368,111.280515,0,1200.017014,0,727.296839,0,0,20.038235,37.799397,2137.032197
"1704",202301,2023,"I-13",0,0,41.626927,0,0,0,145.27475,66.40947,4.861853,3081.081037,0,59.009128,0,0,6.410762,32.634651,3437.308578
"1705",202301,2023,"I-14",0,0,0,0,0,0,49.742474,49.742474,40.481113,10520.992135,0,9.197343,0,0,1.365731,13.209177,10684.730447
"1706",202301,2023,"I-15",0,0,15.387019,0,0,0,3.146422,0,65.648574,2709.292688,0,0,0,0,0,0,2793.474703
"1707",202301,2023,"I-16",0,0,1.043493,0,1.210452,10.977547,5.676603,0,7.346192,1647.466881,0,0,0,0,0,0,1674.806401
"1708",202301,2023,"I-18",7.068386,0,0,12.369675,0,1.767096,5450.515303,1592.611226,0,1272.413357,0,1951.955476,0,0,0,1384.05227,11672.752789
"1709",202301,2023,"I-19",12.861771,0,0,0,0,0,5023.972899,148.747332,14.684031,1615.667238,0,448.043066,0,0,16.527481,2585.660875,9866.164693
"1710",202301,2023,"I-20",87.125664,0,20558.179088,29.048707,0,0,3662.796472,0,0,2275.597971,0,3003.268082,0,0,0,87.125664,29703.141648
"1711",202301,2023,"I-21",174.230848,0,1645.281723,1.98628,0,5.938776,4328.023479,281.14888,1.98628,1131.878548,0,4575.204969,0,0,0,0,12145.679783
"1712",202301,2023,"I-22",14.695783,0,813.685359,2.458902,0,2.458902,4763.85432,5727.628771,0,269.653219,0,36.941165,0,0,0,0,11631.376421
"1713",202301,2023,"I-23",0,0,203.676834,0,0,0,4362.850361,5809.172995,0,339.925657,0,395.535332,0,0,0,0,11111.161179
"1714",202301,2023,"I-24",0,0,0.805828,0.201457,0,1.007285,561.823105,300.795351,0,35.899626,0,1462.758671,0,0,0,0,2363.291323
"1715",202301,2023,"I-25",0,7.780252,105.044297,0,80.504903,5.66629,318.990327,305.238676,6.843135,16.911696,12.749152,399.255502,0,0,1.176845,0,1260.161075
"1716",202301,2023,"I-26",0,0,3.160494,0,0,8.228506,819.465652,284.033053,0,3.347506,25.938494,0,10.566149,0,0,0,1157.040095
"1717",202301,2023,"IH1918",0,0,585.18821,4.745263,0,0,523.560634,0,9.814987,7285.620598,6.773153,1119.050526,0,11.518415,0,2498.238778,12047.227937
"1718",202301,2023,"IH2019",39.3689,0,2660.868464,3.569719,0,0.081594,2253.206566,0,0,2148.76679,0,236.621367,0,0,0,403.296641,7745.780041
"1719",202301,2023,"IH2120",0,0,4306.730239,5.732035,0,0,2917.341773,383.700824,67.585169,403.884905,0,224.667331,0,0,4.573432,0,8314.215708
"1720",202301,2023,"IH2221",0,0,0,1.181034,0,0.468341,1035.359588,182.79556,0,858.469199,0,273.348289,0,0,0,0,2351.622011
"1721",202301,2023,"J-01",0,0,0,1.371516,0,0,1159.35487,417.808253,74.102222,154.577961,0,2204.329313,0,0,0,906.975694,4918.519829
"1722",202301,2023,"J-02",0,0,0,19.454636,0,0,3136.059623,2875.759761,0,370.034314,0,514.775221,0,0,0,166.969118,7083.052673
"1723",202301,2023,"J-03",104.187019,0,0,31.498401,0,0,4160.312002,4671.575304,16.960677,1066.099725,0,1189.049618,0,0,0,739.02097,11978.703716
"1724",202301,2023,"J-04",31.909531,0,26.270983,0.80249,0,0.274536,711.111596,66.501066,0,2312.353377,0,129.665465,0,83.39559,5.891965,223.64125,3592.092385
"1725",202301,2023,"J-05",0,0,0,0,129.190755,0,2074.880554,1570.281118,0,3135.911452,0,388.603435,0,41.394073,2.504268,67.720451,7410.486106
"1726",202301,2023,"J-06",0,0,0,0,0,0,27.26526,0,0,457.141831,0,0,0,0,0,0,484.407091
"1727",202301,2023,"J-07",0,0,22.057849,0,0,0,70.559688,92.109,7.945911,1030.213828,0,4.237819,0,0,0,144.043472,1371.167567
"1728",202301,2023,"J-08",0,0,24.809945,0,0,0,214.288267,57.218925,30.418757,6515.742894,12.348432,5.608812,0,0,0,0,6860.436032
"1729",202301,2023,"J-09",0,0,0,0,0,0,18.347318,30.908554,15.330643,1541.471442,0,0,0,0,0,0,1606.057957
"1730",202301,2023,"J-10",0,0,0,0,0,0,93.831134,120.538331,10.907927,1088.404405,0,0,0,0,0,0,1313.681797
"1731",202301,2023,"J-11",0,0,100.186177,0,43.599943,0,81.055368,373.98772,15.012674,1672.35525,0,136.682881,52.489887,0,0,1.307345,2476.677245
"1732",202301,2023,"J-12",0,0,0,0,0,0,8.944288,6.178904,5.984463,469.25104,0,0,0,0,0,3.564752,493.923447
"1733",202301,2023,"J-13",0,0,0,0,0,0,51.733244,132.98251,0,3435.548599,0,22.297429,0,0,0,11.429438,3653.99122
"1734",202301,2023,"J-14",0,0,0,0,0,0.322992,14.303931,0,7.01354,5837.388113,0,0,0,1.33811,0,10.428027,5870.794713
"1735",202301,2023,"J-15",0,0,0,0,0,0.0645,3.461505,0,32.594044,4745.400418,0,0,0,0,0,0,4781.520467
"1736",202301,2023,"J-16",11.891402,0,10.921536,0,3.75296,0,33.987484,0,23.276787,1176.489812,0,0,0,0,0,9.361317,1269.681298
"1737",202301,2023,"J-18",0,0,0,74.32438,0,13.521328,7649.229963,12207.441383,2060.457249,1258.663952,0,1899.660756,20.26053,0,0,513.424146,26514.423093
"1738",202301,2023,"J-19",57.728926,0,24.31208,3.041463,0,1.020362,1973.634639,828.357108,0,1796.994328,0,435.674828,0,0,3.041463,871.87946,5995.684657
"1739",202301,2023,"J-20",45.736358,0,68.100017,3.047718,0,0,3071.378701,87.395365,0,2374.645723,0,564.960373,0,0,5.086394,450.279698,6670.630347
"1740",202301,2023,"J-21",183.276237,0,0,23.508346,0,0,3766.58937,481.660305,2.35663,3221.62845,0,1343.433358,0,0,0,108.095892,9130.548588
"1741",202301,2023,"J-22",0,0,0,0,0,0,1263.083692,3285.526144,0,1550.311177,0,8499.863686,0,0,0,0,14602.663254
"1742",202301,2023,"J-23",0,0,0,2.544334,0,12.680961,1348.354593,2331.729547,0,102.567196,0,197.745647,0,0,0,0,3995.622278
"1743",202301,2023,"J-24",0,0,15.834631,0.266645,3.281789,69.307276,849.101302,441.462119,0,28.879741,0,1589.575398,0,40.919803,0,0,3038.628704
"1744",202301,2023,"J-25",0,0,0,0.653764,0,0,1080.394249,1320.068031,0,65.49525,0,146.601585,0,0,0,0,2613.212879
"1745",202301,2023,"J-26",0,0,30.671236,0.29701,14.434688,0,1026.288477,104.963347,0,145.91113,21.345121,3909.681703,0,18.33542,0,0,5271.928132
"1746",202301,2023,"JI1918",64.834829,0,0,69.825207,0,0,2512.905789,236.872596,0,2913.819521,0,1848.664446,0,0,0,12201.373733,19848.296121
"1747",202301,2023,"JI2019",40.550987,0,0,0,0,0,3014.248372,98.763626,0,1480.579639,0,3400.95108,0,0,0,2892.42879,10927.522494
"1748",202301,2023,"JI2120",105.653339,0,0,4.117174,0,0,3050.139757,461.019522,0,2191.896116,0,1276.199185,0,0,0,122.122035,7212.519519
"1749",202301,2023,"JI2221",18.038773,0,0,7.020831,0,0,3659.344291,2414.855334,0,1368.150858,0,1993.957529,0,0,0,0,9461.367616
"1750",202301,2023,"K-01",0,0,0,14.129263,0,0,1584.0928,2200.817621,0,20277.516633,0,447.387743,0,0,23.996393,758.075837,25306.01629
"1751",202301,2023,"K-02",12.416014,0,0,0,0,0.24832,306.861785,551.436567,56.844651,1863.912706,0,215.003975,0,3.476484,0,35.737427,3045.937929
"1752",202301,2023,"K-03",13.089848,0,1.59092,0.120829,0,1.147879,166.200792,146.787541,33.932913,3236.193035,0,446.363814,0,36.087704,0,88.708892,4170.224167
"1753",202301,2023,"K-04",0,0,14.000075,0.457234,0,0.696738,391.174727,126.828052,0,2612.004683,0,226.679288,0,0.239504,0,0,3372.080301
"1754",202301,2023,"K-05",0,0,172.561271,0.184382,0,0,359.955067,248.731614,29.583103,3191.451352,0,71.499327,0,0,0,27.493437,4101.459553
"1755",202301,2023,"K-06",0,0,47.901438,0,0,0,100.531999,97.633503,16.214135,2019.793101,0,0,0,0,0,15.49496,2297.569136
"1756",202301,2023,"K-07",0,0,5.033626,0,0,0,43.531548,9.601178,3.029498,1241.161791,0,3.215928,0,0,0.326254,13.236573,1319.136396
"1757",202301,2023,"K-08",0,0,0,0,0,0,120.620894,11.61339,6.704093,4997.743307,0,0,0,0,0,0,5136.681684
"1758",202301,2023,"K-09",0,0,0,0,0,0,173.22415,105.78414,38.740151,5402.003027,0,0,0,0,0,0,5719.751468
"1759",202301,2023,"K-10",0,0,35.21777,0,0,0,11.312107,122.997066,12.50518,5943.716701,0,0,0,0,0,0,6125.748824
"1760",202301,2023,"K-11",0,0,0,0,0,0.240492,30.855141,12.697985,10.725949,1776.082533,0,0,0,0,0,1.346756,1831.948856
"1761",202301,2023,"K-12",0,0,1.049937,0,0,0,0.699958,0,1.312421,717.456648,0,0,0,0,1.137431,0,721.656395
"1762",202301,2023,"K-13",0,0,0,0,0,1.3894,0,0,0,6971.167477,4.651472,0,0,0,0,0,6977.208349
"1763",202301,2023,"K-14",0,0,0,0,0,0.134249,49.940662,0,6.04121,2924.840199,0,0,0,0,0,0.447497,2981.403817
"1764",202301,2023,"K-18",63.603236,0,13.489706,19.268039,0,0,1051.448783,202.387158,136.850883,5032.034413,0,912.560933,0,0,0,5269.631991,12701.275142
"1765",202301,2023,"K-19",0,0,101.221772,33.727215,0,0,1888.001731,2411.004293,61.35504,579.181147,0,1246.462354,0,15.328728,32.202367,4621.08989,10989.574537
"1766",202301,2023,"K-20",14.283773,0,0.653765,0.455654,0,0.277355,3252.975719,814.293915,0,2009.475233,2.793359,1092.302493,0,0,0,79.085743,7266.597009
"1767",202301,2023,"K-21",27.13092,0,2.005493,5.032653,0,0,972.229156,386.738594,0,2021.045459,0,715.204363,0,0,0,150.18497,4280.574355
"1768",202301,2023,"K-22",4.519333,0,32.575189,20.816925,0,0.899867,962.077921,1524.094922,0,881.669795,0,1141.311451,0,0,16.297593,0,4584.262996
"1769",202301,2023,"K-23",0,0,0,5.220941,0,8.032217,745.351489,1080.333186,0,264.910166,18.454975,429.188128,0,0,0,0,2551.491102
"1770",202301,2023,"K-24",0,0,0,9.729749,0,11.675698,2889.268318,4493.567653,0,201.542013,0,100.839114,0,0,0,0,7706.622545
"1771",202301,2023,"K-25",0,0,14.488972,2.780915,0,2.236823,1465.643102,660.386769,0,88.969137,0,1230.454246,0,0,0,0,3464.959964
"1772",202301,2023,"K-26",0,0,17.387395,18.523348,2.290226,0.91609,608.210721,561.526754,28.838525,121.143791,0,0.219862,0,0,0,0,1364.150174
"1773",202301,2023,"K-27",0,0,11.570746,0.075379,1.639503,0,220.484918,265.260316,0,68.877981,0,170.734475,0,0,0,0,739.491337
"1774",202301,2023,"L-01",5.254203,0,65.636495,0,0,0.14367,282.536584,226.177041,21.755686,7233.580994,0,20.99629,0,17.999752,0,7.121908,7881.202623
"1775",202301,2023,"L-02",2.949918,0,5.642461,0,0,0.356366,136.765344,129.261859,48.50537,5007.238981,0,122.45131,0,90.774334,0,30.746465,5574.692408
"1776",202301,2023,"L-03",0,0,0,0,0,0.276485,173.102694,101.193536,0,5432.447762,0,13.271283,0,0,0,4.953691,5725.245451
"1777",202301,2023,"L-04",0,0,0,0.062813,0,0.230313,228.072747,31.029452,3.643134,4510.157926,0,1.046878,0,0.670002,0,0,4774.913265
"1778",202301,2023,"L-05",0,0,13.538074,0,0,0.133599,69.204499,25.205757,2.137591,8549.828408,0,2.627455,0,0,0,0,8662.675383
"1779",202301,2023,"L-06",0,0,0,0,0,0,27.365676,0,0.966985,346.132291,0,0,0,0,0,0,374.996794
"1780",202301,2023,"L-07",0,0,0,0,0,0,89.628938,0.382111,2.770306,2802.068568,0,0,0,0,0,0,2894.849923
"1781",202301,2023,"L-08",0,0,0,0,0,0,15.209652,0,0,6360.903296,0,0,0,0,0,0,6376.112948
"1782",202301,2023,"L-09",0,0,0,0,0,0,9.044109,1.954255,1.408881,467.203241,0,0,0,0,0,0,479.610486
"1783",202301,2023,"L-18",10.230179,0,30.710875,0.345752,0,0.345752,407.193668,166.89632,8.196346,2230.707825,0,448.663518,0,0,0,428.345528,3731.981515
"1784",202301,2023,"L-19",17.809809,0,54.839532,19.95394,0,0,621.121924,836.191789,86.190204,7031.030637,0,522.163516,0,0,0,1836.168145,11026.184206
"1785",202301,2023,"L-20",6.417591,0,29.104854,0,0,0,280.293679,555.445434,0,5917.901939,0,386.841387,0,0,0,1748.136053,8924.140937
"1786",202301,2023,"L-21",0.221226,0,12.831135,7.337344,0,0,372.416306,868.313845,6.415567,1482.549104,0,370.904591,0,0,0,926.938856,4047.927974
"1787",202301,2023,"L-22",9.173873,0,13.054402,10.002724,0,0.282563,158.668443,1091.615532,0,360.512487,25.279954,1049.306459,0,0,0,0,2718.744126
"1788",202301,2023,"L-23",0,0,1.997213,6.970275,0,0,482.786416,1824.314715,4.473758,91.891793,22.368791,245.497482,0,0,0,0,2680.300443
"1789",202301,2023,"L-24",0,0,0,33.564082,0,12.79655,2245.823879,2092.36296,123.081324,299.107152,0,379.813334,0,0,0,0,5186.549281
"1790",202301,2023,"L-25",0,0,0,0.759349,0,80.157649,1419.057074,2202.131363,0,228.101108,0,325.48302,0,0,0,0,4257.523114
"1791",202301,2023,"L-26",0,0,84.485144,0.389675,0,2.375159,724.404912,1124.15529,0,147.22274,0,0,0,0,0,0,2083.03292
"1792",202301,2023,"L-27",0,0,5.586352,6.223233,10.408448,0,338.183573,99.389759,0,29.660436,59.50284,0,0,1.49212,0,0,551.283804
"1793",202301,2023,"L-28",0,0,16.684722,0.11627,4.398876,0,165.277578,53.135317,0,94.372354,6.142923,0,0,0,0,0,463.374071
"1794",202301,2023,"L-29",0,0,2.392016,0,0,0,58.932322,64.507263,0,0,0,0,0,0,0,0,125.831601
"1795",202301,2023,"L-30",0,0,0,0,0,0,319.213814,225.173768,0,0,0,0,0,0,0,0,719.579512
"1796",202301,2023,"L-31",0,0,15.934427,4.188144,0,0,178.278578,88.457499,0,28.830015,23.648404,0,0,2.396008,0,0,570.814815
"1797",202301,2023,"M-01",0,0,0,0,0,0.400677,155.863296,60.882849,24.421254,6382.742239,0,8.995195,0,12.741524,0,0,6646.047034
"1798",202301,2023,"M-02",0,0,0,0,0,0.087047,20.151339,13.688113,10.815568,9987.143184,0,0,0,3.264256,0,8.791729,10043.941236
"1799",202301,2023,"M-03",0,0,0,0,0,0.368302,22.791379,2.209811,0,7471.001003,0,0,0,0,0,0,7496.370495
"1800",202301,2023,"M-04",0,0,0,0.067715,0,2.257155,101.097946,5.010883,8.441757,13476.475745,0,0,0,0,0,0,13593.351201
"1801",202301,2023,"M-05",0,0,0,0,0,0.325469,34.71673,0,0,731.438104,0,0,0,0,0,0,766.480303
"1802",202301,2023,"M-06",0,0,0,0,0,0,9.362584,0,4.552449,400.271944,0,0,0,0,0,0,414.186977
"1803",202301,2023,"M-07",0,0,0,0,0,0,5.250264,0,1.963143,1215.321922,0,0,0,0,0,0,1222.535329
"1804",202301,2023,"M-08",0,0,0,0,0,0,4.288166,0,3.893852,434.731337,0,0,0,0,0.147868,0,443.061223
"1805",202301,2023,"M-18",0,0,1.23746,0,0,0.14437,157.281191,626.959209,1.691196,2143.157315,0,2293.488105,0,0,0,17.860676,5241.819522
"1806",202301,2023,"M-19",58.789326,0,26.798492,0.750959,0,0,1055.032389,1276.886998,4.462839,2072.3452,0,374.878506,0,0,0,198.682175,5068.626884
"1807",202301,2023,"M-20",0,0,40.274294,6.715754,0,2.245327,3384.598269,2617.626831,31.313213,1473.986568,0,1023.747876,0,0,0,2232.806052,10813.314184
"1808",202301,2023,"M-21",0,0,0,0,0,0,0,0,0,453.896746,0,183.534284,0,0,0,0,637.43103
"1809",202301,2023,"M-22",6.568261,0,56.293493,9.945047,0,0,135.647964,493.731409,3.006163,471.514628,0,470.48512,0,0,0,87.817026,1735.009111
"1810",202301,2023,"M-23",0,0,9.80063,3.556517,0,0.343527,291.129221,480.12982,4.566891,352.82267,23.137569,336.939588,0,0,0,0,1502.426433
"1811",202301,2023,"M-24",0,0,0,26.467284,0,3.68454,611.081071,1036.113308,30.868263,795.308105,0,269.913075,0,0,0,0,2773.435646
"1812",202301,2023,"M-25",0,0,41.85676,42.304113,36.507964,31.159168,956.461969,1891.17865,7.118761,203.526549,0,371.614892,0,0,0,0,3581.884427
"1813",202301,2023,"M-26",0,0,45.502124,1.343315,0,11.791319,1374.701459,1194.398761,0,25.565626,0,39.446546,0,0,0,0,2692.74915
"1814",202301,2023,"M-27",0,0,55.532859,47.380406,0,7.923451,2184.330619,958.004793,0,220.894828,0,461.598284,0,0,0,0,3935.66524
"1815",202301,2023,"M-28",0,0,193.855713,145.041468,0,9.495144,1142.136203,875.038211,0,115.719458,22.35751,121.826468,0,0,0,0,2625.470175
"1816",202301,2023,"M-29",0,0,6.045113,47.151881,0,0,16.926316,21.352899,0,522.999763,0,0,0,0.799515,0,0,616.289506
"1817",202301,2023,"M-30",0,0,77.471857,70.29965,0,0.420716,73.104423,139.677731,0,266.413436,20.735291,16.027278,0,28.829067,0,0,692.979449
"1818",202301,2023,"M-31",0,0,626.573425,36.632094,0,0,37.861759,73.898854,0,0,0,0,0,0,0,0,774.966132
"1819",202301,2023,"M-32",0,0,5.412212,13.141231,0,0.930521,87.544905,109.364665,0,2.164884,5.716056,0,0,56.913683,0,0,281.188157
"1820",202301,2023,"N-01",0,0,0,0,0,0.222948,122.219865,7.981524,13.86734,4203.453761,0,1.382275,0,24.212108,0,8.605777,4381.945598
"1821",202301,2023,"N-02",0,0,0,0.043437,0,0.694985,59.334313,0,7.297339,7252.816121,0,0,0,0,0.347492,0,7320.533687
"1822",202301,2023,"N-03",0,0,0,0,0,1.322882,11.905936,0,5.483558,13461.132242,0,0,0,0,0,0,13479.844618
"1823",202301,2023,"N-04",0,0,0,0,0,0,7.079309,0,5.430992,13065.298705,0,0,0,0,0,0,13078.442974
"1824",202301,2023,"N-05",0,0,0,0,0,0,80.291043,5.574739,0.542674,549.481803,0,0,0,0,0,0,635.890259
"1825",202301,2023,"N-06",0,0,0,0,0,0.454291,34.389809,0,0.908581,916.304427,0,0,0,0,8.404379,0,960.461487
"1826",202301,2023,"N-07",0,0,0,0,0,0.273498,5.561122,0,0.957242,914.394322,0,0,0,0,27.987942,0,949.174126
"1827",202301,2023,"N-18",10.131731,0,0.896269,0,0,0,127.133742,65.018437,4.267018,7621.536351,0,8.904233,0,24.121314,0,4.617731,7866.626826
"1828",202301,2023,"N-19",78.795068,0,0,3.85554,0,0,2195.770781,946.43368,11.526036,4293.428207,0,356.393969,0,0,0,349.819258,8236.022539
"1829",202301,2023,"N-20",0,0,11.710725,0,0,0,186.202446,0,203.950616,1282.391487,0,154.271075,0,0,0,3370.254699,5208.781048
"1830",202301,2023,"N-21",0,0,257.591002,38.568313,0,0,656.325617,960.495576,42.925321,550.897747,0,179.086705,0,0,0,1484.391595,4171.004788
"1831",202301,2023,"N-22",0,0,45.534713,3.182534,0,0,280.838195,103.085531,0,228.387592,0,204.457387,0,0,0,357.443412,1222.929364
"1832",202301,2023,"N-23",1.304627,0,5.363465,0.393459,0,0,314.49784,94.802866,0,160.903946,8.469719,498.843645,0,0,0,3.976005,1088.596989
"1833",202301,2023,"N-24",0,0,0,0.255896,0,0,608.45736,227.918279,0,648.952942,0,286.817071,0,0,0,0,1772.401548
"1834",202301,2023,"N-25",0,0,7.367584,1.832353,3.683792,14.716081,684.001944,1059.786914,0,346.35281,0,582.459072,0,0,0,0,2720.967212
"1835",202301,2023,"N-26",0,0,61.19053,0.253256,0,192.338143,499.109007,1134.66452,1.26628,104.906401,28.676364,541.59756,0,1.90916,0,0,2574.48296
"1836",202301,2023,"N-27",0,0,63.558594,50.578608,0,93.914013,1895.758873,1007.816429,0,137.497048,101.177852,58.605976,0,22.059785,0,0,3432.927589
"1837",202301,2023,"N-28",0,0,12.930334,99.950844,0,72.31252,83.063109,672.694785,0,1079.841572,13.522886,8.570843,0,0,0,0,2042.886893
"1838",202301,2023,"N-29",0,0,0,79.530481,0,29.221832,55.104026,369.201259,0,3744.804562,8.798662,68.869329,0,0,0,0,4355.530151
"1839",202301,2023,"N-30",0,0,0,89.25994,0,13.774084,17.964508,13.11448,0,814.921328,12.881678,0,0,0,0,0,978.65832
"1840",202301,2023,"N-31",0,0,10.718779,13.026559,0,1.144354,40.033305,55.768167,0,436.075023,0,0,0,0,0,0,562.411665
"1841",202301,2023,"O-01",0,0,0,0.129211,0,0.301493,32.17363,4.091693,2.261199,619.611576,0.215352,3.660989,0,0,0,0,662.445143
"1842",202301,2023,"O-02",0,0,0,0,0,0.697491,17.088524,0,1.525761,3338.801225,0,0,0,0,0,0,3358.113001
"1843",202301,2023,"O-03",0,0,0,0,0,0.21247,29.002163,0,6.374102,708.800102,0,0,0,0,0,0,744.388837
"1844",202301,2023,"O-04",1.17236,0,0,0,0.532891,0.532891,2.024985,0,9.485454,1273.821892,0,0,0,0,0,0,1287.570473
"1845",202301,2023,"O-18",11.418579,0,0,0,0,0.256118,264.334777,266.255661,4.225942,5692.642064,0,5.826677,0,107.249274,0,0,6352.209092
"1846",202301,2023,"O-19",4.224695,0,3.513809,0,0,0.345288,102.814464,68.935656,0,1484.046149,0,20.229792,0,0,0,414.263888,2098.373741
"1847",202301,2023,"O-20",8.441519,0,0,3.242311,0,0,1553.124399,938.466698,0,1176.440795,0,213.167542,0,0,0,673.978557,4566.861821
"1848",202301,2023,"O-21",0,0,20.597077,7.19114,0,0.957567,111.434507,357.397779,6.233573,222.005325,0,124.615133,0,0,0.488171,1410.909174,2261.829446
"1849",202301,2023,"O-22",0,0,0,1.802643,0,0,510.895416,11.299494,0,158.280852,0,260.943571,0,0,0,122.337908,1065.559884
"1850",202301,2023,"O-23",0,0,5.954899,0.629039,0,0,234.484627,47.555319,0,94.900958,0,52.419884,0,0,0,0.20968,436.154406
"1851",202301,2023,"O-24",0,0,11.487092,3.725016,0,5.460757,739.15244,231.341062,0,690.122645,0,132.735396,0,0,0.565578,4.875676,1819.465662
"1852",202301,2023,"O-25",0,0,0,2.294202,0,0,505.0137,1100.8701,0,817.121613,0,89.917308,0,0,0,0,2515.216923
"1853",202301,2023,"O-26",0,0,47.579683,30.69657,0,52.695778,64.462796,1723.755635,10.23219,628.808996,74.694986,466.117178,0,30.69657,0,0,3129.740382
"1854",202301,2023,"O-27",0,0,12.654708,0.53283,1.831602,58.244958,343.90834,1466.713955,0,764.544173,0,24.510171,0,0,0,0,2677.936017
"1855",202301,2023,"O-28",0,0,0,0,0,67.224755,444.311173,1569.818893,14.642051,104.522015,0,20.315602,0,0,0,0,2220.834489
"1856",202301,2023,"O-29",0,0,33.991181,0,0,56.527,10.372309,406.040483,0,4580.81147,0,109.013382,0,0,0,0.187451,5196.943276
"1857",202301,2023,"O-30",0,0,104.448414,98.649908,0,100.589019,203.098322,383.021447,0,8470.393637,87.052896,57.363792,0,0,0,0,9587.641499
"1858",202301,2023,"O-31",0,0,456.373927,14.520449,0,190.845838,969.601451,1277.304213,60.161803,32.151006,0,0,0,0,0,0,3000.958687
"1859",202301,2023,"ON2524",0,0,3.868996,0.59523,0,3.273766,493.352786,680.013239,17.838303,988.565666,0,337.793108,0,0,0,0,2525.301094
"1860",202301,2023,"ON2625",0,0,0,2.077175,0,22.776042,327.428374,1112.30899,0,380.232349,42.454542,885.896915,0,0,0,0,2774.814262
"1861",202301,2023,"P-01",0,0,0,0,0,0.330645,5.827612,3.099793,2.14919,709.232741,0,0,0,0,0,0,720.639981
"1862",202301,2023,"P-18",5.915329,0,0,0,0,0,109.496968,120.03893,6.591367,2806.823687,0,6.506862,0,35.914498,0,48.928223,3140.215864
"1863",202301,2023,"P-19",26.791507,0,16.355635,0,0,0,358.196542,662.484587,29.964988,7489.843334,0,28.663047,0,9.072902,0,848.173935,9469.546477
"1864",202301,2023,"P-20",3.492713,0,0,0.592703,0,0,536.586526,875.422004,0,1615.982958,0,889.477527,0,0,0,399.841528,4321.395959
"1865",202301,2023,"P-21",0,0,1.951202,1.779037,0,0,348.098192,180.199206,0,243.861941,0,47.09665,0,0,2.65899,110.740255,936.385473
"1866",202301,2023,"P-22",0.749387,0,0,0,0,0,227.145373,45.874657,0,46.218969,0,26.208302,0,0,0,53.631828,399.828516
"1867",202301,2023,"P-23",0,0,4.403339,2.095819,0,0,187.438282,153.206555,0,111.290156,0,125.325799,0,0,0,0,583.75995
"1868",202301,2023,"P-24",0,0,15.934047,0,0,0,229.962286,131.555199,0,229.079512,8.496687,63.33894,0,0,0.066208,2.692457,681.125336
"1869",202301,2023,"P-25",0,0,21.989304,0,0,0.340503,1134.985008,288.316157,0.340503,232.473719,456.614082,1066.651498,505.664387,0,0,144.588187,3854.508157
"1870",202301,2023,"P-26",0,0,22.864224,0.331083,0,3.349784,213.860347,1405.253927,0,1188.433305,0,39.340488,0,0,0,5.044152,2878.47731
"1871",202301,2023,"P-27",0,0,33.575009,0.187686,0,17.267147,908.464663,1524.513938,0,813.995849,0,111.152048,0,0,0,0,3409.26061
"1872",202301,2023,"P-28",0,0,0,21.460034,0,50.60548,469.381596,1084.529835,24.199194,102.86628,0,110.748754,0,0,0,0,1863.791173
"1873",202301,2023,"P-29",0,0,15.703732,6.983975,0,65.673866,338.29393,730.070403,0,1822.572328,0,13.273636,0,0,0,0,2993.735866
"1874",202301,2023,"P-30",0,0,52.164363,0.794806,0,101.923393,7.278749,685.771038,0,2399.81169,0,26.270425,0,0,0,0,3274.411867
"1875",202301,2023,"P-31",0,0,166.049055,719.742807,0,10.711573,376.263652,731.793326,86.362048,8511.623739,0,1633.810069,0,0,0,0,12236.356269
"1876",202301,2023,"P-32",0,4.731218,6.929351,73.982855,0,45.009377,21.499828,56.669946,11.325615,704.804975,21.41609,4435.998592,0,0,0,5.359256,5540.424031
"1877",202301,2023,"PO2423",0.086833,0,1.215667,0.672958,0,0,165.938533,44.849427,0,54.987219,0,37.859341,0,0,0.043417,0.2605,305.913895
"1878",202301,2023,"PO2524",0,0,0,0,0,0,7.633074,0,0,721.07363,0,155.218751,0,0,0,0,883.925455
"1879",202301,2023,"PO2625",0,0,1.927666,1.754176,0,1.503579,267.174522,886.071,0,474.591395,0,46.88084,0,0,0,0,1679.903178
"1880",202301,2023,"PO2726",0,0,29.585059,9.861686,0,12.311794,317.983234,3248.14953,30.810113,3165.192943,0,62.702357,0,0,0,0,6876.596716
"1881",202301,2023,"Q-01",0,0,0,0,0,0.240967,0,0,0,402.012819,0,0,0,0,0,0,402.253786
"1882",202301,2023,"Q-02",0,0,8.133313,0,0,1.05733,6.994649,0,1.30133,699.058264,0,3.253325,0,0,0,0,719.798211
"1883",202301,2023,"Q-18",1.578493,0,1.973116,0,0,0.039462,125.786121,23.440614,4.183005,1790.010498,0,0,0,4.419779,0,2.091503,1953.522591
"1884",202301,2023,"Q-19",5.953404,0,20.671,0,0,0,1030.719702,210.477238,0,1573.26026,0,140.929765,0,0,0,5.953404,2987.964773
"1885",202301,2023,"Q-20",2.720554,0,91.982529,0,0,0.178723,504.037252,0.734748,0,2473.718405,0,114.223555,0,0,0,26.351644,3213.94741
"1886",202301,2023,"Q-21",0,0,0,0.508191,0,0.145197,26.444041,169.917033,4.011073,1570.090014,0,14.701217,0,0,0,188.28448,1974.101246
"1887",202301,2023,"Q-22",0,0,0,0,0,0.020168,7.522584,29.344129,0,6.736041,0,3.751208,0,0,0,4.941108,52.315238
"1888",202301,2023,"Q-23",0,0,0.244496,0.95761,4.726927,0,577.418542,211.71334,2.60796,76.710685,15.871879,591.06958,0,0,0,44.518684,1525.839703
"1889",202301,2023,"Q-25",0,0,0,1.49518,290.367663,3.596001,369.687887,698.816662,26.364369,111.778869,231.99888,0,0,81.572457,0,33.821341,1849.499309
"1890",202301,2023,"Q-26",0,0,0,0.042489,0,0.807283,45.314061,190.348796,0.637329,90.628122,0,0,0,0,0,0,332.069426
"1891",202301,2023,"Q-27",0,0,0,0,0,0,185.078623,892.29331,0,1509.751047,0,0,0,0,0,0,2587.12298
"1892",202301,2023,"Q-28",0,0,0,0,0,32.798452,319.106456,1879.455996,4.807338,960.033186,0,66.469204,0,0,0,0,3262.670632
"1893",202301,2023,"Q-29",0,0,41.223221,171.090987,0,142.244478,615.307744,2009.841571,0,4663.447579,140.178444,93.010502,0,0,0,0,7876.344526
"1894",202301,2023,"Q-30",0,0,474.215792,9.612482,0,240.29287,81.178468,508.406297,0,1919.829518,0,12.816643,0,0,0,0,3246.35207
"1895",202301,2023,"Q-31",0,0,28.5113,233.22942,0,114.291872,478.114145,487.179381,0,3807.707708,0,1993.344801,0,0,0,0,7142.378627
"1896",202301,2023,"QP2423",0,0,0,0,0,0,931.420109,579.083378,0,880.830493,0,25.612126,0,0,11.967436,0,2429.208195
"1897",202301,2023,"QP2524",0.115916,0,0,0.579579,0,1.777377,72.447417,140.644585,0,108.304057,28.785774,12.171166,0,0,0.038639,1.738738,366.950996
"1898",202301,2023,"QP2625",0,0,0,0.192962,0,0.231554,79.731873,166.98926,0,59.00776,0,6.830853,0,0,0,1.350734,314.334996
"1899",202301,2023,"QP2726",0,0,24.549985,0.277849,0,6.569155,241.98704,1164.586196,9.982734,1819.814779,0,0,0,0,0,0,3267.767738
"1900",202301,2023,"R-22",0,0,0,0,0,0,45.436562,39.58518,0,15.001527,0,0.019636,0,0,0,0,100.042905
"1901",202301,2023,"R-23",0,0,0,0.019787,0,0,62.565212,23.981353,4.135398,73.428052,0.356159,0.019787,0,0,0.039573,0,164.78276
"1902",202301,2023,"R-24",0,0,0,0,0,0,436.100873,1625.224619,68.152382,2422.167459,0,0,0,17.04326,0,0,4568.688593
"1903",202301,2023,"R-25",0,0,2.233009,5.482835,0,0.697816,117.432366,206.752739,0.019938,177.683743,0,0,0,0,0,2.591886,512.894332
"1904",202301,2023,"R-26",0,0,0,0,0,0,94.937195,26.122883,0,50.946837,0,0,0,0,0,0,214.294233
"1905",202301,2023,"R-27",0,0,0,0,0,0.465612,81.113641,196.449825,5.43215,1017.946117,0,6.285774,0,0,2.17286,0,1310.894207
"1906",202301,2023,"R-28",0,0,10.020008,1.995937,0,2.016098,243.181758,2373.673307,8.024071,1648.019103,0,72.458567,0,0,0,0,4362.050099
"1907",202301,2023,"R-29",0,0,16.729079,2.778186,0,45.989978,34.017794,929.613149,0,4185.547675,0,157.277329,0,0,0,0,5373.552146
"1908",202301,2023,"R-30",0,0,3.686783,18.332629,0,87.247111,39.217647,473.933927,0,1093.110899,0,5.692231,0,0,0,0,1721.221227
"1909",202301,2023,"R-31",0,0,137.026435,23.082189,0,174.610619,216.869908,477.612477,0,1668.719435,0,95.243822,0,0,0,0,2793.164885
"1910",202301,2023,"R-32",0,0,67.678322,68.313426,0,22.824068,100.128192,309.276039,18.973747,86.810845,26.674388,128.430036,0,0,0,0,829.109063
"1911",202301,2023,"S-22",0,0,0,0,0,0.43005,41.592022,47.244113,0,39.626078,0,9.399674,0,0,0,1.351587,139.643524
"1912",202301,2023,"S-23",0,0,5.978906,0,0,0.239156,40.337688,52.056345,6.178204,2113.662955,0,8.769063,0,0,0,0,2227.222317
"1913",202301,2023,"S-24",0,0,0,0.078243,0,0.039122,137.981882,44.324772,0.821553,321.344819,0,0.547702,0,0,0,0,505.333701
"1914",202301,2023,"S-25",0,0,0,0.27876,0,0,52.446714,14.296409,0.796458,175.260431,0,1.433623,0,0,0,0,247.100881
"1915",202301,2023,"S-26",0,0,0,0,0,0.467507,51.388351,30.87415,2.318834,167.816253,0,0,0,0,0,0,332.247756
"1916",202301,2023,"S-27",0,0,0,0,0,0.109934,30.72634,40.400465,0.384766,306.988566,0,4.342363,0,0,0,0,382.952434
"1917",202301,2023,"S-28",1.712411,0,23.054898,0,0,2.777446,200.372955,438.377183,0,1452.521196,0,17.124109,0,0,0,0,2135.940198
"1918",202301,2023,"S-29",0,0,0.785207,0,0,1.072478,117.838516,543.842085,2.451378,315.385128,0,8.081888,0,0,0,0,989.45668
"1919",202301,2023,"S-30",0,0,15.984094,22.497665,0,46.111941,76.611992,1492.103846,0,626.481385,41.025153,163.935189,0,0,0,0,2484.751265
"1920",202301,2023,"S-31",0,0,27.831061,5.688408,0,144.190599,93.879794,312.314645,0,1656.759251,20.79429,306.310216,0,0,0,0,2567.768264
"1921",202301,2023,"T-25",0,0,0,0.404205,0,0,47.3526,32.821435,0,294.665345,0,6.871483,0,0,0,0,382.115068
"1922",202301,2023,"T-26",0.03971,0,0.317683,0,0,0.079421,6.631639,37.168947,0,150.899574,0,332.654139,0,0,0,0,527.791113
"1923",202301,2023,"T-27",0,0,4.036127,0,0,0.444344,1.777377,13.959814,0.148115,35.362392,0,63.911508,0,0,0,0,119.658191
"1924",202301,2023,"T-28",0,0,0,0,0,0,6.302695,127.933656,5.381249,819.129233,0,3.335637,0,0,0,0,962.08247
"1925",202301,2023,"T-29",0,0,0,0,0,5.087704,98.85801,353.673727,0,737.364911,0,1.115381,0,0,0,0,1196.099733
"1926",202301,2023,"T-30",0,0,0,8.067187,0,9.680624,73.176535,426.192559,0,1311.009813,0,297.178836,0,0,3.75788,0,2129.063434
"1927",202301,2023,"U-25",0,0,1.318617,0,0,0,41.476501,92.163343,0,213.37622,0,103.591358,0,0,0,0,451.926039
"1928",202301,2023,"U-26",0.722791,0,77.880713,0.461783,0,0.542093,44.210707,76.394976,2.569923,198.225388,0,249.342762,0,0,0.903489,0.542093,651.796718
"1929",202301,2023,"U-27",0,0,5.895438,0,0,0,16.431542,27.286317,0,137.367693,0,99.545271,0,0,0,0,286.526261
"1930",202301,2023,"U-28",0,0,0,0,0,1.954263,22.210947,46.150665,4.00248,270.345937,0,67.703928,0,0,0,0,412.36822
"1931",202301,2023,"U-29",0,0,0,0,0,1.951293,57.262937,162.801607,0,56.118429,0,13.584,0,0,0,0,291.718266
"1932",202301,2023,"V-25",0,0,2.681695,2.860475,0,0,391.74602,389.858902,0,139.229646,0,353.149472,0,0,0,0,1279.52621
"1933",202301,2023,"V-26",0,0,22.108557,1.204574,0,0,57.170912,343.822346,0,239.561875,0,93.864075,0,0,0,0,757.732339
"1934",202301,2023,"V-27",0,0,58.608016,0.75659,0,3.303161,44.398895,368.311523,0,218.359149,0,207.508547,0,0,0,0,901.245881
"1935",202301,2023,"V-28",3.586805,0,23.696163,0.348717,0,2.889372,29.657566,115.076671,3.570199,296.808142,0,107.205626,0,0,0,0,589.83021
"1936",202301,2023,"Z-05",0,0,0,0,0,0,5.059545,29.001311,0,60.289535,0,0,0,0,0,0,116.450483
"1937",202302,2023,"AA-01",0,0,0,0.794546,0,0,2350.292519,3758.541856,6.428603,1270.552027,0,5.441439,0,0,4.815433,20.89898,7417.765403
"1938",202302,2023,"AA-02",11.694968,0,0,0.676154,0,0,1236.861818,1973.995399,8.940265,860.719593,13.07232,1986.391565,0,0,4.80821,577.185487,6674.345779
"1939",202302,2023,"AA-03",0,0,124.778635,4.882267,0,61.157949,5177.967688,687.470652,0,3874.316116,0,341.758656,0,0,0,232.42613,10504.758093
"1940",202302,2023,"AA-04",1403.720954,0,1270.022851,0,0,980.387278,4623.387766,0,0,12470.414439,557.031778,253.821243,0,0,0,10784.216413,32343.002722
"1941",202302,2023,"AA-05",0,0,0,0,0,574.592021,93.47407,56.357955,0,4481.525051,0,0,0,0,0,0,5205.949097
"1942",202302,2023,"AA-06",0.135448,0,0.29347,0,0,82.735885,9.074987,0,0.067724,239.561587,0.722387,0.067724,0,0,0.067724,0,334.781224
"1943",202302,2023,"AA-07",0,0,328.182511,1.733624,219.94409,450.390422,1205.999122,272.304552,0,1739.402484,5.225996,0,0,0,57.611583,0,4280.794384
"1944",202302,2023,"AA-08",0,0,0,0,0,0,49.930575,0,0,2529.258361,0,0,0,0,0,0,2579.188936
"1945",202302,2023,"AA-18",0,0,0,0.889744,0,2.690934,245.721307,478.053048,294.874249,3318.637363,0,8.420018,0,0,0,2845.987883,7195.274546
"1946",202302,2023,"AA-19",0,0,32.839942,0.555104,135.800597,5.217976,495.085988,56.887039,45.895983,600.267058,0,33.306229,0,0,0,80.934136,1486.790052
"1947",202302,2023,"AA-21",0,0,0,0,0,14.883655,3079.181927,1293.822089,6.385893,4476.410223,29472.629599,0,0,42.564238,0,1947.119026,40332.99665
"1948",202302,2023,"AA-22",0,0,0,0,20.280513,0,61.581051,871.748341,0,77.402091,0,12.997456,0,0,0,22.230132,1066.239584
"1949",202302,2023,"BB-01",0,0,0,0,0,0,162.188762,1304.528571,0,82.50285,18.477201,1.814299,0,0,1.480086,30.484994,1601.476763
"1950",202302,2023,"BB-02",148.68848,0,36.169931,0,0,4.008758,4359.888804,14128.434959,0,4697.376123,0,252.14177,0,0,0,839.83481,26298.910493
"1951",202302,2023,"BB-03",0.929604,0,2.767683,0,0,11.049606,720.35829,1.373278,0,1583.368478,122.28513,1471.097715,0,0,19.775204,212.836972,4145.84196
"1952",202302,2023,"BB-04",76.242797,0,3.895067,0.276424,0,93.53187,272.227495,0.276424,5.302317,7620.836981,0,172.086577,0,0,0,356.863534,8601.539486
"1953",202302,2023,"BB-05",0,0,34.482083,0.191036,0,117.53519,18.626056,1.002941,0.405953,7861.628462,0,0,0,0,1.193978,36.464087,8071.529786
"1954",202302,2023,"BB-06",0,0,670.589852,0,0,140.024684,28.402105,5.357145,0,2422.491696,0,0,0,0,0,0,3266.865482
"1955",202302,2023,"BB-07",0,0,103.174206,0,35.27833,53.39919,226.64836,376.065162,0,3331.714843,13.854429,1.330392,0,0,0,0,4141.510788
"1956",202302,2023,"BB-08",3.243449,0,56.909724,0.874878,0,7.383114,263.231479,86.036748,0.128031,1634.42081,89.109489,2.94471,0,4.886512,2.261879,41.268619,2192.699442
"1957",202302,2023,"BB-09",19.24919,0,52.977433,0,0,18.189159,381.586885,258.430615,0,2286.293035,1704.625395,5.155603,0,22.477465,0,0,4748.98478
"1958",202302,2023,"BB-10",248.639729,0,0,0,31.599863,56.899441,498.559203,1479.262418,181.231611,2386.970933,472.004491,0,0,0,0,0,5355.167689
"1959",202302,2023,"BB-18",0,0,0,0,0,3.90448,264.644337,418.683798,0,331.373446,0,0,0,0,0,300.380257,1319.118673
"1960",202302,2023,"BB-19",66.366459,0,0,0,0,210.17852,3656.009181,2972.93983,138.261649,486.094742,9513.407456,862.3737,77.423922,0,138.28333,6445.178313,24566.517102
"1961",202302,2023,"BB-20",0,0,5.530215,5.530215,0,348.296351,1442.978771,1028.341279,0,267.851018,32480.858598,0,221.144283,0,0,0,35803.295837
"1962",202302,2023,"BB-21",5.536237,0,0,0,2555.342298,5.536237,942.313614,936.777377,0,416.440334,2067.553713,3.529351,0,1795.932102,0,0,8728.961263
"1963",202302,2023,"BB-22",0,0,0,5.389494,619.576282,0,711.17613,360.96678,323.261877,315.457889,34481.058514,5.389494,0,6007.238307,328.651372,193.957126,43352.123265
"1964",202302,2023,"CC-01",0,0,155.086983,0,0,0,2858.336779,1610.49323,376.970491,825.239787,0,8.190587,9.538727,0,236.204317,2385.902708,8468.35465
"1965",202302,2023,"CC-02",58.066359,0,699.521182,0,0,76.537634,2560.490111,0,44.876036,2847.566524,105.594928,1113.099305,42.223503,0,2.628419,4166.526505,11730.320829
"1966",202302,2023,"CC-03",84.192806,0,325.223989,0,0,75.775844,2066.07431,166.298763,0,5520.50678,167.342188,2006.158526,305.236602,0,11.570424,257.865106,10986.245338
"1967",202302,2023,"CC-04",0,0,0,0,0,90.616183,66.092461,0,6.446366,4309.751531,0,0,0,0,0,0,4472.906541
"1968",202302,2023,"CC-05",42.994501,0,0.579441,0,0,257.967008,158.674047,0,16.850136,6430.215915,0,0,0,0,0,0,6907.281048
"1969",202302,2023,"CC-06",0,0,14.643791,0,0,201.567479,112.556199,0,0,2489.683783,0,0,0,19.142211,69.988708,0,2907.582171
"1970",202302,2023,"CC-07",1.348864,0,183.325073,1.348864,0,101.815147,454.663524,1151.520401,0,5027.312568,203.702555,0,0,0,23.07521,114.075358,7262.187564
"1971",202302,2023,"CC-08",5.6078,0,28.087136,0,0,432.42637,409.754491,1.395933,0,5027.669559,212.013352,0,0,112.324476,12.635601,0,6241.914718
"1972",202302,2023,"CC-09",774.199439,0,326.326217,6.406254,131.168658,265.528169,865.752413,35.173032,214.32723,5287.687426,1314.877432,707.019683,0,0,159.959982,0,10094.807643
"1973",202302,2023,"CC-10",2.456814,0,46.542978,0,0,33.075997,714.637175,619.890595,6.119287,1400.702513,21.224144,0,0,0,2.456814,0,2847.106317
"1974",202302,2023,"CC-18",0,0,0,0,0,0,2036.926608,5953.882457,0,1044.036588,0,0,0,0,0,4717.96766,13752.813313
"1975",202302,2023,"CC-19",0,0,0,1.96878,0,11.766356,1994.906928,1223.793684,3.914398,3064.232446,0,0,0,0,14.707945,7.828796,6323.119333
"1976",202302,2023,"CC-20",0,0,37.375808,0,1138.482851,3.610009,748.954733,1442.37504,0,463.41116,1941.669148,3260.408165,154.361815,0,0,54.258707,9244.907436
"1977",202302,2023,"CC-21",124.908746,0,710.054308,0,0,0,683.724915,713.339487,0,217.685084,16271.852077,25.99368,0,0,0,0,18747.558297
"1978",202302,2023,"DD-01",0,0,35.275545,0,0,0,511.383371,1322.571529,0,758.088133,0,118.522842,0,0,52991.261623,141.077284,55878.180327
"1979",202302,2023,"DD-02",2.754535,0,164.808924,0,0,3.680839,275.624094,0,128.195553,2382.818686,0,1436.258217,0,0,64.085588,545.714744,5003.94118
"1980",202302,2023,"DD-03",1.160056,0,253.862869,0,83.831802,60.535984,2573.430361,0,0,2026.215372,80.351634,725.390122,2328.895291,0,5.823955,610.165784,8749.66323
"1981",202302,2023,"DD-18",0,0,1260.009249,4.053891,0,74.814658,3306.752109,2005.882217,88.971101,1018.17001,135.515771,0,32.366777,0,26294.177755,647.206849,34867.920387
"1982",202302,2023,"DD-19",5.187243,0,16.868751,1.307022,0,2.593622,1165.23044,1177.565459,13.642041,3724.460996,35.698035,0,0,122.69668,344.053091,338.865848,6948.822739
"1983",202302,2023,"DD-20",0,0,53.109437,0,0,0,602.805366,890.245836,0,541.212558,55.893043,34.066037,0,0,0,4.661436,2182.457647
"1984",202302,2023,"EE-01",0,0,471.358669,12.184928,0,90.461253,1191.453491,734.002003,90.439725,1154.489671,0,136.057857,6.95359,0,2488.997667,170.459828,6546.858682
"1985",202302,2023,"EE-02",0,0,91.233918,0,34.212719,95.805662,2494.237844,63.853694,0,9553.512461,93.519789,970.113959,0,91.233918,0,187.089819,13680.515903
"1986",202302,2023,"EE-18",3.266935,0,353.547704,0.370253,0,10.171058,377.113195,526.825935,15.594169,674.578516,39.878386,1.437451,0,0,862.993546,44.604553,2910.381701
"1987",202302,2023,"EE-19",0,0,0,0,218.395024,0,2207.327323,412.702669,0,868.879609,0,0,0,0,0,23.356193,3730.660818
"1988",202302,2023,"FF-01",72.109158,0,1071.165469,2.572046,0,164.794688,3684.732055,2662.481395,0,1423.030604,54.081869,3954.521351,25.743429,100.424633,41.198672,187.96607,13444.821439
"1989",202302,2023,"FF-02",16.974963,0,7.187376,0,0,50.87583,836.409432,65.226051,0,5901.743417,2518.329036,3150.670953,0,31.325185,0,746.383253,13325.125496
"1990",202302,2023,"FF-18",0,0,693.659963,0,0,13.526391,279.752384,1427.366913,33.261618,256.247508,14.546414,0,5.188812,0,45.767987,1.241767,2770.559757
"1991",202302,2023,"R-01",0,0,0,0,0,3.266972,4.941295,0,0,281.163756,0,0,0,0,0,38.305243,327.677266
"1992",202302,2023,"R-02",0,0,0,0,0,0.905643,0,1.334632,26.21599,1502.176225,0,0,0,0,0,0,1530.63249
"1993",202302,2023,"R-18",0,0,309.15637,0,0,17.120182,882.41259,59.262167,12.823945,3832.070923,0,0,0,0,0,18.329173,5131.17535
"1994",202302,2023,"R-19",0.696843,0,6.184485,0,0,0,143.37552,58.229972,0,570.235625,0,91.765559,0,0,0,46.252978,916.740982
"1995",202302,2023,"R-20",0,0,4.15063,0,0,0,503.749587,374.219025,58.969853,981.491502,0,428.420069,0,0,0,37.797225,2388.797891
"1996",202302,2023,"S-02",0,0,0,0,0,2.563976,21.584015,0,0.093235,975.243181,0,0,0,0,0,0,999.484407
"1997",202302,2023,"S-18",0,0,21.257458,0,0,0,128.452788,26.822116,5.098996,1207.926531,0,17.182918,0,0,0,16.74054,1423.481347
"1998",202302,2023,"S-21",9.611003,0,0,1.159565,0,0,208.230956,342.985686,0,635.084348,0,225.89201,0,0,0,44.843912,1467.80748
"1999",202302,2023,"T-01",0.580282,0,10.939389,0.10746,0,4.040481,261.341776,18.762448,13.002613,2150.481755,0,0,0,0,0,26.714459,2487.002275
"2000",202302,2023,"T-02",0,0,1.410975,0,0,5.408736,53.946261,0,2.680852,2237.100165,0,0,0,0,0,14.721168,2315.268157
"2001",202302,2023,"T-03",0,0,0,0,0,0.391864,78.715623,0.538813,0.342881,616.450605,0,0,0,0,0,1.469489,697.909275
"2002",202302,2023,"T-18",0,0,30.181111,0,0,4.00873,296.973652,167.210293,0.751637,937.156258,0,11.525099,0,0,0,37.967298,1485.774078
"2003",202302,2023,"T-19",2.317571,0,2.601355,0.070946,0,0,265.172663,199.736762,0,1220.744926,0,141.419114,0,0,0,20.645299,1852.708636
"2004",202302,2023,"T-20",50.571449,0,0,0.346974,0,0,1379.156271,371.392209,0,2203.718103,0,72.430806,0,0,0,1084.380241,5162.343027
"2005",202302,2023,"T-22",4.812311,0,0,0.064164,0,0,286.279034,171.296883,4.38455,88.974283,0,63.158908,0,0,0,22.58578,641.620077
"2006",202302,2023,"T-23",0.700974,0,0,0,0,0.817803,6.853966,13.123788,0,59.621719,1.051461,2.219751,0,0,0,0,84.389462
"2007",202302,2023,"T-24",0,0,0,0,0,0.296227,28.90338,20.989864,0,68.386328,0.592456,62.92727,0,0,0,0,182.095525
"2008",202302,2023,"U-02",0,0,1.820336,0,0,52.089613,206.938189,14.702713,6.12113,2003.569739,0,0,0,0,0,4.400812,2289.642532
"2009",202302,2023,"U-03",0,0,2.310544,0,0,4.933324,200.205538,0,0,1181.499934,0,0,0,0,0,9.523189,1398.472529
"2010",202302,2023,"U-18",7.119821,0,0,0,0,0,738.102584,777.056014,38.001235,5638.24936,0,1.341729,0,0,0,16.62013,7216.490873
"2011",202302,2023,"U-21",6.150974,0,0,0,0,0,111.403428,223.094491,0,174.661103,0,139.835087,0,0,0,6.59349,661.738573
"2012",202302,2023,"U-22",0,0,0,0.043751,0,0.284378,161.723862,187.12105,4.965687,388.723526,0,9.843871,0,0,0,0,752.706125
"2013",202302,2023,"V-03",0,0,0,0,0,3.458782,262.203178,0,0.091623,2370.20496,0,0,0,0,0,1.672127,2637.63067
"2014",202302,2023,"V-18",17.441304,0,0,0,0,0.587176,270.492445,971.711161,0,3314.717677,0,0.826396,0,0,0,35.491532,4611.267691
"2015",202302,2023,"V-19",0,0,0,0,0,0,857.998882,41.701942,5.772483,8178.758843,0,0,0,0,0,7.597606,9091.829756
"2016",202302,2023,"V-20",0,0,0,0,0,0,82.152143,214.188603,1.308155,43.25633,0,11.773396,0,0,0,6.191935,358.870562
"2017",202302,2023,"V-21",1.18319,0,0,0,0,0,287.198277,547.014154,3.232645,348.25934,0,35.918272,0,0,0,41.834223,1264.640101
"2018",202302,2023,"V-22",18.41993,0,0,0,0,0,333.160476,468.420339,0,177.705789,0,119.913529,0,0,0,31.926436,1149.546499
"2019",202302,2023,"V-23",0.193488,0,2.283158,0.193488,0,2.08967,325.040445,563.572418,1.702694,196.932058,0,39.374802,0,0,0,0,1133.471891
"2020",202302,2023,"V-24",16.132755,0,2.76386,0,0,0.184257,292.825889,603.197172,0,104.269192,0,209.295887,0,0,0,2.313453,1230.982465
"2021",202302,2023,"W-01",85.979788,0,0,0,0,0.934805,1229.80254,1389.587397,64.479277,5233.99456,0,12.308264,0,0,10.282853,128.958554,8156.328038
"2022",202302,2023,"W-02",11.165034,0,0.49289,0,0,22.351497,767.858589,437.579317,1.45724,2426.69116,0,31.844991,0,0,0,10.200684,3709.641402
"2023",202302,2023,"W-03",0,0,9.487863,0.432358,0,3.026508,1317.395773,0,0,3728.610033,0,0,0,0,0,0,5058.952535
"2024",202302,2023,"W-19",0,0,0,0,0,5.718887,1210.442002,3160.958021,0,315.832817,0,38.195483,0,0,0,13.337111,4744.484321
"2025",202302,2023,"W-20",29.882656,0,0,0,0,0,202.076772,2091.635877,0,23.506022,0,19.354959,0,0,0,89.647968,2456.104254
"2026",202302,2023,"W-21",3.918239,0,0,0.497898,0,0,1293.235247,2777.728169,0,212.126083,0,42.49449,0,0,0,84.123069,4418.063082
"2027",202302,2023,"W-22",20.387427,0,0,2.394418,0,0,684.45498,946.027761,0,150.267194,0,62.18514,0,3.603251,0,17.993009,1887.31318
"2028",202302,2023,"W-23",28.169949,0,9.732683,0,0,0,1829.835782,159.812482,0,278.272484,0,528.397867,0,0,0,27.667322,2862.391196
"2029",202302,2023,"W-26",1.529038,0,97.914342,0,0,2.125736,24.483247,353.692488,0,346.140534,0,520.432164,0,0,0,0,1348.461931
"2030",202302,2023,"W-27",2.054835,0,20.247211,1.434842,0,2.851969,28.820833,155.742325,0,154.644051,0,134.325984,0,0,0,0,500.688901
"2031",202302,2023,"X-01",39.478909,0,0,0,0,50.570894,2409.069026,2785.279806,0,2792.124446,0,67.651938,0,0,50.570893,34.528767,8305.757426
"2032",202302,2023,"X-18",15.358889,0,0,787.507089,0,14.255116,1568.461991,1015.588945,0,156.266131,0,14.419508,0,0,0,465.040866,4038.002308
"2033",202302,2023,"X-19",0,0,0,0,153.907253,9.181429,3477.560883,8366.695483,0,665.795583,0,0,0,0,0,121.748588,12799.479933
"2034",202302,2023,"X-20",0,0,0.345603,0.345603,0,0,502.405081,1677.21125,19.19113,100.85508,0,2.724165,0,0,0,0,2305.822406
"2035",202302,2023,"X-23",0.97687,0,15.530234,0.239233,0,0,699.119712,1355.536265,0,388.076432,0,46.0923,0,0,0,0.478467,2506.288746
"2036",202302,2023,"X-24",0,0,57.776301,0,0,2.38526,2.031888,41.697881,0,79.508671,0,25.707804,0,0,0,0,216.440271
"2037",202302,2023,"X-25",0,0,18.214211,0.58486,0,1.16972,3.425609,78.997875,1.211495,22.851316,0,30.078514,0,0,0,0,156.658927
"2038",202302,2023,"Y-01",0,0,0,0,0.693835,0,1214.718582,1446.859817,22.389527,490.915069,0,89.664853,0,0,0,19.587501,3284.829184
"2039",202302,2023,"Y-02",0,0,5.047234,5.047234,0,0,1106.783304,1310.627136,0,10620.755477,0,53.178519,0,0,0,35.373595,13136.812499
"2040",202302,2023,"Y-03",37.98419,0,0,0,0,29.061873,983.299353,214.221393,1.179633,4523.099814,0,10.852626,0,0,0,144.794615,5945.094038
"2041",202302,2023,"Y-04",24.220267,0,0,0,0,62.728046,773.409395,46.5812,0,3025.820835,0,0.929667,0,0,0,0,3933.68941
"2042",202302,2023,"Y-18",0,0,0,1.138872,266.450396,6.810452,2936.625942,4488.862359,0,188.209918,0,1.844972,0,0,86.167025,0,8036.196801
"2043",202302,2023,"Y-21",5.073068,0,0.370138,45.701157,0,0.718503,500.840268,1480.029476,0.718503,218.969289,0,51.536275,0,0,0,42.783599,2347.110414
"2044",202302,2023,"Y-22",25.796304,0,0,5.434088,0,0,89.610406,1600.765819,0,475.534777,0,77.034968,0,0,0,0.333124,2274.509486
"2045",202302,2023,"Y-25",0,0,43.645752,0.869889,0,8.509788,1.399387,81.958705,0,36.497531,0,11.308561,0,0,0,0,186.4778
"2046",202302,2023,"ZZ-01",80.637366,0,0,0,0,18.323475,1066.56231,2767.243538,0,187.927059,256.57557,17.361551,0,3.660003,0,0,4493.59171
"2047",202302,2023,"ZZ-02",58.572305,0,19.524102,1.307725,0,7.823406,1702.841202,557.205468,0,1735.603149,0,1427.484837,0,0,0,1268.011242,6821.344813
"2048",202302,2023,"ZZ-03",16.322556,0,0,0,0,45.435176,405.323183,301.66277,0,7916.257165,0,31.670632,0,0,0,47.201423,8763.872905
"2049",202302,2023,"ZZ-04",94.264574,0,0,1.305452,0.652726,22.573456,1014.989591,122.794159,3.318026,9945.102988,0,32.309958,0,0,1.985376,614.705111,11854.654143
"2050",202302,2023,"ZZ-05",0,0,0,0.919292,0,240.078657,51.365399,0,10.054748,7591.622097,0,0,0,0,0,0,7931.328945
"2051",202302,2023,"ZZ-23",0,0,171.212028,0,0,12.66839,235.602685,213.181313,5.600099,676.311632,0,42.787277,0,0,0,0,1357.489269
"2052",202302,2023,"ZZ-24",4.998638,0,88.672414,1.773021,0,5.511319,27.300253,122.594793,0.534042,162.049852,0,4.678212,0,0,0,0,425.097819
