vial_id,AKK-1,AKK-2,AKK-3,AKK-4,AKK-5,AKK-6,AKK-7,AKK-8,AKK-9,AKK-10,AKK-11,AKK-12,AKK-13,AKK-14,AKK-15,AKK-16,AKK-17,AKK-18,AKK-19,AKK-20,AKK-21,AKK-22,AKK-23,AKK-24,AKK-25,AKK-26,AKK-27,AKK-28,AKK-29,AKK-30,AKK-31,AKK-32,AKK-33,AKK-34,AKK-35,AKK-36,AKK-37,AKK-38,AKK-39,AKK-40,AKK-41,AKK-42,AKK-43,AKK-44,AKK-45,AKK-46,AKK-47,AKK-48,AKK-49,AKK-50,AKK-51,AKK-52,AKK-53,AKK-54,AKK-55,AKK-56,AKK-57,AKK-58,AKK-59,AKK-60,AKK-61,AKK-62,AKK-63,AKK-64,AKK-65,AKK-66,AKK-67,AKK-68,AKK-69,AKK-70,AKK-71,AKK-72,AKK-73,AKK-74,AKK-75,AKK-76,AKK-77,AKK-78,AKK-79,AKK-80,AKK-81,AKK-82,AKK-83,AKK-84,AKK-85,AKK-86,AKK-87,AKK-88,AKK-89,AKK-90,AKK-91,AKK-92,AKK-93,AKK-94,AKK-95,AKK-96,AKK-97,AKK-98,AKK-99,AKK-100,AKK-101,AKK-102,AKK-103,AKK-104,AKK-105,AKK-106,AKK-107,AKK-108,AKK-109,AKK-110,AKK-111,AKK-112,AKK-113,AKK-114,AKK-115,AKK-116,AKK-117,AKK-118,AKK-119,AKK-120,AKK-121,AKK-122,AKK-123,AKK-124,AKK-125,AKK-126,AKK-127,AKK-128,AKK-129,AKK-130,AKK-131,AKK-132,AKK-133,AKK-134,AKK-135,AKK-136,AKK-137,AKK-138,AKK-139,AKK-140,VA-1,VA-2,VA-3,VA-4,VA-5,VA-6,VA-7,VA-8,VA-9,VA-10,VA-11,VA-12,VA-13,VA-14,VA-15,VA-16,VA-17,VA-18,VA-19,VA-20,VA-21,VA-22,VA-23,VA-24,VA-25,VA-26,VA-27,VA-28,VA-29,VA-30,VA-31,VA-32,VA-33,VA-34,VA-35,VA-36,VA-37,VA-38,VA-39,VA-40,VA-41,VA-42,VA-43,VA-44,VA-45,VA-46,VA-47,VA-48,VA-49,VA-50,VA-51,VA-52,VA-53,VA-54,VA-55,VA-56,VA-57,VA-58,VA-59,VA-60,VA-61,VA-62,VA-63,VA-64,VA-65,VA-66,VA-67,VA-68,VA-69,VA-70,VA-71,VA-72,VA-73,VA-74,VA-75,VA-76,VA-77,VA-78,VA-79,VA-80,VA-81,VA-82,VA-83,VA-84,VA-85,VA-86,VA-87,VA-88,VA-89,VA-90,VA-91,VA-92,VA-93,VA-94,VA-95,VA-96,VA-97,VA-98,VA-99,VA-100,VA-101,VA-102,VA-103,VA-104,VA-105,VA-106,VA-107,VA-108,VA-109,VA-110,VA-111,VA-112,VA-113,VA-114,VA-115,VA-116,VA-117,VA-118,VA-119,VA-120,VA-121,VA-122,VA-123,VA-124,VA-125,VA-126,VA-127,VA-128,VA-129,VA-130,VA-131,VA-132,VA-133,VA-134,VA-135,VA-136,VA-137,VA-138,VA-139,VA-140,VA-141,VA-142,VA-143,VA-144,VA-145,VA-146,VA-147,VA-148,VA-149,VA-150,VA-151,VA-152,VA-153,VA-154,VA-155,VA-156,VA-157,VA-158,VA-159,VA-160,VA-161,VA-162,VA-163,VA-164,VA-165,VA-166,VA-167,VA-168,VA-169,VA-170,VA-171,VA-172,VA-173,VA-174,VA-175,VA-176,VA-177,VA-178,VA-179,VA-180,VA-181,VA-182,VA-183,VA-184,VA-185,VA-186,VA-187,VA-188,VA-189,VA-190,VA-191,VA-192,VA-193,VA-194,VA-195,VA-196,VA-197,VA-198,VA-199,VA-200,VA-201,VA-202,VA-203,VA-204,VA-205,VA-206,VA-207,VA-208,VA-209,VA-210,VA-211,VA-212,VA-213,VA-214,VA-215,VA-216,VA-217,VA-218,VA-219,VA-220,VA-222,VA-225,VA-226,VA-228,VA-231,VA-235,VA-236,VA-237,VA-240,2019-1,2019-2,2019-3,2019-7,2019-10,2019-11,2019-12,2019-13,2019-14,2019-15,2019-17,2019-19,2019-21,2019-22,2019-23,2019-24,2019-25,2019-26,2019-27,2019-28,2019-29,2019-30,2019-33,2019-34,2019-35,2019-36,2019-37,2019-38,2019-39,2019-40,2019-41,2019-42,2019-43,2019-44,2019-45,2019-46,2019-47,2019-48,2019-49,2019-50,2019-51,2019-52,2019-53,2019-54,2019-55,2019-56,2019-58,2019-59,2019-60,2019-61,2019-62,2019-63,2019-64,2019-65,2019-67,2019-68,2019-69,2019-70,2019-71,2019-72,2019-73,2019-74,2019-75,2019-76,2019-77,2019-78,2019-79,2019-80,2019-81,2019-82,2019-83,2019-84,2019-85,2019-86,2019-87,2019-88,2019-89,2019-90,2019-91,2019-92,2019-94,2019-95,2019-96,2019-97,2019-98,2019-99,2019-100,2019-101,2019-102,2019-103,2019-105,2019-106,2019-107,2019-108,2019-109,2019-110,2019-111,2019-112,2019-113,2019-114,2019-115,2019-116,2019-117,2019-118,2019-119,2019-120,2019-121,2019-122,2019-123,2019-124,2019-125,2019-126,2019-127,2019-128,2019-130,2019-131,2019-132,2019-133,2019-134,2019-136,2019-138,2019-139,2019-140,2019-141,2019-142,2019-143,2019-145,2019-146,2019-147,2019-148,2019-149,2019-150,2019-151,2019-153,2019-154,2019-155,2019-156,2019-157,2019-158,2019-159,2019-161,2019-162,2019-163,2019-164,2019-165,2019-166,2019-168,2019-169,2019-170,2019-171,2019-172,2019-173,2019-174,2019-175,2019-176,2019-177,2019-178,2019-179,2019-180,2019-181,2019-182,2019-183,2019-184,2019-185,2019-186,2019-187,2019-188,2019-189,2019-190,2019-191,2019-192,2019-193,2019-194,2019-195,2019-196,2019-197,2019-198,2019-199,2019-200,2019-201,2019-202,2019-203,2019-204,2019-205,2019-206,2019-207,2019-209,2019-211,2019-212,2019-213,2019-214,2019-215,2019-216,2019-217,2019-218,2019-219,2019-220,2019-221,2019-222,2019-223,2019-224,2019-225,2019-226,2019-227,2019-228,2019-229,2019-230,2019-231,2019-232
Order_processed,54,66,51,71,78,79,57,64,61,60,73,72,82,4,58,52,1,93,83,146,128,92,53,59,84,81,62,91,56,87,75,90,85,129,80,130,89,131,74,147,68,94,95,134,96,55,86,97,116,98,3,110,69,140,141,111,122,117,88,77,99,65,132,135,133,142,136,143,148,144,118,137,138,104,100,149,145,123,105,112,48,41,33,119,101,113,114,106,124,107,42,2,102,108,67,109,70,34,44,125,6,126,40,35,46,43,27,20,25,16,26,28,39,139,50,127,21,45,63,120,19,76,38,32,37,31,49,36,17,29,18,5,22,115,30,121,103,15,23,24,206,207,156,157,257,208,158,159,318,209,200,201,301,258,160,202,272,259,319,302,203,320,161,260,204,9,261,315,205,210,168,340,172,150,303,273,188,281,263,304,341,342,151,169,170,274,152,264,10,12,282,311,343,283,312,173,313,211,314,171,293,299,269,316,317,300,290,349,287,344,350,291,284,305,270,351,262,285,292,288,345,155,174,189,286,289,175,190,7,271,212,166,334,194,306,307,195,278,167,279,308,280,309,176,337,213,338,335,191,153,177,8,352,196,154,339,192,193,178,336,294,357,368,358,363,369,359,360,295,370,11,310,364,371,296,365,297,366,353,298,179,265,218,266,224,230,225,231,232,219,226,361,233,362,220,221,367,372,180,181,222,223,227,228,229,242,243,234,235,236,237,238,239,240,244,162,183,245,182,163,267,185,164,165,268,275,246,184,186,241,326,247,248,324,327,325,330,354,214,249,197,331,253,328,254,332,250,276,329,251,255,355,252,215,256,333,356,198,199,277,187,321,346,347,216,348,322,323,217,167,102,172,152,114,151,112,162,175,169,86,174,173,153,137,161,176,142,143,139,165,67,129,128,154,141,148,99,119,160,73,166,171,150,85,71,170,78,149,144,157,164,136,133,127,109,123,62,140,206,147,101,108,159,38,93,145,29,207,60,135,103,138,125,87,92,69,156,100,126,98,208,84,209,44,146,5,54,163,13,28,55,74,6,80,7,66,168,134,2,59,76,20,120,155,72,36,132,27,131,56,95,53,47,1,32,33,107,79,10,63,24,31,82,22,25,43,41,96,130,37,81,12,14,50,23,39,15,117,4,105,30,61,35,19,70,21,122,83,42,97,9,40,34,3,52,58,91,89,68,88,90,75,111,113,8,94,118,116,49,106,65,51,121,16,64,104,115,11,124,110,46,45,26,48,18,158,17,57,77,203,183,181,192,190,196,184,179,197,194,199,201,193,188,186,204,187,180,200,205,185,177,191,189,195,202,178,198,182
Lipid_WWT_g,0.57,0.37,0.47,0.36,0.34,0.36,0.38,0.37,0.44,0.38,0.44,0.37,0.48,0.41,0.43,0.38,0.29,0.37,0.38,0.5,0.32,0.31,0.35,0.33,0.47,0.33,0.47,0.34,0.36,0.32,0.37,0.38,0.3,0.34,0.35,0.36,0.41,0.32,0.39,0.41,0.38,0.44,0.3,0.42,0.32,0.37,0.38,0.35,0.39,0.34,0.37,0.37,0.38,0.33,0.43,0.39,0.4,0.34,0.31,0.42,0.33,0.42,0.33,0.34,0.34,0.34,0.4,0.38,0.37,0.3,0.4,0.46,0.37,0.32,0.35,0.38,0.36,0.37,0.38,0.36,0.45,0.36,0.33,0.33,0.33,0.31,0.32,0.35,0.42,0.36,0.42,0.44,0.41,0.32,0.38,0.4,0.31,0.34,0.3,0.39,0.48,0.36,0.35,0.36,0.36,0.33,0.36,0.31,0.33,0.33,0.38,0.39,0.31,0.36,0.66,0.44,0.36,0.69,0.35,0.39,0.4,0.34,0.39,0.36,0.37,0.41,0.43,0.4,0.5,0.52,0.48,0.27,0.32,0.31,0.34,0.36,0.35,0.32,0.56,0.34,0.34,0.32,0.33,0.34,0.37,0.33,0.4,0.32,0.41,0.47,0.43,0.31,0.43,0.43,0.35,0.32,0.32,0.31,0.37,0.3,0.31,0.36,0.39,0.41,0.3,0.25,0.36,0.4,0.38,0.36,0.38,0.42,0.32,0.34,0.4,0.34,0.46,0.37,0.41,0.34,0.31,0.48,0.34,0.37,0.39,0.37,0.3,0.35,0.24,0.47,0.39,0.48,0.44,0.35,0.33,0.34,0.41,0.39,0.48,0.35,0.4,0.41,0.38,0.31,0.31,0.35,0.41,0.4,0.36,0.38,0.44,0.31,0.48,0.31,0.35,0.36,0.43,0.56,0.42,0.39,0.48,0.31,0.34,0.37,0.32,0.36,0.35,0.35,0.21,0.45,0.36,0.33,0.39,0.39,0.4,0.46,0.44,0.38,0.32,0.41,0.32,0.53,0.36,0.37,0.38,0.38,0.38,0.33,0.32,0.38,0.34,0.43,0.32,0.38,0.32,0.41,0.33,0.32,0.36,0.31,0.33,0.38,0.45,0.34,0.33,0.33,0.35,0.33,0.41,0.33,0.29,0.39,0.37,0.4,0.4,0.36,0.34,0.35,0.37,0.4,0.32,0.33,0.3,0.26,0.31,0.32,0.34,0.35,0.37,0.31,0.34,0.32,0.31,0.35,0.37,0.34,0.42,0.41,0.32,0.33,0.33,0.36,0.32,0.31,0.36,0.31,0.34,0.32,0.38,0.36,0.34,0.32,0.35,0.36,0.42,0.32,0.32,0.36,0.39,0.3,0.31,0.33,0.36,0.32,0.32,0.21,0.38,0.31,0.36,0.45,0.35,0.35,0.35,0.25,0.35,0.28,0.34,0.36,0.33,0.34,0.3,0.36,0.35,0.34,0.31,0.33,0.31,0.34,0.33,0.37,0.34,0.31,0.37,0.27,0.3,0.31,0.3,0.3,0.24,0.33,0.33,0.3,0.42,0.4,0.31,0.31,0.31,0.31,0.33,0.35,0.32,0.33,0.36,0.33,0.34,0.33,0.38,0.33,0.33,0.34,0.33,0.32,0.32,0.34,0.34,0.33,0.34,0.32,0.31,0.36,0.32,0.33,0.33,0.27,0.34,0.33,0.32,0.32,0.32,0.3,0.32,0.35,0.33,0.32,0.34,0.34,0.3,0.37,0.34,0.34,0.34,0.3,0.36,0.32,0.31,0.33,0.31,0.32,0.31,0.32,0.37,0.35,0.32,0.34,0.32,0.33,0.33,0.32,0.31,0.3,0.27,0.36,0.32,0.22,0.33,0.32,0.32,0.29,0.13,0.31,0.28,0.32,0.36,0.32,0.17,0.33,0.33,0.33,0.25,0.33,0.32,0.33,0.34,0.31,0.34,0.33,0.34,0.14,0.3,0.32,0.35,0.23,0.33,0.32,0.34,0.34,0.32,0.31,0.33,0.33,0.3,0.32,0.34,0.36,0.33,0.38,0.33,0.34,0.33,0.31,0.34,0.34,0.35,0.32,0.32,0.23,0.32,0.32,0.3,0.39,0.32,0.32,0.33,0.34,0.33,0.33,0.35,0.26,0.25,0.31,0.32,0.33,0.36,0.31,0.35,0.32,0.33,0.34,0.32,0.32,0.35,0.34,0.33,0.32,0.34,0.33,0.32,0.35,0.32,0.31,0.32,0.15,0.32,0.31,0.32,0.34,0.3,0.25,0.31,0.31,0.3,0.31,0.3,0.31,0.31,0.31,0.35,0.31,0.34,0.32,0.33,0.36,0.36,0.33,0.32,0.34,0.34,0.31,0.34,0.35,0.32,0.34,0.36,0.32,0.3,0.33,0.31,0.31,0.32,0.31,0.33,0.37,0.37,0.36,0.34,0.33,0.37,0.32,0.27,0.34,0.34,0.33,0.33,0.31,0.36,0.32,0.37,0.34
Lipid_WWT_mg,573.4,372.7,473.9,361.2,341.5,357.4,383,368.2,437,384.2,440.9,368.2,478.1,409,429,379,286.7,366.4,378.4,504.2,324.2,305.8,351.6,331.9,473.5,328.6,474.5,340.7,360.8,321.3,374.4,377.5,304.8,342.1,351.5,361.6,413.2,318.8,385.5,410.2,376.2,438.2,301.6,422.2,324,368.9,380.2,348.9,391.3,343.3,373,365.7,377,327.2,430.5,391.5,399.6,335.4,311.2,424.6,330.3,419.1,328.2,344.3,335.2,339.4,395.6,384.5,368.7,304.9,404.8,461.4,367,317.9,346.4,376.2,364.6,365.5,377.3,356.6,450,357.5,327.9,326.7,332.2,305.6,315.7,354.6,415.5,356.2,415.7,443,405.7,319.1,384.1,402.5,314,344.8,301.6,387.9,481.2,355.4,345.8,356.5,357.7,331.5,364.9,312.9,333.6,328,376.7,389.3,314.2,358,658.5,435.1,359.3,687.2,350.5,387.6,399.4,342.8,389.8,364.2,367.2,407,433.2,402.1,496.8,516,476.7,270,324,309.7,335.1,360,345,323.9,564.8,341.3,341.4,321.3,330,337.5,371.4,329.2,402.4,323.6,410.2,468.5,428,310.4,426.1,434.7,345.2,321.1,322.4,307.5,370.2,304,310.5,355.4,389.4,414.7,303.5,250.6,355.8,400.1,375.8,361.1,376,418,322.2,342,401.9,342.1,456.8,368.3,408.7,342.8,309.7,484.7,341,368.7,386.1,369.1,303.4,350.6,235.8,474.4,388.9,477.4,441.2,354.1,334.7,337.6,408.7,386.2,475.3,352.7,404.9,406.7,384.2,311.4,307.9,351,414.6,403.5,358.3,384.8,437.1,314.7,482.2,313,354.9,357.4,425.2,557.3,417.3,393.4,477.8,313.4,335.6,371.1,322.1,361.3,348.8,353.5,211,451,363.8,330.3,388.2,385.6,403.3,457.9,436.1,380,320.2,407.2,323.3,527.9,363.6,367.3,384.7,384.1,381,328.6,323.6,376,341.7,432.6,315.5,384.5,315.2,405,326.6,317.3,363.3,313.8,331.8,375.4,445.6,341.8,327.7,325.6,345.2,325.5,413.3,325.6,285.2,388.1,369.8,397.3,403.1,360.7,338.1,353,370.3,404,323,334.8,302.1,259.1,308.1,324,335.3,347.8,367.6,313.9,338.8,317.8,306.5,352.8,366.1,342.4,419.5,406.8,319.6,329.9,331,360.1,315.3,307.4,356.1,314.7,335.8,324.3,377.2,358.1,336.5,321.1,348.6,361.4,424.7,317.7,316,363.5,390.2,302.9,308,334.9,362.1,316.1,317.2,209.7,382.7,308,362.9,447.5,350.1,351.3,346.5,253.8,347.1,280.5,340.8,357.2,329.5,338,302.3,357.5,350.9,343.2,307.4,330.8,312.1,335.6,329.5,371.3,336,308.7,373.4,267.5,303.4,314.6,302.9,300.4,241.2,326.8,329.9,304.2,419.5,404.6,312.1,312.2,306.4,308.5,328.9,351.6,315.2,329.2,358.6,327.8,340.1,326.3,380.8,332.6,325.9,335.2,331.2,321.1,317.6,339.4,340.4,328.6,337.1,316.8,305.6,361,318.7,327.7,329.3,266.8,342.3,333.3,318,322.2,323.5,301.9,318.4,346.6,331,320.3,335.7,344.1,303.6,369.9,344.7,341.6,340.4,304.6,361.9,320.1,307.7,327.5,310,318.3,306.4,315.4,374,354,320.6,338.1,316.3,328.5,327.8,319.1,309.6,304.7,269.2,361.7,315,215.5,325.4,323.3,316.6,286.1,130.3,310.1,277.3,316.7,361.7,323.5,174.4,333.4,334.7,330.7,249.8,331.1,316.8,326.9,340.1,314.5,337.3,326.8,335.4,136.5,303.5,317.5,345.1,230.2,325.4,315.9,344.6,342.7,317.9,314.1,329.4,328.5,304,317.2,343.2,359,329.5,381.9,329.9,343.5,328.8,313.4,344.9,340.8,345.7,322.7,315.6,229.9,323.3,322.5,304.1,392.6,316.2,321.4,325.8,339.3,325.7,329.5,346.5,256.3,246.4,313.2,324.8,329.6,356.7,309.8,353.4,322.4,333.5,341.3,322.3,317.1,346.3,343,332,320.3,335.7,329.8,317,354.5,317.5,312.9,319.9,147.6,324,306.9,322.6,340.1,302.4,248.9,305.6,305.1,302.8,307.1,296.4,308.3,308,312.6,349,308.3,340.7,324.7,332.7,360.5,362.6,330.5,316,338.2,337.6,311,340.8,349.7,324.4,344.9,355,321.3,304.5,334.4,312.7,308.5,324,313.7,325.5,374.5,374.6,362.7,338,331.7,365.6,321.2,274.1,338.8,343.9,326,333.7,308.7,355.8,318.9,366.9,341
year,2021,2021,2021,2021,2021,2021,2021,2021,2021,2021,2021,2021,2021,2021,2021,2021,2021,2021,2021,2021,2021,2021,2021,2021,2021,2021,2021,2021,2021,2021,2021,2021,2021,2021,2021,2021,2021,2021,2021,2021,2021,2021,2021,2021,2021,2021,2021,2021,2021,2021,2021,2021,2021,2021,2021,2021,2021,2021,2021,2021,2021,2021,2021,2021,2021,2021,2021,2021,2021,2021,2021,2021,2021,2021,2021,2021,2021,2021,2021,2021,2021,2021,2021,2021,2021,2021,2021,2021,2021,2021,2021,2021,2021,2021,2021,2021,2021,2021,2021,2021,2021,2021,2021,2021,2021,2021,2021,2021,2021,2021,2021,2021,2021,2021,2021,2021,2021,2021,2021,2021,2021,2021,2021,2021,2021,2021,2021,2021,2021,2021,2021,2021,2021,2021,2021,2021,2021,2021,2021,2021,2021,2021,2021,2021,2021,2021,2021,2021,2021,2021,2021,2021,2021,2021,2021,2021,2021,2021,2021,2021,2021,2021,2021,2021,2021,2021,2021,2021,2021,2021,2021,2021,2021,2021,2021,2021,2021,2021,2021,2021,2021,2021,2021,2021,2021,2021,2021,2021,2021,2021,2021,2021,2021,2021,2021,2021,2021,2021,2021,2021,2021,2021,2021,2021,2021,2021,2021,2021,2021,2021,2021,2021,2021,2021,2021,2021,2021,2021,2021,2021,2021,2021,2021,2021,2021,2021,2021,2021,2021,2021,2021,2021,2021,2021,2021,2021,2021,2021,2021,2021,2021,2021,2021,2021,2021,2021,2021,2021,2021,2021,2021,2021,2021,2021,2021,2021,2021,2021,2021,2021,2021,2021,2021,2021,2021,2021,2021,2021,2021,2021,2021,2021,2021,2021,2021,2021,2021,2021,2021,2021,2021,2021,2021,2021,2021,2021,2021,2021,2021,2021,2021,2021,2021,2021,2021,2021,2021,2021,2021,2021,2021,2021,2021,2021,2021,2021,2021,2021,2021,2021,2021,2021,2021,2021,2021,2021,2021,2021,2021,2021,2021,2021,2021,2021,2021,2021,2021,2021,2021,2021,2021,2021,2021,2021,2021,2021,2021,2021,2021,2021,2021,2021,2021,2021,2021,2021,2021,2021,2021,2021,2021,2021,2021,2021,2021,2021,2021,2021,2021,2021,2021,2021,2021,2021,2021,2021,2021,2021,2021,2019,2019,2019,2019,2019,2019,2019,2019,2019,2019,2019,2019,2019,2019,2019,2019,2019,2019,2019,2019,2019,2019,2019,2019,2019,2019,2019,2019,2019,2019,2019,2019,2019,2019,2019,2019,2019,2019,2019,2019,2019,2019,2019,2019,2019,2019,2019,2019,2019,2019,2019,2019,2019,2019,2019,2019,2019,2019,2019,2019,2019,2019,2019,2019,2019,2019,2019,2019,2019,2019,2019,2019,2019,2019,2019,2019,2019,2019,2019,2019,2019,2019,2019,2019,2019,2019,2019,2019,2019,2019,2019,2019,2019,2019,2019,2019,2019,2019,2019,2019,2019,2019,2019,2019,2019,2019,2019,2019,2019,2019,2019,2019,2019,2019,2019,2019,2019,2019,2019,2019,2019,2019,2019,2019,2019,2019,2019,2019,2019,2019,2019,2019,2019,2019,2019,2019,2019,2019,2019,2019,2019,2019,2019,2019,2019,2019,2019,2019,2019,2019,2019,2019,2019,2019,2019,2019,2019,2019,2019,2019,2019,2019,2019,2019,2019,2019,2019,2019,2019,2019,2019,2019,2019,2019,2019,2019,2019,2019,2019,2019,2019,2019,2019,2019,2019,2019,2019,2019,2019,2019,2019,2019,2019,2019,2019,2019,2019,2019,2019,2019,2019,2019,2019,2019,2019,2019,2019,2019,2019
Internal_Standard_Added_ug,1506,1506,1506,1506,1506,1506,1506,1506,1506,1506,1506,1506,1506,1506,1506,1506,1506,1506,1506,1506,1506,1506,1506,1506,1506,1506,1506,1506,1506,1506,1506,1506,1506,1506,1506,1506,1506,1506,1506,1506,1506,1506,1506,1506,1506,1506,1506,1506,1506,1506,1506,1506,1506,1506,1506,1506,1506,1506,1506,1506,1506,1506,1506,1506,1506,1506,1506,1506,1506,1506,1506,1506,1506,1506,1506,1506,1506,1506,1506,1506,1506,1506,1506,1506,1506,1506,1506,1506,1506,1506,1506,1506,1506,1506,1506,1506,1506,1506,1506,1506,1506,1506,1506,1506,1506,1506,1506,1506,1506,1506,1506,1506,1506,1506,1506,1506,1506,1506,1506,1506,1506,1506,1506,1506,1506,1506,1506,1506,1506,1506,1506,1506,1506,1506,1506,1506,1506,1506,1506,1506,1505,1505,1506,1506,1505,1505,1506,1506,1505,1505,1506,1506,1505,1505,1506,1506,1505,1505,1505,1505,1506,1505,1506,1505,1505,1506,1505,1505,1505,1505,1506,1505,1506,1506,1505,1505,1506,1505,1505,1505,1505,1505,1506,1506,1506,1505,1506,1505,1506,1506,1505,1505,1505,1505,1505,1506,1505,1505,1505,1506,1505,1505,1505,1505,1505,1505,1505,1505,1505,1505,1505,1505,1505,1505,1505,1505,1505,1505,1505,1505,1505,1506,1506,1506,1505,1505,1506,1506,1505,1505,1505,1506,1505,1506,1505,1505,1506,1505,1506,1505,1505,1505,1505,1506,1505,1505,1505,1505,1506,1506,1506,1505,1505,1505,1506,1505,1505,1505,1506,1505,1505,1505,1506,1505,1505,1506,1505,1505,1505,1506,1505,1505,1505,1506,1505,1505,1505,1506,1505,1505,1506,1505,1505,1505,1505,1505,1505,1505,1505,1505,1505,1505,1505,1505,1505,1505,1506,1506,1506,1506,1505,1505,1505,1505,1505,1505,1505,1505,1505,1505,1505,1505,1505,1505,1505,1506,1505,1505,1506,1506,1505,1505,1506,1506,1505,1505,1505,1505,1505,1505,1505,1505,1505,1505,1505,1505,1505,1505,1505,1505,1505,1505,1505,1505,1505,1505,1505,1505,1505,1505,1505,1505,1505,1505,1505,1505,1505,1505,1505,1505,1505,1505,1505,1505,1505,1505,1505,1505,1505,1518,1518,1518,1518,1518,1518,1518,1518,1518,1518,1518,1518,1518,1518,1518,1518,1518,1518,1518,1518,1518,1505,1518,1518,1518,1518,1518,1518,1518,1518,1518,1518,1518,1518,1518,1505,1518,1518,1518,1518,1518,1518,1518,1518,1518,1518,1518,1505,1518,1518,1518,1518,1518,1518,1505,1518,1518,1518,1518,1518,1518,1518,1518,1518,1518,1518,1518,1518,1518,1518,1518,1518,1518,1518,1505,1518,1518,1518,1518,1518,1518,1518,1518,1518,1518,1518,1518,1518,1518,1518,1518,1518,1518,1518,1518,1518,1518,1518,1518,1518,1518,1518,1518,1505,1518,1518,1518,1518,1518,1518,1518,1518,1518,1518,1518,1518,1505,1505,1518,1518,1505,1518,1518,1518,1518,1518,1505,1518,1518,1518,1518,1518,1518,1518,1518,1518,1518,1518,1518,1505,1518,1518,1505,1518,1518,1518,1518,1518,1518,1518,1518,1518,1518,1518,1518,1518,1518,1518,1518,1518,1518,1518,1518,1518,1518,1518,1518,1518,1518,1518,1518,1505,1505,1518,1505,1518,1518,1518,1518,1518,1518,1518,1518,1518,1518,1518,1518,1518,1518,1518,1518,1518,1518,1518,1518,1518,1518,1518,1518,1518,1518,1518,1518,1518,1518,1518,1518,1518,1518
Instd_Vial,3/28 Vial 2,3/28 Vial 1,3/28 Vial 2,3/28 Vial 3,3/28 Vial 3,3/28 Vial 3,3/28 Vial 2,3/28 Vial 1,3/28 Vial 1,3/28 Vial 1,3/28 Vial 3,3/28 Vial 3,3/28 Vial 2,3/28 Vial 1,3/28 Vial 1,3/28 Vial 2,3/28 Vial 1,3/28 Vial 2,3/28 Vial 2,3/28 Vial 4,3/28 Vial 3,3/28 Vial 2,3/28 Vial 2,3/28 Vial 1,3/28 Vial 2,3/28 Vial 3,3/28 Vial 1,3/28 Vial 2,3/28 Vial 2,3/28 Vial 2,3/28 Vial 3,3/28 Vial 2,3/28 Vial 2,3/28 Vial 3,3/28 Vial 3,3/28 Vial 4,3/28 Vial 2,3/28 Vial 4,3/28 Vial 3,3/28 Vial 4,3/28 Vial 1,3/28 Vial 2,3/28 Vial 2,3/28 Vial 4,3/28 Vial 2,3/28 Vial 2,3/28 Vial 2,3/28 Vial 2,3/28 Vial 3,3/28 Vial 2,3/28 Vial 1,3/28 Vial 3,3/28 Vial 1,3/28 Vial 4,3/28 Vial 4,3/28 Vial 3,3/28 Vial 3,3/28 Vial 3,3/28 Vial 3,3/28 Vial 3,3/28 Vial 3,3/28 Vial 1,3/28 Vial 4,3/28 Vial 4,3/28 Vial 4,3/28 Vial 4,3/28 Vial 4,3/28 Vial 4,3/28 Vial 4,3/28 Vial 4,3/28 Vial 3,3/28 Vial 4,3/28 Vial 4,3/28 Vial 3,3/28 Vial 3,3/28 Vial 4,3/28 Vial 4,3/28 Vial 3,3/28 Vial 3,3/28 Vial 3,3/28 Vial 2,3/28 Vial 2,3/28 Vial 2,3/28 Vial 3,3/28 Vial 3,3/28 Vial 3,3/28 Vial 3,3/28 Vial 3,3/28 Vial 3,3/28 Vial 3,3/28 Vial 2,3/28 Vial 1,3/28 Vial 3,3/28 Vial 3,3/28 Vial 1,3/28 Vial 3,3/28 Vial 3,3/28 Vial 2,3/28 Vial 2,3/28 Vial 4,3/28 Vial 1,3/28 Vial 4,3/28 Vial 2,3/28 Vial 2,3/28 Vial 2,3/28 Vial 2,3/28 Vial 1,3/28 Vial 1,3/28 Vial 1,3/28 Vial 1,3/28 Vial 1,3/28 Vial 1,3/28 Vial 2,3/28 Vial 4,3/28 Vial 2,3/28 Vial 4,3/28 Vial 1,3/28 Vial 2,3/28 Vial 1,3/28 Vial 4,3/28 Vial 1,3/28 Vial 3,3/28 Vial 2,3/28 Vial 1,3/28 Vial 2,3/28 Vial 1,3/28 Vial 2,3/28 Vial 2,3/28 Vial 1,3/28 Vial 1,3/28 Vial 1,3/28 Vial 1,3/28 Vial 1,3/28 Vial 4,3/28 Vial 1,3/28 Vial 4,3/28 Vial 3,3/28 Vial 1,3/28 Vial 1,3/28 Vial 1,4/18 Vial 1,4/18 Vial 1,3/28 Vial 4,3/28 Vial 4,4/18 Vial 2,4/18 Vial 1,3/28 Vial 4,3/28 Vial 5,4/18 Vial 4,4/18 Vial 1,3/28 Vial 5,3/28 Vial 5,4/18 Vial 3,4/18 Vial 2,3/28 Vial 5,3/28 Vial 5,4/18 Vial 3,4/18 Vial 2,4/18 Vial 4,4/18 Vial 3,3/28 Vial 5,4/18 Vial 4,3/28 Vial 5,4/18 Vial 2,4/18 Vial 1,3/28 Vial 5,4/18 Vial 2,4/18 Vial 4,4/18 Vial 1,4/18 Vial 1,3/28 Vial 5,4/18 Vial 4,3/28 Vial 5,3/28 Vial 4,4/18 Vial 3,4/18 Vial 3,3/28 Vial 5,4/18 Vial 3,4/18 Vial 2,4/18 Vial 3,4/18 Vial 4,4/18 Vial 5,3/28 Vial 4,3/28 Vial 5,3/28 Vial 5,4/18 Vial 3,3/28 Vial 4,4/18 Vial 2,3/28 Vial 5,3/28 Vial 5,4/18 Vial 3,4/18 Vial 4,4/18 Vial 5,4/18 Vial 3,4/18 Vial 4,3/28 Vial 5,4/18 Vial 4,4/18 Vial 1,4/18 Vial 4,3/28 Vial 5,4/18 Vial 3,4/18 Vial 3,4/18 Vial 2,4/18 Vial 4,4/18 Vial 4,4/18 Vial 3,4/18 Vial 3,4/18 Vial 5,4/18 Vial 3,4/18 Vial 5,4/18 Vial 5,4/18 Vial 3,4/18 Vial 3,4/18 Vial 3,4/18 Vial 3,4/18 Vial 5,4/18 Vial 2,4/18 Vial 3,4/18 Vial 3,4/18 Vial 3,4/18 Vial 5,3/28 Vial 4,3/28 Vial 5,3/28 Vial 5,4/18 Vial 3,4/18 Vial 3,3/28 Vial 5,3/28 Vial 5,4/18 Vial 1,4/18 Vial 3,4/18 Vial 1,3/28 Vial 5,4/18 Vial 4,3/28 Vial 5,4/18 Vial 4,4/18 Vial 4,3/28 Vial 5,4/18 Vial 3,3/28 Vial 5,4/18 Vial 3,4/18 Vial 4,4/18 Vial 3,4/18 Vial 4,3/28 Vial 5,4/18 Vial 4,4/18 Vial 1,4/18 Vial 4,4/18 Vial 4,3/28 Vial 5,3/28 Vial 4,3/28 Vial 5,4/18 Vial 1,4/18 Vial 5,4/18 Vial 1,3/28 Vial 4,4/18 Vial 4,4/18 Vial 1,4/18 Vial 1,3/28 Vial 5,4/18 Vial 4,4/18 Vial 3,4/18 Vial 5,3/28 Vial 4,4/18 Vial 5,4/18 Vial 5,3/28 Vial 4,4/18 Vial 5,4/18 Vial 5,4/18 Vial 3,3/28 Vial 4,4/18 Vial 1,4/18 Vial 4,4/18 Vial 5,3/28 Vial 5,4/18 Vial 3,4/18 Vial 5,4/18 Vial 3,3/28 Vial 4,4/18 Vial 5,4/18 Vial 3,3/28 Vial 5,4/18 Vial 2,4/18 Vial 1,4/18 Vial 2,4/18 Vial 1,4/18 Vial 1,4/18 Vial 1,4/18 Vial 1,4/18 Vial 1,4/18 Vial 1,4/18 Vial 1,4/18 Vial 5,4/18 Vial 1,4/18 Vial 5,4/18 Vial 1,4/18 Vial 1,3/28 Vial 4,3/28 Vial 5,3/28 Vial 5,3/28 Vial 5,4/18 Vial 1,4/18 Vial 1,4/18 Vial 1,4/18 Vial 2,4/18 Vial 2,4/18 Vial 2,4/18 Vial 2,4/18 Vial 2,4/18 Vial 2,4/18 Vial 2,4/18 Vial 2,4/18 Vial 2,4/18 Vial 2,4/18 Vial 2,4/18 Vial 2,3/28 Vial 5,4/18 Vial 1,4/18 Vial 2,3/28 Vial 5,3/28 Vial 5,4/18 Vial 2,4/18 Vial 1,3/28 Vial 5,3/28 Vial 5,4/18 Vial 2,4/18 Vial 3,4/18 Vial 2,4/18 Vial 1,4/18 Vial 1,4/18 Vial 2,4/18 Vial 4,4/18 Vial 2,4/18 Vial 2,4/18 Vial 4,4/18 Vial 4,4/18 Vial 4,4/18 Vial 4,4/18 Vial 5,4/18 Vial 2,4/18 Vial 2,4/18 Vial 1,4/18 Vial 4,4/18 Vial 2,4/18 Vial 4,4/18 Vial 2,4/18 Vial 4,4/18 Vial 2,4/18 Vial 3,4/18 Vial 4,4/18 Vial 2,4/18 Vial 2,4/18 Vial 5,4/18 Vial 2,4/18 Vial 2,4/18 Vial 2,4/18 Vial 4,4/18 Vial 5,4/18 Vial 1,4/18 Vial 1,4/18 Vial 3,4/18 Vial 1,4/18 Vial 4,4/18 Vial 5,4/18 Vial 5,4/18 Vial 2,4/18 Vial 5,4/18 Vial 4,4/18 Vial 4,4/18 Vial 2,5/5 Vial 4,5/5 Vial 2,5/5 Vial 4,5/5 Vial 4,5/5 Vial 3,5/5 Vial 4,5/5 Vial 3,5/5 Vial 4,5/5 Vial 5,5/5 Vial 4,5/5 Vial 2,5/5 Vial 5,5/5 Vial 4,5/5 Vial 4,5/5 Vial 3,5/5 Vial 4,5/5 Vial 5,5/5 Vial 3,5/5 Vial 3,5/5 Vial 3,5/5 Vial 4,4/18 Vial 5,5/5 Vial 3,5/5 Vial 3,5/5 Vial 4,5/5 Vial 3,5/5 Vial 4,5/5 Vial 2,5/5 Vial 3,5/5 Vial 4,5/5 Vial 2,5/5 Vial 4,5/5 Vial 4,5/5 Vial 4,5/5 Vial 2,4/18 Vial 5,5/5 Vial 4,5/5 Vial 2,5/5 Vial 4,5/5 Vial 3,5/5 Vial 4,5/5 Vial 4,5/5 Vial 3,5/5 Vial 4,5/5 Vial 4,5/5 Vial 3,5/5 Vial 4,4/18 Vial 5,5/5 Vial 4,5/5 Vial 5,5/5 Vial 4,5/5 Vial 2,5/5 Vial 2,5/5 Vial 4,4/18 Vial 5,5/5 Vial 3,5/5 Vial 4,5/5 Vial 1,5/5 Vial 5,5/5 Vial 2,5/5 Vial 4,5/5 Vial 3,5/5 Vial 4,5/5 Vial 4,5/5 Vial 3,5/5 Vial 3,5/5 Vial 2,5/5 Vial 4,5/5 Vial 3,5/5 Vial 4,5/5 Vial 3,5/5 Vial 5,5/5 Vial 2,5/5 Vial 5,4/18 Vial 5,5/5 Vial 5,5/5 Vial 1,5/5 Vial 2,5/5 Vial 5,5/5 Vial 1,5/5 Vial 1,5/5 Vial 2,5/5 Vial 2,5/5 Vial 1,5/5 Vial 2,5/5 Vial 1,5/5 Vial 2,5/5 Vial 5,5/5 Vial 4,5/5 Vial 1,5/5 Vial 2,5/5 Vial 2,5/5 Vial 1,5/5 Vial 3,5/5 Vial 5,5/5 Vial 2,5/5 Vial 1,5/5 Vial 4,5/5 Vial 1,5/5 Vial 4,5/5 Vial 2,5/5 Vial 3,5/5 Vial 2,4/18 Vial 5,5/5 Vial 1,5/5 Vial 1,5/5 Vial 1,5/5 Vial 3,5/5 Vial 2,5/5 Vial 1,5/5 Vial 2,5/5 Vial 1,5/5 Vial 1,5/5 Vial 2,5/5 Vial 1,5/5 Vial 1,4/18 Vial 5,4/18 Vial 5,5/5 Vial 3,5/5 Vial 4,4/18 Vial 5,5/5 Vial 2,5/5 Vial 1,5/5 Vial 1,5/5 Vial 2,5/5 Vial 1,4/18 Vial 5,5/5 Vial 1,5/5 Vial 3,5/5 Vial 1,5/5 Vial 3,5/5 Vial 1,5/5 Vial 2,5/5 Vial 1,5/5 Vial 1,5/5 Vial 2,5/5 Vial 1,5/5 Vial 4,5/5 Vial 2,4/18 Vial 5,5/5 Vial 3,5/5 Vial 1,4/18 Vial 5,5/5 Vial 1,5/5 Vial 1,5/5 Vial 2,5/5 Vial 2,5/5 Vial 3,5/5 Vial 3,5/5 Vial 2,5/5 Vial 3,5/5 Vial 3,5/5 Vial 2,5/5 Vial 3,5/5 Vial 3,5/5 Vial 1,5/5 Vial 3,5/5 Vial 3,5/5 Vial 3,5/5 Vial 2,5/5 Vial 3,5/5 Vial 2,5/5 Vial 2,5/5 Vial 4,5/5 Vial 1,5/5 Vial 2,5/5 Vial 3,5/5 Vial 3,5/5 Vial 1,5/5 Vial 4,5/5 Vial 3,4/18 Vial 5,4/18 Vial 5,5/5 Vial 1,4/18 Vial 5,5/5 Vial 1,5/5 Vial 5,5/5 Vial 1,5/5 Vial 2,5/5 Vial 2,5/5 Vial 5,5/5 Vial 5,5/5 Vial 5,5/5 Vial 5,5/5 Vial 5,5/5 Vial 5,5/5 Vial 5,5/5 Vial 5,5/5 Vial 5,5/5 Vial 5,5/5 Vial 5,5/5 Vial 5,5/5 Vial 5,5/5 Vial 5,5/5 Vial 5,5/5 Vial 5,5/5 Vial 5,5/5 Vial 5,5/5 Vial 5,5/5 Vial 5,5/5 Vial 5,5/5 Vial 5,5/5 Vial 5,5/5 Vial 5,5/5 Vial 5,5/5 Vial 5,5/5 Vial 5,5/5 Vial 5,5/5 Vial 5
Total_FA_Conc,194.09,107.51,87.42,33.4,138.95,49.78,49.54,75.03,26.04,81.5,129.41,62.82,40.61,17.78,78.07,221.05,40.45,99.72,130.37,198.66,205.81,250.87,211.21,256.63,142.53,100.3,123.31,132.8,136.18,126.55,134.87,114.74,108.55,92.54,116.19,27.32,91.24,105.48,70.38,122.34,116.38,105.26,96.67,160.61,95.41,131.04,103.84,128.34,163.39,120.88,89.64,91.16,90.56,203.67,114.83,118.36,139.02,115.81,119.31,170.37,173.06,189.57,83.27,89.3,189.61,89.39,115.48,79.81,72.56,13.01,NA,85.5,35.25,8.54,71.26,54.47,72.19,NA,80.7,20.31,28.24,NA,40.51,11.73,7.91,25.79,41.81,11.27,60.21,27.22,63.23,7.34,31.38,30.16,10.41,28.79,19.54,9.04,55.37,71.87,34.95,53.86,28.66,33.06,26.62,290.12,149.55,116.86,125.87,117.32,143.45,200.99,15.23,135.88,89.9,105.13,142.58,100.93,131.06,102.3,94.86,116.99,86.62,65.76,107.54,44.82,43.81,140.42,87.53,106.84,90.64,85.92,73.08,83.04,82.1,116.92,104.39,117.51,81.8,101.67,38.08,58.48,28.46,35.66,133.3,72.94,63.24,64.77,78.72,9.09,42.16,56.55,74.27,55.86,59.86,33.98,92.33,49.83,91.3,66.64,25.62,98.26,64.3,91.53,53.36,81.99,74.72,199.7,52.02,25,19.46,60.31,106.86,106.63,71.63,92.18,133.92,44.18,35.53,60.06,10.54,27.09,104.7,26.1,18.32,81.31,73.7,18.08,30.62,35.63,22.25,90.7,41,32.87,106.05,85.88,99.85,59.6,80.36,90.67,96.38,201.87,98.1,14.8,35.67,90.58,79.62,180.03,114.08,197.76,123.02,40.54,200.6,255.74,123.83,172.44,58.42,181.84,59.84,82.71,151.16,162.34,209.85,258.49,238.35,77.5,230.04,227.5,162,53.4,271.59,261.39,263.75,245.28,187.64,175.38,229.16,93.68,224.37,92.63,101.41,92.96,94.39,89.5,257.69,265.49,212.87,267.08,53.07,125.77,87.27,153.22,93.25,245.09,99.32,183.9,78.33,108.59,74.55,192.15,62.08,112.56,112.43,110.12,169.84,99.85,115.42,110.09,69.7,93.87,76.98,47.85,168.86,154.25,98.37,90.59,90.9,124.41,102.77,80.06,148.33,122.13,102.61,NA,166.9,131.02,118.75,130.13,105.22,169.98,57.16,167.53,156.19,117.75,65.13,141.29,168.77,168.96,122.18,98.53,110.13,179.64,187.24,94.34,128.2,107.46,69.18,96.03,84.16,47.18,104.64,86.84,96.7,83.09,27.55,94.06,35.75,75.74,95.7,49.31,99.15,52.22,52.14,157.02,100.77,90.8,122.88,51.18,72.76,69.97,117.62,117.77,98.04,74.73,144.37,44.14,23.47,9.06,32.11,95.9,30.84,109.36,127.52,87.14,91,79.78,76.89,9.36,108.69,101.7,92,40.82,111.14,59.86,165.21,163.05,20.53,36.32,41.72,141.03,84.16,60.86,68.52,101.38,60.41,74.46,122.41,66.73,62.35,114.65,76.71,102.79,101.91,81.34,108.06,108.44,56.01,71.82,79.34,101.2,81.4,17.97,8.82,NA,8.45,92.42,6.06,103.42,64.85,160.3,75.08,54.59,50.07,35.19,20.89,37.46,140.31,39.28,70.36,148.01,48.74,8.32,8.51,7.63,8.42,8.58,58.24,114.8,112.83,101.64,36.8,134.1,85.17,127.42,64.54,90.8,83.47,132.32,66.16,113.69,6.79,58.71,127.02,55.78,79.43,92.41,49.9,124.53,71.37,129.21,131.1,91.09,102.49,69.75,92.3,153.84,171.72,28.68,194.67,125.44,29.94,123.68,60.5,111.74,93.54,113,76.7,96.92,23.93,17.86,25.95,36.36,11.58,101.13,31.52,25.05,39.91,23.03,72.07,36.26,43,87.39,15.83,65.84,48.43,58.37,98.99,154.31,102.09,115.86,164.7,128.64,114.69,134.52,103.79,113.25,95.51,116.77,142.73,110.48,114.43,135.55,144.97,132.38,153.72,167.4,61.11,99.48,136.78,54.72,80.84,102.55,147.38,185.21,78.53,101.05,120.72,90.61,67.39,83.22,164.26,65.9,102.62,156.02,77.08,100.88,74.08,4.7,5.63,5.06,6.68,51.98,38.18,61.11,5.15,10.36,11.29,13.03,111.3,155.36,139.02,111.19,36.25,48.58,124.28,122.07,118.3,111.75,140.07,132.51,122.79,123.25,11.19,94.39,51.09,42.38,5.37,33.52,70.82,58.15,17.47,19.63,35.64,28.83,45.98,19.8,31.48,70.44,8.58,6.04,24.13,18.21,78.82,37.03,2.09,53.87,49.49,25.99,66.35,52.12,93.01,65.65,31.95,18.27,30.26,20.93,22.22,4.16,3.99,3.78,11.46,24.61,76.87,47.09,36.33,42.51,27.81,16.41
Total_FA_extract,111291.44,40070.21,41426.15,12062.29,47452.27,17790.45,18975.02,27626.7,11380.09,31314.16,57057.73,23129.09,19414.71,7270.41,33490.33,83777.81,11597.39,36537.02,49330.67,100165.14,66722.28,76715.39,74261.65,85175.31,67489.26,32958.9,58508.45,45243.81,49133.45,40661.93,50493.92,43315.85,33087.5,31657.13,40842.28,9878.63,37701.02,33627.02,27131.13,50182.49,43781.7,46122.74,29156.3,67808.8,30912.49,48340.45,39478.52,44776.22,63936.24,41497.77,33434.45,33338.7,34139.26,66642.21,49432.65,46336.6,55552.91,38841.17,37129.84,72338.88,57161.9,79447.83,27329.15,30746.76,63557.98,30340.3,45685.19,30686.27,26752.46,3967.33,NA,39448.73,12937.8,2714.63,24686.11,20491.41,26320.96,NA,30446.47,7240.84,12708.04,NA,13283.99,3831.87,2626.68,7882.51,13197.85,3996.8,25017.38,9694.27,26285.02,3249.49,12729.06,9624.22,3999.95,11589.82,6134.15,3116.08,16700.76,27877.01,16819.99,19142.69,9910.5,11786.84,9521.59,96174.55,54571.76,36566.68,41990.12,38480.48,54038.62,78243.74,4785.75,48646.54,59200.76,45742.85,51228.49,69361.05,45937.41,39652.38,37888.79,40105.76,33766.25,23949.22,39488.15,18240.73,18977.58,56463.53,43485.5,55131.23,43206.55,23197.35,23679.18,25715.97,27510.07,42092.89,36013.98,38062.7,46203.42,34699.57,13001.37,18789.97,9391.08,12035.79,49507.14,24012.29,25447.52,20958.66,32290.6,4257.14,18044.66,17553.9,31645.31,24282.52,20662.92,10911.13,29767.11,15324.13,33797.99,20259.89,7956.39,34922.44,25037.26,37957.81,16195.91,20547.1,26585.15,79899.23,19547.51,9027.64,7315.47,25209.89,34428.82,36466.86,28787.03,31536.18,61175.53,16271.48,14522.7,20587.48,3264.59,13128.83,35701.4,9623.19,7072.95,30011.6,22359.24,6340.24,7220.14,16903.35,8653.44,43298.85,18091.23,11639.78,35494.03,28991.43,40807.05,23017.15,38193.33,31980.72,39026.11,82100.33,37688.87,4609.59,10983.02,31792.58,33012.11,72641.59,40874.65,76099.7,53772.85,12756.81,96727.04,80045.34,43947.49,61629.08,24841.01,101337.88,24970.84,32536.97,72225.66,50876.63,70424.41,95925.77,76771.23,27999.36,80238.82,80422.48,34181.95,24083.12,98805.88,86337.84,102387.8,94581.13,75673.93,80307.88,99937.71,35600.15,71841.99,37718.53,32786.93,49075.65,34321.38,32875.02,99134.56,101975.61,81104.27,87764.11,17172.18,47288.29,29819.51,66280.95,29420.24,94238.4,31306.53,74480.5,25583.18,34455.41,27085.26,60295.87,20598.62,42256.58,50100.82,37637.56,55656.84,32510.44,39843.66,35835.32,28805.1,30564.69,21955.39,18569.55,62445.58,61283.72,39653.8,32674.63,30733.84,43916.61,38056.7,32343.41,47910.47,40888.83,30997.96,NA,51422.38,42451.91,39816.2,45260.02,38678.59,53356.68,19365.03,53240.96,47873.29,41543.65,23842.95,48376.58,70799.97,68731.18,39049.77,32504.07,36453.64,64689.45,59037.79,28998.62,45652.04,33817.37,23229.66,31143.33,31743.38,16896.45,35212.14,27883.43,33708.83,30030.13,11701.18,29883.19,11295.54,27530.68,37344,14937.03,30536.95,17487.8,18880.39,49635.6,31964.77,19041.47,47028.05,15764.15,26404.69,31313.28,41178.13,41371.72,33972.18,18966.86,50111.1,12380,7999.3,3234.51,10579.29,32413.04,9322.19,39097.92,44748.28,29907.92,27972.32,26391.59,23998.56,3139.77,35814.15,37759.81,30911.06,12599.92,41498.53,16012.53,50125.47,51296.67,6219.77,10911.77,10062.35,46090,27763.93,18513.92,28745.8,41020.23,18855.09,23247.01,37505.26,20587.36,20506.19,40311.73,24180.12,33837.88,36545.84,26662.74,36751.26,35383.79,21327.5,23888.53,25856.01,33923.74,26959.02,5768.74,2800.51,NA,2875.89,30367.9,2043.15,32764.25,19819.2,57869.71,23929.48,17888.25,16488.2,9388.29,7150.6,12484.32,44617.24,12655.06,22762.09,44682.96,15519.02,2883.71,2815.67,2442.87,2826.05,2952.13,17682.35,42465.62,38891.97,34720.94,12526.97,40846.1,30824.54,40788.53,19858.93,29737.36,25874.59,42118.82,20271,35856.74,2540.42,20782.61,40722.58,18860.4,25122.39,30355.89,16355.92,39737.08,22096.21,39370.1,35292.82,32948.05,32282.89,15030.44,30034.33,49736.12,54366.8,8204.05,25365.13,38898.03,8301.6,39170.01,21883.19,36148.21,16313.16,37673.34,25671.47,32051.08,5977.69,5914.91,8220.58,11885.67,3937.64,31806.86,10631.54,8185.82,13387.43,3143.46,21872.24,11511.34,14837.68,20116.64,5151.58,20797.91,16689.25,20002.45,31468.69,48468.28,33629.82,38060.08,50070.08,40803.7,39362.2,48292.79,34200.08,43251.14,31510.23,40111.04,46928.8,34624.47,39467.92,46194.7,50114.68,42719.19,48515.58,38485.69,19755.84,32081.04,41595.42,21481.81,25561.7,32960.35,48017.75,62842.78,25576.19,33297.04,41828.2,23222.52,16604.07,26065.99,53350.84,21721.55,36603.04,48335.93,27241.34,32523.86,24705.63,1603.92,1815.21,1604.86,2313.6,17830.62,12677.19,19572.6,1729.41,3417.21,3578.8,4620.13,35337.42,48611.42,44473.43,16412.03,11744.59,14910.2,40092.14,41514.57,35772.65,27815.24,42806.88,40429.11,37181.2,37850.05,3317.72,29101.04,15736.03,13247.64,1874.23,10335.48,24127.58,18880.17,5813.9,7077.93,12922.42,9529.18,14529.17,6695.8,10626.83,21905.91,2925.17,2112.03,7827.45,6280.67,27981.32,11896.28,635.11,18014.58,15474.19,8018.08,21497.64,16348.49,30273.92,24584.63,11967.63,6626.81,10227.99,6943.44,8123.26,1335.46,1094.98,1280.73,3942.11,8023.01,25651.37,14535.81,12927.4,13557.43,10201.66,5594.63
14:0_percWT,1.75,2.27,5.31,2.58,3.13,1.76,1.13,2.83,1.89,2.1,2.7,2.55,2.9,2.36,1.05,2.45,1.66,2.24,5.61,2.59,3.35,3.31,2.96,3.37,2.96,2.96,3.01,2.91,2.46,2.74,2.41,2.55,2.52,2.61,3.34,1.47,2.74,3.37,2.76,2.31,2.48,3.13,2.69,2.26,3.03,2.24,2.29,2.7,2.79,3.21,2.74,2.37,2.9,2.52,3.13,2.63,2.79,2.29,3.06,2.71,2.63,2.67,2.55,2.77,2.61,2.56,2.49,2.71,3.06,1.4,NA,2.95,2.28,1.83,2.81,2.77,2.85,NA,2.66,1.67,1.32,NA,1.73,1.98,0.84,1.74,2.46,0.57,2.12,1.45,1.61,0.55,1.36,1.61,1,1.66,1.88,0.53,2.66,2.35,1.84,2,1.51,1.84,3.66,2.3,2.16,2.75,2.71,2.63,3.18,2.75,1.37,3.09,2.17,2.68,2.54,2.8,2.43,2.64,2.57,2.47,2.81,2.25,3.05,2.86,2.03,2.92,2.44,2.4,3.11,2.36,2.93,2.8,2.95,2.69,2.82,2.72,3.38,2.93,2.25,2.5,2.62,2.66,2.56,2.18,2.51,2.75,2.74,0.9,2.93,2.94,2.77,2.86,2.68,2.48,2.52,2.98,2.99,3.17,2.78,3.59,2.37,3.07,2.84,2.61,3.06,2.44,2.46,1.66,2.3,1.49,2.18,2.58,2.5,2.55,2.15,1.57,1.9,2.19,0.43,2.18,2.54,1.5,2.34,2.9,2.6,1.99,3.09,2.05,1.87,2.25,1.34,1.78,2.4,2.39,2.42,1.68,3.24,2.61,2.99,3.75,3.29,2.06,3.97,2.86,2.85,2.31,2.87,2.42,3.04,3.24,2.22,3.73,5.07,2,1.97,2.66,3.88,2.77,4.43,2.88,2.12,2.37,1.66,3.3,3.21,2.2,1.98,3.36,3.68,3.33,2.72,3.26,3.43,3.07,3.11,3.93,3.6,3.77,3.87,5.6,3.56,3.77,3.5,2.05,5.14,3.31,3.03,5.77,3.16,3.21,3.14,3.66,4.25,3.47,2.66,2.92,3.93,3.92,2.99,2.9,2.81,2.82,3.16,2.53,2.34,3.53,3.62,2.49,3.16,3.33,3.44,2.95,2.58,2.22,2.72,3.42,2.71,2.53,2.89,3.17,2.35,NA,3.07,3.11,2.94,2.55,2.76,2.63,2.33,3.09,2.74,3.3,1.85,3.03,2.4,2.48,2.84,2.93,2.62,2.73,2.71,2.22,2.94,3.08,2.63,2.79,2.64,2.44,2.65,2.72,3.16,2.79,2.29,3.3,3.71,2.51,2.8,1.85,3.17,3.68,2.26,3.23,2.69,2.47,3.58,1.97,3.04,2.3,2.5,3.03,2.84,1.87,2.7,1.66,1.21,0.57,3.38,3.71,2.15,2.11,2.93,2.82,3.15,2.69,2.32,0.56,3.1,3.56,3.45,2.64,2.79,5.11,4.16,2.84,1.99,2.64,1.79,2.83,3.21,2.21,2.23,2.75,2.69,2.77,4.36,4.02,1.97,2.49,2.97,2.36,2.82,2.8,2.66,5.99,2.34,2.98,2.33,5.87,2.07,1.55,0.94,NA,1.3,2.4,2.37,3.85,3.74,3.42,4.39,4.24,3.8,2.19,3.16,3.4,4.08,3.3,4.27,2.35,4.1,1.39,2.64,1.41,1.36,2.04,2.19,2.54,2.73,3.06,2.99,2.62,3.56,3.11,3.5,2.75,2.51,3.63,3.34,2.55,0.91,2.03,3.82,3.62,4.01,2.48,5.52,5.92,2.64,2.34,2.64,2.73,3.41,2.37,4.01,2.92,2.9,3.73,4.36,3.44,2.92,3.15,2.96,2.78,4.06,3.24,3.94,3.21,2.97,2.39,3.04,2.87,1.01,2.93,2.93,3.55,2.98,3.3,2.99,2.93,2.18,2.68,2.2,3.16,3.47,2.61,2.98,2.99,2.81,3.11,3.01,3.28,3.43,3.7,3.49,3.5,3.79,2.68,3.44,4.06,4.11,2.63,2.62,3.12,3.33,4.38,2.42,2.79,2.81,2.65,2.69,2.62,2.75,2.75,2.92,2.55,3.21,3.68,2.8,3.27,3.64,3.51,3.34,3.82,3.26,3.57,3.02,1.12,0.83,0.97,1.99,2.6,2.29,2.7,0.89,1.3,0.88,1.44,5.19,5.73,5.23,4.63,4.87,2.77,3.22,2.97,3.33,2.89,2.86,3.04,3.07,3.71,2.24,2.56,3.36,3.08,1.31,2.42,3,3.09,1.92,2.12,2.46,2.11,1.57,1.82,2.03,1.8,1.7,0.85,1.25,2.4,2.09,2.21,1.09,2.06,2.18,1.87,1.97,2.07,2.07,2.22,1.66,1.37,2.17,2.07,1.99,0.96,2.28,1.74,1.3,2.5,1.83,2.07,2.39,1.67,1.98,2.37
TMTD_percWT,0.05,0.04,0.03,0.02,0.03,0.03,0.03,0.08,0.05,0.02,0.03,0.02,0.04,0.06,0.02,0.05,0.06,0.05,0.04,0.07,0.06,0.06,0.06,0.05,0.04,0.09,0.07,0.05,0.07,0.06,0.05,0.1,0.09,0.11,0.09,0.03,0.1,0.1,0.06,0.09,0.04,0.09,0.08,0.05,0.1,0.09,0.08,0.06,0.08,0.09,0.06,0.05,0.09,0.09,0.07,0.05,0.06,0.05,0.07,0.07,0.07,0.07,0.09,0.09,0.07,0.1,0.06,0.09,0.1,0.07,NA,0.08,0.06,0.04,0.11,0.11,0.11,NA,0.1,0,0.02,NA,0.03,0,0,0.02,0.06,0,0.05,0.04,0.03,0,0.03,0.02,0.07,0.02,0.03,0,0.07,0.04,0.03,0.04,0.02,0.03,0.08,0.06,0.07,0.06,0.08,0.05,0.09,0.07,0,0.08,0.06,0.05,0.08,0.07,0.08,0.06,0.05,0.05,0.14,0.13,0.07,0.06,0.04,0.09,0.07,0.06,0.08,0.08,0.08,0.07,0.08,0.07,0.08,0.09,0.08,0.08,0.06,0.07,0,0.06,0.08,0.06,0.03,0.03,0.1,0,0.04,0.03,0.07,0.15,0.07,0.09,0.08,0.13,0.07,0.08,0.11,0.09,0.07,0.1,0.08,0.11,0.1,0.07,0.02,0.03,0.06,0.02,0.1,0.09,0.07,0.09,0.03,0.07,0.03,0.08,0.03,0.07,0.11,0.03,0.07,0.1,0.11,0.04,0.1,0.06,0.05,0.06,0.04,0.07,0.05,0.1,0.04,0.03,0.05,0.11,0.03,0.04,0.04,0,0.03,0.04,0.05,0.04,0.02,0.04,0.05,0.02,0.04,0.05,0.01,0.03,0.02,0.05,0.06,0.02,0.02,0.04,0.03,0.04,0.06,0.02,0.05,0.03,0.04,0.02,0.05,0.05,0.05,0.05,0.06,0.03,0.05,0.02,0.05,0,0.01,0,0.01,0.01,0,0.05,0.04,0.05,0.02,0.02,0.05,0.02,0.12,0.04,0.04,0.02,0.04,0.02,0.02,0.02,0.1,0.01,0.05,0.02,0.07,0.02,0.06,0.03,0.01,0.02,0.09,0.13,0.03,0.04,0.01,0.05,0.01,0.01,0.1,0.01,0.07,0.01,0.02,NA,0.01,0.01,0.02,0.01,0.01,0.02,0.07,0.03,0.02,0.04,0.02,0.02,0.03,0.03,0.01,0.02,0.02,0.02,0.02,0.02,0.02,0.02,0.02,0.02,0.03,0.02,0.04,0.01,0.02,0.02,0.04,0.04,0.02,0.03,0.01,0.03,0.04,0.04,0.03,0.03,0.04,0.06,0.01,0.03,0.04,0.03,0.02,0.02,0.03,0.02,0.01,0.04,0.02,0.09,0.04,0.03,0.1,0.03,0.02,0.02,0.02,0.02,0.06,0.08,0.03,0.04,0.02,0.07,0.04,0.02,0.03,0.02,0.12,0.06,0.03,0.03,0.08,0.02,0.04,0.04,0.03,0.05,0.02,0.02,0.02,0.05,0.07,0.05,0.07,0.08,0.07,0.02,0.04,0.06,0.06,0.02,0.06,0.05,0.04,NA,0.06,0.08,0.09,0.07,0.07,0.06,0.09,0.12,0.08,0.04,0.06,0.01,0.1,0.04,0.05,0.09,0.07,0.04,0.07,0.08,0.07,0.06,0.09,0.1,0.07,0.1,0.07,0.1,0.09,0.11,0.09,0.09,0.15,0.11,0.1,0.07,0.03,0.07,0.05,0.04,0.05,0.06,0.01,0.04,0.05,0.05,0.1,0.07,0.07,0.04,0.08,0.08,0.08,0.11,0.2,0.09,0.04,0.06,0.08,0.07,0.11,0.06,0.07,0.04,0.05,0.04,0.03,0.07,0.06,0.06,0.12,0.06,0.13,0.04,0.06,0.07,0.04,0.05,0.05,0.04,0.07,0.05,0.05,0.09,0.06,0.07,0.08,0.08,0.08,0.13,0.16,0.16,0.15,0.11,0.14,0.15,0.15,0.07,0.06,0.12,0.12,0.19,0.08,0.07,0.06,0.05,0.06,0.07,0.06,0.07,0.06,0.05,0.06,0.19,0.12,0.17,0.1,0.13,0.13,0.11,0.15,0.13,0.12,0.1,0.06,0.06,0.07,0.05,0.07,0.06,0.05,0.03,0.06,0.04,0.09,0.08,0.09,0.1,0.1,0.07,0.09,0.09,0.12,0.1,0.1,0.12,0.13,0.1,0.09,0.07,0.1,0.03,0,0.03,0.03,0.03,0,0,0.09,0.08,0,0,0,0,0,0,0,0.06,0,0,0,0.06,0,0.06,0.05,0.04,0.06,0.05,0,0,0,0.06,0.08,0,0,0,0,0,0.04,0.04,0.05,0.04,0.03,0.04
14:1_percWT,0.14,0.14,0.05,0.05,0.13,0.06,0.07,0.05,0.03,0.06,0.09,0.05,0.08,0.07,0.04,0.08,0.12,0.13,0.15,0.13,0.12,0.14,0.1,0.15,0.09,0.1,0.12,0.15,0.08,0.1,0.09,0.05,0.07,0.1,0.11,0.02,0.04,0.1,0.08,0.09,0.07,0.12,0.09,0.09,0.08,0.09,0.07,0.09,0.1,0.1,0.12,0.08,0.12,0.1,0.08,0.09,0.1,0.09,0.08,0.1,0.12,0.09,0.08,0.08,0.08,0.08,0.14,0.19,0.12,0.05,NA,0.07,0.05,0,0.1,0.06,0.06,NA,0.09,0.04,0.06,NA,0.04,0,0,0.03,0.11,0.08,0.07,0.04,0.04,0,0.07,0.04,0.04,0.05,0.09,0,0.05,0.06,0.05,0.05,0.05,0.04,0.14,0.13,0.07,0.08,0.08,0.08,0.08,0.1,0,0.06,0.07,0.08,0.1,0.1,0.07,0.07,0.1,0.09,0.09,0.05,0.07,0.08,0.04,0.13,0.09,0.08,0.15,0.07,0.11,0.09,0.11,0.08,0.11,0.11,0.11,0.1,0.09,0.18,0.42,0.16,0.11,0.07,0.35,0.37,0.1,0.03,0.52,0.55,0.06,0.12,0.22,0.09,0.08,0.14,0.1,0.11,0.08,0.09,0.3,0.14,0.19,0.07,0.1,0.15,0.08,0.05,0.06,0.04,0.09,0.09,0.06,0.11,0.14,0.04,0.05,0.06,0,0.05,0.1,0.04,0.18,0.09,0.11,0.15,0.32,0.04,0.03,0.07,0.03,0.04,0.08,0.09,0.08,0.06,0.09,0.09,0.1,0.1,0.11,0.06,0.04,0.07,0.07,0.12,0.09,0.12,0.21,0.06,0.2,0.16,0.1,0.2,0.04,0.16,0.1,0.08,0.18,0.1,0.09,0.11,0.14,0.1,0.12,0.07,0.09,0.07,0.11,0.13,0.14,0.17,0.14,0.11,0.14,0.11,0.13,0.12,0.1,0.13,0.11,0.08,0.12,0.12,0.17,0.17,0.04,0.13,0.07,0.08,0.1,0.18,0.12,0.08,0.06,0.06,0.08,0.1,0.06,0.08,0.1,0.08,0.08,0.08,0.08,0.11,0.06,0.09,0.07,0.23,0.08,0.1,0.06,0.09,0.06,0.08,0.07,0.05,0.08,0.07,0.05,NA,0.07,0.07,0.06,0.06,0.05,0.09,0.04,0.08,0.07,0.08,0.04,0.07,0.09,0.11,0.1,0.09,0.07,0.08,0.08,0.05,0.12,0.1,0.06,0.08,0.07,0.06,0.08,0.07,0.08,0.08,0.06,0.09,0.05,0.07,0.07,0.04,0.11,0.06,0.07,0.08,0.09,0.08,0.09,0.05,0.09,0.06,0.08,0.07,0.08,0.08,0.08,0.04,0.02,0,0.05,0.12,0.06,0.09,0.09,0.08,0.07,0.08,0.05,0,0.09,0.12,0.09,0.12,0.08,0.07,0.08,0.08,0.04,0.07,0.05,0.08,0.13,0.05,0.1,0.1,0.06,0.11,0.06,0.11,0.25,0.09,0.1,0.09,0.13,0.09,0.07,0.24,0.06,0.1,0.11,0.22,0.1,0.02,0.05,NA,0.03,0.07,0,0.08,0.08,0.07,0.1,0.08,0.08,0.04,0.07,0.05,0.08,0.07,0.08,0.06,0.11,0.05,0.05,0,0.07,0.07,0.09,0.1,0.17,0.1,0.06,0.1,0.11,0.1,0.1,0.08,0.08,0.11,0.11,0.12,0,0.09,0.13,0.1,0.11,0.12,0.11,0.13,0.13,0.12,0.12,0.09,0.1,0.08,0.12,0.07,0.1,0.05,0.1,0.06,0.05,0.06,0.15,0.07,0.09,0.06,0.16,0.09,0.08,0.07,0.07,0.08,0.04,0.08,0.07,0.12,0.11,0.08,0.08,0.08,0.05,0.06,0.07,0.08,0.07,0.06,0.07,0.06,0.08,0.08,0.06,0.06,0.08,0.06,0.08,0.09,0.09,0.07,0.08,0.08,0.08,0.12,0.09,0.06,0.07,0.09,0.15,0.12,0.14,0.12,0.13,0.14,0.13,0.14,0.15,0.13,0.17,0.1,0.09,0.09,0.1,0.12,0.09,0.12,0.08,0.09,0.08,0.08,0.05,0.06,0,0.11,0.1,0.09,0,0,0,0,0.11,0.14,0.13,0.12,0.08,0.14,0.08,0.07,0.07,0.1,0.08,0.08,0.08,0.1,0.08,0.14,0.11,0.11,0,0.07,0.11,0.08,0,0,0.11,0.1,0.17,0.16,0.09,0.22,0.15,0,0.11,0.05,0.08,0.11,0,0.07,0.11,0.08,0.09,0.33,0.12,0.12,0.09,0.39,0.15,0.06,0.32,0,0,0,0,0.08,0.07,0.17,0.1,0.18,0.32,0.1
i15:0_percWT,0.21,0.33,0.08,0.2,0.29,0.36,0.31,0.14,0.2,0.19,0.23,0.36,0.19,0.25,0.26,0.15,0.33,0.39,0.27,0.31,0.28,0.23,0.24,0.29,0.25,0.17,0.19,0.2,0.14,0.21,0.16,0.11,0.13,0.12,0.13,0.37,0.08,0.13,0.14,0.13,0.19,0.22,0.13,0.15,0.15,0.14,0.1,0.13,0.15,0.13,0.14,0.24,0.08,0.13,0.12,0.14,0.13,0.14,0.12,0.15,0.1,0.15,0.08,0.1,0.12,0.1,0.12,0.13,0.14,0.21,NA,0.08,0.06,0.11,0.15,0.06,0.08,NA,0.08,0.16,0.15,NA,0.13,0.14,0.08,0.22,0.21,0.08,0.15,0.17,0.14,0,0.18,0.15,0.12,0.18,0.2,0.11,0.18,0.17,0.15,0.26,0.16,0.18,0.36,0.31,0.17,0.17,0.22,0.2,0.14,0.22,0.26,0.14,0.1,0.15,0.16,0.17,0.15,0.15,0.16,0.13,0.09,0.07,0.18,0.21,0.08,0.17,0.32,0.16,0.46,0.11,0.42,0.22,0.21,0.15,0.13,0.18,0.19,0.22,0.32,0.33,0.63,0.39,0.19,0.26,0.62,0.44,0.34,0.25,0.64,0.57,0.25,0.35,0.5,0.4,0.36,0.32,0.27,0.25,0.46,0.25,0.47,0.26,0.57,0.33,0.23,0.3,0.51,0.33,0.48,0.18,0.3,0.36,0.19,0.33,0.31,0.32,0.44,0.2,0.1,0.21,0.36,0.4,0.5,0.28,0.43,0.49,0.53,0.3,0.24,0.2,0.3,0.36,0.16,0.53,0.13,0.15,0.15,0.41,0.32,0.23,0.18,0.42,0.1,0.15,0.18,0.32,0.14,0.25,0.46,0.13,0.31,0.25,0.14,0.39,0.33,0.23,0.16,0.16,0.28,0.26,0.24,0.24,0.28,0.19,0.23,0.23,0.26,0.07,0.19,0.24,0.29,0.34,0.35,0.2,0.21,0.2,0.24,0.18,0.4,0.17,0.4,0.23,0.18,0.28,0.24,0.31,0.42,0.11,0.22,0.12,0.27,0.3,0.21,0.2,0.2,0.21,0.21,0.17,0.18,0.15,0.16,0.14,0.16,0.2,0.19,0.3,0.2,0.18,0.38,0.52,0.2,0.29,0.2,0.25,0.22,0.14,0.38,0.19,0.16,0.14,0.17,NA,0.15,0.15,0.18,0.18,0.17,0.16,0.18,0.23,0.21,0.21,0.23,0.15,0.17,0.22,0.21,0.18,0.15,0.13,0.16,0.15,0.18,0.18,0.19,0.15,0.27,0.2,0.25,0.17,0.24,0.24,0.25,0.24,0.19,0.17,0.19,0.29,0.26,0.31,0.23,0.23,0.26,0.5,0.15,0.28,0.3,0.26,0.12,0.16,0.31,0.21,0.1,0.59,0.18,0.1,0.18,0.24,0.93,0.32,0.14,0.21,0.27,0.19,0.11,0.08,0.18,0.34,0.14,0.43,0.42,0.17,0.16,0.15,0.62,0.42,0.24,0.23,0.78,0.27,0.37,0.4,0.25,0.45,0.17,0.15,0.27,0.2,0.39,0.34,0.23,0.21,0.18,0.18,0.42,0.22,0.36,0.16,0.19,0.23,0.18,NA,0.18,0.14,0.3,0.15,0.12,0.16,0.12,0.13,0.12,0.11,0.14,0.14,0.16,0.13,0.16,0.19,0.39,0.45,0.3,0.29,0.31,0.21,0.12,0.13,0.22,0.12,0.14,0.11,0.12,0.12,0.15,0.08,0.12,0.12,0.11,0.16,0.27,0.24,0.33,0.2,0.18,0.25,0.15,0.2,0.25,0.23,0.17,0.26,0.33,0.32,0.3,0.22,0.16,0.18,0.27,0.18,0.22,0.22,0.32,0.29,0.24,0.16,0.2,0.17,0.18,0.15,0.19,0.21,0.15,0.16,0.24,0.26,0.21,0.13,0.19,0.27,0.22,0.23,0.18,0.2,0.15,0.21,0.19,0.11,0.14,0.13,0.12,0.19,0.31,0.12,0.21,0.21,0.19,0.18,0.2,0.17,0.14,0.26,0.21,0.19,0.24,0.22,0.18,0.17,0.2,0.19,0.23,0.18,0.19,0.16,0.21,0.19,0.18,0.2,0.12,0.18,0.16,0.15,0.16,0.16,0.15,0.11,0.15,0.15,0.11,0.09,0.22,0.29,0.25,0.25,0.09,0.14,0.17,0.19,0.16,0.16,0.17,0.12,0.16,0.24,0.2,0.2,0.18,0.24,0.16,0.15,0.17,0.17,0.25,0.19,0.23,0.11,0.28,0.14,0.14,0.12,0.4,0.49,0.27,0.26,0.23,0.33,0.3,0.27,0.29,0.14,0.4,0.21,0.22,0.27,0,0.19,0.18,0.17,0.2,0.34,0.32,0.37,0.22,0.57,0.21,0.17,0.53,0.2,0.24,0,0.21,0.19,0.22,0.2,0.28,0.32,0.33,0.23
ai15:0_percWT,0.02,0.02,0.01,0.01,0.02,0.27,0.22,0.02,0.03,0.1,0.11,0.21,0.02,0.2,0.02,0.07,0.12,0.03,0.03,0.18,0.19,0.15,0.02,0.13,0.14,0.12,0.12,0.13,0.11,0.13,0.11,0.02,0.09,0.1,0.08,0.16,0.05,0.08,0.07,0.08,0.15,0.14,0.08,0.07,0.14,0.07,0.07,0.07,0.08,0.09,0.08,0.16,0.04,0.08,0.07,0.1,0.12,0.11,0.09,0.1,0.04,0.07,0.05,0.06,0.05,0.05,0.05,0.06,0.09,0.2,NA,0.05,0.04,0.08,0.08,0.03,0.03,NA,0.04,0.07,0.14,NA,0.05,0.07,0,0.08,0.11,0.07,0.08,0.09,0.1,0,0.13,0.1,0.04,0.12,0.1,0.07,0.15,0.09,0.08,0.27,0.08,0.13,0.19,0.15,0.14,0.09,0.11,0.12,0.04,0.09,0.07,0.06,0.06,0.07,0.1,0.08,0.1,0.09,0.09,0.07,0.05,0.03,0.09,0.11,0.04,0.05,0.16,0.1,0.26,0.04,0.26,0.15,0.12,0.1,0.08,0.1,0.1,0.15,0.16,0.16,0.19,0.19,0.34,0.15,0.32,0.25,0.48,0.18,0.44,0.42,0.18,0.83,0.26,0.44,0.25,0.45,0.21,0.18,0.83,0.22,0.77,0.35,0.54,0.76,0.41,0.65,0.39,0.16,0.31,0.15,0.27,0.41,0.12,0.46,0.12,0.24,0.23,0.19,0.11,0.17,0.29,0.26,0.34,0.4,0.33,0.22,0.25,0.24,0.26,0.12,0.22,0.3,0.1,0.4,0.08,0.12,0.1,0.49,0.14,0.11,0.09,0.19,0.08,0.07,0.15,0.13,0.09,0.09,0.19,0.08,0.99,0.13,0.08,0.3,0.19,0.1,0.13,0.12,0.12,0.11,0.17,0.08,0.1,0.13,0.11,0.11,0.12,0.04,0.11,0.11,0.15,0.2,0.21,0.1,0.1,0.09,0.12,0.08,0.21,0.11,0.23,0.15,0.09,0.13,0.1,0.15,0.26,0.06,0.13,0.07,0.15,0.18,0.1,0.1,0.11,0.13,0.12,0.09,0.1,0.07,0.09,0.08,0.08,0.11,0.11,0.16,0.1,0.1,0.22,0.25,0.1,0.16,0.09,0.13,0.11,0.08,0.21,0.1,0.06,0.07,0.09,NA,0.07,0.08,0.09,0.1,0.08,0.07,0.11,0.13,0.12,0.11,0.11,0.07,0.09,0.1,0.1,0.08,0.08,0.06,0.07,0.07,0.08,0.08,0.14,0.08,0.19,0.13,0.17,0.08,0.15,0.16,0.16,0.13,0.08,0.1,0.09,0.17,0.13,0.18,0.12,0.13,0.13,0.32,0.06,0.15,0.16,0.19,0.04,0.05,0.17,0.1,0.03,0.4,0.05,0.12,0.05,0.13,0.6,0.16,0.04,0.08,0.1,0.07,0.04,0.06,0.09,0.16,0.04,0.24,0.24,0.05,0.05,0.05,0.43,0.25,0.13,0.14,0.46,0.1,0.24,0.27,0.08,0.31,0.05,0.06,0.08,0.01,0.02,0.01,0.02,0.01,0.02,0.02,0.02,0.02,0.02,0.02,0.01,0.01,0.11,NA,0.11,0.01,0.18,0.01,0.01,0.01,0.01,0.01,0.01,0.01,0.01,0.09,0.01,0.05,0.01,0.01,0.02,0.24,0.06,0.16,0.05,0.16,0.01,0.01,0.01,0.01,0.01,0.01,0.01,0.02,0.01,0.01,0.01,0.02,0.01,0.01,0.15,0.01,0.02,0.02,0.03,0.02,0.02,0.02,0.01,0.01,0.01,0.03,0.04,0.04,0.03,0.03,0.02,0.03,0.04,0.03,0.02,0.03,0.03,0.04,0.03,0.03,0.03,0.02,0.03,0.04,0.03,0.03,0,0.02,0.04,0.03,0.03,0.03,0.02,0.03,0.02,0.02,0.02,0.02,0.02,0.02,0.02,0.02,0.02,0.02,0.03,0.03,0.04,0.03,0.03,0.04,0.03,0.02,0.03,0.02,0.02,0.03,0.03,0.03,0.03,0.03,0.01,0.01,0.01,0.01,0.03,0.01,0.01,0.01,0.01,0.01,0.02,0.04,0.02,0.03,0.03,0.03,0.03,0.03,0.02,0.03,0.02,0.1,0.09,0,0.17,0.02,0.18,0.02,0,0.1,0.14,0.02,0.03,0.04,0.04,0.02,0.03,0.02,0.03,0.03,0.03,0.04,0.03,0.03,0.04,0.1,0.15,0.13,0.16,0.08,0.13,0.11,0.08,0.09,0.28,0.23,1.02,0.7,3.43,3.31,2.94,9.17,6.6,0.15,3.77,0.46,0.9,1.16,0.84,0.17,1.85,0.17,0.1,0.2,0.17,0.22,2.09,0.47,1.82,0.51,1.02,0,0,0,0.12,0.15,0.39,0.14,0.21,0.18,0.4,0.18
15:0_percWT,0.48,0.57,0.23,0.35,0.58,0.65,0.57,0.51,0.71,0.38,0.47,0.52,0.57,0.73,0.41,0.52,0.52,0.72,0.5,0.64,0.68,0.59,0.64,0.56,0.58,0.62,0.56,0.59,0.56,0.57,0.54,0.72,0.62,0.6,0.57,0.56,0.76,0.59,0.57,0.58,0.54,0.63,0.64,0.52,0.64,0.6,0.59,0.49,0.45,0.48,0.43,0.53,0.43,0.41,0.56,0.49,0.52,0.49,0.46,0.51,0.37,0.45,0.57,0.5,0.42,0.57,0.35,0.44,0.46,0.55,NA,0.66,0.48,1.03,0.67,0.88,0.61,NA,0.67,0.41,0.55,NA,0.42,0.32,0.3,0.4,0.45,0.2,0.74,0.61,0.46,0.47,0.5,0.39,0.5,0.45,0.53,0.23,0.45,0.31,0.49,0.35,0.34,0.58,0.62,0.62,0.67,0.29,0.38,0.42,0.36,0.3,0.48,0.32,0.6,0.37,0.4,0.38,0.45,0.44,0.38,0.34,0.69,0.74,0.44,0.62,0.83,0.27,0.36,0.35,0.36,0.35,0.35,0.39,0.36,0.36,0.35,0.37,0.41,0.37,0.66,0.63,0.68,0.7,0.49,0.62,0.61,0.58,0.54,0.35,0.65,0.61,0.6,0.62,0.62,0.7,0.69,0.67,0.62,0.68,0.88,0.61,0.56,0.58,0.75,0.54,0.64,0.48,0.59,0.57,0.7,0.5,0.61,0.61,0.81,0.54,0.6,0.58,0.57,0.69,0.35,0.66,0.62,0.56,0.66,0.55,0.69,0.56,0.81,0.58,0.53,0.65,0.5,0.63,0.67,0.66,0.56,0.5,0.66,0.63,0.6,0.56,0.51,0.6,0.39,0.57,0.58,0.55,0.55,0.48,0.62,0.74,0.42,0.56,0.52,0.53,0.68,0.53,0.6,0.63,0.48,0.57,0.56,0.5,0.44,0.62,0.58,0.49,0.6,0.69,0.52,0.57,0.6,0.56,0.61,0.61,0.55,0.51,0.59,0.69,0.62,0.5,0.66,0.63,0.51,0.55,0.54,0.55,0.7,0.45,0.64,0.47,0.55,0.59,0.51,0.52,0.55,0.56,0.57,0.52,0.51,0.56,0.53,0.53,0.63,0.53,0.56,0.58,0.54,0.59,0.51,0.49,0.57,0.51,0.5,0.53,0.47,0.55,0.52,0.47,0.56,0.52,0.61,NA,0.53,0.52,0.58,0.57,0.62,0.58,0.51,0.58,0.62,0.59,0.56,0.63,0.57,0.6,0.54,0.62,0.59,0.56,0.55,0.58,0.6,0.63,0.59,0.63,0.7,0.73,0.66,0.69,0.63,0.63,0.65,0.61,0.71,0.59,0.61,0.71,0.61,0.76,0.67,0.59,0.73,0.63,0.58,0.58,0.71,0.58,0.58,0.63,0.75,0.66,0.6,0.57,0.57,0.25,0.78,0.64,0.72,0.57,0.5,0.66,0.69,0.57,0.87,0.21,0.63,0.67,0.61,0.97,0.69,0.66,0.68,0.52,0.82,0.79,0.63,0.6,0.69,0.58,0.67,0.69,0.77,0.81,0.64,0.63,0.68,0.65,0.71,0.66,0.74,0.8,0.71,0.43,0.62,0.71,0.68,0.39,0.67,0.57,0.39,NA,0.56,0.79,0.68,0.55,0.56,0.62,0.74,0.59,0.52,0.57,0.64,0.59,0.66,0.62,0.68,0.68,0.83,0.55,0.57,0.56,0.49,0.61,0.78,0.82,0.7,0.84,0.77,0.76,0.8,0.8,0.81,0.69,0.7,0.76,0.69,0.7,0.46,0.71,0.6,0.59,0.55,0.6,0.28,0.34,0.68,0.67,0.69,0.5,0.57,0.43,0.43,0.32,0.33,0.39,0.35,0.45,0.4,0.32,0.42,0.34,0.43,0.34,0.37,0.5,0.39,0.38,0.54,0.41,0.57,0.45,0.39,0.35,0.51,0.45,0.47,0.44,0.5,0.52,0.46,0.47,0.4,0.48,0.45,0.27,0.48,0.32,0.3,0.36,0.42,0.26,0.72,0.65,0.75,0.6,0.66,0.73,0.74,0.44,0.46,0.49,0.44,0.44,0.74,0.71,0.66,0.64,0.69,0.66,0.66,0.69,0.75,0.67,0.79,0.52,0.54,0.62,0.48,0.56,0.54,0.43,0.57,0.53,0.52,0.74,0.46,0.59,0.74,0.63,0.76,0.68,0.33,0.52,0.65,0.56,1.03,0.96,1.06,0.83,0.97,0.7,0.45,0.42,0.47,0.4,0.39,0.36,0.37,0.41,0.54,0.71,0.85,0.87,0.55,0.9,0.81,0.87,0.76,0.72,0.6,0.69,0.6,0.69,0.67,0.85,0.75,0.5,0.69,0.55,0.59,0.69,0,0.56,0.65,0.69,0.58,0.59,0.76,0.65,0.6,0.64,0.59,0.48,0.71,0.42,0.55,0.45,0.56,0.72,0.52,0.64,0.64,0.68,0.59,0.72
15:1_percWT,0,0,0,0,0,0,0,0,0,0,0,0,0,0,0,0,0,0,0,0,0,0,0,0,0,0,0,0,0,0,0,0,0,0,0,0,0,0,0,0,0,0,0,0,0,0,0,0,0,0,0,0,0,0,0,0,0,0,0,0,0,0,0,0,0,0,0,0,0.01,0,NA,0,0,0,0,0,0,NA,0,0,0,NA,0,0,0,0,0,0,0,0,0,0,0,0,0,0,0,0,0,0,0,0,0,0,0,0,0,0,0,0,0,0,0,0,0,0,0,0,0,0,0,0,0,0,0,0,0,0,0,0,0,0,0,0,0,0,0,0,0,0,0,0,0,0,0,0,0,0,0,0,0,0,0,0,0,0,0,0,0,0,0,0,0,0,0,0,0,0,0,0,0,0,0,0,0,0,0,0,0,0,0,0,0,0,0,0,0,0,0,0,0,0,0,0,0,0,0,0,0,0,0,0,0,0,0,0,0,0,0,0,0,0,0,0,0,0,0,0,0,0,0,0,0,0,0,0,0,0,0,0,0,0,0,0,0,0,0,0,0,0.06,0.06,0.04,0,0,0.04,0,0,0,0.04,0,0,0,0,0,0,0,0,0,0,0,0,0,0,0,0,0,0,0,0,0,0,0,0,0,0,0,0,0,0,0,0,0,0,NA,0,0,0,0,0,0,0,0,0,0,0,0,0,0,0,0,0,0,0,0,0,0,0,0,0,0,0,0,0,0,0,0,0,0,0,0,0,0,0,0,0,0,0,0,0,0,0,0,0,0,0,0,0,0,0,0,0,0,0,0,0,0,0,0,0,0,0,0,0,0,0,0,0,0,0,0,0,0,0,0,0,0,0,0,0,0,0,0,0,0,0,0,0,0,0,0,0,0,0,NA,0,0,0,0,0,0,0,0,0,0,0,0,0,0,0,0,0,0,0,0,0,0,0,0,0,0,0,0,0,0,0,0,0,0,0,0,0,0,0,0,0,0,0,0,0,0,0,0,0,0,0,0,0,0,0,0,0,0,0,0,0,0,0,0,0,0,0,0,0,0,0,0,0,0,0,0,0,0,0,0,0,0,0,0,0,0,0,0,0,0,0,0,0,0,0,0,0,0,0,0,0,0,0,0,0,0,0,0,0,0,0,0,0,0,0,0,0,0,0,0,0,0,0,0,0,0,0,0,0,0,0,0,0,0,0,0,0,0,0,0,0,0,0,0,0,0,0,0,0,0,0,0,0,0,0,0,0,0,0,0,0,0,0,0,0,0,0,0,0,0,0,0,0,0,0,0,0,0,0,0,0,0,0,0,0,0,0,0,0,0,0,0,0,0
i16:0_percWT,0.28,0.38,0.07,0.43,0.32,0.52,0.48,0.18,0.38,0.25,0.25,0.4,0.28,0.42,0.31,0.17,0.36,0.5,0.23,0.29,0.27,0.21,0.21,0.23,0.24,0.15,0.14,0.15,0.13,0.2,0.17,0.23,0.17,0.16,0.18,0.29,0.15,0.18,0.18,0.19,0.22,0.24,0.17,0.15,0.21,0.16,0.16,0.13,0.14,0.15,0.15,0.23,0.12,0.11,0.16,0.13,0.11,0.13,0.11,0.12,0.08,0.12,0.12,0.13,0.11,0.13,0.14,0.16,0.17,0.15,NA,0.16,0.12,0.33,0.22,0.19,0.17,NA,0.19,0.32,0.31,NA,0.18,0.21,0.21,0.34,0.29,0.21,0.35,0.26,0.18,0.32,0.25,0.24,0.19,0.38,0.33,0.12,0.23,0.16,0.27,0.31,0.26,0.36,0.38,0.26,0.25,0.14,0.23,0.23,0.13,0.17,0.28,0.1,0.27,0.15,0.18,0.18,0.18,0.18,0.17,0.15,0.21,0.22,0.19,0.24,0.23,0.16,0.34,0.17,0.45,0.12,0.41,0.2,0.25,0.18,0.15,0.2,0.19,0.23,0.41,0.37,0.67,0.46,0.26,0.33,0.6,0.44,0.39,0.33,0.64,0.61,0.27,0.53,0.51,0.55,0.42,0.43,0.36,0.3,0.79,0.34,0.61,0.37,0.67,0.44,0.35,0.46,0.49,0.42,0.73,0.28,0.33,0.4,0.23,0.46,0.35,0.41,0.41,0.26,0.21,0.33,0.37,0.55,0.93,0.35,0.45,0.68,0.79,0.43,0.42,0.26,0.39,0.46,0.21,0.55,0.18,0.22,0.21,0.46,0.37,0.21,0.16,0.46,0.19,0.18,0.21,0.33,0.18,0.25,0.42,0.19,0,0.23,0.13,0.44,0.34,0.22,0.2,0.22,0.28,0.31,0.29,0.23,0.28,0.21,0.22,0.25,0.29,0.11,0.17,0.24,0.3,0.34,0.31,0.2,0.21,0.15,0.22,0,0.32,0.16,0.35,0.28,0.17,0.23,0.19,0.29,0.52,0.1,0.27,0.12,0.21,0.32,0.18,0.18,0.26,0.24,0.24,0.16,0.2,0.16,0.15,0.15,0.15,0.19,0.17,0.27,0.2,0.18,0.31,0.37,0.21,0.25,0.2,0.22,0.22,0.14,0.29,0.21,0.14,0.17,0.17,NA,0.15,0.14,0.18,0.16,0.18,0.16,0.19,0.21,0.23,0.21,0.26,0.17,0.15,0.21,0.19,0.18,0.15,0.17,0.17,0.17,0.16,0.23,0.21,0.19,0.27,0.22,0.24,0.22,0.22,0.24,0.24,0.3,0.27,0.2,0.23,0.37,0.3,0.42,0.27,0.25,0.33,0.56,0.17,0.31,0.37,0.26,0.21,0.24,0.42,0.31,0.2,0.77,0.2,0.24,0.27,0.31,1.13,0.34,0.18,0.24,0.33,0.25,0.29,0.14,0.27,0.39,0.22,0.63,0.52,0.21,0.28,0.18,0.88,0.6,0.34,0.32,0.8,0.32,0.42,0.46,0.37,0.52,0.22,0.22,0.33,0.29,0.51,0.46,0.3,0.29,0.26,0.19,0,0.3,0.47,0,0,0,0,NA,0,0.27,0,0,0,0.22,0,0,0.19,0,0,0.25,0.23,0,0,0.31,0.38,0,0,0,0,0,0.23,0.23,0.31,0.21,0,0.22,0.25,0.23,0.27,0.17,0,0.23,0,0.19,0,0,0,0,0,0.29,0,0,0.3,0,0,0.32,0,0.34,0,0.22,0.25,0,0.02,0,0,0,0,0.26,0,0.14,0.23,0,0,0,0,0,0,0,0,0,0,0,0,0,0,0,0,0,0,0,0,0,0,0.14,0,0,0,0,0,0,0,0,0,0.16,0.14,0.29,0.24,0,0.21,0.03,0,0,0.27,0,0,0,0,0.21,0,0,0.25,0,0,0,0,0,0,0.2,0,0.13,0.15,0,0,0,0,0,0,0,0,0,0,0,0.22,0.22,0.26,0,0,0,0.21,0.18,0,0.24,0.16,0.12,0,0.16,0.36,0.22,0.32,0.4,0.32,0.47,0.39,0.46,0.42,0.47,0.52,0.51,0,0,0,0,0,0.27,0,0.38,0.51,0.64,0.44,0.27,0,0.29,0.3,0.44,0.42,0.44,0,0.66,0,0.39,0.83,0.48,0.43,0.33,0.55,0.36,0.47,0.27,0.43,0.36,0.46,0.37
ai16:0?_percWT,0,0.04,0,0.22,0.05,0.21,0.13,0.22,0.22,0.12,0.05,0.19,0.2,0.28,0.1,0.04,0.04,0.06,0.1,0.08,0.13,0.08,0.09,0.04,0.07,0.06,0.1,0.08,0.15,0.16,0.11,0.12,0.1,0.17,0.1,0.1,0.1,0.17,0,0.17,0.09,0.17,0.21,0.04,0.1,0.07,0.1,0.09,0.14,0.15,0.09,0.08,0.09,0.06,0.07,0.13,0.1,0.09,0.1,0.06,0.06,0,0.09,0.12,0.05,0.08,0.09,0.12,0.1,0.04,NA,0.05,0.08,0,0.1,0.06,0.1,NA,0.1,0.16,0.23,NA,0.12,0.21,0,0.2,0.27,0.09,0.1,0.1,0.13,0,0.11,0.11,0.03,0.17,0.09,0.05,0.36,0.15,0.11,0.19,0,0.26,0.22,0.25,0.17,0.11,0.21,0.13,0.09,0.16,0.12,0.17,0.07,0.2,0.18,0.17,0.15,0.15,0.13,0.22,0.06,0.05,0,0.16,0.06,0.3,0.25,0.21,0.5,0.15,0.47,0,0,0.24,0.16,0.25,0.29,0,0.25,0.2,0.09,0.17,0.15,0.15,0.08,0.09,0.21,0,0.15,0.18,0.21,0.26,0.19,0.37,0.29,0.23,0.16,0.23,0.24,0.19,0.16,0.22,0.23,0.35,0.2,0.28,0.07,0.14,0.37,0.1,0.32,0.27,0.11,0.3,0,0.28,0.17,0.12,0,0.15,0.37,0.45,0.17,0.22,0.39,0.22,0.24,0.33,0.38,0.1,0.23,0.41,0.11,0.52,0.08,0.16,0.08,0.25,0.05,0.2,0.11,0.12,0,0.11,0.23,0,0.12,0,0.04,0.24,0.35,0.21,0,0.45,0.07,0.29,0,0.2,0,0.3,0.27,0.24,0.15,0.19,0.21,0.35,0,0,0.15,0.21,0.23,0.32,0.35,0.23,0.2,0.15,0.22,0,0.28,0.25,0.27,0.24,0.07,0.22,0.22,0.27,0.24,0.09,0.25,0.13,0.27,0.29,0.19,0.19,0.27,0.22,0.21,0.15,0.18,0.13,0.15,0.14,0.15,0.16,0.22,0.23,0.16,0.16,0.39,0.55,0.14,0.16,0.17,0.32,0.17,0.11,0.34,0.17,0.14,0.13,0.13,NA,0.13,0.1,0.13,0.13,0.13,0.12,0.19,0.21,0.14,0.21,0.22,0.1,0.16,0.16,0.18,0.15,0.12,0.11,0.12,0.14,0.12,0.15,0.17,0.13,0.2,0.2,0.2,0.17,0.19,0.21,0.33,0.2,0.27,0.16,0.18,0.3,0.2,0.25,0.19,0.13,0.2,0.4,0.1,0.24,0.25,0.21,0.14,0.15,0.25,0.26,0.14,0.43,0.47,0.99,0.21,0.18,0.59,0.27,0.17,0.21,0.41,0.38,0.12,1.28,0.16,0.35,0.13,0.38,0.24,0.19,0.19,0.11,0.67,0.39,0.37,0.2,0.48,0.24,0.34,0.36,0.35,0.4,0.22,0.09,0.3,0.06,0.1,0.09,0.06,0.08,0.15,0.15,0.1,0.09,0.1,0.15,0.14,0.17,0.11,NA,0.09,0.1,0.16,0.1,0.22,0.1,0.03,0.18,0.19,0.2,0.19,0.22,0.09,0.21,0.16,0.1,0.37,0.17,0.14,0.11,0.19,0.11,0.13,0.08,0.12,0.1,0.06,0.05,0.04,0.03,0.07,0.05,0.08,0.06,0.06,0.05,0.2,0.06,0.07,0.09,0.1,0.06,0.23,0.21,0.05,0.05,0.03,0.11,0.2,0.17,0.4,0.23,0.19,0.39,0.2,0.22,0.37,0.21,0.23,0.36,0.23,0.18,0.71,0.22,0.52,1.02,0.3,0.62,0.09,0.32,1,0.65,0.46,0.5,0.23,0.74,0.57,0.33,0.8,0.31,0.45,0.42,1.01,0.17,0.16,0.17,0.17,0.31,0.39,0.25,0.25,0.28,0.29,0.24,0.28,0.19,0.15,0.17,0.23,0.16,0.2,0.14,0.04,0.07,0.07,0.05,0.06,0.05,0.04,0.04,0.08,0.08,0.05,0.52,0.35,0.25,0.28,0.38,0.26,0.4,0.25,0.22,0.29,0.08,0.18,0.11,0.26,0.09,0.05,0.09,0.05,0.13,0.05,0.13,0.14,0.13,0.18,0.13,0.14,0.11,0.34,0.24,0.17,0.3,0.18,0.18,0.23,0.33,0.24,0.06,0.12,0.04,0.08,0.06,0.04,0.09,0.18,0.16,0.13,0.13,0.17,0.07,0.14,0.22,0.2,0,0.21,0.15,0.16,0.07,0,0.15,0.12,0.15,0.11,0.11,0.15,0.15,0.13,0.05,0.13,0.11,0.05,0,0,0,0,0.11,0.09,0.06,0.13,0.08,0.09,0.05
pristanic?_percWT,0,0,0,0,0,0,0,0,0,0,0,0,0,0,0,0,0,0,0,0,0,0,0,0,0,0,0,0,0,0,0,0,0,0,0,0,0,0,0,0,0,0,0,0,0,0,0,0,0,0,0,0,0,0,0,0,0,0,0,0,0,0,0,0,0,0,0,0,0,0,NA,0,0,0,0,0,0,NA,0,0,0,NA,0,0,0,0,0,0,0,0,0,0,0,0,0,0,0,0,0,0,0,0,0,0,0,0,0,0,0,0,0,0,0,0,0,0,0,0,0,0,0,0,0,0,0,0,0,0,0,0,0,0,0,0,0,0,0,0,0,0,0,0,0,0,0,0,0,0,0,0,0,0,0,0,0,0,0,0,0,0,0,0,0,0,0,0,0,0,0,0,0,0,0,0,0,0,0,0,0,0,0,0,0,0,0,0,0,0,0,0,0,0,0,0,0,0,0,0,0,0,0,0,0,0,0,0,0,0,0,0,0,0,0,0,0,0,0,0,0,0,0,0.01,0,0,0,0,0,0,0,0,0,0,0,0,0,0,0,0,0,0,0,0,0,0,0,0,0,0,0,0,0,0,0,0,0,0,0,0,0,0,0,0,0,0,0,0,0,0,0,0,0,0.01,0,0,0,0,0,0,0,0,0,0,0,NA,0,0,0,0,0,0,0,0,0,0,0,0,0,0,0,0,0,0,0,0,0,0,0,0,0,0,0,0,0,0,0,0,0,0,0,0,0,0,0,0,0,0,0,0,0,0,0,0,0,0,0,0,0,0,0,0,0,0,0,0,0,0,0,0.03,0,0,0,0,0,0,0,0,0,0,0,0,0,0,0,0,0,0,0,0,0,0,0,0,0,0,0,0,0,0,0,0,0,0,0,NA,0,0,0,0,0,0,0,0,0,0,0,0,0,0,0,0,0,0,0,0,0,0,0,0,0,0,0,0,0,0,0,0,0,0,0,0,0,0,0,0,0,0,0,0,0,0,0,0,0,0,0,0,0,0,0,0,0,0,0,0,0,0,0,0,0,0,0,0,0,0,0,0,0,0,0,0,0,0,0,0,0,0,0,0,0,0,0,0,0,0,0,0,0,0,0,0,0,0,0,0,0,0,0,0,0,0,0,0,0,0,0,0,0,0,0,0,0,0,0,0,0,0,0,0,0,0,0,0,0,0,0,0,0,0,0,0,0,0,0,0,0,0,0,0,0,0,0,0,0,0,0,0,0,0,0,0,0,0,0.02,0,0.03,0.05,0,0.05,0,0,0.05,0,0,0.02,0.61,0,0,0,0,0,0,0,0.02,0,0,0,0,0,0,0,0,0,0,0,0,0,0,0
16:0_percWT,12.67,11.48,8.42,10.55,10.08,8.26,9.65,11.71,10.4,10.5,11.6,8.47,10.79,10.27,8.98,12.14,13.3,10.46,10.31,11.43,10.42,11.63,11.2,10.84,10.18,11.14,11.51,11.69,11.71,11.16,10.95,13.14,11.43,12.4,12.71,10.02,12.64,12.53,11.57,14.26,11.78,13.43,12.35,13.5,12.66,11.91,11.97,12.68,12.28,13.01,11.14,11.92,12.78,12.73,13.21,11.92,12.02,12.13,11.45,11.73,12.92,12.04,11.67,12.61,13.65,11.52,13.72,14.37,11.7,11.1,NA,12.8,12.07,13.54,12.42,12.67,12.18,NA,12.74,7.67,10.2,NA,8.6,10.41,8.29,8.71,10.73,7.87,11.87,10.88,11.98,9.88,9.65,9.73,7.98,9.41,10.17,6.49,10.75,10.78,10.87,10.77,10.44,10.25,11.98,13.54,13.69,12,12.06,12.01,13.53,11.57,11.18,10.75,14.56,11.78,11.72,11.51,12.43,11.87,11.58,12.13,13.05,12.1,11.66,10.58,10.48,13.16,12.7,13,12.76,13.11,12.67,13.04,14.29,12.83,12.59,12.25,11.48,12.47,10.99,10.97,10.65,11.65,12.58,11.09,10.2,11.11,10.89,10.12,10.04,10.6,10.03,10.91,12.04,10.41,12.13,13.88,12.58,12.12,10.76,11.98,10.95,11.75,11.53,10.05,12.64,13.05,9.78,11.06,10.02,10.07,12.31,12.08,10.11,12.07,11.98,9.29,8.8,9.6,10.09,9.93,12.44,8.89,10.32,11.8,12.75,10.25,9.35,9.36,9.9,11.29,9.45,9.93,11.65,11.93,11.13,10.39,11.38,12.53,10.67,10.38,11.31,8.05,10,11.61,11.43,11.17,12.33,11,10.38,11.71,11.16,11.08,10.12,13.56,11.08,11.13,11.67,12.15,10.95,10.56,12.43,11.36,11.42,12.17,11.12,10.31,10.53,12.13,11.28,12.3,12.43,12.02,10.55,11.41,11.81,10.21,11.28,11.81,10.22,10.82,10.32,11.84,11.18,12.11,11.33,11.87,9.49,10.44,10.46,11.17,9.88,11.73,10.53,11.67,9.61,10.37,9.87,10.3,9.67,10.26,11.2,10.96,10.88,10.68,10.93,11.25,9.81,11.08,9.66,8.71,11.38,12.07,10.26,10.96,10,10.71,8.94,9.51,10.08,11.24,10.9,NA,11.28,10.83,10.39,10.33,10.45,10.89,9.89,11.4,10.93,11.46,9.69,11.25,11.21,11.27,11.52,10.42,10.81,10.97,11.46,11.26,11.45,11.81,10.55,11.59,10.95,12.08,11.24,14.27,11.43,10.84,10.59,10.99,10.13,11.65,11.16,11.57,12.49,9.14,11.64,11.6,11.9,12.41,13,10.64,11.36,11.2,12.98,13.44,12.44,11.61,16.22,10.64,9.75,10.88,11.96,12.91,12.06,12.78,13.89,10.98,13.25,12.64,14.01,9.99,12.64,12.66,12.39,12.42,12.53,11.97,13.05,12.63,11.7,12.86,9.93,13.21,13.02,12.02,13.66,11.96,11.65,12.22,12,13.44,13.56,12.42,12.69,12.52,12.21,12.25,13.29,13.06,11.72,11.72,11.82,13.32,9.98,10.12,9.4,NA,10.01,13.65,12.66,12.37,12.84,12.4,13.02,12.42,11.8,11.77,11.76,11.67,13.28,12.84,13.2,11.64,13.13,9.53,9.71,10.82,9.94,11.63,11.78,13.13,13.88,13.95,10.73,15.33,13.57,15.51,12.07,14.02,11.86,14.02,12.9,13.39,10.92,11.14,15.39,13.25,12.55,13.13,9.94,12.99,12.88,15.16,13.28,13.39,13.72,12.58,13.29,11.39,11.83,12.63,19.27,13.69,11.16,11.04,11.78,10.46,14.62,12.89,12,12.68,10.86,10.64,11.56,10.43,10.38,11.6,11.42,10.41,11.38,11.68,10.49,10.42,11.3,12.43,10.04,12.02,10.57,12.26,10.31,12.67,13.55,16.37,12.71,11.94,15.64,12.92,13.09,14.36,14.96,12.85,12.29,14.95,13.69,11.81,15.02,15.67,17.1,19.9,14.08,13.94,12.95,14.39,15.29,12.41,13.45,13.09,12.43,13.41,16.98,12.68,11.59,12.73,12.66,12.07,11.7,12.58,12.26,11.63,11.19,11.59,9.55,12.38,11.88,12.62,11.79,11.78,11.24,10.53,11.15,12.08,13.08,13.13,14.49,11.96,11.04,10.97,15.37,16.11,12.15,12.28,12.19,13.23,11.84,14.18,10.02,13.36,14.13,11.03,9.23,9.66,12.34,10.93,9.31,9.39,9.16,9.02,10.02,8.8,9.77,5.92,7.22,11.2,8.79,8.12,11.59,10.26,4.43,10.36,10.97,11.14,12,11.7,13.84,11.5,9.74,9.61,10.48,10.36,10.47,11.63,10.3,10.86,10.82,10.85,10.55,13.3,11.17,12.77,11.32,9.66
16:1w11?_percWT,0,0,0,0,0,0,0,0,0,0,0,0,0,0,0,0,0,0,0,0,0,0,0,0,0,0,0,0,0,0,0,0,0,0,0,0,0,0,0,0,0,0,0,0,0,0,0,0,0,0,0,0,0,0,0,0,0,0,0,0,0,0,0,0,0,0,0,0,0,0,NA,0,0,0,0,0,0,NA,0,0,0,NA,0,0,0,0,0,0,0,0,0,0,0,0,0,0,0,0,0,0,0,0,0.04,0,0,0.06,0,0,0,0,0,0,0,0,0,0,0,0,0,0,0,0,0,0,0.06,0,0,0,0,0,0,0,0,0,0,0,0,0,0,0,0,0,0,0,0,0,0,0,0,0,0,0,0,0,0,0,0,0,0,0,0,0,0,0,0,0,0,0.06,0,0,0,0,0,0,0,0,0.08,0,0,0,0,0,0,0,0,0,0,0,0,0,0,0,0,0,0,0,0,0,0,0,0,0.04,0,0,0,0,0,0,0,0.06,0,0,0.06,0.06,0,0.1,0,0.05,0,0,0,0.06,0.08,0.06,0.06,0,0.06,0.05,0,0,0.04,0.05,0.06,0.07,0.08,0.06,0.05,0.03,0.07,0.38,0.04,0.03,0.05,0.06,0.03,0.05,0.05,0.07,0.09,0.02,0.07,0.03,0.05,0.07,0,0.05,0,0.06,0.06,0.04,0.02,0.04,0.03,0.03,0.04,0.03,0.04,0.04,0.03,0.03,0.07,0.06,0.04,0.06,0.02,0.04,0.03,0.03,0.05,0.03,0.04,0.04,0.02,NA,0.03,0.02,0.03,0.03,0.03,0.04,0.02,0.05,0.03,0.05,0.03,0.03,0.03,0.04,0.04,0.03,0.03,0.03,0.03,0.02,0.02,0.14,0.03,0.04,0.04,0.04,0.04,0.06,0.04,0.05,0.03,0.21,0.1,0.02,0.07,0.08,0.18,0.16,0.07,0.14,0.06,0.09,0.03,0.03,0.09,0.04,0.07,0.08,0.05,0.07,0.07,0.04,0.03,0.07,0.05,0.06,0.07,0.04,0.06,0.03,0.05,0.09,0.05,0.04,0.06,0.05,0.13,0.06,0.04,0.05,0.04,0.06,0.09,0.08,0.06,0.08,0.1,0.03,0.06,0.07,0.07,0.08,0.07,0.05,0.08,0,0,0,0,0,0,0,0,0,0,0,0,0,0,NA,0,0,0,0,0,0,0,0,0,0,0,0,0,0,0,0,0,0,0,0,0,0,0,0,0,0,0,0,0,0,0,0,0,0,0,0,0,0,0,0,0,0,0,0,0,0,0,0,0,0,0,0,0,0,0,0,0,0,0,0,0,0,0,0,0,0,0,0,0,0,0,0,0,0,0,0,0,0,0,0,0,0,0,0,0,0,0,0,0,0,0,0,0,0,0,0,0,0,0,0,0,0,0,0,0,0,0,0,0,0,0,0,0,0,0,0,0,0,0,0,0,0,0,0,0,0,0.09,0,0,0,0,0,0,0,0,0,0,0,0,0,0,0,0,0,0,0,0,0,0,0,0,0,0,0,0,0,0,0,0,0,0,0,0,0,0,0,0,0,0,0,0,0,0,0,0,0,0,0,0,0,0,0,0,0,0,0,0,0,0,0,0,0,0,0
16:1w9?_percWT,0,0,0,0,0,0,0,0,0,0,0,0,0,0,0,0,0,0,0,0,0,0,0,0,0,0,0,0,0,0,0,0,0,0,0,0,0,0,0,0,0,0,0,0,0,0,0,0,0,0,0,0,0,0,0,0.07,0.09,0,0,0,0,0,0,0,0,0,0,0,0,0.08,NA,0,0,0,0,0,0,NA,0,1.03,0,NA,0,0,1.06,0,0,0,0,0,0,0,0,0,1.1,0,0,0,0,0,0,0,0,0,0,0,0,0,0,0,0,0,0,0,0,0,0,0,0,0,0,0,0,0,0,0,0,0,0,0,0,0,0,0,0,0,0,0,0,0,0,0,0,0,0,0,0,0,0,0,0,0,0,0,0,0,0,0,0,0,0,0,0,0,0,0,0,0,0,0,0,0,0,0,0,0,0,0,0,0,0,0,0,0,0,0,0,0,0,0,0,0,0,0,0,0,0,0,0,0,0,0,0,0,0,0,0,0,0,0,0,0,0,0,0,0,0,0,0,0,0,0,0,0,0,0,0,0,0,0,0,0,0,0,0,0,0,0,0,0,0,0,0,0,0,0,0,0,0,0,0,0,0,0,0,0,0,0,0,0,0,0,0,0,0,0,0,0,0,0,0,0,0,0,0,0,0,0,0,0,0,0,0,NA,0,0,0,0,0,0,0,0,0,0,0,0,0,0,0,0,0,0,0,0,0,0,0,0,0,0,0,0,0,0,0,0,0,0,0,0,0,0,0,0,0,0,0,0,0,0,0,0,0,0,0,0,0,0,0,0,0,0,0,0,0,0,0,0,0,0,0,0,0,0,0,0,0,0,0,0,0,0,0,0,0,0,0,0,0,0,0,0,0,0,0,0,0,0.08,0,0,0,0,0,NA,0,0,0,0,0,0,0,0,0,0,0,0,0,0,0,0,0,0,0,0,0,0,0,0,0,0,0,0,0,0,0,0,0,0,0,0,0,0,0,1.47,1.54,0,0.95,0,0,0,0,0,0,0,0,0,0,0,0,0,0,0,0,0,0,0,0,0,0,0,0,0,0.94,0,0,0,0,0,0,0,0,0,0,0,0,0,0,0,0,0,0,0,0,0,0,0,0,0,0,0,0,0,0,0,0,0,0,0,0,0,0,0,0,0,0,0,0,0,0,0,0,0,0,0,0,0,0,0,0,0,0,0,0,0,0,0,0,0,0,0,0,0,0,0,0,0,0,0,0,0,0,0,0,0,0,0,0.83,0,0,0,0,0,0,0,0,0,0,0,0,0,0,0,0,0,0,0,0,0,0,0,0,0,0,0,0,0,0,0,0.85,0,0,0,1.35,0,1.68,0,0,1.17
16:1w7_percWT,10.98,9.49,3.93,3.49,8.41,6.47,7.37,18.9,8.23,6.58,8.73,5.92,7.24,9.98,5.2,10.42,8.93,9.74,5.96,11.89,10.07,10.89,11.57,9.7,9.81,19.53,21.49,20.4,20.7,18.86,18.1,18.05,19.25,18.04,19.93,9.6,21.61,20.45,15.5,18.39,18.53,21.48,19.69,16.75,18.93,16.16,17.86,16.45,17.81,22.89,19.95,18.59,18.51,17.15,22.31,18.09,19.03,19.03,19.72,17.02,15.74,16,18.65,17.45,16.41,19.04,16.51,15.94,18.52,12.67,NA,19.16,15.34,10.06,21.92,20.67,19.99,NA,17.27,4.09,6.91,NA,8.77,7.15,2.75,7.49,11.8,4.34,13.41,9.22,7.78,5.4,6.96,6.9,2.43,7.23,10.72,3.14,11.77,10.64,9.64,8.46,5.89,10.96,13.64,12.3,15.84,13.61,14.07,12.85,16.31,13.1,7.13,12.62,17.85,10.68,11.18,11.65,11.74,11.45,10.17,10.7,17.38,15.67,10.54,10.46,13.11,14.12,14.4,13.32,14.09,14.4,14.96,12.65,14.96,15.79,15.61,12.88,14.05,12.99,8.85,8.98,8.24,9.34,12.42,10.79,9.07,9.92,10.88,4.58,8.92,9.98,9.9,10.68,10.39,8.49,10.62,11.02,11.4,11.66,8.16,11.86,9.15,11.16,8.89,9.72,10.77,11.23,7.74,7.45,6.54,8.13,12.16,11.98,14.96,11.22,10.57,8.36,6.25,12.44,3.47,8.49,11.29,4.85,8.36,11.5,11.15,5.59,8.32,8.19,7.49,11.38,7.82,8.83,12.22,10.94,13.32,8.96,12.33,10.53,7.78,9.35,10.4,4.12,4.22,10.95,9.79,11.11,10.77,12.02,10.02,9.57,9,10.21,8.8,10.83,6.2,13.87,10.48,11.48,8.69,9.6,10.47,12.13,12.1,11.54,10.74,10.75,9.21,9.57,11.51,11.13,12.17,10.04,8.86,10.22,10.12,9.6,10.36,12.01,25.72,10.15,25.81,15.05,10.71,11,9,10.18,11.32,10.68,13.61,10.8,21.29,9.72,10.01,10.39,9.09,13.27,11.26,9.41,22.29,22.45,20.33,20.63,18.99,17.97,16.15,22.6,28.34,17.93,17.54,28.37,23.23,19.04,16.16,14.92,21.28,22.33,22.76,19.8,17.86,22.37,18.75,NA,19.95,21.13,21.51,20.64,21.11,21.04,17.04,22.21,20.89,24.77,17.02,20.22,16.36,18.13,18.94,22.62,20.94,21.09,22.08,17.23,20.43,17.22,18.1,20.78,18.71,17.9,18.54,18.49,21.36,18.85,13.2,11.82,10.85,17.68,13.75,13.25,13.29,12.66,14.17,15.06,18.48,14.39,20.29,11.5,15.17,16.33,16.79,14.52,12.64,13.44,18.01,9.71,8.09,3.87,13.74,14.48,10.19,11.9,15.31,13.31,11.84,16.93,15.55,4.56,17.18,13.33,13.71,14.15,15.05,16.82,11,13.8,10.65,11.39,6.95,15.15,12.27,12.53,14.43,11.92,11.84,13.69,16.89,19.42,10.57,14.53,14.88,12.74,15.49,16.25,15.07,6.74,11.99,15.42,13.48,7.89,12.33,8.29,6.07,NA,7.21,15.04,7.17,12.25,13.05,11.86,15.6,14.31,12.81,9.19,10.15,10.56,13.74,9.68,12.28,17.14,9.24,6.4,6.53,5.77,6.72,9.13,14.39,16.08,15.71,18.21,11.25,17.35,15.58,15.37,15.11,15.74,16.01,16.4,17.66,15.48,5.31,14.18,7.66,5.65,4.46,15.41,3.22,6.19,14.41,15,16.46,13.27,13.89,12.71,10.08,10.17,9.43,10.77,13.36,11.51,7.55,9.65,10.99,9.65,11.65,9.61,10.37,10.35,8.22,5.57,7.77,8.49,2.96,9.63,9.2,8.77,10.69,7.36,10.52,9.78,9.98,8.97,5.41,10.4,9.19,9.97,9.24,8.94,9.61,11.11,9.49,9.65,11.82,10.73,18.87,20.42,20.8,17.18,19.78,23.89,24.05,11.56,12.39,14.87,14.17,15.88,15.91,15.89,14.9,15.82,16.47,15.01,15.82,16.76,14.72,14.61,20.06,16.37,15.98,18.99,13.45,16.63,14.34,16.41,15.95,17.41,14.27,5.07,3.78,5.19,6.61,14.88,14.35,14.24,3.51,4.52,3.97,5.06,13.83,13.67,15.14,13.62,11.33,14.26,13.57,13.89,12.35,12.19,12.93,13.02,13.71,12.62,5.22,16.09,18.62,7.49,2.69,5.12,8.64,7.66,5.81,5.44,7.37,6.62,8.89,7.34,7.8,9.69,7.85,4.93,6.52,4.61,7.86,6.87,3.48,9.58,11.08,9.31,9.98,8.75,10.47,8.67,7.23,5.58,8.68,6.82,8.44,3.32,2.96,3.09,3.51,7.81,4.34,10.59,6.5,10.33,9.5,4.94
16:1w5_percWT,0.15,0.18,0.21,0.2,0.25,0.26,0.21,0.23,0.22,0.13,0.15,0.22,0.2,0.26,0.18,0.15,0.24,0.29,0.2,0.24,0.24,0.2,0.18,0.17,0.18,0.18,0.18,0.17,0.2,0.21,0.2,0.18,0.18,0.17,0.18,0.17,0.19,0.17,0.15,0.17,0.21,0.21,0.18,0.16,0.19,0.16,0.16,0.16,0.17,0.2,0.17,0.22,0.16,0.15,0.19,0.19,0.19,0.18,0.19,0.17,0.12,0.16,0.17,0.15,0.13,0.17,0.12,0.14,0.16,0.15,NA,0.15,0.19,0.18,0.18,0.17,0.17,NA,0.18,0.11,0.1,NA,0.14,0.2,0.09,0.13,0.14,0.1,0.17,0.14,0.13,0.12,0.13,0.13,0.08,0.13,0.14,0.11,0.17,0.15,0.19,0.18,0.13,0.17,0.41,0.2,0.16,0.14,0.17,0.17,0.14,0.15,0.14,0.14,0.16,0.15,0.14,0.16,0.17,0.16,0.14,0.14,0.21,0.15,0.17,0.22,0.2,0.12,0.17,0.14,0.2,0.16,0.22,0.2,0.17,0.15,0.16,0.14,0.19,0.17,0.22,0.21,0.28,0.21,0.19,0.2,0.26,0.23,0.29,0.2,0.27,0.27,0.25,0.29,0.26,0.28,0.28,0.25,0.27,0.24,0.34,0.27,0.26,0.23,0.3,0.25,0.24,0.17,0.22,0.21,0.27,0.2,0.28,0.33,0.22,0.29,0.16,0.25,0.22,0.24,0.12,0.22,0.3,0.21,0.33,0.28,0.37,0.23,0.34,0.27,0.24,0.24,0.25,0.26,0.23,0.4,0.22,0.18,0.25,0.32,0.26,0.19,0.18,0.32,0.17,0.16,0.2,0.18,0.17,0.18,0.21,0.18,0.19,0.18,0.16,0.19,0.22,0.21,0.19,0.19,0.21,0.2,0.22,0.17,0.16,0.2,0.18,0.17,0.21,0.18,0.16,0.17,0.2,0.22,0.24,0.18,0.16,0.17,0.19,0,0.31,0.16,0.31,0.23,0.15,0.18,0.17,0.2,0.28,0.14,0.23,0.14,0.25,0.22,0.17,0.17,0.18,0.22,0.22,0.16,0.23,0.19,0.19,0.19,0.18,0.2,0.19,0.23,0.26,0.19,0.29,0.35,0.19,0.19,0.19,0.2,0.21,0.2,0.29,0.22,0.17,0.21,0.2,NA,0.18,0.19,0.21,0.21,0.21,0.2,0.22,0.2,0.22,0.22,0.2,0.19,0.17,0.19,0.18,0.19,0.2,0.19,0.2,0.19,0.21,0.2,0.27,0.23,0.29,0.26,0.24,0.22,0.26,0.24,0.24,0.19,0.21,0.23,0.18,0.26,0.21,0.27,0.2,0.21,0.28,0.28,0.22,0.23,0.25,0.25,0.16,0.16,0.22,0.2,0.15,0.26,0.15,0.16,0.17,0.18,0.37,0.17,0.15,0.18,0.24,0.18,0.18,0.14,0.17,0.24,0.21,0.33,0.23,0.2,0.17,0.14,0.44,0.28,0.2,0.2,0.4,0.17,0.27,0.28,0.21,0.31,0.19,0.17,0.18,0.18,0.25,0.22,0.2,0.2,0.17,0.2,0.23,0.19,0.24,0.18,0.2,0.2,0.17,NA,0.17,0.17,0.2,0.24,0.27,0.22,0.19,0.3,0.27,0.24,0.27,0.26,0.21,0.26,0.3,0.2,0.28,0.22,0.2,0.18,0.18,0.21,0.17,0.16,0.18,0.16,0.18,0.16,0.17,0.15,0.18,0.14,0.17,0.17,0.17,0.15,0.17,0.19,0.21,0.2,0.17,0.16,0.17,0.19,0.17,0.16,0.15,0.19,0.2,0.17,0.2,0.15,0.15,0.15,0.19,0.18,0.24,0.18,0.21,0.19,0.22,0.14,0.2,0.2,0.19,0.17,0.32,0.19,0.19,0.17,0.23,0.18,0.19,0.17,0.17,0.21,0.17,0.17,0.21,0.16,0.16,0.19,0.22,0.12,0.18,0.13,0.13,0.24,0.21,0.13,0.21,0.19,0.2,0.18,0.21,0.22,0.19,0.17,0.15,0.16,0.16,0.17,0.15,0.15,0.16,0.15,0.18,0.16,0.15,0.14,0.18,0.16,0.16,0.22,0.16,0.21,0.17,0.17,0.16,0.18,0.17,0.18,0.18,0.36,0.13,0.16,0.25,0.21,0.21,0.21,0.09,0.14,0.15,0.2,0.24,0.21,0.22,0.22,0.25,0.2,0.16,0.16,0.21,0.2,0.14,0.14,0.16,0.16,0.31,0.16,0.21,0.18,0.15,0.16,0.15,0.17,0.26,0.21,0.22,0.25,0.28,0.33,0.36,0.51,0.51,0.17,0.34,0.18,0.22,0.3,0.46,0.2,0.27,0.23,0.19,0.23,0.23,0.22,0.29,0.25,0.31,0.23,0.32,0,0,0,0.18,0.22,0.21,0.17,0.21,0.21,0.2,0.21
i17:0_percWT,0.78,0.94,0.17,0.73,0.82,1.21,1.25,0.57,1.01,0.78,0.79,1.04,0.86,1.02,1.05,0.59,0.97,1.15,0.61,0.72,0.67,0.59,0.57,0.66,0.56,0.49,0.44,0.44,0.38,0.46,0.46,0.46,0.42,0.45,0.56,0.75,0.43,0.53,0.61,0.55,0.47,0.53,0.47,0.41,0.54,0.4,0.45,0.37,0.39,0.44,0.39,0.48,0.46,0.36,0.39,0.38,0.34,0.35,0.34,0.36,0.33,0.4,0.41,0.41,0.35,0.44,0.47,0.45,0.56,0.51,NA,0.45,0.48,0.76,0.47,0.42,0.4,NA,0.56,1.01,0.99,NA,0.76,0.89,1.11,1,1.01,1.05,0.83,0.72,0.58,1.02,0.73,0.74,0.97,0.91,0.82,0.48,0.61,0.48,0.76,0.7,0.64,0.93,0.91,0.77,0.68,0.39,0.6,0.68,0.4,0.48,0.82,0.4,0.63,0.46,0.56,0.57,0.52,0.59,0.54,0.48,0.51,0.55,0.62,0.68,0.6,0.49,0.73,0.56,0.91,0.47,0.91,0.56,0.64,0.51,0.48,0.56,0.54,0.64,0.95,0.92,1.4,1.11,0.64,0.85,1.28,1.06,0.94,0.87,1.35,1.23,0.76,1,1.19,1.21,1.06,1.01,0.89,0.8,1.3,0.9,1.09,0.84,1.22,0.82,0.84,0.77,1.06,1.09,1.55,0.91,0.96,1.02,0.62,0.97,0.86,1.15,1.05,0.68,0.73,0.93,1.05,1.35,1.81,0.88,1.24,1.4,1.36,1.11,1.28,0.76,1.11,1.2,0.67,1.49,0.56,0.73,0.66,1.22,0.93,0.62,0.51,0.99,0.74,0.58,0.7,0.87,0.6,0.74,0.99,0.66,0.72,0.68,0.5,0.91,0.88,0.62,0.62,0.71,0.75,0.83,0.89,0.64,0.72,0.65,0.7,0.72,0.91,0.48,0.53,0.67,0.78,0.93,0.9,0.66,0.65,0.54,0.61,0.51,0.81,0.53,0.84,0.74,0.5,0.69,0.55,0.76,0.97,0.41,0.79,0.46,0.68,0.87,0.57,0.62,0.66,0.71,0.7,0.5,0.58,0.42,0.47,0.45,0.39,0.54,0.44,0.55,0.58,0.52,0.87,0.94,0.46,0.54,0.58,0.54,0.56,0.41,0.8,0.6,0.41,0.46,0.52,NA,0.43,0.46,0.5,0.49,0.49,0.44,0.63,0.47,0.56,0.46,0.63,0.47,0.38,0.45,0.5,0.48,0.48,0.43,0.46,0.51,0.5,0.6,0.66,0.51,0.72,0.66,0.65,0.69,0.6,0.63,0.73,0.74,0.59,0.58,0.56,0.85,0.68,0.77,0.62,0.61,0.68,1.02,0.52,0.72,0.75,0.72,0.62,0.54,0.84,0.8,0.57,1.33,0.64,0.78,0.66,0.68,1.92,0.72,0.52,0.7,0.75,0.72,0.71,0.47,0.56,0.91,0.62,1.15,0.87,0.5,0.8,0.55,1.56,1.13,1.1,0.71,1.21,0.77,0.82,0.92,0.78,1.03,0.62,0.49,0.9,0.58,0.77,0.74,0.6,0.56,0.51,0.54,0.86,0.57,0.78,0.49,0.62,1,0.77,NA,0.98,0.55,1.61,0.4,0.36,0.44,0.55,0.38,0.35,0.45,0.42,0.4,0.42,0.42,0.5,0.55,0.86,1.16,1.03,1.04,1.27,1.11,0.46,0.44,0.52,0.41,0.49,0.44,0.48,0.45,0.47,0.35,0.45,0.45,0.4,0.44,1.39,0.59,0.88,0.8,0.72,0.53,0.41,0.48,0.56,0.55,0.46,0.87,0.97,0.88,0.76,0.66,0.62,0.52,0.56,0.59,0.86,0.51,0.86,0.81,0.71,0.52,0.66,0.67,0.76,0.75,0.64,0.84,0.91,0.6,0.91,0.82,0.73,0.56,0.63,0.9,0.74,0.68,0.82,0.6,0.57,0.75,0.74,0.51,0.76,0.53,0.6,0.65,0.88,0.54,0.61,0.5,0.55,0.54,0.48,0.52,0.43,0.76,0.68,0.61,0.63,0.5,0.48,0.43,0.53,0.49,0.53,0.48,0.47,0.41,0.54,0.51,0.51,0.61,0.4,0.59,0.54,0.5,0.51,0.58,0.53,0.4,0.48,0.06,0.69,0.68,0.81,0.72,0.65,0.68,0.86,0.71,0.96,0.02,0.66,0.61,0.7,0.58,0.8,0.63,0.67,0.61,0.66,0.67,0.61,0.5,0.56,0.58,0.94,0.51,0.68,1.11,0.97,1.33,1.07,1.09,1.09,1.15,0.81,0.83,0.58,0.85,0.77,0.54,0.86,1.01,1,0.8,0.79,0.98,0.99,0.76,0.68,0.69,0.88,0.99,0.97,1.05,0.72,1.34,0.7,0.7,1.3,1.39,1.06,1.01,0.89,1.05,0.83,0.76,1.1,0.96,0.94,1.14
ai17:0_percWT,0.62,0.71,0.06,0.7,0.63,1.09,1.14,0.58,0.87,0.56,0.51,0.94,0.69,0.73,0.94,0.44,0.7,1.01,0.26,0.72,0.66,0.55,0.56,0.55,0.58,0.46,0.46,0.47,0.42,0.56,0.49,0.42,0.42,0.29,0.45,0.82,0.39,0.47,0.45,0.45,0.6,0.59,0.43,0.4,0.5,0.39,0.41,0.35,0.4,0.44,0.41,0.69,0.24,0.24,0.42,0.47,0.39,0.43,0.29,0.31,0.17,0.39,0.24,0.26,0.3,0.24,0.34,0.41,0.49,0.56,NA,0.38,0.24,0.88,0.53,0.3,0.25,NA,0.39,0.79,0.64,NA,0.45,0.63,1.01,0.76,0.63,0.79,0.62,0.58,0.49,0.85,0.73,0.62,0.71,0.76,0.93,0.65,0.55,0.4,0.61,0.53,0.54,0.76,0.9,0.7,0.51,0.28,0.56,0.56,0.26,0.33,0.73,0.2,0.55,0.25,0.34,0.37,0.34,0.39,0.32,0.28,0.31,0.41,0.36,0.53,0.42,0.3,0.85,0.37,1.03,0.26,1.02,0.41,0.51,0.5,0.33,0.39,0.35,0.44,0.86,0.78,1.22,0.93,0.51,0.74,1.2,0.98,0.86,0.74,1.34,1.2,0.63,1.08,1.08,1.15,0.96,0.91,0.67,0.68,1.41,0.66,1.13,0.65,1.22,0.91,0.65,0.75,1.04,0.98,1.46,0.81,0.68,0.91,0.67,0.91,0.68,1.17,0.97,0.79,0.63,0.98,0.85,1.35,1.74,0.66,0.98,1.33,1.14,1.2,1.36,0.48,1.19,1.31,0.45,1.21,0.36,0.61,0.43,1.01,0.71,0.55,0.38,0.98,0.53,0.35,0.49,0.75,0.35,0.58,0.81,0.4,0.87,0.56,0.3,0.8,0.91,0.55,0.45,0.47,0.58,0.63,0.79,0.54,0.6,0.56,0.54,0.6,0.65,0.23,0.46,0.58,0.7,0.8,0.77,0.5,0.51,0.39,0.58,0.37,0.75,0.38,0.77,0.54,0.07,0.63,0.49,0.67,0.79,0.28,0.55,0.32,0.62,0.74,0.53,0.5,0.56,0.6,0.55,0.36,0.59,0.34,0.35,0.34,0.34,0.44,0.43,0.69,0.48,0.4,0.8,1,0.42,0.61,0.57,0.64,0.52,0.32,0.75,0.6,0.34,0.35,0.42,NA,0.35,0.33,0.36,0.43,0.38,0.34,0.58,0.46,0.51,0.44,0.67,0.35,0.35,0.47,0.47,0.39,0.35,0.34,0.36,0.39,0.35,0.42,0.58,0.41,0.84,0.64,0.73,0.51,0.57,0.74,0.81,0.61,0.59,0.49,0.62,0.84,0.61,0.84,0.67,0.5,0.62,1.24,0.36,0.76,0.82,0.8,0.39,0.42,0.82,0.82,0.3,1.95,0.55,0.78,0.58,0.67,2.63,0.77,0.39,0.56,0.73,0.59,0.53,0.84,0.47,0.86,0.47,1.18,1.16,0.43,0.64,0.43,1.75,1.11,0.82,0.67,1.64,0.81,0.96,0.93,0.82,1.14,0.46,0.42,0.75,0.71,1.11,1,0.76,0.75,0.65,0.24,1.22,0.76,1.04,0.23,0.77,1.03,0.74,NA,0.9,0.64,1.42,0.41,0.38,0.44,0.54,0.48,0.44,0.55,0.5,0.5,0.44,0.39,0.44,0.7,0.93,1.18,0.97,1.02,1.26,1.15,0.56,0.5,0.69,0.5,0.55,0.45,0.46,0.4,0.59,0.39,0.47,0.44,0.44,0.47,1.33,0.73,0.56,0.41,0.37,0.67,0.22,0.28,0.69,0.66,0.49,0.73,0.71,0.79,0.7,0.57,0.54,0.17,0.13,0.41,0.81,0.49,0.75,0.73,0.51,0.3,0.51,0.44,0.59,0.4,0.37,0.56,0.74,0.39,0.68,0.68,0.51,0.27,0.49,0.77,0.69,0.57,0.76,0.51,0.42,0.58,0.54,0.11,0.52,0.16,0.26,0.46,0.76,0.07,0.54,0.52,0.47,0.46,0.51,0.47,0.36,0.66,0.56,0.49,0.49,0.54,0.56,0.5,0.63,0.55,0.69,0.56,0.52,0.49,0.65,0.64,0.59,0.54,0.3,0.53,0.42,0.44,0.37,0.52,0.4,0.33,0.39,0.76,0.78,0.7,1.06,0.98,0.87,0.89,0.64,0.73,0.92,0.83,0.54,0.52,0.58,0.49,0.61,0.79,0.55,0.47,0.35,0.62,0.44,0.23,0.15,0.33,0.98,0.56,0.83,0.72,0.77,0.92,0.73,0.72,0.84,1.04,0.85,0.78,1.2,1.42,1.42,1.94,1.77,0.89,1.64,0.84,0.83,1.06,1.33,0.69,0.83,0.44,0.66,0.8,0.79,0.82,0.97,1.27,0.79,0.51,1.33,1.22,1,0.8,0.78,0.75,0.76,0.6,0.75,0.82,0.86,0.76
16:2w4_percWT,0.7,0.54,0.91,1.35,0.7,1.21,0.9,1.42,1.69,0.71,0.68,1,1.14,1.78,0.79,0.84,0.61,1.01,0.79,0.97,1.03,0.85,1.01,0.78,0.86,0.88,1.03,0.94,1,1.01,0.92,1.15,1,1.18,1.09,0.68,1.1,1.38,0.82,0.88,0.97,1.04,1.08,0.87,1.05,0.94,0.89,0.94,1.22,1.33,0.94,0.99,1.15,1.02,1,1.06,1.05,0.89,1.09,0.98,1.01,0.94,1,1.23,0.76,0.97,0.8,0.88,1.18,0.4,NA,0.87,0.91,0.45,1.09,0.96,1.2,NA,0.83,0.92,0.67,NA,0.51,1.18,0.83,0.78,0.83,1.04,0.84,0.63,0.99,0.81,0.67,1.23,0.65,1.11,0.75,0.48,1.8,1.46,0.87,1.52,1.14,1.04,2.97,0.49,0.75,1.34,1.4,1.23,1.41,1.22,1.04,1.38,0.75,1.48,1.44,1.74,1.39,1.2,1.31,1.32,1,0.56,1.8,1.01,0.87,1.88,1.34,1.39,1.37,1.63,1.83,1.39,1.67,1.45,1.43,1.48,1.48,1.65,1.49,1.41,1.49,1.42,1.06,1.27,1.04,1.04,1.73,0.42,1.27,1.13,1.74,1.31,1.52,1.52,1.56,1.13,1.31,1.69,1.2,1.58,1.18,1.26,1.5,1.39,1.21,0.61,0.86,0.95,1.6,0.88,1.43,1.44,1.1,1.74,0.59,1.39,1.18,1.1,0.23,1.43,1.56,1.64,1.16,1.6,1.69,1.45,1.67,1.74,1.3,1.3,1.18,1.85,1.32,1.71,1.07,0.96,1.2,1.42,0.69,0.92,0.88,1.14,1.07,1.16,1.26,0.65,1.05,0.83,0.65,1.46,0.68,0.94,1.07,0.61,0.86,0.94,1.31,1.31,0.86,0.73,0.42,0.77,0.66,1.18,0.81,0.74,0.71,0.82,0.83,0.48,0.8,0.93,1.05,0.79,0.81,1.13,0.92,1.12,0.59,1.03,0.62,0.62,0.74,0.44,0.44,0.84,0,1.13,0.63,1.09,1.07,0.97,0.57,0.5,1.12,1.39,1.23,0.71,0.56,0.92,0.94,0.9,0.94,0.48,0.85,0.97,1.22,0.47,1.28,0.96,0.99,0.97,0.56,0.89,1.1,0.96,1.09,1.01,0.93,0.99,1.03,NA,1.03,1.05,1,1.02,1.04,1.01,0.49,0.96,1.05,0.92,0.43,1.03,1.01,0.89,0.5,0.97,1.04,1.09,1.03,0.59,1.11,0.78,1.25,1.29,0.71,1.15,1.1,1.1,0.87,0.69,0.57,0.37,1.3,1.14,0.54,0.37,1.09,1.69,0.93,0.67,1.17,0.37,1.22,1.25,0.59,0.62,1.05,0.53,0,0.37,1.01,1.17,0.79,0.08,0.49,0.81,0.99,0.26,0.58,0.82,0,0.5,0.52,0.17,0.99,0,0.41,0.46,0.89,0.98,0.33,0.84,0.44,0.29,0,0.95,0,0.36,0.27,0,0.76,0.74,1.17,0.98,0.49,0.86,0.9,0.82,0.92,1.08,1.11,0.64,0.81,1.15,1,0.52,1.11,1.28,0.73,NA,0.77,1.12,0.9,1.39,2.05,1.28,0.89,1.88,1.83,1.29,1.64,1.68,1.23,2.02,1.78,1,1.29,0.95,0.93,0.64,1.05,0.86,1.19,1.06,1.08,1.25,0.58,0.9,0.64,0.68,0.86,0.98,0.96,0.98,1.09,0.86,0.73,0.95,0.68,0.84,0.83,0.8,0.77,0.86,0.81,0.74,0.64,1.07,1.21,1.17,1.75,2.36,2.06,3.83,3.12,2.17,3.25,2.38,2.58,2.29,2.76,2.13,1.81,1.11,1.6,1.09,1.5,1.77,0.81,1.49,2.05,1.62,1.87,1.18,1.76,1.95,1.55,1.07,1.91,1.54,1.59,2.22,1.89,2.82,1.84,2.41,2.64,3.1,1.99,3.6,1.71,1.92,1.68,1.45,1.8,1.45,1.64,1.75,1.47,2.01,1.91,1.74,0.76,0.96,0.92,0.71,0.85,0.9,0.87,0.92,0.94,0.77,1.01,1.75,1.54,1.78,1.76,1.64,2.07,1.53,1.37,1.71,1.59,0.69,1.21,0.73,1.62,0.96,0.8,1.03,0.45,1.08,0.5,1.12,1.09,0.97,1.07,1,1.04,1.04,2.18,1.89,2.3,2.11,2.11,2.5,2.59,2.26,1.39,0.86,1.15,0.7,0.75,0.83,0.69,0.69,0.82,1.03,0.94,1.04,1.04,1.01,1.08,0.97,0.85,0.16,1.32,1.44,1.32,1.01,1.25,1.19,1.13,1.26,1.2,1.19,1.42,1.44,0.93,0.56,1.25,1.19,0.91,0.58,0.69,0.6,0.63,1.02,0.85,0.67,1.51,0.67,0.82,0.55
phytanic?_percWT,0.51,0.51,0.13,0.35,0.47,0.67,0.7,0.53,0.74,0.35,0.41,0.47,0.51,0.49,0.45,0.5,0.45,0.6,0.32,0.48,0.49,0.45,0.5,0.43,0.46,0.36,0.31,0.31,0.37,0.37,0.32,0.33,0.3,0.26,0.25,0.47,0.3,0.29,0.31,0.28,0.36,0.29,0.26,0.36,0.28,0.33,0.27,0.31,0.3,0.26,0.24,0.39,0.27,0.3,0.27,0.36,0.35,0.34,0.35,0.37,0.25,0.38,0.29,0.31,0.25,0.3,0.21,0.26,0.29,0.46,NA,0.31,0.34,0.49,0.32,0.26,0.2,NA,0.25,0.4,0.4,NA,0.4,0.5,0.61,0.44,0.31,0.47,0.35,0.46,0.52,0.63,0.45,0.36,0.55,0.38,0.38,0.37,0.33,0.25,0.34,0.4,0.45,0.39,0.42,0.57,0.29,0.21,0.28,0.32,0.23,0.22,0.53,0.23,0.28,0.24,0.27,0.28,0.33,0.36,0.34,0.28,0.37,0.31,0.31,0.37,0.43,0.18,0.26,0.26,0.24,0.27,0.23,0.26,0.26,0.27,0.27,0.26,0.22,0.2,0.65,0.53,0.63,0.55,0.36,0.5,0.53,0.57,0.44,0.74,0.63,0.48,0.5,0.48,0.49,0.61,0.53,0.46,0.42,0.47,0.93,0.4,0.52,0.35,0.58,0.41,0.43,0.43,0.55,0.61,0.72,0.51,0.52,0.48,0.52,0.41,0.4,0.54,0.52,0.56,1.2,0.61,0.44,0.58,0.63,0.41,0.53,0.58,0.55,0.51,0.68,0.49,0.63,0.57,0.52,0.57,0.44,0.47,0.52,0.49,0.47,0.53,0.51,0.76,0.53,0.54,0.59,0.47,0.49,0.46,0.46,0.74,0.38,0.46,0.53,0.43,0.92,0.49,0.58,0.55,0.38,0.53,0.51,0.44,0.48,0.57,0.43,0.48,0.53,0.86,0.4,0.44,0.43,0.46,0.47,0.45,0.48,0.5,0.49,0.61,0.32,0.49,0,0,0.42,0.51,0.41,0.42,0.44,0.48,0.39,0.51,0.4,0.46,0.48,0.44,0.55,0.37,0.4,0.45,0.39,0.26,0.28,0.26,0.34,0.31,0.4,0.28,0.42,0.3,0.41,0.39,0.24,0.31,0.46,0.4,0.4,0.24,0.34,0.42,0.37,0.31,0.41,NA,0.3,0.34,0.34,0.37,0.35,0.33,0.45,0.28,0.36,0.26,0.36,0.34,0.32,0.31,0.34,0.28,0.38,0.31,0.33,0.47,0.41,0.35,0.45,0.38,0.51,0.64,0.48,0.43,0.44,0.43,0.67,0.38,0.32,0.49,0.38,0.52,0.34,0.41,0.51,0.34,0.36,0.38,0.35,0.5,0.42,0.49,0.28,0.37,0.46,0.43,0.34,0.48,0.65,0.81,0.39,0.33,0.48,0.38,0.32,0.36,0.43,0.29,0.51,0.53,0.27,0.37,0.33,0.45,0.39,0.25,0.32,0.33,0.57,0.47,0.51,0.33,0.44,0.35,0.5,0.41,0.49,0.48,0.3,0.2,0.53,0.36,0.33,0.35,0.39,0.41,0.39,0.29,0.35,0.4,0.4,0.28,0.34,0.58,0.41,NA,0.76,0.32,1.01,0.38,0.35,0.36,0.31,0.37,0.36,0.44,0.44,0.48,0.37,0.43,0.35,0.32,0.71,0.66,0.68,0.67,0.65,0.75,0.39,0.35,0.35,0.32,0.42,0.29,0.29,0.34,0.32,0.29,0.27,0.29,0.27,0.35,0.79,0.45,0.48,0.48,0.43,0.32,0.19,0.24,0.36,0.32,0.31,0.4,0.51,0.31,0.33,0.24,0.28,0.3,0.26,0.33,0.41,0.22,0.3,0.27,0.3,0.25,0.26,0.3,0.32,0.38,0.36,0.33,0.64,0.32,0.35,0.3,0.32,0.39,0.32,0.37,0.54,0.42,0.41,0.32,0.36,0.36,0.35,0.19,0.35,0.27,0.22,0.25,0.38,0.18,0.38,0.29,0.33,0.34,0.25,0.3,0.25,0.36,0.36,0.36,0.3,0.38,0.36,0.36,0.34,0.33,0.37,0.34,0.28,0.28,0.37,0.38,0.38,0.35,0.34,0.31,0.33,0.36,0.33,0.32,0.39,0.29,0.32,0.83,0.68,0.84,0.72,0.4,0.34,0.4,0.87,0.63,0.8,0.61,0.55,0.49,0.5,0.42,0.58,0.42,0.34,0.33,0.36,0.31,0.31,0.26,0.32,0.31,0.55,0.33,0.42,0.58,0.76,0.71,0.5,0.46,0.79,0.71,0.65,0.6,0.45,0.57,0.58,0.43,0.61,0.94,0.77,0.55,0.53,0.65,0,0.61,0.59,0.59,0.56,0.54,0.63,0.57,0.58,0.86,0.55,0.57,0.81,0.86,0.75,0.79,0.75,0.72,0.52,0.47,0.63,0.57,0.55,0.66
17:0_percWT,0,0,0,0,0,0,0,0,0,0,0,0,0,0,0,0,0,0,0,0,0,0,0,0,0,0,0,0,0,0,0,0,0,0,0,0,0,0,0,0,0,0,0,0,0,0,0,0,0,0,0,0,0,0,0,0,0,0,0,0,0,0,0,0,0,0,0,0,0,0,NA,0,0,0,0,0,0,NA,0,0,0,NA,0,0,0,0,0,0,0,0,0,0,0,0,0,0,0,0,0,0,0,0,0,0,0,0,0,0,0,0,0,0,0,0,0,0,0,0,0,0,0,0,0,0,0,0,0,0,0,0,0,0,0,0,0,0,0,0,0,0,0,0,0,0,0,0,0,0,0,0,0,0,0,0,0,0,0,0,0,0,0,0,0,0,0,0,0,0,0,0,0,0,0,0,0,0,0,0,0,0,0,0,0,0,0,0,0,0,0,0,0,0,0,0,0,0,0,0,0,0,0,0,0,0,0,0,0,0,0,0,0,0,0,0,0,0,0,0,0,0,0,0,0,0,0,0,0,0,0,0,0,0,0,0,0,0,0,0,0,0,0,0,0.37,0.39,0,0,0,0,0,0,0,0,0,0,0,0,0,0,0,0,0,0,0,0,0,0,0,0,0,0,0,0,0,0,0,0,0,0,0,0,0,0,0,NA,0,0,0,0,0,0,0,0,0,0,0,0,0,0,0,0,0,0,0,0,0,0,0,0,0,0,0,0,0,0,0,0,0,0,0,0,0,0,0,0,0,0,0,0,0,0,0,0,0,0,0,0,0,0,0,0,0,0,0,0,0,0,0,0,0,0,0,0,0,0,0,0,0,0,0,0,0,0,0,0,0,0,0,0,0,0,0,0,0,0,0,0,0,0,0,0,0,0,0,NA,0,0,0,0,0,0,0,0,0,0,0,0,0,0,0,0,0,0,0,0,0,0,0,0,0,0,0,0,0,0,0,0,0,0,0,0,0,0,0,0,0,0,0,0,0,0,0,0,0,0,0,0,0,0,0,0,0,0,0,0,0,0,0,0,0,0,0,0,0,0,0,0,0,0,0,0,0,0,0,0,0,0,0,0,0,0,0,0,0,0,0.01,0.02,0.01,0,0.02,0.01,0.01,0,0,0,0,0,0,0,0,0,0,0,0,0,0,0,0,0,0.01,0.01,0,0,0,0,0,0,0,0,0,0,0,0,0,0,0,0,0,0,0,0,0,0,0,0,0,0,0,0,0,0,0,0,0,0,0,0,0,0,0,0,0,0,0,0,0,0,0,0,0,0,0,0,0,0,0,0,0,0,0,0,0,0,0,0,0,0,0,0,0,0,0,0,0,0,0,0,0,0
16:3w4?_percWT,0.66,0.92,0.43,0.39,0.74,0.59,0.55,0.3,0.37,0.41,0.55,0.58,0.39,0.43,0.59,0.62,0.75,0.93,0.57,0.62,0.57,0.51,0.55,0.82,0.49,0.58,0.61,0.71,0.58,0.56,0.54,0.39,0.42,0.39,0.35,0.65,0.32,0.32,0.43,0.4,0.47,0.45,0.38,0.54,0.35,0.44,0.39,0.39,0.5,0.35,0.42,0.54,0.33,0.51,0.35,0.57,0.54,0.52,0.44,0.51,0.3,0.53,0.32,0.34,0.3,0.3,0.33,0.37,0.38,0.4,NA,0.35,0.28,0.51,0.37,0.27,0.2,NA,0.39,0.37,0.46,NA,0.43,0.46,0.44,0.39,0.47,0.3,0.43,0.49,0.61,0.5,0.5,0.34,0.27,0.42,0.58,0.29,0.25,0.28,0.49,0.3,0.41,0.4,0.33,0.35,0.15,0.2,0.31,0.32,0.18,0.48,0.48,0.15,0.34,0.23,0.26,0.53,0.32,0.36,0.28,0.23,0.31,0.32,0.4,0.35,0.41,1.06,0.31,0.63,0.5,1.02,0.29,0.27,0.27,0.27,1.14,0.28,0.22,0.24,0.38,0.42,0.61,0.56,0.43,0.42,0.21,0.24,0.74,0.57,0.56,0.53,0.46,0.69,0.51,0.33,0.55,0.43,0.36,0.44,0.63,0.9,0.25,0.73,0.58,0.34,0.71,0.31,0.73,0.24,0.69,0.26,0.6,0.8,1.29,0.74,0.76,0.48,0.41,0.32,0.47,0.48,0.7,0.52,0.17,0.94,0.35,0.53,0.25,0.35,0.44,0.67,0.23,0.46,0.57,0.66,0.63,0.26,0.62,0.52,0.14,0.34,0.41,0.48,0.15,0.54,0.42,0.18,0.41,0.29,0.85,0.54,0.21,0.28,0.4,0.74,1.01,0.42,0.56,0.41,0.12,0.14,0.31,0.35,0.36,0.44,0.28,0.18,0.14,0.45,0.32,0.29,0.23,0.14,0.18,0.26,0.2,0.41,0.38,0.59,0.27,0.48,0.27,0.37,0.31,0.32,0.29,0.17,0.32,0.59,0.38,0.53,0.3,0.15,0.36,0.33,0.28,0.33,0.28,0.28,0.28,0.37,0.37,0.35,0.4,0.29,0.4,0.35,0.45,0.28,0.25,0.26,0.46,0.43,0.35,0.34,0.33,0.36,0.27,0.34,0.4,0.44,0.37,NA,0.44,0.51,0.38,0.43,0.41,0.52,0.29,0.41,0.45,0.39,0.22,0.49,0.47,0.4,0.33,0.34,0.5,0.57,0.51,0.4,0.53,0.56,0.45,0.69,0.42,0.58,0.44,0.58,0.56,0.45,0.33,0.39,0.26,0.45,0.36,0.2,0.3,0.23,0.39,0.47,0.55,0.3,0.68,0.18,0.34,0.33,0.41,0.36,0.31,0.29,0.49,0.13,0.11,0,0.31,0.32,0.12,0.21,0.47,0.3,0.19,0.35,0.39,0,0.45,0.35,0.32,0.23,0.37,0.36,0.23,0.46,0.2,0.21,0,0.37,0.12,0.23,0.19,0.13,0.28,0.27,0.52,0.49,0.13,0.75,0.71,0.67,0.84,0.84,0.39,0.44,0.62,0.59,0.77,0.42,0.33,0.55,0.38,NA,0.59,0.32,0.75,0.46,0.46,0.52,0.57,0.51,0.46,0.52,0.53,0.61,0.54,0.5,0.44,0.33,0.83,0.64,0.59,0.54,0.68,0.8,0.44,0.37,0.4,1.08,0.53,0.41,0.62,0.36,0.67,0.35,0.28,0.3,0.93,0.89,0.56,0.82,0.56,0.55,0.44,0.74,0.24,0.4,0.85,0.82,0.71,0.4,0.44,0.4,0.88,1.08,1.1,0.92,0.82,0.8,0.24,0.93,1.02,1.05,0.99,1.02,0.32,0.33,0.46,0.34,0.5,0.41,0.57,0.31,0.28,0.28,0.24,0.3,0.32,0.34,0.8,0.63,0.44,0.26,0.55,0.3,0.28,1.28,0.25,0.92,1.2,0.99,1.03,1.37,0.46,0.36,0.36,0.35,1.09,0.37,1.02,1.12,0.29,1.07,0.99,0.72,0.79,0.86,0.76,0.65,0.74,0.52,0.5,0.5,0.8,0.82,0.94,0.92,0.99,0.37,0.33,0.97,0.93,0.9,0.86,1.04,0.94,0.82,0.53,0.63,0.7,0.79,0.66,0.42,0.48,0.54,0.66,0.54,1.28,1.09,1.32,1.11,1.08,0.86,1.25,1.14,1.29,1.25,1.37,1.54,1.58,1.3,0.59,0.65,0.73,0.59,0.63,0.65,0.57,0.64,0.59,0.56,0.41,0.49,0.65,0.72,0.67,0.48,0.68,0.92,0.64,0.55,0.51,0.68,0.52,0.35,0.41,0.39,0.35,0.46,0.37,0.48,0.49,0.59,0.39,0.36,0.68,0.56,0.53,0.55,0.55,0.61,0.7,0.77,0.42,0.83,0.71,0.62
17:1_percWT,0,0,0.05,0.01,0,0,0,0,0,0,0,0,0,0,0,0,0,0,0.03,0,0,0,0,0,0,0,0,0,0,0,0,0,0,0,0,0,0,0,0,0,0,0,0,0,0,0,0,0,0,0,0,0,0,0,0,0,0,0,0,0,0,0,0,0,0,0,0,0,0,0,NA,0,0,0,0,0,0,NA,0,0,0,NA,0,0,0,0,0,0,0,0,0,0,0,0,0,0,0,0,0,0,0,0,0,0,0,0.61,0,0,0,0,0,0,0,0,0,0,0,0,0,0,0,0,0,0,0,0,0,0.03,0,0,0,0,0,0,0,0,0,0,0,0,0,0,0,0,0,0,0,0,0,0,0,0,0,0,0,0,0,0,0,0,0,0,0,0,0,0,0,0,0,0,0,0,0,0,0,0,0,0,0.02,0,0,0,0,0,0,0,0,0,0,0,0,0,0,0,0,0,0,0,0,0,0,0,0,0,0,0,0,0,0,0,0,0,0,0,0,0,0,0,0,0,0,0.62,0.58,0.6,0.53,0.48,0.48,0.58,0.74,0.57,0.42,0.51,0.62,0.63,0.61,0.56,0.61,0.43,0.5,0.46,0.32,0.38,0,0,0.42,0.55,0.45,0.51,0.35,0.39,0.36,0.43,0.45,0.58,0.45,0.46,0.46,0.37,0.38,0.46,0.32,0.34,0.4,0.36,0.55,0.39,0.56,0.44,0.29,0.47,0.37,0.31,0.32,0.45,0.38,0.53,0.36,0.34,0.34,0.33,0.5,0.33,0.39,NA,0.34,0.39,0.41,0.42,0.35,0.35,0.29,0.42,0.38,0.34,0.38,0.41,0.52,0.49,0.51,0.35,0.37,0.34,0.39,0.44,0.44,0.35,0.34,0.33,0.49,0.42,0.44,0.35,0.44,0.47,0.39,0.39,0.36,0.38,0.5,0.54,0.4,0.46,0.52,0.38,0.37,0.49,0.29,0.43,0.46,0.49,0.32,0.38,0.54,0.45,0.38,0.49,0.34,0.38,0.29,0.39,0.55,0.53,0.37,0.49,0.43,0.33,0.44,0.47,0.29,0.47,0.39,0.39,0.46,0.24,0.33,0.41,0.38,0.4,0.62,0.38,0.78,0.39,0.69,0.6,0.43,0.65,0.3,0.3,0.63,0,0,0,0,0.1,0,0,0,0,0,0,0,0,0,NA,0,0,0,0,0,0,0,0,0,0,0,0,0,0,0,0,0,0,0,0,0,0,0,0,0,0,0,0,0,0,0,0,0,0,0.07,0,0,0,0,0.02,0,0,0,0,0,0,0,0,0,0,0,0.05,0.04,0.1,0.05,0,0,0.07,0.09,0.06,0.07,0.05,0,0,0,0,0,0,0,0,0,0,0,0,0,0.06,0,0,0,0,0,0,0,0.06,0,0,0.05,0.04,0,0.07,0,0,0,0,0,0,0,0,0,0.07,0,0,0,0,0,0,0.09,0,0,0,0,0,0,0.09,0,0,0,0.09,0,0,0,0,0,0,0,0.15,0,0,0.09,0.1,0.09,0,0,0,0,0,0,0,0,0,0.06,0,0.08,0.06,0,0.07,0.09,0,0,0,0,0,0,0,0,0,0,0,0,0,0,0,0,0,0,0,0,0,0,0,0,0,0,0,0,0,0,0,0,0,0,0,0,0,0,0,0,0,0,0,0,0,0,0
16:4w3?_percWT,0.36,0.14,0.18,0.47,0.31,0.34,0.18,0.28,0.56,0.25,0.28,0.34,0.38,0.52,0.44,0.35,0.12,0.41,0.51,0.34,0.45,0.37,0.45,0.42,0.22,0.23,0.21,0.23,0.21,0.23,0.21,0.18,0.11,0.25,0.29,0.39,0.18,0.16,0.31,0.24,0.21,0.17,0.22,0.21,0.28,0.2,0.25,0.25,0.2,0.16,0.26,0.25,0.26,0.23,0.21,0.26,0.17,0.17,0.24,0.32,0.25,0.28,0.23,0.31,0.19,0.24,0.2,0.28,0.34,0.53,NA,0.35,0.45,0.69,0.19,0.23,0.18,NA,0.27,0.56,0.46,NA,0.42,0.88,1.06,0.6,0.4,0.95,0.23,0.46,0.49,1.2,0.55,0.46,0.86,0.38,0.37,0.97,0.33,0.29,0.41,0.33,0.64,0.36,0.46,0.32,0.15,0.23,0.25,0.34,0.23,0.21,0.94,0.29,0.21,0.29,0.33,0.28,0.28,0.36,0.27,0.32,0.19,0.24,0.28,0.34,0.31,0.27,0.28,0.32,0.26,0.24,0.22,0.27,0.35,0.29,0.21,0.29,0.28,0.34,0.49,0.44,0.29,0.48,0.42,0.38,0.48,0.45,0.63,1.28,0.5,0.43,0.44,0.73,0.44,0.56,0.5,0.52,0.36,0.52,0.84,0.42,0.63,0.46,0.46,0.66,0.57,0,0.38,0.49,0.81,0.55,0.37,0.2,0.33,0.44,0.34,0.58,0.56,0.44,1.76,0.66,0.21,0.83,0.65,0.51,0.43,0.53,0.52,0.68,0.69,0.36,0.59,0.6,0.4,0.42,0.32,0.46,0.43,0.52,0.1,0.32,0.19,1.23,0.37,0.41,0.4,0.39,0.41,0.35,0.45,0.62,0,0,0.34,0,0.68,0,0.45,0.45,0.29,0.32,0.39,0.3,0.12,0.3,0.35,0.37,0.62,0.59,0.22,0.32,0.32,0.39,0.54,0.41,0.39,0.36,0.35,0.2,0.26,0.34,0.26,0.26,0,0.29,0.35,0.28,0.4,0.24,0.34,0.27,0.31,0.37,0.35,0.31,0.46,0.28,0.32,0.28,0.25,0.16,0.18,0.16,0.17,0.16,0.26,0.23,0.3,0.27,0.31,0.31,0.12,0.13,0.27,0.32,0.25,0.14,0.3,0.26,0.13,0.16,0.26,NA,0.15,0.14,0.14,0.17,0.19,0.09,0.32,0.17,0.09,0.19,0.26,0.07,0.09,0.07,0.18,0.26,0.18,0.09,0.15,0.21,0.17,0.31,0.24,0.26,0.35,0.52,0.41,0.46,0.27,0.34,0.59,0.43,0.37,0.24,0.44,0.34,0.53,0.52,0.41,0.18,0.17,0.3,0.24,0.32,0.43,0.32,0.2,0.3,0.29,0.37,0.15,0.57,0.68,0.78,0.36,0.17,0.23,0,0.17,0.28,0.54,0.31,0.31,1.25,0.17,0.13,0.36,0.36,0,0.16,0.33,0,0.5,0.37,0.45,0.08,0,0,0.46,0.38,0.49,0.49,0.17,0.05,0.52,0.1,0.14,0.11,0.01,0.01,0.01,0.01,0.02,0.01,0.02,0.01,0.02,0.08,0.03,NA,0.1,0.01,0.16,0.01,0.01,0.01,0.02,0.01,0.01,0.04,0.05,0.01,0.18,0.26,0.26,0.18,0.44,0.67,0.46,0.68,0.05,0.26,0.28,0.2,0.26,0.04,0.45,0.1,0.15,0.35,0.01,0.12,0.36,0.27,0.38,0.07,0.69,0.28,0.3,1.02,0.08,0.29,0.2,0.25,0.29,0.26,0.28,0.36,0.42,0.42,0.45,0.27,0.35,0.47,0.21,0.34,0.57,0.33,0.47,0.27,0.35,0.28,0.28,0.3,0.54,0.41,0.52,0.45,1.14,0.31,0.43,0.44,0.65,0.32,0.02,0.45,0.43,0.36,0.65,0.34,0.46,0.46,0.38,0.33,0.36,0.29,0.31,0.25,0.37,0.27,0.28,0.18,0.24,0.29,0.19,0.15,0.15,0.34,0.34,0.39,0.2,0.28,0.3,0.24,0.24,0.28,0.27,0.26,0.25,0.25,0.29,0.22,0.27,0.31,0.23,0.31,0.31,0.28,0.34,0.31,0.34,0.2,0.32,1.04,0.86,1.17,0.95,0.26,0.33,0.27,0.93,0.9,1.14,0.75,0.64,0.61,0.6,0.58,0.69,0.36,0.31,0.23,0.34,0.24,0.24,0.24,0.28,0.2,0.8,0.32,0.31,1.02,1.52,1.23,0.86,0.89,1.03,0.94,0.83,0.91,0.84,1.2,0.76,0.88,1.03,1.22,1.06,1.26,0.94,0.91,3.64,0.52,0.62,0.64,0.5,0.48,0.6,0.48,0.82,0.95,0.58,0.76,0.84,1.43,1.38,1.63,1.71,0.52,0.38,0.35,0.56,0.46,0.54,0.51
16:4w1_percWT,0.24,0.17,0.64,0.01,0.22,0.21,0.31,0.92,0.85,0.01,0.16,0.12,0.75,1.07,0.01,0.62,0.17,0.42,0.3,0.6,0.51,0.56,0.59,0.42,0.65,0.46,0.62,0.55,0.7,0.65,0.63,0.46,0.84,0.99,1.06,0.14,1.09,1.32,0.5,0.7,0.63,1.03,0.83,0.75,0.9,0.65,0.72,0.7,1.05,1.29,0.9,0.72,0.92,0.87,0.86,0.68,0.95,0.64,0.82,0.84,0.79,0.86,0.87,0.9,0.53,0.91,0.58,0.67,0.84,0.2,NA,0.75,0.54,0.13,0.8,0.76,1.26,NA,0.56,0.03,0.04,NA,0.02,0.11,0.13,0.03,0.17,0.1,0.25,0.02,0.13,0.1,0.09,0.1,0.04,0.11,0.12,0,0.33,0.35,0.25,0.39,0.07,0.17,1,0.62,0.3,0.88,0.98,0.81,1.39,1.05,0.19,1.07,0.5,1.3,1.21,1.44,1.02,0.84,1.09,1.23,0.73,0.37,1.12,0.37,0.42,2.35,1.73,1.53,1.21,1.87,1.63,1.74,1.62,1.43,2.23,1.52,1.72,1.73,0.63,0.84,0.58,0.61,0.8,0.79,0.39,0.5,1.23,0.1,0.43,0.38,0.86,1.32,0.68,0.63,0.82,1.02,1.19,1.09,0.53,1.36,0.44,1.29,0.37,1.08,1.26,0.39,0.18,0.34,0.19,0.45,0.99,1.45,0.25,1.11,0.14,0.38,0.41,0.49,0.04,0.62,1.18,0.08,0.26,1.51,1.18,0.17,0.56,0.52,0.39,1.12,0.24,0.45,0.9,0.96,1.02,0.44,1.1,0.92,0.17,0.65,0.83,0.18,0.27,0.99,0.79,0.35,0.72,0.55,0.11,0.94,0.31,0.5,0.77,0.06,0.15,0.74,1.07,0.71,0.15,0.22,0.53,0.52,0.55,0.73,0.46,0.34,0.15,0.73,0.56,0.48,0.39,0.28,0.34,0.46,0.33,0.79,0.54,1.25,0.42,0.91,0.43,0.63,0.54,0.56,0.48,0.33,0.46,1.25,0.68,1.11,0.53,0.29,0.67,0.58,0.46,0.58,0.49,0.48,0.52,0.83,0.87,0.8,0.77,0.62,0.66,0.62,0.83,0.53,0.41,0.45,1.04,0.74,0.59,0.52,0.6,0.83,0.48,0.62,0.81,0.98,0.63,NA,0.91,1,0.81,0.83,0.87,1.09,0.45,0.89,0.95,0.88,0.36,1.03,0.87,0.76,0.66,0.55,1.02,1.2,1.07,0.75,1.08,1.32,1.06,1.53,0.68,1.01,0.72,1.07,1.1,0.7,0.58,0.72,0.4,0.94,0.58,0.34,0.47,0.38,0.63,1.13,1.19,0.48,1.6,0.3,0.54,0.56,1,0.63,0.56,0.5,1.24,0.3,0.2,0,0.62,0.77,0.2,0.35,1.2,0.57,0.31,0.64,0.62,0,1.11,0.91,0.6,0.39,0.84,0.98,0.37,1.15,0.32,0.34,0.06,0.8,0.14,0.46,0.28,0.23,0.45,0.38,1.43,1.27,0.21,0.45,0.52,0.38,0.5,0.58,0.96,0.27,0.36,0.7,0.45,0.32,0.51,0.32,0.09,NA,0.32,0.85,0.13,0.37,0.28,0,0.57,0.36,0.19,0.13,0.23,0.29,0.44,0.13,0.16,0.48,0.44,0.2,0.31,0.21,0.15,0.6,0.87,0.86,0.9,1.33,0.26,0.74,0.43,0.5,0.46,0.79,0.65,0.81,1.08,0.59,0.08,0.44,0.02,0.1,0.14,0.39,0.26,0.34,0.45,0.37,0.36,0.68,0.62,0.7,1.43,2.43,2.53,1.56,1.56,1.18,1.04,1.77,1.72,2.3,1.79,2.19,0.49,0.48,0.34,0.13,0.37,0.35,0.12,0.45,0.4,0.4,0.56,0.28,0.6,0.47,0.47,0.38,0.14,0.68,0.59,0.57,0.44,3.34,1.07,2.01,3.25,2.21,1.57,3.62,1.03,1.56,1.05,1.12,1.5,1.18,1.36,1.37,0.9,1.42,1.48,0.74,0.41,0.47,0.55,0.36,0.57,0.54,0.49,0.54,0.52,0.42,0.6,1.07,1.37,1.05,1.03,1.27,1.21,1.19,1.04,1.72,1.27,0.07,0.13,0.08,0.09,0.5,0.42,0.65,0,0.1,0,0.14,0.5,0.47,0.51,0.6,0.59,0.54,1.86,1.62,2.04,2.03,2.11,2.64,2.66,2.11,0.31,0.46,0.54,0.03,0,0.05,0.06,0.06,0.21,0.17,0.59,0.36,0.22,0.12,0.2,0.52,0.24,0,0.22,0.1,0.24,0.25,0,0.93,1.01,0.93,0.98,0.63,0.59,0.66,0.51,0.25,0.69,0.48,0.5,0,0,0,0,0.15,0.1,0.2,0.67,0.17,0.19,0.1
18:0_percWT,3.26,3.24,1.55,2.68,2.76,3.13,3.1,2.44,3.2,3.19,3.66,3.01,2.94,3.29,2.78,2.98,3.35,3.12,2.52,2.7,2.55,2.71,3.04,2.57,2.58,2.27,2,1.97,2.19,2.18,2.01,2.91,2.26,2.22,2.73,3.33,2.37,2.54,2.85,2.81,2.3,2.12,2.42,2.74,2.61,2.7,2.53,2.7,2.61,2.21,2.13,2.21,2.45,2.85,2.1,2.22,2.16,2.21,2.26,2.45,2.99,2.83,2.44,2.58,3.15,2.57,3.02,2.84,2.53,3.34,NA,2.31,2.69,3.95,2.46,2.62,2.56,NA,2.47,3.62,3.69,NA,3.39,3.95,4.7,3.88,3.68,4.23,3.5,3.47,2.78,5.05,2.84,3.14,5.47,3.25,2.13,3.03,2.82,2.29,2.86,2.76,3.13,3.42,2.62,3.17,3.67,2.28,2.45,2.71,3.25,2.17,3.54,2.3,2.81,2.55,2.55,2.54,2.6,2.66,2.57,2.8,2.65,2.64,2.93,2.6,2.41,2.35,2.29,2.44,2.2,2.47,2.2,2.59,2.31,2.41,2.34,2.78,2.21,2.42,3.61,3.35,3.14,3.21,3.32,3.27,3.17,3.41,3.21,4.39,3.25,3,3.14,3.52,3.17,3.54,3.59,3.99,3.27,3.09,3.74,3.07,3.55,3.2,3.81,3.34,3.79,3.12,3.64,3.95,3.66,2.94,3.23,3.13,3.07,3.15,3.19,2.86,2.91,2.84,5.21,2.91,3.12,3.37,3.34,3.13,3.41,3.05,2.97,2.97,3.52,3.02,3.49,3.09,3,3.2,2.86,3.02,3.14,3.35,3.22,2.58,2.64,4.8,2.91,3.14,2.87,3.08,2.83,3.03,3.33,3.53,2.96,2.61,2.28,3.45,3.01,2.67,2.76,2.99,3.01,3.02,2.81,2.61,2.82,3.03,2.89,2.88,3.2,2.81,2.75,2.8,2.56,2.76,2.65,2.82,2.72,2.42,2.75,2.42,2.44,2.37,2.66,2.95,2.44,2.84,2.48,2.7,2.73,2.1,2.71,2.5,2.45,2.72,2.42,2.61,2.85,2.66,2.47,2.52,2.3,2.25,2.16,2.21,2.42,2.48,2.81,2.15,2.03,2.38,2.46,2.29,2.56,2.97,2.48,2.76,2.25,2.03,2.09,2.2,2.47,2.09,2.4,NA,2.4,2.18,2.08,2.26,2.29,2.36,2.33,2.32,2.47,2.36,2.29,2.33,2.63,2.66,2.61,2.07,2.33,2.28,2.16,2.32,2.14,2.71,2.52,2.57,2.53,3.02,2.85,3.08,2.35,2.29,3.15,3.37,2.25,2.52,2.42,3.09,3.25,2.82,2.96,3.15,2.68,2.87,2.79,3.31,2.61,2.62,2.79,3.06,3.14,3.07,3.52,3.03,3.72,4.2,3.04,3.17,3.56,3.18,3.22,2.9,2.93,2.69,3.09,4.13,2.8,2.96,2.95,3.09,3.05,2.49,3.06,3.31,3.51,3.48,3.91,3.12,2.71,2.76,2.96,3.11,3.13,2.8,2.8,2.39,3.37,2.54,2.65,2.78,2.42,2.71,2.76,2.36,2.9,2.48,2.77,2.3,2.72,3.33,3.82,NA,4.04,2.88,5.93,2.64,2.4,2.81,2.81,2.47,2.59,2.43,2.48,2.48,2.79,3.09,2.51,2.67,3.25,3.36,4.11,4.2,4.4,3.84,2.67,2.82,2.78,2.65,2.72,2.45,2.91,3.25,2.6,2.87,2.81,3.06,2.36,2.38,4.19,2.66,4.32,4.11,4.5,2.36,2.35,3.19,2.51,2.62,2.44,2.87,3.24,2.82,3.02,2.82,2.8,3.01,4.16,3.08,3.05,2.21,2.91,2.45,3.19,2.56,2.27,2.54,2.61,3.4,2.68,2.97,3.96,2.47,2.92,2.6,3.22,3.28,2.58,2.73,2.77,3.03,3.06,2.66,2.68,2.84,2.58,2.93,3.37,3.49,3.02,2.42,3.44,2.7,2.85,2.61,2.78,2.7,2.14,2.47,2.06,2.31,3.27,3.1,3.5,4.26,2.51,2.48,2.65,2.53,2.91,2.66,2.59,2.51,2.66,2.44,2.86,2.58,2.38,2.47,2.9,2.56,2.95,2.52,3.11,2.58,2.98,4.16,4.22,4.49,3.76,2.94,2.87,2.88,3.94,3.61,3.92,3.36,3.29,3.23,3.19,2.84,3.45,2.77,3.07,3.46,2.73,2.72,3,3.02,2.77,2.96,3.32,2.57,2.92,4.26,4.45,4.47,4.16,3.8,4.09,3.78,3.54,3.28,2.91,4.05,3.28,4.13,3.59,4.2,3.51,3.9,3.78,3.61,3.31,3.19,3.22,3.6,3.58,3.4,3.9,3.72,3.45,4.41,3.15,3.86,3.47,5.65,4.8,5.06,4.14,3.71,3.57,3.38,4.05,3.39,3.53,3.82
18:1w11?_percWT,0.45,0.56,0.06,0.15,0.41,0.41,0.4,0.29,0.34,0.2,0.41,0.26,0.4,0.52,0.28,0.26,0.49,0.56,0.44,0.34,0.39,0.33,0.4,0.39,0.32,0.36,0.24,0.23,0.34,0.4,0.34,0.76,0.46,0.5,0.36,0.37,0.42,0.31,0.57,0.33,0.35,0.45,0.33,0.23,0.55,0.42,0.33,0.28,0.33,0.3,0.26,0.34,0.46,0.2,0.41,0.3,0.29,0.27,0.27,0.25,0.34,0.2,0.45,0.48,0.37,0.49,0.27,0.52,0.41,0.38,NA,0.59,0.39,0.71,0.74,0.6,0.5,NA,0.37,0.48,0.33,NA,0.26,0.61,0.34,0.38,0.22,0.34,0.56,0.44,0.57,0.39,0.45,0.35,0.32,0.35,0.25,0.35,0.77,0.3,0.42,0.46,0.38,0.52,0.49,0.19,0.32,0.18,0.46,0.31,0.24,0.19,0.49,0.44,0.44,0.4,0.36,0.33,0.56,0.6,0.49,0.38,0.94,0.69,0.31,0.67,1.16,0.2,0.3,0.25,0.47,0.32,0.41,0.27,0.59,0.29,0.27,0.3,0.4,0.5,0.58,0.5,0.66,0.58,0.27,0.53,0.57,0.56,0.44,0.32,0.76,0.59,0.5,0.4,0.48,0.53,0.48,0.31,0.38,0.53,0.67,0.37,0.59,0.29,0.74,0.34,0.29,0,0.64,0.38,0.48,0.27,0.54,0.49,0.48,0.46,0.34,0.63,0.4,0.55,0.57,0.72,0.44,0.41,0.64,0.39,0.62,0.28,0.72,0.72,0.78,0.36,0.57,0.56,0.39,0.64,0.26,0.3,0.33,0.57,0.36,0.19,0.28,1.09,0.24,0.34,0.45,0.38,0.52,0.34,0.75,0.6,0.18,0.23,0.32,0.4,0.62,0.3,0.59,0.41,0.29,0.32,0.37,0.22,0.24,0.53,0.33,0.3,0.52,0.21,0.1,0.12,0.16,0.23,0.43,0.34,0.15,0.25,0.26,0.29,0.28,0.15,0.31,0.34,0,0.17,0.14,0.14,0.33,0.21,0.53,0.18,0.33,0.22,0.32,0.12,0.5,0.34,0.33,0.23,0.23,0.44,0.26,0.27,0.26,0.23,0.27,0.23,0.27,0.33,0.31,0.32,0.3,0.29,0.23,0.22,0.26,0.24,0.26,0.21,0.22,0.21,0.43,NA,0.3,0.18,0.45,0.19,0.28,0.23,0.27,0.3,0.28,0.3,0.25,0.27,0.11,0.18,0.22,0.5,0.22,0.31,0.28,0.35,0.26,0.53,0.27,0.28,0.38,0.36,0.33,0.21,0.31,0.31,0.39,0.89,0.73,0.22,0.35,0.89,0.59,1.63,0.44,0.51,0.19,0.54,0.17,0.33,0.52,0.27,0.26,0.56,0.32,0.42,0.17,0.37,0.3,0.32,0.3,0.24,0.37,0,0.19,0.2,0.27,0.31,0.44,0.29,0.25,0.23,0.5,0.42,0.18,0.24,0.12,0,0.57,0.45,0.25,0.43,0.31,0.17,0.33,0,0.54,0.43,0.22,0.19,0.36,0.41,0.56,0.54,0.4,0.33,0.47,0.19,0.46,0.36,0.54,0.19,0.51,0.59,0,NA,0,0.42,0,0.36,0.49,0.31,0.29,0.41,0.47,0.3,0.36,0.38,0.37,0.49,0.42,0.47,0.39,0,0,0,0.45,0,0.53,0.45,0.52,0.36,0.57,0.35,0.32,0.29,0.41,0.39,0.41,0.33,0.47,0.33,0,0.47,0.38,0.42,0.3,0.66,0.06,0.08,0.41,0.47,0.49,0.54,0.8,0.53,0.37,0.33,0.41,0.35,0.49,0.5,0,0.3,0.35,0.41,0.4,0.33,0.44,0.28,0.47,0.23,0.31,0.41,0,0.3,0.57,0.54,0,0,0.46,0,0,0.46,0.39,0.5,0.36,0.43,0.46,0.21,0.24,0.2,0.23,0.23,0.36,0.14,0.51,0.33,0.47,0.37,0.36,0.46,0.41,0.33,0.63,0.34,0.28,0.43,0.44,0.36,0.43,0.46,0.47,0.4,0.39,0.17,0.43,0.3,0.28,0.46,0.34,0.45,0.39,0,0.45,0.46,0.48,0.28,0.31,0,0,0,0,0.56,0,0.46,0,0,0,0.29,0.53,0.52,0.44,0.44,0,0.44,0.33,0.31,0.33,0.43,0.29,0.19,0.31,0.26,0.75,0.34,0.47,0.98,1.27,1.11,0.79,0.83,0.7,0.83,0.56,0.67,0.45,0.66,0.42,0.18,0.42,0.34,0.44,1.07,0.64,0.7,0.72,0.41,0.55,0.51,0.45,0.58,0.53,0.51,0.5,0.35,0.38,0.33,0.59,0.45,0.9,0.85,0.72,0.57,0.38,0.54,0.55,0.46,0.72,0.88
18:1w9_percWT,12.57,13.06,4.9,11.89,10.01,7.48,8.2,6.14,6.26,11.87,13.58,8.1,7.79,7.84,13.17,12.28,14.84,8.87,11.59,10.38,9.41,10.65,9.85,12.21,9.75,11.19,12.37,14,9.74,9.38,10.23,6.97,7.62,9.5,8.85,7,5.52,7.9,9.68,11.84,9.13,9.16,8.49,12.17,8.17,9.78,8.77,11.01,10.86,8.67,11.51,9.89,10.85,13.06,8.04,11.95,11.96,12.22,11.43,13.2,13.8,11.46,6.71,9.05,13.54,8.18,15.64,13.26,11.04,9.14,NA,8.18,7.89,8.5,5.49,4.12,5.9,NA,10.47,8.06,10.87,NA,8.87,10.01,7.8,8.34,12.37,6.66,9.36,8.02,10.07,7.1,9.17,9.25,6.42,9.66,11.32,4.31,8.05,12.43,8.45,10.77,10.05,6.35,5,0,10.53,11.85,12.15,10.7,0,11.19,6.8,9.65,8.63,11.01,11.24,9.2,10.06,9.83,10.6,11.85,6.05,7.18,10.77,6.73,5.61,11.6,8.77,10.33,10.12,7.61,10.13,10,9.28,9.92,7.88,10.72,9.29,10.41,6.96,10.3,9.36,9.96,12.33,8.27,9.57,9.27,7.9,7.12,9.27,9.5,7.15,6.48,10.28,7.45,8.75,11.01,9.27,8.9,7.08,7.97,10.16,8.62,9.41,7.13,8.52,14.21,9.88,7.63,7.31,9.67,9.1,9.22,8.38,9.61,12.27,8.41,9.63,7.1,6.16,8.44,9.62,9.22,6.62,7.97,8.11,8.08,5.84,7.23,7.07,7.81,7.7,7.41,8.78,7.41,9.18,10.62,7.03,9.05,10.77,10.09,10.16,4.7,6.41,7.93,8.49,10.69,10.54,10.55,11.74,6,14.66,11.18,8.05,15.4,8.89,8.88,6.94,8.93,11.72,9.41,11.21,10.59,11.09,9.39,10.66,9.81,12.22,6.73,11.58,12,11.97,12.05,10.73,11.82,12.28,8.18,9.76,8.45,7.46,7.96,6.64,8.94,10.86,12.04,10.99,11.6,5.86,6.47,7.96,8.99,7.83,10.94,8.75,11.46,9.45,9.2,7.72,10.16,6.61,7.19,10.13,9.91,9.66,10.53,11.52,9.37,3.81,11.04,6.8,4.5,7.84,11.59,9.03,12.59,8.1,8.2,6.31,7.32,9.5,6.75,6.73,NA,8.29,7.99,6.97,7.68,6.17,7.45,4.75,9.29,6.69,6.99,6.52,8.02,12.55,10.39,11.31,7.52,6.6,7.43,7.6,7.75,7.13,8.14,5.16,5.47,6.57,4.69,7.36,6.5,6.38,7.97,4.64,10.76,7.38,7.04,9.77,6.05,10.96,5.38,7.31,10.41,6.85,10.38,6.68,9.06,7.16,8.63,8.91,9.35,8.38,7.6,0,7.76,5.84,8.6,4.58,9.83,10.46,13.87,11.46,9.69,8.02,7.32,5.94,8.74,8.07,10.08,8.69,6.06,8.22,5.03,8.16,12.96,5.18,8.76,10.61,9.85,10.58,10.13,10.34,12.37,6.58,8.78,5.98,8.16,11.48,9.64,8.88,10.52,10.83,8.47,9.18,13.03,11.86,10.49,10.43,13.38,7.15,6.21,10.93,NA,6.58,8.34,9.51,10.4,9.96,9.77,8.51,8.37,9.46,8.01,7.94,8.38,9.82,11.58,9.87,7.23,11.46,7.61,6.82,7.66,11.33,7,8.22,9.47,11.38,9.3,8.08,9.86,10.38,11.53,8.38,9.89,8.07,9.41,8.29,13.97,7.73,9.19,15.34,15.04,13.52,14.78,9.09,14.51,13.06,14.79,12.98,10.59,10.14,10.6,10.14,9.91,11.17,9.19,16.92,10.32,7.36,9.44,7.62,9.38,9.89,9.14,11.39,11.33,9.94,9.51,8.6,8.45,10.79,11.6,9.57,8.64,7.74,8.86,9.31,8.62,7.76,10.37,9.88,8.93,8.03,8.26,8.7,10.03,10.14,13.56,9.62,9.48,10.87,9.37,8.05,10.24,8.83,8.94,8.04,7.65,6.74,10.46,11.96,9.8,12.58,13.83,13.31,15.42,13.37,13.4,13.62,13.49,15.16,14.99,11.88,13.38,0,8.51,7.42,8.48,11.49,7.53,9.3,9.14,8.89,7.17,8.34,7.99,8.67,8.45,7.93,12.09,7.89,9.11,9.42,9.8,8.35,9.21,8.82,9.23,9.66,8.87,5.51,9.54,10.23,11.53,8.13,10.27,10.11,10.88,8.8,11.03,9.32,14.68,11.71,9.36,9.76,9.25,11.98,9.81,6.41,7.94,7.68,7.6,11.22,9.15,9.57,7.36,8.33,8.11,7.55,8.65,9.74,8.29,2.58,7.5,7.45,8.8,9.51,10.1,11.08,9.7,8.98,7.02,8.98,9.31,8.05,9.25,8.71,9.54,9.06,9.31,14.88,12.91,8.84,11.39,11.5,9.26
18:1w7_percWT,9.33,8.19,1.65,6.63,7.93,6.72,8.84,9.3,6.38,7.12,7.15,7.4,6.59,5.8,9.19,8.96,7.95,7.99,4.7,8.07,6.91,7.69,8.3,7.58,7.48,8.74,8.81,9.2,9.25,9.78,9.36,7.34,7.08,6.46,6.89,8.43,4.83,6.17,7.12,7.02,9,6.84,6.4,9.38,6,8.68,6.7,8.67,9.1,7.85,9.19,10.22,7.91,9.74,6.77,10.03,9.15,10.92,9.63,10.49,8.63,10.14,6.8,7.81,8.21,6.12,8.75,9.07,8.89,11.99,NA,6.25,8.05,7.45,7.33,3.86,5.2,NA,6.37,8.09,7.21,NA,10.77,7.22,7.6,6.81,7.82,8.25,7.16,7.97,8.42,9.15,8.46,9.96,6.23,8.15,8.03,5.83,8.83,10.38,8.57,10.62,8.65,7.12,7.48,8.95,6.12,9.86,9.36,9.07,9.88,9.52,7.87,9.22,7.14,8.03,8.17,7.72,7.89,8.66,7.5,8.02,7.72,6.63,9.12,7.59,8.83,8.06,9,8.34,8.35,9.21,8.69,7.81,7.5,9.66,8.9,9.1,7.11,7.09,8.7,8.58,7.62,8.39,9.74,9.32,9.86,9.39,8.16,9.34,9.22,9.89,7.94,6.82,8.35,8.88,8.63,7.39,7.03,6.71,7.34,7.29,9.44,6.9,7.74,6.5,6.37,8.73,9.65,8.62,7.16,9.05,9.52,8.08,8.43,8.38,7.84,8.07,9,9.15,9.64,5.99,8.82,7.42,7.34,6.9,7.45,7.42,6.17,6.76,7.41,8.67,9.06,7.85,9.92,7.97,9.6,9.45,7.68,8.36,6.88,6.99,7.41,5.02,4.59,6.7,7.22,8.99,7.51,10.07,7.59,6.39,9.75,7.41,6.82,8.42,7.5,10.33,6.42,7.39,7.17,9.12,8.36,10.49,10.72,7.7,6.98,10.93,9.53,7.16,7.52,7.34,7.59,6.97,6.8,6.59,7.3,6.98,7.16,7.6,7.05,7.14,7.37,6.68,7.24,8,6.3,7.26,6.64,6.17,6.64,7.77,8.32,6.69,7.18,6.89,7.76,6.99,6.39,7.06,8.56,7.08,7.73,7.88,8.29,8.2,9.96,8.07,8.91,7.99,7.71,8.54,6.36,8.76,9.06,10.21,8.99,6.96,7.12,9.56,9.75,8.54,8.62,NA,8.8,9.37,8.74,9.29,8.41,8.83,8.9,7.73,8.36,7.21,9.04,8.89,9.28,8.72,9.1,7.75,9.47,8.94,9.55,10.04,9.87,8.13,9.06,8.43,9.85,9.1,8.57,7.64,9.16,8.71,8.02,8.81,8.94,10.02,9.37,8.48,8.59,9.26,8.13,8.21,6.79,8.61,7.91,10.73,8.23,10.36,7.88,8.53,7.61,9.12,8.5,9.28,8.85,9.9,4.16,6.32,9.44,9.25,8.97,8.09,8.23,8.21,7.71,9.9,6.84,7.75,6.41,6.43,7.36,4.65,6.2,8.75,6.32,7.53,7.79,6.06,8.22,7.86,8.5,7.55,6.4,7.29,5.26,4.85,8.45,8.64,6.55,8.02,8.01,6.88,7.62,4.38,9.36,7.89,8.51,4.42,7.99,6.78,10.19,NA,8.63,6.6,10.85,9.35,9.08,9.22,5.75,8.45,8.67,9.11,9.6,9.8,7.83,8.97,8.4,9.01,7.49,10.48,7.49,7.65,13.52,9.25,6.39,6.91,7.54,6.39,7.59,5.87,6.82,6.95,6.72,6.48,6.5,6.51,6.13,8.05,9.36,8.45,6.89,5.64,4.96,7.65,2.63,4.4,8.39,7.89,7.65,8.27,10.57,7.57,7.07,7.33,7.51,8.89,9.54,8.82,7.03,7.53,7.76,7.72,8.89,7.41,9.08,7.49,8.51,6.7,6.52,7.62,7.41,7.45,9.15,9.39,8.08,7.1,8.81,8.3,8.27,7.61,7.19,7.72,7.24,7.51,6.96,6.21,7.19,8.46,6.28,7.28,7.62,6.56,7.5,7.36,6.15,7.19,5.87,6.26,5.49,8.06,8.68,9.18,9.29,11.93,8.55,8.87,8.34,8.83,8.18,7.55,8.42,7.13,8.18,8.77,9.45,7.26,7.03,7.79,7.8,6.75,7.05,7.7,6.78,6.41,6.41,8.37,10.13,9.09,10.05,8.82,5.97,7.1,9.45,9,7.73,8.44,7.2,7.57,7.42,6.73,6.59,8.92,8.48,9.02,8.45,8.18,9.32,8.42,8.74,8.43,7.96,8.51,7.9,5.78,7.34,6.08,5.98,5.71,7.47,7.7,7.42,7.58,8.45,7.17,9.68,7.36,7.88,8.96,8.6,7.7,7.72,7.35,3.38,8.67,8.19,8.01,8.42,8.23,9.28,8.47,8.31,8.76,8.71,7.85,8.42,8.52,6.66,7.59,8.61,8.53,8.23,8.22,7.1,8.34,8.22,7.12
18:1w6?_percWT,0.56,0.75,0.69,0.77,0.82,0.82,0.85,0.39,0.57,0.68,0.7,0.83,0.71,0.53,0.87,0.5,0.91,0.86,0.76,0.54,0.59,0.5,0.48,0.55,0.49,0.42,0.37,0.4,0.34,0.42,0.4,0.29,0.35,0.41,0.44,0.67,0.32,0.45,0.61,0.36,0.33,0.4,0.41,0.39,0.39,0.42,0.37,0.45,0.38,0.35,0.35,0.39,0.54,0.38,0.34,0.41,0.34,0.37,0.38,0.4,0.44,0.45,0.4,0.37,0.38,0.4,0.58,0.47,0.6,0.87,NA,0.27,0.43,0.68,0.36,0.22,0.24,NA,0.48,0.96,0.76,NA,0.82,1.15,1.05,0.98,0.88,0.99,0.45,0.61,0.72,0.96,0.67,0.72,0.87,0.83,0.85,0.63,0.59,0.62,1.3,0.75,0.89,0.78,1.86,0.56,0.58,0.43,0.68,0.6,0.44,0.45,1.15,0.44,0.33,0.59,0.45,0.54,0.51,0.59,0.5,0.5,0.45,0.35,0.69,0.61,0.5,0.42,0.47,0.43,0.51,0.42,0.56,0.47,0.44,0.34,0.33,0.45,0.55,0.51,0.71,0.74,1.12,0.79,0.5,0.64,0.91,0.86,0.57,1.16,1.05,0.85,0.82,0.55,0.96,0.79,0.69,0.56,0.54,0.75,0.89,0.53,0.79,0.5,0.92,0.51,0.47,0.56,0.83,0.83,1.01,0.67,0.58,0.56,0.61,0.64,0.65,0.84,0.88,0.69,1.11,0.75,0.62,0.89,1.12,0.52,0.6,1.04,0.92,0.86,1,0.53,0.82,0.92,0.56,0.69,0.47,0.6,0.57,0.69,0.92,0.48,0.49,0.78,0.73,0.51,0.55,0.66,0.5,0.62,0.83,0.55,0.65,0.52,0.49,0.75,0.71,0.55,0.48,0.53,0.81,0.73,0.59,0.58,0.58,0.52,0.55,0.61,0.88,0.49,0.42,0.5,0.54,0.65,0.67,0.53,0.56,0.51,0.48,0,0.11,0,0.1,0.08,7.24,0.5,0.54,0.55,0.14,0.46,0.55,0.41,0.42,0.64,0.54,0.52,0.63,0.57,0.63,0.5,0.38,0.36,0.38,0.37,0.37,0.46,0.42,0.46,0.35,0.45,0.57,0.6,0.34,0.37,0.41,0.49,0.39,0.29,0.46,0.41,0.4,0.37,0.39,NA,0.33,0.35,0.35,0.41,0.39,0.32,0.38,0.36,0.38,0.35,0.51,0.31,0.4,0.38,0.43,0.37,0.34,0.3,0.35,0.4,0.46,0.41,0.49,0.38,0.5,0.48,0.48,0.47,0.49,0.49,0.53,0.58,0.56,0.43,0.49,0.62,0.49,0.51,0.53,0.51,0.43,0.53,0.41,0.67,0.59,0.53,0.37,0.37,0.61,0.67,0.39,0.72,0.62,0.95,0.42,0.41,0.87,0.5,0.52,0.7,0.73,0.49,0.33,1.02,0.29,0.86,0.6,0.49,0.46,0.62,0.6,0.46,0.6,0.67,0.93,0.41,0.75,0.65,0.53,0.67,0.49,0.53,0.74,0.27,0.64,0.44,0.47,0.53,0.46,0.44,0.38,0.67,0.6,0.45,0.56,0.66,0.44,0.7,0,NA,0,0.38,0,0.7,0.71,0.62,0.28,0.59,0.68,0.73,0.79,0.79,0.58,0.86,0.82,0.4,0.67,0.85,0,0,0.99,0,0.43,0.31,0.46,0.24,0.58,0.36,0.4,0.35,0.45,0.39,0.33,0.36,0.37,0.36,0,0.45,0.86,0.78,0.64,0.45,0.84,0.74,0.47,0.46,0.38,0.74,0.64,0.69,0.62,0.51,0.48,0,0.53,0.61,0,0.78,0.05,0.62,0.71,0.53,0.72,0.69,0.76,0.93,0.78,0.75,0,0.73,0.78,0.09,0,0,0.89,0,0,0.71,0.71,0.72,0.55,0.63,0.65,0.42,0.71,0.41,0.48,1.1,0.68,0.42,0.41,0.35,0.34,0.38,0.39,0.28,0.31,0.54,0.6,0.49,0.64,0.71,0.4,0.39,0.45,0.4,0.38,0.37,0.37,0.31,0.48,0.41,0.43,0.56,0.46,0.48,0.59,0,0.49,0.59,0.47,0.42,0.45,0,0,0,0,0.53,0,0,0,0,0,0,0.33,0.31,0.3,0,0,0.47,0.04,0.43,0.48,0.74,0.04,0.38,0.3,0.59,1,0.43,0.49,0.65,0.89,0.81,0.6,0.64,0.81,0.96,0.74,0.8,0.57,0.72,0.79,0.51,0.71,0.83,0.72,0.81,0.67,0.74,0,0.62,0.55,0.63,0.6,0.64,0.65,0.85,0.62,0.98,0.66,0.69,0.94,1.07,0.91,0.86,0.97,0.77,0.87,0.59,0.7,0.72,0.76,0.87
18:1w5?_percWT,0.19,0.24,0,0.14,0.13,0.34,0.3,0.2,0,0.27,0.25,0.33,0.27,0.35,0.43,0.2,0.27,0.21,0.1,0.21,0.21,0.21,0.14,0.22,0.14,0.1,0.09,0.09,0.08,0.09,0.09,0.08,0.07,0.07,0.07,0.13,0.05,0.07,0.09,0.07,0.09,0.06,0.07,0.07,0.07,0.08,0.06,0.08,0.07,0.06,0.06,0.09,0.08,0.08,0.05,0.08,0.06,0.07,0.08,0.08,0.08,0.09,0.06,0.07,0.07,0.06,0.13,0.09,0.09,0.11,NA,0.05,0.07,0.13,0.05,0.05,0.05,NA,0.08,0.18,0.21,NA,0.18,0.18,0.23,0.22,0.19,0.21,0.1,0.11,0.09,0.21,0.17,0.18,0.17,0.2,0.17,0.12,0.1,0.09,0.16,0.15,0.2,0.17,0.1,0.31,0.08,0.1,0.1,0.1,0.1,0.08,0.19,0.1,0.05,0.09,0.09,0.07,0.08,0.08,0.09,0.09,0.05,0.06,0.1,0.09,0.05,0.06,0.08,0.08,0.11,0.06,0.13,0.07,0.06,0.06,0.05,0.08,0.06,0.08,0.26,0.27,0.4,0.29,0.2,0.26,0.33,0.29,0.28,0.39,0.34,0.29,0.18,0.26,0.33,0.35,0.3,0.29,0.25,0.16,0.35,0.26,0.31,0.25,0.3,0.24,0.26,0.21,0.29,0.32,0.42,0.2,0.43,0.49,0.11,0.29,0.24,0.26,0.28,0.12,0.26,0.13,0.47,0.46,0.33,0.27,0.56,0.37,0.27,0.27,0.29,0.17,0.26,0.25,0.13,0.66,0.11,0.13,0.13,0.52,0.14,0.24,0.16,0.2,0.2,0.23,0.25,0.15,0.23,0.14,0.25,0.24,0.13,0.27,0.21,0.23,0.34,0.09,0.18,0.29,0.1,0.13,0.17,0.1,0.13,0.23,0.28,0.13,0.26,0.11,0.2,0.23,0.28,0.3,0.34,0.23,0.23,0.14,0.14,0.38,0.45,0.45,0.48,0.51,0,0.28,0.19,0.29,0.55,0.07,0.26,0.12,0.21,0.25,0.13,0.24,0.27,0.25,0.25,0.14,0.13,0.07,0.09,0.09,0.08,0.13,0.12,0.08,0.12,0.11,0.3,0.28,0.06,0.09,0.21,0.12,0.14,0.08,0.28,0.2,0.08,0.07,0.08,NA,0.07,0.07,0.07,0.09,0.07,0.07,0.1,0.06,0.08,0.07,0.09,0.07,0.08,0.09,0.09,0.07,0.07,0.06,0.07,0.08,0.07,0.08,0.09,0.07,0.11,0.09,0.08,0.08,0.08,0.09,0.1,0.09,0.08,0.1,0.07,0.09,0.07,0.06,0.07,0.08,0.06,0.1,0.06,0.12,0.07,0.09,0.05,0.06,0.07,0.07,0,0.15,0.09,0.2,0.06,0.06,0.37,0,0,0.07,0.08,0.06,0.04,0.17,0.05,0,0.05,0.07,0,0.04,0.05,0,0.08,0.07,0,0.05,0.07,0,0.06,0.07,0.05,0.06,0.06,0.04,0,0.09,0.1,0.1,0.09,0.08,0.08,0.09,0.17,0.09,0.12,0.09,0.13,0.22,0.21,NA,0.22,0.08,0.27,0.08,0,0.07,0.07,0,0.07,0.08,0.09,0.12,0.07,0.07,0.07,0.1,0.14,0.28,0,0,0.35,0.22,0.06,0.06,0.07,0.05,0.08,0.05,0.07,0.08,0.06,0.06,0.06,0.07,0.05,0.07,0.28,0.09,0.15,0.12,0.13,0.08,0,0.09,0.08,0.09,0.07,0.16,0.21,0.17,0.15,0.17,0.14,0,0,0.15,0,0.13,0.17,0.18,0.15,0.13,0.16,0.15,0,0,0,0.2,0.31,0.17,0.23,0.2,0,0,0.11,0,0,0.16,0,0.14,0,0.12,0.15,0.11,0.16,0.13,0.13,0.16,0.19,0.11,0,0,0,0,0,0,0,0.1,0.16,0.13,0.16,0.1,0.07,0.07,0.09,0.08,0.09,0.08,0.07,0.07,0.09,0.09,0.08,0,0,0,0.16,0,0,0.16,0,0.16,0.18,0.16,0.21,0.15,0.19,0.11,0.09,0.11,0.2,0.19,0.17,0,0.09,0.1,0.09,0.08,0.11,0.11,0.16,0.17,0.15,0.17,0.16,0.12,0.11,0.11,0.19,0.09,0.09,0.13,0.22,0.27,0.15,0.14,0.22,0.25,0.15,0.15,0.14,0.14,0.12,0.1,0.16,0.23,0.19,0.14,0.12,0.16,0,0.12,0.09,0.11,0.24,0.23,0.22,0.26,0.12,0.23,0.11,0.14,0.25,0.27,0.2,0,0.17,0.22,0.16,0.12,0.25,0.21,0.14,0.26
18:2a_percWT,0.02,0,0,0,0,0,0,0,0,0,0,0,0,0,0,0,0,0,0,0.01,0,0.01,0,0.01,0,0,0,0,0,0,0,0,0,0,0,0,0,0,0,0,0,0,0,0,0,0,0,0,0.01,0,0,0,0,0,0,0,0.02,0,0,0.01,0,0.01,0,0,0,0,0,0,0,0,NA,0,0,0,0,0,0,NA,0,0,0,NA,0,0,0,0,0,0,0,0,0.04,0,0,0,0,0,0,0,0,0.01,0,0,0,0,0,0.04,0,0,0.05,0,0.03,0.06,0,0,0,0,0,0.05,0,0,0,0,0,0,0.06,0,0,0.05,0,0,0,0,0,0,0,0,0,0.04,0,0,0,0,0,0,0.01,0,0,0.07,0.05,0,0,0,0.04,0,0,0,0,0,0,0.05,0,0.05,0.07,0,0.08,0,0,0.07,0.06,0,0,0,0.03,0.04,0.04,0.05,0.05,0,0,0,0,0,0.04,0,0,0,0,0,0,0,0,0,0.05,0.04,0.04,0.04,0.04,0,0,0.05,0,0.01,0,0,0,0,0,0,0,0.05,0,0,0.07,0.01,0,0.07,0,0.05,0,0.03,0,0,0,0.05,0.05,0,0,0.05,0,0,0.03,0.05,0.04,0,0,0,0,0,0.04,0.13,0.25,0.13,0.25,0.24,0,0.04,0.04,0.04,0.31,0,0,0.03,0.03,0.05,0,0.04,0,0.04,0.04,0,0.02,0.02,0.02,0.02,0.03,0.02,0.04,0.03,0.02,0.02,0.04,0.06,0.03,0.03,0.02,0.04,0.02,0.02,0.03,0.03,0.04,0.03,0.02,NA,0.02,0.03,0.02,0.02,0.03,0.03,0,0.02,0.03,0.02,0.03,0.02,0.03,0.03,0.03,0.02,0.02,0.02,0.02,0.03,0.03,0.04,0.03,0.02,0.03,0.03,0.04,0.03,0.03,0.03,0.04,0.05,0.04,0.03,0.03,0.03,0.04,0.05,0.03,0.03,0.02,0.03,0.03,0.03,0.04,0.03,0.04,0.03,0.03,0.04,0.02,0.02,0.03,0.13,0.03,0.03,0.02,0.02,0.03,0.05,0.03,0.05,0.02,0.07,0.02,0.04,0.03,0.04,0.02,0.03,0.04,0.04,0.05,0.04,0.04,0.03,0.03,0.03,0.04,0.05,0.04,0.04,0.04,0.02,0.06,0,0,0,0,0,0,0,0,0,0,0,0,0,0,NA,0,0,0,0,0,0,0,0,0,0,0,0,0,0,0,0,0,0,0,0,0,0,0,0,0,0,0,0,0,0,0,0,0,0,0,0,0,0,0,0,0,0,0,0,0,0,0,0,0,0,0,0,0.02,0,0,0,0,0,0,0,0,0,0,0,0,0,0,0,0,0,0,0,0,0,0,0,0,0,0,0,0,0,0,0,0,0,0,0,0,0,0,0,0,0,0,0,0,0,0,0,0,0,0,0,0,0,0,0,0,0.02,0,0,0,0,0,0,0,0,0,0,0,0,0,0,0,0,0,0,0,0,0,0,0,0,0,0,0,0,0,0,0,0,0,0,0,0,0,0,0,0,0,0,0,0,0,0,0,0.09,0,0,0,0,0,0,0,0,0,0.08,0.06,0,0,0,0,0,0,0,0.05,0,0.06,0,0,0,0,0,0,0,0,0,0,0,0,0,0,0
18:2b_percWT,0,0,0,0,0,0,0,0,0,0,0,0,0,0,0,0,0,0,0,0,0,0,0,0,0,0,0,0,0,0,0,0,0,0,0,0,0,0,0,0,0,0,0,0,0,0,0,0,0,0,0,0,0,0,0,0,0,0,0,0,0,0,0,0,0,0,0,0,0,0,NA,0,0,0,0,0,0,NA,0,0,0,NA,0,0,0,0,0,0,0,0,0,0,0,0,0,0,0,0,0,0,0,0,0,0,0,0,0,0,0,0,0,0,0,0,0,0,0,0,0,0,0,0,0,0,0,0,0,0,0,0,0,0,0,0,0,0,0,0,0,0,0,0,0,0,0,0,0,0,0,0,0,0,0,0,0,0,0,0,0,0,0,0,0,0,0,0,0,0,0,0,0,0,0,0,0,0,0,0,0,0,0,0,0,0,0,0,0,0,0,0,0,0,0,0,0,0,0,0,0,0,0,0,0,0,0,0,0,0,0,0,0,0,0,0,0,0,0,0,0,0,0,0,0,0,0,0,0,0,0,0,0,0,0,0,0,0,0,0,0,0,0,0,0,0,0.11,0,0,0,0,0,0,0,0,0,0,0,0,0,0,0,0,0,0,0,0,0,0,0,0,0,0,0,0,0,0,0,0,0,0,0,0,0,0,NA,0,0,0,0,0,0,0,0,0,0,0,0,0,0,0,0,0,0,0,0,0,0,0,0,0,0,0,0,0,0,0,0,0,0,0,0,0,0,0,0,0,0,0,0,0,0,0,0,0,0,0,0,0,0,0,0,0,0,0,0,0,0,0,0,0,0,0,0,0,0,0,0,0,0,0,0,0,0,0,0,0,0,0,0,0,0,0,0,0,0,0,0,0,0,0,0,0,0,0,NA,0,0,0,0,0,0,0,0,0,0,0,0,0,0,0,0,0,0,0,0,0,0,0,0,0,0,0,0,0,0,0,0,0,0,0,0,0,0,0,0,0,0,0,0,0,0,0,0,0,0,0,0,0,0,0,0,0,0,0,0,0,0,0,0,0,0,0,0,0,0,0,0,0,0,0,0,0,0,0,0,0,0,0,0,0,0,0,0,0,0,0,0,0,0,0,0,0,0,0,0,0,0,0,0,0,0,0,0,0,0,0,0,0,0,0,0,0,0,0,0,0,0,0,0,0,0,0,0,0,0,0,0,0,0,0,0,0,0,0,0,0,0,0,0,0,0,0,0,0,0,0,0,0,0,0,0,0,0,0,0,0,0,0,0,0,0,0,0,0,0,0,0,0,0,0,0,0,0,0,0,0,0,0,0,0,0,0,0,0,0,0,0,0,0
18:2w6_percWT,0.84,1.03,0.63,0.93,1.06,1.08,1.03,0.76,0.81,0.73,0.68,1.02,0.76,0.83,1.13,0.85,0.91,0.86,0.99,0.93,0.91,0.9,0.94,0.91,0.86,0.71,0.76,0.81,0.75,0.83,0.81,0.54,0.71,0.62,0.55,0.75,0.59,0.63,0.62,0.64,0.74,0.68,0.64,0.79,0.61,0.73,0.63,0.71,0.8,0.69,0.74,0.82,0.59,0.74,0.64,0.83,0.78,0.79,0.83,0.85,0.67,0.83,0.61,0.64,0.64,0.57,0.5,0.62,0.69,0.64,NA,0.59,0.54,0.49,0.59,0.57,0.55,NA,0.53,0.57,0.59,NA,0.7,0.49,0.47,0.63,0.55,0.43,0.7,0.68,0.65,0.59,0.7,0.61,0.5,0.64,0.6,0.36,0.61,0.75,0.55,1.05,0.7,0.63,0.54,0.99,0.54,0.64,0.76,0.77,0.68,0.7,0.6,0.6,0.6,0.62,0.62,0.63,0.65,0.69,0.59,0.62,0.6,0.56,0.74,0.63,0.7,0.54,0.75,0.66,0.84,0.59,0.76,0.57,0.63,0.65,0.63,0.65,0.6,0.56,0.9,0.92,1.08,0.98,0.81,0.88,1.02,0.96,0.83,0.7,0.98,0.95,1.33,0.74,0.87,1.03,0.88,0.78,0.72,1.19,0.98,0.72,0.95,0.68,0.95,0.78,0.68,0.87,1.06,0.85,0.87,1.03,0.89,0.89,1.18,0.91,0.81,0.96,0.99,1.08,0.69,0.84,0.86,0.99,0.85,0.77,0.87,0.87,0.64,0.93,0.89,0.98,0.97,0.96,1.1,1.06,1.12,1.03,1.39,0.89,1.06,0.85,0.84,0.68,0.56,0.72,0.81,1.13,0.72,1.01,0.9,0.74,1.06,0.8,0.75,0.96,0.9,0.91,0.67,0.77,0.88,0.95,1.03,0.94,0.98,0.74,0.81,0.94,1.06,0.82,0.71,0.79,0.81,0.87,0.89,0.79,0.76,0.86,0.86,0.92,0.68,0.85,0.68,0.75,0,0.89,0.68,0.84,0.77,0.73,0.7,0.8,0.63,0.84,0.79,0.79,0.87,0.76,0.76,0.84,0.76,0.67,0.73,0.73,0.77,0.83,0.76,0.79,0.73,0.77,0.75,0.66,0.61,0.82,0.82,0.93,0.77,0.66,0.68,0.8,0.84,0.67,0.75,NA,0.65,0.75,0.74,0.79,0.71,0.67,0.74,0.67,0.75,0.63,0.75,0.72,0.84,0.86,0.77,0.61,0.69,0.66,0.7,0.79,0.8,0.92,0.96,0.9,0.93,0.91,0.87,0.84,0.9,0.96,0.95,0.89,1.44,0.98,1.02,1.06,0.92,1.07,1.17,0.97,1.06,1,0.82,1.39,1.14,1.01,0.55,0.69,0.86,0.73,0.64,1.41,0.72,0.51,0.61,0.63,1.71,0.99,0.64,0.73,0.69,0.56,0.63,0.54,0.59,0.81,0.57,0.74,0.98,0.5,0.62,0.73,0.69,0.75,0.87,0.67,1.22,0.82,0.88,1.1,0.74,0.94,0.61,0.47,0.7,0.81,0.84,0.9,0.75,0.74,0.77,1.8,1.13,0.82,0.94,1.87,1.2,0.86,0.88,NA,0.82,0.76,1,2.47,2.92,1.94,2.45,3.23,3.25,2.3,3.01,3.33,2.16,2.02,2.16,0.87,0.96,1.07,0.79,0.8,1.39,0.87,0.72,0.85,0.77,0.61,2.08,0.67,1.74,1.21,1.85,0.79,1.03,1.27,0.81,0.68,0.94,0.83,0.97,1.84,1.64,0.76,0.82,0.85,0.75,0.74,0.63,0.8,1.01,0.75,0.64,0.64,0.63,0.52,0.57,0.6,0.63,0.62,0.66,0.66,0.56,0.54,0.69,0.69,0.68,0.74,0.83,0.71,1.15,0.74,0.73,0.72,0.72,0.66,0.8,0.71,0.87,0.68,0.66,0.66,0.75,0.85,0.68,0.49,0.57,0.54,0.53,0.63,0.76,0.5,0.73,0.74,0.57,0.74,0.73,0.67,0.68,0.76,0.68,0.73,0.7,0.77,0.7,0.72,0.78,0.67,0.74,0.71,0.69,0.69,0.77,0.84,0.8,0.74,0.68,0.74,0.71,0.71,0.74,0.68,0.66,0.69,0.71,1.37,1.27,1.5,1.9,0.86,0.76,0.84,1.13,1.21,1.24,1.34,3.24,3.26,3.1,3.17,3.07,0.84,0.71,0.66,0.65,0.74,0.73,0.59,0.77,0.7,0.86,0.72,0.78,1.02,0.95,1.03,1.01,1.17,0.85,0.85,0.99,0.95,0.98,1.06,1.08,0.93,1.01,1.7,0.98,1.07,1.04,1.08,0.47,0.94,0.82,0.81,0.88,0.84,0.87,0.94,0.93,0.79,0.88,0.71,1.03,0.82,0.97,0.73,0.93,0.8,1.08,0.87,0.92,0.87,0.94,0.88
18:2w4_percWT,0.45,0.36,0.3,0.3,0.5,0.55,0.69,0.53,0.77,0.47,0.33,0.57,0.72,0.63,0.67,0.47,0.25,0.38,0.24,0.59,0.39,0.51,0.44,0.36,0.55,0.43,0.41,0.42,0.49,0.48,0.47,0.39,0.46,0.29,0.29,0.53,0.29,0.29,0.28,0.28,0.47,0.28,0.29,0.35,0.32,0.48,0.31,0.35,0.34,0.35,0.38,0.45,0.28,0.34,0.36,0.47,0.41,0.44,0.41,0.47,0.29,0.1,0.45,0.32,0.28,0.29,0.24,0.26,0.31,0.46,NA,0.32,0.48,0.32,0.44,0.32,0.42,NA,0.23,0.38,0.4,NA,0.52,0.22,0.23,0.31,0.24,0.34,0.34,0.43,0.55,0.3,0.49,0.53,0.24,0.47,0.33,0.2,0.5,0.6,0.42,0.69,0.44,0.44,0.55,0.65,0.25,0.47,0.47,0.48,0.45,0.47,0.35,0.49,0.43,0.6,0.54,0.55,0.53,0.55,0.4,0.53,0.48,0.31,0.63,0.5,0.46,0.44,0.54,0.51,0.5,0.56,0.42,0.46,0.47,0.49,0.52,0.5,0.49,0.49,0.7,0.64,0.68,0.61,0.63,0.68,0.69,0.69,0.74,0.41,0.7,0.63,0.63,0.68,0.62,0.76,0.68,0.55,0.49,0.42,0.64,0.66,0.67,0.64,0.62,0.74,0.52,0.19,0.76,0.61,0.63,0.68,0.76,0.75,0.49,0.72,0.15,0.54,0.65,0.49,0.34,0.44,0.73,0.61,0.57,0.73,0.73,0.57,0.55,0.57,0.52,0.82,0.7,0.61,0.76,0.81,0.78,0.72,0.57,0.74,0.34,0.59,0.6,0.4,0.4,0.68,0.63,0.59,0.59,0.12,0.18,0.67,0,0,0.64,0.17,0.61,0,0.63,0.66,0.13,0.55,0.62,0.58,0.56,0.62,0.56,0.56,0.42,0.66,0.52,0.52,0.38,0.35,0.39,0.35,0.35,0.63,0.58,0.68,0.39,0.64,0.4,0.49,0.48,0.58,0.49,0.47,0.63,0.59,0.49,0.64,0.46,0.34,0.58,0.41,0.66,0.52,0.51,0.48,0.48,0.36,0.31,0.41,0.42,0.42,0.49,0.42,0.43,0.44,0.57,0.43,0.3,0.37,0.57,0.52,0.47,0.39,0.43,0.53,0.49,0.47,0.53,NA,0.46,0.5,0.48,0.53,0.52,0.49,0.48,0.32,0.53,0.29,0.57,0.52,0.5,0.54,0.42,0.42,0.5,0.39,0.51,0.53,0.54,0.38,0.59,0.58,0.6,0.6,0.54,0.39,0.53,0.48,0.53,0.4,0.52,0.62,0.57,0.59,0.32,0.61,0.62,0.41,0.45,0.45,0.55,0.58,0.56,0.57,0.38,0.5,0.36,0.52,0.37,0.5,0.44,0.26,0.37,0.28,0.47,0.43,0.47,0.48,0.31,0.53,0.5,0.26,0.45,0.34,0.35,0.53,0.51,0.44,0.27,0.36,0.36,0.42,0.43,0.32,0.42,0.41,0.31,0.27,0.35,0.29,0.34,0.27,0.29,0.38,0.42,0.34,0.3,0.31,0.39,0.14,0.49,0.43,0.48,0.14,0.58,0.5,0.55,NA,0.55,0.52,0.6,0.35,0.45,0.36,0.23,0.35,0.33,0.39,0.41,0.42,0.32,0.58,0.42,0.54,0.52,0.69,0.47,0.44,0.74,0.64,0.34,0.34,0.31,0.35,0.26,0.28,0.2,0.22,0.26,0.29,0.31,0.28,0.34,0.39,0.42,0.54,0.17,0.15,0.15,0.26,0.22,0.2,0.31,0.38,0.26,0.5,0.61,0.31,0.66,0.68,0.6,0.71,0.5,0.7,0.7,0.74,0.64,0.73,0.72,0.66,0.5,0.35,0.46,0.37,0.5,0.6,0.52,0.48,0.56,0.59,0.56,0.45,0.65,0.49,0.64,0.57,0.5,0.58,0.6,0.67,0.51,0.56,0.58,0.54,0.56,0.74,0.63,0.58,0.45,0.47,0.4,0.45,0.54,0.43,0.43,0.53,0.51,0.51,0.48,0.5,0.3,0.39,0.37,0.39,0.4,0.27,0.26,0.23,0.3,0.49,0.32,0.48,0.51,0.53,0.38,0.48,0.53,0.48,0.49,0.51,0.5,0.28,0.42,0.39,0.51,0.45,0.29,0.45,0.32,0.38,0.25,0.37,0.31,0.31,0.28,0.28,0.34,0.5,0.58,0.53,0.61,0.68,0.6,0.56,0.62,0.56,0.42,0.27,0.39,0.23,0.33,0.28,0.22,0.23,0.54,0.51,0.69,0.63,0.54,0.54,0.57,0.66,0.51,0.25,0.66,0.61,0.54,0.59,0,0.8,0.79,0.75,0.82,0.72,0.75,0.73,0.67,0.51,0.73,0.59,0.74,0.27,0.35,0.24,0.34,0.54,0.44,0.36,0.59,0.41,0.4,0.33
18:3w6_percWT,0.16,0.18,0.13,0.21,0.2,0.21,0.19,0.28,0.22,0.15,0.16,0.24,0.16,0.22,0.2,0.2,0.15,0.19,0.13,0.2,0.22,0.21,0.23,0.17,0.19,0.29,0.26,0.26,0.31,0.27,0.26,0.24,0.28,0.25,0.24,0.24,0.28,0.29,0.23,0.21,0.29,0.25,0.28,0.3,0.25,0.26,0.25,0.25,0.29,0.3,0.26,0.3,0.26,0.29,0.28,0.28,0.29,0.27,0.31,0.32,0.26,0.31,0.29,0.3,0.24,0.28,0.2,0.21,0.27,0.21,NA,0.24,0.26,0.19,0.26,0.26,0.26,NA,0.21,0.22,0.2,NA,0.29,0.22,0.31,0.25,0.22,0.27,0.2,0.24,0.17,0.24,0.19,0.2,0.23,0.21,0.2,0.19,0.2,0.2,0.19,0.24,0.18,0.2,0.2,0.22,0.18,0.23,0.22,0.22,0.27,0.22,0.25,0.23,0.25,0.17,0.18,0.21,0.19,0.2,0.17,0.18,0.28,0.27,0.21,0.23,0.29,0.22,0.25,0.23,0.18,0.28,0.21,0.23,0.24,0.25,0.27,0.24,0.23,0.19,0.24,0.21,0.27,0.21,0.19,0.23,0.21,0.25,0.2,0.28,0.21,0.23,0.3,0.2,0.19,0.27,0.2,0.18,0.17,0.25,0.31,0.17,0.21,0.18,0.21,0.24,0.21,0.17,0.23,0.22,0.26,0.2,0.18,0.18,0.3,0.18,0.16,0.25,0.2,0.26,0.22,0.24,0.17,0.25,0.22,0.2,0.17,0.19,0.19,0.22,0.26,0.18,0.24,0.25,0.23,0.18,0.23,0.22,0.27,0.2,0.17,0.19,0.15,0.22,0.15,0.17,0.17,0.21,0.15,0.23,0.18,0.18,0.18,0.09,0.17,0.17,0.22,0.24,0.17,0.17,0.17,0.14,0.11,0.22,0.18,0.17,0.19,0.22,0.27,0,0.19,0.1,0.1,0.17,0.19,0.11,0.12,0.09,0.19,0,0,0,0,0,0.02,0.19,0.11,0.08,0,0.16,0.17,0.19,0.2,0.17,0.08,0.08,0.14,0.19,0.18,0.18,0.23,0.29,0.25,0.26,0.28,0.26,0.31,0.26,0.25,0.24,0.08,0.19,0.23,0.26,0.19,0.29,0.23,0.26,0.17,0.21,0.31,0.23,0.22,NA,0.19,0.23,0.2,0.23,0.22,0.2,0.22,0.25,0.21,0.26,0.2,0.2,0.3,0.3,0.23,0.19,0.21,0.19,0.21,0.2,0.21,0.22,0.25,0.25,0.25,0.28,0.12,0.21,0.25,0.24,0.15,0.09,0.25,0.24,0.23,0.22,0.19,0.24,0.27,0.23,0.23,0.19,0.23,0.24,0.25,0.09,0.21,0.23,0.22,0.22,0.23,0.22,0.11,0.19,0.27,0.19,0.08,0.21,0.22,0.22,0.21,0.19,0.22,0.1,0.22,0.2,0.18,0.18,0.24,0.24,0.17,0.22,0.1,0.17,0.22,0.19,0.09,0.22,0.1,0.07,0.13,0.2,0.24,0.22,0.21,0.2,0.15,0.16,0.21,0.21,0.2,0.11,0.18,0.22,0.18,0.11,0.24,0.19,0.22,NA,0.29,0.21,0.24,0.28,0.28,0.23,0.3,0.32,0.31,0.23,0.28,0.3,0.31,0.21,0.21,0.21,0.23,0.28,0.24,0.18,0.32,0.21,0.19,0.19,0.17,0.18,0.3,0.15,0.31,0.24,0.31,0.18,0.23,0.26,0.2,0.18,0.18,0.23,0.18,0.18,0.18,0.17,0.11,0.13,0.18,0.16,0.15,0.17,0.23,0.24,0.14,0.16,0.17,0.18,0.12,0.15,0.14,0.16,0.19,0.16,0.17,0.16,0.14,0.17,0.14,0.18,0.19,0.16,0.3,0.17,0.19,0.16,0.2,0.19,0.21,0.19,0.26,0.16,0.17,0.19,0.19,0.2,0.17,0.16,0.15,0.15,0.17,0.18,0.2,0.18,0.24,0.24,0.2,0.25,0.25,0.23,0.25,0.2,0.16,0.2,0.18,0.17,0.16,0.2,0.17,0.17,0.17,0.17,0.16,0.17,0.17,0.17,0.19,0.21,0.25,0.23,0.21,0.23,0.24,0.2,0.22,0.25,0.24,0.3,0.32,0.34,0.28,0.2,0.17,0.21,0.2,0.23,0.31,0.21,0.43,0.43,0.42,0.4,0.43,0.25,0.21,0.2,0.23,0.19,0.24,0.22,0.25,0.2,0.21,0.17,0.2,0.24,0.29,0.33,0.24,0.25,0.21,0.25,0.28,0.25,0.26,0.35,0.27,0.4,0.38,0.38,0.3,0.28,0.23,0.29,0,0.19,0.24,0.27,0.19,0.18,0.22,0.21,0.26,0.22,0.22,0.2,0.29,0.18,0.31,0,0.23,0.25,0.26,0.18,0.21,0.18,0.19,0.24
19:0_percWT,0,0,0.01,0,0,0,0,0,0,0,0,0,0,0,0,0,0,0,0,0,0,0,0,0,0,0,0,0,0,0,0,0,0,0,0,0,0,0,0,0,0,0,0,0,0,0,0,0,0,0,0,0,0,0,0,0,0,0,0,0,0,0,0,0,0,0,0,0,0,0,NA,0,0,0,0,0,0,NA,0,0,0,NA,0,0.09,0,0,0.07,0,0,0,0,0,0,0,0,0,0,0,0,0,0,0,0,0,0,0,0,0,0,0,0,0,0,0,0,0,0,0,0,0,0,0,0,0,0,0,0,0,0,0,0.08,0,0.07,0.03,0,0,0,0,0,0,0,0,0,0,0,0,0,0,0,0,0,0,0,0,0,0,0,0,0,0,0,0,0,0,0,0,0,0,0,0,0,0,0,0,0,0,0,0,0,0,0,0,0,0,0,0,0,0,0,0,0,0,0,0,0,0,0,0,0,0,0,0,0,0.16,0,0,0,0,0,0,0,0,0,0,0,0,0,0,0,0,0,0,0,0,0,0,0,0,0,0,0,0,0,0,0,0,0,0,0,0.16,0.1,0.08,0.1,0.1,0.09,0,0,0,0.09,0,0,0,0,0,0,0,0,0,0,0,0,0,0,0,0,0,0,0,0,0,0,0,0,0,0,0,0,0,0,0,0,0,0,NA,0,0,0,0,0,0,0,0,0,0,0,0,0,0,0,0,0,0,0,0,0,0,0,0,0,0,0,0,0,0,0,0,0,0,0,0,0,0,0,0,0,0,0,0,0,0,0,0,0,0,0,0,0,0,0,0,0,0,0,0,0,0,0,0,0,0,0,0,0,0,0,0,0,0,0,0,0,0,0,0,0,0,0,0,0,0,0,0,0,0,0,0.13,0,0,0,0.02,0,0,0,NA,0,0,0,0,0,0,0,0,0.07,0,0,0,0,0,0,0,0,0,0,0,0,0,0,0,0,0,0,0,0,0,0,0,0,0,0,0,0,0,0.38,0.15,0.14,0,0.11,0.1,0,0,0,0.1,0,0,0,0,0,0,0,0,0,0,0,0,0,0,0.1,0,0.07,0,0,0.11,0.14,0,0.09,0,0.09,0,0,0.09,0,0,0,0,0,0,0,0,0,0,0,0,0,0,0,0,0,0,0,0,0,0,0,0,0,0,0,0,0,0,0,0,0,0,0,0,0,0,0,0,0,0,0,0,0,0,0,0,0,0.14,0,0,0,0,0,0,0.23,0,0,0,0,0,0,0,0,0,0,0,0,0,0,0,0,0,0,0,0,0,0,0,0,0,0,0,0,0,0,0,0,0,0,0,0,0,0,0,0,0,0,0,0,0,0,0,0,0,0,0,0,0,0,0,0,0,0,0,0,0
18:3w4_percWT,0.54,0.56,0.05,0,0,0.41,0.4,0.24,0.32,0.33,0.37,0.37,0.24,0.46,0.41,0.32,0.32,0.48,0.37,0.47,0.51,0.49,0.46,0.44,0.45,0.31,0.25,0.26,0.28,0.27,0.29,0.31,0.37,0.3,0.26,0.32,0.31,0.28,0.27,0.27,0.36,0.29,0.32,0.27,0.27,0.35,0.31,0.27,0.21,0.24,0.18,0.28,0.24,0.3,0.27,0.28,0.22,0.2,0.22,0.33,0.26,0.3,0.22,0.22,0.29,0.25,0.25,0.26,0.27,0.27,NA,0.28,0.22,0.45,0.41,0.44,0.35,NA,0.26,0.2,0.21,NA,0.2,0.08,0,0.22,0.18,0.13,0.33,0.29,0.3,0,0.28,0.23,0.12,0.24,0.22,0.13,0.29,0.31,0.19,0.35,0.25,0.27,0,0.5,0.25,0.32,0.37,0.31,0.38,0.36,0.21,0.33,0.24,0.33,0.35,0.32,0.31,0.33,0.31,0.33,0.2,0.26,0.38,0.28,0.18,0.34,0.27,0.26,0.23,0.24,0.28,0.15,0.25,0.21,0.26,0.31,0.31,0.32,0.46,0.5,0,0.56,0.38,0.45,0.65,0.58,0.54,0.3,0,0.59,0.39,0.49,0.62,0.5,0.51,0.41,0.44,0.47,0.51,0.51,0.58,0.45,0.61,0.48,0.4,0.47,0.53,0.43,0.38,0.31,0.41,0.42,0.32,0.53,0.45,0.66,0.33,0.36,0.21,0.53,0.47,0.33,0.61,0.48,0.54,0.44,0.45,0.61,0.55,0.37,0.48,0.61,0.34,0.61,0.34,0.37,0.33,0.5,0.39,0.35,0.27,0.16,0.24,0.3,0.25,0.43,0.27,0.38,0.51,0.22,0.5,0.39,0.27,0.53,0.37,0.33,0.27,0.3,0.33,0,0,0,0,0,0,0,0,0,0,0,0.42,0.42,0,0,0.34,0,0,0.24,0.33,0.22,0.34,0.33,0.32,0.45,0,0.43,0.36,0,0,0.26,0,0.39,0,0.36,0,0,0,0,0,0,0,0,0.32,0,0.34,0,0,0,0,0,0.32,0.34,0,0.33,0,0,0,0,0.34,0,0.25,NA,0.3,0.25,0.26,0.28,0,0.32,0,0.3,0.32,0.34,0,0.29,0.4,0.46,0.27,0.31,0.25,0.31,0.28,0.22,0.24,0.3,0.28,0.27,0.34,0,0.4,0.22,0.32,0.35,0.28,0.4,0.27,0.28,0.36,0.36,0.33,0.36,0.31,0.38,0.4,0.38,0.25,0.3,0.38,0.34,0.27,0.21,0.29,0.29,0.28,0.28,0.24,0.11,0.28,0.29,0.36,0.29,0.2,0.27,0.21,0.35,0.24,0,0.24,0.31,0.29,0.36,0.35,0.34,0.17,0.29,0.34,0.27,0.29,0.24,0.41,0.34,0.39,0.33,0.39,0.44,0.3,0.32,0.33,0.36,0.36,0.38,0.32,0.35,0.48,0,0.38,0.33,0.36,0,0.55,0.35,0.28,NA,0.33,0.49,0.37,0,0.17,0.25,0.25,0.21,0.11,0.15,0.16,0.2,0.26,0.22,0.17,0.44,0,0.4,0.36,0.24,0,0.3,0.47,0.45,0.42,0.44,0.27,0.37,0.3,0.28,0.36,0.37,0.35,0.36,0.47,0.28,0,0.35,0,0,0,0.3,0.09,0.1,0.29,0,0.3,0.29,0.35,0.45,0.37,0.44,0.45,0.39,0.31,0.4,0.4,0.45,0.4,0.47,0.45,0.39,0.27,0.33,0.23,0.22,0.23,0.27,0.18,0.34,0.29,0.44,0.25,0.21,0.38,0.26,0.37,0.41,0.29,0.39,0.3,0.4,0.32,0.37,0.32,0.3,0.36,0.42,0.43,0.41,0.41,0.39,0.36,0.37,0.46,0.43,0.45,0.45,0.35,0.39,0.38,0.3,0,0,0.28,0.31,0,0.28,0.27,0.25,0,0,0.28,0.44,0.35,0.43,0.34,0.38,0.34,0.35,0.39,0.4,0.39,0,0,0,0.22,0,0.32,0.37,0,0.21,0,0.18,0.3,0.29,0.27,0.26,0.3,0,0.37,0.37,0.49,0.52,0.42,0.46,0.45,0.42,0.32,0.29,0.37,0.34,0,0.41,0.36,0.34,0,0,0.37,0.38,0.39,0,0.4,0.38,0.38,0,0,0.44,0.38,0.4,0,0.36,0.37,0.4,0.47,0.52,0.5,0.54,0.35,0,0.4,0.32,0,0,0,0,0,0.32,0.41,0.32,0.44,0,0,0
18:3w3_percWT,0.1,0.12,0.62,0.2,0.31,0.22,0.21,0.07,0.24,0.09,0.18,0.23,0.18,0.09,0.24,0.09,0.22,0.07,0.24,0.04,0.1,0.04,0.1,0.03,0.21,0.19,0.13,0.13,0.09,0.09,0.08,0.05,0.03,0.14,0.14,0.19,0.14,0.16,0.02,0.14,0.04,0.15,0.15,0.09,0.11,0.03,0.16,0.08,0.02,0.14,0.02,0.1,0.12,0.18,0.14,0.1,0.08,0.09,0.04,0.05,0.16,0.07,0.14,0.05,0.01,0.14,0.11,0.07,0.03,0.18,NA,0.12,0.05,0.14,0.05,0.14,0.12,NA,0.05,0.22,0.18,NA,0.09,0.06,0.18,0.15,0.11,0.22,0.05,0.11,0.06,0,0.05,0.05,0.1,0.15,0.08,0.06,0.08,0.08,0.08,0.1,0,0.06,0.1,0.04,0.13,0.16,0.07,0.12,0.17,0.16,0.11,0.11,0.05,0.05,0.06,0.02,0.02,0.08,0.07,0.05,0.04,0.06,0.12,0.15,0.05,0.04,0.15,0.14,0.15,0.12,0.01,0.08,0.12,0.01,0.14,0.05,0.14,0.02,0.1,0.1,0.15,0.11,0.07,0.06,0.14,0.14,0.06,0.17,0.16,0.13,0.13,0.06,0.1,0.13,0.09,0.07,0.2,0.19,0.12,0.17,0.08,0.18,0.11,0.18,0.16,0.11,0.05,0.08,0.12,0.1,0.11,0.06,0.23,0.03,0.07,0.05,0.06,0.12,0.13,0.06,0.06,0.22,0.05,0.2,0.18,0.28,0.07,0.06,0.15,0.07,0.05,0.19,0.09,0.07,0.08,0.15,0.07,0.09,0.03,0.12,0.03,0.06,0.09,0.1,0.1,0.04,0.1,0.06,0.11,0.08,0.03,0.11,0.1,0.12,0.19,0.07,0.13,0.08,0.27,0.06,0.04,0.03,0.03,0.1,0.04,0.04,0.14,0.07,0.03,0.03,0.1,0.1,0.11,0.08,0.09,0.08,0.08,0.13,0.15,0.13,0.15,0.17,0.11,0.04,0.03,0.03,0.16,0.02,0.08,0.03,0.09,0.1,0.07,0.08,0.12,0.09,0.04,0.07,0.08,0.02,0.09,0.08,0.09,0.11,0.06,0.08,0.07,0.09,0.03,0.08,0.05,0.03,0.09,0.06,0.08,0.07,0.07,0.09,0.1,0.06,0.09,NA,0.07,0.09,0.08,0.09,0.08,0.06,0.11,0.06,0.07,0.05,0.13,0.08,0.03,0.03,0.1,0.07,0.07,0.06,0.07,0.11,0.09,0.05,0.07,0.06,0.12,0.08,0.08,0.05,0.08,0.09,0.11,0.07,0.07,0.08,0.09,0.09,0.07,0.06,0.02,0.01,0.3,0.07,0.2,0.2,0.1,0.1,0.04,0.02,0.02,0.03,0.05,0.18,0.16,0.04,0.09,0.01,0.2,0.1,0.01,0.09,0.06,0.05,0.05,0.03,0.01,0.02,0.05,0.07,0.05,0.15,0.02,0.04,0.13,0.09,0.15,0.01,0.16,0.02,0.1,0.31,0.07,0.08,0.01,0.13,0.08,0.1,0.19,0.16,0.1,0.23,0.15,0.66,0.06,0.12,0.1,0.96,0.09,0.2,0.27,NA,0.24,0.14,0.26,0.22,0.2,0.21,0.2,0.25,0.21,0.19,0.22,0.22,0.23,0.2,0.2,0.07,0.17,0.29,0.18,0.32,0.35,0.25,0.14,0.14,0.14,0.12,0.19,0.12,0.16,0.11,0.18,0.12,0.14,0.14,0.12,0.17,0.21,0.19,0.24,0.61,0.57,0.14,0.28,0.29,0.14,0.17,0.15,0.17,0.13,0.14,0.1,0.12,0.1,0.14,0.1,0.12,0.14,0.11,0.14,0.13,0.12,0.11,0.15,0.17,0.16,0.17,0.21,0.19,0.26,0.19,0.15,0.16,0,0.16,0.16,0,0.22,0.16,0.11,0.15,0.21,0.14,0.16,0.1,0.14,0.09,0.11,0.1,0.11,0.1,0.15,0.14,0.13,0.16,0.16,0.14,0.14,0.17,0.14,0.13,0.06,0.11,0.17,0.18,0.17,0.16,0.09,0.16,0.15,0.03,0.15,0.19,0.19,0,0.15,0.14,0.16,0,0.14,0.12,0.16,0.16,0.18,0.25,0.27,0.38,0.36,0.11,0.18,0.24,0.13,0.25,0.25,0.15,0.32,0.31,0.33,0.34,0.42,0.24,0.12,0.12,0.11,0.15,0.14,0.13,0.13,0.05,0.15,0.11,0.12,0.26,0.15,0.13,0.24,0.25,0.19,0.14,0.1,0.1,0.08,0.1,0.2,0.15,0.08,0.25,0.06,0.13,0.07,0.13,0,0.1,0.05,0.11,0.07,0.07,0.11,0.11,0.1,0.19,0.2,0.22,0.18,0.2,0.24,0,0.1,0.11,0.13,0.1,0.16,0.17,0.19,0.18
18:4w3_percWT,0.62,0.48,3.18,0.3,0.81,0.4,0.56,0.98,0.85,0.36,0.44,0.38,0.6,1.17,0.25,0.94,0.29,0.58,0.56,1,0.71,0.99,0.9,0.65,0.91,0.73,0.91,0.87,1.22,1.18,1.16,1.35,1.82,1.64,1.54,0.56,2.04,1.7,1.21,1.25,1.71,1.42,1.63,1.25,1.9,1.54,1.64,1.33,1.86,1.9,1.83,1.3,1.3,1.37,1.95,1.29,1.48,1.09,1.32,1.41,1.24,1.28,1.72,1.48,1.3,1.6,0.84,0.9,1.21,0.74,NA,1.73,1.4,0.42,1.76,1.78,1.94,NA,1.15,0.2,0.14,NA,0.48,0.25,0.08,0.26,0.3,0.12,0.88,0.38,0.39,0.15,0.27,0.28,0.21,0.28,0.3,0.09,0.7,0.73,0.32,0.64,0.28,0.38,0.71,0.76,0.56,1.52,1.18,1.27,2.02,1.3,0.39,1.62,0.7,1.26,1.13,1.39,1.28,0.93,1.04,1.15,0.86,0.73,1.22,0.73,0.69,1.52,1.35,1.45,1.08,1.88,1.34,1.57,1.25,1.97,2.04,1.42,1.2,1.37,0.76,0.87,0.65,0.56,1.13,1.28,0.68,0.61,1.26,0.29,0.52,0.66,1.25,1.29,0.72,0.82,0.95,0.93,1.32,1.15,0.59,1.47,0.68,1.5,0.58,1.25,1.31,0.7,0.53,0.67,0.26,0.77,1,1.13,0.72,1.42,0.51,0.45,0.48,0.86,0.11,0.59,1.08,0.22,0.3,1.56,1.08,0.25,0.45,0.56,0.49,1.16,0.56,0.58,1.09,0.94,1.37,0.93,1.36,0.92,0.72,0.68,0.86,0.28,0.42,0.97,0.72,1.05,0.72,1.6,0.4,1.07,0.86,0.56,0.68,0.28,0.31,1.92,0.97,0.78,0.58,1.14,0.95,1.14,1.28,0.73,0.83,1.15,0.62,0.79,1.01,0.62,0.52,0.4,0.44,0.58,0.47,0.68,0.65,0.84,0.53,0.8,0.52,0.86,0.6,0.68,0.59,0.59,0.7,1.1,0.93,1.04,0.64,0.48,0.67,0.65,0.65,0.93,0.83,0.58,0.54,1.41,1.03,1.02,1.11,0.85,1.28,0.84,0.75,0.77,0.67,0.49,1.3,1.33,0.55,1.14,0.63,1.01,0.58,0.67,1.15,1.26,1.1,NA,1.26,1.32,1.18,1.18,1.29,1.5,0.89,1.12,1.21,1,0.89,1.33,1.57,1.61,0.83,0.98,1.35,1.46,1.38,1.2,1.27,1.44,1.35,1.76,1.02,1.37,1.11,1.44,1.38,1.04,1.07,0.74,0.68,1.28,1.06,0.83,0.69,0.71,1.15,1.6,1.59,1.04,1.71,0.63,1.14,0.85,1.37,1.68,1.12,1.28,1.57,0.59,0.64,0.1,1.44,1.38,0.5,0.79,1.74,1.1,0.56,1.16,1.32,0.18,1.94,1.07,1.1,1.18,1.74,1.8,0.84,1.55,0.86,0.7,0.29,1.92,0.41,1.24,0.65,0.71,1.45,0.69,2.45,1.88,0.5,1.03,1.07,0.92,0.89,1.29,1.7,0.69,0.96,1.29,0.88,0.89,1.25,0.57,0.23,NA,0.48,1.58,0.35,0.76,0.56,0.75,0.85,0.82,0.61,0.42,0.46,0.57,0.96,0.43,0.5,1.14,0.47,0.36,0.39,0.34,0,0.78,1.57,1.57,1.58,2.16,0.79,1.4,1.14,1.24,1.16,1.77,1.53,1.54,1.91,1.13,0.19,1.04,0.23,0.48,0.52,0.83,0.44,0.59,0.88,0.64,0.75,1.06,1.14,0.93,1.02,1.54,1.34,1.13,0.58,1.04,0.7,1.41,1.22,1.38,1.12,1.48,0.68,0.83,0.47,0.4,0.62,0.59,0.22,0.78,0.52,0.55,0.83,0.57,0.89,0.6,0.83,0.62,0.31,0.91,1.14,0.77,0.8,1.79,0.88,1.1,1.55,1.36,1.13,1.9,1.38,1.65,1.47,1.67,1.89,1.68,1.94,1.19,0.92,1.3,1.1,0.69,0.76,0.77,0.91,0.75,1.11,0.94,0.85,1.11,1.08,0.78,1.02,1.42,1.9,1.54,1.17,1.79,1.51,1.38,1.44,2.07,1.74,0.12,0.18,0.16,0.29,0.95,1.02,1.32,0.11,0.18,0.13,0.16,0.94,0.99,1.06,1.34,1.16,1.01,1.31,1.28,1.6,1.36,1.7,1.84,1.91,1.32,0.32,0.85,0.9,0.52,0.14,0.27,0.48,0.5,0.3,0.23,0.53,0.36,0.35,0.3,0.29,0.5,0.24,0.11,0.28,0.37,0.55,0.44,0,0.88,0.9,1.06,1.05,0.68,0.61,0.64,0.53,0.31,0.67,0.56,0.36,0,0,0,0.11,0.31,0.23,0.36,0.72,0.35,0.32,0.21
18:4w1?_percWT,0,0,0.44,0.15,0.11,0,0.12,0.16,0,0.09,0.08,0.1,0.11,0,0.09,0,0.19,0,0,0.29,0,0.31,0,0.21,0,0.17,0.15,0.19,0.13,0.17,0.11,0.15,0.2,0.16,0.13,0.23,0.19,0.26,0.16,0.16,0.11,0.16,0.18,0.09,0.14,0.34,0.11,0.1,0.11,0.14,0.21,0.19,0.13,0.4,0.13,0.15,0.14,0.18,0.14,0.3,0.08,0.31,0.27,0.16,0.09,0.24,0.14,0.15,0.18,0.27,NA,0.2,0.41,0.23,0.52,0.23,0.23,NA,0.13,0,0,NA,0.17,0.27,0,0.2,0.19,0,0.15,0.15,0.1,0,0.13,0.14,0,0.16,0.24,0.13,0.15,0.1,0.29,0.36,0.02,0.16,0.19,0.07,0.1,0.48,0.09,0.1,0.57,0.5,0.28,0.6,0.11,0.56,0.55,0.56,0,0.43,0.47,0.52,0.15,0.07,0.56,0.13,0.16,0.72,0.49,0.5,0.49,0.59,0.61,0.54,0.12,0.43,0.63,0.52,0.67,0.63,0.37,0.43,0.2,0.14,0.1,0.15,0.12,0.13,0.57,0.12,0.14,0.17,0.12,0.6,0.44,0.15,0.41,0.4,0.52,0.13,0.15,0.57,0.11,0.52,0.14,0.14,0.49,0.13,0.19,0.14,0.14,0.11,0.12,0.48,0.18,0.56,0.12,0.48,0.15,0.2,0.12,0.52,0.1,0.13,0.16,0.57,0.56,0.14,0.37,0.51,0.51,0.34,0.11,0.15,0.14,0.53,0.35,0.14,0.1,0.49,0.08,0.23,0.09,0.09,0.09,0.12,0.1,0.02,0.04,0.07,0.08,0.13,0.29,0.29,0.08,0.09,0.06,0.15,0.11,0.13,0.06,0.11,0.07,0.09,0.09,0.15,0.08,0.07,0.07,0.1,0.07,0.08,0.06,0.07,0.08,0.01,0.08,0.12,0.06,0.12,0.17,0.12,0.17,0.2,0,0.07,0.06,0,0.24,0.11,0.18,0.13,0.2,0.07,0.11,0,0.17,0.13,0.15,0.06,0.27,0.14,0.17,0.17,0.1,0.19,0.06,0.11,0.35,0.19,0.25,0.22,0.11,0.11,0.16,0.08,0.21,0.2,0.14,0.18,0.11,0.18,0.2,NA,0.16,0.19,0.2,0.14,0.17,0.13,0.31,0.13,0.15,0.14,0.26,0.16,0.07,0.08,0.16,0.22,0.2,0.12,0.19,0.2,0.16,0.18,0.22,0.18,0.2,0.23,0.15,0.15,0.17,0.17,0.2,0.12,0.22,0.17,0.11,0.17,0.09,0.16,0.22,0.11,0.12,0.14,0.17,0.17,0.19,0.16,0.12,0.04,0.13,0.18,0.11,0.17,0.17,0,0.22,0.16,0.15,0.1,0.14,0.13,0.14,0.19,0.17,0.18,0.15,0.12,0.14,0.15,0.12,0.21,0.15,0.09,0.2,0.25,0.09,0.1,0.16,0.17,0.11,0.07,0.19,0.13,0.21,0.15,0.17,0.13,0.14,0.14,0.16,0.15,0,0.09,0.16,0.19,0.16,0.09,0,0.17,0.2,NA,0.18,0,0.36,0.12,0.17,0.09,0.18,0.18,0.2,0.24,0.2,0.17,0,0.13,0.14,0,0.14,0.16,0.14,0.25,0.28,0.18,0,0,0,0,0.17,0,0.16,0.13,0.17,0,0.16,0,0,0.15,0.12,0.17,0.15,0.19,0.09,0.19,0.09,0,0.2,0.22,0.16,0.14,0.16,0.17,0,0,0,0,0,0,0,0,0,0,0,0,0,0.1,0.12,0.1,0.16,0.15,0.11,0.09,0,0.13,0.17,0.14,0.13,0,0.15,0,0.09,0.12,0,0.13,0,1.02,0,0,0,0,0,0,0,0,0,0,0,0,0,0,0,0,0,0,0.32,0.27,0.14,0.19,0.19,0.15,0.13,0.13,0.17,0.25,0.18,0,0,0,0,0,0,0,0.16,0.69,0,0.16,0.17,0.16,0.23,0.2,0.21,0.16,0.14,0.2,0.21,0.2,0.18,0.15,0.18,0.21,0.2,0.2,0,0,0,0,0,0,0,0.73,0.12,0.18,0.22,0.17,0.1,0.18,0.18,0.17,0.19,0.12,0.13,0.13,0.14,0.14,0.14,0.44,0,0.13,0.12,0.1,0.13,0.13,0,0.16,0.16,0.14,0.12,0,0.14,0.12,0.11,0.17,0.45,0.15,0.15,0,0,0,0,0.12,0.14,0.17,0.13,0.16,0.17,0.13
20:0_percWT,0,0,0.02,0,0,0,0,0,0,0,0,0,0,0,0,0,0,0,0,0,0,0,0,0,0,0,0,0,0,0,0,0,0,0,0,0,0,0,0,0,0,0,0,0,0,0,0,0,0,0,0.18,0,0,0,0,0,0,0,0,0,0,0,0,0,0,0,0,0,0,0,NA,0,0,0,0,0,0,NA,0,0,0,NA,0,0,0,0,0,0,0,0,0,0,0,0,0,0,0,0.2,0,0,0,0,0,0,0,0,0,0,0,0,0,0,0,0,0,0,0,0,0,0,0,0,0,0,0,0,0,0,0,0,0,0.2,0,0,0,0,0,0,0,0,0,0,0,0,0,0,0,0,0,0,0,0,0,0,0,0,0,0,0,0,0,0,0,0,0,0.53,0,0,0,0,0,0,0,0.35,0,0,0,0,0,0,0,0,0,0,0,0,0,0,0,0,0,0,0,0,0,0,0,0,0,0,0,0,0,0,0,0,0,0,0,0,0,0,0,0.04,0,0,0,0,0,0,0,0,0.05,0,0,0,0,0,0,0,0.04,0,0.02,0,0.05,0.05,0,0.02,0,0.37,0.27,0.51,0.5,0,0.42,0,0,0,0.45,0.14,0,0.1,0,0,0,0,0,0,0,0.04,0,0,0,0,0,0,0,0,0,0,0,0,0,0,0,0,0,0,0,0,0,0,0,NA,0,0,0,0,0,0,0,0,0,0,0,0,0,0,0,0,0,0,0,0,0,0,0,0,0,0,0,0,0,0,0,0,0,0,0,0,0,0,0,0,0,0,0,0,0,0,0,0,0,0,0,0,0,0,0,0,0,0,0,0,0,0,0,0,0,0,0,0,0,0,0,0,0,0,0,0,0,0,0,0,0,0,0,0,0,0,0,0,0,0,0,0,0,0,0,0,0,0,0,NA,0,0,0,0,0,0,0,0,0,0,0,0,0,0,0,0,0,0,0,0,0,0,0,0,0,0,0,0,0,0,0,0,0,0,0,0,0,0,0.43,0,0.48,0,0,0.36,0,0,0,0,0,0,0,0,0,0,0.3,0.38,0,0,0,0,0.26,0,0,0.35,0,0,0,0,0,0,0,0,0,0.2,0,0,0,0,0,0,0,0,0,0.4,0,0,0.25,0,0.2,0.27,0.25,0,0.12,0,0,0,0,0,0,0,0.35,0.35,0,0,0,0,0,0,0,0.28,0,0,0,0.18,0,0.14,0.32,0.16,0,0.29,0,0,0,0,0,0,0,0,0,0,0,0,0,0,0,0.37,0,0.15,0,0,0,0,0.4,0,0,0,0,0,0,0,0,0,0,0,0,0,0,0,0,0,0,0,0,0.85,0,0,0,0,0,0,0,0,0.34,0,0,0,0,0,0,0,0,0,0.37,0,0,0,0,0,0.37,0,0,0,0,0
18:5w3_percWT,0.22,0.21,0.37,0.56,0.29,0.47,0.36,0.72,2.63,0.42,0.33,0.49,1.34,0.92,0.39,0.25,0.22,0.37,0.42,0.27,0.32,0.29,0.31,0.27,0.35,0.81,0.49,0.54,0.4,0.39,0.4,0,0.46,0.59,0.42,1.62,0.31,0.54,0.38,0.38,0.43,0.44,0.33,0.2,0.42,0.39,0.4,0.38,0.3,0.27,0,0.48,0.41,0.31,0.38,0.37,0.32,0.42,0.51,0.21,0.3,0.25,0.62,0.61,0.24,0.54,0.29,0.29,0.4,0.96,NA,0.27,0.84,1.66,0.24,0.51,0.29,NA,0.5,3.55,0.29,NA,0.98,2.2,4.23,2.82,1.8,6.68,1.92,1.46,0.92,0.54,3.68,3.6,7.87,3.21,3.45,0,1.72,1.29,0.56,1.25,4.41,2.64,2.23,0.23,0.23,0.92,0.44,0.41,0.58,0.46,2.08,0.68,0.45,0.8,0.65,0.54,0.47,0.81,1.24,0.64,0.74,1.06,0.77,2.64,0.67,0.46,0.47,0.32,0.44,0,0.38,0.47,0.44,0.27,0.39,0.48,0.75,0.47,0.71,0.55,1.07,1.09,0.39,0.66,0.92,0.73,0.71,1.04,1.34,0.74,0.89,0.62,0.63,1.78,0.34,0.79,0.31,0.62,1.46,0.47,0.92,0.57,0.84,0,0.56,0.24,1.29,1.01,0.55,0.72,0.44,0,0.46,0.53,0.27,0.51,1.9,0.56,0.39,1.34,0.38,1.71,1.47,0.75,0.41,2.78,0.55,0.51,1.71,0.43,0.93,0.88,0.47,0.45,0.4,0.69,0.49,0.55,0.26,0.23,0.38,3.2,0.65,0.32,0.71,0.24,0.48,0.26,0.24,1.4,0.3,0.23,0.47,0.2,0.38,0.25,1.03,0.66,0.27,0.28,0.19,0.22,0.26,0.59,0.24,0.21,0.27,0.28,0.23,0.25,0.19,0.27,0.3,0.32,0.25,0.7,0.25,0,0,0,0,0.6,0,0.21,0.27,0.22,0,0.44,0.62,0.26,0.52,0.24,0.56,0.26,0.7,0.49,0.88,0.24,0.28,0.52,0.79,0.65,0.48,0.55,0.21,0.46,0.59,0.6,0.35,0.58,0.36,0.27,0.62,0.32,0.4,0.64,0.45,0.54,0.43,0.52,0.84,NA,0.52,0.73,0.76,0.62,0.57,0.54,1.78,0.33,0.47,0.27,1.39,0.46,0.22,0.21,0.53,0.79,0.96,0.57,0.57,1.09,0.68,0.48,0.37,0.36,0.91,0.57,0.42,0.37,0.66,0.55,1.29,0.77,0.41,0,0,0,0,0,0,0,0,0,0,1.35,0,0,0,0,0,0.78,0,1.5,1.56,0.25,2.37,0,0.86,0.77,0.46,0.66,0,0.65,0.22,0.37,0.8,0,0,1.1,0,0.47,1.09,0,1.69,1.63,2.53,0,0.45,0,0,0,0.59,0.6,0,0,0,0.1,0.28,0.05,0,0.16,0.38,0.93,0.64,0.56,0.13,0.6,0.55,1.28,2.67,NA,1.96,0.51,1.83,0.51,0.2,0.43,0.2,0.1,0.05,0.05,1.06,0,0,0,0,0.28,0,1.02,2.25,1.02,0.05,0.95,0.5,0.46,0.58,0.43,0.13,0.6,0.45,0.24,0.37,0.22,0.27,0,0,0,0.57,0.33,0.29,0.19,0.07,0.27,0.66,0.27,0.34,0.61,0.27,0.37,0.93,0.15,0.75,0,0.09,0,0,0,0,0.02,0,0.01,0,0.1,0,0,0,0,0,0,0,0,0,0,0,0,0,0,0.25,0,0,0,0,0,0,0,0,0.01,0.01,0.01,0,0.02,0,0,0,0,0,0,0,0,0,0,0,0,0,0,0,0,0,0,0,0,0,0,0,0,0,0,0,0,0,0,0,0,0,0,0,0,0,0,0,0,0,0,0,0,0,0,0,0,0,0,0,0,0,0,0,0.01,0,0,0,0,0,0,0,0,0,0,0,0,0,0,0,0,0,0,0,0,0,0,0,0,0,0,0,0,0,0,0,0,0,0,0,0,0,0,0,0,0,0,0,0,0,0,0,0
20:1w11?_percWT,3.63,3.78,18.89,6.26,5.76,5.39,3.52,2.53,2.95,6.31,4.02,7.23,4.77,3.21,3.89,2.6,2.26,3.57,11.73,3.64,5.94,4.97,4.22,6.17,4.69,2.19,1.85,1.74,2.48,2.57,2.51,3.64,2.47,2.49,1.84,3.34,2.1,1.88,2.59,2.31,2.23,2.37,2.38,2.17,2.44,2.54,2.25,2.07,2.01,1.54,1.71,2.27,1.99,1.32,1.85,2.31,1.77,2.38,1.99,1.74,1.49,1.79,2.86,2.53,1.8,2.2,1.9,2.46,1.87,1.23,NA,2.88,2.19,2.67,2.86,2.78,2.45,NA,2.8,4.04,4.01,NA,3.01,1.7,1.62,3.44,2.53,1.07,5.05,3.81,4.39,1.83,4.3,3.08,1.9,3.08,1.91,1.48,2.93,2.32,2.81,2.25,4.18,4.35,2.11,3.9,2.81,1.4,1.99,2,1.41,1.39,2.33,1.83,3.11,2.29,2.6,2.54,2.65,3.1,3.39,2.54,3.82,3.73,0,4.1,4.68,2.24,2.93,2.41,3.49,2.22,2.52,3.05,3.45,2.51,1.98,3,3.54,3.01,3.83,3.07,3.28,3.26,2.19,3.24,3.64,3.66,2.62,0.62,4.02,3.64,2.54,2.12,2.88,3.19,3.24,2.31,2.16,2.36,3.01,2.09,3.82,2.12,4.09,2.86,2.01,3.41,3.96,2.29,2.9,2.79,3.34,2.56,3.07,2.47,4.08,3.39,3.68,3.25,1.21,2.24,2.68,4.04,3.18,2.19,2.61,4.05,2.56,3.25,2.78,3.23,3.27,2.97,2.89,2.88,2.39,2.74,2.4,2.56,5.39,4.92,4.81,4.19,10.1,4.35,4.94,3.74,4.67,3.4,5.42,5.69,3.54,4.79,6.59,3.59,4.66,3.31,5.74,4.79,7.37,5.34,3.47,3.35,2.61,5.11,4.52,4.21,4.7,6.72,4.16,4.52,4.06,5.48,6,3.95,5.21,6.31,4.99,4.77,2.27,6.55,2.4,3.94,5.65,3.49,7.19,5.35,2.97,7.49,3.8,4.86,2.1,5.99,5.71,4.46,4.75,3.02,5.88,6.74,2.53,2.39,2.22,2.3,2.21,2.77,2.3,2.29,2.04,2.71,3.41,1.82,2.23,2.41,2.95,2.38,2.65,2.28,2.27,2.49,2.47,2.26,2.91,NA,2.99,2.17,2.89,2.3,2.67,2.72,2.34,2.35,2.82,2.28,3.04,1.4,1.92,2.89,2.21,2.88,3.32,3.78,3.24,2.96,2.78,3.07,2.4,1.62,2.66,1.89,2.49,2.72,2.23,2.48,2.58,4.38,3.77,2.33,2.55,5.07,5.28,5.05,4.21,4.47,3.08,4.5,2.66,3.55,4.65,2.85,3.71,4.53,4.97,3.65,4.47,3.5,4.67,0,4.85,5.28,3.27,3.11,1.18,2.42,4.35,2.07,4.97,0.8,3.58,4.83,4.77,4.58,4.65,6.08,6.17,2.52,3.28,2.98,2.76,4.13,5.71,3.06,3.52,4.91,4.5,3.68,4.62,4.26,4.34,3.02,3.47,3.56,2.95,2.71,3.04,8.79,3.53,2.65,3.55,9,3.57,2.88,3.74,NA,2.55,2.95,5.01,2.96,3,3.59,2.3,3.21,3.12,2.03,2.78,2.86,3.08,3.3,3.05,3.24,5.6,4.72,3.65,2.26,4.66,3.42,3.49,3.22,2.97,2.7,4.16,2.66,3.08,2.86,3.58,2.86,3.22,3.03,2.79,2.79,1.51,3.57,7,4.82,5.79,3.26,13.08,8.91,3.44,3.23,3.01,2.62,3.35,2.6,3.51,1.85,2.34,1.32,2.16,2.3,3.63,1.85,1.33,2,2.06,1.9,4.58,3.45,4.36,4.47,3.9,3.14,2.3,3.79,2.82,4.48,2.74,4.89,4.1,3.72,4.88,4.56,6.1,4.52,5.52,3.69,4.91,1.09,2.47,1.63,1.2,1.81,2.76,0.65,2.67,1.88,2.58,2.91,2.19,2.07,1.85,2.36,2.85,1.89,1.44,1.61,3.15,2.83,2.93,3.1,2.81,3.04,2.71,2.35,3.46,3.32,3.01,3.36,3.16,2.45,3.8,3,3,3.35,2.91,2.53,2.59,1.66,2.87,1.73,2.32,3.4,3.63,3.45,1.26,2.08,1.2,1.58,2.35,2.21,2.06,1.88,2.45,3.47,2.7,1.85,2.33,2.4,2.02,1.27,1.74,2.84,3.37,2.57,3.1,3.23,2.37,3.44,3.23,3.22,3.78,4.15,3.41,3.77,2.48,3.11,2.34,1.69,2.39,1.2,3.01,5,3.56,3.6,3.29,3.12,2.92,2.91,3.05,3.27,3.72,3.99,3,2.5,2.77,3.2,3.61,1.03,3.62,2.35,1.35,3.36,4.34,3.08,2.85,3.61,3.9,3.22
20:1w9_percWT,1.61,1.84,2.8,3.04,2.27,2.71,2.03,1.24,1.54,3.54,2.72,3.31,1.91,1.68,3.48,2.34,2.24,1.72,2.53,1.7,2.13,1.97,1.71,1.97,1.92,1.39,1.19,1.32,1.22,1.2,1.61,0.99,1.21,1.08,1.21,1.91,0.7,1.29,2.05,1.19,1.25,0.86,1.18,1.62,1.18,1.78,1.46,1.78,1.35,0.92,1.36,1.1,1.39,1.64,0.76,1.25,1.05,1.27,1.3,1.51,2.03,1.7,1.15,1.06,1.78,1.26,1.8,1.74,1.52,0.98,NA,0.94,1.15,1.26,0.73,0.69,0.83,NA,1.49,2.26,3,NA,3.02,1.43,1.79,3.08,2.92,1.6,0.9,2.01,2.06,1.02,2.31,2.25,1.76,3.76,2.18,0.9,1.84,2.37,1.81,2.32,2.8,2.07,0.97,1.71,1.57,1.82,1.87,1.93,2.12,1.6,1.19,1.84,0.51,1.76,1.99,1.46,1.41,1.61,1.83,1.71,0.36,0.58,2.59,1.43,0.32,1.45,1.04,1.11,1.24,0.82,1.27,1.22,0.98,0.99,0.77,1.48,1.66,1.49,0.74,1.65,1.27,1.62,1.78,1.59,1.65,1.49,1.31,0.76,1.68,1.93,1.42,1.36,1.28,1.75,1.5,1.81,1.34,1.17,1.03,1.28,1.66,1.55,1.35,1.57,1.51,1.57,2.04,1.24,1.44,2.54,1.46,1.32,2.4,1.35,1.94,2.04,2.35,0.86,0.93,0.94,1.43,2.23,0.85,1.05,1.02,2.04,1.05,1.71,1.4,0.72,1.9,1.78,1.58,1.13,1.41,2.33,1.4,1.39,2.35,1.89,1.7,1.63,2.55,1.81,2,1.65,1.89,1.69,1.87,1.39,1.96,1.6,1.99,1.72,1.48,1.21,1.43,1.58,2.32,2.01,1.93,1.25,1.46,1.84,1.93,1.33,2.6,1.4,1.64,1.48,1.34,1.85,1.67,1.93,1.73,1.89,1.52,1.55,1.61,1.71,1.5,1.87,5.72,1.53,1.77,1.29,1.71,1.39,1.91,1.52,1.46,1.85,1.86,1.72,2.21,2.02,2.21,1.95,1.59,0.38,1.33,1.25,1.57,1.76,1.53,1.03,0.26,1.65,1.76,1,1.05,1.36,1.68,1.56,1.43,1.29,1.23,1.51,1.39,0.16,0.29,NA,1.11,0.29,0.2,0.35,0.3,0.16,0.35,0.9,0.91,0.28,0.29,0.21,2.12,1.41,1.65,0.24,0,0,0,0.33,0.2,0.92,1.68,0.3,1.38,0,1.34,0,0.21,1.72,1.12,1.41,0,0.25,1.75,0,0,0,0,0,0,0,0,1.84,0,1.83,0,0,0,1.66,0,1.55,0,1.13,0,0,2.16,1.64,0,2.11,0,1.18,0,1.06,0,0,0,0,0,0,0,2.07,0,1.93,3.29,0,0,1.89,0,0,0,0,0,0,0,1.43,1.36,1.47,1.4,1.29,0.67,2.53,1.93,1.34,1.58,2.77,0.94,1.18,3.15,NA,1.09,1.22,1.54,1.37,0.78,1.38,0.86,0.73,0.77,0.86,0.53,0.91,1.1,1.06,1.03,0.84,1.6,1.71,0.9,1.23,2.55,1.02,1.34,1.15,1.34,0.89,1.53,0.86,1.27,1.48,0.58,1.04,0.71,1.33,0.97,1.27,1.15,0.95,2.76,2.38,2.56,1.22,3.3,3.43,0.61,1.27,1.3,1.47,1.58,1.55,1.6,1.5,2.04,1.72,2.16,1.76,1.69,1.47,1.02,1.42,1.6,1.38,1.99,1.92,2.18,2.17,1.85,2.18,1.7,3.03,1.69,2.03,1.75,2.3,1.91,1.54,1.98,1.96,2.31,1.84,2.04,1.7,1.86,1.32,2.19,1.49,1.2,1.68,1.45,1.33,1.25,0.94,1.08,1.29,1.05,0.88,0.82,1.43,1.54,1.33,1.91,2.06,1.2,1.45,1.46,1.49,1.31,1.48,1.35,1.17,1.4,1.16,1.37,1.52,1.06,1.08,2.07,1.09,1.56,1.24,1.27,0.99,1.19,1.01,2.43,0.95,1.22,1.39,1.7,1.4,1.18,1.62,1.06,0.96,1.2,1.32,1.07,1.13,1.18,1.48,1.28,1.45,1.51,1.55,1.56,1.48,1.38,1.7,1.41,1.34,1.36,1.71,1.25,1.9,1.8,1.72,0.54,1.13,1.03,1.07,1.4,1.34,1.11,1.37,1.25,0.83,1.44,1.69,1.41,1.61,0.51,0.79,0.84,1.1,1.37,1.31,1.31,1.75,0.97,0.93,0.94,1.7,0.47,0.92,0.91,0.86,0.96,1.45,4.61,1.19,1.45,1.28,1.27,1.45
20:1w7?_percWT,5.32,4.46,0.37,2.8,4.77,6.22,7.69,6.93,6.61,5.77,4.34,7.17,6.12,6.08,8.11,5.77,3.87,4.37,2.53,5.28,5.55,5.32,5.76,5.05,6.05,5.39,4.6,4.25,5.78,5.78,5.5,7.42,6.28,4.28,4.36,7.9,4.92,4.23,4.78,4.74,6.02,4.16,4.97,5.02,4.83,6.05,4.99,4.68,4.59,3.77,4.15,5.23,3.88,3.97,3.95,5.4,4.31,5.21,4.96,4.63,3.88,4.66,5.42,4.88,4.45,4.84,3.39,4.2,3.53,1.69,NA,5.69,5.38,4.15,5.56,6.61,5.92,NA,6.33,5.77,7.51,NA,5.12,1.96,1.68,5.46,4.88,1.29,0,8.74,8.41,2.71,7.6,7.17,1.71,6.97,5.54,2.19,6.56,6.27,6.16,6.39,6.95,9.76,2.92,7.18,7.59,4.13,4.48,4.33,4.35,3.48,4.1,4.44,7.25,4.84,5.22,4.9,5.42,6.09,5.86,4.67,7.16,8.35,0,7.44,8.15,2.95,3.03,4.3,2.71,3.98,2.95,3.41,3.59,4.74,3.66,4.81,3.97,3.68,7.56,5.94,4.01,6.09,5.54,6.93,5.74,6.54,4.59,1.17,5.19,5.85,6.16,3.75,4.11,6.21,6.11,4.96,4.67,4.46,4.14,4.43,5.24,4.59,4.85,5.1,4.53,3.97,7.33,4.52,3.95,7.84,6.52,4.43,7.56,4.4,4.83,6.43,6.12,8.02,2.26,3.78,4.86,5.66,2.88,3.72,3.72,3.98,2.85,4.99,4.32,7.79,7.28,5.69,7.25,4.08,6.6,7.26,6.42,4.5,4.47,6.08,6.05,2.62,3.45,6.06,6.88,5.96,6.56,5.69,3.79,5.99,4.47,5.17,6.01,4.09,5.8,4.95,5.6,6.79,3.55,5.94,6.01,5.51,5.45,6.55,6.09,6.11,0,4.86,6.12,5.53,5.54,4.15,4.62,5.55,5.29,6.11,5.73,5.78,4.76,5.09,5.71,6.02,0.15,6.42,4.76,5.9,4.23,4.46,6.18,6.23,5.06,4.62,5.64,5.34,7.24,5.98,6,5.69,6.94,6.55,5.66,6.09,5.1,6.85,5.54,4.63,5.87,6.73,5.04,2.8,5.17,4.88,7.17,5.4,6.28,5.8,4.92,6.8,5.91,5.98,8.11,NA,6.14,6.53,7.08,6.93,7.3,6.91,7.4,4.94,5.98,5.7,8.04,7.78,5.32,6.33,5.27,6.89,6.6,6.41,5.84,8.15,7.19,5.67,6.55,4.67,6.8,6.06,5.82,5.73,6.18,6.53,6.04,6.89,5.74,8.45,6.23,8.57,6.2,6.61,6.39,6.26,5.96,4.9,5.64,8.84,6.4,6.8,6.22,6.24,6.45,7.13,7.29,4.87,6.87,0.99,6.13,5.72,3.76,6.09,5.82,7.09,5.06,5.17,7.39,0.73,6.04,5.57,7.01,7.02,6.38,5.29,7,5.76,2.82,5.67,6.86,5.5,3.53,5.66,4.5,4.13,6.35,4.61,4.65,5.25,5.49,7.79,6.67,7.14,6.61,7.03,7.78,1.64,7.67,6.64,7.04,1.5,9.87,5.03,8.76,NA,4.49,7.42,4.36,5.81,4.93,7.32,5.41,5.3,4.89,3.94,5.43,5.25,6.82,5.01,5.38,9.92,4.88,6.59,2.96,3.08,8.86,4.37,7.59,7.7,6.2,6.37,8.58,6.38,7.03,7.48,8.59,7.07,9.33,7.4,6.47,5.87,2.2,9.13,4.39,3.35,3.4,5.37,1.26,1.46,6.83,5.99,6.99,4.2,6.01,4.11,4.08,3.8,3.96,3.74,3.81,5.16,5.71,3.76,3.14,4.19,4.25,3.76,3.05,4.43,2.81,2.38,3.27,3.27,4.01,3.78,2.28,2.24,4.42,3.83,5.94,3.21,6.29,6.46,3.4,5.44,4.38,5.3,4.52,2.51,5.27,3.76,2.66,3.99,3.64,2.48,5.53,4.24,5.37,5.22,4.54,4.81,4.83,4.08,4.78,5.34,4.42,4.97,7.02,6.48,6.27,7.37,6.57,6.67,5.53,5.56,6.98,7.35,6.84,3.46,4.31,4.03,4.8,4.03,4.73,3.68,4.72,3.91,3.84,3.2,7.22,4.14,4.06,6.69,7.16,7.2,0,4.12,2.23,3.25,4.63,4.53,4.27,4.01,5.49,7.72,3.9,4.13,4.91,4.1,4.6,3.61,3.86,3.73,4.06,5.47,6.44,5.17,3.66,5.68,5.1,5.55,5.53,4.49,4.06,4.81,3.59,3.89,2.88,2.48,2.62,1.61,4.38,5.31,5.22,5.62,1.73,6.97,4.73,5.02,5.48,4.4,5.71,5.68,4.49,3.14,4.18,4.08,5.84,1.64,2.36,1.44,1.67,6.38,5.5,5.69,4.65,6.07,5.94,5.39
20:2a?_percWT,0,0,0,0,0,0,0,0,0,0,0,0,0,0,0,0,0,0,0,0,0,0,0,0,0,0,0,0,0,0,0,0,0,0,0,0,0,0,0,0,0,0,0,0,0,0,0,0,0,0,0,0,0,0,0,0,0,0,0,0,0,0,0,0,0,0,0,0,0,0,NA,0,0,0,0,0,0,NA,0,0,0,NA,0,0,0,0,0,0,0,0,0,0,0,0,0,0,0,0,0,0,0,0,0,0,0,0,0,0,0,0,0,0,0,0,0,0,0,0,0,0,0,0,0,0,0,0,0,0,0,0,0,0,0,0,0,0,0,0,0,0,0,0,0,0,0,0,0,0,0,0,0,0,0,0,0,0,0,0,0,0,0,0,0,0,0,0,0,0,0,0,0,0,0,0,0,0,0,0,0,0,0,0,0,0,0,0,0,0,0,0,0,0,0,0,0,0,0,0,0,0,0,0,0,0,0,0,0,0,0,0,0,0,0,0,0,0,0,0,0,0,0,0.96,0,0,0,0.53,0,0,1.09,0.38,0,0,0,0,0,0,0,0,0,0,0.23,0,0.22,0,0,0,0,0,0.23,0,0,0,0.6,0,0.55,0,0.82,0,0,0,0,0,0,0,0,0,0,0,0,0,0,0,0,0,0,0,0,0,0,0,0,0,0,NA,0,0,0,0,0,0,0,0,0,0,0,0,0,0,0,0,0,0,0,0,0,0,0,0,0,0,0,0,0,0,0,0,0,0,0,0,0,0,0,0,0,0,0,0,0,0,0,0,0,0,0,0,0,0,0,0,0,0,0,0,0,0,0,0,0,0,0,0,0,0,0,0,0,0,0,0,0,0,0,0,0,0,0,0,0,0,0,0,0,0,0,0,0,0,0,0,0,0,0,NA,0,0,0,0,0,0,0,0,0,0,0,0,0,0,0,0,0,0,0,0,0,0,0,0,0,0,0,0,0,0,0,0,0,0,0,0,0,0,0,0,0,0,0,0,0,0,0,0,0,0,0,0,0,0,0,0,0,0,0,0,0,0,0,0,0,0,0,0,0,0,0,0,0,0,0,0,0,0,0,0,0,0,0,0,0,0,0,0,0,0,0,0,0,0,0,0,0,0,0,0,0,0,0,0,0,0,0,0,0,0,0,0,0,0,0,0,0,0,0,0,0,0,0,0,0,0,0,0,0,0,0,0,0,0,0,0,0,0,0,0,0,0,0,0,0,0,0,0,0,0,0,0,0,0,0,0,0,0,0,0,0,0,0,0,0,0,0,0,0,0,0,0,0,0,0,0,0,0,0,0,0,0,0,0,0,0,0,0,0,0,0,0,0,0
20:2b?_percWT,0,0,0,0,0,0,0,0,0,0,0,0,0,0,0,0,0,0,0,0,0,0,0,0,0,0,0,0,0,0,0,0,0,0,0,0,0,0,0,0,0,0,0,0,0,0,0,0,0,0,0,0,0,0,0,0,0,0,0,0,0,0,0,0,0,0,0,0,0,0,NA,0,0,0,0,0,0,NA,0,0,0,NA,0,0,0,0,0,0,0,0,0,0,0,0,0,0,0,0,0,0,0,0,0,0,0,0.8,0,0,0,0,0,0,0,0,0,0,0,0,0,0,0,0,0,0,0,0,0,0,0,0,0,0,0,0,0,0,0,0,0,0,0,0,0,0,0,0,0,0,0,0,0,0,0,0,0,0,0,0,0,0,0,0,0,0,0,0,0,0,0,0,0,0,0,0,0,0,0,0,0,0,0,0,0,0,0,0,0,0,0,0,0,0,0,0,0,0,0,0,0,0,0,0,0,0,0,0,0,0,0,0,0,0,0,0,0,0,0,0,0,0,0,0,0.61,0.54,0.57,0,0.62,0.57,0,0,0.5,0.67,0.65,0.76,0.82,0.66,0.68,0.54,0.71,0,0,0,0,0,0,0.71,0.55,0.6,0,0.34,0.7,0.49,0,0.75,0,0.59,0,0.71,0.68,0.71,0.74,0.63,0.51,0.58,0.55,0.58,0.54,0.46,0.51,0.63,0.72,0.69,0.49,0.4,0.66,0.66,0.65,0.57,0.6,0.7,0.52,0.41,0.6,NA,0.44,0.4,0.47,0.51,0.55,0.45,0.68,0.49,0.53,0.58,0.89,0.48,0.53,0.65,0.57,0.48,0.44,0.45,0.4,0.56,0.47,0.59,0.72,0.72,0.72,0.56,0.81,0.45,0.52,0.77,0.92,0.73,1.31,0.75,0.76,0.95,0.78,0.81,0.84,0.65,0.62,0.74,0.4,1.37,0.79,0.79,0.46,0.43,0.56,0.62,0.33,0.88,1.51,1.48,0.45,0.5,0.83,0,0.53,0.75,0.58,0.52,0.34,0.93,0.47,0.51,0.46,0.57,0,0.36,0.51,0.62,0.88,0.66,1.26,0.53,0.62,1.05,0.56,0.76,0.8,0.67,0.59,0.29,0.8,0,0,0,0,0,0,0,0,0,0,0,0,0,0,NA,0,0,0,0,0,0,0,0,0,0,0,0,0,0,0,0,0,0,0,0,0,0,0,0,0,0,0,0,0,0,0,0,0,0,0,0,0,0,0,0,0,0,0,0,0,0,0,0,0,0,0,0,0,0,0,0,0,0,0,0,0,0,0,0,0,0,0,0,0,0,0,0,0,0,0,0,0,0,0,0,0,0,0,0,0,0,0,0,0,0,0,0,0,0,0,0,0,0,0,0,0,0,0,0,0,0,0,0,0,0,0,0,0,0,0,0,0,0,0,0,0,0,0,0.83,0,0,1.01,0,0,0,0,0,0.8,0,0,0,0,0,0,0,0,0,0,0,0,0,0,0,0,0,0,0,0,0,0,0,0,0,0,0,0,0,0,0,0,0,0,0,0,0,0,0,0,0,0,0,0,0,0,0,0,0,0,0,0,0,0,0,0,0,0,0,0,0
20:2w6_percWT,0.64,0.82,0.22,1.42,0.83,2,1.2,0.53,0.7,1,0.92,1.19,0.64,0.58,1.52,0.5,0.69,0.85,1.06,0.73,0.82,0.85,0.85,0.72,0.74,0.53,0.45,0.43,0.4,0.43,0.51,0.52,0.5,0.34,0.38,1.18,0.35,0.36,0.5,0.33,0.53,0.29,0.34,0.38,0.42,0.56,0.47,0.5,0.39,0.27,0.34,0.4,0.41,0.33,0.34,0.42,0.33,0.31,0.38,0.41,0.38,0.37,0.49,0.34,0.4,0.41,0.4,0.48,0.5,0.64,NA,0.35,0.51,0.82,0.44,0.44,0.42,NA,0.46,1.12,0.92,NA,0.88,0.65,0.8,1.02,0.63,0.86,0.71,0.82,0.85,0.66,0.95,0.95,0.82,0.99,0.77,0.7,0.75,0.62,0.97,0.9,1.11,0.67,0.49,0,0.52,0.64,0.6,0.57,0.48,0.41,1,0.58,0.34,0.52,0.53,0.42,0.46,0.47,0.61,0.48,0.26,0.39,0.66,0.77,0.3,0.3,0.27,0.28,0.31,0.21,0.34,0.45,0.23,0.24,0.2,0.33,0.33,0.35,0.88,0.92,1.09,1.01,0.56,0.7,1.02,0.85,0.57,1.32,1.05,0.94,0.99,0.61,0.79,0.95,0.68,0.59,0.53,0.63,0.86,0.49,0.81,0.51,0.94,0.71,0.53,0.56,1.14,1.34,1.05,0.83,0.48,0.47,1.27,0.59,0.79,1.38,1.77,1.25,1.42,0.68,0.5,1.15,0.73,0.41,0.39,1.06,0.66,1.31,1,0.58,1.18,1.1,0.71,0.52,0.54,0.98,0.73,0.6,0.95,0.64,0.55,1.46,0.84,0.55,0.52,0.72,0.47,0.52,0.79,0.47,0.74,0.58,0.53,0.76,0.91,0.45,0.41,0.48,0.61,0.03,0,0,0,0,0,0,0,0,0,0,0,0,0,0,0,0,0,0.41,0.61,0.44,0.63,0.62,0,0,0,0,0.63,0,0,0,0,0,0,0,0,0,0,0,0,0,0,0,0,0,0,0,0,0,0,0,0,0,0,0,0,0,0,0,0,0,0,NA,0,0,0,0,0,0,0,0,0,0,0,0,0,0,0,0,0,0,0,0,0,0,0,0,0,0,0,0,0,0,0,0,0,0,0,0,0,0,0,0,0,0,0,0,0,0,0,0,0,0,0,0,0,0,0,0,0,0.66,0,0,0,0,0,0,0,0,0,0,0.63,0,0,0,0,0,0,0,0,0,0,0,0,0,0,0,0,0.65,0.55,0.6,0.61,0.6,0.5,0.67,0.69,0.55,0.62,0.65,0.75,0.91,1.2,NA,0.84,0.51,1,0.68,0.67,0.64,0.59,0.78,0.74,1.02,1.2,1.11,0.62,0.6,0.58,0.72,0.62,1.15,0.59,0.79,1.57,0.58,0.49,0.51,0.44,0.35,0.87,0.35,0.61,0.48,0.71,0.36,0.53,0.53,0.48,0.39,0.81,0.67,1.07,1.04,1.1,0.4,0.76,0.52,0.42,0.46,0.48,0.43,0.53,0.56,0.35,0.32,0.48,0.39,0.26,0.37,0.67,0.39,0.35,0.4,0.34,0.31,0.47,0.6,0.72,0.74,0.63,0.76,0.9,0.65,0.74,0.73,0.58,0.64,0.68,0.63,0.7,0.68,0.73,0.63,0.53,0.69,0.71,0.22,0.57,0.21,0.25,0.39,0.3,0.19,0.5,0.32,0.4,0.43,0.47,0.36,0.36,0.54,0.42,0.38,0.33,0.28,0.46,0.4,0.45,0.51,0.39,0.46,0.39,0.37,0.49,0.55,0.47,0.61,0.33,0.43,0.48,0.39,0.46,0.35,0.49,0.39,0.43,0,1.17,0.77,0,0.58,0.75,0.58,0.72,0.95,0,0.81,1.34,1.41,1.24,1.26,1.64,0.71,0.23,0.21,0.4,0.39,0.32,0.23,0.26,0.31,0.74,0.47,0.48,1.27,1.23,1.34,1.18,1.63,0.67,0.78,0.63,0.63,0.91,0.82,0.67,0.8,0.83,1.17,0.84,0.89,0.74,0.85,0,0.62,0.45,0.42,0.43,0.61,0.58,0.78,0.55,0.89,0.55,0.51,0.73,0.71,0.69,0.75,0.77,0.72,1.65,0.42,0.53,0.59,0.62,0.7
20:3w6_percWT,0,0,0,0,0,0,0,0,0,0,0,0,0,0,0,0,0,0,0,0,0,0,0,0,0,0,0,0,0,0,0,0,0,0,0,0,0,0,0.13,0,0,0,0,0,0,0,0,0,0.13,0,0,0,0,0,0,0,0,0,0,0,0,0.12,0,0,0,0,0,0,0,0,NA,0,0,0,0,0,0,NA,0,0,0,NA,0,0,0,0,0.09,0,0.21,0,0.11,0,0,0.17,0,0,0,0,0,0.15,0,0,0.11,0,0,0.15,0.18,0,0,0,0,0.13,0,0,0,0,0,0.12,0,0,0,0.11,0,0,0.14,0,0,0.1,0,0,0,0,0,0,0,0,0,0.09,0,0,0,0,0,0,0.08,0,0,0,0.09,0,0,0,0.12,0,0,0,0.08,0,0,0.09,0,0.08,0,0.08,0.13,0.11,0.08,0.08,0.14,0,0.11,0.11,0.08,0,0.18,0.08,0.12,0.12,0,0,0,0.08,0.08,0.1,0.12,0.07,0.07,0.14,0.07,0,0,0.11,0.13,0,0.09,0,0.1,0.09,0.09,0.08,0.12,0.12,0.13,0.06,0.09,0.1,0.09,0.11,0.08,0.09,0.13,0.08,0.1,0.11,0.09,0.1,0.09,0.09,0.08,0.08,0.09,0.1,0.08,0.1,0.09,0.09,0.13,0.09,0.14,0.07,0.13,0.11,0.1,0.08,0.09,0.1,0.08,0.1,0.13,0.1,0.15,0.1,0.14,0.13,0.11,0.14,0.1,0.12,0.12,0.07,0.13,0.1,0.13,0.09,0.1,0.12,0.12,0.14,0.11,0.13,0.14,0.17,0.13,0.14,0.15,0.14,0.15,0.15,0.11,0.12,0.17,0.18,0.13,0.12,0.13,0.17,0.12,0.13,0.16,0.15,0.17,0.09,0.11,NA,0.09,0.09,0.09,0.12,0.14,0.09,0.13,0.13,0.12,0.16,0.15,0.09,0.18,0.21,0.11,0.1,0.08,0.09,0.08,0.08,0.07,0.06,0.14,0.11,0.12,0.1,0.12,0.08,0.1,0.1,0.11,0.11,0.14,0.12,0.14,0.13,0.12,0.16,0.11,0.12,0.12,0.14,0.08,0.15,0.12,0.12,0.13,0.12,0.11,0.12,0,0.14,0.15,0.2,0.15,0.11,0.14,0.09,0.1,0.12,0.1,0.17,0.11,0.12,0.15,0.1,0,0.17,0,0.16,0,0.09,0.18,0.08,0.1,0.11,0.1,0.13,0.09,0.11,0.14,0.13,0.14,0.13,0.06,0,0,0,0,0,0,0,0,0,0,0,0,0,0,NA,0,0,0,0,0,0,0,0,0,0,0,0,0,0,0,0,0,0,0,0,0,0,0,0,0,0,0,0,0,0,0,0,0,0,0,0,0,0,0,0,0,0,0,0,0,0,0,0,0,0,0,0,0,0,0,0,0,0,0,0,0,0,0,0,0,0,0,0,0,0,0,0,0,0,0,0,0,0,0,0,0,0,0,0,0,0,0,0,0,0,0,0,0,0,0,0,0,0,0,0,0,0,0,0,0,0,0,0,0,0,0,0,0,0,0,0,0,0,0,0,0,0,0,0,0,0,0,0,0,0,0,0,0,0,0,0,0,0,0,0,0,0,0,0,0,0,0,0,0,0,0,0,0,0,0,0,0,0,0,0,0,0,0,0,0,0,0,0,0,0,0,0,0,0,0,0,0,0,0,0,0,0,0,0,0,0,0,0,0,0,0,0,0,0
21:0_percWT,0.04,0.04,0.02,0.06,0.04,0,0.04,0.03,0.04,0.05,0.03,0.05,0.03,0,0.07,0.03,0,0.04,0.06,0.03,0.04,0.03,0.03,0.03,0.04,0.03,0.02,0.02,0.02,0.02,0.03,0.02,0.02,0.03,0.02,0.03,0.01,0.02,0.03,0.02,0.02,0.01,0.02,0.02,0.03,0.02,0.02,0.02,0.02,0.01,0.03,0.03,0.02,0.02,0.02,0.02,0.02,0.02,0.02,0.02,0.02,0.02,0,0.03,0.02,0,0.02,0,0.02,0,NA,0.02,0,0.05,0,0,0,NA,0.03,0.06,0.06,NA,0.04,0,0,0.05,0.03,0,0.03,0.03,0.03,0,0.04,0.05,0.03,0.06,0.03,0.05,0.04,0.03,0.06,0.05,0.06,0.03,0,0.03,0.03,0.02,0.03,0.02,0.03,0.02,0.05,0.02,0.02,0.03,0.03,0.02,0.03,0.03,0.03,0.03,0,0,0.04,0.04,0,0.02,0.01,0.02,0.02,0,0,0.03,0.01,0.01,0.01,0.02,0.03,0.03,0.05,0.04,0.04,0.04,0.05,0.05,0.05,0.04,0.06,0.05,0.05,0.07,0.04,0.08,0.04,0.06,0.04,0.07,0.03,0.04,0.06,0.03,0.07,0.06,0.06,0.11,0.09,0.05,0.04,0.03,0.07,0.04,0.03,0.03,0.04,0.04,0.03,0.07,0.06,0.05,0,0.04,0.03,0.08,0.04,0.04,0,0.05,0,0.06,0.05,0.03,0.05,0.07,0.03,0.03,0.03,0.04,0.03,0.05,0.03,0.03,0.02,0.06,0.05,0.02,0.02,0.03,0.02,0.03,0.04,0.04,0.05,0.03,0.02,0.04,0.03,0.02,0.02,0.02,0.03,0.04,0.03,0.03,0.02,0.02,0.03,0.03,0.11,0.01,0.02,0.03,0.03,0.03,0.03,0.03,0.03,0.02,0.03,0,0.03,0.02,0.02,0.03,0,0.03,0.03,0.02,0,0.02,0.03,0.02,0.03,0.03,0.02,0.02,0,0.02,0.03,0.02,0,0.02,0,0,0.02,0.03,0.02,0.02,0,0,0.02,0.02,0.02,0.02,0.02,0.02,0.02,0.02,0.02,0.02,0.02,0.02,0.02,NA,0.02,0.01,0.02,0.02,0.02,0.02,0,0.02,0.03,0,0,0.02,0.01,0.01,0.02,0.02,0,0.02,0.01,0,0,0,0,0.02,0.03,0,0,0,0,0.02,0,0.04,0.04,0,0.02,0,0.03,0,0.02,0.03,0.02,0.04,0,0,0,0,0,0,0,0,0,0,0,0,0,0.01,0,0,0.01,0,0.03,0,0.02,0,0,0,0,0,0,0,0,0,0,0,0,0,0,0,0,0,0,0,0,0,0,0.03,0,0.03,0.03,0,0.03,0.03,0.02,0.03,0.03,0.03,0,0,0,NA,0,0.03,0,0,0,0.03,0,0,0.03,0.01,0,0.04,0.03,0,0,0.03,0,0,0,0,0,0,0.04,0.03,0.03,0.03,0.03,0.02,0.02,0.02,0.02,0.02,0.02,0.03,0,0,0,0.04,0,0,0.05,0.03,0.04,0,0.03,0.03,0.03,0.04,0,0.05,0.03,0.02,0.04,0,0,0.02,0,0.03,0.02,0.02,0.03,0.02,0.03,0.05,0.04,0,0,0.05,0,0.04,0.04,0,0,0,0,0,0,0,0,0,0,0.04,0.04,0.02,0.05,0.02,0.02,0.03,0,0,0.04,0.03,0.03,0.03,0.03,0.02,0.02,0.04,0.03,0.03,0.02,0,0,0,0.03,0,0,0,0.03,0.02,0,0,0.03,0.03,0.03,0.03,0.03,0.02,0.03,0.02,0.02,0.02,0.03,0,0,0,0,0,0,0,0,0,0,0,0,0.05,0.05,0,0,0,0,0.01,0.03,0.03,0.02,0.02,0.02,0.02,0,0.03,0.02,0.11,0.1,0.15,0.11,0.09,0.07,0.07,0.11,0.08,0.13,0.16,0.07,0.21,0.16,0,0.16,0.12,0.12,0.13,0.73,0.04,0.07,0,0.03,0.03,0.05,0.05,0.08,0,0.05,0.05,0.07,0,0,0,0,0.08,0.07,0.05,0.05,0.04,0.06,0.07
20:4w6_percWT,2.3,2.77,1.14,3.37,2.56,3.35,3.24,1.49,2.51,2.85,2.66,2.55,2.07,2.16,2.48,2.11,2.13,3.28,1.4,2,2.04,1.89,2,1.99,2,1.95,1.76,1.77,1.54,1.52,1.85,1.49,1.63,1.68,1.72,3.32,1.78,1.69,2.48,1.57,1.81,1.59,1.86,1.7,1.57,1.6,1.86,1.66,1.33,1.37,1.51,1.6,1.66,1.48,1.66,1.38,1.48,1.42,1.54,1.56,1.52,1.57,1.71,1.6,1.38,1.87,1.58,1.48,1.87,3.66,NA,1.61,2.24,4.64,1.64,1.96,1.62,NA,1.85,3.61,3.66,NA,3.18,5.2,6.18,3.59,2.81,5.42,2.56,2.37,1.79,7.06,2.41,2.29,5.29,2.6,3.08,2.9,1.55,1.44,2.63,1.67,2.12,2.26,1.9,2.17,1.78,1.21,1.33,1.51,1.39,1.25,3.39,1.09,1.66,1.46,1.5,1.33,1.51,1.49,1.45,1.43,1.42,1.88,1.73,2.06,2.26,1.01,1.23,1.24,1.09,1.12,0.99,1.71,1.09,1.17,1.2,1.15,1.18,1.1,2,1.77,2.8,1.92,1.05,1.5,2.25,1.95,1.34,6.65,2.41,1.7,1.7,1.49,2.06,1.85,1.37,1.15,1.2,1.67,2.62,1.18,1.91,1.02,2.21,1.8,1.26,2.08,2,3.06,3.96,2.46,0.99,1.09,1.82,1.14,3.03,2.31,2.88,2.19,7.9,3.4,1.1,3.56,3.53,1.15,1.16,3.73,2.91,2.87,3.2,1.44,2.63,2.79,1.37,1.16,1.39,2.26,1.75,1.25,2.42,1.89,1.68,4.47,3.06,1.67,1.53,2.29,1.27,2.09,2.96,1.6,1.99,1.99,1.5,2.09,3.18,2.16,1.38,1.55,2.03,2.21,1.84,1.98,2,1.38,2.12,1.99,2.81,2.49,1.73,2.03,2,1.97,2.29,2.35,2.12,1.54,2.07,1.35,1.4,1.44,1.38,1.52,1.67,1.94,1.74,1.81,1.7,1.23,1.78,1.4,1.76,2.11,1.52,1.88,1.83,1.75,1.75,1.84,1.7,1.59,1.54,1.6,1.89,1.65,1.79,1.43,1.35,1.73,1.7,1.65,1.5,1.44,1.79,1.88,1.6,1.5,1.57,1.69,1.67,1.53,1.76,NA,1.47,1.53,1.5,1.66,1.61,1.37,1.84,1.64,1.76,1.48,2.24,1.46,1.63,1.6,1.58,1.57,1.49,1.45,1.37,1.52,1.44,1.75,1.73,1.82,1.6,1.9,1.68,1.44,1.52,1.74,2.62,1.86,2.93,1.53,1.91,2.2,1.77,1.88,2.4,1.57,1.72,1.7,1.23,1.98,1.94,1.74,1.65,1.79,2.45,1.99,1.83,2.54,3.29,11.05,2.57,1.73,1.78,2.29,1.59,2.25,2.43,1.68,2.12,7.19,1.59,1.8,1.76,2.16,1.8,1.69,2.19,1.67,3.54,2.17,3.19,1.89,2.21,2.2,2.5,2.49,2.23,2.66,2.1,1.31,2.74,2,1.97,2.18,2.19,2.09,1.64,1.15,2.02,2.2,2.2,1.1,2.2,3.88,3,NA,4.91,1.78,6.53,1.52,1.5,1.57,2.21,1.47,1.52,3.1,2.67,2.22,1.49,1.47,1.28,1.8,1.81,3.42,4.83,4.91,4.46,3.63,2.21,1.85,1.56,1.61,2.56,1.7,1.98,1.53,1.92,1.68,1.86,1.69,1.65,2.01,5.56,2.2,1.34,1.93,1.93,1.94,1.67,1.15,2.03,1.68,2.07,1.73,1.23,2.33,1,1.02,1.06,1.07,0.4,1.02,1.55,1.12,1.46,1.04,0.85,1.06,1.05,1.59,1.79,2.84,1.82,2.02,3.83,1.39,1.77,1.63,1.68,1.94,1.57,1.95,1.96,1.74,1.89,1.4,1.28,1.68,1.54,0.91,1.4,0.82,1.06,1.06,0.92,0.8,1.33,1.11,1.07,1.3,1.23,1.18,1.19,1.64,1.19,1.01,0.73,0.46,2.18,1.75,1.87,1.76,1.65,2.18,1.82,1.94,2.06,2.23,2.1,1.06,1.36,1.18,1.12,1.35,1.36,1.13,1.38,1.23,1.41,5.29,4.3,4.67,3.45,1.88,2.49,2.24,5.74,4.85,5.9,4.14,1.15,1.29,1.26,1.42,1.51,2.18,0.92,0.85,1.36,1.01,1.19,1.04,1.14,0.87,3.64,2.13,1.6,1.81,3.86,2.59,1.63,1.98,3.9,3.98,3.4,2.85,2.28,2.78,3.19,2.11,2.92,6.43,3.63,3.15,2.26,2.26,2.33,2.46,2.72,2.39,2.49,2.47,2,2.54,3.01,4.62,2.51,3.7,3.25,4.73,5.05,5.02,6.05,2.55,2.37,2.07,2.46,2.62,2.57,3.16
20:3w3_percWT,0,0,0,0,0,0,0,0,0,0,0,0,0,0,0,0,0,0,0,0,0,0,0,0,0,0,0,0,0,0,0,0,0,0,0,0,0,0,0,0,0,0,0,0,0,0,0,0,0,0,0,0,0,0,0,0,0,0,0,0.01,0,0.21,0,0,0,0,0,0,0,0,NA,0,0,0,0,0,0,NA,0,0,0,NA,0,0,0,0,0,0,0,0,0,0,0,0,0,0,0,0,0,0,0,0,0.12,0,0,0.23,0,0,0,0,0,0.17,0,0,0,0,0,0,0,0,0,0,0,0,0.24,0,0,0,0,0,0,0,0,0,0,0,0,0,0,0,0,0,0,0,0,0,0,0,0,0,0,0,0,0,0,0,0,0,0,0,0,0,0,0,0,0,0,0,0,0,0,0,0,0,0,0,0.08,0,0,0,0,0,0.16,0,0,0,0,0,0,0,0,0,0,0,0,0,0,0.32,0,0,0,0.23,0.22,0,0,0.15,0,0,0.19,0,0,0,0,0.26,0.17,0,0,0,0.12,0.12,0.25,0.25,0.21,0.21,0,0.13,0.19,0.24,0.48,0.06,0.16,0.23,0.23,0.26,0.26,0.24,0.26,0.15,0.27,0.13,0.16,0.12,0.13,0.17,0.16,0.21,0.22,0.23,0.14,0.12,0.22,0.19,0.25,0.3,0.16,0.23,0.19,0.25,0.18,0.22,0.14,0.19,0.16,0.11,0.2,0.14,0.19,0.12,0,0.17,0.17,0.12,0.13,0.13,0.18,0.16,0.17,0.22,0.2,0.2,0.17,0.12,0.17,NA,0.15,0.13,0.16,0.16,0.16,0.13,0.13,0.18,0.19,0.14,0.17,0.13,0.18,0.19,0.18,0.12,0.09,0.18,0.13,0.13,0.13,0.16,0.17,0.12,0.21,0.18,0.22,0.09,0.16,0.2,0.19,0.19,0.13,0.17,0.19,0.22,0.16,0.09,0.17,0.17,0.1,0.13,0.1,0.19,0.21,0.22,0.1,0.11,0.15,0.13,0.06,0.19,0.16,0.14,0.08,0.13,0.12,0.14,0.12,0.13,0.13,0.1,0.05,0,0.11,0.19,0.14,0.09,0.16,0.1,0.13,0.22,0.13,0.11,0.26,0.16,0.22,0.19,0.13,0.26,0.23,0.13,0.15,0.08,0.18,0,0,0,0,0,0,0,0,0,0,0,0,0,0,NA,0,0,0,0,0,0,0,0,0,0,0,0,0,0,0,0,0,0,0,0,0,0,0,0,0,0,0,0,0,0,0,0,0,0,0,0,0,0,0,0,0,0,0,0,0.01,0,0,0,0,0,0,0,0,0,0,0,0,0,0,0,0,0,0,0,0,0,0,0,0,0,0,0,0,0,0,0,0,0,0,0,0,0,0,0,0,0,0,0,0,0,0,0,0,0,0,0,0,0,0,0,0,0,0,0,0,0,0,0,0,0,0,0,0,0,0,0,0,0,0,0,0,0,0,0,0,0,0,0,0,0,0,0,0,0,0,0,0,0,0,0,0,0,0,0,0,0,0,0,0,0,0,0,0,0,0,0,0,0,0,0,0,0,0,0,0,0,0,0,0,0,0,0,0,0,0,0,0,0,0,0,0,0,0,0,0,0,0,0,0,0,0,0,0,0
20:4w3_percWT,0.34,0.35,0.65,0.22,0.33,0.37,0.3,0.27,0.31,0.41,0.3,0.33,0.25,0.37,0.46,0.35,0.27,0.36,0.47,0.42,0.38,0.4,0.39,0.36,0.43,0.29,0.25,0.24,0.3,0.31,0.34,0.4,0.47,0.37,0.32,0.32,0.43,0.36,0.4,0.3,0.38,0.29,0.36,0.32,0.4,0.44,0.38,0.36,0.35,0.33,0.29,0.24,0.34,0.4,0.36,0.27,0.28,0.24,0.27,0.37,0.37,0.42,0.37,0.3,0.38,0.42,0.27,0.3,0.32,0.45,NA,0.37,0.37,0.24,0.45,0.53,0.49,NA,0.35,0.14,0.19,NA,0.28,0.17,0,0.24,0.2,0.14,0.45,0.27,0.27,0.18,0.17,0.26,0.16,0.25,0.16,0.09,0.41,0.51,0.25,0.42,0.17,0.31,0.28,0,0.35,0.54,0.4,0.37,0.59,0.52,0.18,0.56,0.28,0.58,0.49,0.5,0.44,0.4,0.39,0.45,0.28,0.35,0.49,0.29,0.24,0.42,0.34,0.35,0.3,0.37,0.34,0.33,0.3,0.32,0.41,0.36,0.43,0.37,0.29,0.29,0.29,0.24,0.33,0.34,0.31,0.31,0.38,0.27,0.26,0.29,0.37,0.35,0.32,0.29,0.27,0.23,0.34,0.31,0.25,0.39,0.3,0.35,0.22,0.37,0.35,0.34,0.28,0.3,0.22,0.32,0.27,0.32,0.51,0.32,0.31,0.4,0.27,0.39,0.11,0.37,0.29,0.2,0.31,0.34,0.29,0.25,0.32,0.44,0.38,0.38,0.37,0.4,0.33,0.33,0.45,0.42,0.37,0.32,0.38,0.38,0.3,0.19,0.2,0.32,0.25,0.33,0.25,0.45,0.29,0.23,0.38,0.42,0.26,0.22,0.19,0.44,0.24,0.27,0.32,0.31,0.36,0.39,0.38,0.26,0.39,0.48,0.36,0.22,0,0,0.37,0.32,0.33,0.54,0.35,0.27,0.41,0.28,0.3,0.27,0.3,0.33,0,0,0,0,0.37,0.23,0.5,0,0.33,0,0.26,0,0.29,0.41,0.3,0.38,0.29,0.44,0.29,0.31,0.35,0.27,0.45,0.3,0.25,0.26,0.36,0.33,0.41,0.45,0.31,0.35,0.27,0.33,0.37,0.32,0.42,0.34,0.3,NA,0.34,0.31,0.31,0.36,0.38,0.4,0.24,0,0,0.34,0.41,0.36,0,0,0.25,0.32,0.32,0,0,0.27,0,0.47,0.42,0,0.35,0.32,0,0.31,0.37,0.36,0.28,0.35,0.26,0.35,0.34,0.34,0.27,0.27,0,0,0,0.33,0,0.29,0.38,0,0,0,0,0.28,0,0.22,0,0.14,0,0,0.25,0,0,0,0,0,0,0.18,0,0,0,0.37,0,0,0,0,0,0.27,0,0,0,0,0,0,0,0,0,0,0,0.42,0.4,0.34,0.4,0.41,0.41,0.31,0.3,0.35,0.33,0.32,0.49,0.28,0.23,NA,0.27,0.47,0.3,0.38,0.25,0.31,0.3,0.28,0.25,0.21,0.25,0.28,0.33,0.3,0.3,0.43,0.2,0.22,0.26,0.24,0.26,0.29,0.48,0.41,0.34,0.42,0.31,0.45,0.42,0.35,0.38,0.41,0.46,0.36,0.45,0.31,0.23,0.36,0.16,0.26,0.3,0.25,0.38,0.43,0.33,0.21,0.35,0.38,0.27,0.29,0.29,0.56,0.46,0.61,0.19,0.46,0.34,0.6,0.47,0.53,0.45,0.55,0.42,0.34,0.36,0.33,0.33,0.68,0.17,0.41,0.5,0.51,0.56,0.27,0.38,0.4,0.39,0.35,0.29,0.41,0.46,0.43,0.45,0.55,0.33,0.32,0.48,0.46,0.3,0.61,0.39,0.4,0.33,0.4,0.47,0.41,0.47,0.42,0.3,0.42,0.37,0.22,0.25,0.24,0.27,0.29,0.28,0.32,0.31,0.33,0.3,0.24,0.31,0.45,0.45,0.49,0.37,0.46,0.39,0.38,0.44,0.46,0.54,0.15,0.18,0.15,0.21,0.3,0.45,0.43,0.11,0.16,0.14,0.18,0.36,0.36,0.35,0.39,0.45,0.35,0.35,0.34,0.5,0.44,0.47,0.53,0.52,0.4,0.2,0.29,0.27,0.4,0.31,0.3,0.38,0.4,0.19,0.18,0.19,0.2,0.21,0.21,0.21,0.34,0.21,0,0.21,0.29,0.29,0.24,0,0.31,0.27,0.26,0.29,0.27,0.2,0.23,0.2,0.16,0.26,0.33,0.18,0,0,0,0.17,0.2,0.24,0.17,0.27,0.17,0.16,0.18
20:5w3_percWT,13.97,13.64,11.55,13.22,13.36,16.15,15.58,15.58,21.13,11.89,14.22,10.52,17.97,17.66,11.32,16.01,13.28,15.98,10.68,16.58,15.89,15.98,16.98,14.92,17.32,13.08,13.38,12.85,14.99,15.18,16.03,17.92,19.05,18.9,17.52,18.42,21.91,18.33,17.33,15.49,16.12,15.94,18.42,14.38,18.49,17.03,19.56,16.2,16.01,16.62,16.17,15.41,16.59,15.91,19.19,14.2,16.29,13.81,14.42,14.36,16.57,16.05,19.92,18.3,15.73,20.25,13.83,13.51,15.12,18.37,NA,17.91,19.42,17.77,18.26,22.75,21.82,NA,16,20.8,15.78,NA,16.28,20.28,23.84,17.82,13.03,24.82,18.59,17.13,15.33,26.9,16.53,16.95,24.43,15.44,17.1,48.33,17.71,15.66,17.81,16.95,14.87,15.85,18.57,18.93,15.59,18.35,16.27,16.19,22.9,21.18,22.43,21.58,17.15,20.02,18.84,20.88,18.99,17.97,18.37,19.51,18.41,20.16,21.83,17.04,18.3,18.48,19.16,19.56,16.37,20.71,16.64,18.75,17.25,17.24,21.05,17.17,18.63,18.49,17.69,16.82,17.45,14.63,15.94,17.44,14.74,14.47,19.01,23.21,14.35,12.81,18.74,21.45,15.65,16.2,15.72,14.28,19.72,18.84,17.6,19.92,14.68,20.27,14.27,21.32,20.88,13.55,13.59,20.23,18.01,15.84,15.28,18.51,13.79,17.89,14.17,16.18,14.6,16.11,23.57,21.43,16.43,14.83,18.12,21.81,18.71,15.66,19.43,19.34,20.03,18,16.47,16.92,15.59,18.1,17.58,15.95,19.27,17.08,13.18,17.01,17.48,24.16,15.56,18.65,16.09,15.86,14.97,15.71,14.05,18.64,15.37,16.57,16.42,12.28,17.19,17.21,18.69,15.55,11.86,12.91,15.58,16.1,17.08,14.95,16.39,15.82,15.98,19.7,17.58,16.03,14.54,12.76,14.49,17.58,14.1,16.47,16.89,17.55,12.81,16.46,12.51,15.09,16.02,16.93,15.25,15.06,16.05,18,17.66,17.97,15.13,13.47,15.58,17.28,15.94,17.75,15.65,16.2,13.78,17.57,16.14,16.33,16.2,14.72,15.11,14.73,15.44,15,15.98,15.63,17.12,14.3,16.07,14.19,15.14,17.25,15.27,16.06,15.7,17.09,15.68,NA,15.33,15.27,15.52,16.33,17.01,16.57,14.02,16.1,16.46,16.39,17.8,15.65,15.96,15.62,14.04,15.54,16.09,16.16,15.35,14.96,14.03,16.5,16.59,18.69,14.18,18.13,16.09,16.35,15.48,14.52,21,14.09,19.7,15.63,16.49,15.65,14.66,18.32,17.82,15.73,18.57,14.26,16.49,12.64,16.56,12.72,17.73,15.8,16.41,15.34,18.62,16.26,19.79,24.56,20.69,15.23,11.4,13.03,16.1,15.86,16.95,17.51,16.88,21.22,18.19,15.36,19.1,16.62,16.14,18.17,15.21,14.73,22.02,15.32,14.62,17.15,12.33,15.77,15.6,13.37,18.57,15.57,19.64,17.39,14.9,15.8,15.71,15.19,14.45,16.65,16.9,10.78,12.59,15.37,14.05,9.53,18.43,22.64,14.32,NA,23.28,17.26,0,14.86,14.95,14.05,18.66,15.5,15.8,21.35,16.04,15.43,14.77,15.7,14.86,15.59,11.96,15.18,23.83,21.18,0,20.04,17.27,15.67,13.96,15.47,15.97,15.95,14.17,12.8,15.74,16.9,17.54,14.75,17.76,13.75,25.04,14.72,6.2,10.42,11.63,13.36,10.56,9.14,13,10.27,14.05,15.69,10.7,15.86,16.46,23.22,20.4,21.11,6.84,17.71,21.12,24.08,25.31,22.79,16.06,23.68,13.95,14.23,16.64,17.09,17.47,16.25,20.69,14.46,16.52,16.42,18.83,15.34,16.04,18.26,15.01,14.11,15.51,16.24,16.49,17,15.84,26.07,18.51,16.51,25.64,21.31,15.46,25.86,15.59,15.47,14.19,16.81,18.37,15.04,17.62,19.14,14.47,14.67,12.51,5.79,12.25,11.71,13.84,12.44,11.71,14.94,13.83,14.84,14.01,13,14.86,15.29,19.51,16.77,13.49,18.55,17.33,15.47,17.05,18.99,19.16,24.46,19.05,21.7,19.08,12.77,18.89,16.52,25.03,22.07,25.25,23.15,13.07,13.14,12.36,17.04,18.43,14.37,16.25,15.48,19.22,17.91,18.74,19.74,20.61,15.4,19.05,12.94,9.74,16.59,22.07,15.4,13.99,15.6,21.89,20.58,21.09,20.69,17.65,18.61,19.08,19.37,19.19,21.81,18.37,18.72,16.91,17.12,13.24,19.6,19.87,19.79,18.04,17.85,12.79,15.1,20.25,20.8,19.25,18.27,16.71,19.33,21.02,23.51,24.45,16.23,8.69,14.92,18.38,14.14,15.2,17.56
22:0_percWT,0.07,0.06,0.04,0.15,0.07,0.11,0.09,0.09,0.14,0.12,0.06,0.1,0.09,0.17,0.1,0.05,0.08,0.12,0.11,0.08,0.07,0.08,0.07,0.06,0.07,0.07,0.09,0.06,0.05,0.07,0.07,0.07,0.06,0.09,0.06,0.24,0.3,0.05,0.07,0.17,0.07,0.05,0.06,0.06,0.07,0.07,0.08,0.09,0.15,0.06,0.08,0.04,0.08,0.08,0.05,0.06,0.05,0.06,0.06,0.07,0.07,0.05,0,0.08,0.06,0.05,0.1,0.08,0.09,0.13,NA,0.07,0.07,0.5,0.04,0.1,0.04,NA,0.08,0.2,0.18,NA,0.3,0.78,0,0.24,0.09,1.12,0.12,0.51,0.17,0,0.36,0.32,0.67,0.13,0.36,1.44,0.32,0.28,0.14,0.23,0.19,0.12,0.19,0,0.07,0.12,0.12,0.33,0.15,0.13,0.2,0.11,0.07,0.12,0.11,0.1,0.09,0.11,0.13,0.12,0.08,0.09,0.13,0.33,0,0.07,0.05,0.06,0.07,0.07,0.09,0.09,0.08,0.14,0.05,0.08,0.07,0.09,0.14,0.24,0.14,0.18,0.27,0.12,0.32,0.13,0.31,0.26,0.14,0.31,0.17,0.49,0.17,0.19,0.23,0.47,0.15,0.1,0.26,0.22,0.29,0.28,0.18,0.28,0.26,0,0.1,0.3,0.18,0.2,0.13,0.14,0.11,0.13,0.07,0.19,0.32,0.22,0.2,0.49,0.27,0.22,0.59,0.16,0.13,0.17,1.35,0.26,0.14,0.28,0.13,0.21,0.26,0.13,0.12,0.11,0.1,0.22,0.14,0,0.06,0.33,0.17,0.08,0.1,0.05,0.08,0.04,0,0.12,0,0.06,0.07,0,0.08,0,0.08,0.1,0,0.04,0.05,0.03,0.05,0.09,0.03,0.02,0,0.05,0.04,0.02,0.03,0,0.05,0.04,0,0.05,0,0,0,0,0,0,0,0,0,0.02,0,0,0,0,0,0.02,0,0,0,0,0,0,0,0,0,0,0,0,0,0,0,0,0,0,0,0,0,0,0,0,0,0,0,0,0,NA,0,0,0,0,0,0,0,0,0,0,0,0,0,0,0,0,0,0,0,0,0,0,0,0,0,0,0,0,0,0,0,0,0,0,0,0,0,0,0,0,0,0,0,0,0,0,0,0,0,0,0,0,0,0,0,0,0,0,0,0,0,0,0.02,0,0,0,0,0,0,0,0,0,0,0,0,0,0,0,0,0,0,0,0,0,0,0.07,0.06,0.06,0.08,0.07,0.08,0.06,0.07,0.09,0.09,0.06,0.09,0.19,0.26,NA,0.22,0.09,0.26,0.11,0.09,0.08,0.08,0.12,0.1,0.17,0.17,0.14,0.08,0.1,0.08,0.08,0.13,0.18,0.25,0.28,0.35,0.17,0.1,0.09,0.06,0.07,0.13,0.08,0.09,0.07,0.09,0.06,0.08,0.07,0.06,0.06,0.21,0.09,0.12,0.09,0.12,0.08,0.13,0.13,0.1,0.09,0.07,0.08,0.09,0.11,0.12,0.09,0.11,0.14,0.09,0.11,0.14,0.13,0.1,0.08,0.14,0.1,0.1,0.1,0.11,0.13,0.13,0.18,0.33,0.08,0.12,0.14,0.08,0.22,0.08,0.14,0.12,0.1,0.15,0.12,0.13,0.1,0.09,0.08,0.13,0.1,0.11,0.13,0.09,0.1,0.07,0.07,0.05,0.08,0.06,0.06,0.06,0.13,0.07,0.11,0.11,0.1,0.07,0.07,0.08,0.07,0.07,0.06,0.06,0.06,0.08,0.07,0.08,0.1,0.07,0.09,0.09,0.08,0.07,0.08,0.08,0.07,0.08,0.38,0.37,0.41,0.36,0.08,0.07,0.08,0.24,0.24,0.26,0.26,0.1,0.08,0.07,0.06,0.1,0.07,0.08,0.08,0.09,0.09,0.07,0.09,0.07,0.08,0.36,0.08,0.09,0.21,0.32,0.51,0.2,0.13,0.14,0.2,0.5,0.38,0.56,0.79,0.24,0.76,0.76,0.36,0.65,0.29,0.35,0.51,6.96,0.1,0.18,0.43,0.08,0.2,0.2,0.09,0.29,0,0.48,0.47,0.18,1.18,0.31,0.42,0.4,0.16,0.14,0.08,0.33,0.22,0.15,0.22
22:1w11(13)_percWT,0.28,0.89,16.04,6.78,3.1,2.38,0.69,0.43,0.93,4.55,1.6,4.62,3.01,0.86,1.78,0.89,0.49,1.18,8.01,1,2.91,1.9,1.26,2.33,1.79,0.51,0.33,0.32,0.59,0.52,0.56,0.32,0.36,0.55,0.43,0.77,0.36,0.64,1.16,0.5,0.25,0.46,0.81,0.39,0.48,0.52,0.65,0.71,0.38,0.24,0.36,0.2,0.47,0.26,0.2,0.45,0.43,0.75,0.38,0.22,0.51,0.4,1.22,0.64,0.42,0.61,0.74,0.59,0.6,0,NA,0.65,0.3,0.4,0.25,0.28,0.26,NA,0.44,1.9,2.17,NA,2.32,0.55,0.97,2.34,1.76,0.43,1.15,0.59,0.61,0.35,1.63,0.92,0.69,2,0.51,0.66,0.39,0.81,0.62,0.46,2.7,0.95,0.55,0.83,0.42,0.42,0.42,0.82,0.44,0.51,0.89,0.96,0.31,0.73,0.83,0.83,0.58,0.82,0.99,1.09,0.48,0.63,0.87,1.52,0.37,1.45,1.52,0.73,2.11,0.48,0.94,1.27,1.69,0.53,0.53,1.18,2.06,1.67,0.46,0.39,0.2,0.32,0.22,0.36,0.45,0.36,0.28,0,0.5,0.69,0.41,0.23,0.32,0.47,0.29,0.22,0.2,0.32,0.4,0.18,0.47,0.23,0.47,0.48,0.15,0.97,0.51,0.18,0.99,0.59,0.44,0.2,0.73,0.21,1.08,0.53,1.39,0.43,0.09,0.29,0.27,1.69,0.42,0.17,0.18,2.86,0.51,0.7,0.71,0.32,0.62,0.87,0.43,0.21,0.29,0.66,0.33,0.32,2.84,2.86,2.77,1.51,9.81,2.39,2.79,0.93,2.02,0.88,1.64,3.06,0.78,2.26,4.98,0.62,1.34,1.02,3.32,2.23,4.8,2.44,0.5,0.69,0.3,2.66,1.51,0.53,0,4.49,1.92,2.01,1.44,3.15,2.81,0.66,2.48,4.39,2.32,2.94,0.48,5.08,0.39,1.88,1.69,0.75,4.86,2.59,1.67,6.08,1.45,3.11,0.42,3.35,4.09,2.72,2.27,1.29,3.66,4.17,0.56,0.31,0.23,0.24,0.68,0.39,0.26,0.52,0.25,0.47,1.72,0.35,0.37,0.29,0.62,0.34,0.48,0.25,0.4,0.36,0.32,0.28,0.34,NA,0.86,0.27,0.34,0.35,0.56,0.27,0.38,0.35,0.54,0.22,0.6,0.38,0.36,0.43,0.41,0.48,0.26,0.31,0.27,0.46,0.55,0.25,0.69,0.2,0.37,0.3,0.28,0.15,0.25,0.58,0.41,0.4,0.22,0.28,0.45,0.36,0.31,0.22,0.27,0.28,0.19,0.35,0.19,0.43,0.43,1.08,0.33,0.33,0.49,0.73,0.2,0.55,0.8,0,1.61,1.68,0.61,0.46,0.36,0.52,1.19,0.37,0.29,0.21,0.29,0.83,0.5,0.29,0.42,3.61,1.89,0.24,0.36,0.49,1.1,0.37,1.79,0.95,0.32,0.83,0.5,0.6,0.68,1.38,0.47,0.47,0.59,0.46,0.5,0.51,0.37,6.91,0.35,0.41,0.55,9,0.38,0.74,0,NA,0,0.37,0,0.53,0,0.65,0.34,0,0.49,0.44,0,0.54,0.46,0,0.52,0.34,3.13,2.28,0,0.91,1.29,0,0.79,0.42,0.65,0.41,0.61,0.4,0.51,0.47,0.35,0.39,0.48,0.56,0.47,0.46,0,0.65,4.25,2.82,3.63,0.51,12.56,7.46,0.52,0.52,0.4,0.66,0.55,0.75,2.11,0.33,0.83,0,0.35,0.44,0,0.44,0.34,0.35,0.48,0.56,3.24,2.04,3.54,5.66,3.27,2.68,0,3.29,2.53,3.83,1.74,4.75,1.73,2.72,3.62,2.33,6.56,2.57,3.92,2.14,3.7,0.25,0.92,0.27,0.42,0.66,1.44,0.24,0.54,0.37,0.77,1.26,0.61,0.36,0.28,0.51,0.47,0.31,0.39,0.43,0,0.44,0.43,0.25,0.35,0.41,0.37,0.25,0.48,0.36,0.47,2.39,2.24,0.95,2.2,2.08,1.63,2.26,1.3,1.16,1.41,0,0,0,0.42,0.53,0,0.42,0,0.7,0.26,0.49,0.4,0.35,0.25,0,0,0.68,0.97,0.28,0.37,0.52,0.48,0.3,0.56,1.83,0.33,0.33,0.64,0.2,0.3,0.34,0.26,0.27,0.25,0.54,0.45,0.36,0.3,0.33,0.26,0.27,0.17,0,0.39,0.75,0.62,0.46,0,0.34,0.3,0.3,0.28,0.38,0.43,0.62,0.27,0.18,0.23,1.71,0.33,0,0,0.23,0.25,0.27,2.86,0.27,0.49,0.3,0.34,0.23
22:1w9_percWT,0.53,0.49,0.85,1.32,0.92,1.3,1.18,0.82,1.09,1.36,0.98,1.5,1.34,0.99,1.31,0.74,0.56,0.61,1.51,0.73,0.92,0.85,0.82,1.15,1.05,0.73,0.58,0.52,0.67,0.59,0.71,0.47,0.57,0.49,0.41,0.86,0.53,0.48,0.54,0.44,0.86,0.46,0.47,0.64,0.47,0.66,0.54,0.6,0.54,0.43,0.52,0.63,0.47,0.49,0.37,0.67,0.62,0.7,0.58,0.61,0.5,0.66,0.54,0.46,0.48,0.52,0.43,0.44,0.49,0.53,NA,0.4,0.54,0.48,0.39,0.48,0.42,NA,0.39,0.76,0.83,NA,0.86,0.6,0.46,0.74,0.7,0.52,0.82,0.88,0.59,0.47,0.89,0.89,0.61,0.91,0.46,0,0.69,0.72,1.08,0.63,0.82,0.89,0.99,0.72,0.59,0.57,0.48,0.64,0.64,0.5,0.51,0.62,0.56,0.62,0.62,0.58,0.6,0.6,0.63,0.55,0.52,0.6,0.68,0.8,0.59,0.43,0.44,0.46,0.48,0.45,0.49,0.51,0.45,0.48,0.4,0.49,0.57,0.56,0.83,0.59,0.47,0.57,0.53,0.59,0.76,0.59,0.7,0.21,0.67,0.69,0.56,0.65,0.53,0.61,0.57,0.48,0.39,0.52,0.48,0.47,0.74,0.46,0.57,0.72,0.5,0.52,0.67,0.5,0.89,0.92,0.54,0.46,0.68,0.5,0.6,0.74,1.04,0.54,0.34,0.64,0.55,1.16,0.6,0.47,0.46,1,0.68,0.8,0.7,0.64,0.79,0.77,0.63,0.49,0.53,0.95,0.52,0.55,0.62,0.79,0.7,0.58,1,0.74,0.91,0.58,0.82,0.56,0.59,0.77,0.72,0.81,0.74,0,0.61,0.49,0.78,0.72,0.65,0.69,0.58,0.46,0.51,0.76,0.77,0.57,0.76,0.58,0.67,0.7,0.6,0.7,0.88,0.63,0.74,0.75,0.68,0.71,0.69,0.72,0.68,0.86,0.71,0.65,0.72,0.62,0.76,0.64,0.87,0.74,0.53,0.73,0.71,0.75,0.8,0.8,0.9,0.87,0.75,0.47,0.53,0.56,0.58,0.62,0.68,0.52,0.39,0.55,0.72,0.46,0.44,0.47,0.75,0.61,0.57,0.51,0.61,0.61,0.78,0.41,0.54,NA,0.46,0.48,0.45,0.51,0.49,0.43,0.52,0.46,0.52,0.39,0.66,0.49,0.62,0.62,0.57,0.48,0.45,0.43,0.39,0.25,0.5,0.39,0.64,0.4,0.48,0.45,0.41,0.34,0.39,0.5,0.4,0.6,0.39,0.54,0.59,0.48,0.46,0.3,0.4,0.42,0.37,0.46,0.34,0.55,0.52,0.63,0.51,0.47,0.6,0.6,0.44,0.63,0.56,0.43,0.77,0.61,0.81,0.48,0.22,0.58,0.58,0.5,0.55,0.51,0.42,0.58,0.58,0.58,0.65,0,0.89,0.47,0.21,0.57,0.87,0.6,0.56,0.82,0.35,0.47,0.5,0.53,0.13,0.49,0.39,0.76,1.13,1.06,1.03,1.07,0.58,1.54,0.98,1.09,1.07,1.37,0.98,1.2,2.56,NA,0.81,1.15,2.07,0.76,1.08,0.86,0.56,0.88,0.9,0.98,1.15,0.93,0.65,1,0.84,0.8,1.17,1.85,1.91,1.19,1.85,0.87,0.84,0.79,0.58,0.65,0.81,0.87,0.61,0.88,0.76,0.51,0.86,0.82,0.72,0.87,0.72,1.4,1.69,1.54,1.99,0.65,2.47,2.15,0.86,1.03,0.6,0.8,0.83,0.87,1.14,0.56,0.72,1.35,0.86,0.59,1.25,0.62,0.7,0.64,1.08,0.52,1.47,0.95,1.75,1.31,1.2,1.7,2,1.38,1.3,1.3,0.99,1.57,1.05,1.55,1.04,1.4,1.3,1.33,2.1,0.75,1.22,0.5,0.88,0.67,0.52,0.79,0.66,0.61,0.71,0.43,0.6,0.74,0.55,0.7,0.42,0.72,0.76,0.6,0.61,0.51,0.77,0.76,0.73,0.5,0.54,0.82,0.77,0.76,0.91,0.71,0.86,0.8,0.75,0.9,0.82,1.08,0.85,0.63,0.94,0.78,0.84,0,1.97,2.63,1.01,0.9,1.45,1.09,2,0.83,2.54,1.65,0.99,0.45,0.31,0.64,0.54,1.28,0.58,0.43,0.77,0.78,0.57,0.66,0.68,0.6,1.09,0.71,0.9,0.31,0.46,0.43,0.31,0.35,0.71,0.93,1.12,0.79,0.79,0.98,0.62,1.11,0.81,0.78,1.06,1.16,0.9,0.9,0,0.96,0.68,0.68,0.64,0.69,0.61,0.73,0.73,0.68,0.76,0.97,0.61,0,0,0,0.56,0.58,0.95,0.48,0.8,0.66,0.65,0.65
22:1w7_percWT,0.89,0.65,0.59,0.93,1.06,1.17,1.35,0.59,0.77,0.85,0.5,3.4,1.15,1.16,1.08,0.58,1.03,0.63,0.97,1.43,0.96,0.83,0.66,1.06,2.64,1.59,0.55,0.45,0.61,0.66,0.68,0.48,0.41,0.56,0.59,0.93,0.66,0.36,0.56,0.73,0.54,0.52,0.35,0.6,0.57,0.55,0.53,0.58,0.67,0.45,0.61,0.55,0.71,0.54,0.32,0.51,0.45,0.58,0.49,0.62,0.71,0.56,0.94,0.52,0.6,0.74,0.55,1.05,0.53,2.09,NA,0.52,1.22,2.19,0.29,0.47,0.57,NA,0.8,1.27,0.79,NA,1.57,2.57,4.35,1.36,0.85,3.81,0.81,1.64,1.28,0.93,1.64,1.54,3.1,1.53,1.24,4.99,1.21,1.43,1.19,0.92,1.11,0.75,1.21,0.59,0.58,1.26,0.62,1.38,0.67,0.59,0.91,0.72,0.44,0.87,0.89,0.91,1.11,0.83,1.37,0.64,0.52,0.72,0.92,2.03,0.87,0.41,0.44,0.79,0.84,1.1,0.85,0.55,0.83,0.62,0.49,0.75,0.59,0.94,0.74,1.03,1.51,1.6,0.64,0.59,1.24,1.65,1.04,3.65,0.69,1.64,1.07,1.23,0.88,0.77,0.88,1.72,0.51,0.79,0.73,0.62,1.1,1.27,1.05,0.63,0.58,0.53,1.87,2.91,0.89,1,0.85,0.97,1.01,0.45,0.81,2.61,1.91,1.18,1.65,1.82,1.2,1.47,3.61,0.4,1.6,1.18,5.24,1.51,0.87,1.03,1.53,1.37,0.95,0.41,0.91,0.62,0.69,0.72,0.59,0.57,0.73,1.82,2,0.44,0.75,0.59,1.92,0,0.49,0,0.66,1.11,1.22,0,0,0.5,0,0,0.42,0.62,0.81,0.54,0.9,1.03,0.45,0.93,4.73,1.21,0.43,0.45,0.52,0.6,0.75,1.17,0.51,0.94,0.58,0,0,0,0,0,0.36,0.53,0.46,0.59,0,0.48,0.64,0.48,0.6,0.56,1.13,0.5,0.54,0.59,0.65,0.56,2.02,0.38,0.47,0.44,0.49,0.74,0.52,0.45,0.51,0.68,0.58,0.46,0.37,0.46,0.59,0.65,0.52,0.66,0.5,0.58,0.65,0.45,0.6,NA,0.47,0.62,0.53,0.41,0.49,0.42,0.7,0.38,0.4,0.44,0.6,0.5,0.56,0.44,0.59,0.53,0.49,0.45,0.36,0.61,0.46,0.39,0.5,0.36,0.51,0.24,0.55,0.31,0.35,0.62,0.72,0.74,0.64,0.49,0.43,0.78,0.65,0.37,0.51,0.47,0.35,0.49,0.26,0.72,0.62,0.57,0.36,0.36,0.41,0.55,0.31,0.72,0.95,1.54,0.45,0.39,0.46,0.6,0.38,0.71,0.53,0.4,0.33,1.28,0.34,0.42,0.42,0.46,0.34,0.57,0.6,0.19,0.43,0.53,0.72,0.37,0.16,0.74,0.34,0.39,0.66,0.44,0.24,0.28,0.51,0.52,0.55,0.77,1.11,0.82,0.46,0.42,1.62,0.83,0.84,0.38,1.27,1.2,1.38,NA,1,0.47,2.22,0.86,1.28,0.7,0.39,0.83,0.87,1.38,1.1,0.94,0.63,1,1.04,0.67,0.71,1.74,1.25,4.34,2.36,0.88,0.72,0.58,0.52,0.53,0.7,0.99,0.5,0.82,0.49,0.41,0.54,0.53,0.72,0.81,0.84,0.91,0.98,1.22,0.81,0.66,1.03,0.52,0.8,2.23,0.57,1.25,1.12,1.09,0.93,0.77,0.77,1.57,0.94,0.78,1.39,1.03,1.25,0.83,1.2,0.92,0.62,0.77,1.11,0.75,0.7,0.88,1.77,0.74,0.82,0.73,0.83,0.64,0.64,0.78,0.7,0.72,1.43,0.69,0.95,1.1,1.17,0.8,0.96,0.8,0.74,0.79,0.55,0.65,0.55,0.35,0.45,0.46,0.43,0.36,0.26,0.78,0.82,0.85,0.65,0.66,0.69,0.72,0.74,0.69,0.54,0.68,0.75,0.79,0.99,0.59,0.81,1.25,0.42,0.6,0.51,0.88,0.52,0.56,0.55,0.38,0.51,2.44,1.76,1.46,1.13,0.62,1.09,0.88,2.25,0.99,1.36,1.17,0.56,0.43,0.34,0.55,0.57,0.86,0.55,0.59,0.77,0.87,0.5,0.57,0.53,0.53,3.02,0.68,1.48,0.97,1.16,1.98,0.85,0.88,2.17,1.17,2.19,4,2.21,2.36,0.92,1.61,3.75,3.23,1.89,1.91,1.56,2.41,33.05,0.7,0.6,2.35,0.69,1.09,1,0.82,1.85,3.32,1.75,2.72,0.7,10.08,7.19,6.92,2.28,0.75,1.35,0.73,1.27,0.97,0.65,2.57
22:2NMIDa?_percWT,0.34,0.3,0.11,0.33,0.34,0.6,0.42,0.1,0.13,0.17,0.16,0.49,0.13,0.39,0.49,0.12,0.34,0.3,0.59,0.31,0.41,0.27,0.24,0.2,0,0.26,0.21,0.17,0.08,0.09,0.18,0.15,0.13,0.16,0.15,0.2,0.1,0.15,0.17,0.12,0.16,0.14,0.1,0.06,0.2,0.13,0.16,0.13,0.12,0.1,0.13,0.11,0.26,0.11,0.1,0.19,0.08,0.08,0.07,0.14,0.13,0.05,0.08,0.2,0.13,0.12,0.12,0.21,0.13,0,NA,0.15,0.09,0,0.07,0.13,0.1,NA,0.31,0.24,0.19,NA,0.18,0.29,0,0.25,0.17,0,0.17,0.33,0.59,0,0.37,0.26,0,0.43,0,0,0.33,0.3,0.4,0.39,0.31,0.23,0.17,0.23,0.13,0.13,0.17,0.15,0.17,0.11,0.34,0.4,0.14,0.2,0.26,0.17,0.27,0.29,0.33,0.21,0.07,0.19,0.22,0.44,0.09,0.17,0.08,0.19,0.15,0.05,0.21,0.32,0.22,0.08,0.07,0.09,0.16,0.24,0.27,0.33,0.33,0.44,0.22,0.29,0.31,0.36,0.24,0,0.32,0.45,0.32,0.29,0.3,0.35,0.38,0.39,0.28,0.3,0.3,0.29,0.34,0.33,0.43,0.16,0.27,0.2,0.45,0,0.28,0.13,0.1,0.22,0.29,0.19,0.27,0.56,0.4,0.49,0.14,0.42,0.22,0.47,0,0.19,0,0.28,0,0.43,0.22,0.05,0.38,0.45,0.29,0.16,0.07,0.08,0.24,0.22,0.33,0.09,0.08,0,0,0.06,0.09,0.24,0,0.2,0.21,0,0.22,0.26,0.3,0.26,0,0.08,0,0.25,0.16,0.37,0.38,0.2,0.29,0.33,0.2,0.35,0,0,0.16,0.2,0.28,0.35,0.4,0,0.28,0.33,0.27,0.41,0.51,0.46,0.46,0.47,0.36,0.2,0.2,0.23,0.52,0.05,0.28,0.06,0.41,0.31,0.6,0.15,0.08,0.24,0.28,0.23,0,0.16,0.19,0.19,0.13,0.31,0.11,0.19,0.24,0.31,0.28,0.09,0.15,0.15,0.04,0.17,0.2,0.24,0.23,0.21,0.16,0.02,0.25,NA,0.19,0.19,0.03,0.04,0.2,0.03,0.28,0.19,0.02,0.23,0.17,0.03,0.13,0.08,0.18,0.26,0.18,0.02,0.02,0.02,0.01,0.2,0.21,0.03,0.25,0.04,0.27,0.02,0.03,0.25,0.28,0.12,0,0.02,0.24,0.24,0.26,0.29,0.28,0.2,0.15,0.24,0.01,0.2,0.18,0.29,0.17,0.17,0.16,0.26,0.12,0.27,0.5,0,0,0.28,0.38,0.26,0.16,0.26,0.12,0.2,0.15,0,0.21,0.19,0.31,0.37,0.15,0,0.17,0.17,0.21,0.21,0.72,0.16,0.35,0.29,0.21,0.2,0.44,0.44,0,0.12,0.33,0.19,0.18,0.18,0.27,0.22,0.22,0.27,0.19,0.17,0.2,0.22,0.25,0.18,0.21,NA,0.11,0.15,0.25,0.13,0.12,0.12,0.12,0.19,0.17,0.11,0.15,0.16,0.23,0.16,0.16,0.2,0.21,0.31,0.16,0,0.4,0.13,0.28,0.23,0.21,0.19,0.21,0.19,0.2,0.13,0.24,0.15,0.18,0.18,0.13,0.25,0.06,0.25,0.59,0.58,0.56,0.21,0,0.08,0.21,0.25,0.16,0.31,0.34,0.43,0.3,0.18,0.44,0.13,0.19,0.22,0.4,0.19,0.05,0.19,0.17,0.14,0.23,0.22,0.17,0.1,0.16,0.13,0.29,0.24,0.21,0.17,0.12,0.08,0.25,0.22,0.22,0.26,0.32,0.28,0.23,0.09,0.36,0.11,0.37,0.09,0.14,0.25,0.22,0.06,0.26,0.14,0.23,0.29,0.21,0.12,0.15,0.3,0.24,0.07,0.15,0.27,0.29,0.17,0.19,0.1,0.16,0.18,0.15,0.17,0.2,0.13,0.23,0.28,0.19,0.2,0.2,0.18,0.24,0.27,0.23,0.16,0.21,0,0.19,0.09,0.17,0.12,0.23,0.15,0,0.13,0.07,0.15,0.27,0.26,0.23,0.25,0.26,0.23,0.15,0.1,0.29,0.24,0.18,0.03,0.17,0.18,0.35,0.21,0.21,0.54,0.23,0.58,0.5,0.56,0.29,0.26,0.24,0,0.32,0.42,0.18,0.17,0,0,0.27,0.35,0.31,0.35,0,0.25,0.13,0.33,0.1,0.23,0.32,0.3,0.24,0,0.16,0,0.27,0,0,0,0,0.28,0.43,0.24,0.25,0.29,0.24,0.35
22:2NMIDb?_percWT,0.78,0.63,0.03,0.38,0.73,1.04,1.08,1.19,0.93,0.4,0.52,1.15,1.04,0.81,1.03,1.02,0.51,0.58,0.4,0.66,0.73,0.75,0.75,0.66,0.74,0.63,0.7,0.59,0.85,0.88,0.69,0.52,0.49,0.48,0.42,0.7,0.32,0.39,0.57,0.37,0.48,0.51,0.44,0.77,0.51,0.53,0.47,0.51,0.48,0.39,0.46,0.81,0.44,0.37,0.41,0.8,0.66,0.83,0.62,0.6,0.31,0.65,0.81,0.84,0.41,0.51,0.2,0.46,0.42,0.34,NA,0.6,1.08,0.2,0.58,0.38,0.25,NA,0.41,0.75,0.41,NA,0.71,0.14,0,0.35,0.57,0,0.45,0.57,0.88,0.18,0.66,0.51,0,0.59,0.22,0.28,0.76,0.64,0.6,0.51,0.47,0.49,0.41,0.79,0.26,0.3,0.4,0.49,0.17,0.2,0.34,0.3,0.59,0.54,0.54,0.55,0.63,0.83,0.96,0.53,1.39,0.6,0.58,0.8,2.14,0.23,0.7,0.78,0.51,0.93,0.49,1.17,0.77,0.98,0.78,0.84,0.53,0.65,1.17,0.85,0.4,0.71,0.63,1.05,0.79,0.94,0.69,0.1,0.79,0.83,0.89,0.51,0.61,0.89,0.86,0.61,0.59,0.69,0.63,0.62,0.75,0.56,0.73,0.78,0.54,0.56,0.87,0.48,0.62,1.53,1.34,0.76,0.62,0.66,0.68,0.81,0.87,1.1,0.25,0.51,0.78,1.01,0.44,0.65,0.76,0.56,0.47,0.67,0.53,1.27,1.12,0.83,1.19,0.74,1.14,1.37,0.86,0.61,0.49,1.11,1.11,0.3,0.54,1.04,1.4,0.94,1.16,0.87,0.53,1.18,0.6,0.69,1.09,0.53,1.54,0.97,1.24,1.15,0.51,1,1.03,0.82,0.84,0,0.8,1,0,0,0.6,0.59,0.87,0.76,0.86,0.63,0.79,1.03,0.87,0.04,0.13,0.03,0.16,0.13,0.03,0.71,0.54,0.62,0.13,1.27,0.59,1.1,0.59,0.75,0.99,0.63,1.14,0.56,0.8,0.4,0.82,0.6,0.53,0.57,0.43,0.72,0.54,0.45,0.84,0.8,0.7,0.31,0.48,0.43,1.23,0.58,0.79,0.55,0.53,0.92,0.59,0.79,1.17,NA,0.97,0.95,1.28,0.91,0.87,0.97,1.34,0.69,0.8,0.5,0.71,1.27,0.39,0.44,0.6,0.9,1.06,1.15,0.97,1.64,1.42,0.87,1.15,1.06,1.15,1.54,0.85,1.18,1,0.98,1.19,0.95,0.43,0.99,0.93,1.66,0.82,1.04,1.03,0.75,0.7,0.7,1.05,1.01,0.65,1.26,0.63,0.87,0.72,0.95,0.73,0.74,1.37,0,1,0.64,0.79,0.93,0.61,1.04,0.59,0.51,0.67,0,0.86,0.54,0.61,0.78,0.43,0.37,0.67,0.68,0.52,0.39,0.85,0.41,0.74,0.69,0.8,0.49,0.61,1.46,0.15,0.24,0.83,0.63,0.47,0.55,0.79,0.53,0.72,0.17,0.53,0.54,0.7,0.12,0.63,0.69,0.75,NA,0.44,0.53,0.6,0.48,0.39,0.89,0.35,0.55,0.46,0.4,0.51,0.47,0.74,0.5,0.69,0.57,1.67,1.07,0.48,0.26,1.23,0.61,0.94,0.77,0.74,0.61,0.75,0.51,0.59,0.38,0.67,0.53,0.51,0.54,0.49,0.72,0.24,1.17,0.66,0.42,0.46,0.83,0.07,0.08,0.77,0.79,0.6,0.76,1.15,0.8,0.79,0.44,0.5,0.28,0.32,0.71,1.12,0.51,0.22,0.68,0.46,0.52,0.34,0.6,0.25,0.31,0.39,0.48,0.61,0.39,0.28,0.26,1.27,0.62,0.85,0.37,1.01,0.91,0.5,0.65,0.85,1.14,0.65,0.22,0.56,0.58,0.27,0.55,0.53,0.11,0.61,0.38,0.5,0.81,0.43,0.27,0.32,0.59,0.72,0.97,0.5,0.5,0.89,0.69,0.6,0.55,0.61,0.65,0.53,0.43,0.64,1.02,0.66,0.35,0.64,0.47,0.51,0.41,0.64,0.55,0.58,0.48,0.44,0.26,0.6,0.36,0.42,0.65,0.43,0.6,0.13,0.35,0.18,0.4,0.67,0.64,0.56,0.53,0.6,1.14,0.63,0.69,0.76,0.54,0.77,0.43,0.61,0.49,0.7,0.54,0.59,0.65,0.45,0.78,0.67,0.75,0.76,0.75,0.7,0.78,0.46,0.49,0.3,0.27,0.28,0,0.72,0.89,0.97,0.84,0,0.99,0.91,0.82,0.96,0.66,1.03,0.93,0.85,0.45,0.67,0.48,1.03,0,0.42,0,0.12,0.89,0.45,1.01,0.76,0.99,0.95,1
21:5w3?_percWT,0.01,0.02,0,0,0,0,0,0.02,0,0,0.09,0,0,0,0.03,0.01,0,0,0,0.03,0.02,0.02,0.02,0.02,0.03,0,0,0,0,0,0,0.04,0,0,0,0,0,0,0.01,0,0,0,0,0,0,0.02,0,0.02,0.01,0,0,0,0,0,0,0,0.02,0,0,0.02,0,0,0,0,0.02,0,0,0,0,0,NA,0,0,0,0,0,0,NA,0,0,0,NA,0,0,0,0,0,0,0.01,0,0,0,0,0,0,0,0.04,0,0,0.01,0,0,0,0,0,0.03,0,0,0,0,0.05,0.02,0,0,0,0,0,0.01,0,0,0,0,0,0,0.02,0,0,0,0,0,0,0,0,0,0,0.02,0,0,0,0.02,0,0,0,0,0,0,0,0,0,0,0,0,0,0,0,0,0,0,0,0,0,0,0,0,0,0,0,0.02,0,0,0,0,0,0,0,0,0,0,0,0,0,0,0,0,0,0,0,0,0,0,0,0,0,0,0,0,0,0,0,0,0,0.02,0,0,0,0,0,0.02,0,0,0.02,0,0.02,0.03,0,0.02,0,0.02,0,0,0,0,0.02,0.02,0,0,0.01,0.01,0,0,0.02,0.03,0.02,0.02,0.02,0.02,0.01,0,0.02,0.76,0.53,0.67,0.51,0.62,0.65,0.02,0.02,0.03,0.71,0,0,0,0.04,0.03,0,0.02,0,0,0,0.02,0,0,0,0,0,0,0,0,0,0,0,0.02,0,0,0,0,0,0,0.05,0.04,0,0,0,NA,0,0,0,0,0.02,0.04,0,0.05,0.06,0.04,0,0.06,0,0,0,0.05,0,0.04,0,0,0,0.05,0,0,0,0.04,0.05,0,0,0.05,0,0.04,0,0,0.06,0,0.07,0,0,0.06,0,0,0.03,0,0,0,0.04,0.02,0.02,0,0.03,0,0,0,0,0.03,0,0.03,0,0,0,0,0,0,0,0.03,0,0,0.03,0,0.03,0.04,0,0,0,0.04,0.02,0.05,0,0.04,0.04,0,0.01,0,0,0,0,0,0.02,0,0,0,0,0,0,0,0,0,0,NA,0,0,0,0,0,0,0,0,0,0,0,0,0,0,0,0,0,0,0,0,0,0,0,0,0,0,0,0,0,0,0,0,0,0,0,0,0,0,0,0,0,0,0,0,0,0,0,0,0,0,0,0,0,0,0,0,0,0.04,0,0,0,0,0,0,0,0,0.03,0,0,0,0,0,0,0,0,0,0,0,0,0,0,0,0,0,0,0,0,0,0,0,0.03,0.04,0,0.03,0.08,0.02,0.02,0.02,0.02,0,0,0,0,0,0.05,0,0,0.01,0.02,0.01,0,0,0.02,0,0.03,0,0.02,0,0.07,0.03,0,0.02,0,0,0,0,0,0,0,0,0.99,0,0,0,0,0.02,0.02,0,0,0,0,0,0,0,0,0,0,0,0,0,0,0,0,0,0,0,0,0,0,0,0,0,0,0,0,0,0,0,0,0,0,0,0,0,0,0,0,0,0,0,0,0,0,0,0,0,0,0,0,0,0,0,0,0
23:0_percWT,0,0,0,0,0,0,0,0,0,0,0,0,0,0,0,0,0,0,0,0,0,0,0,0,0,0,0,0,0,0,0,0,0,0,0,0,0,0,0,0,0,0,0,0,0,0,0,0,0,0,0,0,0,0,0,0,0,0,0,0,0,0,0,0,0,0,0,0,0,0,NA,0,0,0,0,0,0,NA,0,0,0,NA,0,0,0,0,0,0,0,0,0,0,0,0,0,0,0,0,0,0,0,0,0,0,0,1.65,0,0,0,0,0,0,0,0,0,0,0,0,0,0,0,0,0,0,0,0,0,0,0,0,0,0,0,0,0,0,0,0,0,0,0,0,0,0,0,0,0,0,0,0,0,0,0,0,0,0,0,0,0,0,0,0,0,0,0,0,0,0,0,0,0,0,0,0,0,0,0,0,0,0,0,0,0,0,0,0,0,0,0,0,0,0,0,0,0,0,0,0,0,0,0,0,0,0,0,0,0,0,0,0,0,0,0,0,0,0,0,0,0,0,0,0,0,0,0,0,0,0,0,0,0,0,0,0,0,0,0,0,0,0,0,0,0,0,0,0,0,0,8.77,0,0,0,0,0,0,0,0,0,0,0,0,0,0,0,0,0,0,0,0,0,0,0,0,0,0,0,0,0,3.95,0,0,0,0,NA,0,0,0,0,0,0,7.77,0,0,0,0,0,0,0,0,0,0,0,0,0,0,0,0,0,0,0,0,0,0,0,0,0,0,0,0,0,0,0,0,0,0,0,0,0,0,0,0,0,0,0,0,0,0,0,0,0,0,0,0,0,0,0,0,0,0,0,0,0,0,0,0,0,0,0,0,0,0,0,0,0,0,0,0,0,0,0,0,0,0,0,0,0,0,0,0,0,0,0,0,NA,0,0,0,0,0,0,0,0,0,0,0,0,0,0,0,0,0,0,0,0,0,0,0,0,0,0,0,0,0,0,0,0,0,0,0,0,0,0,0,0,0,0,0,0,0,0,0,0,0,0,0,0,0,0,0,0,0,0,0,0,0,0,0,0,0,0,0,0,0,0,0,0,0,0,0,0,0,0,0,0,0,0,0,0,0,0,0,0,0,0,0,0,0,0,0,0,0,0,0,0,0,0,0,0,0,0,0,0,0,0,0,0,0,0,0,0,0,0,0,0,0,0,0,0,0,0,0,0,0,0,0,0,0,0,0,0,0,0,0,0,0,0,0,0,0,0,0,0,0,0,0,0,0,0,0,0,0,0,0,0,0,0,0,0,0,0,0,0,0,0,0,0,0,0,0,0,0,0,0,0,0,0,0,0,0,0,0,0,0,0,0,0,0,0
22:4w6?_percWT,0,0,0.09,0,0,0,0,0,0,0,0,0.14,0,0,0,0,0,0,0,0,0.1,0,0,0,0,0,0,0,0,0,0,0,0,0,0,0,0,0,0,0,0,0,0,0,0,0,0,0,0,0,0,0,0,0,0,0,0,0,0,0,0,0,0,0,0,0,0,0,0.05,0,NA,0,0,0,0,0,0,NA,0,0,0,NA,0,0,0,0,0,0,0,0,0,0,0,0,0,0,0,0,0,0,0,0,0,0,0,0,0,0,0,0,0,0,0,0,0.06,0,0,0,0,0,0,0,0,0,0,0,0,0,0,0,0,0,0,0,0,0,0,0,0,0,0,0,0,0,0,0,0,0,0,0,0,0,0,0,0,0,0,0,0,0,0,0,0,0,0,0,0,0,0,0,0,0,0,0,0,0,0,0,0,0.43,0,0,0,0,0,0,0,0,0,0,0,0,0,0,0,0,0,0,0,0,0,0.01,0.05,0,0,0,0,0,0,0,0,0,0,0,0,0,0,0,0,0,0,0,0,0.01,0,0.1,0,0,0,0.02,0,0,0,0,0,0,0,0,0,0.33,0.58,0.45,0.67,0.49,0.47,0,0,0,0.89,0.04,0,0,0,0.02,0,0.02,0,0,0,0,0,0,0,0,0,0,0,0,0,0,0,0,0.02,0,0,0,0,0,0,0,0,0,0,NA,0,0,0,0,0,0,0,0,0,0,0,0,0.08,0,0,0,0,0.03,0,0,0,0,0,0,0,0,0,0,0,0,0,0,0,0,0,0,0,0,0,0,0,0,0,0,0,0,0,0,0,0,0,0,0.13,0,0,0,0,0.04,0,0,0,0,0,0,0,0,0,0,0.03,0,0,0,0,0,0,0,0,0,0,0,0,0,0.02,0,0,0,0,0,0.01,0,0,0.03,0,0.02,0.02,0,0,0,0.46,NA,0,0.11,0,0.03,0.12,0,0,0,0.11,0,0.29,0.05,0,0,0,0,0,0,0,0,0.7,0,0.01,0.11,0,0,0,0.12,0,0.2,0.09,0,0.1,0.09,0,0,0,0,0.02,0,0,0,0,0.18,0,0.24,0,0,0,0,0,0.06,0,0.2,0.11,0.04,0,0.05,0.13,0.17,0.24,0,0,0.08,0,0,0,0,0.27,0.05,0.03,0,0,0,0,0.03,0,0,0,0.02,0,0,0,0.03,0,0.24,0,0.18,0,0.17,0.02,0,0.21,0,0,0.14,0,0.01,0,0.14,0,0,0.03,0,0.05,0,0,0,0.05,0.01,0,0.08,0,0,0.01,0.09,0.01,0,0,0.02,0.18,0,0.11,0.4,0,0,0,0,0,0,0,0,0,0.35,0,0,0,0,0.05,0,0.06,0.03,0.12,0.12,0.05,0.14,0,0,0,0,0,0,0,0,0,0,0,0,0,0,0,0,0,0,0,0,0,0,0,0,0,0,0,0,0,0,0,0,0,0,0,0,0,0,0,0,0,0,0,0,0,0,0,0
22:5w6_percWT,0.6,0.54,0.13,0.29,0.42,0.63,0.73,0.3,0.62,0.47,0.4,0.55,0.55,0.64,0.66,0.41,0.45,0.6,0.26,0.4,0.46,0.39,0.42,0.41,0.45,0.47,0.46,0.42,0.35,0.34,0.33,0.3,0.36,0.28,0.24,0.58,0.3,0.27,0.36,0.24,0.33,0.24,0.29,0.34,0.28,0.37,0.27,0.35,0.34,0.25,0.35,0.35,0.25,0.23,0.24,0.37,0.32,0.28,0.36,0.37,0.27,0.36,0.3,0.29,0.35,0.32,0.31,0.28,0.29,0.61,NA,0.28,0.29,0.53,0.33,0.42,0.27,NA,0.3,0.29,0.4,NA,0.28,0.22,0.19,0.28,0.26,0.21,0.58,0.44,0.46,0.4,0.41,0.34,0.23,0.32,0.28,0.16,0.37,0.27,0.35,0.31,0.37,0.44,0.23,0.5,0.36,0.23,0.27,0.51,0.25,0.24,0.34,0.2,0.38,0.31,0.39,0.29,0.36,0.35,0.3,0.29,0.36,0.44,0.39,0.38,0.53,0.22,0.28,0.29,0.23,0.28,0.27,0.27,0.26,0.28,0.25,0.31,0.27,0.32,0.43,0.39,0.46,0.41,0.33,0.56,0.56,0.43,0.53,0.58,0.58,0.59,0.53,0.36,0.49,0.51,0.52,0.97,0.46,0.39,0.47,0.46,0.5,0.37,0.5,0.48,0.29,0.65,0.54,0.51,0.77,0.57,0.4,0.3,0.3,0.42,0.69,0.56,0.61,0.6,0.57,0.67,0.55,0.98,0.61,0.37,0.52,0.78,0.97,0.68,0.67,0.42,0.67,0.65,0.36,0.65,0.35,0.52,0.44,0.51,0.49,0.55,0.34,0.58,0.39,0.41,0.35,0.53,0.38,0.57,0.59,0.34,0.63,0.44,0.32,0.42,0.72,0.39,0.3,0.47,0.38,0.51,0.55,0.57,0.52,0.29,0.42,0.5,0.54,0.42,0.4,0.51,0.52,0.47,0.44,0.44,0.67,0.32,0.79,0.28,0.39,0.26,0.38,0.35,0.33,0.44,0.43,0.47,0.38,0.24,0.42,0.37,0.47,0.45,0.3,0.39,0.52,0.48,0.42,0.44,0.7,0.45,0.42,0.41,0.41,0.54,0.4,0.37,0.5,0.4,0.57,0.37,0.34,0.37,0.5,0.47,0.58,0.39,0.43,0.53,0.41,0.36,0.53,NA,0.37,0.41,0.45,0.43,0.48,0.43,0.5,0.35,0.45,0.37,0.58,0.52,0.33,0.43,0.44,0.49,0.41,0.34,0.43,0.43,0.4,0.28,0.37,0.36,0.31,0.31,0.3,0.26,0.32,0.33,0.33,0.31,0.35,0.3,0.32,0.32,0.26,0.25,0.34,0.33,0.35,0.4,0.25,0.35,0.42,0.42,0.33,0.34,0.42,0.44,0.38,0.5,0.45,0.42,0.51,0.43,0.49,0.33,0.29,0.4,0.48,0.37,0.51,0.51,0.32,0.36,0.33,0.38,0.34,0.4,0.16,0.37,0.42,0.41,0.46,0.35,0.38,0.48,0.36,0.39,0.44,0.43,0.32,0.28,0.43,0.62,0.58,0.5,0.52,0.46,0.35,0.22,0.48,0.66,0.52,0.17,0.59,0.62,0.61,NA,0.77,0.56,0.88,0.24,0.31,0.3,0.38,0.25,0.24,0.41,0.35,0.29,0.26,0.2,0.25,0.55,0.27,0.64,0.5,0.64,0.92,0.66,0.54,0.43,0.32,0.35,0.61,0.36,0.34,0.32,0.38,0.36,0.47,0.4,0.28,0.5,0.63,0.43,0.23,0.31,0.27,0.45,0.48,0.19,0.6,0.4,0.39,0.34,0.22,0.35,0.25,0.34,0.32,0.26,0.09,0.29,0.35,0.35,0.29,0.33,0.26,0.33,0.25,0.47,0.32,0.41,0.39,0.52,0.41,0.36,0.42,0.41,0.37,0.51,0.46,0.43,0.59,0.45,0.4,0.34,0.28,0.29,0.35,0.22,0.35,0.23,0.22,0.3,0.23,0.18,0.25,0.2,0.19,0.27,0.27,0.19,0.27,0.45,0.29,0.21,0.18,0.05,0.42,0.43,0.43,0.41,0.36,0.59,0.42,0.59,0.59,0.46,0.54,0.23,0.37,0.23,0.3,0.26,0.24,0.35,0.29,0.39,0.5,0.47,0.67,0.49,0.45,0.4,0.67,0.61,0.74,0.58,0.52,0.45,0.27,0.26,0.25,0.29,0.29,0.5,0.29,0.35,0.28,0.32,0.3,0.26,0.28,0.23,0.4,0.45,0.28,0.26,0.33,0.33,0.31,0.29,0.39,0.43,0.36,0.34,0.26,0.34,0.29,0.23,0.24,0.45,0.47,0.42,0.42,0.35,0,0.44,0.36,0.34,0.41,0.43,0.35,0.44,0.39,0.57,0.33,0.34,0.4,0.37,0.27,0.28,0.42,0.39,0.32,0.4,0.42,0.54,0.44,0.44
22:4w3?_percWT,0.01,0.01,0,0,0,0,0,0,0,0,0,0,0,0,0,0.05,0,0,0.05,0.01,0.02,0.01,0.01,0.02,0,0,0,0,0,0,0,0.1,0,0,0,0,0,0,0.01,0,0.1,0.06,0,0,0,0.06,0,0,0,0.08,0.07,0,0,0,0,0,0.1,0.06,0,0,0,0,0,0,0,0,0.03,0,0,0,NA,0,0,0,0,0.04,0,NA,0,0,0,NA,0,0,0,0,0,0,0.04,0,0.01,0,0,0.02,0,0,0,0,0,0,0,0,0,0,0,0,0,0,0,0,0.08,0,0,0,0,0,0.04,0,0,0,0.05,0,0,0,0.03,0,0,0.01,0.09,0,0,0,0.08,0,0.15,0,0,0.04,0,0,0,0,0,0,0,0,0,0,0,0,0,0,0,0,0,0,0,0,0,0,0,0.04,0,0,0,0,0,0.01,0,0,0,0,0,0,0,0,0,0,0,0,0,0,0,0,0.02,0,0,0,0,0,0,0,0,0,0,0,0,0,0,0,0.07,0,0,0,0,0.09,0,0.03,0,0,0,0,0,0.01,0,0,0.03,0,0.09,0.03,0.02,0,0,0,0,0,0,0,0.17,0,0,0,0,0,0,0,0,0,0,0,0,0,0,0,0,0,0,0,0,0,0,0,0,0,0,0,0,0,0,0,0,0,0,0,0.02,0,0,0,0,0,0,0,0,0,0,0.02,0,0,0,0,0,0,0,NA,0,0,0,0,0,0,0,0,0,0,0,0,0,0,0,0,0,0,0,0,0,0,0,0,0,0,0,0,0,0,0,0,0,0,0,0,0,0,0,0,0,0,0,0,0,0,0,0,0,0,0,0,0,0,0,0.03,0,0,0,0,0,0,0.02,0,0.04,0,0,0,0,0,0,0,0,0,0,0.01,0.03,0.03,0,0,0,0,0,0.05,0,0,0,0,0,0,0,0.02,0,0.01,0,0,0,0,0,NA,0,0,0,0,0,0,0,0,0,0.04,0,0,0,0,0,0,0,0,0,0,0,0,0,0,0,0,0,0,0,0,0,0,0,0,0,0,0,0,0.02,0,0,0,0,0,0,0,0,0,0,0.08,0,0,0,0,0,0,0,0,0,0,0,0,0,0.01,0,0,0,0,0,0,0.03,0,0,0,0,0,0,0,0,0,0,0,0,0.02,0,0,0,0,0,0,0,0,0,0,0,0,0,0.02,0,0,0,0,0,0,0,0,0,0,0,0,0,0,0,0,0,0,0,0,0,0,0,0,0,0,0,0,0,0.05,0,0,0,0,0,0,0,0,0,0,0,0,0,0,0,0,0,0,0,0,0,0,0,0,0,0,0,0,0,0,0,0,0,0,0,0,0,0,0,0,0,0,0,0,0,0,0,0,0,0,0,0,0,0,0,0,0,0,0,0,0,0,0,0,0,0
22:5w3_percWT,2.46,2.74,1.6,2.46,2.67,3.25,3.26,1.55,2.03,3,2.85,2.99,2.41,2.25,3.18,1.94,2.56,3.25,1.58,1.97,1.93,1.65,1.74,1.73,1.99,1.41,1.15,1.24,1.1,1.32,1.56,1.49,1.45,1.57,1.67,2.73,1.38,1.86,2.44,1.52,1.53,1.34,1.58,1.38,1.55,1.28,1.75,1.31,1.13,1.23,1.51,1.47,1.61,1.13,1.15,1.27,1.18,1.03,1.14,1.24,1.3,1.57,1.47,1.28,1.36,1.77,1.69,1.37,1.67,2.61,NA,1.53,1.36,2.05,1.34,1.28,1.56,NA,1.8,3.52,3.18,NA,3.53,2.82,3.45,4.03,3.53,3.44,2.59,2.54,2.36,2.58,2.35,2.85,3.2,2.77,2.5,1.52,2.14,1.64,3.9,1.98,1.84,3.18,3.12,2.23,2.39,0.98,1.75,2.01,1.27,1.43,3.11,1.62,1.33,1.44,1.63,1.53,1.58,1.8,1.63,1.27,1.48,1.42,1.91,1.96,2.39,0.86,1.58,1.25,1.55,1.24,1.97,1.41,1.27,1.18,1.07,1.18,1.28,1.48,1.96,1.93,2.61,1.93,1.07,1.75,2.16,2.13,1.61,2.42,2.45,2.02,2.32,1.62,2.19,2.01,1.84,1.03,1.54,1.94,2.17,1.65,1.72,1.35,2.16,1.96,1.27,1.94,2.11,2.14,2.92,2.71,1.57,1.53,1.73,1.6,2.65,3.25,2.45,2.17,3.01,2.9,1.95,2.75,2.87,1.37,1.92,2.69,3.16,3.23,3.49,1.54,3.26,3.23,1.51,2.47,1.52,2.41,1.51,1.87,3.06,2.05,1.84,2.69,1.93,1.94,2.09,2.35,1.66,2.04,2.63,1.75,2.14,2.08,1.86,2.21,2.85,1.68,1.56,1.78,2.31,2.22,2.45,1.94,1.92,1.57,2.1,2.35,0,0,1.71,2.05,2.14,2.45,2.66,2.22,2.19,1.93,2.03,1.56,1.49,1.66,1.68,1.65,1.76,1.99,2.15,2.23,2.14,1.62,2.01,1.86,1.86,2.59,3.17,2.08,2.58,2.22,2.14,2,2.44,1.87,1.4,1.31,1.4,1.88,1.58,1.39,1.52,1.62,2.45,2.11,1.51,1.29,2,1.61,1.64,1.4,1.83,1.91,1.49,1.39,1.73,NA,1.34,1.28,1.35,1.53,1.49,1.14,1.61,1.41,1.73,1.37,2.02,1.33,1.12,1.2,1.53,1.4,1.31,1.2,1.17,1.35,1.2,1.6,1.9,1.37,1.66,1.75,1.92,1.52,1.48,1.6,1.99,2.26,1.94,1.46,1.92,2.05,1.8,2.69,2.1,1.78,1.51,2.27,1.13,1.85,1.96,1.85,1.64,1.64,2.48,2.55,1.53,2.77,2.57,1.97,1.7,1.85,2.72,1.68,1.67,2.34,2.22,2.84,1.75,2.5,1.64,2.76,2.11,2.43,1.68,1.63,2.37,1.82,3.47,2.79,3.34,2.26,2.93,2.25,2.56,3.24,2.69,2.4,1.91,1.55,2.76,1.93,1.99,2.13,1.87,1.81,1.47,1.59,1.99,1.73,2.09,1.35,2.2,2.73,2.44,NA,2.95,1.7,3.58,1.35,1.17,1.35,1.88,1.25,1.27,1.64,1.45,1.45,1.29,1.26,1.2,1.54,1.71,2.29,2.46,2.75,3.16,2.41,1.74,1.24,1.42,1.1,1.87,1.18,1.38,1.11,1.52,1.32,1.48,1.21,1.11,1.16,3.8,1.72,1.2,2,2.12,1.28,1.62,1.64,1.57,1.17,1.31,2.07,1.2,2.25,1.53,1.48,1.54,0.91,0.47,1.12,3.44,1.5,1.17,1.87,1.02,1.26,2.32,1.56,2.86,2.2,2.12,3.19,2.61,2.22,3.31,3.29,2.32,1.75,2.55,3.26,2.28,2.33,2.5,2.05,2.78,2.67,3.05,1.01,1.64,0.89,1.21,2.05,1.42,0.72,1.26,0.87,0.92,1.48,1.21,0.81,0.88,1.72,1.8,0.84,0.94,0.34,1.24,1.02,1.4,1.2,1.13,1.38,1.14,1.12,1.43,1.31,1.19,1.31,1.56,1.35,1.46,1.41,1.58,1.51,1.77,1.48,1.92,2.78,2.6,1.94,2.45,1.88,2.02,2.08,2.18,2.81,2.88,2.33,1.22,1.13,1.15,1.25,1.83,1.88,0.97,0.91,1.16,1.5,1.05,0.83,0.88,0.93,2.12,1.31,0.95,1.86,2.76,2.34,1.72,1.88,3.38,2.51,2,2.17,1.72,2.05,2.01,1.33,1.9,1.64,2.25,1.97,1.85,2.07,2.83,2.46,1.93,1.92,2.39,2.58,1.93,2.71,1.92,3.43,1.81,2.49,2.53,1.72,1.97,1.57,2.09,2.14,2.3,2.17,3.19,2.82,2.7,2.79
24:0_percWT,0.02,0.02,0.01,0.07,0.03,0.05,0.04,0.04,0.07,0.06,0.03,0.09,0.05,0.18,0.06,0.02,0,0.07,0.04,0.06,0.04,0.05,0.03,0.04,0.05,0.05,0.01,0.04,0.03,0.02,0.02,0.06,0.05,0.05,0.02,0.07,0.04,0,0.02,0.02,0.02,0.04,0.02,0.03,0,0.02,0.05,0.04,0.04,0.04,0.05,0,0,0.04,0,0.04,0.03,0.03,0.04,0.01,0.03,0.03,0,0.04,0.03,0,0.02,0,0.04,0,NA,0.04,0,0,0,0,0.06,NA,0,0,0.1,NA,0,0,0,0.06,0.06,0.12,0.07,0.11,0.05,0,0.08,0.09,0.15,0.07,0.07,0.1,0.05,0.06,0,0.09,0.08,0.1,0.07,0.03,0.05,0.04,0.05,0.05,0.05,0.04,0.13,0.04,0.05,0.04,0.04,0.04,0.05,0.04,0.05,0.04,0,0,0.05,0.09,0,0.03,0,0.04,0,0,0,0.05,0,0.03,0,0.04,0.04,0.05,0,0.05,0,0,0.05,0.04,0.05,0,0.06,0,0.05,0.06,0.03,0.09,0,0,0.05,0,0.04,0.04,0.1,0.04,0.05,0.05,0.07,0.09,0.06,0.03,0.07,0,0.11,0.04,0.05,0,0.05,0.04,0.04,0.07,0,0.05,0,0.05,0.05,0.11,0.12,0.06,0,0.11,0,0.09,0.09,0.04,0,0.09,0.05,0.04,0,0.05,0.03,0.06,0.06,0.04,0,0.17,0,0.04,0.05,0.03,0.04,0.03,0.03,0,0.03,0.04,0.03,0.03,0.04,0.02,0,0.04,0.02,0.11,0.04,0.02,0.02,0,0.04,0.02,0,0,0.03,0.03,0.03,0.04,0.03,0.02,0.03,0.03,0.02,0,0.03,0.02,0.03,0.02,0.02,0.03,0.03,0.03,0.02,0.01,0.04,0.03,0.03,0.04,0,0.02,0,0.04,0,0.03,0.02,0.02,0.03,0.03,0.03,0.04,0.02,0.02,0,0.03,0.03,0,0.02,0.02,0.02,0.02,0.03,0.03,0.03,0.03,0.03,0.01,0.02,NA,0.02,0.01,0.02,0.01,0.02,0.01,0.02,0.02,0.01,0.02,0.01,0.02,0.02,0.02,0.02,0.02,0,0.01,0,0.02,0.02,0.02,0,0,0,0,0,0,0,0,0,0.03,0,0,0,0,0.02,0.03,0.01,0,0,0,0,0,0,0,0,0,0,0.02,0.02,0.03,0,0,0.03,0,0,0.02,0.01,0,0.03,0.03,0.04,0.19,0,0,0,0,0.01,0,0,0,0,0,0,0,0,0.01,0,0,0,0,0.01,0,0,0.01,0.03,0.01,0.01,0.01,0.01,0.02,0.01,0.01,0.01,0.01,0.01,0.1,0.11,NA,0.12,0.01,0.16,0.05,0.05,0.04,0.02,0.04,0.04,0.05,0.07,0.05,0.03,0.03,0.04,0.01,0.05,0.09,0.11,0.11,0.12,0.12,0.01,0.01,0.01,0.01,0.01,0.01,0.01,0.01,0.01,0.01,0.01,0.02,0.03,0.01,0.11,0.04,0.05,0.03,0.04,0.02,0.04,0.02,0.01,0.01,0.01,0.04,0.05,0.05,0.03,0.02,0,0.05,0.02,0.01,0,0.01,0.01,0.03,0.04,0.02,0.03,0.03,0.09,0.1,0.02,0.06,0.11,0.01,0.01,0.09,0,0.09,0.03,0.05,0.06,0.04,0.07,0.07,0.05,0.05,0.06,0.02,0.06,0.01,0.03,0.04,0.02,0.02,0.02,0.02,0.02,0.01,0.01,0.02,0.01,0.03,0.01,0.01,0.02,0.02,0.03,0.01,0.01,0.01,0.02,0.01,0.01,0.02,0.02,0.02,0.01,0.02,0.01,0.02,0.01,0.02,0.01,0.01,0.01,0.02,0.02,0.2,0.26,0.18,0.13,0.04,0,0.01,0.17,0.1,0.08,0.09,0.04,0.04,0.02,0,0,0.04,0.01,0.01,0.01,0.03,0.01,0.01,0.02,0,0,0.04,0,0,0.12,0.07,0,0.05,0,0,0.06,0,0.07,0.08,0.07,0.09,0.1,0,0.11,0,0.07,0.08,0,0.05,0.06,0,0.03,0.05,0.05,0.05,0.09,0,0.06,0.07,0,0,0,0,0.12,0,0.06,0.03,0.05,0.04,0,0
22:6w3_percWT,5.97,7.87,8.61,8.97,7.79,6.42,6.74,4.03,5.95,6.98,7,5.22,5.94,6.78,7.48,5.67,9.06,7.43,5.36,4.37,4.9,4.31,4.61,4.62,4.97,3.92,3.82,3.87,3.2,4.14,4.16,3.45,3.98,4.79,4.1,5.12,3.72,3.55,5,4.06,3.77,3.84,4.18,4.36,4.3,4.3,4.83,5.19,4.23,3.48,4.24,3.85,4.74,4.24,3.63,3.68,3.61,3.12,4.39,4.1,4.87,4.35,3.95,4.47,4.88,4.35,4.71,4.51,5.09,7.22,NA,4.76,5.8,5.26,3.45,3.9,4.09,NA,5.34,6.33,7.3,NA,7.23,7.8,8.2,6.48,5.32,7.62,6.04,6.15,7.37,7.94,6.35,6.28,8.34,6.06,6.85,4.3,5.35,5.65,7.21,6.09,6.69,5.22,4.8,5.77,4.79,5.26,5.02,6.18,5.38,5.46,8.13,4.81,4.12,5.73,5.06,5.48,6.39,5.2,5.69,5.8,3.84,4.56,6.18,5.36,6.26,3.87,4.57,4.98,4.52,4.6,4.13,5.12,4.56,3.96,3.91,4.64,5.02,5.11,5.81,5.56,6.37,5.57,4.4,5.04,5.02,4.78,4.96,10.79,5.16,4.74,6.59,5.73,5.67,6.09,4.93,4.61,6.66,5.8,7.33,5.33,4.98,5.88,5.75,6.3,5.89,6.19,5.13,7.25,7.85,6.99,4.06,4.57,4.36,5,6.03,5.82,6.71,5.58,11.01,7.21,4.6,7.19,6.22,5.52,5.18,6.7,7.06,6.36,6.14,5.12,6.07,5.4,4.49,5.58,4.53,5.84,5.6,5.04,9.65,5.49,4.65,8.57,6.91,5.18,5.04,5.18,4.56,5.55,6.46,4.78,5.46,5.38,5.01,6.91,8.39,4.78,4.64,4.89,7.26,6.51,5.41,5.51,4.95,3.94,5.6,5.68,8,5.89,4.66,4.71,5.16,5.73,5.94,5.83,5.69,5.03,4.65,3.79,3.79,3.84,3.71,4.12,4.2,5.16,5.03,5.27,5.48,4.22,5.32,4.62,5.08,5.75,4.78,5.5,6.01,5.32,5.65,5.34,3.8,4.25,4.44,4.07,4.3,4.67,4.59,4.12,3.35,4.44,5.12,4.23,3.63,3.36,4.5,4.56,4.28,4.14,4.69,4.45,4.75,4.73,4.73,NA,3.84,4.2,4.44,4.14,4.17,4.1,4.21,3.59,4.11,3.68,5.16,4.02,4.06,3.5,4.33,4.19,4.02,3.91,4.06,5.09,4.26,4.24,4.43,4.46,3.77,4.5,4.1,5.03,3.7,4.04,5.62,4.31,7.38,4.23,5.4,5.51,4.08,5.49,5.28,4.13,4.74,5.22,4.65,4.46,4.97,5.13,4.79,5.35,6.41,5.14,5.02,5.88,8.06,9.26,6.18,5.26,4.56,5.65,5.07,5.15,8.34,5.77,5.19,15.68,4.14,5.22,5.33,5.19,5.06,4.87,7.2,4.79,6.67,5.98,6.92,5.17,5.57,7.02,5.86,8.35,7.33,6.02,5.52,4.98,6.7,3.9,4.19,4.36,3.68,3.75,3.44,7.4,3.68,3.42,4.03,5.67,4.36,7.08,5.29,NA,7.25,3.68,8.88,6.28,6.6,6.59,5.24,6.21,7.31,9.07,8.12,8.12,5.24,7.77,7.48,2.82,3.59,4.69,6.76,7.93,6.06,6.06,4.41,3.41,3.4,2.93,6.59,4.03,4.22,3.71,4.58,4.79,4.06,3.48,3.73,3.83,8.18,3.47,3.78,7.01,7.91,4.04,8.74,6.82,3.95,3.15,3.84,4.68,2.94,6.08,4.81,5.25,4.79,4.07,1.34,4.31,6.56,5.99,5.35,5.65,3.26,5.65,6.12,9.5,7.66,11.34,11.96,9.91,10.93,8.33,7.6,8.02,7.84,10.85,6.66,7.92,6.1,6.65,7.8,6.17,6.41,6.31,7.5,5.03,6.2,3.96,5.73,5.07,3.8,3.85,3.06,2.91,2.99,3.99,3.75,2.22,2.5,5.82,4.9,3.04,2.76,1.02,3.73,2.88,3.6,3.18,3.03,3.77,3.35,3.57,3.72,3.51,3.57,4.15,4.76,3.48,4.89,4.43,4.71,3.95,4.46,4.72,6.59,9.2,7.88,8.07,7.59,3.5,4.68,4.19,10.99,9.61,9.6,10.52,5.83,5.57,5.01,7.47,8.48,3.34,3.4,3.4,4.04,4.53,3.84,3.41,3.4,3.02,8.77,3.63,2.1,12.3,11.5,11.85,10.92,12.46,8.14,8.45,7.41,8.19,6.9,6.98,8.72,5.62,6.09,11.07,7.01,7.72,6.72,7.85,1.76,6.86,6.11,6.46,5.85,7.16,4.66,5.94,8.13,8.67,7.84,7.76,6.63,7.83,8.26,8.91,9.71,9.91,7.32,7.24,7.34,6.47,6.89,11.14
24:1(24:1n-9)_percWT,0.25,0.26,0.73,0.92,0.42,0.46,0.35,0.26,0.51,0.75,0.48,0.64,0.54,0.49,0.54,0.27,0.36,0.39,0.8,0.22,0.36,0.27,0.31,0.34,0.37,0.2,0.16,0.15,0.16,0.18,0.17,0.16,0.17,0.28,0.17,0.31,0.15,0.15,0.2,0.18,0.18,0.14,0.28,0.16,0.24,0.22,0.23,0.2,0.18,0.16,0.14,0.15,0.16,0.14,0.11,0.17,0.13,0.18,0.18,0.15,0.18,0.15,0.13,0.2,0.13,0.24,0.18,0.18,0.22,0.13,NA,0.16,0.25,0.38,0.08,0.17,0.18,NA,0.17,0.36,0.56,NA,0.27,0.51,0.44,0.36,0.28,0.39,0.3,0.32,0.19,0.28,0.28,0.32,0.52,0.36,0.28,0.21,0.16,0.23,0.21,0.23,0.54,0.34,0.29,0.24,0.17,0.21,0.16,0.22,0.18,0.16,0.38,0.2,0.17,0.22,0.24,0.2,0.16,0.2,0.22,0.25,0.15,0.17,0.31,0.33,0.14,0.2,0.26,0.19,0.32,0.14,0.21,0.24,0.3,0.16,0.16,0.23,0.36,0.33,0.4,0.25,0.19,0.32,0.46,0.28,0.34,0.36,0.58,0.25,0.38,0.39,0.27,0.68,0.32,0.35,0.25,0.44,0.03,0.2,0.45,0.22,0.53,0.38,0.39,0.91,0.51,0.35,0.37,0.24,0.66,0.28,0.26,0.35,0.3,0.3,0.27,0.45,0.54,0.27,0.24,0.38,0.25,0.75,0.52,0.43,0.19,0.54,0.37,0.59,0.56,0.31,0.41,0.56,0.27,0.08,0.21,0.28,0.27,0.49,0.5,0.34,0.29,0.61,0.84,0.34,0.41,0.26,0.38,0.31,0.39,0.51,0.42,0.29,0.4,0.28,0.19,0.22,0.42,0.36,0.46,0.43,0.11,0.2,0.15,0.29,0.35,0.23,0.3,0.25,0.23,0.32,0.19,0.31,0.37,0.28,0.34,0.44,0.3,0.33,0.53,0.42,0.07,0.35,0.24,0.21,0.37,0.28,0.21,0.4,0.37,0.32,0.16,0.32,0.31,0.3,0.31,0.31,0.4,0.42,0.14,0.09,0,0,0.12,0,0,0,0,0,0.25,0.14,0,0,0.13,0,0,0,0.06,0,0,0,0,NA,0,0,0,0,0,0,0,0,0,0,0,0,0,0,0,0,0,0,0,0,0,0,0,0,0,0,0,0,0,0,0,0,0,0,0,0,0,0,0,0,0,0,0,0,0,0,0,0,0,0,0,0,0,0,0,0,0,0,0,0,0,0,0,0,0,0,0,0,0,0,0,0,0,0,0,0,0,0,0,0,0,0,0,0,0,0.09,0.26,0.24,0.21,0.22,0.07,0.54,0.22,0.09,0.22,0.57,0.13,0.45,0.45,NA,0.48,0.11,0.98,0.26,0.28,0.26,0.18,0.27,0.29,0.38,0.44,0.37,0.21,0.31,0.22,0.1,0.36,0.56,0.63,0.6,0.53,0.5,0.3,0.2,0.22,0.24,0.35,0.22,0.23,0.17,0.24,0.23,0.24,0.25,0.32,0.23,0.5,0.26,0.7,0.43,0.7,0.24,1.14,0.72,0.31,0.25,0.2,0.21,0.26,0.33,0.36,0.07,0.31,0.28,0.19,0.07,0.34,0.34,0.22,0.21,0.24,0.19,0.51,0.47,0.52,0.76,0.58,0.65,0.42,0.56,0.5,0.57,0.43,0.84,0.34,0.53,0.42,0.46,0.82,0.42,0.46,0.38,0.61,0.15,0.43,0.17,0.19,0.25,0.22,0.06,0.23,0.08,0.28,0.29,0.24,0.2,0.08,0.23,0.19,0.19,0.2,0.2,0.22,0.07,0.22,0.26,0.2,0.23,0.23,0.1,0.28,0.19,0.24,0.36,0.33,0.22,0.43,0.37,0.31,0.33,0.28,0.31,0.44,0.42,0.5,0.41,0.57,0.29,0.31,0.27,0.62,0.47,0.67,0.44,0.19,0.15,0.14,0.17,0.19,0.28,0.12,0.11,0.22,0.2,0.08,0.11,0.09,0.3,0.41,0.2,0.32,0.29,0.66,0.54,0.25,0.22,0.5,0.92,0.8,0.49,0.92,1.08,0.45,1.76,1.31,0.59,0.98,1.33,0.68,0.72,4,0.28,0.48,0.18,0.25,0.25,0.23,0.34,0.59,0.3,0.36,0.39,0.48,0.74,0.85,1.02,0.71,0.31,0.98,0.15,0.38,0.23,0.39,0.32
14:0_perWWT,3.4,2.44,4.64,0.86,4.35,0.88,0.56,2.12,0.49,1.71,3.49,1.6,1.18,0.42,0.82,5.42,0.67,2.23,7.32,5.15,6.9,8.3,6.25,8.65,4.22,2.97,3.71,3.87,3.35,3.47,3.25,2.93,2.74,2.41,3.88,0.4,2.5,3.55,1.94,2.83,2.88,3.3,2.6,3.63,2.89,2.94,2.38,3.47,4.57,3.88,2.46,2.16,2.62,5.14,3.59,3.11,3.88,2.65,3.65,4.62,4.55,5.07,2.13,2.47,4.95,2.29,2.88,2.16,2.22,0.18,NA,2.52,0.8,0.16,2,1.51,2.06,NA,2.14,0.34,0.37,NA,0.7,0.23,0.07,0.45,1.03,0.06,1.28,0.4,1.02,0.04,0.43,0.49,0.1,0.48,0.37,0.05,1.47,1.69,0.64,1.08,0.43,0.61,0.97,6.66,3.24,3.21,3.41,3.09,4.56,5.52,0.21,4.2,1.95,2.82,3.62,2.83,3.18,2.7,2.44,2.9,2.43,1.48,3.28,1.28,0.89,4.1,2.13,2.56,2.82,2.02,2.14,2.32,2.42,3.14,2.94,3.2,2.77,2.97,0.86,1.46,0.74,0.95,3.42,1.59,1.59,1.78,2.15,0.08,1.24,1.67,2.06,1.6,1.6,0.84,2.33,1.48,2.73,2.12,0.71,3.53,1.53,2.81,1.52,2.14,2.29,4.87,1.28,0.41,0.45,0.9,2.32,2.75,1.79,2.35,2.87,0.69,0.67,1.31,0.05,0.59,2.66,0.39,0.43,2.36,1.92,0.36,0.95,0.73,0.42,2.04,0.55,0.59,2.55,2.05,2.42,1,2.6,2.37,2.89,7.56,3.22,0.3,1.42,2.59,2.27,4.15,3.27,4.79,3.74,1.31,4.45,9.53,6.27,3.46,1.15,4.84,2.32,2.29,6.7,4.68,4.44,6.13,3.96,2.56,7.37,5.01,3.2,1.8,9.98,8.69,7.17,8,6.43,5.38,7.12,3.68,8.08,3.49,3.93,5.21,3.36,3.38,9.02,5.45,10.94,8.83,1.61,7.25,2.76,4.91,2.93,8.98,4.22,6.38,2.09,3.17,2.93,7.54,1.85,3.26,3.16,3.1,5.37,2.53,2.71,3.89,2.52,2.34,2.43,1.59,5.8,4.55,2.54,2.01,2.47,4.26,2.78,2.03,4.28,3.87,2.41,NA,5.13,4.07,3.49,3.32,2.9,4.46,1.33,5.18,4.28,3.88,1.2,4.28,4.04,4.19,3.48,2.89,2.89,4.9,5.08,2.09,3.77,3.31,1.82,2.68,2.22,1.15,2.78,2.36,3.06,2.32,0.63,3.1,1.32,1.9,2.68,0.91,3.15,1.92,1.18,5.07,2.71,2.24,4.4,1.01,2.21,1.61,2.94,3.57,2.78,1.4,3.9,0.73,0.28,0.05,1.09,3.56,0.66,2.3,3.74,2.45,2.87,2.14,1.78,0.05,3.37,3.62,3.17,1.08,3.1,3.06,6.87,4.64,0.41,0.96,0.75,4,2.7,1.35,1.53,2.79,1.62,2.06,5.34,2.68,1.23,2.86,2.28,2.43,2.88,2.28,2.88,6.49,1.31,2.14,1.84,5.94,1.69,0.28,0.08,NA,0.11,2.22,0.14,3.99,2.43,5.49,3.29,2.31,1.9,0.77,0.66,1.27,5.72,1.3,3,3.47,2,0.12,0.22,0.11,0.11,0.17,1.28,2.92,3.08,3.11,1.1,3.52,3.03,3.96,2.26,2.49,2.1,4.8,2.21,2.9,0.06,1.19,4.85,2.02,3.18,2.29,2.76,7.37,1.89,3.03,3.46,2.48,3.49,1.66,3.7,4.49,4.98,1.07,8.5,4.31,0.87,3.89,1.79,3.11,3.8,3.66,3.02,3.11,0.71,0.43,0.79,1.05,0.12,2.96,0.92,0.89,1.19,0.76,2.16,1.06,0.94,2.35,0.35,2.08,1.68,1.52,2.95,4.61,2.87,3.6,4.96,4.22,3.93,4.98,3.62,3.96,3.62,3.13,4.91,4.48,4.7,3.57,3.79,4.13,5.13,7.34,1.48,2.78,3.84,1.45,2.17,2.69,4.05,5.09,2.29,2.57,3.87,3.33,1.89,2.72,5.97,2.31,3.43,5.96,2.51,3.6,2.24,0.05,0.05,0.05,0.13,1.35,0.87,1.65,0.05,0.14,0.1,0.19,5.77,8.9,7.27,5.15,1.77,1.34,4,3.63,3.94,3.23,4.01,4.03,3.77,4.58,0.25,2.42,1.72,1.3,0.07,0.81,2.12,1.8,0.34,0.42,0.88,0.61,0.72,0.36,0.64,1.27,0.15,0.05,0.3,0.44,1.64,0.82,0.02,1.11,1.08,0.49,1.31,1.08,1.92,1.46,0.53,0.25,0.66,0.43,0.44,0.04,0.09,0.07,0.15,0.61,1.4,0.98,0.87,0.71,0.55,0.39
TMTD_perWWT,0.09,0.04,0.02,0.01,0.05,0.01,0.01,0.06,0.01,0.01,0.04,0.02,0.02,0.01,0.02,0.11,0.03,0.05,0.06,0.13,0.13,0.15,0.13,0.13,0.06,0.09,0.09,0.07,0.09,0.07,0.07,0.11,0.09,0.11,0.1,0.01,0.09,0.11,0.05,0.1,0.05,0.09,0.08,0.09,0.1,0.12,0.08,0.08,0.13,0.11,0.06,0.04,0.08,0.18,0.08,0.05,0.09,0.06,0.08,0.11,0.12,0.13,0.08,0.08,0.13,0.09,0.07,0.07,0.08,0.01,NA,0.07,0.02,0,0.08,0.06,0.08,NA,0.08,0,0.01,NA,0.01,0,0,0.01,0.03,0,0.03,0.01,0.02,0,0.01,0.01,0.01,0.01,0.01,0,0.04,0.03,0.01,0.02,0.01,0.01,0.02,0.17,0.11,0.07,0.1,0.06,0.13,0.14,0,0.11,0.05,0.05,0.11,0.07,0.1,0.06,0.04,0.06,0.12,0.08,0.08,0.02,0.02,0.13,0.06,0.06,0.07,0.07,0.06,0.06,0.07,0.08,0.08,0.1,0.07,0.08,0.02,0.04,0,0.02,0.11,0.04,0.02,0.02,0.08,0,0.02,0.02,0.05,0.08,0.04,0.03,0.07,0.06,0.06,0.06,0.03,0.09,0.04,0.09,0.04,0.09,0.08,0.15,0.01,0.01,0.01,0.01,0.1,0.1,0.05,0.08,0.05,0.03,0.01,0.05,0,0.02,0.11,0.01,0.01,0.08,0.08,0.01,0.03,0.02,0.01,0.05,0.02,0.02,0.05,0.09,0.04,0.02,0.04,0.1,0.03,0.08,0.04,0,0.01,0.04,0.04,0.08,0.02,0.09,0.06,0.01,0.07,0.13,0.02,0.05,0.01,0.09,0.03,0.02,0.04,0.06,0.06,0.1,0.13,0.02,0.12,0.07,0.06,0.01,0.14,0.13,0.14,0.12,0.11,0.05,0.1,0.02,0.12,0,0.01,0,0.01,0.01,0,0.14,0.09,0.13,0.01,0.02,0.05,0.03,0.11,0.09,0.04,0.04,0.03,0.02,0.02,0.04,0.06,0.01,0.05,0.02,0.12,0.02,0.07,0.04,0.01,0.02,0.07,0.06,0.05,0.06,0.01,0.04,0.01,0.01,0.1,0.01,0.11,0.02,0.02,NA,0.02,0.02,0.02,0.02,0.01,0.03,0.04,0.05,0.03,0.04,0.01,0.02,0.04,0.05,0.02,0.02,0.02,0.03,0.03,0.02,0.02,0.02,0.01,0.02,0.03,0.01,0.04,0.01,0.02,0.02,0.01,0.04,0.01,0.02,0.01,0.02,0.04,0.02,0.02,0.05,0.04,0.06,0.01,0.02,0.03,0.02,0.02,0.02,0.03,0.02,0.02,0.02,0.01,0.01,0.01,0.03,0.03,0.03,0.02,0.01,0.02,0.02,0.05,0.01,0.03,0.04,0.02,0.03,0.04,0.01,0.04,0.03,0.02,0.02,0.01,0.05,0.07,0.01,0.03,0.05,0.02,0.04,0.03,0.01,0.01,0.06,0.06,0.05,0.07,0.06,0.08,0.02,0.02,0.05,0.05,0.02,0.05,0.01,0,NA,0,0.07,0.01,0.08,0.05,0.1,0.07,0.06,0.04,0.02,0.01,0,0.13,0.02,0.03,0.13,0.04,0,0.01,0.01,0.01,0.01,0.05,0.12,0.08,0.11,0.02,0.13,0.07,0.13,0.06,0.08,0.13,0.14,0.07,0.08,0,0.04,0.07,0.02,0.04,0.06,0.01,0.05,0.03,0.06,0.12,0.06,0.08,0.03,0.07,0.13,0.14,0.03,0.38,0.11,0.01,0.08,0.05,0.08,0.1,0.07,0.06,0.04,0.01,0.01,0.01,0.03,0.01,0.06,0.04,0.01,0.05,0.01,0.05,0.03,0.02,0.04,0.01,0.03,0.03,0.03,0.05,0.13,0.06,0.09,0.13,0.1,0.09,0.17,0.16,0.19,0.14,0.13,0.21,0.17,0.17,0.1,0.09,0.16,0.18,0.31,0.05,0.07,0.08,0.03,0.05,0.07,0.09,0.13,0.05,0.05,0.08,0.17,0.08,0.14,0.16,0.08,0.14,0.17,0.12,0.13,0.09,0,0,0,0,0.02,0.03,0.04,0,0,0.01,0.01,0.1,0.12,0.12,0.11,0.04,0.03,0.12,0.11,0.14,0.11,0.14,0.16,0.16,0.13,0.01,0.06,0.05,0.01,0,0.01,0.02,0.02,0,0,0.03,0.02,0,0,0,0,0,0,0,0.01,0,0,0,0.03,0,0.02,0.04,0.02,0.05,0.04,0,0,0,0.01,0.02,0,0,0,0,0,0.03,0.02,0.02,0.02,0.01,0.01
14:1_perWWT,0.27,0.15,0.04,0.02,0.18,0.03,0.03,0.04,0.01,0.05,0.11,0.03,0.03,0.01,0.03,0.17,0.05,0.13,0.2,0.26,0.24,0.35,0.21,0.38,0.13,0.1,0.15,0.2,0.11,0.13,0.12,0.06,0.08,0.09,0.13,0.01,0.04,0.1,0.05,0.11,0.08,0.13,0.08,0.14,0.07,0.12,0.07,0.12,0.17,0.12,0.1,0.07,0.11,0.2,0.1,0.11,0.14,0.11,0.09,0.17,0.2,0.18,0.06,0.08,0.15,0.08,0.17,0.15,0.09,0.01,NA,0.06,0.02,0,0.07,0.03,0.04,NA,0.07,0.01,0.02,NA,0.01,0,0,0.01,0.05,0.01,0.04,0.01,0.03,0,0.02,0.01,0,0.01,0.02,0,0.03,0.04,0.02,0.03,0.01,0.01,0.04,0.39,0.1,0.09,0.1,0.09,0.12,0.19,0,0.08,0.06,0.08,0.15,0.1,0.09,0.07,0.1,0.11,0.08,0.03,0.07,0.04,0.02,0.18,0.08,0.09,0.14,0.06,0.08,0.07,0.09,0.09,0.12,0.12,0.09,0.1,0.03,0.1,0.12,0.06,0.14,0.05,0.22,0.24,0.08,0,0.22,0.31,0.05,0.06,0.13,0.03,0.08,0.07,0.09,0.07,0.02,0.09,0.19,0.13,0.1,0.06,0.08,0.31,0.04,0.01,0.01,0.03,0.09,0.1,0.04,0.1,0.19,0.02,0.02,0.04,0,0.01,0.11,0.01,0.03,0.07,0.08,0.03,0.1,0.01,0.01,0.06,0.01,0.01,0.09,0.08,0.08,0.04,0.08,0.08,0.1,0.2,0.1,0.01,0.01,0.06,0.06,0.21,0.1,0.24,0.26,0.02,0.4,0.42,0.12,0.35,0.02,0.29,0.06,0.07,0.27,0.17,0.19,0.28,0.34,0.08,0.28,0.17,0.14,0.04,0.29,0.34,0.38,0.41,0.27,0.19,0.31,0.11,0.29,0.11,0.1,0.12,0.11,0.07,0.32,0.32,0.37,0.45,0.02,0.17,0.06,0.13,0.1,0.44,0.11,0.15,0.05,0.07,0.06,0.2,0.04,0.09,0.11,0.09,0.13,0.08,0.09,0.12,0.04,0.09,0.05,0.11,0.13,0.15,0.06,0.08,0.06,0.1,0.07,0.04,0.12,0.09,0.05,NA,0.11,0.09,0.07,0.07,0.06,0.15,0.02,0.14,0.11,0.1,0.02,0.1,0.14,0.19,0.13,0.09,0.08,0.15,0.15,0.05,0.16,0.11,0.04,0.08,0.06,0.03,0.08,0.06,0.07,0.07,0.02,0.08,0.02,0.05,0.07,0.02,0.11,0.03,0.04,0.13,0.09,0.07,0.11,0.03,0.06,0.05,0.09,0.09,0.07,0.06,0.12,0.02,0,0,0.02,0.11,0.02,0.1,0.12,0.07,0.06,0.06,0.04,0,0.1,0.13,0.08,0.05,0.09,0.04,0.14,0.14,0.01,0.02,0.02,0.11,0.11,0.03,0.07,0.1,0.03,0.08,0.08,0.07,0.16,0.1,0.08,0.09,0.14,0.07,0.07,0.26,0.03,0.08,0.09,0.22,0.08,0,0,NA,0,0.07,0,0.08,0.05,0.12,0.07,0.04,0.04,0.01,0.01,0.02,0.12,0.03,0.06,0.09,0.06,0,0,0,0.01,0.01,0.05,0.12,0.19,0.1,0.02,0.13,0.09,0.13,0.07,0.07,0.07,0.15,0.07,0.14,0,0.05,0.16,0.06,0.08,0.11,0.06,0.16,0.1,0.15,0.16,0.08,0.1,0.06,0.12,0.1,0.17,0.02,0.2,0.07,0.01,0.07,0.09,0.08,0.08,0.07,0.12,0.09,0.02,0.01,0.02,0.03,0,0.08,0.02,0.03,0.05,0.02,0.06,0.03,0.02,0.05,0.01,0.05,0.03,0.04,0.07,0.09,0.08,0.09,0.09,0.08,0.09,0.08,0.09,0.1,0.09,0.08,0.12,0.09,0.09,0.17,0.12,0.07,0.12,0.15,0.09,0.12,0.19,0.06,0.11,0.14,0.19,0.25,0.12,0.14,0.2,0.09,0.06,0.07,0.16,0.08,0.09,0.18,0.06,0.09,0.06,0,0,0,0,0.06,0.04,0.05,0,0,0,0,0.13,0.21,0.18,0.13,0.03,0.07,0.1,0.08,0.09,0.11,0.11,0.1,0.09,0.13,0.01,0.13,0.05,0.05,0,0.03,0.08,0.05,0,0,0.04,0.03,0.08,0.03,0.03,0.15,0.01,0,0.03,0.01,0.06,0.04,0,0.04,0.05,0.02,0.06,0.17,0.11,0.08,0.03,0.07,0.05,0.01,0.07,0,0,0,0,0.02,0.06,0.08,0.03,0.08,0.09,0.02
i15:0_perWWT,0.41,0.35,0.07,0.07,0.4,0.18,0.15,0.11,0.05,0.15,0.29,0.22,0.08,0.05,0.21,0.32,0.13,0.39,0.35,0.61,0.58,0.57,0.51,0.74,0.36,0.17,0.23,0.26,0.19,0.26,0.22,0.13,0.14,0.11,0.15,0.1,0.08,0.13,0.1,0.16,0.23,0.23,0.12,0.23,0.14,0.18,0.11,0.16,0.25,0.16,0.13,0.22,0.08,0.26,0.13,0.16,0.18,0.16,0.14,0.26,0.17,0.28,0.07,0.09,0.22,0.09,0.14,0.1,0.1,0.03,NA,0.07,0.02,0.01,0.11,0.03,0.05,NA,0.07,0.03,0.04,NA,0.05,0.02,0.01,0.06,0.09,0.01,0.09,0.05,0.09,0,0.06,0.05,0.01,0.05,0.04,0.01,0.1,0.12,0.05,0.14,0.05,0.06,0.1,0.91,0.26,0.19,0.28,0.24,0.2,0.44,0.04,0.19,0.09,0.15,0.23,0.17,0.2,0.16,0.15,0.15,0.08,0.05,0.2,0.09,0.03,0.24,0.28,0.17,0.42,0.09,0.31,0.18,0.17,0.18,0.14,0.21,0.16,0.23,0.12,0.19,0.18,0.14,0.26,0.19,0.39,0.28,0.27,0.02,0.27,0.32,0.18,0.2,0.3,0.14,0.33,0.16,0.25,0.16,0.12,0.24,0.3,0.24,0.3,0.27,0.17,0.6,0.27,0.08,0.09,0.11,0.32,0.39,0.14,0.31,0.42,0.14,0.16,0.12,0.01,0.06,0.38,0.1,0.09,0.23,0.32,0.09,0.16,0.11,0.05,0.18,0.12,0.12,0.17,0.46,0.13,0.09,0.12,0.37,0.31,0.47,0.17,0.06,0.04,0.13,0.15,0.57,0.16,0.49,0.57,0.05,0.61,0.64,0.17,0.67,0.19,0.42,0.1,0.13,0.43,0.42,0.51,0.62,0.68,0.15,0.53,0.53,0.41,0.04,0.51,0.63,0.76,0.84,0.66,0.35,0.47,0.19,0.54,0.17,0.4,0.16,0.37,0.2,0.46,0.75,0.51,0.82,0.22,0.14,0.2,0.19,0.25,0.74,0.21,0.36,0.16,0.23,0.16,0.33,0.11,0.17,0.17,0.16,0.27,0.2,0.22,0.33,0.14,0.17,0.29,0.25,0.33,0.44,0.2,0.23,0.2,0.17,0.39,0.16,0.24,0.17,0.17,NA,0.25,0.19,0.21,0.24,0.18,0.27,0.1,0.38,0.33,0.24,0.15,0.21,0.28,0.37,0.25,0.17,0.17,0.24,0.3,0.14,0.23,0.19,0.13,0.15,0.23,0.1,0.26,0.14,0.23,0.2,0.07,0.23,0.07,0.13,0.18,0.14,0.26,0.16,0.12,0.37,0.26,0.45,0.19,0.14,0.22,0.18,0.15,0.19,0.3,0.15,0.14,0.26,0.04,0.01,0.06,0.23,0.29,0.35,0.17,0.18,0.24,0.15,0.08,0.01,0.2,0.34,0.13,0.18,0.47,0.1,0.26,0.24,0.13,0.15,0.1,0.33,0.66,0.17,0.25,0.41,0.15,0.33,0.21,0.1,0.17,0.23,0.3,0.35,0.23,0.17,0.2,0.2,0.23,0.16,0.28,0.16,0.15,0.04,0.02,NA,0.02,0.13,0.02,0.16,0.08,0.26,0.09,0.07,0.06,0.04,0.03,0.05,0.22,0.05,0.11,0.29,0.19,0.04,0.03,0.02,0.03,0.02,0.07,0.15,0.25,0.12,0.05,0.15,0.1,0.15,0.09,0.07,0.1,0.16,0.07,0.18,0.02,0.14,0.42,0.11,0.14,0.23,0.08,0.26,0.18,0.29,0.22,0.23,0.34,0.22,0.28,0.34,0.27,0.05,0.53,0.23,0.07,0.27,0.19,0.33,0.23,0.18,0.16,0.17,0.04,0.03,0.05,0.08,0.02,0.16,0.07,0.06,0.08,0.03,0.14,0.1,0.09,0.2,0.03,0.13,0.07,0.12,0.19,0.17,0.15,0.15,0.19,0.25,0.35,0.16,0.22,0.24,0.18,0.21,0.29,0.19,0.16,0.35,0.31,0.26,0.37,0.36,0.11,0.17,0.27,0.11,0.19,0.18,0.29,0.3,0.16,0.19,0.22,0.18,0.08,0.15,0.26,0.1,0.16,0.25,0.11,0.11,0.11,0.01,0.01,0,0.01,0.15,0.1,0.15,0,0.01,0.02,0.03,0.18,0.25,0.23,0.14,0.06,0.12,0.25,0.24,0.21,0.27,0.23,0.2,0.21,0.21,0.03,0.18,0.12,0.05,0.02,0.05,0.1,0.07,0.07,0.1,0.09,0.08,0.11,0.07,0.09,0.19,0.03,0.01,0.1,0.04,0.17,0.1,0,0.1,0.09,0.04,0.13,0.18,0.3,0.24,0.07,0.1,0.06,0.04,0.12,0.01,0.01,0,0.02,0.05,0.17,0.1,0.1,0.14,0.09,0.04
ai15:0_perWWT,0.03,0.03,0.01,0,0.02,0.13,0.11,0.01,0.01,0.08,0.14,0.13,0.01,0.04,0.01,0.16,0.05,0.03,0.04,0.36,0.39,0.38,0.04,0.34,0.21,0.12,0.15,0.17,0.14,0.17,0.15,0.02,0.1,0.09,0.09,0.04,0.05,0.09,0.05,0.1,0.18,0.15,0.08,0.12,0.13,0.09,0.08,0.09,0.13,0.1,0.08,0.15,0.04,0.15,0.08,0.12,0.16,0.13,0.1,0.17,0.07,0.14,0.04,0.05,0.1,0.04,0.06,0.05,0.06,0.03,NA,0.04,0.01,0.01,0.05,0.02,0.02,NA,0.03,0.02,0.04,NA,0.02,0.01,0,0.02,0.05,0.01,0.05,0.02,0.06,0,0.04,0.03,0,0.03,0.02,0.01,0.09,0.07,0.03,0.14,0.02,0.04,0.05,0.42,0.21,0.1,0.14,0.14,0.06,0.19,0.01,0.08,0.05,0.07,0.14,0.08,0.13,0.09,0.08,0.08,0.04,0.02,0.09,0.05,0.02,0.07,0.14,0.11,0.24,0.03,0.19,0.12,0.1,0.11,0.09,0.12,0.08,0.15,0.06,0.09,0.05,0.07,0.46,0.11,0.2,0.16,0.38,0.02,0.19,0.24,0.13,0.46,0.16,0.15,0.23,0.23,0.19,0.12,0.21,0.22,0.5,0.32,0.29,0.62,0.31,1.31,0.2,0.04,0.06,0.09,0.29,0.43,0.09,0.42,0.16,0.11,0.08,0.11,0.01,0.05,0.3,0.07,0.06,0.33,0.24,0.04,0.08,0.09,0.06,0.11,0.09,0.1,0.1,0.34,0.08,0.07,0.08,0.44,0.14,0.23,0.09,0.03,0.03,0.06,0.12,0.23,0.1,0.19,0.23,0.03,1.98,0.33,0.1,0.51,0.11,0.19,0.08,0.1,0.18,0.18,0.36,0.21,0.24,0.1,0.25,0.25,0.19,0.02,0.3,0.3,0.39,0.49,0.4,0.18,0.23,0.08,0.28,0.08,0.22,0.1,0.22,0.13,0.24,0.35,0.22,0.41,0.14,0.08,0.12,0.1,0.14,0.43,0.1,0.19,0.08,0.14,0.09,0.17,0.06,0.08,0.1,0.09,0.14,0.11,0.12,0.18,0.07,0.09,0.17,0.12,0.16,0.24,0.09,0.12,0.1,0.1,0.22,0.08,0.09,0.08,0.1,NA,0.11,0.1,0.1,0.13,0.08,0.12,0.06,0.21,0.19,0.14,0.07,0.1,0.15,0.17,0.12,0.08,0.08,0.1,0.14,0.07,0.1,0.09,0.1,0.08,0.16,0.06,0.18,0.07,0.15,0.14,0.04,0.13,0.03,0.08,0.09,0.08,0.13,0.09,0.06,0.2,0.13,0.29,0.07,0.08,0.12,0.13,0.05,0.06,0.17,0.07,0.04,0.17,0.01,0.01,0.02,0.12,0.19,0.17,0.05,0.07,0.09,0.06,0.03,0.01,0.09,0.17,0.04,0.1,0.27,0.03,0.08,0.08,0.09,0.09,0.05,0.2,0.39,0.06,0.16,0.27,0.05,0.23,0.07,0.04,0.05,0.01,0.02,0.01,0.02,0.01,0.02,0.02,0.01,0.01,0.01,0.02,0.01,0,0.01,NA,0.01,0.01,0.01,0.01,0.01,0.02,0.01,0.01,0.01,0,0,0.03,0.01,0.02,0.01,0.02,0.01,0.02,0.01,0.01,0,0.01,0.01,0.01,0.02,0.01,0,0.02,0.01,0.02,0.01,0.01,0.01,0.03,0.01,0.01,0.01,0.01,0.03,0.01,0.02,0.02,0.01,0.03,0.01,0.02,0.02,0.03,0.04,0.03,0.03,0.05,0.04,0.01,0.08,0.03,0.01,0.03,0.02,0.04,0.03,0.03,0.03,0.02,0.01,0.01,0.01,0.01,0,0.02,0.01,0.01,0.01,0.01,0.01,0.01,0.01,0.02,0,0.01,0.01,0.01,0.02,0.03,0.02,0.03,0.04,0.04,0.04,0.03,0.04,0.05,0.03,0.03,0.04,0.03,0.03,0.04,0.05,0.03,0.04,0.05,0.01,0.01,0.02,0.01,0.02,0.01,0.02,0.03,0.01,0.01,0.02,0.03,0.01,0.03,0.06,0.02,0.03,0.05,0.02,0.03,0.02,0,0.01,0,0.01,0.01,0.07,0.01,0,0.01,0.02,0,0.03,0.06,0.05,0.03,0.01,0.01,0.04,0.04,0.03,0.04,0.04,0.04,0.04,0.13,0.02,0.12,0.08,0.03,0.01,0.04,0.06,0.05,0.05,0.05,0.36,0.2,1.58,0.66,0.92,6.46,0.57,0.01,0.91,0.08,0.71,0.43,0.02,0.09,0.92,0.04,0.07,0.1,0.16,0.14,0.67,0.09,0.55,0.11,0.23,0,0,0,0.01,0.04,0.3,0.06,0.08,0.08,0.11,0.03
15:0_perWWT,0.94,0.61,0.2,0.12,0.81,0.32,0.28,0.38,0.19,0.31,0.61,0.33,0.23,0.13,0.32,1.15,0.21,0.72,0.66,1.27,1.4,1.48,1.34,1.43,0.82,0.62,0.69,0.78,0.77,0.72,0.73,0.82,0.67,0.55,0.66,0.15,0.69,0.62,0.4,0.71,0.63,0.66,0.62,0.83,0.62,0.78,0.61,0.63,0.74,0.58,0.39,0.48,0.39,0.83,0.65,0.58,0.73,0.57,0.55,0.86,0.64,0.86,0.48,0.45,0.79,0.51,0.41,0.35,0.34,0.07,NA,0.56,0.17,0.09,0.48,0.48,0.44,NA,0.54,0.08,0.16,NA,0.17,0.04,0.02,0.1,0.19,0.02,0.45,0.16,0.29,0.03,0.16,0.12,0.05,0.13,0.1,0.02,0.25,0.23,0.17,0.19,0.1,0.19,0.17,1.79,1,0.34,0.48,0.49,0.51,0.6,0.07,0.43,0.54,0.39,0.57,0.38,0.6,0.45,0.36,0.4,0.6,0.49,0.47,0.28,0.36,0.38,0.32,0.38,0.33,0.3,0.25,0.32,0.3,0.42,0.36,0.44,0.33,0.38,0.25,0.37,0.19,0.25,0.66,0.45,0.39,0.37,0.42,0.03,0.27,0.34,0.44,0.34,0.37,0.24,0.63,0.33,0.57,0.45,0.23,0.6,0.36,0.53,0.4,0.45,0.48,0.96,0.3,0.14,0.14,0.3,0.65,0.65,0.58,0.49,0.81,0.26,0.2,0.41,0.04,0.18,0.64,0.15,0.12,0.45,0.51,0.1,0.25,0.21,0.12,0.59,0.2,0.21,0.71,0.57,0.56,0.3,0.53,0.57,0.57,1.13,0.5,0.09,0.14,0.51,0.46,0.99,0.63,0.95,0.77,0.3,0.85,1.43,0.65,0.91,0.4,0.96,0.36,0.52,0.73,0.93,1.18,1.3,1.05,0.48,1.33,1.11,0.98,0.37,1.41,1.49,1.59,1.38,1.15,1.07,1.25,0.47,1.33,0.64,0.63,0.46,0.63,0.57,1.32,1.47,1.14,1.46,0.37,0.56,0.56,0.73,0.51,1.44,0.51,0.96,0.43,0.61,0.43,1,0.32,0.63,0.59,0.58,1.07,0.53,0.65,0.63,0.38,0.55,0.39,0.23,0.97,0.79,0.49,0.48,0.43,0.68,0.53,0.38,0.83,0.63,0.62,NA,0.89,0.68,0.68,0.74,0.65,0.98,0.29,0.97,0.96,0.7,0.37,0.89,0.96,1.01,0.66,0.61,0.65,1,1.02,0.54,0.76,0.68,0.41,0.6,0.59,0.35,0.69,0.6,0.61,0.53,0.18,0.58,0.25,0.45,0.59,0.35,0.6,0.4,0.35,0.93,0.73,0.57,0.71,0.3,0.52,0.4,0.68,0.74,0.73,0.49,0.87,0.25,0.13,0.02,0.25,0.61,0.22,0.63,0.64,0.58,0.63,0.45,0.67,0.02,0.68,0.68,0.57,0.39,0.77,0.4,1.13,0.85,0.17,0.29,0.26,0.84,0.58,0.35,0.46,0.7,0.47,0.6,0.78,0.42,0.42,0.75,0.54,0.68,0.76,0.65,0.77,0.47,0.35,0.51,0.54,0.39,0.55,0.1,0.03,NA,0.05,0.73,0.04,0.57,0.36,1,0.56,0.32,0.26,0.2,0.13,0.22,0.93,0.25,0.48,1.01,0.41,0.05,0.05,0.04,0.04,0.05,0.45,0.94,0.79,0.85,0.28,1.02,0.68,1.03,0.53,0.62,0.59,1.01,0.46,0.79,0.03,0.41,0.76,0.33,0.43,0.56,0.14,0.42,0.49,0.86,0.9,0.46,0.58,0.3,0.4,0.5,0.56,0.11,0.68,0.57,0.12,0.39,0.25,0.38,0.4,0.38,0.28,0.49,0.09,0.07,0.14,0.15,0.07,0.45,0.12,0.09,0.2,0.1,0.34,0.16,0.22,0.45,0.07,0.31,0.19,0.28,0.45,0.41,0.49,0.37,0.5,0.46,0.48,0.34,0.75,0.73,0.72,0.7,0.94,0.81,0.85,0.6,0.66,0.65,0.68,0.73,0.45,0.71,0.9,0.35,0.56,0.68,0.97,1.28,0.59,0.67,0.96,0.47,0.36,0.51,0.79,0.37,0.56,0.68,0.44,0.54,0.39,0.03,0.03,0.03,0.05,0.33,0.29,0.42,0.02,0.05,0.07,0.07,1.15,1.49,1.47,0.92,0.35,0.34,0.56,0.51,0.56,0.45,0.55,0.48,0.46,0.51,0.06,0.67,0.43,0.37,0.03,0.3,0.58,0.51,0.13,0.14,0.21,0.2,0.27,0.14,0.21,0.6,0.06,0.03,0.17,0.1,0.46,0.26,0,0.3,0.32,0.18,0.38,0.31,0.7,0.43,0.19,0.12,0.18,0.1,0.16,0.02,0.02,0.02,0.06,0.18,0.4,0.3,0.23,0.29,0.16,0.12
15:1_perWWT,0,0,0,0,0,0,0,0,0,0,0,0,0,0,0,0,0,0,0,0,0,0,0,0,0,0,0,0,0,0,0,0,0,0,0,0,0,0,0,0,0,0,0,0,0,0,0,0,0,0,0,0,0,0,0,0,0,0,0,0,0,0,0,0,0,0,0,0,0,0,NA,0,0,0,0,0,0,NA,0,0,0,NA,0,0,0,0,0,0,0,0,0,0,0,0,0,0,0,0,0,0,0,0,0,0,0,0,0,0,0,0,0,0,0,0,0,0,0,0,0,0,0,0,0,0,0,0,0,0,0,0,0,0,0,0,0,0,0,0,0,0,0,0,0,0,0,0,0,0,0,0,0,0,0,0,0,0,0,0,0,0,0,0,0,0,0,0,0,0,0,0,0,0,0,0,0,0,0,0,0,0,0,0,0,0,0,0,0,0,0,0,0,0,0,0,0,0,0,0,0,0,0,0,0,0,0,0,0,0,0,0,0,0,0,0,0,0,0,0,0,0,0,0,0,0,0,0,0,0,0,0,0,0,0,0,0,0,0,0,0,0.05,0.06,0.04,0,0,0.1,0,0,0,0.02,0,0,0,0,0,0,0,0,0,0,0,0,0,0,0,0,0,0,0,0,0,0,0,0,0,0,0,0,0,0,0,0,0,0,NA,0,0,0,0,0,0,0,0,0,0,0,0,0,0,0,0,0,0,0,0,0,0,0,0,0,0,0,0,0,0,0,0,0,0,0,0,0,0,0,0,0,0,0,0,0,0,0,0,0,0,0,0,0,0,0,0,0,0,0,0,0,0,0,0,0,0,0,0,0,0,0,0,0,0,0,0,0,0,0,0,0,0,0,0,0,0,0,0,0,0,0,0,0,0,0,0,0,0,0,NA,0,0,0,0,0,0,0,0,0,0,0,0,0,0,0,0,0,0,0,0,0,0,0,0,0,0,0,0,0,0,0,0,0,0,0,0,0,0,0,0,0,0,0,0,0,0,0,0,0,0,0,0,0,0,0,0,0,0,0,0,0,0,0,0,0,0,0,0,0,0,0,0,0,0,0,0,0,0,0,0,0,0,0,0,0,0,0.01,0,0,0,0,0,0,0,0,0,0,0,0,0,0,0,0,0,0,0,0,0,0,0,0,0,0,0,0,0,0,0,0,0,0,0,0,0,0,0,0,0,0,0,0,0,0,0,0,0,0,0,0,0,0,0,0,0,0,0,0,0,0,0,0,0,0,0,0,0,0,0,0,0,0,0,0,0,0,0,0,0,0,0,0,0,0,0,0,0,0,0,0,0,0,0,0,0,0,0,0,0,0,0,0,0,0,0
i16:0_perWWT,0.54,0.41,0.06,0.14,0.45,0.26,0.24,0.14,0.1,0.2,0.32,0.25,0.11,0.07,0.24,0.37,0.15,0.49,0.31,0.57,0.56,0.53,0.45,0.58,0.34,0.15,0.18,0.2,0.18,0.25,0.23,0.26,0.18,0.15,0.21,0.08,0.14,0.19,0.13,0.24,0.25,0.25,0.17,0.23,0.2,0.2,0.17,0.17,0.22,0.19,0.13,0.21,0.11,0.22,0.18,0.16,0.16,0.15,0.13,0.21,0.14,0.23,0.1,0.11,0.21,0.11,0.16,0.13,0.13,0.02,NA,0.14,0.04,0.03,0.16,0.1,0.12,NA,0.15,0.06,0.09,NA,0.07,0.03,0.02,0.09,0.12,0.02,0.21,0.07,0.12,0.02,0.08,0.07,0.02,0.11,0.06,0.01,0.13,0.11,0.09,0.17,0.08,0.12,0.1,0.75,0.38,0.16,0.28,0.26,0.19,0.33,0.04,0.14,0.25,0.16,0.26,0.19,0.23,0.19,0.16,0.18,0.18,0.15,0.21,0.11,0.1,0.23,0.3,0.18,0.41,0.1,0.3,0.17,0.2,0.21,0.16,0.24,0.16,0.23,0.15,0.22,0.19,0.16,0.35,0.24,0.38,0.29,0.31,0.03,0.27,0.34,0.2,0.29,0.31,0.19,0.39,0.22,0.33,0.2,0.2,0.33,0.39,0.33,0.36,0.36,0.26,0.92,0.25,0.11,0.14,0.17,0.35,0.42,0.17,0.42,0.47,0.18,0.15,0.15,0.02,0.09,0.38,0.14,0.17,0.28,0.33,0.12,0.24,0.15,0.09,0.23,0.16,0.15,0.22,0.47,0.18,0.13,0.17,0.42,0.36,0.42,0.16,0.07,0.07,0.17,0.17,0.6,0.2,0.5,0.52,0.08,0,0.59,0.16,0.77,0.2,0.4,0.12,0.18,0.42,0.51,0.62,0.58,0.66,0.16,0.51,0.56,0.47,0.06,0.47,0.62,0.79,0.84,0.59,0.36,0.49,0.14,0.48,0,0.33,0.15,0.33,0.25,0.44,0.61,0.41,0.77,0.27,0.13,0.24,0.19,0.19,0.79,0.17,0.33,0.2,0.27,0.18,0.31,0.13,0.18,0.16,0.16,0.26,0.19,0.2,0.3,0.14,0.16,0.23,0.18,0.36,0.39,0.2,0.2,0.2,0.17,0.3,0.17,0.21,0.21,0.17,NA,0.25,0.19,0.21,0.21,0.19,0.28,0.11,0.34,0.36,0.24,0.17,0.24,0.26,0.35,0.23,0.17,0.17,0.3,0.32,0.16,0.2,0.24,0.14,0.18,0.22,0.11,0.25,0.19,0.21,0.2,0.07,0.29,0.1,0.15,0.22,0.18,0.3,0.22,0.14,0.39,0.33,0.51,0.2,0.16,0.27,0.18,0.25,0.28,0.41,0.23,0.28,0.34,0.05,0.02,0.09,0.3,0.35,0.37,0.23,0.21,0.3,0.2,0.22,0.01,0.29,0.4,0.21,0.26,0.58,0.12,0.46,0.29,0.18,0.22,0.14,0.45,0.67,0.2,0.29,0.47,0.22,0.39,0.26,0.15,0.21,0.33,0.39,0.47,0.31,0.24,0.28,0.2,0,0.22,0.37,0,0,0,0,NA,0,0.25,0,0,0,0.35,0,0,0.09,0,0,0.09,0.33,0,0,0.46,0.19,0,0,0,0,0,0.14,0.27,0.34,0.22,0,0.29,0.21,0.29,0.17,0.15,0,0.3,0,0.22,0,0,0,0,0,0.27,0,0,0.22,0,0,0.29,0,0.24,0,0.34,0.43,0,0.04,0,0,0,0,0.29,0,0.16,0.18,0,0,0,0,0,0,0,0,0,0,0,0,0,0,0,0,0,0,0,0,0,0,0.16,0,0,0,0,0,0,0,0,0,0.18,0.17,0.4,0.35,0,0.32,0.05,0,0,0.37,0,0,0,0,0.38,0,0,0.31,0,0,0,0,0,0,0.31,0,0.13,0.11,0,0,0,0,0,0,0,0,0,0,0,0.25,0.35,0.36,0,0,0,0.26,0.22,0,0.27,0.22,0.16,0,0.2,0.04,0.21,0.16,0.17,0.02,0.16,0.28,0.26,0.07,0.09,0.19,0.15,0,0,0,0,0,0.02,0,0.07,0.4,0.24,0.01,0.15,0,0.07,0.2,0.23,0.39,0.29,0,0.12,0,0.08,0.19,0.02,0.02,0.01,0.06,0.09,0.36,0.13,0.16,0.15,0.13,0.06
ai16:0?_perWWT,0,0.04,0,0.07,0.06,0.11,0.06,0.16,0.06,0.1,0.07,0.12,0.08,0.05,0.08,0.1,0.01,0.06,0.12,0.15,0.26,0.2,0.18,0.1,0.1,0.06,0.12,0.1,0.2,0.21,0.15,0.13,0.11,0.16,0.11,0.03,0.1,0.18,0,0.2,0.11,0.18,0.2,0.06,0.1,0.09,0.11,0.12,0.22,0.18,0.08,0.07,0.08,0.13,0.08,0.15,0.14,0.11,0.12,0.11,0.11,0,0.08,0.11,0.09,0.07,0.11,0.1,0.08,0,NA,0.04,0.03,0,0.07,0.03,0.07,NA,0.08,0.03,0.06,NA,0.05,0.02,0,0.05,0.11,0.01,0.06,0.03,0.08,0,0.03,0.03,0,0.05,0.02,0,0.2,0.11,0.04,0.1,0,0.08,0.06,0.72,0.26,0.13,0.27,0.15,0.12,0.31,0.02,0.23,0.06,0.21,0.26,0.17,0.19,0.16,0.12,0.26,0.05,0.04,0,0.07,0.03,0.42,0.22,0.23,0.45,0.13,0.34,0,0,0.28,0.17,0.3,0.24,0,0.09,0.12,0.03,0.06,0.2,0.11,0.05,0.06,0.17,0,0.06,0.1,0.16,0.14,0.11,0.12,0.27,0.11,0.14,0.15,0.06,0.18,0.1,0.2,0.12,0.29,0.15,0.57,0.04,0.03,0.07,0.06,0.34,0.29,0.08,0.27,0,0.13,0.06,0.07,0,0.04,0.39,0.12,0.03,0.18,0.29,0.04,0.07,0.12,0.08,0.09,0.1,0.13,0.12,0.45,0.08,0.1,0.07,0.23,0.04,0.4,0.11,0.02,0,0.1,0.18,0,0.14,0,0.05,0.1,0.69,0.54,0,0.78,0.04,0.53,0,0.17,0,0.49,0.56,0.63,0.36,0.15,0.48,0.8,0,0,0.4,0.55,0.62,0.78,0.66,0.4,0.47,0.14,0.49,0,0.28,0.23,0.25,0.21,0.17,0.59,0.48,0.73,0.13,0.12,0.21,0.19,0.26,0.71,0.19,0.36,0.21,0.24,0.15,0.29,0.11,0.14,0.17,0.15,0.25,0.16,0.26,0.25,0.11,0.15,0.3,0.26,0.24,0.25,0.17,0.29,0.16,0.13,0.34,0.13,0.2,0.15,0.14,NA,0.21,0.13,0.15,0.17,0.14,0.21,0.11,0.36,0.22,0.24,0.15,0.14,0.26,0.27,0.22,0.15,0.14,0.2,0.23,0.13,0.16,0.16,0.12,0.13,0.17,0.09,0.21,0.15,0.18,0.18,0.09,0.19,0.1,0.12,0.17,0.15,0.2,0.13,0.1,0.21,0.2,0.36,0.12,0.12,0.18,0.14,0.16,0.17,0.25,0.19,0.2,0.19,0.11,0.09,0.07,0.17,0.18,0.3,0.22,0.18,0.38,0.3,0.09,0.12,0.17,0.35,0.12,0.16,0.26,0.12,0.31,0.18,0.14,0.14,0.16,0.28,0.4,0.15,0.23,0.37,0.21,0.3,0.27,0.06,0.18,0.07,0.07,0.09,0.06,0.06,0.16,0.16,0.06,0.06,0.08,0.15,0.11,0.03,0.01,NA,0.01,0.09,0.01,0.11,0.14,0.16,0.03,0.1,0.1,0.07,0.04,0.08,0.12,0.08,0.11,0.14,0.18,0.01,0.01,0.01,0.02,0.01,0.08,0.1,0.13,0.1,0.02,0.07,0.04,0.04,0.05,0.05,0.07,0.08,0.04,0.06,0.01,0.04,0.09,0.05,0.08,0.05,0.11,0.26,0.04,0.06,0.04,0.1,0.2,0.12,0.37,0.36,0.33,0.11,0.38,0.28,0.11,0.25,0.14,0.4,0.22,0.21,0.54,0.21,0.12,0.18,0.08,0.22,0.01,0.32,0.32,0.16,0.18,0.12,0.17,0.27,0.25,0.29,0.13,0.21,0.22,0.25,1,0.26,0.16,0.2,0.29,0.4,0.45,0.34,0.26,0.32,0.27,0.28,0.41,0.21,0.17,0.23,0.33,0.21,0.31,0.24,0.03,0.07,0.09,0.03,0.05,0.05,0.06,0.08,0.06,0.08,0.06,0.47,0.23,0.21,0.46,0.25,0.26,0.63,0.19,0.22,0.21,0,0.01,0.01,0.02,0.05,0.02,0.06,0,0.01,0.01,0.02,0.16,0.21,0.25,0.15,0.05,0.06,0.43,0.29,0.2,0.34,0.25,0.23,0.29,0.41,0.03,0.06,0.06,0.02,0,0.02,0.03,0.05,0.03,0.03,0.05,0.04,0.08,0.01,0.04,0.16,0.02,0,0.05,0.03,0.13,0.03,0,0.08,0.06,0.04,0.07,0.06,0.14,0.1,0.04,0.01,0.04,0.02,0.01,0,0,0,0,0.03,0.07,0.03,0.05,0.03,0.02,0.01
pristanic?_perWWT,0,0,0,0,0,0,0,0,0,0,0,0,0,0,0,0,0,0,0,0,0,0,0,0,0,0,0,0,0,0,0,0,0,0,0,0,0,0,0,0,0,0,0,0,0,0,0,0,0,0,0,0,0,0,0,0,0,0,0,0,0,0,0,0,0,0,0,0,0,0,NA,0,0,0,0,0,0,NA,0,0,0,NA,0,0,0,0,0,0,0,0,0,0,0,0,0,0,0,0,0,0,0,0,0,0,0,0,0,0,0,0,0,0,0,0,0,0,0,0,0,0,0,0,0,0,0,0,0,0,0,0,0,0,0,0,0,0,0,0,0,0,0,0,0,0,0,0,0,0,0,0,0,0,0,0,0,0,0,0,0,0,0,0,0,0,0,0,0,0,0,0,0,0,0,0,0,0,0,0,0,0,0,0,0,0,0,0,0,0,0,0,0,0,0,0,0,0,0,0,0,0,0,0.01,0,0,0,0,0,0.01,0,0.01,0,0,0,0,0,0.01,0,0,0,0,0,0.01,0.01,0,0,0,0,0.01,0,0,0,0,0,0.01,0.01,0,0,0,0,0,0,0,0,0,0,0,0,0,0,0,0,0,0,0.01,0,0,0,0,0,0,0,0,0,0,0,0,0,0,0,0,0,0.01,0,0,0,0,0,0,0,0,0,0,0,NA,0,0,0,0,0,0,0,0,0,0,0,0,0,0,0,0,0,0,0,0,0,0,0,0,0,0,0,0,0,0,0,0,0,0,0,0,0,0,0,0,0,0,0,0,0,0,0,0,0,0,0,0,0,0,0,0,0,0,0,0,0,0,0,0,0,0,0,0,0,0,0,0,0,0,0,0,0,0,0,0,0,0,0,0,0,0,0,0,0,0,0,0,0,0,0,0,0,0,0,NA,0,0,0,0,0,0,0,0,0,0,0,0,0,0,0,0,0,0,0,0,0,0,0,0,0,0,0,0,0,0,0,0,0,0,0,0,0,0,0,0,0,0,0,0,0,0,0,0,0,0,0,0,0,0,0,0,0,0,0,0,0,0,0,0,0,0,0,0,0,0,0,0,0,0,0,0,0,0,0,0,0,0,0,0,0,0,0,0,0,0,0,0,0,0,0,0,0,0,0,0,0,0,0,0,0,0,0,0,0,0,0,0,0,0,0,0,0,0,0,0,0,0,0,0,0,0,0,0,0,0,0,0,0,0,0,0,0,0,0,0,0,0,0,0,0,0,0,0,0,0,0,0,0,0,0,0,0,0,0.01,0,0.02,0.01,0,0.04,0,0,0.01,0,0,0.01,0.01,0,0,0,0,0,0,0,0.01,0,0,0,0,0,0,0,0,0,0,0,0,0,0,0
16:0_perWWT,24.6,12.34,7.36,3.52,14,4.11,4.78,8.78,2.71,8.56,15.02,5.32,4.38,1.82,7.01,26.84,5.38,10.43,13.44,22.7,21.45,29.18,23.65,27.83,14.51,11.17,14.19,15.53,15.95,14.12,14.77,15.07,12.41,11.47,14.77,2.74,11.53,13.21,8.14,17.44,13.71,14.14,11.94,21.68,12.08,15.6,12.43,16.27,20.06,15.73,9.98,10.87,11.57,25.93,15.17,14.11,16.71,14.05,13.66,19.98,22.36,22.83,9.71,11.26,25.89,10.3,15.85,11.47,8.49,1.44,NA,10.94,4.26,1.16,8.85,6.9,8.79,NA,10.28,1.56,2.88,NA,3.48,1.22,0.66,2.25,4.49,0.89,7.15,2.96,7.57,0.72,3.03,2.94,0.83,2.71,1.99,0.59,5.95,7.75,3.8,5.8,2.99,3.39,3.19,39.28,20.48,14.02,15.18,14.09,19.41,23.25,1.7,14.61,13.09,12.39,16.7,11.61,16.29,12.14,10.98,14.19,11.3,7.96,12.54,4.74,4.59,18.48,11.12,13.89,11.57,11.26,9.26,10.83,11.73,15,13.15,14.4,9.39,12.67,4.18,6.42,3.03,4.15,16.76,8.09,6.45,7.19,8.57,0.92,4.23,6,7.45,6.1,7.21,3.54,11.2,6.92,11.49,8.08,2.76,11.77,7.04,10.76,6.16,8.24,9.44,26.07,5.09,2.77,1.95,6.08,13.15,12.88,7.24,11.13,16.05,4.1,3.13,5.77,1.06,2.69,13.03,2.32,1.89,9.59,9.4,1.85,2.86,3.34,2.2,10.24,3.87,3.27,12.36,10.25,11.11,6.19,9.14,11.37,10.28,20.95,11.09,1.19,3.57,10.51,9.1,20.1,14.06,21.75,12.77,4.75,22.39,28.34,12.53,23.38,6.48,20.25,6.98,10.05,16.55,17.14,26.08,29.36,27.22,9.43,25.59,23.46,17.05,6.48,30.64,32.16,32.78,29.49,19.8,20.02,27.05,9.57,25.31,10.94,10.37,10.05,9.74,10.6,28.81,32.15,24.11,31.7,5.04,13.13,9.13,17.12,9.22,28.75,10.46,21.46,7.53,11.26,7.36,19.8,6,11.55,12.59,12.07,18.48,10.66,12.62,12.39,6.84,10.4,7.44,4.17,19.22,18.62,10.09,9.93,9.09,13.32,9.19,7.61,14.95,13.73,11.18,NA,18.82,14.19,12.33,13.44,11,18.51,5.65,19.1,17.08,13.5,6.31,15.9,18.93,19.05,14.07,10.27,11.91,19.71,21.46,10.62,14.67,12.69,7.3,11.13,9.21,5.7,11.76,12.39,11.05,9.01,2.92,10.34,3.62,8.82,10.69,5.71,12.38,4.77,6.07,18.22,11.99,11.27,15.97,5.44,8.26,7.84,15.27,15.83,12.19,8.67,23.41,4.7,2.29,0.99,3.84,12.38,3.72,13.97,17.72,9.56,12.05,10.08,10.77,0.93,13.74,12.87,11.4,5.07,13.93,7.17,21.56,20.59,2.4,4.67,4.14,18.62,10.96,7.31,9.36,12.13,7.04,9.1,14.69,8.97,8.46,14.24,9.74,12.87,12.44,9.96,14.36,14.16,6.56,8.42,9.38,13.48,8.12,1.82,0.83,NA,0.85,12.62,0.77,12.79,8.33,19.87,9.77,6.78,5.91,4.14,2.46,4.37,18.63,5.04,9.29,17.23,6.4,0.79,0.83,0.83,0.84,1,6.86,15.07,15.67,14.17,3.95,20.56,11.56,19.77,7.79,12.73,9.9,18.55,8.54,15.22,0.74,6.54,19.55,7.39,9.97,12.14,4.96,16.17,9.19,19.58,17.41,12.19,14.07,8.78,12.26,17.52,20.31,3.62,37.51,17.17,3.34,13.66,7.13,11.69,13.68,14.57,9.2,12.29,2.6,1.9,3,3.79,1.2,11.73,3.6,2.61,4.54,2.69,7.56,3.78,4.86,10.87,1.59,7.92,5.12,7.16,10.21,19.55,13.83,18.96,20.93,15.35,17.94,17.39,13.59,16.27,14.29,15.01,17.54,16.52,15.66,16.01,21.77,20.75,26.29,33.31,8.6,13.86,17.71,7.88,12.36,12.72,19.82,24.25,9.76,13.55,20.5,11.49,7.81,10.59,20.8,7.96,12.01,19.63,9.45,11.73,8.29,0.54,0.54,0.63,0.79,6.56,4.5,7.2,0.58,1.09,1.26,1.57,14.56,20.4,20.14,13.3,4,5.33,19.11,19.67,14.38,13.72,17.08,17.54,14.54,17.48,1.12,12.61,7.22,4.67,0.5,3.24,8.74,6.36,1.63,1.84,3.26,2.6,4.61,1.74,3.08,4.17,0.62,0.68,2.12,1.48,9.13,3.8,0.09,5.58,5.43,2.89,7.96,6.1,12.87,7.55,3.11,1.76,3.17,2.17,2.33,0.48,0.41,0.41,1.24,2.67,8.11,6.26,4.06,5.43,3.15,1.58
16:1w11?_perWWT,0,0,0,0,0,0,0,0,0,0,0,0,0,0,0,0,0,0,0,0,0,0,0,0,0,0,0,0,0,0,0,0,0,0,0,0,0,0,0,0,0,0,0,0,0,0,0,0,0,0,0,0,0,0,0,0,0,0,0,0,0,0,0,0,0,0,0,0,0,0,NA,0,0,0,0,0,0,NA,0,0,0,NA,0,0,0,0,0,0,0,0,0,0,0,0,0,0,0,0,0,0,0,0,0.01,0,0,0.17,0,0,0,0,0,0,0,0,0,0,0,0,0,0,0,0,0,0,0.06,0,0,0,0,0,0,0,0,0,0,0,0,0,0,0,0,0,0,0,0,0,0,0,0,0,0,0,0,0,0,0,0,0,0,0,0,0,0,0,0,0,0,0.13,0,0,0,0,0,0,0,0,0.11,0,0,0,0,0,0,0,0,0,0,0,0,0,0,0,0,0,0,0,0,0,0,0,0,0.09,0,0,0,0,0,0,0,0.13,0,0,0.12,0.16,0,0.17,0,0.09,0,0,0,0.1,0.16,0.15,0.14,0,0.13,0.11,0,0,0.11,0.14,0.16,0.17,0.15,0.1,0.11,0.03,0.15,0.35,0.04,0.03,0.04,0.06,0.09,0.14,0.1,0.18,0.05,0.03,0.06,0.04,0.05,0.17,0,0.09,0,0.07,0.04,0.07,0.01,0.05,0.04,0.04,0.07,0.03,0.05,0.04,0.02,0.03,0.05,0.03,0.07,0.09,0.02,0.04,0.03,0.04,0.05,0.02,0.06,0.05,0.02,NA,0.05,0.03,0.04,0.04,0.03,0.07,0.01,0.08,0.05,0.06,0.02,0.04,0.05,0.07,0.05,0.03,0.03,0.06,0.06,0.02,0.03,0.15,0.02,0.04,0.03,0.02,0.05,0.05,0.04,0.04,0.01,0.2,0.04,0.02,0.07,0.04,0.18,0.08,0.03,0.21,0.06,0.08,0.04,0.02,0.06,0.03,0.08,0.1,0.05,0.05,0.1,0.02,0.01,0.01,0.02,0.06,0.02,0.04,0.07,0.02,0.04,0.07,0.04,0,0.06,0.05,0.12,0.03,0.04,0.03,0.07,0.1,0.02,0.03,0.03,0.11,0.08,0.02,0.04,0.07,0.04,0.06,0.08,0.03,0.05,0,0,0,0,0,0,0,0,0,0,0,0,0,0,NA,0,0,0,0,0,0,0,0,0,0,0,0,0,0,0,0,0,0,0,0,0,0,0,0,0,0,0,0,0,0,0,0,0,0,0,0,0,0,0,0,0,0,0,0,0,0,0,0,0,0,0,0,0,0,0,0,0,0,0,0,0,0,0,0,0,0,0,0,0,0,0,0,0,0,0,0,0,0,0,0,0,0,0,0,0,0,0,0,0,0,0,0,0,0,0,0,0,0,0,0,0,0,0,0,0,0,0,0,0,0,0,0,0,0,0,0,0,0,0,0,0,0,0,0,0,0,0.01,0,0,0,0,0,0,0,0,0,0,0,0,0,0,0,0,0,0,0,0,0,0,0,0,0,0,0,0,0,0,0,0,0,0,0,0,0,0,0,0,0,0,0,0,0,0,0,0,0,0,0,0,0,0,0,0,0,0,0,0,0,0,0,0,0,0,0
16:1w9?_perWWT,0,0,0,0,0,0,0,0,0,0,0,0,0,0,0,0,0,0,0,0,0,0,0,0,0,0,0,0,0,0,0,0,0,0,0,0,0,0,0,0,0,0,0,0,0,0,0,0,0,0,0,0,0,0,0,0.08,0.13,0,0,0,0,0,0,0,0,0,0,0,0,0.01,NA,0,0,0,0,0,0,NA,0,0.21,0,NA,0,0,0.08,0,0,0,0,0,0,0,0,0,0.12,0,0,0,0,0,0,0,0,0,0,0,0,0,0,0,0,0,0,0,0,0,0,0,0,0,0,0,0,0,0,0,0,0,0,0,0,0,0,0,0,0,0,0,0,0,0,0,0,0,0,0,0,0,0,0,0,0,0,0,0,0,0,0,0,0,0,0,0,0,0,0,0,0,0,0,0,0,0,0,0,0,0,0,0,0,0,0,0,0,0,0,0,0,0,0,0,0,0,0,0,0,0,0,0,0,0,0,0,0,0,0,0,0,0,0,0,0,0,0,0,0,0,0,0,0,0,0,0,0,0,0,0,0,0,0,0,0,0,0,0,0,0,0,0,0,0,0,0,0,0,0,0,0,0,0,0,0,0,0,0,0,0,0,0,0,0,0,0,0,0,0,0,0,0,0,0,0,0,0,0,0,0,0,0,0,0,0,0,NA,0,0,0,0,0,0,0,0,0,0,0,0,0,0,0,0,0,0,0,0,0,0,0,0,0,0,0,0,0,0,0,0,0,0,0,0,0,0,0,0,0,0,0,0,0,0,0,0,0,0,0,0,0,0,0,0,0,0,0,0,0,0,0,0,0,0,0,0,0,0,0,0,0,0,0,0,0,0,0,0,0,0,0,0,0,0,0,0,0,0,0,0,0,0.06,0,0,0,0,0,NA,0,0,0,0,0,0,0,0,0,0,0,0,0,0,0,0,0,0,0,0,0,0,0,0,0,0,0,0,0,0,0,0,0,0,0,0,0,0,0,0.82,1.22,0,0.47,0,0,0,0,0,0,0,0,0,0,0,0,0,0,0,0,0,0,0,0,0,0,0,0,0,0.11,0,0,0,0,0,0,0,0,0,0,0,0,0,0,0,0,0,0,0,0,0,0,0,0,0,0,0,0,0,0,0,0,0,0,0,0,0,0,0,0,0,0,0,0,0,0,0,0,0,0,0,0,0,0,0,0,0,0,0,0,0,0,0,0,0,0,0,0,0,0,0,0,0,0,0,0,0,0,0,0,0,0,0,0.04,0,0,0,0,0,0,0,0,0,0,0,0,0,0,0,0,0,0,0,0,0,0,0,0,0,0,0,0,0,0,0,0.03,0,0,0,1.04,0,0.61,0,0,0.19
16:1w7_perWWT,21.31,10.2,3.43,1.17,11.68,3.22,3.65,14.18,2.14,5.36,11.3,3.72,2.94,1.77,4.06,23.04,3.61,9.71,7.77,23.62,20.73,27.31,24.44,24.9,13.98,19.59,26.5,27.1,28.19,23.87,24.41,20.71,20.9,16.69,23.16,2.62,19.72,21.57,10.91,22.5,21.56,22.61,19.03,26.91,18.06,21.18,18.54,21.11,29.1,27.67,17.88,16.94,16.77,34.93,25.62,21.41,26.46,22.04,23.53,29,27.24,30.34,15.53,15.58,31.12,17.02,19.06,12.72,13.44,1.65,NA,16.38,5.41,0.86,15.62,11.26,14.43,NA,13.93,0.83,1.95,NA,3.55,0.84,0.22,1.93,4.93,0.49,8.07,2.51,4.92,0.4,2.18,2.08,0.25,2.08,2.09,0.28,6.52,7.65,3.37,4.56,1.69,3.62,3.63,35.68,23.68,15.91,17.71,15.08,23.4,26.33,1.09,17.15,16.04,11.22,15.95,11.76,15.39,11.71,9.65,12.52,15.06,10.31,11.33,4.69,5.75,19.83,12.61,14.24,12.77,12.37,10.93,10.5,12.28,18.46,16.3,15.14,11.5,13.21,3.37,5.25,2.35,3.33,16.56,7.87,5.74,6.43,8.57,0.42,3.76,5.64,7.35,5.97,6.22,2.89,9.8,5.49,10.41,7.77,2.09,11.66,5.88,10.22,4.74,7.97,8.04,22.43,4.03,1.86,1.27,4.9,12.99,12.77,10.71,10.35,14.16,3.69,2.22,7.47,0.37,2.3,11.82,1.27,1.53,9.35,8.22,1.01,2.55,2.92,1.67,10.32,3.21,2.9,12.95,9.39,13.3,5.34,9.91,9.55,7.5,18.87,10.2,0.61,1.5,9.92,7.8,19.99,12.29,23.77,12.33,3.88,18.06,26.11,10.9,18.67,3.62,25.22,6.27,9.49,13.14,15.59,21.97,31.35,28.84,8.94,24.7,24.45,14.92,5.11,31.26,29.1,32.09,24.63,16.62,17.92,23.19,8.99,23.25,11.12,26.08,9.44,24.36,13.47,27.6,29.2,19.16,27.18,6.01,13.44,11.87,16.55,19.85,23.81,9.95,19.11,7.12,14.41,8.4,18.09,13.84,25.27,22.86,22.72,32.26,17.94,18.64,24.88,19.75,16.83,13.51,13.57,39.23,29.36,15.9,13.51,19.35,27.78,23.39,15.85,26.49,27.32,19.24,NA,33.29,27.69,25.54,26.86,22.21,35.77,9.74,37.21,32.63,29.17,11.08,28.57,27.61,30.63,23.14,22.29,23.06,37.88,41.34,16.26,26.19,18.51,12.52,19.96,15.74,8.45,19.4,16.06,20.66,15.66,3.64,11.12,3.88,13.39,13.16,6.54,13.17,6.61,7.39,23.65,18.63,13.06,24.93,5.89,11.04,11.42,19.74,17.1,12.39,10.04,26,4.28,1.9,0.35,4.41,13.88,3.14,13.02,19.52,11.6,10.78,13.51,11.95,0.43,18.67,13.56,12.61,5.78,16.73,10.07,18.18,22.51,2.19,4.14,2.9,21.37,10.33,7.63,9.89,12.08,7.15,10.19,20.67,12.96,6.59,16.66,11.41,13.1,15.79,13.22,16.28,7.31,6.71,11.07,10.69,7.99,10.04,1.49,0.54,NA,0.61,13.9,0.43,12.67,8.46,19,11.72,7.81,6.42,3.23,2.12,3.96,19.28,3.8,8.64,25.37,4.5,0.53,0.56,0.44,0.57,0.78,8.38,18.46,17.73,18.51,4.14,23.27,13.27,19.59,9.75,14.29,13.36,21.7,11.68,17.6,0.36,8.33,9.74,3.15,3.54,14.24,1.61,7.71,10.28,19.38,21.58,12.09,14.24,8.87,9.31,15.65,16.19,3.09,26.01,14.43,2.26,11.94,6.65,10.78,10.9,10.86,7.95,10.03,1.97,1,2.02,3.09,0.34,9.74,2.9,2.2,4.27,1.69,7.58,3.55,4.29,7.84,0.86,6.84,4.45,5.82,9.14,13.8,9.81,12.87,15.63,12.41,13.55,14.44,19.58,23.13,19.87,20.06,28.24,26.39,27.52,15.67,17.96,19.69,21.78,26.59,9.72,15.8,20.38,8.66,13.31,15.39,23.32,31.05,11.56,14.76,24.22,14.83,10.77,15.8,22.1,10.96,14.72,25.61,12.29,17.56,10.57,0.24,0.21,0.26,0.44,7.74,5.48,8.7,0.18,0.47,0.45,0.66,15.39,21.25,21.05,15.14,4.11,6.93,16.87,16.96,14.61,13.63,18.11,17.26,16.84,15.56,0.58,15.19,9.51,3.17,0.14,1.72,6.12,4.46,1.02,1.07,2.63,1.91,4.09,1.45,2.45,6.83,0.67,0.3,1.57,0.84,6.19,2.54,0.07,5.16,5.48,2.42,6.62,4.56,9.74,5.69,2.31,1.02,2.63,1.43,1.88,0.14,0.12,0.12,0.4,1.92,3.33,4.99,2.36,4.39,2.64,0.81
16:1w5_perWWT,0.29,0.2,0.18,0.07,0.35,0.13,0.11,0.17,0.06,0.11,0.19,0.14,0.08,0.05,0.14,0.32,0.1,0.29,0.26,0.47,0.5,0.51,0.38,0.44,0.26,0.18,0.23,0.23,0.27,0.26,0.27,0.2,0.2,0.15,0.21,0.05,0.17,0.18,0.11,0.2,0.25,0.22,0.18,0.26,0.18,0.21,0.17,0.21,0.28,0.24,0.15,0.2,0.14,0.31,0.21,0.22,0.27,0.21,0.22,0.29,0.22,0.3,0.14,0.14,0.24,0.15,0.14,0.11,0.12,0.02,NA,0.13,0.07,0.02,0.13,0.09,0.12,NA,0.14,0.02,0.03,NA,0.06,0.02,0.01,0.03,0.06,0.01,0.1,0.04,0.08,0.01,0.04,0.04,0.01,0.04,0.03,0.01,0.09,0.11,0.06,0.1,0.04,0.06,0.11,0.59,0.25,0.16,0.22,0.2,0.2,0.3,0.02,0.19,0.15,0.16,0.2,0.16,0.22,0.16,0.14,0.16,0.18,0.1,0.18,0.1,0.09,0.17,0.15,0.15,0.19,0.14,0.16,0.17,0.14,0.18,0.17,0.17,0.16,0.17,0.08,0.12,0.08,0.07,0.26,0.15,0.16,0.15,0.23,0.02,0.11,0.15,0.19,0.16,0.16,0.1,0.26,0.13,0.25,0.16,0.09,0.26,0.17,0.21,0.16,0.2,0.18,0.34,0.12,0.05,0.05,0.12,0.3,0.35,0.16,0.27,0.22,0.11,0.08,0.15,0.01,0.06,0.31,0.06,0.06,0.23,0.27,0.04,0.1,0.1,0.05,0.22,0.1,0.09,0.24,0.35,0.22,0.11,0.2,0.29,0.25,0.38,0.17,0.05,0.06,0.15,0.16,0.33,0.2,0.36,0.26,0.07,0.39,0.47,0.2,0.33,0.13,0.37,0.11,0.16,0.32,0.32,0.47,0.44,0.39,0.16,0.41,0.39,0.33,0.09,0.45,0.46,0.54,0.54,0.45,0.32,0.38,0.16,0.42,0,0.31,0.15,0.29,0.21,0.38,0.48,0.36,0.54,0.15,0.18,0.2,0.21,0.23,0.54,0.17,0.32,0.14,0.24,0.16,0.3,0.14,0.22,0.22,0.21,0.3,0.2,0.22,0.26,0.18,0.18,0.23,0.17,0.32,0.3,0.18,0.18,0.19,0.25,0.3,0.18,0.25,0.25,0.21,NA,0.3,0.25,0.25,0.27,0.22,0.33,0.13,0.34,0.34,0.26,0.13,0.27,0.29,0.33,0.22,0.19,0.22,0.34,0.37,0.18,0.27,0.21,0.19,0.22,0.24,0.12,0.26,0.19,0.25,0.2,0.07,0.17,0.07,0.17,0.17,0.13,0.2,0.14,0.1,0.33,0.28,0.26,0.27,0.12,0.18,0.18,0.19,0.19,0.22,0.15,0.21,0.11,0.04,0.01,0.06,0.17,0.11,0.18,0.19,0.15,0.22,0.15,0.14,0.01,0.19,0.24,0.19,0.13,0.25,0.12,0.28,0.22,0.09,0.1,0.08,0.28,0.33,0.11,0.18,0.29,0.13,0.23,0.23,0.11,0.11,0.21,0.19,0.22,0.21,0.16,0.18,0.21,0.13,0.14,0.19,0.18,0.16,0.04,0.02,NA,0.01,0.16,0.01,0.25,0.17,0.35,0.14,0.16,0.13,0.09,0.06,0.1,0.29,0.1,0.21,0.29,0.14,0.02,0.02,0.01,0.02,0.02,0.1,0.19,0.2,0.16,0.06,0.21,0.14,0.19,0.12,0.13,0.14,0.22,0.12,0.17,0.01,0.11,0.27,0.11,0.13,0.15,0.08,0.24,0.12,0.21,0.19,0.18,0.21,0.12,0.19,0.24,0.26,0.04,0.36,0.22,0.07,0.23,0.12,0.21,0.21,0.15,0.16,0.2,0.04,0.03,0.08,0.07,0.02,0.18,0.07,0.05,0.08,0.04,0.12,0.08,0.07,0.15,0.03,0.11,0.08,0.11,0.22,0.18,0.18,0.15,0.21,0.31,0.24,0.18,0.22,0.21,0.19,0.21,0.3,0.24,0.22,0.23,0.22,0.22,0.24,0.29,0.09,0.15,0.22,0.08,0.14,0.17,0.21,0.27,0.14,0.16,0.2,0.2,0.11,0.17,0.27,0.11,0.16,0.28,0.13,0.18,0.13,0.02,0.01,0.01,0.02,0.11,0.08,0.13,0,0.01,0.02,0.03,0.27,0.33,0.3,0.24,0.09,0.1,0.2,0.19,0.25,0.23,0.2,0.19,0.19,0.2,0.04,0.15,0.1,0.08,0.01,0.05,0.1,0.1,0.04,0.04,0.08,0.07,0.13,0.07,0.11,0.36,0.04,0.01,0.08,0.03,0.17,0.11,0.01,0.11,0.13,0.06,0.12,0.12,0.21,0.15,0.09,0.05,0.09,0.05,0.07,0,0,0,0.02,0.05,0.16,0.08,0.08,0.09,0.06,0.03
i17:0_perWWT,1.51,1.01,0.15,0.24,1.14,0.6,0.62,0.43,0.26,0.64,1.02,0.66,0.35,0.18,0.82,1.32,0.39,1.15,0.8,1.43,1.39,1.47,1.21,1.69,0.79,0.49,0.54,0.59,0.52,0.59,0.62,0.53,0.45,0.42,0.65,0.21,0.39,0.56,0.43,0.68,0.55,0.56,0.46,0.66,0.51,0.52,0.46,0.47,0.63,0.53,0.35,0.44,0.42,0.74,0.44,0.45,0.47,0.41,0.41,0.61,0.57,0.75,0.34,0.37,0.67,0.4,0.54,0.36,0.41,0.07,NA,0.39,0.17,0.06,0.33,0.23,0.29,NA,0.45,0.21,0.28,NA,0.31,0.1,0.09,0.26,0.42,0.12,0.5,0.2,0.37,0.07,0.23,0.22,0.1,0.26,0.16,0.04,0.34,0.34,0.26,0.38,0.18,0.31,0.24,2.23,1.02,0.45,0.76,0.79,0.57,0.96,0.12,0.54,0.56,0.48,0.79,0.57,0.69,0.6,0.52,0.57,0.44,0.36,0.67,0.3,0.26,0.69,0.64,0.59,0.83,0.4,0.66,0.46,0.52,0.6,0.5,0.65,0.44,0.65,0.36,0.54,0.4,0.4,0.86,0.62,0.81,0.69,0.74,0.08,0.57,0.69,0.57,0.56,0.71,0.41,0.98,0.5,0.81,0.53,0.33,0.88,0.7,0.77,0.65,0.67,0.63,1.54,0.55,0.27,0.3,0.55,1.02,1.09,0.45,0.89,1.15,0.51,0.37,0.41,0.08,0.25,1.1,0.35,0.33,0.71,0.91,0.25,0.42,0.39,0.28,0.69,0.45,0.4,0.71,1.28,0.56,0.44,0.53,1.11,0.9,1.25,0.5,0.15,0.27,0.53,0.56,1.56,0.69,1.47,1.22,0.27,1.44,1.73,0.62,1.57,0.52,1.12,0.37,0.59,1.14,1.34,1.88,1.65,1.72,0.5,1.61,1.65,1.47,0.26,1.44,1.76,2.07,2.29,1.69,1.16,1.49,0.5,1.38,0.47,0.82,0.49,0.8,0.66,1.29,1.83,1.17,2.04,0.52,0.52,0.69,0.7,0.64,2.13,0.57,1.15,0.52,0.77,0.53,0.97,0.36,0.47,0.53,0.49,0.66,0.54,0.51,0.61,0.4,0.49,0.67,0.45,0.78,0.84,0.57,0.49,0.51,0.51,0.82,0.48,0.6,0.57,0.54,NA,0.72,0.61,0.6,0.63,0.51,0.74,0.36,0.79,0.88,0.54,0.41,0.67,0.65,0.76,0.61,0.47,0.53,0.78,0.87,0.48,0.65,0.65,0.46,0.49,0.61,0.31,0.68,0.6,0.58,0.52,0.2,0.7,0.21,0.44,0.54,0.42,0.67,0.4,0.32,0.95,0.68,0.92,0.64,0.37,0.54,0.51,0.72,0.63,0.83,0.6,0.82,0.59,0.15,0.07,0.21,0.65,0.59,0.79,0.67,0.61,0.69,0.58,0.55,0.04,0.61,0.92,0.57,0.47,0.97,0.3,1.32,0.9,0.32,0.41,0.46,1,1.02,0.47,0.57,0.93,0.47,0.77,0.76,0.33,0.56,0.67,0.59,0.76,0.61,0.45,0.55,0.59,0.48,0.41,0.62,0.5,0.51,0.18,0.07,NA,0.08,0.51,0.1,0.41,0.23,0.71,0.41,0.21,0.18,0.16,0.09,0.15,0.59,0.17,0.35,0.82,0.42,0.1,0.09,0.08,0.11,0.1,0.27,0.5,0.59,0.42,0.18,0.59,0.41,0.57,0.31,0.32,0.38,0.59,0.27,0.5,0.09,0.35,1.12,0.45,0.57,0.49,0.21,0.6,0.4,0.72,0.6,0.8,1,0.61,0.7,1.01,1.07,0.15,1.1,0.74,0.26,0.63,0.52,0.9,0.66,0.59,0.51,0.65,0.18,0.13,0.17,0.31,0.11,0.6,0.29,0.21,0.29,0.13,0.45,0.33,0.32,0.59,0.13,0.39,0.28,0.44,0.73,0.78,0.78,0.62,0.99,0.84,1.01,0.72,0.64,0.57,0.52,0.63,0.69,0.57,0.5,1.03,0.98,0.81,0.97,0.84,0.29,0.43,0.73,0.27,0.43,0.5,0.69,0.76,0.42,0.52,0.62,0.55,0.27,0.49,0.88,0.33,0.52,0.9,0.41,0.4,0.36,0,0.04,0.03,0.05,0.38,0.25,0.41,0.04,0.07,0.11,0,0.74,0.94,0.97,0.64,0.29,0.3,0.83,0.74,0.79,0.75,0.85,0.66,0.69,0.71,0.11,0.48,0.35,0.47,0.05,0.44,0.76,0.63,0.19,0.23,0.29,0.24,0.27,0.17,0.24,0.38,0.07,0.06,0.24,0.15,0.62,0.36,0.02,0.41,0.34,0.18,0.58,0.52,0.9,0.69,0.23,0.24,0.21,0.15,0.29,0.06,0.04,0.04,0.1,0.26,0.64,0.36,0.4,0.41,0.26,0.19
ai17:0_perWWT,1.21,0.77,0.05,0.23,0.88,0.54,0.56,0.43,0.23,0.46,0.66,0.59,0.28,0.13,0.73,0.97,0.28,1,0.34,1.43,1.37,1.38,1.18,1.41,0.83,0.46,0.57,0.62,0.57,0.71,0.67,0.49,0.46,0.27,0.52,0.22,0.35,0.5,0.32,0.54,0.7,0.62,0.41,0.65,0.48,0.51,0.42,0.45,0.65,0.54,0.36,0.63,0.22,0.5,0.49,0.55,0.54,0.49,0.34,0.53,0.29,0.73,0.2,0.23,0.56,0.22,0.39,0.32,0.36,0.07,NA,0.32,0.08,0.07,0.37,0.16,0.18,NA,0.32,0.16,0.18,NA,0.18,0.07,0.08,0.2,0.26,0.09,0.37,0.16,0.31,0.06,0.23,0.19,0.07,0.22,0.18,0.06,0.3,0.29,0.21,0.29,0.16,0.25,0.24,2.04,0.76,0.33,0.71,0.65,0.37,0.67,0.11,0.28,0.49,0.27,0.49,0.37,0.44,0.39,0.31,0.33,0.27,0.27,0.39,0.24,0.19,0.43,0.75,0.4,0.94,0.23,0.74,0.34,0.42,0.58,0.34,0.46,0.29,0.44,0.33,0.46,0.35,0.33,0.68,0.54,0.76,0.63,0.68,0.07,0.56,0.68,0.47,0.6,0.64,0.39,0.88,0.45,0.61,0.45,0.36,0.65,0.73,0.59,0.65,0.74,0.48,1.5,0.54,0.25,0.28,0.49,0.72,0.97,0.48,0.84,0.91,0.52,0.35,0.47,0.07,0.27,0.89,0.35,0.32,0.54,0.72,0.24,0.35,0.43,0.3,0.43,0.49,0.43,0.47,1.03,0.36,0.37,0.35,0.91,0.69,1.11,0.37,0.14,0.19,0.32,0.39,1.35,0.4,1.15,1,0.16,1.75,1.44,0.38,1.38,0.53,1,0.27,0.39,0.88,1.02,1.66,1.4,1.44,0.44,1.24,1.37,1.05,0.12,1.25,1.52,1.85,1.95,1.44,0.87,1.17,0.36,1.3,0.34,0.76,0.35,0.72,0.48,0.17,1.67,1.05,1.79,0.42,0.35,0.48,0.49,0.58,1.82,0.53,0.91,0.44,0.65,0.41,0.69,0.37,0.38,0.39,0.37,0.58,0.44,0.5,0.76,0.34,0.37,0.61,0.48,0.71,0.94,0.56,0.58,0.47,0.4,0.77,0.48,0.5,0.42,0.43,NA,0.58,0.43,0.43,0.56,0.4,0.57,0.33,0.76,0.8,0.51,0.43,0.5,0.59,0.8,0.57,0.38,0.39,0.61,0.68,0.36,0.45,0.45,0.4,0.39,0.71,0.3,0.77,0.44,0.55,0.61,0.22,0.57,0.21,0.37,0.6,0.42,0.61,0.44,0.35,0.78,0.62,1.13,0.44,0.39,0.6,0.56,0.45,0.5,0.8,0.61,0.43,0.86,0.13,0.07,0.19,0.64,0.81,0.84,0.49,0.49,0.67,0.47,0.41,0.08,0.51,0.88,0.43,0.48,1.29,0.26,1.05,0.69,0.36,0.4,0.34,0.94,1.38,0.49,0.66,0.94,0.49,0.85,0.56,0.28,0.47,0.82,0.85,1.03,0.78,0.61,0.71,0.26,0.68,0.54,0.83,0.23,0.62,0.19,0.07,NA,0.08,0.59,0.09,0.43,0.25,0.7,0.4,0.26,0.22,0.19,0.1,0.19,0.62,0.15,0.31,1.03,0.45,0.1,0.08,0.08,0.11,0.1,0.32,0.57,0.78,0.51,0.2,0.6,0.39,0.51,0.38,0.35,0.39,0.58,0.29,0.54,0.09,0.43,0.71,0.23,0.3,0.62,0.11,0.35,0.49,0.85,0.64,0.66,0.73,0.55,0.64,0.88,0.93,0.05,0.26,0.52,0.24,0.61,0.45,0.81,0.47,0.33,0.39,0.43,0.14,0.07,0.1,0.2,0.09,0.4,0.22,0.17,0.2,0.06,0.35,0.28,0.29,0.5,0.12,0.33,0.2,0.34,0.54,0.17,0.53,0.19,0.43,0.59,0.87,0.1,0.56,0.58,0.45,0.54,0.72,0.52,0.42,0.9,0.82,0.65,0.76,0.9,0.34,0.49,0.86,0.3,0.55,0.57,0.77,0.91,0.51,0.65,0.71,0.49,0.2,0.44,0.68,0.29,0.38,0.81,0.31,0.34,0.29,0.04,0.04,0.04,0.07,0.51,0.33,0.54,0.03,0.08,0.1,0.11,0.6,0.81,0.81,0.54,0.22,0.38,0.68,0.57,0.41,0.69,0.61,0.31,0.19,0.4,0.11,0.53,0.43,0.31,0.04,0.31,0.51,0.42,0.15,0.2,0.3,0.23,0.55,0.28,0.45,1.37,0.15,0.05,0.4,0.15,0.65,0.39,0.03,0.37,0.41,0.11,0.44,0.41,0.73,0.54,0.31,0.23,0.24,0.11,0.3,0.05,0.04,0.03,0.09,0.18,0.58,0.28,0.27,0.35,0.24,0.12
16:2w4_perWWT,1.36,0.58,0.79,0.45,0.98,0.6,0.45,1.07,0.44,0.58,0.88,0.63,0.46,0.32,0.62,1.85,0.25,1.01,1.03,1.93,2.11,2.14,2.14,2.01,1.23,0.88,1.26,1.25,1.36,1.28,1.25,1.32,1.09,1.1,1.26,0.18,1.01,1.46,0.58,1.08,1.12,1.1,1.05,1.4,1.01,1.24,0.92,1.2,2,1.61,0.84,0.9,1.04,2.07,1.14,1.25,1.46,1.03,1.29,1.67,1.74,1.79,0.83,1.1,1.44,0.87,0.92,0.71,0.85,0.05,NA,0.74,0.32,0.04,0.78,0.52,0.86,NA,0.67,0.19,0.19,NA,0.21,0.14,0.07,0.2,0.35,0.12,0.51,0.17,0.62,0.06,0.21,0.37,0.07,0.32,0.15,0.04,1,1.05,0.31,0.82,0.33,0.35,0.79,1.43,1.13,1.57,1.76,1.44,2.02,2.45,0.16,1.88,0.68,1.56,2.05,1.76,1.82,1.22,1.24,1.54,0.86,0.37,1.93,0.45,0.38,2.64,1.17,1.49,1.24,1.4,1.34,1.15,1.37,1.69,1.49,1.74,1.21,1.68,0.57,0.82,0.42,0.51,1.41,0.92,0.66,0.67,1.36,0.04,0.53,0.64,1.29,0.73,0.91,0.52,1.44,0.56,1.19,1.13,0.31,1.55,0.76,1.15,0.8,1.14,0.9,1.21,0.45,0.24,0.31,0.53,1.53,1.54,0.79,1.61,0.79,0.61,0.42,0.66,0.02,0.39,1.64,0.43,0.21,1.3,1.25,0.26,0.51,0.62,0.29,1.18,0.49,0.61,1.4,1.47,1.07,0.57,0.97,1.29,0.67,1.86,0.87,0.17,0.38,1.05,1,1.18,1.2,1.64,0.8,0.59,1.36,2.42,1.32,1.06,0.5,1.71,0.78,1.09,1.29,1.19,0.88,2,1.57,0.91,1.87,1.69,1.15,0.44,2.25,1.26,2.12,2.29,1.97,1.39,1.86,1.06,2.06,1.03,0.59,0.96,0.59,0.55,1.91,1.17,0.93,2.25,0,1.42,0.55,1.67,0.99,2.37,0.56,0.92,0.88,1.51,0.92,1.36,0.35,1.04,1.05,0.99,1.6,0.48,0.98,1.06,0.85,0.44,0.99,0.46,1.67,1.49,0.55,0.81,1,1.19,1.12,0.81,1.37,1.21,1.05,NA,1.72,1.38,1.19,1.33,1.09,1.71,0.28,1.6,1.65,1.09,0.28,1.45,1.71,1.5,0.61,0.96,1.14,1.96,1.93,0.56,1.42,0.83,0.86,1.24,0.59,0.54,1.15,0.96,0.85,0.58,0.16,0.35,0.46,0.86,0.52,0.18,1.08,0.88,0.49,1.05,1.18,0.34,1.5,0.64,0.43,0.43,1.24,0.62,0,0.28,1.46,0.52,0.19,0.01,0.16,0.78,0.3,0.29,0.74,0.72,0,0.4,0.4,0.02,1.08,0,0.38,0.19,0.99,0.59,0.55,1.36,0.09,0.11,0,1.35,0,0.22,0.18,0,0.46,0.55,1.44,0.66,0.31,0.99,0.69,0.84,0.94,0.88,1.2,0.69,0.45,0.83,0.79,0.53,0.9,0.23,0.06,NA,0.06,1.03,0.05,1.43,1.33,2.05,0.67,1.03,0.92,0.45,0.34,0.63,1.72,0.79,1.26,1.48,0.63,0.08,0.08,0.05,0.09,0.07,0.69,1.22,1.22,1.27,0.21,1.2,0.55,0.86,0.55,0.89,0.8,1.29,0.72,0.98,0.05,0.56,0.86,0.47,0.66,0.74,0.39,1.07,0.58,0.96,0.84,0.98,1.24,0.82,1.61,3.64,3.54,1.1,6.08,2.72,0.97,2.94,1.56,2.56,2.58,2.4,1.38,1.08,0.38,0.2,0.39,0.64,0.09,1.51,0.65,0.41,0.75,0.27,1.27,0.71,0.67,0.93,0.3,1.01,0.77,1.3,1.87,4.35,1.88,2.8,4.34,3.99,2.29,4.84,1.78,2.17,1.61,1.69,2.58,1.61,1.88,2.38,2.13,2.66,2.94,2.91,0.46,0.96,1.25,0.39,0.68,0.93,1.29,1.7,0.73,0.78,1.22,1.59,1.04,1.48,2.89,1.08,2.12,2.39,1.06,1.72,1.18,0.03,0.07,0.04,0.11,0.5,0.3,0.63,0.02,0.11,0.06,0.15,1.21,1.51,1.49,1.11,0.38,0.51,2.71,2.31,2.72,2.35,2.95,3.32,3.19,2.79,0.16,0.81,0.59,0.3,0.04,0.28,0.49,0.4,0.14,0.2,0.34,0.3,0.48,0.2,0.34,0.68,0.07,0.01,0.32,0.26,1.04,0.37,0.03,0.64,0.56,0.33,0.79,0.62,1.32,0.95,0.3,0.1,0.38,0.25,0.2,0.02,0.03,0.02,0.07,0.25,0.65,0.32,0.55,0.29,0.23,0.09
phytanic?_perWWT,0.99,0.55,0.11,0.12,0.66,0.33,0.35,0.39,0.19,0.28,0.53,0.29,0.21,0.09,0.35,1.11,0.18,0.6,0.42,0.96,1.01,1.14,1.05,1.09,0.65,0.36,0.38,0.41,0.51,0.47,0.44,0.38,0.33,0.24,0.29,0.13,0.27,0.3,0.22,0.34,0.42,0.31,0.25,0.59,0.26,0.43,0.28,0.4,0.48,0.31,0.22,0.35,0.24,0.6,0.31,0.43,0.49,0.39,0.41,0.63,0.43,0.72,0.24,0.27,0.47,0.27,0.25,0.21,0.21,0.06,NA,0.27,0.12,0.04,0.23,0.14,0.15,NA,0.2,0.08,0.11,NA,0.16,0.06,0.05,0.11,0.13,0.05,0.21,0.12,0.33,0.05,0.14,0.11,0.06,0.11,0.08,0.03,0.18,0.18,0.12,0.22,0.13,0.13,0.11,1.66,0.44,0.24,0.35,0.38,0.33,0.44,0.08,0.31,0.25,0.26,0.39,0.29,0.43,0.37,0.32,0.32,0.32,0.2,0.33,0.16,0.19,0.25,0.23,0.28,0.22,0.23,0.17,0.22,0.21,0.32,0.28,0.31,0.18,0.2,0.25,0.31,0.18,0.2,0.48,0.36,0.33,0.37,0.35,0.07,0.27,0.27,0.37,0.27,0.29,0.21,0.49,0.23,0.38,0.31,0.24,0.39,0.34,0.32,0.31,0.34,0.32,0.86,0.29,0.15,0.14,0.31,0.56,0.51,0.37,0.38,0.53,0.24,0.18,0.34,0.13,0.17,0.47,0.15,0.11,0.33,0.39,0.11,0.17,0.18,0.15,0.44,0.26,0.19,0.55,0.49,0.44,0.28,0.41,0.45,0.45,1.07,0.5,0.11,0.19,0.49,0.47,0.85,0.56,0.91,0.57,0.3,0.75,1.17,0.66,0.73,0.54,0.89,0.35,0.46,0.58,0.86,1.07,1.14,1.15,0.44,0.99,1.09,0.86,0.46,1.08,1.16,1.14,1.14,0.89,0.79,1.1,0.47,1.11,0.56,0.32,0.46,0,0,1.08,1.36,0.88,1.12,0.23,0.6,0.34,0.78,0.37,1.12,0.48,0.81,0.43,0.41,0.3,0.86,0.24,0.29,0.31,0.29,0.57,0.31,0.46,0.31,0.29,0.29,0.32,0.19,0.41,0.47,0.45,0.36,0.36,0.3,0.35,0.34,0.55,0.38,0.42,NA,0.51,0.45,0.41,0.48,0.36,0.55,0.26,0.47,0.56,0.31,0.24,0.49,0.54,0.52,0.42,0.27,0.41,0.55,0.62,0.44,0.52,0.37,0.31,0.37,0.43,0.3,0.5,0.38,0.43,0.36,0.19,0.36,0.11,0.37,0.36,0.26,0.34,0.22,0.27,0.53,0.36,0.35,0.43,0.26,0.31,0.35,0.33,0.44,0.45,0.32,0.49,0.21,0.15,0.07,0.13,0.31,0.15,0.42,0.41,0.32,0.39,0.23,0.39,0.05,0.29,0.37,0.3,0.18,0.43,0.15,0.53,0.54,0.12,0.17,0.21,0.46,0.37,0.21,0.34,0.42,0.29,0.36,0.37,0.14,0.33,0.41,0.25,0.36,0.4,0.33,0.42,0.31,0.2,0.29,0.32,0.28,0.28,0.1,0.04,NA,0.06,0.29,0.06,0.4,0.22,0.58,0.24,0.2,0.18,0.15,0.09,0.18,0.51,0.17,0.25,0.48,0.35,0.05,0.06,0.05,0.05,0.06,0.23,0.4,0.4,0.32,0.16,0.39,0.24,0.43,0.21,0.26,0.22,0.38,0.18,0.4,0.05,0.26,0.61,0.27,0.34,0.3,0.1,0.29,0.26,0.42,0.4,0.36,0.52,0.21,0.3,0.37,0.49,0.09,0.5,0.42,0.12,0.28,0.18,0.3,0.28,0.28,0.2,0.29,0.08,0.07,0.09,0.12,0.07,0.32,0.11,0.08,0.13,0.09,0.23,0.13,0.23,0.37,0.06,0.21,0.17,0.21,0.35,0.29,0.36,0.31,0.37,0.32,0.43,0.24,0.39,0.33,0.31,0.4,0.35,0.33,0.28,0.49,0.52,0.48,0.46,0.63,0.22,0.36,0.47,0.18,0.3,0.34,0.42,0.53,0.29,0.39,0.46,0.32,0.23,0.26,0.54,0.23,0.34,0.49,0.3,0.29,0.24,0.04,0.04,0.04,0.05,0.21,0.13,0.24,0.04,0.07,0.09,0.08,0.62,0.76,0.7,0.47,0.21,0.21,0.42,0.4,0.42,0.35,0.44,0.35,0.4,0.39,0.06,0.32,0.22,0.25,0.04,0.24,0.35,0.27,0.14,0.14,0.23,0.17,0.21,0.11,0.18,0.3,0.05,0.06,0.19,0.1,0.42,0.24,0,0.33,0.29,0.15,0.37,0.28,0.58,0.38,0.18,0.16,0.17,0.12,0.18,0.04,0.03,0.03,0.09,0.18,0.4,0.22,0.23,0.24,0.15,0.11
17:0_perWWT,0,0,0,0,0,0,0,0,0,0,0,0,0,0,0,0,0,0,0,0,0,0,0,0,0,0,0,0,0,0,0,0,0,0,0,0,0,0,0,0,0,0,0,0,0,0,0,0,0,0,0,0,0,0,0,0,0,0,0,0,0,0,0,0,0,0,0,0,0,0,NA,0,0,0,0,0,0,NA,0,0,0,NA,0,0,0,0,0,0,0,0,0,0,0,0,0,0,0,0,0,0,0,0,0,0,0,0,0,0,0,0,0,0,0,0,0,0,0,0,0,0,0,0,0,0,0,0,0,0,0,0,0,0,0,0,0,0,0,0,0,0,0,0,0,0,0,0,0,0,0,0,0,0,0,0,0,0,0,0,0,0,0,0,0,0,0,0,0,0,0,0,0,0,0,0,0,0,0,0,0,0,0,0,0,0,0,0,0,0,0,0,0,0,0,0,0,0,0,0,0,0,0,0,0,0,0,0,0,0,0,0,0,0,0,0,0,0,0,0,0,0,0,0,0,0,0,0,0,0,0,0,0,0,0,0,0,0,0,0,0,0,0,0,0.34,0.34,0,0,0,0,0,0,0,0,0,0,0,0,0,0,0,0,0,0,0,0,0,0,0,0,0,0,0,0,0,0,0,0,0,0,0,0,0,0,0,NA,0,0,0,0,0,0,0,0,0,0,0,0,0,0,0,0,0,0,0,0,0,0,0,0,0,0,0,0,0,0,0,0,0,0,0,0,0,0,0,0,0,0,0,0,0,0,0,0,0,0,0,0,0,0,0,0,0,0,0,0,0,0,0,0,0,0,0,0,0,0,0,0,0,0,0,0,0,0,0,0,0,0,0,0,0,0,0,0,0,0,0,0,0,0,0,0,0,0,0,NA,0,0,0,0,0,0,0,0,0,0,0,0,0,0,0,0,0,0,0,0,0,0,0,0,0,0,0,0,0,0,0,0,0,0,0,0,0,0,0,0,0,0,0,0,0,0,0,0,0,0,0,0,0,0,0,0,0,0,0,0,0,0,0,0,0,0,0,0,0,0,0,0,0,0,0,0,0,0,0,0,0,0,0,0,0,0,0,0,0,0,0.01,0.02,0.01,0,0.02,0.01,0.01,0,0,0,0,0,0,0,0,0,0,0,0,0,0,0,0,0,0.01,0.01,0,0,0,0,0,0,0,0,0,0,0,0,0,0,0,0,0,0,0,0,0,0,0,0,0,0,0,0,0,0,0,0,0,0,0,0,0,0,0,0,0,0,0,0,0,0,0,0,0,0,0,0,0,0,0,0,0,0,0,0,0,0,0,0,0,0,0,0,0,0,0,0,0,0,0,0,0,0
16:3w4?_perWWT,1.28,0.99,0.38,0.13,1.03,0.29,0.27,0.23,0.1,0.33,0.72,0.36,0.16,0.08,0.46,1.37,0.3,0.93,0.74,1.23,1.18,1.28,1.17,2.09,0.7,0.59,0.75,0.94,0.79,0.71,0.73,0.45,0.46,0.36,0.4,0.18,0.29,0.33,0.31,0.49,0.54,0.47,0.37,0.87,0.33,0.58,0.41,0.5,0.81,0.42,0.37,0.49,0.3,1.05,0.41,0.67,0.74,0.6,0.52,0.87,0.52,1,0.27,0.3,0.58,0.27,0.39,0.29,0.28,0.05,NA,0.3,0.1,0.04,0.26,0.15,0.14,NA,0.31,0.08,0.13,NA,0.17,0.05,0.03,0.1,0.2,0.03,0.26,0.13,0.39,0.04,0.16,0.1,0.03,0.12,0.11,0.03,0.14,0.2,0.17,0.16,0.12,0.13,0.09,1.03,0.23,0.23,0.39,0.38,0.26,0.96,0.07,0.2,0.3,0.24,0.37,0.54,0.42,0.37,0.27,0.27,0.27,0.21,0.43,0.16,0.18,1.49,0.27,0.67,0.45,0.88,0.21,0.22,0.22,0.32,1.19,0.33,0.18,0.25,0.14,0.25,0.17,0.2,0.57,0.3,0.14,0.16,0.58,0.05,0.23,0.3,0.34,0.38,0.3,0.11,0.51,0.21,0.33,0.29,0.16,0.88,0.16,0.67,0.31,0.28,0.53,0.62,0.38,0.06,0.14,0.16,0.64,0.86,0.93,0.68,1.02,0.21,0.14,0.19,0.05,0.13,0.73,0.14,0.03,0.76,0.26,0.09,0.08,0.13,0.1,0.61,0.09,0.15,0.61,0.56,0.63,0.15,0.5,0.47,0.14,0.68,0.41,0.07,0.05,0.49,0.34,0.32,0.47,0.58,1.04,0.22,0.42,0.72,0.49,1.28,0.59,0.77,0.34,0.34,0.18,0.23,0.65,0.91,0.85,0.34,0.64,0.42,0.23,0.24,0.87,0.75,0.61,0.34,0.34,0.45,0.47,0.38,0.84,0.54,0.28,0.45,0.26,0.33,0.79,0.84,0.61,0.47,0.17,0.74,0.33,0.81,0.28,0.37,0.36,0.61,0.22,0.36,0.21,0.53,0.18,0.42,0.42,0.38,0.69,0.29,0.47,0.39,0.31,0.26,0.19,0.13,0.77,0.67,0.34,0.31,0.3,0.45,0.28,0.28,0.59,0.54,0.38,NA,0.73,0.67,0.45,0.56,0.43,0.88,0.17,0.68,0.71,0.46,0.14,0.69,0.8,0.68,0.4,0.34,0.56,1.02,0.96,0.38,0.67,0.6,0.31,0.67,0.35,0.27,0.46,0.5,0.54,0.37,0.09,0.37,0.09,0.34,0.34,0.1,0.3,0.12,0.21,0.74,0.55,0.27,0.84,0.09,0.25,0.23,0.48,0.42,0.31,0.22,0.71,0.06,0.03,0,0.1,0.31,0.04,0.23,0.6,0.26,0.18,0.28,0.3,0,0.49,0.35,0.29,0.09,0.41,0.22,0.39,0.75,0.04,0.08,0,0.52,0.1,0.14,0.13,0.14,0.17,0.2,0.64,0.32,0.08,0.86,0.55,0.69,0.85,0.68,0.42,0.47,0.35,0.43,0.61,0.42,0.27,0.1,0.03,NA,0.05,0.3,0.05,0.47,0.3,0.83,0.43,0.28,0.23,0.18,0.11,0.23,0.76,0.2,0.31,0.49,0.41,0.05,0.05,0.04,0.06,0.07,0.25,0.43,0.45,1.09,0.2,0.55,0.53,0.46,0.43,0.31,0.23,0.39,0.61,1.01,0.04,0.48,0.71,0.31,0.35,0.68,0.12,0.5,0.6,1.06,0.93,0.36,0.45,0.28,0.81,1.67,1.89,0.26,1.6,1,0.07,1.15,0.62,1.18,0.93,1.15,0.25,0.32,0.11,0.06,0.13,0.15,0.07,0.32,0.09,0.07,0.1,0.07,0.23,0.12,0.34,0.55,0.07,0.17,0.27,0.17,0.28,1.97,0.25,1.07,1.97,1.28,1.18,1.84,0.48,0.4,0.34,0.41,1.56,0.41,1.17,1.51,0.42,1.41,1.53,1.2,0.48,0.85,1.04,0.36,0.6,0.53,0.73,0.93,0.63,0.83,1.14,0.83,0.67,0.31,0.54,0.64,0.95,1.4,0.66,1.05,0.69,0.04,0.03,0.03,0.05,0.41,0.25,0.26,0.02,0.06,0.07,0.07,1.42,1.7,1.83,1.24,0.39,0.42,1.56,1.39,1.53,1.39,1.92,2.04,1.94,1.61,0.07,0.61,0.37,0.25,0.03,0.22,0.4,0.37,0.1,0.11,0.15,0.14,0.3,0.14,0.21,0.34,0.06,0.06,0.16,0.1,0.4,0.25,0.01,0.19,0.2,0.1,0.23,0.24,0.35,0.31,0.16,0.11,0.12,0.08,0.15,0.02,0.02,0.02,0.06,0.15,0.54,0.36,0.15,0.35,0.2,0.1
17:1_perWWT,0,0,0.04,0,0,0,0,0,0,0,0,0,0,0,0,0,0,0,0.04,0,0,0,0,0,0,0,0,0,0,0,0,0,0,0,0,0,0,0,0,0,0,0,0,0,0,0,0,0,0,0,0,0,0,0,0,0,0,0,0,0,0,0,0,0,0,0,0,0,0,0,NA,0,0,0,0,0,0,NA,0,0,0,NA,0,0,0,0,0,0,0,0,0,0,0,0,0,0,0,0,0,0,0,0,0,0,0,1.77,0,0,0,0,0,0,0,0,0,0,0,0,0,0,0,0,0,0,0,0,0,0.04,0,0,0,0,0,0,0,0,0,0,0,0,0,0,0,0,0,0,0,0,0,0,0,0,0,0,0,0,0,0,0,0,0,0,0,0,0,0,0,0,0,0,0,0,0,0,0,0,0,0,0.01,0,0,0,0,0,0,0,0,0,0,0,0,0,0,0,0,0,0,0,0,0,0,0,0,0,0,0,0,0,0,0,0,0,0,0,0,0,0,0,0,0,0,1.01,1.21,1.54,1.27,0.37,1.09,1.32,1.21,0.3,1.15,1.34,1.64,1.54,1.15,0.98,1.39,0.41,1.12,0.42,0.32,0.36,0,0,1.09,1.45,0.95,1.37,0.19,0.5,0.32,0.66,0.42,1.42,0.45,0.85,0.36,0.4,0.29,0.88,0.2,0.38,0.45,0.4,0.93,0.39,0.65,0.49,0.2,0.44,0.28,0.15,0.55,0.7,0.37,0.48,0.33,0.42,0.35,0.26,0.74,0.4,0.4,NA,0.57,0.51,0.49,0.54,0.37,0.59,0.16,0.71,0.59,0.4,0.25,0.57,0.88,0.84,0.62,0.35,0.41,0.61,0.74,0.42,0.57,0.37,0.23,0.32,0.41,0.2,0.46,0.3,0.42,0.39,0.11,0.36,0.13,0.29,0.48,0.26,0.4,0.24,0.27,0.6,0.37,0.44,0.36,0.22,0.34,0.34,0.38,0.45,0.52,0.34,0.54,0.22,0.08,0.03,0.09,0.37,0.17,0.58,0.47,0.43,0.39,0.27,0.34,0.04,0.32,0.48,0.36,0.16,0.52,0.14,0.54,0.66,0.08,0.14,0.26,0.53,0.66,0.24,0.47,0.61,0.26,0.48,0.37,0.2,0.39,0,0,0,0,0.08,0,0,0,0,0,0,0,0,0,NA,0,0,0,0,0,0,0,0,0,0,0,0,0,0,0,0,0,0,0,0,0,0,0,0,0,0,0,0,0,0,0,0,0,0,0.05,0,0,0,0,0.01,0,0,0,0,0,0,0,0,0,0,0,0.08,0.08,0.03,0.09,0,0,0.08,0.06,0.07,0.07,0.06,0,0,0,0,0,0,0,0,0,0,0,0,0,0.02,0,0,0,0,0,0,0,0.1,0,0,0.08,0.06,0,0.1,0,0,0,0,0,0,0,0,0,0.09,0,0,0,0,0,0,0.07,0,0,0,0,0,0,0.08,0,0,0,0.06,0,0,0,0,0,0,0,0.01,0,0,0.03,0.06,0,0,0,0,0,0,0,0,0,0,0.07,0,0.1,0.06,0,0.09,0.11,0,0,0,0,0,0,0,0,0,0,0,0,0,0,0,0,0,0,0,0,0,0,0,0,0,0,0,0,0,0,0,0,0,0,0,0,0,0,0,0,0,0,0,0,0,0,0
16:4w3?_perWWT,0.69,0.15,0.16,0.16,0.43,0.17,0.09,0.21,0.15,0.21,0.36,0.21,0.15,0.09,0.35,0.77,0.05,0.41,0.66,0.68,0.92,0.93,0.95,1.07,0.32,0.23,0.26,0.31,0.29,0.29,0.29,0.21,0.12,0.23,0.34,0.11,0.16,0.17,0.22,0.3,0.24,0.18,0.21,0.34,0.27,0.26,0.26,0.32,0.32,0.2,0.23,0.23,0.23,0.47,0.25,0.31,0.24,0.2,0.28,0.54,0.43,0.52,0.19,0.28,0.37,0.21,0.24,0.22,0.25,0.07,NA,0.3,0.16,0.06,0.14,0.12,0.13,NA,0.22,0.11,0.13,NA,0.17,0.1,0.08,0.16,0.17,0.11,0.14,0.13,0.31,0.09,0.17,0.14,0.09,0.11,0.07,0.09,0.18,0.21,0.14,0.18,0.18,0.12,0.12,0.94,0.22,0.26,0.32,0.39,0.33,0.42,0.14,0.39,0.19,0.31,0.47,0.28,0.36,0.37,0.26,0.37,0.16,0.16,0.3,0.15,0.14,0.37,0.25,0.34,0.24,0.2,0.16,0.22,0.28,0.34,0.21,0.34,0.23,0.34,0.19,0.26,0.08,0.17,0.56,0.28,0.3,0.29,0.5,0.12,0.21,0.24,0.33,0.41,0.26,0.19,0.46,0.26,0.33,0.35,0.22,0.41,0.41,0.42,0.25,0.54,0.43,0,0.2,0.12,0.16,0.33,0.4,0.21,0.23,0.41,0.45,0.26,0.2,0.26,0.19,0.18,0.22,0.22,0.12,0.42,0.31,0.1,0.16,0.24,0.15,0.33,0.24,0.2,0.43,0.36,0.32,0.28,0.34,0.47,0.1,0.65,0.19,0.18,0.13,0.37,0.32,0.7,0.47,0.7,0.55,0.25,0,0,0.42,0,0.4,0,0.27,0.37,0.43,0.52,0.82,0.77,0.28,0.23,0.8,0.85,1,0.31,0.6,0.85,0.84,0.96,1,0.72,0.9,0.34,0.79,0.19,0.26,0.32,0.25,0.24,0,0.77,0.74,0.75,0.21,0.3,0.3,0.42,0.29,0.91,0.35,0.57,0.36,0.31,0.24,0.53,0.15,0.18,0.2,0.18,0.29,0.16,0.3,0.25,0.21,0.25,0.24,0.15,0.21,0.2,0.26,0.29,0.23,0.18,0.3,0.21,0.19,0.2,0.27,NA,0.25,0.19,0.16,0.22,0.2,0.15,0.19,0.29,0.14,0.23,0.17,0.1,0.15,0.12,0.22,0.25,0.2,0.16,0.28,0.19,0.22,0.33,0.16,0.25,0.29,0.24,0.43,0.4,0.26,0.29,0.16,0.4,0.13,0.18,0.43,0.17,0.52,0.27,0.21,0.29,0.17,0.28,0.3,0.17,0.31,0.23,0.24,0.36,0.29,0.28,0.22,0.25,0.16,0.07,0.12,0.16,0.07,0,0.22,0.24,0.49,0.25,0.24,0.12,0.18,0.13,0.33,0.15,0,0.1,0.54,0.01,0.1,0.14,0.19,0.12,0,0,0.32,0.38,0.3,0.36,0.21,0.03,0.32,0.11,0.11,0.11,0.01,0.01,0.01,0.01,0.01,0.01,0.01,0.01,0.01,0.01,0,NA,0.01,0.01,0.01,0.01,0.01,0.01,0.01,0.01,0,0.02,0.01,0.01,0.26,0.1,0.18,0.26,0.22,0.06,0.04,0.05,0,0.02,0.16,0.23,0.3,0.04,0.16,0.13,0.13,0.44,0.01,0.11,0.3,0.35,0.25,0.08,0.05,0.17,0.38,0.57,0.06,0.27,0.1,0.31,0.21,0.34,0.36,0.33,0.43,0.29,0.41,0.42,0.6,0.13,0.41,0.43,0.17,0.41,0.28,0.3,0.32,0.31,0.21,0.3,0.13,0.07,0.13,0.16,0.13,0.31,0.14,0.11,0.26,0.07,0.01,0.16,0.18,0.31,0.1,0.22,0.22,0.27,0.38,0.52,0.36,0.33,0.51,0.32,0.43,0.36,0.29,0.21,0.23,0.34,0.28,0.17,0.17,0.47,0.49,0.52,0.3,0.48,0.19,0.24,0.33,0.15,0.22,0.27,0.36,0.47,0.23,0.23,0.33,0.28,0.16,0.26,0.51,0.18,0.35,0.49,0.26,0.2,0.24,0.05,0.05,0.06,0.06,0.13,0.13,0.17,0.05,0.09,0.13,0.1,0.71,0.96,0.83,0.64,0.25,0.17,0.38,0.28,0.4,0.27,0.33,0.31,0.35,0.25,0.09,0.3,0.16,0.43,0.08,0.41,0.61,0.52,0.18,0.18,0.29,0.26,0.39,0.24,0.24,0.62,0.09,0.07,0.26,0.23,0.74,0.34,0.08,0.28,0.31,0.17,0.33,0.25,0.56,0.31,0.26,0.17,0.17,0.16,0.19,0.06,0.06,0.06,0.2,0.13,0.29,0.16,0.2,0.2,0.15,0.08
16:4w1_perWWT,0.46,0.18,0.56,0,0.31,0.1,0.15,0.69,0.22,0.01,0.2,0.08,0.3,0.19,0.01,1.36,0.07,0.42,0.38,1.2,1.04,1.4,1.26,1.08,0.93,0.46,0.76,0.73,0.96,0.82,0.84,0.53,0.92,0.92,1.24,0.04,1,1.39,0.35,0.86,0.74,1.08,0.8,1.2,0.86,0.85,0.75,0.9,1.71,1.56,0.81,0.65,0.83,1.77,0.99,0.8,1.32,0.74,0.98,1.43,1.37,1.63,0.73,0.8,1,0.82,0.66,0.53,0.61,0.03,NA,0.64,0.19,0.01,0.57,0.41,0.91,NA,0.46,0.01,0.01,NA,0.01,0.01,0.01,0.01,0.07,0.01,0.15,0,0.08,0.01,0.03,0.03,0,0.03,0.02,0,0.18,0.25,0.09,0.21,0.02,0.06,0.27,1.8,0.44,1.02,1.23,0.95,1.99,2.12,0.03,1.46,0.45,1.37,1.73,1.45,1.34,0.85,1.03,1.44,0.64,0.24,1.2,0.16,0.19,3.3,1.51,1.63,1.1,1.61,1.19,1.45,1.33,1.67,2.33,1.78,1.41,1.76,0.24,0.49,0.17,0.22,1.06,0.58,0.25,0.32,0.97,0.01,0.18,0.21,0.64,0.74,0.41,0.21,0.76,0.51,1.09,0.73,0.14,1.33,0.28,1.18,0.2,0.89,0.94,0.79,0.09,0.08,0.04,0.27,1.05,1.54,0.18,1.02,0.19,0.17,0.15,0.29,0,0.17,1.23,0.02,0.05,1.23,0.87,0.03,0.17,0.18,0.09,1.02,0.1,0.15,0.95,0.82,1.02,0.26,0.88,0.83,0.17,1.31,0.82,0.03,0.1,0.89,0.63,0.63,0.82,1.08,0.14,0.38,0.62,1.27,0.96,0.11,0.09,1.34,0.64,0.59,0.23,0.35,1.11,1.34,1.31,0.57,1.06,0.78,0.24,0.39,1.53,1.26,1.02,0.68,0.65,0.81,0.77,0.74,1.21,1.16,0.42,0.85,0.41,0.57,1.4,1.48,1.01,0.88,0.24,1.57,0.6,1.7,0.5,0.72,0.67,1.06,0.36,0.63,0.36,0.93,0.32,0.94,0.98,0.88,1.31,0.62,0.76,0.68,0.58,0.5,0.32,0.21,1.76,1.15,0.58,0.47,0.54,1.03,0.49,0.5,1.2,1.2,0.65,NA,1.51,1.31,0.96,1.08,0.91,1.85,0.26,1.49,1.48,1.03,0.23,1.46,1.47,1.28,0.8,0.54,1.13,2.15,2.01,0.71,1.38,1.42,0.73,1.47,0.57,0.47,0.75,0.93,1.06,0.58,0.16,0.67,0.14,0.71,0.56,0.17,0.47,0.2,0.33,1.77,1.2,0.44,1.97,0.16,0.4,0.39,1.17,0.74,0.54,0.37,1.79,0.13,0.05,0,0.2,0.73,0.06,0.38,1.53,0.5,0.28,0.51,0.48,0,1.21,0.93,0.56,0.16,0.93,0.59,0.6,1.87,0.07,0.12,0.03,1.13,0.12,0.28,0.19,0.23,0.27,0.29,1.75,0.85,0.13,0.51,0.4,0.39,0.51,0.47,1.04,0.29,0.2,0.5,0.36,0.32,0.42,0.06,0.01,NA,0.03,0.78,0.01,0.38,0.18,0.01,0.43,0.2,0.09,0.05,0.05,0.11,0.62,0.05,0.11,0.71,0.22,0.02,0.03,0.02,0.01,0.05,0.5,0.99,1.02,1.36,0.1,1,0.37,0.64,0.3,0.72,0.54,1.07,0.71,0.67,0.01,0.26,0.02,0.05,0.11,0.36,0.13,0.43,0.32,0.48,0.48,0.62,0.64,0.49,1.32,3.74,4.34,0.45,3.03,1.48,0.31,2.19,1.04,2.57,1.68,2.47,0.38,0.46,0.08,0.02,0.1,0.13,0.01,0.46,0.13,0.1,0.22,0.06,0.43,0.17,0.2,0.33,0.02,0.44,0.29,0.33,0.44,5.15,1.09,2.32,5.35,2.85,1.79,4.87,1.07,1.77,1,1.31,2.14,1.3,1.56,1.86,1.3,1.88,2.27,1.23,0.25,0.47,0.75,0.2,0.46,0.55,0.72,1,0.41,0.43,0.72,0.97,0.92,0.88,1.69,0.84,1.24,1.85,0.81,1.74,0.94,0,0.01,0,0.01,0.26,0.16,0.4,0,0.01,0,0.02,0.56,0.73,0.7,0.66,0.21,0.26,2.31,1.97,2.42,2.26,2.95,3.5,3.26,2.61,0.03,0.43,0.27,0.01,0,0.02,0.04,0.04,0.04,0.03,0.21,0.1,0.1,0.02,0.06,0.37,0.02,0,0.05,0.02,0.19,0.09,0,0.5,0.5,0.24,0.65,0.33,0.55,0.43,0.16,0.05,0.21,0.1,0.11,0,0,0,0,0.04,0.08,0.09,0.24,0.07,0.05,0.02
18:0_perWWT,6.33,3.48,1.36,0.9,3.84,1.56,1.54,1.83,0.83,2.6,4.73,1.89,1.19,0.58,2.17,6.6,1.36,3.11,3.28,5.36,5.24,6.79,6.42,6.59,3.67,2.28,2.46,2.62,2.98,2.75,2.71,3.34,2.45,2.06,3.17,0.91,2.16,2.68,2,3.44,2.67,2.24,2.34,4.4,2.49,3.54,2.63,3.46,4.26,2.68,1.91,2.01,2.22,5.8,2.41,2.62,3.01,2.56,2.69,4.17,5.17,5.37,2.03,2.3,5.98,2.3,3.49,2.26,1.84,0.44,NA,1.97,0.95,0.34,1.75,1.43,1.85,NA,1.99,0.74,1.04,NA,1.37,0.46,0.37,1,1.54,0.48,2.11,0.95,1.76,0.37,0.89,0.95,0.57,0.94,0.42,0.27,1.56,1.64,1,1.49,0.9,1.13,0.7,9.2,5.49,2.66,3.08,3.18,4.66,4.35,0.54,3.13,2.53,2.68,3.64,2.56,3.41,2.72,2.44,3.28,2.29,1.74,3.15,1.17,1.06,3.29,2.01,2.61,2,2.12,1.61,2.15,1.9,2.82,2.44,3.27,1.81,2.46,1.37,1.96,0.89,1.14,4.42,2.39,2,2.21,2.52,0.4,1.37,1.7,2.33,1.96,1.9,1.2,3.32,1.99,2.99,2.06,0.96,3.02,2.28,2.93,2.04,2.74,2.83,6.23,1.89,0.99,0.71,1.78,3.45,3.34,2.2,2.9,4.28,1.26,1.03,1.71,0.55,0.79,3.27,0.88,0.61,2.54,2.51,0.55,0.91,1.06,0.78,2.74,1.43,1.01,3.18,2.75,2.85,1.8,2.53,3.03,3.1,5.21,2.59,0.71,1.04,2.84,2.29,5.55,3.23,5.99,4.1,1.43,5.94,6.68,2.82,5.96,1.76,4.85,1.65,2.47,4.54,4.9,5.89,6.75,6.72,2.35,6.65,6.54,5.18,1.5,7.47,7.31,6.74,6.78,4.97,4.95,6.23,2.27,6.17,2.24,2.48,2.21,2.51,2.64,6.28,7.53,5.29,7.22,1.45,2.64,2.36,3.84,2.28,6.68,2.4,4.8,2.23,2.88,1.84,4.85,1.43,2.53,2.43,2.44,4.11,2.48,3.24,2.37,1.41,2.24,1.9,1.09,4.33,4.58,2.44,2.5,2.05,2.53,2.15,1.76,3.66,2.56,2.47,NA,4.01,2.86,2.48,2.94,2.41,4.02,1.33,3.89,3.86,2.78,1.49,3.29,4.44,4.5,3.2,2.04,2.56,4.1,4.04,2.19,2.75,2.91,1.75,2.46,2.13,1.42,2.98,2.67,2.28,1.91,0.87,3.17,0.81,1.91,2.31,1.52,3.23,1.47,1.54,4.94,2.71,2.6,3.43,1.69,1.9,1.83,3.28,3.61,3.08,2.29,5.09,1.34,0.87,0.38,0.98,3.04,1.1,3.47,4.11,2.53,2.67,2.15,2.37,0.39,3.05,3.01,2.72,1.26,3.39,1.49,5.05,5.4,0.72,1.26,1.63,4.4,2.28,1.68,2.03,3.15,1.89,2.08,3.43,1.59,2.1,2.91,2.03,2.86,2.46,2.21,2.99,2.56,1.63,1.78,2.19,2.32,2.21,0.6,0.34,NA,0.34,2.66,0.36,2.73,1.56,4.5,2.11,1.35,1.3,0.85,0.52,0.93,3.91,1.22,1.77,3.95,1.58,0.28,0.35,0.32,0.37,0.33,1.56,3.24,3.14,2.7,1,3.29,2.48,4.14,1.68,2.61,2.35,4.05,1.56,2.71,0.28,1.56,5.49,2.29,3.58,2.18,1.17,3.97,1.79,3.38,3.2,2.61,3.32,1.97,2.79,4.34,4.81,0.86,8.09,3.86,0.91,2.73,1.76,2.74,2.98,2.9,1.74,2.47,0.62,0.61,0.7,1.08,0.46,2.49,0.92,0.65,1.29,0.76,1.86,0.99,1.19,2.64,0.48,1.75,1.3,1.66,2.56,4.52,3.44,4.05,4.98,3.12,3.94,3.63,2.96,2.95,2.66,3.16,3.05,2.72,2.36,3.13,4.74,4.11,5.38,7.13,1.53,2.47,3.63,1.38,2.36,2.73,3.82,4.65,2.09,2.47,3.46,2.33,1.6,2.06,4.77,1.69,3.03,3.93,2.39,2.6,2.21,0.2,0.24,0.23,0.25,1.53,1.1,1.76,0.2,0.37,0.44,0.44,3.66,5.01,4.43,3.16,1.25,1.35,3.82,4.23,3.23,3.04,4.2,4,3.4,3.65,0.37,2.43,1.49,1.81,0.24,1.5,2.95,2.21,0.71,0.74,1.26,0.95,1.34,0.8,1.03,2.91,0.31,0.25,0.85,0.71,2.98,1.34,0.07,1.72,1.6,0.94,2.38,1.77,3.62,2.44,1.1,0.81,0.95,0.81,0.77,0.24,0.19,0.19,0.47,0.91,2.75,1.59,1.47,1.44,0.98,0.63
18:1w11?_perWWT,0.87,0.6,0.05,0.05,0.57,0.2,0.2,0.22,0.09,0.16,0.53,0.17,0.16,0.09,0.22,0.57,0.2,0.56,0.57,0.67,0.8,0.83,0.84,1,0.46,0.37,0.3,0.3,0.47,0.5,0.46,0.87,0.5,0.46,0.42,0.1,0.38,0.32,0.4,0.41,0.41,0.47,0.32,0.38,0.52,0.55,0.35,0.36,0.54,0.37,0.23,0.31,0.42,0.42,0.47,0.35,0.4,0.32,0.32,0.43,0.59,0.38,0.37,0.43,0.7,0.44,0.32,0.41,0.29,0.05,NA,0.51,0.14,0.06,0.53,0.33,0.36,NA,0.3,0.1,0.09,NA,0.11,0.07,0.03,0.1,0.09,0.04,0.33,0.12,0.36,0.03,0.14,0.11,0.03,0.1,0.05,0.03,0.43,0.21,0.15,0.25,0.11,0.17,0.13,0.56,0.48,0.21,0.58,0.37,0.35,0.39,0.07,0.6,0.4,0.42,0.52,0.33,0.73,0.61,0.47,0.45,0.81,0.46,0.33,0.3,0.51,0.28,0.26,0.27,0.43,0.27,0.3,0.22,0.48,0.34,0.28,0.36,0.32,0.51,0.22,0.29,0.19,0.21,0.36,0.39,0.36,0.36,0.35,0.03,0.32,0.33,0.37,0.22,0.29,0.18,0.45,0.16,0.34,0.36,0.17,0.36,0.38,0.27,0.4,0.28,0.22,0,0.33,0.09,0.09,0.16,0.58,0.53,0.35,0.43,0.46,0.28,0.14,0.33,0.06,0.2,0.46,0.11,0.12,0.32,0.46,0.05,0.22,0.26,0.17,0.33,0.23,0.18,0.42,0.55,0.26,0.18,0.26,0.52,0.35,0.39,0.27,0.16,0.08,0.31,0.35,0.68,0.6,0.67,0.92,0.24,0.36,0.59,0.4,0.7,0.36,0.54,0.35,0.34,0.44,0.51,0.77,0.57,0.57,0.41,0.75,0.68,0.85,0.11,0.28,0.32,0.41,0.55,0.8,0.59,0.35,0.23,0.58,0.27,0.28,0.14,0.3,0.3,0,0.46,0.3,0.37,0.18,0.26,0.46,0.28,0.31,0.55,0.32,0.22,0.39,0.37,0.24,0.44,0.14,0.49,0.3,0.3,0.45,0.23,0.31,0.25,0.19,0.31,0.24,0.15,0.51,0.45,0.23,0.2,0.24,0.3,0.26,0.17,0.33,0.26,0.44,NA,0.5,0.24,0.53,0.24,0.3,0.4,0.15,0.51,0.44,0.35,0.16,0.38,0.19,0.3,0.27,0.49,0.24,0.56,0.53,0.33,0.34,0.57,0.19,0.27,0.32,0.17,0.34,0.18,0.3,0.26,0.11,0.84,0.26,0.17,0.33,0.44,0.58,0.85,0.23,0.81,0.19,0.49,0.2,0.17,0.38,0.19,0.3,0.66,0.32,0.31,0.24,0.17,0.07,0.03,0.1,0.23,0.11,0,0.25,0.18,0.25,0.25,0.34,0.03,0.27,0.24,0.46,0.17,0.21,0.15,0.21,0,0.12,0.16,0.1,0.61,0.26,0.1,0.23,0,0.33,0.32,0.27,0.13,0.22,0.47,0.43,0.55,0.4,0.27,0.51,0.21,0.26,0.26,0.43,0.2,0.42,0.11,0,NA,0,0.39,0,0.37,0.32,0.49,0.22,0.22,0.24,0.1,0.08,0.14,0.51,0.19,0.3,0.69,0.19,0,0,0,0.04,0,0.31,0.51,0.59,0.37,0.21,0.47,0.27,0.36,0.26,0.35,0.34,0.43,0.31,0.37,0,0.27,0.48,0.23,0.24,0.61,0.03,0.1,0.29,0.61,0.65,0.49,0.82,0.37,0.34,0.51,0.7,0.1,0.96,0.63,0,0.38,0.21,0.46,0.37,0.37,0.34,0.27,0.11,0.04,0.08,0.15,0,0.31,0.18,0.14,0,0,0.33,0,0,0.4,0.06,0.33,0.17,0.25,0.45,0.33,0.24,0.24,0.38,0.3,0.41,0.18,0.53,0.38,0.45,0.43,0.51,0.51,0.47,0.45,0.91,0.45,0.43,0.73,0.27,0.36,0.58,0.25,0.38,0.41,0.57,0.31,0.34,0.31,0.34,0.42,0.23,0.38,0.63,0,0.46,0.71,0.37,0.28,0.23,0,0,0,0,0.29,0,0.28,0,0,0,0.04,0.59,0.8,0.61,0.49,0,0.22,0.41,0.38,0.4,0.48,0.41,0.25,0.38,0.32,0.08,0.32,0.24,0.42,0.07,0.37,0.56,0.48,0.12,0.16,0.2,0.19,0.2,0.13,0.13,0.13,0.04,0.02,0.11,0.2,0.5,0.26,0.02,0.22,0.27,0.13,0.3,0.3,0.49,0.33,0.16,0.06,0.11,0.07,0.13,0.02,0.04,0.03,0.08,0.14,0.29,0.25,0.2,0.2,0.2,0.14
18:1w9_perWWT,24.4,14.05,4.29,3.97,13.9,3.72,4.06,4.61,1.63,9.67,17.58,5.09,3.17,1.39,10.28,27.15,6,8.84,15.11,20.63,19.36,26.72,20.81,31.34,13.89,11.22,15.26,18.59,13.26,11.87,13.8,8,8.27,8.79,10.28,1.91,5.03,8.33,6.81,14.48,10.63,9.65,8.2,19.55,7.79,12.82,9.11,14.13,17.74,10.48,10.32,9.02,9.83,26.6,9.24,14.14,16.63,14.15,13.64,22.49,23.88,21.72,5.59,8.08,25.67,7.31,18.06,10.58,8.01,1.19,NA,6.99,2.78,0.73,3.91,2.24,4.26,NA,8.45,1.64,3.07,NA,3.6,1.17,0.62,2.15,5.17,0.75,5.64,2.18,6.37,0.52,2.88,2.79,0.67,2.78,2.21,0.39,4.46,8.93,2.95,5.8,2.88,2.1,1.33,0,15.75,13.84,15.29,12.55,0,22.49,1.04,13.12,7.76,11.57,16.03,9.29,13.19,10.05,10.05,13.87,5.24,4.72,11.58,3.02,2.46,16.29,7.68,11.03,9.18,6.53,7.41,8.3,7.61,11.6,8.23,12.59,7.6,10.58,2.65,6.02,2.66,3.55,16.43,6.03,6.05,6,6.22,0.65,3.91,5.37,5.31,3.62,6.15,2.53,8.08,5.49,8.47,5.93,1.81,7.83,6.53,7.89,5.02,5.85,6.37,28.39,5.14,1.91,1.42,5.83,9.72,9.83,6.01,8.86,16.43,3.72,3.42,4.27,0.65,2.29,10.08,2.41,1.21,6.48,5.98,1.46,1.79,2.58,1.57,7.08,3.16,2.44,9.31,6.37,9.17,6.33,5.65,8.21,10.38,20.37,9.97,0.7,2.29,7.18,6.76,19.25,12.02,20.87,14.45,2.43,29.41,28.6,9.97,26.55,5.19,16.16,4.15,7.38,17.72,15.28,23.52,27.36,26.44,7.28,24.52,22.31,19.79,3.59,31.44,31.36,31.56,29.56,20.13,20.74,28.13,7.66,21.91,7.83,7.56,7.4,6.27,8,27.98,31.96,23.4,30.98,3.11,8.14,6.94,13.78,7.3,26.8,8.69,21.08,7.4,9.99,5.76,19.53,4.1,8.09,11.39,10.91,16.4,10.51,13.29,10.31,2.65,10.36,5.23,2.15,13.24,17.87,8.88,11.41,7.36,10.2,6.48,5.86,14.09,8.24,6.9,NA,13.84,10.47,8.28,9.99,6.49,12.66,2.71,15.56,10.45,8.23,4.24,11.33,21.18,17.56,13.82,7.41,7.27,13.34,14.24,7.32,9.14,8.74,3.57,5.25,5.53,2.21,7.7,5.64,6.17,6.63,1.28,10.12,2.64,5.33,9.35,2.98,10.87,2.81,3.81,16.34,6.9,9.42,8.21,4.64,5.21,6.04,10.48,11.01,8.22,5.68,0,3.43,1.37,0.78,1.47,9.42,3.23,15.16,14.61,8.45,7.3,5.84,4.56,0.82,8.77,10.25,8,2.47,9.14,3.01,13.48,21.13,1.06,3.18,4.43,13.9,8.9,6.16,7.09,12.54,3.98,6.54,7.32,5.45,7.16,11.06,6.81,10.82,11.04,6.89,9.92,14.13,6.64,7.53,8.27,13.54,5.82,1.12,0.96,NA,0.56,7.7,0.58,10.76,6.46,15.67,6.39,4.57,4.74,2.82,1.66,3.14,13.78,4.55,6.94,10.7,5.59,0.63,0.58,0.58,0.95,0.6,4.79,10.87,12.84,9.45,2.98,13.22,8.85,14.69,5.41,8.98,6.73,12.46,5.49,15.88,0.53,5.39,19.49,8.39,10.74,13.66,4.54,18.07,9.32,19.11,17.01,9.64,10.39,7.39,9.36,15.24,19.18,2.63,32.94,12.94,2.2,11.67,4.61,10.48,9.25,10.33,8.73,10.98,2.38,1.7,2.23,3.07,1.25,11.73,3.02,2.16,3.09,2.04,6.71,3.13,3.33,9.06,1.56,5.88,3.89,4.82,8.61,15.48,10.35,15.71,15.84,12.2,12.47,12.61,8.36,11.59,8.43,10.43,11.47,8.45,7.71,14.18,17.34,12.98,19.33,23.15,8.13,15.34,18.29,7.33,11.01,13.83,22.34,27.76,9.33,13.52,0,7.71,5,7.06,18.88,4.96,9.54,14.26,6.85,7.23,6.18,0.38,0.49,0.43,0.53,6.28,3.01,5.57,0.49,1.02,0.94,1.2,9.82,14.34,13.42,9.86,2,4.63,12.71,14.08,9.62,11.48,14.16,14.42,10.8,13.59,1.04,13.86,5.98,3.97,0.52,3.1,8.48,5.71,1.12,1.56,2.74,2.19,5.16,1.81,3.01,5.18,0.71,0.49,1.82,1.58,7.68,3.07,0.05,4.04,3.69,2.29,6.31,5.26,10.3,6.37,2.87,1.28,2.72,1.95,1.79,0.38,0.35,0.36,1.04,2.29,11.44,6.08,3.21,4.84,3.2,1.52
18:1w7_perWWT,18.11,8.81,1.44,2.22,11.02,3.35,4.38,6.98,1.66,5.8,9.25,4.65,2.68,1.03,7.17,19.8,3.22,7.97,6.12,16.02,14.22,19.3,17.53,19.45,10.66,8.77,10.87,12.22,12.59,12.37,12.62,8.43,7.69,5.98,8.01,2.3,4.41,6.51,5.01,8.59,10.47,7.2,6.18,15.07,5.72,11.38,6.96,11.13,14.86,9.49,8.24,9.32,7.16,19.84,7.77,11.87,12.72,12.64,11.49,17.87,14.94,19.21,5.66,6.97,15.56,5.47,10.1,7.24,6.45,1.56,NA,5.34,2.84,0.64,5.22,2.11,3.76,NA,5.14,1.64,2.04,NA,4.37,0.85,0.6,1.76,3.27,0.93,4.31,2.17,5.32,0.67,2.66,3,0.65,2.35,1.57,0.53,4.89,7.46,3,5.72,2.48,2.36,1.99,25.96,9.16,11.53,11.78,10.64,14.18,19.13,1.2,12.53,6.42,8.45,11.65,7.8,10.34,8.86,7.11,9.39,6.69,4.36,9.8,3.4,3.87,11.32,7.88,8.91,7.57,7.91,6.35,6.49,6.16,11.29,9.29,10.69,5.82,7.21,3.31,5.02,2.17,2.99,12.99,6.8,6.24,6.08,6.43,0.85,3.89,5.6,5.89,3.81,5,3.02,7.97,3.68,6.42,4.47,1.88,7.17,6.07,6.31,4.13,5.33,4.76,17.43,5.02,2.16,1.39,5.46,10.17,8.62,6.04,7.73,10.5,3.57,3.2,5.49,1.02,1.62,9.23,1.94,1.34,5.61,5.49,1.34,1.89,2.41,1.65,7.86,3.72,2.58,10.52,6.85,9.58,5.63,6.17,7.58,6.64,14.11,7.27,0.74,1.64,6.07,5.75,16.18,8.56,19.91,9.33,2.59,19.55,18.96,8.44,14.52,4.38,18.78,3.84,6.11,10.84,14.8,17.54,27.11,25.56,5.97,16.06,24.86,15.43,3.82,20.41,19.19,20.02,17.1,12.76,11.55,16.73,6.54,16.07,7.04,7.15,6.63,6.95,5.98,18.66,21.25,13.42,19.39,3.53,7.76,5.79,11.91,7.76,16.39,7.14,12.67,6.08,7.59,4.76,13.57,5.32,7.97,8.69,8.68,14.09,8.19,11.49,8.88,6.21,7.5,5.93,4.09,10.73,13.51,8.91,9.25,8.17,8.66,7.32,7.65,14.47,10.43,8.85,NA,14.69,12.27,10.37,12.09,8.85,15.01,5.08,12.95,13.05,8.48,5.89,12.57,15.67,14.73,11.12,7.63,10.43,16.06,17.89,9.47,12.65,8.73,6.26,8.1,8.29,4.29,8.97,6.64,8.86,7.24,2.21,8.28,3.2,7.59,8.97,4.18,8.51,4.84,4.24,12.89,6.84,7.82,9.72,5.49,5.99,7.25,9.27,10.04,7.46,6.81,12.27,4.1,2.08,0.9,1.34,6.06,2.91,10.11,11.44,7.05,7.49,6.55,5.93,0.93,7.43,7.88,5.9,2.63,8.18,2.78,10.24,14.27,1.3,2.74,3.25,8.55,6.92,4.78,5.83,7.65,3.86,5.43,6.44,3.24,5.27,9.9,5.03,8.25,8.17,5.6,8.24,4.75,5.24,5.66,6.75,4.47,6.5,1.22,0.9,NA,0.73,6.1,0.66,9.67,5.89,14.77,4.31,4.61,4.34,3.2,2.01,3.67,10.99,3.52,5.91,13.34,3.65,0.87,0.64,0.58,1.14,0.79,3.72,7.93,8.5,6.49,2.79,7.88,5.81,8.86,4.34,5.89,5.43,8.61,4.05,9.16,0.64,4.96,8.75,3.14,3.94,7.07,1.31,5.47,5.99,10.19,10.03,7.53,10.84,5.28,6.53,11.27,12.89,2.55,18.56,11.07,2.11,9.31,4.7,8.63,8.32,8.37,6.97,7.26,2.04,1.2,1.69,2.77,0.86,7.53,2.88,2.35,3.23,1.63,6.35,3.01,3.56,6.65,1.14,5.08,3.51,4.39,6.89,9.59,7.34,9.8,10.35,9.36,8.74,8.82,7.79,8.34,5.87,8.4,8.38,6.91,6.29,10.93,12.59,12.15,14.28,19.97,5.22,8.82,11.41,4.83,6.61,7.74,12.42,13.2,6.43,8.86,11.4,6.58,4.74,6.49,12.8,4.45,7.23,12.02,5.22,6.46,4.75,0.39,0.57,0.46,0.67,4.59,2.28,4.34,0.49,0.93,0.87,1.1,8.01,11.76,10.31,7.49,2.39,4.33,10.54,11.01,9.99,9.15,13.06,11.15,10.73,10.39,0.89,8.03,4.04,2.45,0.39,2.04,4.24,3.32,1.31,1.51,2.64,2.19,3.88,1.42,3.05,5.19,0.68,0.54,2.07,1.4,6.08,2.72,0.07,4.67,4.05,2.08,5.59,4.29,8.63,5.56,2.65,1.6,2.64,1.64,1.87,0.35,0.27,0.29,0.99,2.1,6.33,3.87,2.58,3.55,2.29,1.17
18:1w6?_perWWT,1.1,0.81,0.61,0.26,1.14,0.41,0.42,0.3,0.15,0.55,0.9,0.52,0.29,0.09,0.68,1.1,0.37,0.86,0.99,1.06,1.22,1.26,1.01,1.41,0.7,0.42,0.46,0.53,0.46,0.53,0.53,0.33,0.38,0.38,0.51,0.18,0.29,0.47,0.43,0.44,0.39,0.42,0.4,0.63,0.38,0.55,0.39,0.58,0.63,0.42,0.31,0.36,0.48,0.78,0.39,0.48,0.47,0.43,0.46,0.68,0.76,0.85,0.33,0.33,0.72,0.36,0.67,0.38,0.43,0.11,NA,0.23,0.15,0.06,0.25,0.12,0.17,NA,0.39,0.2,0.22,NA,0.33,0.13,0.08,0.25,0.37,0.11,0.27,0.17,0.46,0.07,0.21,0.22,0.09,0.24,0.17,0.06,0.33,0.44,0.45,0.4,0.26,0.26,0.5,1.63,0.87,0.51,0.85,0.7,0.63,0.91,0.17,0.59,0.29,0.62,0.65,0.55,0.67,0.6,0.47,0.58,0.39,0.23,0.74,0.27,0.22,0.59,0.41,0.46,0.47,0.36,0.41,0.39,0.36,0.4,0.34,0.53,0.45,0.52,0.27,0.43,0.32,0.28,0.67,0.47,0.57,0.56,0.45,0.11,0.44,0.48,0.61,0.31,0.58,0.27,0.64,0.28,0.49,0.5,0.23,0.52,0.51,0.45,0.49,0.42,0.35,1.11,0.43,0.21,0.2,0.4,0.62,0.59,0.44,0.59,0.87,0.37,0.31,0.42,0.12,0.2,0.65,0.23,0.21,0.42,0.44,0.19,0.28,0.31,0.22,0.48,0.34,0.3,0.6,0.59,0.47,0.36,0.46,0.63,0.89,0.98,0.48,0.12,0.26,0.47,0.44,1.2,0.57,1.23,1.02,0.22,1.3,1.34,0.61,1.3,0.41,0.99,0.29,0.44,1.22,1.18,1.24,1.5,1.37,0.4,1.26,1.38,1.43,0.26,1.14,1.32,1.42,1.59,1.25,0.93,1.28,0.48,1.08,0,0.11,0,0.09,0.07,18.66,1.34,1.15,1.47,0.08,0.57,0.48,0.63,0.39,1.57,0.54,0.95,0.49,0.62,0.47,0.95,0.23,0.4,0.43,0.4,0.63,0.46,0.48,0.5,0.25,0.42,0.44,0.29,0.58,0.58,0.41,0.45,0.36,0.36,0.47,0.33,0.59,0.45,0.4,NA,0.55,0.46,0.42,0.54,0.41,0.54,0.22,0.61,0.6,0.41,0.33,0.44,0.67,0.64,0.52,0.37,0.37,0.53,0.65,0.38,0.59,0.44,0.34,0.36,0.42,0.23,0.5,0.41,0.47,0.4,0.14,0.55,0.2,0.33,0.47,0.31,0.49,0.27,0.27,0.79,0.44,0.48,0.51,0.34,0.43,0.37,0.43,0.44,0.6,0.5,0.56,0.32,0.15,0.09,0.14,0.39,0.27,0.55,0.67,0.61,0.67,0.39,0.25,0.1,0.31,0.88,0.55,0.2,0.51,0.37,0.99,0.75,0.12,0.24,0.39,0.58,0.63,0.4,0.36,0.68,0.3,0.39,0.91,0.18,0.4,0.5,0.36,0.55,0.47,0.36,0.41,0.73,0.34,0.32,0.44,0.67,0.36,0.13,0,NA,0,0.35,0,0.72,0.46,0.99,0.21,0.32,0.34,0.26,0.16,0.29,0.81,0.34,0.58,0.59,0.33,0.07,0,0,0.08,0,0.25,0.36,0.52,0.25,0.21,0.48,0.34,0.44,0.29,0.35,0.28,0.47,0.24,0.41,0,0.26,1.09,0.43,0.51,0.41,0.42,0.92,0.33,0.59,0.5,0.67,0.66,0.48,0.57,0.79,0.83,0,1.04,0.77,0,0.96,0.03,0.69,0.66,0.59,0.55,0.67,0.18,0.17,0.2,0.27,0,0.73,0.25,0.02,0,0,0.64,0,0,0.62,0.11,0.48,0.27,0.37,0.65,0.64,0.73,0.47,0.79,1.42,0.78,0.56,0.43,0.4,0.33,0.45,0.56,0.31,0.35,0.73,0.87,0.65,0.98,1.19,0.25,0.39,0.62,0.22,0.3,0.38,0.55,0.57,0.37,0.41,0.52,0.51,0.31,0.4,0.96,0,0.5,0.92,0.36,0.43,0.33,0,0,0,0,0.27,0,0,0,0,0,0,0.37,0.48,0.42,0,0,0.23,0.05,0.52,0.57,0.82,0.05,0.5,0.37,0.73,0.11,0.4,0.25,0.28,0.05,0.27,0.43,0.37,0.14,0.19,0.26,0.23,0.26,0.14,0.25,0.36,0.06,0.05,0.17,0.15,0.53,0.27,0,0.34,0.27,0.16,0.4,0.33,0.6,0.56,0.2,0.18,0.2,0.15,0.21,0.04,0.04,0.03,0.11,0.19,0.67,0.28,0.26,0.31,0.21,0.14
18:1w5?_perWWT,0.38,0.26,0,0.05,0.18,0.17,0.15,0.15,0,0.22,0.32,0.21,0.11,0.06,0.33,0.43,0.11,0.21,0.13,0.42,0.42,0.52,0.3,0.55,0.2,0.1,0.11,0.13,0.1,0.11,0.12,0.09,0.08,0.06,0.09,0.03,0.05,0.07,0.06,0.09,0.11,0.07,0.07,0.12,0.07,0.11,0.07,0.1,0.12,0.08,0.06,0.08,0.07,0.17,0.06,0.09,0.09,0.08,0.09,0.14,0.13,0.16,0.05,0.06,0.14,0.05,0.15,0.07,0.07,0.01,NA,0.04,0.03,0.01,0.04,0.03,0.03,NA,0.07,0.04,0.06,NA,0.07,0.02,0.02,0.06,0.08,0.02,0.06,0.03,0.06,0.02,0.05,0.06,0.02,0.06,0.03,0.01,0.06,0.07,0.05,0.08,0.06,0.06,0.03,0.91,0.12,0.12,0.13,0.12,0.14,0.15,0.03,0.13,0.05,0.09,0.13,0.07,0.1,0.08,0.08,0.1,0.04,0.04,0.11,0.04,0.02,0.08,0.07,0.08,0.1,0.05,0.1,0.06,0.05,0.07,0.05,0.1,0.05,0.08,0.1,0.16,0.11,0.1,0.27,0.19,0.21,0.19,0.22,0.04,0.14,0.17,0.14,0.14,0.2,0.12,0.27,0.15,0.23,0.11,0.09,0.25,0.2,0.23,0.16,0.19,0.19,0.41,0.15,0.08,0.08,0.12,0.46,0.52,0.08,0.26,0.32,0.12,0.1,0.07,0.03,0.03,0.5,0.12,0.06,0.22,0.41,0.07,0.08,0.1,0.06,0.16,0.11,0.08,0.14,0.56,0.11,0.08,0.1,0.47,0.13,0.48,0.15,0.03,0.07,0.21,0.2,0.28,0.26,0.28,0.3,0.1,0.27,0.69,0.26,0.39,0.2,0.17,0.11,0.24,0.15,0.2,0.35,0.27,0.32,0.18,0.63,0.29,0.42,0.06,0.54,0.6,0.75,0.73,0.65,0.41,0.52,0.13,0.31,0.35,0.46,0.42,0.46,0.45,0,0.75,0.41,0.78,0.29,0.09,0.23,0.18,0.19,0.62,0.12,0.44,0.21,0.27,0.19,0.27,0.08,0.08,0.11,0.1,0.14,0.13,0.14,0.09,0.08,0.1,0.23,0.13,0.1,0.14,0.21,0.1,0.13,0.1,0.28,0.16,0.13,0.08,0.09,NA,0.11,0.1,0.09,0.11,0.08,0.11,0.06,0.1,0.12,0.08,0.06,0.1,0.13,0.15,0.11,0.07,0.08,0.11,0.12,0.08,0.09,0.08,0.06,0.07,0.09,0.04,0.08,0.07,0.08,0.07,0.03,0.09,0.03,0.07,0.06,0.04,0.07,0.03,0.04,0.13,0.07,0.09,0.07,0.06,0.05,0.06,0.06,0.07,0.07,0.05,0,0.06,0.02,0.02,0.02,0.05,0.11,0,0,0.06,0.07,0.05,0.03,0.02,0.06,0,0.04,0.03,0,0.02,0.09,0,0.02,0.03,0,0.08,0.06,0,0.04,0.07,0.03,0.05,0.07,0.03,0,0.11,0.07,0.11,0.09,0.06,0.09,0.1,0.1,0.07,0.1,0.09,0.1,0.04,0.02,NA,0.02,0.08,0.02,0.08,0,0.11,0.06,0,0.03,0.03,0.02,0.04,0.1,0.03,0.05,0.16,0.07,0.02,0,0,0.03,0.02,0.04,0.07,0.08,0.05,0.03,0.07,0.06,0.1,0.04,0.05,0.05,0.09,0.04,0.08,0.02,0.05,0.19,0.07,0.1,0.08,0,0.12,0.05,0.11,0.09,0.15,0.22,0.12,0.14,0.25,0.24,0,0,0.19,0,0.16,0.11,0.2,0.14,0.15,0.12,0.15,0,0,0,0.07,0.04,0.17,0.07,0.05,0,0,0.08,0,0,0.14,0,0.09,0,0.07,0.15,0.17,0.16,0.15,0.22,0.2,0.22,0.14,0,0,0,0,0,0,0,0.14,0.23,0.18,0.25,0.17,0.04,0.07,0.13,0.04,0.07,0.08,0.11,0.13,0.07,0.09,0.1,0,0,0,0.27,0,0,0.26,0,0.16,0.13,0.01,0.01,0.01,0.01,0.06,0.04,0.07,0.01,0.02,0.02,0,0.1,0.16,0.12,0.09,0.04,0.05,0.2,0.2,0.17,0.19,0.22,0.15,0.13,0.13,0.02,0.08,0.05,0.06,0.01,0.09,0.11,0.08,0.04,0.05,0.05,0.04,0.06,0.03,0.04,0.07,0.01,0.01,0.04,0.02,0.1,0.06,0,0.07,0.04,0.03,0.16,0.12,0.2,0.17,0.04,0.04,0.03,0.03,0.06,0.01,0.01,0,0.02,0.05,0.12,0.06,0.09,0.09,0.04,0.04
18:2a_perWWT,0.04,0,0,0,0,0,0,0,0,0,0,0,0,0,0,0,0,0,0,0.02,0,0.03,0,0.02,0,0,0,0,0,0,0,0,0,0,0,0,0,0,0,0,0,0,0,0,0,0,0,0,0.02,0,0,0,0,0,0,0,0.03,0,0,0.01,0,0.02,0,0,0,0,0,0,0,0,NA,0,0,0,0,0,0,NA,0,0,0,NA,0,0,0,0,0,0,0,0,0.03,0,0,0,0,0,0,0,0,0.01,0,0,0,0,0,0.13,0,0,0.07,0,0.04,0.12,0,0,0,0,0,0.05,0,0,0,0,0,0,0.06,0,0,0.07,0,0,0,0,0,0,0,0,0,0.05,0,0,0,0,0,0,0.02,0,0,0.04,0.04,0,0,0,0.03,0,0,0,0,0,0,0.04,0,0.05,0.05,0,0.04,0,0,0.13,0.03,0,0,0,0.03,0.05,0.03,0.04,0.07,0,0,0,0,0,0.04,0,0,0,0,0,0,0,0,0,0.02,0.01,0.04,0.04,0.04,0,0,0.04,0,0.01,0,0,0,0,0,0,0,0.11,0,0,0.14,0.03,0,0.12,0,0.08,0,0.02,0,0,0,0.13,0.13,0,0,0.11,0,0,0.09,0.12,0.1,0,0,0,0,0,0.09,0.12,0.25,0.12,0.24,0.21,0,0.1,0.08,0.1,0.16,0,0,0.04,0.03,0.12,0,0.07,0,0.04,0.03,0,0.01,0.03,0.03,0.02,0.05,0.02,0.05,0.03,0.01,0.02,0.03,0.03,0.04,0.04,0.02,0.03,0.02,0.02,0.03,0.02,0.05,0.03,0.02,NA,0.04,0.04,0.03,0.03,0.03,0.05,0,0.04,0.04,0.03,0.02,0.03,0.05,0.05,0.03,0.02,0.03,0.04,0.04,0.02,0.04,0.04,0.02,0.02,0.02,0.01,0.04,0.03,0.03,0.02,0.01,0.05,0.02,0.02,0.03,0.01,0.04,0.02,0.02,0.05,0.02,0.03,0.03,0.01,0.03,0.02,0.04,0.03,0.03,0.03,0.03,0.01,0.01,0.01,0.01,0.03,0.01,0.03,0.04,0.04,0.03,0.04,0.01,0.01,0.02,0.04,0.03,0.02,0.02,0.02,0.07,0.07,0.01,0.02,0.02,0.04,0.03,0.02,0.03,0.05,0.02,0.03,0.04,0.01,0.03,0,0,0,0,0,0,0,0,0,0,0,0,0,0,NA,0,0,0,0,0,0,0,0,0,0,0,0,0,0,0,0,0,0,0,0,0,0,0,0,0,0,0,0,0,0,0,0,0,0,0,0,0,0,0,0,0,0,0,0,0,0,0,0,0,0,0,0,0.03,0,0,0,0,0,0,0,0,0,0,0,0,0,0,0,0,0,0,0,0,0,0,0,0,0,0,0,0,0,0,0,0,0,0,0,0,0,0,0,0,0,0,0,0,0,0,0,0,0,0,0,0,0,0,0,0,0.03,0,0,0,0,0,0,0,0,0,0,0,0,0,0,0,0,0,0,0,0,0,0,0,0,0,0,0,0,0,0,0,0,0,0,0,0,0,0,0,0,0,0,0,0,0,0,0,0.02,0,0,0,0,0,0,0,0,0,0.01,0.05,0,0,0,0,0,0,0,0.04,0,0.02,0,0,0,0,0,0,0,0,0,0,0,0,0,0,0
18:2b_perWWT,0,0,0,0,0,0,0,0,0,0,0,0,0,0,0,0,0,0,0,0,0,0,0,0,0,0,0,0,0,0,0,0,0,0,0,0,0,0,0,0,0,0,0,0,0,0,0,0,0,0,0,0,0,0,0,0,0,0,0,0,0,0,0,0,0,0,0,0,0,0,NA,0,0,0,0,0,0,NA,0,0,0,NA,0,0,0,0,0,0,0,0,0,0,0,0,0,0,0,0,0,0,0,0,0,0,0,0,0,0,0,0,0,0,0,0,0,0,0,0,0,0,0,0,0,0,0,0,0,0,0,0,0,0,0,0,0,0,0,0,0,0,0,0,0,0,0,0,0,0,0,0,0,0,0,0,0,0,0,0,0,0,0,0,0,0,0,0,0,0,0,0,0,0,0,0,0,0,0,0,0,0,0,0,0,0,0,0,0,0,0,0,0,0,0,0,0,0,0,0,0,0,0,0,0,0,0,0,0,0,0,0,0,0,0,0,0,0,0,0,0,0,0,0,0,0,0,0,0,0,0,0,0,0,0,0,0,0,0,0,0,0,0,0,0,0,0.28,0,0,0,0,0,0,0,0,0,0,0,0,0,0,0,0,0,0,0,0,0,0,0,0,0,0,0,0,0,0,0,0,0,0,0,0,0,0,NA,0,0,0,0,0,0,0,0,0,0,0,0,0,0,0,0,0,0,0,0,0,0,0,0,0,0,0,0,0,0,0,0,0,0,0,0,0,0,0,0,0,0,0,0,0,0,0,0,0,0,0,0,0,0,0,0,0,0,0,0,0,0,0,0,0,0,0,0,0,0,0,0,0,0,0,0,0,0,0,0,0,0,0,0,0,0,0,0,0,0,0,0,0,0,0,0,0,0,0,NA,0,0,0,0,0,0,0,0,0,0,0,0,0,0,0,0,0,0,0,0,0,0,0,0,0,0,0,0,0,0,0,0,0,0,0,0,0,0,0,0,0,0,0,0,0,0,0,0,0,0,0,0,0,0,0,0,0,0,0,0,0,0,0,0,0,0,0,0,0,0,0,0,0,0,0,0,0,0,0,0,0,0,0,0,0,0,0,0,0,0,0,0,0,0,0,0,0,0,0,0,0,0,0,0,0,0,0,0,0,0,0,0,0,0,0,0,0,0,0,0,0,0,0,0,0,0,0,0,0,0,0,0,0,0,0,0,0,0,0,0,0,0,0,0,0,0,0,0,0,0,0,0,0,0,0,0,0,0,0,0,0,0,0,0,0,0,0,0,0,0,0,0,0,0,0,0,0,0,0,0,0,0,0,0,0,0,0,0,0,0,0,0,0,0
18:2w6_perWWT,1.63,1.11,0.55,0.31,1.47,0.54,0.51,0.57,0.21,0.59,0.88,0.64,0.31,0.15,0.88,1.89,0.37,0.86,1.29,1.84,1.87,2.25,1.98,2.32,1.22,0.71,0.94,1.07,1.02,1.05,1.09,0.62,0.77,0.57,0.64,0.21,0.54,0.66,0.44,0.78,0.86,0.72,0.62,1.27,0.59,0.96,0.66,0.92,1.31,0.84,0.67,0.75,0.53,1.5,0.74,0.98,1.08,0.92,1,1.46,1.16,1.58,0.51,0.57,1.21,0.51,0.58,0.49,0.5,0.08,NA,0.5,0.19,0.04,0.42,0.31,0.4,NA,0.43,0.12,0.17,NA,0.28,0.06,0.04,0.16,0.23,0.05,0.42,0.19,0.41,0.04,0.22,0.18,0.05,0.19,0.12,0.03,0.34,0.54,0.19,0.57,0.2,0.21,0.14,2.88,0.81,0.75,0.96,0.91,0.98,1.41,0.09,0.81,0.54,0.65,0.89,0.64,0.85,0.7,0.56,0.72,0.52,0.37,0.79,0.28,0.31,0.76,0.66,0.7,0.76,0.51,0.56,0.48,0.52,0.77,0.66,0.76,0.49,0.57,0.34,0.54,0.31,0.35,1.08,0.64,0.65,0.62,0.66,0.06,0.41,0.54,0.99,0.41,0.52,0.35,0.81,0.39,0.66,0.79,0.25,0.71,0.61,0.62,0.51,0.64,0.51,1.75,0.55,0.21,0.17,0.62,0.96,0.95,0.84,0.84,1.09,0.42,0.35,0.65,0.07,0.23,0.9,0.26,0.16,0.63,0.64,0.16,0.19,0.33,0.2,0.89,0.4,0.32,1.17,0.91,1.12,0.61,1.12,0.81,1.02,1.72,0.82,0.1,0.2,0.66,0.65,2.03,0.82,2,1.11,0.3,2.13,2.04,0.93,1.66,0.53,1.66,0.4,0.64,1.33,1.54,2.16,2.42,2.33,0.57,1.87,2.14,1.71,0.44,1.92,2.05,2.12,2.13,1.67,1.38,1.75,0.81,1.93,0.85,0.69,0.79,0.64,0.67,0,2.36,1.45,2.24,0.41,0.92,0.61,1.23,0.58,2.06,0.79,1.45,0.69,0.83,0.57,1.61,0.47,0.76,0.83,0.81,1.32,0.82,0.87,0.87,0.51,0.73,0.58,0.31,1.03,1.27,0.81,0.84,0.7,0.82,0.7,0.64,1.25,0.82,0.77,NA,1.08,0.98,0.88,1.02,0.75,1.14,0.42,1.13,1.17,0.75,0.49,1.02,1.42,1.45,0.95,0.6,0.76,1.18,1.31,0.75,1.03,0.99,0.67,0.87,0.78,0.43,0.91,0.73,0.87,0.8,0.26,0.83,0.52,0.74,0.98,0.52,0.91,0.56,0.61,1.52,1.07,0.91,1.01,0.71,0.83,0.71,0.65,0.81,0.85,0.54,0.93,0.62,0.17,0.05,0.2,0.6,0.53,1.08,0.82,0.63,0.63,0.45,0.49,0.05,0.64,0.82,0.53,0.3,1.09,0.3,1.02,1.19,0.14,0.27,0.36,0.95,1.02,0.5,0.6,1.12,0.45,0.7,0.74,0.31,0.43,0.93,0.64,0.93,0.76,0.6,0.83,1.95,0.63,0.59,0.75,1.9,0.98,0.16,0.08,NA,0.07,0.7,0.06,2.56,1.9,3.11,1.84,1.77,1.63,0.81,0.63,1.25,3.03,0.79,1.52,1.29,0.47,0.09,0.07,0.06,0.12,0.07,0.42,0.98,0.87,0.62,0.77,0.9,1.49,1.55,1.19,0.71,0.86,1.68,0.54,0.77,0.06,0.48,1.24,1.03,1.3,0.7,0.41,1.06,0.54,0.96,0.82,0.73,1.04,0.52,0.59,0.98,1.09,0.15,1.12,0.75,0.19,0.76,0.4,0.73,0.52,0.61,0.53,0.67,0.16,0.13,0.22,0.26,0.13,0.75,0.23,0.18,0.29,0.15,0.58,0.26,0.38,0.59,0.1,0.43,0.36,0.5,0.68,0.76,0.59,0.63,0.87,0.81,0.87,0.67,0.76,0.83,0.54,0.86,1.04,0.74,0.78,1.03,0.98,0.96,1.07,1.29,0.43,0.72,1.07,0.37,0.6,0.73,1.02,1.27,0.6,0.84,0.97,0.67,0.46,0.61,1.16,0.47,0.76,1.06,0.51,0.7,0.52,0.06,0.07,0.08,0.13,0.45,0.29,0.52,0.06,0.13,0.14,0.17,3.61,5.06,4.32,3.53,1.11,0.41,0.88,0.8,0.77,0.83,1.02,0.78,0.94,0.86,0.1,0.68,0.4,0.43,0.05,0.34,0.72,0.68,0.15,0.17,0.35,0.27,0.45,0.21,0.34,0.66,0.09,0.1,0.24,0.19,0.82,0.4,0.01,0.51,0.41,0.21,0.59,0.44,0.81,0.62,0.3,0.14,0.27,0.15,0.23,0.03,0.04,0.03,0.11,0.2,0.83,0.41,0.33,0.37,0.26,0.15
18:2w4_perWWT,0.88,0.39,0.26,0.1,0.7,0.27,0.34,0.4,0.2,0.38,0.43,0.36,0.29,0.11,0.52,1.04,0.1,0.38,0.31,1.18,0.81,1.28,0.93,0.93,0.79,0.43,0.5,0.55,0.67,0.6,0.64,0.44,0.5,0.27,0.34,0.14,0.26,0.3,0.2,0.34,0.54,0.3,0.28,0.57,0.3,0.63,0.33,0.44,0.56,0.42,0.34,0.41,0.25,0.69,0.41,0.55,0.57,0.51,0.48,0.81,0.5,0.2,0.37,0.28,0.54,0.26,0.27,0.21,0.22,0.06,NA,0.27,0.17,0.03,0.31,0.18,0.31,NA,0.19,0.08,0.11,NA,0.21,0.03,0.02,0.08,0.1,0.04,0.21,0.12,0.35,0.02,0.16,0.16,0.03,0.13,0.07,0.02,0.28,0.43,0.15,0.37,0.13,0.15,0.15,1.87,0.37,0.55,0.59,0.57,0.65,0.94,0.05,0.67,0.39,0.63,0.77,0.56,0.69,0.56,0.38,0.62,0.42,0.2,0.68,0.22,0.2,0.62,0.47,0.54,0.45,0.48,0.31,0.38,0.39,0.57,0.54,0.59,0.4,0.5,0.27,0.37,0.19,0.22,0.84,0.5,0.44,0.45,0.59,0.04,0.29,0.35,0.47,0.38,0.37,0.26,0.63,0.28,0.44,0.28,0.16,0.65,0.43,0.59,0.33,0.6,0.39,0.38,0.39,0.15,0.12,0.41,0.82,0.8,0.35,0.67,0.21,0.24,0.23,0.29,0.04,0.12,0.77,0.16,0.1,0.6,0.54,0.1,0.17,0.2,0.11,0.74,0.29,0.2,0.81,0.7,0.78,0.43,0.46,0.67,0.33,1.18,0.59,0.06,0.14,0.62,0.5,1.07,0.68,0.24,0.22,0.27,0,0,0.79,0.29,0.35,0,0.38,0.54,0.2,0.89,1.29,1.5,1.34,0.48,1.28,1.28,0.68,0.35,1.41,1.36,0.99,0.85,0.73,0.62,0.81,0.59,1.29,0.63,0.39,0.59,0.37,0.44,1.24,1.53,1.05,1.25,0.33,0.74,0.43,0.98,0.43,0.83,0.57,0.76,0.52,0.56,0.38,0.92,0.3,0.41,0.35,0.45,0.71,0.42,0.56,0.46,0.3,0.42,0.44,0.2,0.5,0.56,0.56,0.47,0.42,0.48,0.44,0.42,0.72,0.57,0.54,NA,0.77,0.66,0.57,0.69,0.54,0.83,0.27,0.54,0.82,0.35,0.37,0.73,0.85,0.91,0.52,0.41,0.55,0.7,0.96,0.5,0.69,0.41,0.41,0.56,0.51,0.28,0.56,0.34,0.51,0.4,0.15,0.37,0.19,0.47,0.55,0.29,0.32,0.32,0.32,0.65,0.45,0.41,0.67,0.3,0.41,0.4,0.45,0.59,0.36,0.39,0.53,0.22,0.1,0.02,0.12,0.27,0.15,0.47,0.6,0.42,0.28,0.42,0.39,0.02,0.49,0.35,0.32,0.21,0.56,0.26,0.44,0.59,0.07,0.15,0.18,0.45,0.35,0.25,0.21,0.27,0.21,0.22,0.41,0.18,0.18,0.44,0.32,0.35,0.31,0.25,0.42,0.15,0.28,0.31,0.38,0.14,0.47,0.09,0.05,NA,0.05,0.48,0.04,0.36,0.29,0.58,0.17,0.19,0.17,0.14,0.08,0.16,0.45,0.23,0.3,0.79,0.25,0.06,0.04,0.03,0.06,0.05,0.2,0.4,0.35,0.36,0.09,0.37,0.17,0.28,0.17,0.26,0.26,0.37,0.23,0.45,0.03,0.31,0.22,0.09,0.12,0.24,0.11,0.24,0.22,0.49,0.34,0.46,0.63,0.22,0.61,1.05,1.02,0.2,0.98,0.88,0.21,0.91,0.39,0.81,0.67,0.74,0.38,0.34,0.11,0.07,0.13,0.22,0.06,0.48,0.18,0.15,0.23,0.1,0.47,0.18,0.28,0.49,0.08,0.38,0.29,0.39,0.51,0.87,0.6,0.63,0.93,0.95,0.72,0.78,0.47,0.53,0.38,0.53,0.77,0.48,0.5,0.71,0.75,0.67,0.73,0.83,0.18,0.39,0.51,0.21,0.33,0.28,0.38,0.43,0.24,0.49,0.38,0.44,0.35,0.44,0.62,0.32,0.54,0.74,0.38,0.52,0.37,0.01,0.02,0.02,0.03,0.24,0.11,0.27,0.02,0.04,0.03,0.05,0.35,0.48,0.39,0.31,0.12,0.24,0.72,0.65,0.72,0.76,0.85,0.74,0.76,0.69,0.05,0.26,0.2,0.1,0.02,0.09,0.16,0.13,0.09,0.1,0.25,0.18,0.25,0.11,0.18,0.46,0.04,0.02,0.16,0.11,0.42,0.22,0,0.43,0.39,0.2,0.54,0.38,0.7,0.48,0.21,0.09,0.22,0.12,0.17,0.01,0.01,0.01,0.04,0.13,0.33,0.17,0.21,0.17,0.11,0.05
18:3w6_perWWT,0.32,0.19,0.11,0.07,0.28,0.11,0.09,0.21,0.06,0.12,0.2,0.15,0.06,0.04,0.15,0.45,0.06,0.19,0.17,0.41,0.45,0.52,0.48,0.43,0.27,0.29,0.32,0.35,0.42,0.35,0.35,0.27,0.3,0.23,0.28,0.07,0.25,0.31,0.16,0.25,0.34,0.27,0.27,0.48,0.24,0.35,0.26,0.33,0.47,0.37,0.23,0.27,0.24,0.59,0.32,0.33,0.4,0.31,0.37,0.54,0.45,0.59,0.24,0.27,0.45,0.25,0.23,0.17,0.19,0.03,NA,0.2,0.09,0.02,0.18,0.14,0.19,NA,0.17,0.04,0.06,NA,0.12,0.03,0.02,0.06,0.09,0.03,0.12,0.07,0.11,0.02,0.06,0.06,0.02,0.06,0.04,0.02,0.11,0.14,0.07,0.13,0.05,0.07,0.05,0.63,0.27,0.26,0.28,0.26,0.39,0.43,0.04,0.31,0.23,0.18,0.26,0.21,0.25,0.2,0.16,0.2,0.24,0.17,0.22,0.11,0.13,0.32,0.22,0.25,0.16,0.24,0.16,0.19,0.19,0.3,0.28,0.28,0.19,0.19,0.09,0.13,0.08,0.08,0.25,0.17,0.13,0.16,0.16,0.03,0.09,0.13,0.22,0.11,0.11,0.09,0.18,0.09,0.15,0.17,0.08,0.17,0.13,0.17,0.11,0.2,0.16,0.34,0.12,0.06,0.05,0.12,0.2,0.19,0.22,0.17,0.21,0.11,0.07,0.16,0.02,0.07,0.18,0.06,0.04,0.16,0.12,0.03,0.06,0.08,0.06,0.17,0.1,0.08,0.24,0.15,0.23,0.13,0.21,0.19,0.16,0.39,0.15,0.03,0.05,0.15,0.14,0.38,0.17,0.45,0.22,0.07,0.37,0.23,0.21,0.3,0.13,0.44,0.1,0.14,0.25,0.22,0.24,0.56,0.43,0.13,0.45,0.5,0.44,0,0.52,0.25,0.25,0.42,0.36,0.19,0.28,0.08,0.43,0,0,0,0,0,0.06,0.52,0.23,0.21,0,0.21,0.15,0.29,0.19,0.42,0.08,0.15,0.11,0.21,0.13,0.35,0.14,0.33,0.28,0.29,0.48,0.26,0.36,0.28,0.17,0.22,0.06,0.09,0.39,0.41,0.19,0.27,0.21,0.32,0.18,0.17,0.46,0.28,0.22,NA,0.32,0.3,0.23,0.3,0.23,0.33,0.12,0.42,0.33,0.31,0.13,0.29,0.51,0.51,0.28,0.19,0.23,0.34,0.4,0.19,0.27,0.24,0.17,0.24,0.21,0.13,0.12,0.19,0.24,0.2,0.04,0.08,0.09,0.18,0.22,0.11,0.19,0.13,0.14,0.36,0.23,0.17,0.28,0.12,0.18,0.07,0.24,0.27,0.22,0.16,0.33,0.1,0.03,0.02,0.09,0.18,0.02,0.23,0.28,0.19,0.19,0.15,0.17,0.01,0.24,0.2,0.17,0.07,0.27,0.14,0.28,0.35,0.02,0.06,0.09,0.27,0.08,0.13,0.07,0.07,0.08,0.15,0.29,0.15,0.13,0.23,0.11,0.17,0.21,0.17,0.21,0.12,0.1,0.16,0.15,0.11,0.2,0.03,0.02,NA,0.02,0.19,0.01,0.29,0.18,0.37,0.23,0.18,0.15,0.08,0.06,0.11,0.43,0.08,0.15,0.32,0.11,0.02,0.02,0.01,0.03,0.02,0.11,0.22,0.19,0.19,0.11,0.2,0.26,0.3,0.2,0.16,0.19,0.34,0.13,0.21,0.01,0.14,0.22,0.1,0.14,0.15,0.05,0.16,0.13,0.21,0.2,0.16,0.23,0.17,0.13,0.24,0.29,0.05,0.24,0.18,0.04,0.2,0.12,0.18,0.16,0.18,0.11,0.16,0.03,0.03,0.05,0.06,0.03,0.18,0.06,0.04,0.08,0.04,0.15,0.07,0.11,0.14,0.03,0.13,0.09,0.12,0.17,0.25,0.15,0.17,0.27,0.23,0.23,0.24,0.25,0.27,0.19,0.29,0.36,0.25,0.28,0.27,0.23,0.26,0.28,0.28,0.1,0.2,0.24,0.09,0.14,0.17,0.24,0.31,0.14,0.17,0.23,0.19,0.17,0.19,0.34,0.15,0.24,0.31,0.17,0.25,0.18,0.01,0.02,0.02,0.02,0.1,0.06,0.13,0.01,0.02,0.04,0.03,0.48,0.67,0.58,0.45,0.16,0.12,0.26,0.24,0.28,0.22,0.34,0.29,0.3,0.24,0.02,0.16,0.1,0.1,0.02,0.11,0.17,0.15,0.04,0.05,0.1,0.07,0.12,0.07,0.09,0.28,0.03,0.02,0.07,0.05,0.18,0.11,0,0.1,0.12,0.07,0.13,0.09,0.2,0.14,0.08,0.04,0.07,0.04,0.06,0.01,0.01,0,0.03,0.06,0.2,0.08,0.08,0.08,0.05,0.04
19:0_perWWT,0,0,0.01,0,0,0,0,0,0,0,0,0,0,0,0,0,0,0,0,0,0,0,0,0,0,0,0,0,0,0,0,0,0,0,0,0,0,0,0,0,0,0,0,0,0,0,0,0,0,0,0,0,0,0,0,0,0,0,0,0,0,0,0,0,0,0,0,0,0,0,NA,0,0,0,0,0,0,NA,0,0,0,NA,0,0.01,0,0,0.03,0,0,0,0,0,0,0,0,0,0,0,0,0,0,0,0,0,0,0,0,0,0,0,0,0,0,0,0,0,0,0,0,0,0,0,0,0,0,0,0,0,0,0,0.07,0,0.05,0.02,0,0,0,0,0,0,0,0,0,0,0,0,0,0,0,0,0,0,0,0,0,0,0,0,0,0,0,0,0,0,0,0,0,0,0,0,0,0,0,0,0,0,0,0,0,0,0,0,0,0,0,0,0,0,0,0,0,0,0,0,0,0,0,0,0,0,0,0,0,0.02,0,0,0,0,0,0,0,0,0,0,0,0,0,0,0,0,0,0,0,0,0,0,0,0,0,0,0,0,0,0,0,0,0,0,0,0.15,0.1,0.08,0.09,0.09,0.23,0,0,0,0.05,0,0,0,0,0,0,0,0,0,0,0,0,0,0,0,0,0,0,0,0,0,0,0,0,0,0,0,0,0,0,0,0,0,0,NA,0,0,0,0,0,0,0,0,0,0,0,0,0,0,0,0,0,0,0,0,0,0,0,0,0,0,0,0,0,0,0,0,0,0,0,0,0,0,0,0,0,0,0,0,0,0,0,0,0,0,0,0,0,0,0,0,0,0,0,0,0,0,0,0,0,0,0,0,0,0,0,0,0,0,0,0,0,0,0,0,0,0,0,0,0,0,0,0,0,0,0,0.14,0,0,0,0.02,0,0,0,NA,0,0,0,0,0,0,0,0,0.04,0,0,0,0,0,0,0,0,0,0,0,0,0,0,0,0,0,0,0,0,0,0,0,0,0,0,0,0,0,0.49,0.08,0.11,0,0.06,0.12,0,0,0,0.09,0,0,0,0,0,0,0,0,0,0,0,0,0,0,0.08,0,0.02,0,0,0.04,0.02,0,0.03,0,0.04,0,0,0.03,0,0,0,0,0,0,0,0,0,0,0,0,0,0,0,0,0,0,0,0,0,0,0,0,0,0,0,0,0,0,0,0,0,0,0,0,0,0,0,0,0,0,0,0,0,0,0,0,0,0.01,0,0,0,0,0,0,0.03,0,0,0,0,0,0,0,0,0,0,0,0,0,0,0,0,0,0,0,0,0,0,0,0,0,0,0,0,0,0,0,0,0,0,0,0,0,0,0,0,0,0,0,0,0,0,0,0,0,0,0,0,0,0,0,0,0,0,0,0,0
18:3w4_perWWT,1.04,0.61,0.05,0,0,0.2,0.2,0.18,0.08,0.27,0.48,0.23,0.1,0.08,0.32,0.72,0.13,0.48,0.48,0.94,1.04,1.23,0.97,1.14,0.65,0.31,0.31,0.34,0.38,0.34,0.39,0.35,0.4,0.28,0.31,0.09,0.28,0.3,0.19,0.34,0.42,0.31,0.31,0.44,0.26,0.46,0.32,0.34,0.34,0.29,0.16,0.26,0.22,0.61,0.32,0.33,0.3,0.23,0.27,0.56,0.45,0.57,0.18,0.2,0.55,0.22,0.29,0.21,0.2,0.04,NA,0.24,0.08,0.04,0.29,0.24,0.25,NA,0.21,0.04,0.06,NA,0.08,0.01,0,0.06,0.07,0.02,0.2,0.08,0.19,0,0.09,0.07,0.01,0.07,0.04,0.01,0.16,0.22,0.07,0.19,0.07,0.09,0,1.44,0.37,0.37,0.46,0.37,0.54,0.73,0.03,0.44,0.21,0.35,0.5,0.32,0.4,0.34,0.29,0.38,0.18,0.17,0.4,0.13,0.08,0.48,0.23,0.28,0.21,0.21,0.21,0.13,0.2,0.25,0.28,0.36,0.25,0.33,0.18,0.29,0,0.2,0.51,0.33,0.41,0.37,0.43,0.03,0,0.34,0.29,0.27,0.37,0.17,0.47,0.21,0.41,0.31,0.13,0.5,0.37,0.42,0.32,0.39,0.3,0.95,0.28,0.11,0.07,0.18,0.44,0.45,0.23,0.49,0.61,0.29,0.12,0.22,0.02,0.14,0.49,0.09,0.11,0.39,0.4,0.08,0.14,0.22,0.12,0.33,0.2,0.2,0.36,0.52,0.34,0.22,0.26,0.45,0.37,0.7,0.26,0.02,0.09,0.27,0.2,0.77,0.31,0.75,0.63,0.09,1.01,1,0.33,0.91,0.22,0.6,0.16,0.25,0.5,0,0,0,0,0,0,0,0,0,0,0,1.11,1.03,0,0,0.77,0,0,0.22,0.33,0.21,0.32,0.29,0.83,1.18,0,1.15,0.19,0,0,0.4,0,0.96,0,0.67,0,0,0,0,0,0,0,0,0.54,0,0.39,0,0,0,0,0,0.54,0.52,0,0.3,0,0,0,0,0.51,0,0.26,NA,0.49,0.33,0.31,0.37,0,0.55,0,0.51,0.5,0.4,0,0.41,0.67,0.78,0.33,0.31,0.28,0.55,0.52,0.21,0.31,0.33,0.19,0.26,0.29,0,0.42,0.19,0.31,0.29,0.08,0.37,0.1,0.21,0.34,0.18,0.33,0.19,0.16,0.59,0.4,0.35,0.31,0.15,0.28,0.24,0.32,0.25,0.29,0.21,0.4,0.12,0.06,0.01,0.09,0.28,0.11,0.31,0.25,0.24,0.19,0.28,0.18,0,0.26,0.32,0.27,0.15,0.39,0.2,0.28,0.48,0.07,0.1,0.12,0.34,0.35,0.21,0.27,0.33,0.23,0.33,0.37,0.21,0.21,0.41,0.28,0.39,0.33,0.28,0.52,0,0.21,0.24,0.29,0,0.44,0.06,0.02,NA,0.03,0.45,0.02,0,0.11,0.4,0.19,0.11,0.05,0.05,0.03,0.08,0.37,0.09,0.12,0.65,0,0.03,0.03,0.02,0,0.03,0.27,0.51,0.48,0.45,0.1,0.49,0.26,0.35,0.23,0.34,0.29,0.48,0.31,0.32,0,0.21,0,0,0,0.28,0.04,0.13,0.21,0,0.39,0.26,0.36,0.32,0.34,0.68,0.77,0.11,0.6,0.5,0.12,0.55,0.24,0.52,0.42,0.44,0.21,0.32,0.06,0.04,0.06,0.1,0.02,0.34,0.09,0.11,0.1,0.05,0.27,0.09,0.16,0.36,0.05,0.26,0.15,0.23,0.32,0.57,0.33,0.35,0.6,0.54,0.49,0.56,0.43,0.44,0.34,0.43,0.66,0.47,0.51,0.61,0.5,0.52,0.58,0.5,0,0,0.38,0.17,0,0.29,0.4,0.46,0,0,0.34,0.4,0.24,0.35,0.56,0.25,0.35,0.54,0.3,0.4,0.29,0,0,0,0.01,0,0.12,0.22,0,0.02,0,0.02,0.34,0.45,0.38,0.29,0.11,0,0.46,0.45,0.58,0.59,0.59,0.61,0.56,0.52,0.04,0.27,0.19,0.14,0,0.14,0.25,0.2,0,0,0.13,0.11,0.18,0,0.12,0.27,0.03,0,0,0.08,0.3,0.15,0,0.19,0.18,0.1,0.31,0.27,0.46,0.35,0.11,0,0.12,0.07,0,0,0,0,0,0.08,0.32,0.15,0.16,0,0,0
18:3w3_perWWT,0.19,0.13,0.54,0.07,0.43,0.11,0.11,0.05,0.06,0.07,0.23,0.14,0.07,0.02,0.19,0.21,0.09,0.07,0.31,0.07,0.2,0.09,0.2,0.07,0.3,0.19,0.16,0.18,0.12,0.12,0.1,0.05,0.03,0.13,0.16,0.05,0.13,0.17,0.01,0.17,0.04,0.15,0.15,0.15,0.11,0.04,0.16,0.1,0.04,0.17,0.02,0.09,0.11,0.36,0.17,0.12,0.11,0.1,0.04,0.08,0.27,0.13,0.12,0.04,0.03,0.13,0.13,0.05,0.02,0.02,NA,0.1,0.02,0.01,0.03,0.08,0.09,NA,0.04,0.04,0.05,NA,0.04,0.01,0.01,0.04,0.05,0.02,0.03,0.03,0.04,0,0.02,0.01,0.01,0.04,0.02,0,0.05,0.06,0.03,0.05,0,0.02,0.03,0.13,0.2,0.19,0.08,0.14,0.24,0.32,0.02,0.14,0.04,0.05,0.08,0.02,0.03,0.08,0.07,0.06,0.04,0.04,0.13,0.07,0.02,0.05,0.13,0.15,0.13,0.11,0.01,0.07,0.1,0.02,0.15,0.06,0.11,0.02,0.04,0.06,0.04,0.04,0.1,0.04,0.09,0.09,0.05,0.02,0.07,0.07,0.1,0.03,0.06,0.04,0.09,0.03,0.18,0.13,0.03,0.17,0.05,0.16,0.06,0.15,0.12,0.22,0.03,0.02,0.02,0.06,0.12,0.06,0.16,0.02,0.1,0.02,0.02,0.07,0.01,0.02,0.07,0.06,0.01,0.16,0.13,0.05,0.02,0.02,0.03,0.07,0.02,0.06,0.1,0.06,0.08,0.09,0.06,0.08,0.03,0.25,0.03,0.01,0.03,0.09,0.08,0.06,0.11,0.11,0.14,0.03,0.05,0.29,0.13,0.2,0.11,0.13,0.07,0.07,0.41,0.09,0.09,0.08,0.08,0.08,0.08,0.1,0.22,0.04,0.07,0.08,0.26,0.25,0.21,0.13,0.21,0.07,0.19,0.12,0.16,0.12,0.15,0.15,0.28,0.11,0.06,0.09,0.08,0.02,0.07,0.04,0.08,0.23,0.07,0.14,0.1,0.1,0.03,0.14,0.05,0.03,0.1,0.09,0.16,0.11,0.07,0.09,0.05,0.09,0.02,0.04,0.08,0.04,0.09,0.05,0.07,0.09,0.07,0.07,0.15,0.07,0.09,NA,0.11,0.11,0.09,0.12,0.08,0.11,0.07,0.11,0.1,0.06,0.09,0.11,0.06,0.05,0.12,0.07,0.08,0.1,0.14,0.1,0.12,0.06,0.05,0.05,0.1,0.04,0.08,0.05,0.07,0.08,0.03,0.07,0.03,0.06,0.08,0.04,0.06,0.03,0.01,0.02,0.3,0.06,0.25,0.1,0.07,0.07,0.04,0.02,0.02,0.02,0.07,0.08,0.04,0,0.03,0.01,0.06,0.11,0.02,0.08,0.05,0.04,0.04,0,0.01,0.02,0.05,0.03,0.05,0.09,0.03,0.06,0.03,0.03,0.06,0.01,0.13,0.01,0.07,0.31,0.04,0.06,0.01,0.09,0.05,0.11,0.15,0.16,0.1,0.19,0.16,0.72,0.03,0.09,0.08,0.97,0.07,0.04,0.02,NA,0.02,0.13,0.02,0.23,0.13,0.34,0.15,0.13,0.11,0.07,0.05,0.08,0.32,0.08,0.14,0.11,0.08,0.02,0.02,0.02,0.03,0.02,0.08,0.16,0.16,0.12,0.07,0.16,0.14,0.14,0.12,0.11,0.12,0.18,0.08,0.2,0.01,0.11,0.31,0.34,0.45,0.13,0.14,0.36,0.1,0.23,0.19,0.15,0.14,0.1,0.09,0.19,0.17,0.04,0.19,0.14,0.04,0.14,0.09,0.15,0.11,0.13,0.12,0.17,0.04,0.03,0.05,0.07,0.03,0.19,0.05,0.04,0,0.04,0.12,0,0.1,0.14,0.02,0.1,0.1,0.08,0.16,0.16,0.14,0.11,0.18,0.12,0.13,0.14,0.16,0.16,0.12,0.19,0.23,0.15,0.16,0.22,0.2,0.17,0.09,0.19,0.11,0.18,0.23,0.09,0.07,0.17,0.22,0.06,0.12,0.19,0.22,0,0.1,0.12,0.26,0,0.14,0.19,0.13,0.16,0.13,0.01,0.02,0.02,0.02,0.06,0.07,0.15,0.01,0.03,0.03,0.02,0.36,0.47,0.47,0.37,0.15,0.12,0.15,0.14,0.13,0.16,0.2,0.17,0.16,0.06,0.02,0.11,0.06,0.11,0.01,0.04,0.17,0.14,0.03,0.03,0.04,0.03,0.03,0.02,0.06,0.1,0.01,0.02,0.01,0.02,0.05,0.05,0,0.05,0.02,0.03,0.05,0.04,0.1,0.07,0.03,0.03,0.06,0.05,0.04,0.01,0.01,0,0.01,0.03,0.1,0.05,0.06,0.07,0.05,0.03
18:4w3_perWWT,1.2,0.51,2.78,0.1,1.13,0.2,0.28,0.74,0.22,0.3,0.57,0.24,0.24,0.21,0.19,2.08,0.12,0.58,0.73,1.98,1.45,2.5,1.9,1.67,1.29,0.73,1.12,1.16,1.66,1.5,1.57,1.55,1.98,1.51,1.79,0.15,1.86,1.79,0.85,1.53,1.99,1.49,1.58,2.01,1.81,2.02,1.71,1.7,3.04,2.3,1.64,1.18,1.18,2.79,2.24,1.53,2.06,1.26,1.57,2.4,2.14,2.43,1.43,1.32,2.46,1.43,0.97,0.71,0.88,0.1,NA,1.48,0.5,0.04,1.26,0.97,1.4,NA,0.92,0.04,0.04,NA,0.2,0.03,0.01,0.07,0.13,0.01,0.53,0.1,0.25,0.01,0.09,0.08,0.02,0.08,0.06,0.01,0.39,0.52,0.11,0.34,0.08,0.13,0.19,2.2,0.83,1.78,1.49,1.49,2.89,2.62,0.06,2.21,0.63,1.33,1.61,1.4,1.68,0.95,0.99,1.34,0.75,0.48,1.32,0.33,0.3,2.14,1.18,1.55,0.97,1.62,0.98,1.3,1.02,2.3,2.13,1.67,0.98,1.39,0.29,0.51,0.19,0.2,1.51,0.93,0.43,0.4,0.99,0.03,0.22,0.37,0.93,0.72,0.43,0.28,0.88,0.46,1.21,0.77,0.15,1.44,0.43,1.37,0.31,1.02,0.98,1.39,0.28,0.17,0.05,0.47,1.06,1.2,0.52,1.31,0.69,0.2,0.17,0.52,0.01,0.16,1.13,0.06,0.06,1.27,0.79,0.05,0.14,0.2,0.11,1.05,0.23,0.19,1.15,0.8,1.36,0.56,1.09,0.83,0.7,1.37,0.84,0.04,0.15,0.87,0.57,1.89,0.82,3.17,0.49,0.44,1.73,1.42,0.85,0.49,0.18,3.48,0.58,0.65,0.87,1.85,1.99,2.94,3.04,0.57,1.92,2.61,1,0.42,2.76,1.63,1.36,0.98,0.83,1.02,1.07,0.64,1.46,0.78,0.53,0.74,0.49,0.77,1.55,1.8,1.26,1.58,0.37,1.39,0.81,1.6,0.59,1.17,0.67,1.19,0.51,1.01,0.62,1.11,0.34,1.59,1.16,1.12,1.88,0.85,1.48,0.92,0.52,0.72,0.51,0.24,2.19,2.06,0.54,1.03,0.58,1.26,0.6,0.54,1.7,1.54,1.12,NA,2.1,1.73,1.4,1.53,1.36,2.55,0.51,1.88,1.88,1.17,0.58,1.88,2.64,2.72,1.01,0.97,1.49,2.61,2.58,1.13,1.62,1.55,0.93,1.69,0.86,0.65,1.16,1.25,1.33,0.87,0.29,0.7,0.24,0.97,1.02,0.41,0.68,0.37,0.6,2.51,1.61,0.94,2.1,0.32,0.83,0.6,1.61,1.98,1.1,0.96,2.27,0.26,0.15,0.01,0.46,1.32,0.15,0.86,2.22,0.96,0.51,0.92,1.01,0.02,2.11,1.09,1.01,0.48,1.93,1.08,1.39,2.52,0.18,0.25,0.12,2.71,0.34,0.75,0.45,0.72,0.88,0.52,3,1.26,0.31,1.18,0.82,0.95,0.91,1.05,1.83,0.75,0.54,0.92,0.7,0.9,1.02,0.1,0.02,NA,0.04,1.46,0.02,0.79,0.36,1.21,0.64,0.45,0.31,0.15,0.1,0.21,1.34,0.17,0.35,1.68,0.23,0.03,0.03,0.03,0,0.07,0.91,1.8,1.78,2.19,0.29,1.88,0.97,1.58,0.75,1.6,1.27,2.04,1.26,1.29,0.01,0.61,0.3,0.27,0.41,0.77,0.22,0.73,0.63,0.83,0.98,0.97,1.17,0.65,0.94,2.37,2.31,0.32,1.14,1.31,0.21,1.74,0.74,1.54,1.05,1.68,0.52,0.8,0.11,0.07,0.16,0.21,0.03,0.79,0.16,0.14,0.33,0.13,0.64,0.22,0.35,0.54,0.05,0.6,0.55,0.45,0.79,2.77,0.9,1.27,2.55,1.75,1.29,2.55,1.44,1.87,1.4,1.95,2.7,1.86,2.23,1.61,1.33,1.73,1.7,1.16,0.46,0.77,1.24,0.41,0.89,0.96,1.25,2.06,0.85,0.79,1.23,1.28,1.28,1.28,1.93,1.18,1.55,2.15,1.11,2.08,1.29,0.01,0.01,0.01,0.02,0.49,0.39,0.8,0.01,0.02,0.01,0.02,1.05,1.53,1.47,1.49,0.42,0.49,1.63,1.56,1.9,1.52,2.38,2.44,2.35,1.63,0.04,0.81,0.46,0.22,0.01,0.09,0.34,0.29,0.05,0.04,0.19,0.1,0.16,0.06,0.09,0.35,0.02,0.01,0.07,0.07,0.43,0.16,0,0.47,0.45,0.28,0.7,0.36,0.56,0.42,0.17,0.06,0.2,0.12,0.08,0,0,0,0.01,0.08,0.18,0.17,0.26,0.15,0.09,0.03
18:4w1?_perWWT,0,0,0.38,0.05,0.15,0,0.06,0.12,0,0.07,0.11,0.06,0.04,0,0.07,0,0.08,0,0,0.58,0,0.77,0,0.53,0,0.17,0.19,0.26,0.17,0.21,0.15,0.17,0.22,0.15,0.15,0.06,0.17,0.28,0.11,0.2,0.13,0.17,0.17,0.15,0.14,0.45,0.12,0.12,0.18,0.17,0.19,0.17,0.11,0.81,0.14,0.18,0.19,0.21,0.17,0.5,0.14,0.59,0.22,0.14,0.17,0.21,0.17,0.12,0.13,0.04,NA,0.17,0.14,0.02,0.37,0.12,0.16,NA,0.11,0,0,NA,0.07,0.03,0,0.05,0.08,0,0.09,0.04,0.06,0,0.04,0.04,0,0.05,0.05,0.01,0.08,0.07,0.1,0.19,0.01,0.05,0.05,0.22,0.15,0.56,0.12,0.11,0.82,1.01,0.04,0.82,0.1,0.59,0.78,0.57,0,0.44,0.45,0.61,0.13,0.05,0.6,0.06,0.07,1.01,0.43,0.53,0.44,0.5,0.44,0.45,0.1,0.5,0.66,0.61,0.55,0.64,0.14,0.25,0.06,0.05,0.13,0.11,0.07,0.09,0.45,0.01,0.06,0.09,0.09,0.33,0.26,0.05,0.37,0.2,0.47,0.08,0.04,0.56,0.07,0.48,0.08,0.12,0.36,0.26,0.1,0.04,0.03,0.07,0.12,0.52,0.13,0.51,0.16,0.21,0.05,0.12,0.01,0.14,0.1,0.03,0.03,0.47,0.41,0.03,0.11,0.18,0.11,0.31,0.04,0.05,0.15,0.45,0.35,0.08,0.08,0.45,0.08,0.46,0.09,0.01,0.03,0.11,0.08,0.04,0.04,0.15,0.1,0.05,0.57,0.75,0.1,0.15,0.04,0.27,0.07,0.11,0.09,0.19,0.15,0.24,0.21,0.12,0.18,0.15,0.12,0.05,0.18,0.2,0.15,0.18,0.14,0.01,0.17,0.11,0.13,0.11,0.17,0.11,0.16,0.18,0,0.18,0.13,0,0.13,0.14,0.15,0.2,0.19,0.17,0.11,0,0.13,0.14,0.11,0.11,0.17,0.15,0.19,0.19,0.17,0.19,0.07,0.13,0.25,0.18,0.19,0.1,0.19,0.17,0.16,0.07,0.19,0.25,0.14,0.14,0.17,0.22,0.21,NA,0.27,0.25,0.24,0.18,0.18,0.22,0.18,0.22,0.23,0.16,0.17,0.23,0.12,0.14,0.19,0.22,0.22,0.22,0.35,0.18,0.21,0.19,0.15,0.18,0.17,0.11,0.15,0.13,0.17,0.14,0.06,0.11,0.08,0.13,0.11,0.08,0.09,0.08,0.11,0.17,0.12,0.13,0.21,0.09,0.13,0.11,0.15,0.05,0.12,0.13,0.16,0.08,0.04,0,0.07,0.16,0.05,0.11,0.17,0.11,0.13,0.15,0.13,0.02,0.16,0.12,0.12,0.06,0.14,0.13,0.25,0.14,0.04,0.09,0.04,0.14,0.13,0.1,0.07,0.07,0.11,0.1,0.25,0.1,0.11,0.15,0.11,0.15,0.16,0.12,0,0.1,0.09,0.14,0.13,0.09,0,0.03,0.02,NA,0.01,0,0.02,0.12,0.11,0.14,0.13,0.1,0.1,0.08,0.04,0.07,0,0.05,0.1,0,0.07,0.01,0.01,0.02,0.02,0.02,0,0,0,0,0.06,0,0.14,0.17,0.11,0,0.14,0,0,0.17,0.01,0.1,0.2,0.11,0.07,0.17,0.04,0,0.14,0.28,0.21,0.13,0.16,0.12,0,0,0,0,0,0,0,0,0,0,0,0,0,0.1,0.03,0.02,0.04,0.05,0.01,0.09,0,0.03,0.07,0.03,0.1,0,0.06,0,0.01,0.08,0,0.08,0,1.57,0,0,0,0,0,0,0,0,0,0,0,0,0,0,0,0,0,0,0.19,0.27,0.2,0.1,0.16,0.15,0.2,0.24,0.13,0.25,0.22,0,0,0,0,0,0,0,0.12,0.7,0,0.01,0.01,0.01,0.02,0.11,0.08,0.1,0.01,0.02,0.02,0.03,0.2,0.24,0.25,0.23,0.07,0.1,0,0,0,0,0,0,0,0.9,0.01,0.17,0.11,0.07,0.01,0.06,0.12,0.1,0.03,0.02,0.05,0.04,0.06,0.03,0.05,0.31,0,0.01,0.03,0.02,0.1,0.05,0,0.09,0.08,0.04,0.08,0,0.13,0.08,0.04,0.03,0.14,0.03,0.03,0,0,0,0,0.03,0.11,0.08,0.05,0.07,0.05,0.02
20:0_perWWT,0,0,0.02,0,0,0,0,0,0,0,0,0,0,0,0,0,0,0,0,0,0,0,0,0,0,0,0,0,0,0,0,0,0,0,0,0,0,0,0,0,0,0,0,0,0,0,0,0,0,0,0.16,0,0,0,0,0,0,0,0,0,0,0,0,0,0,0,0,0,0,0,NA,0,0,0,0,0,0,NA,0,0,0,NA,0,0,0,0,0,0,0,0,0,0,0,0,0,0,0,0.02,0,0,0,0,0,0,0,0,0,0,0,0,0,0,0,0,0,0,0,0,0,0,0,0,0,0,0,0,0,0,0,0,0,0.17,0,0,0,0,0,0,0,0,0,0,0,0,0,0,0,0,0,0,0,0,0,0,0,0,0,0,0,0,0,0,0,0,0,0.44,0,0,0,0,0,0,0,0.37,0,0,0,0,0,0,0,0,0,0,0,0,0,0,0,0,0,0,0,0,0,0,0,0,0,0,0,0,0,0,0,0,0,0,0,0,0,0,0,0.11,0,0,0,0,0,0,0,0,0.11,0,0,0,0,0,0,0,0.1,0,0.06,0.01,0.1,0.08,0,0.02,0,0.34,0.28,0.47,0.47,0,1.08,0,0,0,0.24,0.17,0,0.16,0,0,0,0,0,0,0,0.07,0,0,0,0,0,0,0,0,0,0,0,0,0,0,0,0,0,0,0,0,0,0,0,NA,0,0,0,0,0,0,0,0,0,0,0,0,0,0,0,0,0,0,0,0,0,0,0,0,0,0,0,0,0,0,0,0,0,0,0,0,0,0,0,0,0,0,0,0,0,0,0,0,0,0,0,0,0,0,0,0,0,0,0,0,0,0,0,0,0,0,0,0,0,0,0,0,0,0,0,0,0,0,0,0,0,0,0,0,0,0,0,0,0,0,0,0,0,0,0,0,0,0,0,NA,0,0,0,0,0,0,0,0,0,0,0,0,0,0,0,0,0,0,0,0,0,0,0,0,0,0,0,0,0,0,0,0,0,0,0,0,0,0,0.55,0,0.38,0,0,0.45,0,0,0,0,0,0,0,0,0,0,0.58,0.47,0,0,0,0,0.24,0,0,0.34,0,0,0,0,0,0,0,0,0,0.05,0,0,0,0,0,0,0,0,0,0.62,0,0,0.41,0,0.23,0.37,0.26,0,0.12,0,0,0,0,0,0,0,0.53,0.58,0,0,0,0,0,0,0,0.52,0,0,0,0.16,0,0.12,0.53,0.1,0,0.46,0,0,0,0,0,0,0,0,0,0,0,0,0,0,0,0.57,0,0.17,0,0,0,0,0.47,0,0,0,0,0,0,0,0,0,0,0,0,0,0,0,0,0,0,0,0,0.6,0,0,0,0,0,0,0,0,0.17,0,0,0,0,0,0,0,0,0,0.08,0,0,0,0,0,0.29,0,0,0,0,0
18:5w3_perWWT,0.42,0.22,0.33,0.19,0.41,0.24,0.18,0.54,0.68,0.34,0.42,0.31,0.54,0.16,0.3,0.56,0.09,0.37,0.55,0.54,0.65,0.72,0.66,0.7,0.5,0.81,0.6,0.71,0.54,0.5,0.54,0,0.49,0.55,0.48,0.44,0.29,0.57,0.27,0.46,0.5,0.46,0.32,0.33,0.4,0.51,0.42,0.49,0.49,0.33,0,0.43,0.38,0.64,0.43,0.43,0.44,0.49,0.61,0.36,0.52,0.48,0.51,0.54,0.46,0.48,0.33,0.23,0.29,0.13,NA,0.23,0.3,0.14,0.17,0.28,0.21,NA,0.4,0.72,0.08,NA,0.4,0.26,0.33,0.73,0.75,0.75,1.16,0.4,0.58,0.04,1.15,1.09,0.82,0.93,0.67,0,0.95,0.93,0.2,0.67,1.26,0.87,0.59,0.67,0.34,1.08,0.55,0.48,0.83,0.92,0.32,0.92,0.41,0.84,0.92,0.54,0.61,0.83,1.18,0.75,0.64,0.7,0.83,1.18,0.3,0.64,0.41,0.34,0.4,0,0.28,0.39,0.36,0.31,0.4,0.57,0.61,0.48,0.27,0.32,0.3,0.39,0.52,0.48,0.58,0.48,0.56,0.09,0.57,0.42,0.66,0.34,0.38,0.6,0.31,0.39,0.29,0.41,0.37,0.46,0.59,0.52,0.45,0,0.42,0.47,0.67,0.25,0.11,0.44,0.47,0,0.33,0.48,0.36,0.23,0.67,0.34,0.04,0.36,0.4,0.45,0.27,0.61,0.3,0.5,0.17,0.18,0.38,0.39,0.38,0.29,0.5,0.39,0.4,0.41,0.39,0.5,0.25,0.46,0.37,0.47,0.23,0.29,0.56,0.43,0.55,0.51,0.3,0.57,0.61,0.58,0.59,0.35,0.22,0.45,0.62,0.54,0.41,0.46,0.39,0.57,0.61,0.46,0.56,0.48,0.44,0.15,0.64,0.65,0.5,0.66,0.56,0.56,0.57,0.65,0.57,0,0,0,0,0.53,0,0.54,0.58,0.58,0,0.56,0.54,0.4,0.49,0.6,0.55,0.47,0.55,0.53,0.66,0.46,0.18,0.59,0.89,0.72,0.82,0.55,0.24,0.5,0.41,0.56,0.27,0.28,0.62,0.42,0.61,0.29,0.37,0.8,0.46,0.43,0.64,0.63,0.86,NA,0.86,0.96,0.9,0.81,0.6,0.92,1.02,0.55,0.73,0.32,0.91,0.64,0.37,0.35,0.65,0.78,1.06,1.02,1.07,1.03,0.88,0.51,0.26,0.35,0.77,0.27,0.44,0.32,0.64,0.46,0.35,0.73,0.15,0,0,0,0,0,0,0,0,0,0,0.69,0,0,0,0,0,0.59,0,0.66,0.37,0.02,0.76,0,0.26,0.84,0.59,0.58,0,0.51,0.17,0.03,0.87,0,0,0.45,0,0.28,1.81,0,0.35,0.59,1.06,0,0.37,0,0,0,0.36,0.45,0,0,0,0.11,0.22,0.05,0,0.13,0.41,1.01,0.36,0.4,0.1,0.6,0.45,0.23,0.24,NA,0.17,0.47,0.11,0.52,0.13,0.69,0.15,0.06,0.03,0.02,0.22,0,0,0,0,0.42,0,0.09,0.19,0.08,0,0.08,0.29,0.53,0.65,0.44,0.05,0.8,0.39,0.3,0.24,0.2,0.22,0,0,0,0.04,0.19,0.37,0.11,0.05,0.25,0.33,0.34,0.24,0.78,0.36,0.34,0.95,0.1,0.69,0,0.15,0,0,0,0,0.03,0,0.01,0,0.11,0,0,0,0,0,0,0,0,0,0,0,0,0,0,0.11,0,0,0,0,0,0,0,0,0.01,0.02,0.01,0,0.03,0,0,0,0,0,0,0,0,0,0,0.01,0,0,0,0,0,0,0,0,0,0,0,0,0,0,0,0,0,0,0,0,0,0,0,0,0,0,0,0,0,0,0,0,0,0,0,0,0,0,0,0,0,0,0,0,0.01,0,0,0,0,0,0,0,0,0,0,0,0,0,0,0,0,0,0,0,0,0,0,0,0,0,0,0,0,0,0,0,0,0,0,0,0,0,0,0,0,0,0,0,0,0,0,0,0
20:1w11?_perWWT,7.05,4.06,16.51,2.09,8,2.68,1.75,1.9,0.77,5.14,5.2,4.54,1.94,0.57,3.03,5.75,0.92,3.56,15.3,7.23,12.23,12.47,8.91,15.84,6.68,2.19,2.28,2.31,3.38,3.25,3.38,4.17,2.68,2.3,2.14,0.91,1.92,1.98,1.82,2.83,2.6,2.49,2.3,3.49,2.33,3.33,2.34,2.66,3.28,1.86,1.54,2.07,1.8,2.69,2.12,2.74,2.47,2.76,2.37,2.97,2.57,3.39,2.38,2.26,3.42,1.96,2.2,1.96,1.35,0.16,NA,2.46,0.77,0.23,2.04,1.52,1.77,NA,2.26,0.82,1.13,NA,1.22,0.2,0.13,0.89,1.06,0.12,3.04,1.04,2.78,0.13,1.35,0.93,0.2,0.89,0.37,0.13,1.62,1.67,0.98,1.21,1.2,1.44,0.56,11.32,4.2,1.63,2.5,2.34,2.03,2.8,0.35,2.48,2.79,2.41,3.71,2.57,3.47,3.17,3.21,2.97,3.31,2.45,0,1.84,2.05,3.15,2.57,2.57,3.16,1.91,1.84,2.54,2.84,2.93,2.07,3.53,2.89,3.06,1.46,1.8,0.93,1.16,2.93,2.37,2.3,2.37,2.06,0.06,1.7,2.06,1.88,1.18,1.73,1.08,2.99,1.15,1.97,1.57,0.77,2.06,2.46,1.94,2.18,2.34,1.5,6.81,2.06,0.57,0.57,1.68,3.57,2.73,2.2,2.27,5.47,1.5,1.31,1.95,0.13,0.61,2.81,1.05,0.58,1.78,1.93,0.73,0.78,1.16,0.62,2.93,1.34,0.98,3.06,2.48,2.38,1.63,1.93,2.32,5.2,9.94,4.72,0.62,3.6,3.94,3.93,6.73,5.33,6.73,6.67,2.31,7.1,12.25,8.17,6.2,2.72,6.01,3.44,3.96,11.15,8.67,7.29,8.66,6.23,3.96,10.39,9.58,7.61,3.59,11.3,11.82,10.72,13.44,11.27,6.92,11.95,5.91,11.2,4.42,2.3,6.09,2.26,3.53,14.56,9.27,15.31,14.3,1.58,9.42,3.32,7.45,1.96,14.68,5.67,8.2,3.72,3.28,4.38,12.94,1.57,2.69,2.5,2.54,3.76,2.76,2.65,2.52,1.42,2.54,2.63,0.87,3.76,3.72,2.9,2.15,2.41,2.83,2.33,1.99,3.67,2.76,2.99,NA,4.99,2.84,3.44,2.99,2.81,4.63,1.34,3.94,4.41,2.68,1.98,1.98,3.24,4.88,2.7,2.84,3.66,6.79,6.07,2.79,3.56,3.3,1.66,1.55,2.24,0.89,2.61,2.36,2.16,2.06,0.71,4.12,1.35,1.76,2.44,2.5,5.24,2.64,2.2,7.02,3.11,4.09,3.27,1.82,3.38,1.99,4.36,5.34,4.87,2.72,6.45,1.54,1.1,0,1.56,5.07,1.01,3.4,1.5,2.11,3.96,1.65,3.82,0.07,3.89,4.91,4.39,1.87,5.16,3.64,10.19,4.11,0.67,1.08,1.15,5.82,4.81,1.86,2.41,4.98,2.72,2.74,5.66,2.84,2.7,3.46,2.67,3.66,3,2.2,3.29,9.54,1.97,1.9,2.81,9.11,2.91,0.52,0.33,NA,0.22,2.73,0.3,3.06,1.94,5.76,1.73,1.75,1.56,0.71,0.58,1.07,4.32,1.3,2.14,4.8,2.73,0.39,0.31,0.17,0.39,0.29,2.03,3.7,3.35,2.74,1.53,3.57,2.62,3.64,2.31,2.6,2.69,4.01,1.85,3.17,0.1,2.1,8.9,2.69,4.6,3.01,6.52,11.09,2.46,4.18,3.95,2.38,3.44,1.81,3.24,2.84,4.02,0.38,4.2,2.89,1.09,2.29,0.81,2.24,1.92,2.15,3.51,3.34,1.04,0.8,1.01,1.14,0.27,3.83,0.89,1.12,1.09,1.13,2.95,1.35,2.1,3.98,0.97,2.97,2.68,2.16,4.86,1.68,2.52,1.89,1.98,2.33,3.17,0.88,2.77,2.13,2.47,3.4,3.12,2.28,2.11,3.2,4.13,2.5,2.22,2.69,1.93,2.82,4.01,1.7,2.27,3.12,4,4.35,2.71,3.35,3.63,3.04,2.13,2.04,6.25,1.97,3.08,5.23,2.24,2.55,1.92,0.08,0.16,0.09,0.15,1.77,1.39,2.11,0.07,0.22,0.14,0.21,2.61,3.44,2.86,2.09,0.89,1.69,3.36,2.26,2.75,2.69,2.83,1.69,2.13,3.5,0.38,2.43,1.58,1.37,0.13,1.15,2.28,1.87,0.66,0.81,1.21,1.09,1.14,0.62,0.74,1.19,0.2,0.07,0.73,0.91,2.8,1.33,0.07,1.68,1.45,0.76,2.02,1.7,3.46,2.62,0.96,0.46,0.84,0.67,0.8,0.04,0.14,0.09,0.15,0.83,3.34,1.45,1.03,1.54,1.08,0.53
20:1w9_perWWT,3.13,1.98,2.45,1.01,3.16,1.35,1.01,0.93,0.4,2.89,3.52,2.08,0.77,0.3,2.72,5.17,0.91,1.71,3.3,3.37,4.38,4.95,3.6,5.05,2.73,1.39,1.47,1.76,1.67,1.52,2.18,1.13,1.31,1,1.41,0.52,0.64,1.37,1.44,1.46,1.45,0.91,1.14,2.6,1.13,2.33,1.51,2.29,2.21,1.11,1.22,1,1.26,3.34,0.87,1.48,1.46,1.47,1.55,2.58,3.51,3.21,0.96,0.95,3.37,1.12,2.08,1.39,1.1,0.13,NA,0.81,0.41,0.11,0.52,0.38,0.6,NA,1.2,0.46,0.85,NA,1.22,0.17,0.14,0.79,1.22,0.18,0.54,0.55,1.3,0.07,0.72,0.68,0.18,1.08,0.43,0.08,1.02,1.7,0.63,1.25,0.8,0.68,0.26,4.95,2.34,2.13,2.36,2.26,3.04,3.21,0.18,2.5,0.46,1.85,2.84,1.47,1.85,1.65,1.74,2.01,0.31,0.38,2.78,0.64,0.14,2.03,0.91,1.19,1.12,0.71,0.93,1.01,0.81,1.15,0.8,1.74,1.36,1.52,0.28,0.96,0.36,0.58,2.37,1.16,1.04,0.97,1.03,0.07,0.71,1.09,1.05,0.76,0.77,0.59,1.39,0.9,1.23,0.78,0.26,1.25,1.07,1.42,0.72,1.29,1.13,3.14,1.06,0.31,0.28,1.53,1.56,1.4,1.72,1.25,2.6,0.9,0.84,0.52,0.1,0.26,1.5,0.58,0.16,0.85,0.75,0.37,0.32,0.61,0.31,0.65,0.78,0.59,1.67,0.97,1.41,1.39,1.13,1.26,2.26,3.82,1.67,0.24,0.91,1.64,1.59,2.96,2.15,3.34,2.3,0.56,3.93,4.1,2.47,2.97,0.87,2.21,0.85,1.3,3.51,3.26,4.05,3.22,3.48,1.42,4.45,3.02,4.21,0.75,4.44,3.86,3.55,4.53,3.14,3.39,3.96,1.77,3.42,1.44,1.63,1.59,1.41,1.67,14.73,4.05,3.78,3.45,0.91,1.75,1.67,2.32,1.36,4.55,1.84,3.16,1.74,2.2,1.64,3.74,0.99,0.43,1.5,1.38,2.67,1.76,1.76,1.14,0.18,1.55,1.35,0.48,1.78,2.11,1.65,1.42,1.3,1.61,1.27,1.21,2.07,0.19,0.3,NA,1.86,0.39,0.24,0.46,0.32,0.27,0.2,1.51,1.42,0.33,0.19,0.29,3.57,2.39,2.01,0.24,0,0,0,0.31,0.25,0.99,1.16,0.29,1.16,0,1.4,0,0.2,1.43,0.31,1.33,0,0.19,1.67,0,0,0,0,0,0,0,0,0.94,0,1.28,0,0,0,1.24,0,0.69,0,0.1,0,0,0.67,1.8,0,1.84,0,0.94,0,0.1,0,0,0,0,0,0,0,3.38,0,0.7,1.37,0,0,1.15,0,0,0,0,0,0,0,1.64,1.04,1.51,1.43,1.05,0.73,2.74,1.08,0.97,1.26,2.81,0.77,0.21,0.28,NA,0.09,1.13,0.09,1.42,0.5,2.21,0.65,0.4,0.38,0.3,0.11,0.34,1.55,0.42,0.72,1.24,0.78,0.14,0.08,0.09,0.21,0.09,0.78,1.32,1.51,0.91,0.56,1.15,1.09,1.88,0.38,0.95,0.59,1.76,0.64,1.44,0.08,0.56,3.51,1.33,2.03,1.13,1.64,4.28,0.43,1.64,1.7,1.34,1.62,1.08,1.48,2.31,3.51,0.49,4.2,2.2,0.51,1.81,0.62,1.58,1.49,1.56,1.53,1.86,0.52,0.39,0.48,0.79,0.2,3.06,0.53,0.51,0.7,0.53,1.38,0.56,0.85,1.71,0.37,1.21,0.99,0.99,1.85,2.04,2.23,1.73,1.98,2.16,1.67,1.8,1.3,1.06,1.03,1.51,1.5,0.97,0.94,1.94,2.23,1.77,2.93,3.44,0.73,1.44,2,0.81,1.06,1.52,1.99,2.16,1.1,1.17,1.65,1.37,0.71,0.9,3.4,0.72,1.6,1.93,0.98,1,0.88,0.05,0.14,0.05,0.08,0.72,0.65,0.85,0.06,0.17,0.12,0.12,1.33,2.05,1.49,1.26,0.43,0.72,1.6,1.77,1.79,1.73,2.19,1.96,1.69,2.09,0.16,1.26,0.7,0.73,0.07,0.64,1.27,1,0.09,0.22,0.37,0.31,0.65,0.27,0.35,0.96,0.11,0.05,0.35,0.31,1.11,0.6,0.01,0.42,0.42,0.29,0.91,0.68,1.22,1.15,0.31,0.17,0.29,0.36,0.1,0.04,0.04,0.03,0.11,0.36,3.55,0.56,0.53,0.54,0.35,0.24
20:1w7?_perWWT,10.33,4.79,0.32,0.94,6.63,3.1,3.81,5.2,1.72,4.7,5.62,4.51,2.49,1.08,6.33,12.76,1.57,4.36,3.3,10.49,11.42,13.34,12.17,12.95,8.62,5.41,5.68,5.64,7.87,7.32,7.41,8.51,6.81,3.96,5.06,2.16,4.49,4.46,3.36,5.8,7,4.37,4.81,8.06,4.61,7.92,5.18,6,7.49,4.56,3.72,4.77,3.52,8.09,4.53,6.39,6,6.03,5.91,7.88,6.71,8.83,4.51,4.36,8.43,4.33,3.91,3.35,2.56,0.22,NA,4.87,1.9,0.35,3.97,3.6,4.28,NA,5.11,1.17,2.12,NA,2.07,0.23,0.13,1.41,2.04,0.15,0,2.38,5.32,0.2,2.38,2.16,0.18,2.01,1.08,0.2,3.63,4.5,2.15,3.44,1.99,3.23,0.78,20.83,11.36,4.82,5.64,5.08,6.24,6.99,0.62,6.03,6.51,5.09,7.45,4.94,7.1,6.23,5.56,5.47,6.2,5.49,0,3.33,3.57,4.14,2.66,4.6,2.45,3.42,2.15,2.83,2.95,5.54,3.83,5.65,3.25,3.74,2.88,3.48,1.14,2.17,7.39,5.06,3.63,4.24,3.61,0.11,2.19,3.31,4.58,2.1,2.46,2.11,5.64,2.47,4.27,2.97,1.06,4.36,3.37,4.2,2.59,4.18,3.38,7.92,3.81,1.13,0.77,4.73,6.97,4.72,5.42,4.06,6.47,2.84,2.17,4.81,0.24,1.03,5.09,1.48,0.53,3.03,2.74,0.72,0.87,1.78,0.96,7.06,2.99,1.87,7.68,3.5,6.59,4.32,5.16,4.08,4.31,12.28,5.93,0.39,1.23,5.49,5.48,10.73,7.48,11.25,4.66,2.43,8.96,13.23,7.44,7.05,3.39,9.01,3.35,5.62,5.37,9.64,12.61,14.24,12.99,5.08,14.02,13.91,0,2.59,16.63,14.47,14.62,10.19,8.68,9.73,12.13,5.72,12.86,5.36,4.83,4.73,5.39,5.39,0.39,17.05,10.14,15.76,2.24,5.61,5.39,9.54,4.72,11.33,5.6,9.83,5.67,6.49,4.47,10.92,4.31,7.37,6.37,6.71,8.67,6.84,6.39,5.1,4.09,6.32,3.88,1.34,8.74,7.53,7.05,4.89,5.71,7.22,5.05,5.44,8.77,7.3,8.32,NA,10.24,8.56,8.4,9.02,7.68,11.75,4.23,8.27,9.34,6.71,5.24,11,8.99,10.69,6.44,6.79,7.27,11.52,10.93,7.68,9.22,6.1,4.53,4.48,5.72,2.86,6.09,4.98,5.98,5.42,1.66,6.48,2.05,6.4,5.96,4.23,6.15,3.45,3.33,9.83,6,4.45,6.93,4.53,4.65,4.76,7.31,7.35,6.33,5.33,10.53,2.15,1.61,0.09,1.97,5.48,1.16,6.66,7.43,6.18,4.6,4.13,5.68,0.07,6.56,5.66,6.45,2.87,7.09,3.17,11.57,9.4,0.58,2.06,2.86,7.76,2.97,3.44,3.08,4.19,3.84,3.43,5.69,3.5,3.42,8.93,5.11,7.33,6.74,5.71,8.41,1.78,4.3,4.77,5.59,1.51,8.03,0.9,0.77,NA,0.38,6.86,0.26,6.01,3.2,11.73,4.06,2.89,2.45,1.39,1.13,1.97,9.57,1.97,3.78,14.68,2.38,0.55,0.25,0.23,0.75,0.37,4.42,8.83,7,6.47,3.16,8.55,5.99,9.53,5.54,6.42,7.79,9.79,4.28,6.68,0.15,5.36,5.57,1.87,2.7,4.97,0.63,1.82,4.87,7.74,9.16,3.83,6.16,2.87,3.76,5.85,6.81,1.07,7.42,6.47,1.71,4.66,1.9,4.68,3.98,4.25,2.34,4.29,0.67,0.43,0.85,1.19,0.46,3.82,0.72,0.56,1.76,0.88,4.28,1.17,2.7,5.64,0.54,3.58,2.12,3.09,4.47,3.88,5.38,4.36,4.38,5.13,4.17,3.34,5.74,4.81,5.13,6.09,6.48,5.32,5.53,5.53,6.93,7.08,6.79,8.32,4.29,6.45,8.57,4.03,5.31,6.84,8.16,10.3,5.48,7.43,8.26,3.13,2.9,3.35,7.88,2.66,4.85,5.74,3.64,3.95,2.85,0.15,0.41,0.21,0.27,3.48,2.73,4.4,0,0.43,0.25,0.42,5.16,7.04,5.94,4.45,1.99,3.75,4.85,5.04,5.81,4.58,6.45,4.79,4.74,4.6,0.45,5.16,3.29,2.19,0.2,1.9,3.61,3.23,0.97,0.88,1.45,1.39,1.65,0.77,0.91,1.75,0.22,0.1,1.06,0.97,4.11,2.08,0.04,3.76,2.34,1.3,3.63,2.29,5.31,3.73,1.43,0.57,1.26,0.85,1.3,0.07,0.09,0.05,0.19,1.57,4.23,2.68,1.69,2.58,1.65,0.88
20:2a?_perWWT,0,0,0,0,0,0,0,0,0,0,0,0,0,0,0,0,0,0,0,0,0,0,0,0,0,0,0,0,0,0,0,0,0,0,0,0,0,0,0,0,0,0,0,0,0,0,0,0,0,0,0,0,0,0,0,0,0,0,0,0,0,0,0,0,0,0,0,0,0,0,NA,0,0,0,0,0,0,NA,0,0,0,NA,0,0,0,0,0,0,0,0,0,0,0,0,0,0,0,0,0,0,0,0,0,0,0,0,0,0,0,0,0,0,0,0,0,0,0,0,0,0,0,0,0,0,0,0,0,0,0,0,0,0,0,0,0,0,0,0,0,0,0,0,0,0,0,0,0,0,0,0,0,0,0,0,0,0,0,0,0,0,0,0,0,0,0,0,0,0,0,0,0,0,0,0,0,0,0,0,0,0,0,0,0,0,0,0,0,0,0,0,0,0,0,0,0,0,0,0,0,0,0,0,0,0,0,0,0,0,0,0,0,0,0,0,0,0,0,0,0,0,0,1.56,0,0,0,0.41,0,0,1.76,0.2,0,0,0,0,0,0,0,0,0,0,0.23,0,0.21,0,0,0,0,0,0.12,0,0,0,0.56,0,0.55,0,0.64,0,0,0,0,0,0,0,0,0,0,0,0,0,0,0,0,0,0,0,0,0,0,0,0,0,0,NA,0,0,0,0,0,0,0,0,0,0,0,0,0,0,0,0,0,0,0,0,0,0,0,0,0,0,0,0,0,0,0,0,0,0,0,0,0,0,0,0,0,0,0,0,0,0,0,0,0,0,0,0,0,0,0,0,0,0,0,0,0,0,0,0,0,0,0,0,0,0,0,0,0,0,0,0,0,0,0,0,0,0,0,0,0,0,0,0,0,0,0,0,0,0,0,0,0,0,0,NA,0,0,0,0,0,0,0,0,0,0,0,0,0,0,0,0,0,0,0,0,0,0,0,0,0,0,0,0,0,0,0,0,0,0,0,0,0,0,0,0,0,0,0,0,0,0,0,0,0,0,0,0,0,0,0,0,0,0,0,0,0,0,0,0,0,0,0,0,0,0,0,0,0,0,0,0,0,0,0,0,0,0,0,0,0,0,0,0,0,0,0,0,0,0,0,0,0,0,0,0,0,0,0,0,0,0,0,0,0,0,0,0,0,0,0,0,0,0,0,0,0,0,0,0,0,0,0,0,0,0,0,0,0,0,0,0,0,0,0,0,0,0,0,0,0,0,0,0,0,0,0,0,0,0,0,0,0,0,0,0,0,0,0,0,0,0,0,0,0,0,0,0,0,0,0,0,0,0,0,0,0,0,0,0,0,0,0,0,0,0,0,0,0,0
20:2b?_perWWT,0,0,0,0,0,0,0,0,0,0,0,0,0,0,0,0,0,0,0,0,0,0,0,0,0,0,0,0,0,0,0,0,0,0,0,0,0,0,0,0,0,0,0,0,0,0,0,0,0,0,0,0,0,0,0,0,0,0,0,0,0,0,0,0,0,0,0,0,0,0,NA,0,0,0,0,0,0,NA,0,0,0,NA,0,0,0,0,0,0,0,0,0,0,0,0,0,0,0,0,0,0,0,0,0,0,0,2.32,0,0,0,0,0,0,0,0,0,0,0,0,0,0,0,0,0,0,0,0,0,0,0,0,0,0,0,0,0,0,0,0,0,0,0,0,0,0,0,0,0,0,0,0,0,0,0,0,0,0,0,0,0,0,0,0,0,0,0,0,0,0,0,0,0,0,0,0,0,0,0,0,0,0,0,0,0,0,0,0,0,0,0,0,0,0,0,0,0,0,0,0,0,0,0,0,0,0,0,0,0,0,0,0,0,0,0,0,0,0,0,0,0,0,0,0,1.29,1.39,1.36,0,1.43,1.29,0,0,1.36,1.76,1.71,1.86,1.54,1.15,1.55,0.5,1.59,0,0,0,0,0,0,1.9,1.17,1.61,0,0.43,0.61,0.75,0,1.84,0,1.09,0,0.77,0.51,1.36,0.46,0.71,0.58,0.64,0.94,0.58,0.62,0.51,0.35,0.59,0.55,0.33,0.82,0.61,0.65,0.6,0.59,0.71,0.62,0.56,0.77,0.5,0.62,NA,0.74,0.53,0.56,0.66,0.58,0.76,0.39,0.81,0.82,0.68,0.58,0.67,0.9,1.1,0.7,0.47,0.48,0.81,0.74,0.53,0.61,0.63,0.5,0.69,0.61,0.27,0.85,0.39,0.5,0.64,0.25,0.68,0.47,0.56,0.72,0.47,0.77,0.42,0.44,1.02,0.62,0.68,0.49,0.7,0.58,0.55,0.54,0.51,0.55,0.46,0.47,0.39,0.35,0.13,0.14,0.48,0.26,0,0.67,0.66,0.53,0.41,0.26,0.09,0.51,0.52,0.42,0.23,0,0.22,0.85,1.01,0.18,0.24,0.52,0.75,0.52,0.64,0.38,0.77,0.48,0.5,0.72,0.19,0.5,0,0,0,0,0,0,0,0,0,0,0,0,0,0,NA,0,0,0,0,0,0,0,0,0,0,0,0,0,0,0,0,0,0,0,0,0,0,0,0,0,0,0,0,0,0,0,0,0,0,0,0,0,0,0,0,0,0,0,0,0,0,0,0,0,0,0,0,0,0,0,0,0,0,0,0,0,0,0,0,0,0,0,0,0,0,0,0,0,0,0,0,0,0,0,0,0,0,0,0,0,0,0,0,0,0,0,0,0,0,0,0,0,0,0,0,0,0,0,0,0,0,0,0,0,0,0,0,0,0,0,0,0,0,0,0,0,0,0,0.04,0,0,0.07,0,0,0,0,0,0.09,0,0,0,0,0,0,0,0,0,0,0,0,0,0,0,0,0,0,0,0,0,0,0,0,0,0,0,0,0,0,0,0,0,0,0,0,0,0,0,0,0,0,0,0,0,0,0,0,0,0,0,0,0,0,0,0,0,0,0,0,0
20:2w6_perWWT,1.24,0.88,0.19,0.47,1.15,1,0.6,0.4,0.18,0.82,1.19,0.75,0.26,0.1,1.19,1.1,0.28,0.84,1.38,1.46,1.69,2.14,1.8,1.85,1.06,0.53,0.56,0.58,0.54,0.55,0.69,0.59,0.54,0.31,0.44,0.32,0.32,0.38,0.35,0.41,0.62,0.31,0.33,0.61,0.4,0.73,0.49,0.64,0.63,0.33,0.3,0.37,0.37,0.68,0.39,0.5,0.46,0.36,0.45,0.7,0.65,0.71,0.41,0.31,0.76,0.37,0.46,0.38,0.37,0.08,NA,0.3,0.18,0.07,0.31,0.24,0.31,NA,0.37,0.23,0.26,NA,0.36,0.08,0.06,0.26,0.26,0.1,0.43,0.22,0.54,0.05,0.3,0.29,0.09,0.29,0.15,0.06,0.41,0.44,0.34,0.48,0.32,0.22,0.13,0,0.78,0.75,0.76,0.67,0.69,0.82,0.15,0.79,0.31,0.54,0.75,0.43,0.6,0.48,0.58,0.56,0.23,0.26,0.71,0.34,0.13,0.43,0.24,0.3,0.28,0.18,0.25,0.38,0.19,0.28,0.21,0.39,0.27,0.36,0.33,0.54,0.31,0.36,0.75,0.51,0.64,0.55,0.45,0.12,0.44,0.53,0.74,0.34,0.47,0.32,0.63,0.29,0.49,0.42,0.22,0.48,0.52,0.47,0.5,0.58,0.4,1.12,0.59,0.33,0.2,0.5,0.51,0.5,0.91,0.55,1.06,0.61,0.63,0.75,0.15,0.18,0.52,0.3,0.13,0.34,0.29,0.19,0.2,0.47,0.22,0.53,0.49,0.36,0.76,0.44,0.54,0.58,0.59,0.55,0.91,1.28,0.54,0.22,0.3,0.5,0.42,1.3,0.54,1.03,0.97,0.19,1.49,1.49,0.65,1.31,0.53,0.82,0.25,0.4,0.93,0.05,0,0,0,0,0,0,0,0,0,0,0,0,0,0,0,0,0,0.38,0.62,0.41,0.6,0.56,0,0,0,0,0.33,0,0,0,0,0,0,0,0,0,0,0,0,0,0,0,0,0,0,0,0,0,0,0,0,0,0,0,0,0,0,0,0,0,0,NA,0,0,0,0,0,0,0,0,0,0,0,0,0,0,0,0,0,0,0,0,0,0,0,0,0,0,0,0,0,0,0,0,0,0,0,0,0,0,0,0,0,0,0,0,0,0,0,0,0,0,0,0,0,0,0,0,0,0.72,0,0,0,0,0,0,0,0,0,0,0.7,0,0,0,0,0,0,0,0,0,0,0,0,0,0,0,0,0.75,0.42,0.62,0.62,0.49,0.54,0.73,0.39,0.4,0.49,0.66,0.61,0.16,0.11,NA,0.07,0.47,0.06,0.71,0.44,1.03,0.45,0.43,0.37,0.36,0.25,0.42,0.87,0.23,0.41,1.06,0.3,0.1,0.05,0.06,0.13,0.05,0.29,0.58,0.5,0.36,0.32,0.47,0.52,0.62,0.46,0.33,0.44,0.69,0.32,0.44,0.05,0.39,1.36,0.58,0.87,0.37,0.38,0.65,0.3,0.59,0.63,0.39,0.54,0.39,0.33,0.49,0.83,0.11,0.52,0.46,0.2,0.48,0.21,0.45,0.31,0.35,0.36,0.59,0.17,0.13,0.16,0.27,0.1,0.66,0.23,0.18,0.23,0.15,0.49,0.23,0.3,0.59,0.12,0.42,0.26,0.4,0.7,0.34,0.58,0.24,0.41,0.5,0.35,0.26,0.52,0.36,0.39,0.5,0.67,0.4,0.41,0.73,0.62,0.5,0.51,0.47,0.28,0.4,0.62,0.28,0.32,0.47,0.58,0.68,0.38,0.55,0.56,0.55,0.22,0.36,0.79,0.26,0.47,0.55,0.38,0.4,0.32,0,0.07,0.04,0,0.3,0.29,0.36,0.04,0.1,0,0.11,1.49,2.2,1.72,1.4,0.59,0.34,0.28,0.25,0.48,0.43,0.45,0.3,0.32,0.38,0.08,0.45,0.24,0.54,0.07,0.45,0.84,0.95,0.12,0.15,0.22,0.18,0.42,0.16,0.21,0.56,0.07,0.07,0.2,0.16,0.59,0.32,0,0.33,0.22,0.11,0.29,0.32,0.54,0.51,0.17,0.16,0.17,0.11,0.16,0.03,0.03,0.03,0.09,0.18,1.27,0.2,0.19,0.25,0.17,0.11
20:3w6_perWWT,0,0,0,0,0,0,0,0,0,0,0,0,0,0,0,0,0,0,0,0,0,0,0,0,0,0,0,0,0,0,0,0,0,0,0,0,0,0,0.09,0,0,0,0,0,0,0,0,0,0.21,0,0,0,0,0,0,0,0,0,0,0,0,0.24,0,0,0,0,0,0,0,0,NA,0,0,0,0,0,0,NA,0,0,0,NA,0,0,0,0,0.04,0,0.12,0,0.07,0,0,0.05,0,0,0,0,0,0.11,0,0,0.03,0,0,0.44,0.28,0,0,0,0,0.26,0,0,0,0,0,0.12,0,0,0,0.13,0,0,0.15,0,0,0.14,0,0,0,0,0,0,0,0,0,0.11,0,0,0,0,0,0,0.11,0,0,0,0.07,0,0,0,0.09,0,0,0,0.08,0,0,0.06,0,0.07,0,0.08,0.07,0.09,0.06,0.16,0.07,0,0.02,0.07,0.08,0,0.13,0.07,0.16,0.05,0,0,0,0.02,0.08,0.03,0.02,0.05,0.06,0.02,0.02,0,0,0.1,0.05,0,0.1,0,0.1,0.05,0.07,0.08,0.11,0.23,0.12,0.01,0.03,0.09,0.07,0.2,0.09,0.19,0.16,0.03,0.2,0.28,0.11,0.18,0.05,0.17,0.05,0.07,0.13,0.17,0.17,0.27,0.22,0.07,0.29,0.22,0.23,0.04,0.35,0.28,0.26,0.19,0.17,0.17,0.19,0.09,0.29,0.1,0.15,0.09,0.14,0.11,0.28,0.36,0.21,0.32,0.06,0.08,0.11,0.16,0.12,0.22,0.1,0.22,0.1,0.16,0.08,0.25,0.09,0.19,0.14,0.15,0.25,0.14,0.18,0.17,0.08,0.11,0.13,0.09,0.21,0.18,0.13,0.15,0.11,0.17,0.16,0.12,0.25,0.11,0.11,NA,0.16,0.12,0.11,0.15,0.14,0.15,0.07,0.21,0.18,0.18,0.1,0.12,0.3,0.36,0.13,0.1,0.09,0.16,0.15,0.08,0.09,0.06,0.09,0.1,0.1,0.05,0.13,0.07,0.1,0.09,0.03,0.11,0.05,0.09,0.13,0.06,0.12,0.08,0.06,0.19,0.12,0.13,0.1,0.08,0.09,0.09,0.16,0.14,0.1,0.09,0,0.06,0.03,0.02,0.05,0.11,0.04,0.1,0.12,0.1,0.09,0.13,0.08,0.01,0.16,0.11,0,0.07,0,0.09,0,0.15,0.04,0.03,0.04,0.16,0.09,0.08,0.06,0.11,0.08,0.1,0.17,0.09,0.04,0,0,0,0,0,0,0,0,0,0,0,0,0,0,NA,0,0,0,0,0,0,0,0,0,0,0,0,0,0,0,0,0,0,0,0,0,0,0,0,0,0,0,0,0,0,0,0,0,0,0,0,0,0,0,0,0,0,0,0,0,0,0,0,0,0,0,0,0,0,0,0,0,0,0,0,0,0,0,0,0,0,0,0,0,0,0,0,0,0,0,0,0,0,0,0,0,0,0,0,0,0,0,0,0,0,0,0,0,0,0,0,0,0,0,0,0,0,0,0,0,0,0,0,0,0,0,0,0,0,0,0,0,0,0,0,0,0,0,0,0,0,0,0,0,0,0,0,0,0,0,0,0,0,0,0,0,0,0,0,0,0,0,0,0,0,0,0,0,0,0,0,0,0,0,0,0,0,0,0,0,0,0,0,0,0,0,0,0,0,0,0,0,0,0,0,0,0,0,0,0,0,0,0,0,0,0,0,0,0
21:0_perWWT,0.07,0.04,0.02,0.02,0.05,0,0.02,0.02,0.01,0.04,0.04,0.03,0.01,0,0.05,0.06,0,0.04,0.08,0.06,0.08,0.08,0.07,0.09,0.06,0.03,0.03,0.03,0.03,0.03,0.03,0.03,0.02,0.03,0.02,0.01,0.01,0.02,0.02,0.02,0.03,0.01,0.02,0.03,0.02,0.03,0.02,0.03,0.04,0.01,0.02,0.03,0.02,0.05,0.02,0.02,0.03,0.03,0.02,0.04,0.04,0.04,0,0.02,0.03,0,0.03,0,0.01,0,NA,0.02,0,0,0,0,0,NA,0.02,0.01,0.02,NA,0.02,0,0,0.01,0.01,0,0.02,0.01,0.02,0,0.01,0.01,0,0.02,0.01,0,0.02,0.02,0.02,0.03,0.02,0.01,0,0.08,0.04,0.03,0.04,0.03,0.04,0.05,0.01,0.03,0.01,0.03,0.05,0.02,0.04,0.03,0.03,0.04,0,0,0.04,0.02,0,0.02,0.01,0.02,0.02,0,0,0.02,0.01,0.02,0.01,0.03,0.02,0.03,0.02,0.03,0.01,0.01,0.07,0.03,0.03,0.03,0.05,0,0.02,0.04,0.03,0.04,0.02,0.02,0.03,0.04,0.03,0.03,0.02,0.03,0.05,0.05,0.03,0.09,0.07,0.1,0.02,0.01,0.01,0.02,0.03,0.03,0.03,0.03,0.04,0.03,0.02,0.03,0,0.01,0.04,0.02,0.01,0.04,0,0.01,0,0.02,0.01,0.02,0.02,0.02,0.03,0.03,0.03,0.02,0.03,0.05,0.03,0.06,0.02,0.01,0.02,0.02,0.02,0.06,0.03,0.06,0.05,0.02,0.1,0.07,0.03,0.06,0.02,0.04,0.01,0.02,0.05,0.07,0.06,0.07,0.05,0.02,0.06,0.07,0.19,0.01,0.05,0.07,0.07,0.08,0.07,0.05,0.07,0.02,0.07,0,0.03,0.02,0.02,0.02,0,0.07,0.06,0.05,0,0.02,0.02,0.03,0.02,0.07,0.02,0.04,0,0.02,0.02,0.04,0,0.03,0,0,0.03,0.03,0.02,0.02,0,0,0.02,0.01,0.03,0.03,0.02,0.02,0.02,0.02,0.02,0.01,0.02,0.02,0.02,NA,0.03,0.02,0.02,0.03,0.03,0.03,0,0.03,0.04,0,0,0.02,0.02,0.02,0.02,0.02,0,0.03,0.03,0,0,0,0,0.02,0.02,0,0,0,0,0.02,0,0.03,0.02,0,0.02,0,0.03,0,0.01,0.04,0.02,0.04,0,0,0,0,0,0,0,0,0,0,0,0,0,0.01,0,0,0.02,0,0.03,0,0.01,0,0,0,0,0,0,0,0,0,0,0,0,0,0,0,0,0,0,0,0,0,0,0.03,0,0.03,0.03,0,0.04,0.04,0.01,0.02,0.03,0.03,0,0,0,NA,0,0.03,0,0,0,0.05,0,0,0.02,0.01,0,0.02,0.04,0,0,0.05,0,0,0,0,0,0,0.02,0.03,0.03,0.03,0.01,0.03,0.02,0.02,0.02,0.02,0.01,0.04,0,0,0,0.02,0,0,0.04,0.03,0.02,0,0.02,0.04,0.04,0.04,0,0.04,0.03,0.03,0.07,0,0,0.03,0,0.04,0.01,0.02,0.03,0.02,0.02,0.05,0.01,0,0,0.02,0,0.04,0.01,0,0,0,0,0,0,0,0,0,0,0.02,0.04,0.03,0.05,0.02,0.03,0.04,0,0,0.04,0.03,0.03,0.03,0.04,0.02,0.02,0.05,0.04,0.04,0.03,0,0,0,0.04,0,0,0,0.04,0.04,0,0,0.04,0.02,0.02,0.03,0.06,0.02,0.03,0.03,0.02,0.02,0.02,0,0,0,0,0,0,0,0,0,0,0,0,0.08,0.07,0,0,0,0,0.01,0.04,0.03,0.03,0.02,0.02,0.03,0,0.03,0.01,0.05,0.01,0.05,0.07,0.05,0.01,0.01,0.04,0.02,0.06,0.03,0.02,0.15,0.01,0,0.04,0.02,0.09,0.05,0.02,0.02,0.04,0,0.02,0.02,0.04,0.03,0.03,0,0.02,0.01,0.02,0,0,0,0,0.02,0.06,0.02,0.02,0.02,0.02,0.01
20:4w6_perWWT,4.45,2.97,1,1.12,3.55,1.67,1.6,1.12,0.65,2.33,3.44,1.6,0.84,0.38,1.94,4.67,0.86,3.27,1.83,3.97,4.19,4.74,4.23,5.1,2.85,1.95,2.17,2.35,2.1,1.93,2.5,1.71,1.77,1.55,2,0.91,1.63,1.79,1.74,1.92,2.11,1.67,1.8,2.73,1.5,2.1,1.93,2.13,2.18,1.65,1.36,1.46,1.51,3.02,1.9,1.64,2.06,1.65,1.83,2.65,2.63,2.98,1.43,1.43,2.62,1.67,1.82,1.18,1.36,0.48,NA,1.38,0.79,0.4,1.17,1.07,1.17,NA,1.49,0.73,1.03,NA,1.29,0.61,0.49,0.93,1.17,0.61,1.54,0.64,1.13,0.52,0.75,0.69,0.55,0.75,0.6,0.26,0.86,1.04,0.92,0.9,0.61,0.75,0.51,6.28,2.66,1.41,1.67,1.77,1.99,2.5,0.52,1.48,1.49,1.53,2.13,1.34,1.98,1.52,1.37,1.67,1.23,1.24,1.86,0.92,0.99,1.43,1.08,1.32,0.99,0.96,0.73,1.42,0.89,1.37,1.25,1.35,0.97,1.12,0.76,1.04,0.8,0.69,1.41,1.1,1.42,1.26,1.05,0.6,1.02,0.96,1.26,0.83,1.24,0.63,1.26,0.57,1.1,1.11,0.67,1.16,1.23,0.94,1.18,1.48,0.94,4.15,1.04,0.76,0.77,1.49,1.05,1.16,1.3,1.05,4.06,1.02,1.02,1.32,0.83,0.92,1.15,0.93,0.65,0.94,0.85,0.67,0.89,1.02,0.71,1.31,1.08,0.92,1.46,1,1.39,1.35,1.4,1.14,2.33,3.81,1.65,0.66,1.09,1.51,1.22,4.13,1.45,4.14,3.64,0.65,3.99,5.08,1.86,3.6,1.86,3.93,0.82,1.28,3.06,3.59,3.85,5.12,4.76,1.07,4.88,4.53,4.55,1.33,4.7,5.31,5.28,4.84,4.3,4.12,4.86,1.44,4.66,1.25,1.42,1.33,1.31,1.36,4.29,5.14,3.7,4.83,0.9,1.55,1.56,2.15,1.64,5.17,1.51,3.45,1.44,1.9,1.3,3.53,1.06,1.79,1.73,1.77,3.21,1.65,2.07,1.58,0.94,1.62,1.31,0.79,2.52,2.23,1.76,1.7,1.45,1.86,1.61,1.36,2.47,1.87,1.81,NA,2.46,2.01,1.79,2.16,1.69,2.33,1.05,2.74,2.75,1.74,1.46,2.06,2.75,2.71,1.93,1.54,1.64,2.6,2.56,1.44,1.84,1.88,1.2,1.74,1.35,0.89,1.76,1.25,1.47,1.45,0.72,1.75,1.05,1.16,1.82,1.09,1.76,0.98,1.25,2.47,1.73,1.54,1.51,1.01,1.41,1.22,1.94,2.11,2.4,1.49,2.64,1.12,0.77,1,0.82,1.66,0.55,2.5,2.03,1.96,2.21,1.34,1.63,0.67,1.73,1.83,1.62,0.88,2,1.01,3.62,2.72,0.73,0.79,1.33,2.66,1.86,1.34,1.71,2.53,1.35,1.98,2.57,0.87,1.71,2.3,1.51,2.24,2.23,1.7,1.77,1.25,1.13,1.58,1.74,1.12,1.79,0.7,0.26,NA,0.41,1.65,0.4,1.57,0.97,2.51,1.66,0.8,0.76,1.09,0.56,0.83,2.1,0.58,0.9,2.66,0.88,0.28,0.41,0.37,0.38,0.31,1.29,2.13,1.76,1.63,0.94,2.28,1.69,1.95,1.24,1.53,1.55,2.24,1.09,2.28,0.38,1.29,1.7,1.08,1.53,1.79,0.83,1.43,1.45,2.17,2.71,1.58,1.26,1.63,0.93,1.57,1.82,0.31,0.78,1.28,0.46,1.39,0.88,1.16,0.79,1.2,0.8,1.54,0.43,0.51,0.47,0.74,0.44,1.41,0.56,0.41,0.67,0.45,1.13,0.71,0.84,1.52,0.3,0.92,0.62,0.98,1.53,1.4,1.43,0.95,1.74,1.36,1.06,1.08,1.38,1.26,1.02,1.52,1.75,1.31,1.36,2.22,1.73,1.34,1.12,0.77,1.33,1.74,2.56,0.96,1.33,2.23,2.68,3.58,1.61,2.26,2.54,0.96,0.91,0.98,1.84,0.89,1.4,1.76,1.07,1.24,1.04,0.25,0.24,0.24,0.23,0.98,0.95,1.37,0.3,0.5,0.67,0.54,1.28,2.01,1.75,1.58,0.55,1.06,1.15,1.03,1.61,1.12,1.67,1.37,1.4,1.08,0.41,2.01,0.82,0.77,0.21,0.87,1.16,1.15,0.68,0.78,1.21,0.82,1.05,0.55,1,1.49,0.25,0.39,0.88,0.57,1.79,0.84,0.05,1.32,1.35,0.62,1.65,1.29,1.86,1.67,0.96,0.84,0.76,0.78,0.72,0.2,0.2,0.19,0.69,0.63,1.82,0.98,0.89,1.11,0.71,0.52
20:3w3_perWWT,0.01,0,0,0,0,0,0,0,0,0,0,0,0,0,0,0,0,0,0,0,0,0,0,0,0,0,0,0,0,0,0,0,0,0,0,0,0,0,0,0,0,0,0,0,0,0,0,0,0,0,0,0,0,0,0,0,0,0,0,0.01,0,0.39,0,0,0,0,0,0,0,0,NA,0,0,0,0,0,0,NA,0,0,0,NA,0,0,0,0,0,0,0,0,0,0,0,0,0,0,0,0,0,0,0,0,0.03,0,0,0.67,0,0,0,0,0,0.33,0,0,0,0,0,0,0,0,0,0,0,0,0.26,0,0,0,0,0,0,0,0,0,0,0,0,0,0,0,0,0,0,0,0,0,0,0,0,0,0,0,0,0,0,0,0,0,0,0,0,0,0,0,0,0,0,0,0,0,0,0,0,0,0,0,0.1,0,0,0,0,0,0.17,0,0,0,0,0,0,0,0,0,0,0,0,0,0,0.19,0,0,0,0.46,0.22,0,0,0.13,0,0,0.21,0,0,0,0,0.66,0.2,0,0,0,0.07,0.1,0.37,0.4,0.44,0.55,0,0.1,0.44,0.55,0.77,0.03,0.44,0.6,0.61,0.63,0.5,0.43,0.6,0.14,0.6,0.12,0.16,0.11,0.12,0.15,0.4,0.55,0.47,0.6,0.07,0.15,0.19,0.29,0.24,0.72,0.16,0.42,0.15,0.27,0.13,0.42,0.09,0.21,0.18,0.12,0.34,0.14,0.22,0.13,0,0.16,0.13,0.06,0.22,0.2,0.18,0.15,0.15,0.27,0.21,0.16,0.26,0.14,0.17,NA,0.26,0.16,0.19,0.2,0.17,0.23,0.08,0.31,0.3,0.16,0.11,0.18,0.31,0.31,0.22,0.12,0.1,0.32,0.24,0.12,0.17,0.18,0.12,0.12,0.18,0.09,0.23,0.08,0.15,0.16,0.05,0.18,0.05,0.13,0.18,0.11,0.16,0.05,0.09,0.27,0.1,0.12,0.12,0.1,0.15,0.15,0.12,0.13,0.15,0.1,0.09,0.09,0.04,0.01,0.03,0.13,0.04,0.15,0.15,0.12,0.12,0.08,0.04,0,0.12,0.2,0.13,0.04,0.18,0.06,0.21,0.37,0.03,0.04,0.11,0.22,0.19,0.12,0.09,0.27,0.14,0.1,0.18,0.05,0.11,0,0,0,0,0,0,0,0,0,0,0,0,0,0,NA,0,0,0,0,0,0,0,0,0,0,0,0,0,0,0,0,0,0,0,0,0,0,0,0,0,0,0,0,0,0,0,0,0,0,0,0,0,0,0,0,0,0,0,0,0.01,0,0,0,0,0,0,0,0,0,0,0,0,0,0,0,0,0,0,0,0,0,0,0,0,0,0,0,0,0,0,0,0,0,0,0,0,0,0,0,0,0,0,0,0,0,0,0,0,0,0,0,0,0,0,0,0,0,0,0,0,0,0,0,0,0,0,0,0,0,0,0,0,0,0,0,0,0,0,0,0,0,0,0,0,0,0,0,0,0,0,0,0,0,0,0,0,0,0,0,0,0,0,0,0,0,0,0,0,0,0,0,0,0,0,0,0,0,0,0,0,0,0,0,0,0,0,0,0,0,0,0,0,0,0,0,0,0,0,0,0,0,0,0,0,0,0,0,0,0
20:4w3_perWWT,0.65,0.37,0.57,0.07,0.46,0.18,0.15,0.2,0.08,0.33,0.39,0.21,0.1,0.07,0.36,0.77,0.11,0.36,0.62,0.84,0.77,1.01,0.83,0.92,0.61,0.29,0.3,0.32,0.41,0.4,0.46,0.46,0.51,0.34,0.38,0.09,0.39,0.38,0.28,0.37,0.44,0.31,0.35,0.51,0.38,0.57,0.4,0.46,0.57,0.4,0.26,0.22,0.3,0.81,0.41,0.32,0.39,0.27,0.32,0.63,0.64,0.79,0.31,0.27,0.72,0.37,0.31,0.24,0.23,0.06,NA,0.32,0.13,0.02,0.32,0.29,0.35,NA,0.28,0.03,0.05,NA,0.11,0.02,0,0.06,0.08,0.02,0.27,0.07,0.17,0.01,0.05,0.08,0.02,0.07,0.03,0.01,0.23,0.37,0.09,0.22,0.05,0.1,0.07,0,0.52,0.63,0.5,0.44,0.85,1.05,0.03,0.77,0.25,0.61,0.7,0.5,0.58,0.41,0.37,0.52,0.24,0.23,0.53,0.13,0.11,0.59,0.3,0.38,0.27,0.32,0.25,0.28,0.24,0.38,0.42,0.42,0.35,0.38,0.11,0.17,0.08,0.08,0.44,0.25,0.19,0.2,0.3,0.02,0.11,0.16,0.27,0.2,0.19,0.1,0.25,0.11,0.31,0.21,0.06,0.38,0.2,0.32,0.12,0.31,0.26,0.68,0.15,0.07,0.04,0.19,0.28,0.34,0.36,0.3,0.42,0.18,0.1,0.24,0.01,0.1,0.31,0.05,0.06,0.28,0.22,0.04,0.1,0.16,0.09,0.34,0.15,0.13,0.35,0.28,0.45,0.25,0.3,0.29,0.36,0.76,0.3,0.03,0.07,0.29,0.2,0.59,0.29,0.88,0.36,0.09,0.76,1.07,0.32,0.38,0.11,0.8,0.15,0.22,0.49,0.5,0.75,1,0.9,0.2,0.9,1.1,0.59,0.12,0,0,0.96,0.8,0.63,0.94,0.8,0.25,0.92,0.26,0.3,0.25,0.28,0.3,0,0,0,0,0.2,0.29,0.43,0,0.31,0,0.25,0,0.23,0.45,0.22,0.73,0.18,0.49,0.32,0.34,0.6,0.27,0.52,0.33,0.17,0.24,0.28,0.16,0.7,0.69,0.3,0.32,0.25,0.41,0.38,0.26,0.63,0.41,0.31,NA,0.56,0.41,0.37,0.46,0.4,0.68,0.14,0,0,0.41,0.27,0.51,0,0,0.3,0.32,0.35,0,0,0.25,0,0.5,0.29,0,0.3,0.15,0,0.27,0.36,0.3,0.08,0.33,0.09,0.27,0.33,0.17,0.27,0.14,0,0,0,0.3,0,0.15,0.28,0,0,0,0,0.21,0,0.1,0,0.01,0,0,0.08,0,0,0,0,0,0,0.02,0,0,0,0.15,0,0,0,0,0,0.1,0,0,0,0,0,0,0,0,0,0,0,0.48,0.3,0.35,0.41,0.33,0.45,0.33,0.17,0.25,0.26,0.32,0.4,0.05,0.02,NA,0.02,0.44,0.02,0.39,0.16,0.5,0.22,0.15,0.13,0.07,0.05,0.1,0.46,0.12,0.21,0.64,0.1,0.02,0.02,0.02,0.02,0.02,0.28,0.47,0.38,0.43,0.11,0.61,0.35,0.45,0.24,0.37,0.38,0.48,0.3,0.35,0.02,0.21,0.21,0.15,0.24,0.23,0.19,0.53,0.23,0.27,0.46,0.35,0.27,0.21,0.26,0.86,0.78,0.17,0.38,0.57,0.1,0.74,0.29,0.59,0.42,0.62,0.32,0.33,0.09,0.06,0.09,0.25,0.02,0.42,0.16,0.13,0.22,0.06,0.28,0.15,0.17,0.3,0.05,0.27,0.22,0.25,0.45,0.85,0.34,0.37,0.79,0.6,0.34,0.82,0.41,0.45,0.32,0.47,0.67,0.46,0.54,0.57,0.43,0.55,0.57,0.37,0.15,0.24,0.37,0.16,0.22,0.33,0.46,0.61,0.23,0.24,0.38,0.41,0.3,0.41,0.61,0.3,0.4,0.59,0.34,0.47,0.4,0.01,0.01,0.01,0.01,0.15,0.17,0.26,0.01,0.02,0.02,0.02,0.4,0.55,0.48,0.44,0.16,0.17,0.43,0.41,0.59,0.49,0.66,0.7,0.64,0.49,0.02,0.28,0.14,0.17,0.02,0.1,0.27,0.23,0.03,0.04,0.07,0.06,0.1,0.04,0.07,0.24,0.02,0,0.05,0.05,0.23,0.09,0,0.17,0.13,0.07,0.19,0.14,0.18,0.15,0.06,0.03,0.08,0.07,0.04,0,0,0,0.02,0.05,0.19,0.08,0.1,0.07,0.04,0.03
20:5w3_perWWT,27.11,14.66,10.09,4.42,18.56,8.04,7.72,11.69,5.5,9.69,18.4,6.61,7.3,3.14,8.84,35.39,5.37,15.94,13.93,32.95,32.71,40.09,35.86,38.28,24.69,13.11,16.5,17.07,20.41,19.21,21.62,20.56,20.68,17.49,20.36,5.03,19.99,19.34,12.19,18.95,18.76,16.78,17.8,23.1,17.64,22.32,20.31,20.79,26.17,20.09,14.5,14.05,15.03,32.4,22.03,16.81,22.65,15.99,17.2,24.47,28.68,30.42,16.59,16.34,29.83,18.1,15.97,10.78,10.97,2.39,NA,15.31,6.85,1.52,13.01,12.39,15.75,NA,12.91,4.22,4.46,NA,6.6,2.38,1.89,4.6,5.45,2.8,11.19,4.66,9.69,1.97,5.19,5.11,2.54,4.45,3.34,4.37,9.8,11.25,6.23,9.13,4.26,5.24,4.94,54.93,23.32,21.44,20.48,19,32.84,42.58,3.42,29.32,15.42,21.05,26.87,21.07,24.89,18.39,17.42,22.82,15.95,13.26,23.47,7.64,8.02,25.95,16.77,20.9,14.83,17.79,12.16,15.57,14.16,20.16,21.98,20.17,15.24,18.8,6.74,9.84,4.97,5.22,21.25,12.72,9.32,9.37,14.96,2.11,6.05,7.25,13.92,11.98,9.36,5.51,14.51,7.11,18.01,12.56,4.51,19.57,9.44,18.55,7.61,17.48,15.6,27.06,7.07,5.06,3.5,9.55,16.32,19.73,9.88,16.49,18.98,7.15,5.19,9.68,2.48,5.81,17.2,3.87,3.32,17.74,13.79,2.83,5.95,6.89,4.46,16.33,6.75,5.56,16.53,15.54,17.55,9.5,15.49,15.49,12.7,34.33,17.15,3.58,5.55,16.9,12.82,28.55,17.08,31.07,17.29,7.56,30.84,42.37,20.33,21.18,10.05,31.29,11.18,12.86,17.92,20.96,32.69,41.61,40.71,11.58,37.71,35.98,25.9,10.52,47.74,41.89,38.35,31.3,27.2,30.83,32.3,15.43,37.9,16.25,12.99,15.3,11.81,13.5,41.28,44.96,32.46,40.22,8.52,22.64,15.41,27.53,14.11,33.02,15.47,31.77,12.49,19.28,11.67,31.13,8.55,19.77,18.15,17.98,27.51,14.7,17.44,16.22,10.76,14.08,12.3,7.48,28.91,22.06,15.81,12.85,13.76,21.46,15.69,12.86,23.29,20.87,16.09,NA,25.58,20,18.43,21.25,17.9,28.16,8.02,26.98,25.72,19.3,11.59,22.11,26.93,26.39,17.16,15.31,17.72,29.03,28.74,14.11,17.99,17.74,11.48,17.95,11.93,8.55,16.84,14.2,14.97,12.06,5.79,13.25,7.04,11.84,15.78,7.72,14.54,9.56,9.29,24.7,18.71,12.95,20.26,6.47,12.05,8.9,20.85,18.61,16.09,11.46,26.89,7.17,4.64,2.22,6.64,14.6,3.51,14.25,20.53,13.82,15.42,13.97,12.98,1.98,19.77,15.62,17.57,6.78,17.94,10.88,25.14,24.02,4.52,5.57,6.1,24.19,10.38,9.6,10.69,13.56,11.22,11.59,24.04,11.61,9.29,18.11,12.05,15.61,14.73,13.55,18.26,11.69,7.05,11.04,11.15,9.64,15,4.07,1.26,NA,1.97,15.95,0,15.37,9.69,22.53,14.01,8.46,7.91,7.51,3.35,5.78,20.72,6.17,10.45,23.07,5.83,1.26,2.03,1.62,0,1.72,10.06,17.99,15.75,15.73,5.88,21.39,12.07,16.31,10.16,15.35,14.64,19.52,11.75,15.63,1.7,8.64,7.87,5.81,9.23,12.34,5.27,11.38,9.28,13.27,18.42,14.29,10.96,11.06,15.19,35.72,35.02,6.05,13.32,22.21,6.32,29.78,15.31,25.47,15.03,26.76,10.7,13.79,3.98,3.05,4.53,5.91,2.4,14.63,5.21,4.11,7.51,3.53,11.56,6.62,6.45,12.33,2.45,10.69,7.99,9.92,15.68,40.23,18.9,19.13,42.23,27.41,17.73,34.79,16.18,17.52,13.55,19.63,26.22,16.62,20.16,25.94,20.97,19.41,19.24,9.7,7.49,11.65,18.93,6.81,9.47,15.32,20.39,27.48,11,13.14,17.94,13.85,13.15,13.96,22.16,12.22,17.79,24.13,13.14,19.16,14.19,1.15,1.07,1.1,1.27,6.64,7.21,10.1,1.29,2.29,2.85,3.02,14.55,20.41,17.19,18.95,6.68,6.98,20.19,18.89,22.74,20.02,26.25,26.16,25.3,18.98,2.13,12.21,4.98,7.03,1.19,5.16,9.91,9.07,3.83,4.04,7.52,5.97,8.12,3.68,6.01,13.64,1.65,1.32,4.43,3.41,13.33,6.34,0.28,10.56,9.83,5.14,11.97,9.3,11.9,9.91,6.47,3.8,5.82,3.82,3.71,0.8,0.84,0.89,2.8,3.99,6.68,7.02,6.68,6.01,4.23,2.88
22:0_perWWT,0.13,0.07,0.03,0.05,0.1,0.06,0.05,0.06,0.04,0.1,0.08,0.07,0.04,0.03,0.08,0.11,0.03,0.12,0.15,0.16,0.15,0.19,0.14,0.14,0.1,0.07,0.11,0.08,0.07,0.09,0.09,0.08,0.06,0.08,0.07,0.07,0.28,0.06,0.05,0.21,0.08,0.06,0.05,0.09,0.07,0.1,0.08,0.11,0.25,0.07,0.07,0.04,0.07,0.15,0.06,0.07,0.07,0.08,0.08,0.12,0.12,0.1,0,0.07,0.12,0.04,0.12,0.07,0.07,0.02,NA,0.06,0.02,0.04,0.03,0.05,0.03,NA,0.07,0.04,0.05,NA,0.12,0.09,0,0.06,0.04,0.13,0.07,0.14,0.1,0,0.11,0.1,0.07,0.04,0.07,0.13,0.17,0.2,0.05,0.12,0.05,0.04,0.05,0,0.11,0.14,0.15,0.38,0.21,0.25,0.03,0.15,0.06,0.13,0.16,0.1,0.12,0.11,0.12,0.14,0.07,0.06,0.14,0.15,0,0.09,0.04,0.07,0.06,0.06,0.07,0.08,0.07,0.16,0.06,0.09,0.06,0.1,0.05,0.14,0.04,0.07,0.36,0.09,0.2,0.08,0.24,0.02,0.06,0.18,0.13,0.27,0.1,0.06,0.21,0.23,0.14,0.07,0.07,0.21,0.19,0.25,0.09,0.23,0.19,0,0.05,0.07,0.04,0.12,0.14,0.15,0.08,0.12,0.09,0.08,0.11,0.13,0.02,0.13,0.28,0.06,0.11,0.13,0.09,0.03,0.41,0.09,0.03,0.26,0.05,0.07,0.27,0.11,0.12,0.06,0.08,0.2,0.14,0,0.06,0.05,0.06,0.08,0.08,0.09,0.09,0.09,0,0.05,0,0.17,0.09,0,0.05,0,0.05,0.08,0,0.07,0.11,0.07,0.12,0.07,0.07,0.05,0,0.03,0.1,0.05,0.09,0,0.08,0.06,0,0.05,0,0,0,0,0,0,0,0,0,0.04,0,0,0,0,0,0.05,0,0,0,0,0,0,0,0,0,0,0,0,0,0,0,0,0,0,0,0,0,0,0,0,0,0,0,0,0,NA,0,0,0,0,0,0,0,0,0,0,0,0,0,0,0,0,0,0,0,0,0,0,0,0,0,0,0,0,0,0,0,0,0,0,0,0,0,0,0,0,0,0,0,0,0,0,0,0,0,0,0,0,0,0,0,0,0,0,0,0,0,0,0.01,0,0,0,0,0,0,0,0,0,0,0,0,0,0,0,0,0,0,0,0,0,0,0.08,0.05,0.07,0.08,0.05,0.08,0.06,0.04,0.06,0.07,0.06,0.07,0.03,0.02,NA,0.02,0.08,0.02,0.11,0.06,0.13,0.06,0.06,0.05,0.06,0.04,0.05,0.11,0.04,0.05,0.12,0.06,0.02,0.02,0.02,0.03,0.01,0.06,0.1,0.07,0.07,0.05,0.1,0.07,0.09,0.06,0.05,0.07,0.09,0.04,0.07,0.01,0.06,0.16,0.05,0.09,0.07,0.07,0.16,0.07,0.12,0.09,0.07,0.09,0.08,0.11,0.13,0.19,0.04,0.18,0.14,0.04,0.16,0.06,0.09,0.13,0.12,0.07,0.09,0.03,0.02,0.03,0.07,0.04,0.09,0.04,0.03,0.03,0.05,0.06,0.05,0.05,0.09,0.02,0.08,0.06,0.06,0.09,0.13,0.14,0.12,0.17,0.16,0.1,0.13,0.07,0.08,0.05,0.1,0.09,0.06,0.07,0.17,0.1,0.15,0.17,0.17,0.04,0.07,0.1,0.04,0.05,0.07,0.08,0.12,0.06,0.07,0.1,0.09,0.05,0.08,0.15,0.05,0.07,0.13,0.06,0.07,0.06,0.02,0.02,0.02,0.02,0.04,0.03,0.05,0.01,0.02,0.03,0.03,0.11,0.12,0.1,0.07,0.04,0.04,0.1,0.1,0.11,0.1,0.1,0.12,0.09,0.1,0.04,0.08,0.05,0.09,0.02,0.17,0.14,0.08,0.03,0.04,0.18,0.11,0.26,0.16,0.08,0.54,0.07,0.02,0.16,0.05,0.27,0.19,0.15,0.05,0.09,0.11,0.05,0.1,0.18,0.06,0.09,0,0.14,0.1,0.04,0.05,0.01,0.02,0.05,0.04,0.11,0.04,0.12,0.09,0.04,0.04
22:1w11(13)_perWWT,0.54,0.96,14.02,2.26,4.3,1.19,0.34,0.32,0.24,3.71,2.07,2.9,1.22,0.15,1.39,1.96,0.2,1.17,10.45,1.99,6,4.76,2.67,5.97,2.56,0.51,0.4,0.42,0.81,0.66,0.76,0.36,0.39,0.51,0.5,0.21,0.32,0.68,0.81,0.61,0.3,0.48,0.79,0.63,0.46,0.68,0.67,0.91,0.63,0.29,0.32,0.18,0.42,0.53,0.23,0.54,0.6,0.86,0.45,0.37,0.88,0.76,1.01,0.58,0.8,0.55,0.86,0.47,0.44,0,NA,0.56,0.11,0.03,0.18,0.15,0.19,NA,0.36,0.39,0.61,NA,0.94,0.06,0.08,0.6,0.73,0.05,0.69,0.16,0.39,0.03,0.51,0.28,0.07,0.58,0.1,0.06,0.22,0.58,0.22,0.25,0.77,0.31,0.15,2.42,0.62,0.5,0.53,0.96,0.63,1.02,0.14,1.31,0.28,0.77,1.18,0.84,0.76,0.84,0.93,1.28,0.42,0.41,0.93,0.68,0.16,2.03,1.33,0.78,1.91,0.41,0.69,1.05,1.39,0.62,0.56,1.39,1.69,1.7,0.18,0.23,0.06,0.11,0.29,0.27,0.28,0.24,0.22,0,0.21,0.39,0.3,0.13,0.19,0.16,0.27,0.11,0.18,0.21,0.1,0.18,0.3,0.21,0.25,0.4,0.11,1.95,0.27,0.05,0.19,0.35,0.47,0.21,0.53,0.2,1.44,0.23,0.5,0.26,0.01,0.08,0.29,0.44,0.08,0.14,0.14,0.52,0.16,0.25,0.16,0.29,0.25,0.29,0.46,0.18,0.29,0.39,0.27,0.29,2.74,5.78,2.71,0.22,3.5,2.16,2.22,1.68,2.3,1.74,2.02,1.24,1.57,5.77,6.17,1.07,0.78,1.86,1.99,1.84,7.26,3.95,1.05,1.78,0.72,2.06,3.46,1.2,0,2.4,5.21,5.25,3.8,7.74,5.28,1.15,5.67,4.11,5.21,2.72,0.49,4.72,0.36,1.68,4.36,1.98,10.35,6.91,0.89,7.65,1.26,4.76,0.39,8.2,4.06,4.99,1.78,1.4,2.73,8,0.35,0.35,0.26,0.27,1.16,0.39,0.3,0.57,0.17,0.45,1.33,0.17,0.63,0.45,0.61,0.31,0.44,0.31,0.41,0.29,0.48,0.34,0.35,NA,1.43,0.36,0.4,0.45,0.59,0.47,0.22,0.59,0.85,0.25,0.39,0.53,0.61,0.73,0.51,0.48,0.28,0.56,0.51,0.44,0.71,0.26,0.48,0.19,0.31,0.14,0.29,0.13,0.24,0.49,0.11,0.37,0.08,0.21,0.43,0.18,0.3,0.11,0.14,0.44,0.19,0.32,0.23,0.22,0.31,0.75,0.39,0.38,0.48,0.55,0.29,0.24,0.19,0,0.52,1.61,0.19,0.5,0.46,0.45,1.09,0.29,0.22,0.02,0.31,0.84,0.46,0.12,0.47,2.16,3.12,0.39,0.07,0.18,0.46,0.53,1.51,0.58,0.22,0.84,0.3,0.45,0.83,0.92,0.29,0.53,0.45,0.48,0.51,0.42,0.41,7.49,0.2,0.29,0.43,9.11,0.31,0.13,0,NA,0,0.34,0,0.55,0,1.05,0.25,0,0.25,0.16,0,0.2,0.64,0,0.37,0.5,1.52,0.19,0,0.07,0.11,0,0.46,0.48,0.74,0.42,0.23,0.54,0.44,0.6,0.23,0.35,0.4,0.74,0.31,0.52,0,0.38,5.4,1.57,2.88,0.47,6.27,9.29,0.37,0.67,0.53,0.61,0.56,0.52,1.95,0.51,1.43,0,0.69,0.55,0,0.55,0.2,0.39,0.45,0.63,2.48,1.98,0.85,1.01,0.85,0.97,0,3.33,0.8,0.96,0.7,1.09,1.25,0.99,1.56,2.03,1.04,1.69,1.9,1.25,3.66,0.39,0.94,0.31,0.69,0.85,1.65,0.32,0.56,0.42,0.73,1.48,0.87,0.4,0.32,0.69,0.68,0.41,0.6,0.72,0,0.44,0.59,0.14,0.28,0.42,0.55,0.47,0.37,0.37,0.56,2.17,1.51,0.79,3.61,1.37,1.67,3.52,1,1.17,1.05,0,0,0,0.03,0.27,0,0.26,0,0.07,0.03,0.06,0.44,0.54,0.35,0,0,0.33,1.21,0.34,0.44,0.59,0.68,0.4,0.68,2.26,0.04,0.32,0.33,0.09,0.02,0.11,0.19,0.15,0.04,0.11,0.16,0.1,0.14,0.07,0.08,0.19,0.01,0,0.09,0.14,0.49,0.17,0,0.18,0.15,0.08,0.19,0.2,0.4,0.4,0.09,0.03,0.07,0.36,0.07,0,0,0.01,0.03,0.07,2.2,0.13,0.18,0.13,0.09,0.04
22:1w9_perWWT,1.02,0.53,0.74,0.44,1.27,0.65,0.58,0.62,0.28,1.11,1.27,0.94,0.54,0.18,1.03,1.65,0.22,0.61,1.96,1.45,1.9,2.12,1.74,2.96,1.5,0.74,0.71,0.69,0.92,0.75,0.96,0.54,0.62,0.45,0.47,0.24,0.49,0.5,0.38,0.53,1,0.49,0.46,1.02,0.45,0.87,0.56,0.77,0.89,0.51,0.47,0.58,0.43,1.01,0.42,0.79,0.87,0.81,0.69,1.04,0.87,1.25,0.45,0.41,0.9,0.46,0.5,0.35,0.36,0.07,NA,0.34,0.19,0.04,0.28,0.26,0.3,NA,0.31,0.15,0.23,NA,0.35,0.07,0.04,0.19,0.29,0.06,0.49,0.24,0.37,0.03,0.28,0.27,0.06,0.26,0.09,0,0.38,0.52,0.38,0.34,0.23,0.29,0.26,2.09,0.88,0.66,0.61,0.75,0.92,1,0.08,0.85,0.5,0.65,0.89,0.58,0.78,0.61,0.6,0.64,0.45,0.4,0.73,0.36,0.26,0.6,0.39,0.49,0.44,0.39,0.36,0.43,0.37,0.56,0.41,0.58,0.47,0.57,0.32,0.34,0.13,0.2,0.7,0.43,0.48,0.38,0.55,0.02,0.28,0.39,0.42,0.36,0.32,0.21,0.52,0.24,0.35,0.35,0.12,0.46,0.48,0.43,0.3,0.59,0.38,1.03,0.35,0.13,0.17,0.56,0.58,0.5,0.49,0.46,0.8,0.33,0.37,0.32,0.04,0.17,0.58,0.3,0.11,0.38,0.34,0.18,0.21,0.28,0.16,0.58,0.32,0.25,0.67,0.42,0.52,0.57,0.41,0.5,0.6,1.6,0.69,0.09,0.36,0.67,0.73,1.05,0.93,1.1,0.72,0.31,1.45,2.07,0.92,0,0.36,0.88,0.47,0.59,0.99,1.13,1.21,1.2,1.22,0.59,1.77,1.3,1.23,0.31,1.82,1.82,1.58,1.71,1.65,1.1,1.7,0.7,1.53,0.65,0.7,0.67,0.64,0.77,1.82,1.71,1.52,1.65,0.41,0.81,0.76,1.13,0.49,1.79,0.71,1.37,0.62,0.87,0.67,1.68,0.47,0.53,0.59,0.62,0.98,0.62,0.79,0.57,0.27,0.52,0.56,0.22,0.74,0.72,0.73,0.55,0.52,0.63,0.62,0.49,1.16,0.5,0.55,NA,0.77,0.64,0.54,0.66,0.51,0.73,0.3,0.77,0.81,0.45,0.43,0.69,1.04,1.04,0.7,0.47,0.5,0.77,0.74,0.23,0.64,0.42,0.44,0.39,0.41,0.21,0.43,0.29,0.38,0.41,0.11,0.56,0.14,0.41,0.56,0.24,0.46,0.16,0.21,0.66,0.37,0.42,0.41,0.28,0.38,0.44,0.6,0.55,0.58,0.45,0.64,0.28,0.13,0.04,0.25,0.58,0.25,0.52,0.29,0.5,0.53,0.4,0.42,0.05,0.46,0.59,0.54,0.24,0.72,0,1.48,0.77,0.04,0.21,0.36,0.85,0.47,0.5,0.24,0.47,0.3,0.4,0.16,0.33,0.24,0.88,0.87,1.09,1.05,0.87,0.62,1.67,0.55,0.78,0.85,1.39,0.8,0.22,0.23,NA,0.07,1.07,0.13,0.79,0.7,1.37,0.42,0.48,0.45,0.34,0.24,0.35,0.91,0.39,0.59,1.19,0.57,0.15,0.16,0.09,0.16,0.07,0.49,0.91,0.66,0.66,0.3,1.16,0.52,1.12,0.49,0.47,0.72,1.09,0.48,0.99,0.05,0.82,2.15,0.86,1.58,0.6,1.23,2.68,0.61,1.33,0.79,0.73,0.85,0.61,1.05,0.86,1.24,0.39,1.67,0.74,0.37,0.77,0.42,0.71,1.01,0.58,1.13,0.92,0.42,0.23,0.31,0.62,0.23,1.4,0.41,0.32,0.4,0.36,0.75,0.56,0.45,1.22,0.21,0.88,1.02,0.44,1.21,0.77,0.9,0.77,0.85,1.02,0.76,0.82,0.74,0.49,0.57,0.86,0.79,0.77,0.48,0.97,1.1,0.8,0.94,0.85,0.47,0.75,1,0.27,0.44,0.84,1.14,1.4,0.71,0.72,1.04,0.73,0.51,0.75,1.35,0.71,0.87,0.98,0.73,0.79,0.62,0,0.11,0.13,0.07,0.47,0.56,0.67,0.1,0.09,0.29,0.22,1.1,0.71,0.43,0.71,0.2,0.62,0.72,0.52,0.91,0.87,0.79,0.87,0.84,0.74,0.12,0.67,0.46,0.13,0.02,0.14,0.22,0.21,0.12,0.18,0.4,0.23,0.36,0.19,0.2,0.78,0.07,0.05,0.25,0.21,0.71,0.33,0,0.52,0.33,0.18,0.43,0.36,0.57,0.48,0.23,0.12,0.23,0.2,0.14,0,0,0,0.06,0.14,0.73,0.23,0.29,0.28,0.18,0.11
22:1w7_perWWT,1.73,0.69,0.52,0.31,1.47,0.58,0.67,0.45,0.2,0.69,0.65,2.14,0.47,0.21,0.84,1.29,0.41,0.63,1.26,2.84,1.98,2.08,1.4,2.72,3.76,1.59,0.68,0.59,0.83,0.84,0.92,0.55,0.44,0.51,0.68,0.25,0.61,0.38,0.39,0.89,0.62,0.54,0.34,0.96,0.54,0.73,0.55,0.75,1.1,0.54,0.55,0.5,0.64,1.09,0.36,0.6,0.62,0.67,0.58,1.05,1.22,1.07,0.78,0.47,1.14,0.66,0.64,0.84,0.38,0.27,NA,0.45,0.43,0.19,0.21,0.26,0.41,NA,0.64,0.26,0.22,NA,0.64,0.3,0.34,0.35,0.36,0.43,0.49,0.45,0.81,0.07,0.51,0.46,0.32,0.44,0.24,0.45,0.67,1.03,0.41,0.5,0.32,0.25,0.32,1.7,0.86,1.47,0.79,1.62,0.97,1.18,0.14,0.97,0.39,0.91,1.27,0.92,1.45,0.85,1.3,0.74,0.45,0.47,0.99,0.91,0.38,0.58,0.38,0.84,0.77,0.95,0.62,0.46,0.68,0.73,0.52,0.88,0.48,0.96,0.28,0.6,0.43,0.57,0.85,0.43,0.78,1.07,0.82,0.33,0.29,0.93,0.79,0.69,0.53,0.26,0.81,0.86,0.46,0.52,0.19,0.61,0.71,1.17,0.56,0.52,0.44,1.07,0.97,0.73,0.17,0.6,0.91,1.03,0.72,0.42,1.09,1.15,0.68,0.71,0.17,0.49,1.25,0.38,0.66,0.32,1.18,0.21,1.6,0.54,0.19,0.94,0.63,0.45,1.01,0.35,0.91,0.37,0.56,0.66,0.56,1.14,0.72,0.27,0.71,0.4,0.6,1.07,2.2,0,0.6,0,1.33,2.84,1.51,0,0,0.91,0,0,0.64,1.01,1.69,1.4,2.16,0.8,1.04,2.12,7.66,0.64,1.17,1.18,1.37,1.47,1.42,2.05,1.18,0.88,1.31,0,0,0,0,0,0.94,1.39,0.97,1.58,0,0.61,0.56,0.73,0.56,1.38,1.13,0.91,0.42,0.64,0.48,1.08,1.26,0.43,0.53,0.49,0.84,0.74,0.6,0.5,0.36,0.64,0.45,0.22,0.63,0.71,0.58,0.59,0.48,0.82,0.51,0.47,0.97,0.54,0.62,NA,0.78,0.81,0.63,0.54,0.51,0.71,0.4,0.64,0.62,0.52,0.39,0.7,0.94,0.74,0.72,0.52,0.54,0.81,0.67,0.58,0.59,0.42,0.35,0.35,0.43,0.11,0.58,0.27,0.34,0.51,0.2,0.7,0.23,0.37,0.41,0.38,0.65,0.19,0.27,0.74,0.35,0.45,0.31,0.37,0.45,0.4,0.42,0.43,0.4,0.41,0.44,0.32,0.22,0.14,0.14,0.37,0.14,0.65,0.48,0.62,0.48,0.32,0.25,0.12,0.37,0.43,0.39,0.19,0.38,0.34,0.99,0.32,0.09,0.19,0.3,0.52,0.14,0.45,0.23,0.4,0.4,0.32,0.29,0.19,0.32,0.6,0.42,0.8,1.13,0.67,0.5,0.46,0.91,0.6,0.67,0.38,1.04,0.22,0.12,NA,0.08,0.43,0.13,0.89,0.83,1.12,0.3,0.45,0.44,0.48,0.23,0.35,0.89,0.39,0.73,0.99,0.35,0.15,0.11,0.33,0.2,0.08,0.42,0.66,0.58,0.54,0.26,1.33,0.42,1.05,0.32,0.37,0.45,0.7,0.48,0.93,0.06,0.53,1.24,0.68,0.65,0.61,0.51,0.65,0.57,2.88,0.75,1.14,1.14,0.76,0.86,1.19,1.33,0.45,1.83,0.98,0.42,1.27,0.75,0.92,1.12,1.04,0.48,0.75,0.27,0.13,0.18,0.32,0.21,0.75,0.26,0.18,0.33,0.15,0.46,0.28,0.3,0.63,0.23,0.45,0.46,0.64,1.16,1.23,0.98,0.92,1.22,1.02,0.63,0.88,0.57,0.4,0.43,0.53,0.61,0.4,0.29,1.06,1.19,1.12,0.99,1.1,0.42,0.72,1.01,0.38,0.44,0.7,1.11,1.47,0.78,0.59,0.98,1.13,0.29,0.5,0.84,0.58,0.53,0.87,0.43,0.38,0.38,0.11,0.1,0.07,0.08,0.32,0.41,0.54,0.12,0.1,0.15,0.15,0.62,0.67,0.47,0.61,0.21,0.42,0.68,0.72,0.91,0.98,0.7,0.75,0.65,0.65,0.34,0.64,0.76,0.41,0.06,0.66,0.6,0.51,0.38,0.23,0.78,1.15,1.02,0.47,0.29,1.14,0.32,0.2,0.46,0.35,1.23,0.89,0.69,0.38,0.29,0.61,0.46,0.57,0.93,0.54,0.59,0.61,0.53,0.57,0.16,0.42,0.29,0.26,0.26,0.19,1.04,0.35,0.46,0.41,0.18,0.42
22:2NMIDa?_perWWT,0.65,0.32,0.1,0.11,0.47,0.3,0.21,0.07,0.03,0.14,0.21,0.31,0.05,0.07,0.38,0.26,0.14,0.3,0.76,0.62,0.84,0.67,0.52,0.51,0,0.26,0.26,0.22,0.11,0.11,0.24,0.17,0.14,0.15,0.18,0.06,0.09,0.16,0.12,0.15,0.19,0.15,0.09,0.09,0.19,0.18,0.17,0.16,0.2,0.12,0.11,0.1,0.24,0.23,0.12,0.23,0.11,0.09,0.08,0.24,0.23,0.09,0.06,0.18,0.24,0.11,0.14,0.17,0.1,0,NA,0.13,0.03,0,0.05,0.07,0.07,NA,0.25,0.05,0.05,NA,0.07,0.03,0,0.07,0.07,0,0.1,0.09,0.37,0,0.12,0.08,0,0.12,0,0,0.18,0.21,0.14,0.21,0.09,0.08,0.04,0.65,0.2,0.16,0.22,0.18,0.24,0.22,0.05,0.54,0.12,0.21,0.37,0.18,0.35,0.29,0.31,0.24,0.06,0.12,0.23,0.2,0.04,0.24,0.07,0.21,0.13,0.04,0.15,0.27,0.18,0.09,0.08,0.11,0.13,0.24,0.1,0.19,0.09,0.16,0.29,0.21,0.2,0.23,0.19,0,0.14,0.25,0.24,0.16,0.18,0.12,0.35,0.2,0.26,0.2,0.08,0.28,0.22,0.3,0.23,0.13,0.2,0.41,0.23,0,0.05,0.08,0.1,0.23,0.21,0.17,0.36,0.25,0.14,0.29,0.01,0.11,0.23,0.12,0,0.15,0,0.05,0,0.15,0.05,0.05,0.16,0.15,0.31,0.14,0.07,0.05,0.2,0.2,0.32,0.19,0.08,0,0,0.06,0.07,0.43,0,0.4,0.26,0,0.43,0.67,0.37,0.44,0,0.15,0,0.21,0.24,0.59,0.81,0.51,0.7,0.26,0.47,0.8,0,0,0.42,0.53,0.73,0.85,0.75,0,0.65,0.31,0.61,0.38,0.51,0.43,0.43,0.42,0.94,0.54,0.43,0.63,0.28,0.06,0.24,0.09,0.39,0.75,0.59,0.28,0.06,0.26,0.21,0.44,0,0.18,0.21,0.21,0.22,0.31,0.12,0.21,0.17,0.29,0.22,0.04,0.26,0.23,0.04,0.15,0.18,0.3,0.23,0.17,0.23,0.02,0.26,NA,0.32,0.25,0.04,0.05,0.21,0.05,0.16,0.32,0.04,0.28,0.11,0.04,0.22,0.14,0.22,0.26,0.2,0.04,0.03,0.02,0.02,0.21,0.14,0.02,0.21,0.02,0.28,0.02,0.03,0.21,0.08,0.11,0,0.02,0.23,0.12,0.25,0.15,0.14,0.31,0.15,0.22,0.01,0.1,0.13,0.2,0.2,0.2,0.16,0.2,0.18,0.12,0.12,0,0,0.27,0.12,0.29,0.2,0.23,0.1,0.16,0.11,0,0.22,0.19,0.28,0.15,0.16,0,0.28,0.28,0.04,0.08,0.3,0.23,0.29,0.18,0.15,0.2,0.26,0.33,0,0.08,0.21,0.22,0.14,0.18,0.28,0.18,0.24,0.29,0.11,0.12,0.16,0.22,0.21,0.03,0.02,NA,0.01,0.14,0.02,0.13,0.08,0.2,0.09,0.11,0.09,0.04,0.03,0.06,0.32,0.06,0.11,0.29,0.1,0.03,0.01,0,0.03,0.01,0.17,0.26,0.23,0.19,0.08,0.25,0.17,0.17,0.15,0.14,0.15,0.24,0.08,0.28,0,0.15,0.75,0.32,0.44,0.19,0,0.1,0.15,0.32,0.21,0.29,0.35,0.3,0.28,0.28,0.76,0.04,0.38,0.28,0.12,0.24,0.03,0.21,0.16,0.16,0.18,0.21,0.04,0.02,0.04,0.05,0.03,0.24,0.07,0.04,0.05,0.02,0.18,0.08,0.1,0.23,0.05,0.19,0.11,0.06,0.36,0.17,0.38,0.11,0.24,0.32,0.26,0.07,0.27,0.16,0.22,0.34,0.3,0.13,0.17,0.41,0.35,0.09,0.23,0.46,0.17,0.17,0.25,0.06,0.13,0.19,0.22,0.31,0.16,0.13,0.28,0.25,0.13,0.16,0.32,0.12,0.25,0.43,0.18,0.16,0.16,0,0.01,0,0.01,0.06,0.09,0.09,0,0.01,0.01,0.02,0.3,0.41,0.32,0.28,0.1,0.11,0.19,0.12,0.34,0.27,0.25,0.05,0.21,0.22,0.04,0.2,0.11,0.23,0.01,0.19,0.36,0.33,0.05,0.05,0.09,0,0.15,0.08,0.06,0.12,0,0,0.07,0.06,0.24,0.13,0,0.13,0.06,0.09,0.07,0.12,0.3,0.2,0.08,0,0.05,0,0.06,0,0,0,0,0.07,0.33,0.11,0.09,0.12,0.07,0.06
22:2NMIDb?_perWWT,1.52,0.68,0.03,0.13,1.01,0.52,0.54,0.9,0.24,0.33,0.68,0.72,0.42,0.14,0.8,2.25,0.21,0.58,0.53,1.3,1.49,1.89,1.58,1.7,1.05,0.64,0.87,0.78,1.15,1.11,0.93,0.6,0.54,0.44,0.49,0.19,0.3,0.41,0.4,0.46,0.56,0.54,0.42,1.24,0.49,0.69,0.48,0.66,0.78,0.48,0.41,0.74,0.39,0.75,0.47,0.95,0.91,0.96,0.74,1.02,0.53,1.24,0.67,0.75,0.78,0.46,0.24,0.37,0.3,0.04,NA,0.51,0.38,0.02,0.42,0.21,0.18,NA,0.33,0.15,0.12,NA,0.29,0.02,0,0.09,0.24,0,0.27,0.16,0.55,0.01,0.21,0.15,0,0.17,0.04,0.03,0.42,0.46,0.21,0.27,0.13,0.16,0.11,2.29,0.39,0.35,0.51,0.57,0.24,0.41,0.05,0.41,0.53,0.57,0.76,0.55,0.82,0.85,0.91,0.62,1.2,0.39,0.62,0.36,0.94,0.32,0.61,0.84,0.46,0.8,0.36,0.97,0.64,1.14,0.82,0.98,0.43,0.66,0.44,0.5,0.12,0.25,0.84,0.76,0.5,0.61,0.54,0.01,0.33,0.47,0.66,0.28,0.36,0.3,0.79,0.3,0.54,0.46,0.16,0.61,0.48,0.51,0.39,0.64,0.4,1.12,0.45,0.12,0.12,0.92,1.43,0.81,0.44,0.61,0.91,0.36,0.31,0.66,0.03,0.14,0.82,0.26,0.08,0.53,0.56,0.1,0.14,0.24,0.12,1.15,0.46,0.27,1.26,0.64,1.14,0.82,0.69,0.55,0.47,2.23,1.09,0.04,0.19,0.94,1.11,1.69,1.33,1.73,0.66,0.48,1.2,1.76,1.34,0.92,0.9,1.76,0.74,0.95,0.77,1.62,2.17,2.13,2,0,1.83,2.27,0,0,1.64,1.55,2.3,1.87,1.61,1.11,1.8,0.96,1.96,0.04,0.13,0.03,0.15,0.11,0.09,1.88,1.15,1.66,0.07,1.6,0.51,1.68,0.55,1.85,0.99,1.16,0.9,0.61,0.59,0.77,0.51,0.68,0.59,0.62,0.73,0.72,0.62,0.5,0.58,0.75,0.54,0.15,0.81,0.66,1.21,0.53,0.72,0.68,0.55,0.73,0.88,0.96,1.2,NA,1.62,1.25,1.52,1.18,0.92,1.64,0.76,1.16,1.25,0.59,0.46,1.8,0.66,0.74,0.73,0.89,1.16,2.06,1.81,1.55,1.82,0.93,0.79,1.02,0.97,0.73,0.89,1.03,0.97,0.82,0.33,0.89,0.15,0.75,0.89,0.82,0.81,0.55,0.54,1.18,0.71,0.64,1.3,0.52,0.48,0.88,0.74,1.02,0.71,0.71,1.05,0.33,0.32,0,0.32,0.61,0.24,1.02,0.78,0.91,0.54,0.41,0.52,0,0.93,0.55,0.56,0.32,0.48,0.22,1.12,1.11,0.11,0.14,0.35,0.58,0.62,0.42,0.55,0.49,0.37,1.09,0.19,0.16,0.52,0.72,0.36,0.57,0.8,0.43,0.78,0.18,0.3,0.39,0.56,0.12,0.52,0.12,0.07,NA,0.04,0.49,0.04,0.5,0.25,1.43,0.26,0.3,0.23,0.14,0.11,0.18,1.03,0.2,0.49,0.84,0.81,0.09,0.04,0.02,0.1,0.05,0.55,0.89,0.83,0.62,0.28,0.68,0.5,0.48,0.43,0.48,0.42,0.72,0.32,0.82,0.02,0.69,0.83,0.23,0.36,0.77,0.03,0.1,0.55,1.02,0.79,0.69,1.18,0.56,0.73,0.68,0.86,0.08,0.62,0.89,0.34,0.64,0.14,0.76,0.43,0.59,0.26,0.58,0.06,0.05,0.1,0.17,0.07,0.4,0.09,0.06,0.51,0.14,0.61,0.14,0.43,0.8,0.08,0.43,0.41,0.66,0.64,0.34,0.58,0.67,0.44,0.71,0.61,0.15,0.63,0.43,0.47,0.94,0.61,0.3,0.37,0.8,1.05,1.29,0.76,0.84,0.54,0.69,0.81,0.3,0.49,0.66,0.78,0.79,0.51,1.03,0.79,0.32,0.43,0.39,0.84,0.27,0.66,0.85,0.45,0.49,0.33,0.01,0.03,0.02,0.03,0.34,0.17,0.36,0.01,0.04,0.02,0.05,0.74,1,0.78,0.59,0.22,0.55,0.78,0.84,0.9,0.6,1.08,0.56,0.75,0.61,0.08,0.51,0.3,0.27,0.02,0.26,0.47,0.43,0.13,0.15,0.25,0.22,0.21,0.1,0.09,0.19,0.02,0,0.17,0.16,0.76,0.31,0,0.53,0.45,0.21,0.64,0.34,0.95,0.61,0.27,0.08,0.2,0.1,0.23,0,0.02,0,0.01,0.22,0.35,0.47,0.27,0.42,0.26,0.16
21:5w3?_perWWT,0.03,0.02,0,0,0,0,0,0.01,0,0,0.12,0,0,0,0.02,0.03,0,0,0,0.06,0.05,0.05,0.05,0.04,0.04,0,0,0,0,0,0,0.05,0,0,0,0,0,0,0.01,0,0,0,0,0,0,0.02,0,0.03,0.01,0,0,0,0,0,0,0,0.03,0,0,0.03,0,0,0,0,0.03,0,0,0,0,0,NA,0,0,0,0,0,0,NA,0,0,0,NA,0,0,0,0,0,0,0.01,0,0,0,0,0,0,0,0.01,0,0,0.01,0,0,0,0,0,0.08,0,0,0,0,0.07,0.03,0,0,0,0,0,0.01,0,0,0,0,0,0,0.02,0,0,0,0,0,0,0,0,0,0,0.02,0,0,0,0.02,0,0,0,0,0,0,0,0,0,0,0,0,0,0,0,0,0,0,0,0,0,0,0,0,0,0,0,0.04,0,0,0,0,0,0,0,0,0,0,0,0,0,0,0,0,0,0,0,0,0,0,0,0,0,0,0,0,0,0,0,0,0,0.03,0,0,0,0,0,0.03,0,0,0.02,0,0.04,0.07,0,0.03,0,0.04,0,0,0,0,0.03,0.05,0,0,0.03,0.02,0,0,0.05,0.07,0.05,0.05,0.04,0.03,0.03,0,0.05,0.7,0.54,0.62,0.48,0.55,1.67,0.07,0.03,0.09,0.38,0,0,0,0.03,0.07,0,0.05,0,0,0,0.03,0,0,0,0,0,0,0,0,0,0,0,0.01,0,0,0,0,0,0,0.05,0.03,0,0,0,NA,0,0,0,0,0.02,0.07,0,0.08,0.09,0.05,0,0.09,0,0,0,0.05,0,0.08,0,0,0,0.05,0,0,0,0.02,0.05,0,0,0.04,0,0.04,0,0,0.06,0,0.07,0,0,0.1,0,0,0.04,0,0,0,0.04,0.02,0.02,0,0.05,0,0,0,0,0.02,0,0.03,0,0,0,0,0,0,0,0.03,0,0,0.03,0,0.05,0.07,0,0,0,0.06,0.02,0.03,0,0.04,0.02,0,0.01,0,0,0,0,0,0.02,0,0,0,0,0,0,0,0,0,0,NA,0,0,0,0,0,0,0,0,0,0,0,0,0,0,0,0,0,0,0,0,0,0,0,0,0,0,0,0,0,0,0,0,0,0,0,0,0,0,0,0,0,0,0,0,0,0,0,0,0,0,0,0,0,0,0,0,0,0.05,0,0,0,0,0,0,0,0,0.01,0,0,0,0,0,0,0,0,0,0,0,0,0,0,0,0,0,0,0,0,0,0,0,0.03,0.04,0,0.04,0.11,0.02,0.02,0.03,0.03,0,0,0,0,0,0.06,0,0,0.01,0.04,0.02,0,0,0.02,0,0.02,0,0.04,0,0.08,0.05,0,0.02,0,0,0,0,0,0,0,0,0.05,0,0,0,0,0.03,0.02,0,0,0,0,0,0,0,0,0,0,0,0,0,0,0,0,0,0,0,0,0,0,0,0,0,0,0,0,0,0,0,0,0,0,0,0,0,0,0,0,0,0,0,0,0,0,0,0,0,0,0,0,0,0,0,0,0
23:0_perWWT,0,0,0,0,0,0,0,0,0,0,0,0,0,0,0,0,0,0,0,0,0,0,0,0,0,0,0,0,0,0,0,0,0,0,0,0,0,0,0,0,0,0,0,0,0,0,0,0,0,0,0,0,0,0,0,0,0,0,0,0,0,0,0,0,0,0,0,0,0,0,NA,0,0,0,0,0,0,NA,0,0,0,NA,0,0,0,0,0,0,0,0,0,0,0,0,0,0,0,0,0,0,0,0,0,0,0,4.79,0,0,0,0,0,0,0,0,0,0,0,0,0,0,0,0,0,0,0,0,0,0,0,0,0,0,0,0,0,0,0,0,0,0,0,0,0,0,0,0,0,0,0,0,0,0,0,0,0,0,0,0,0,0,0,0,0,0,0,0,0,0,0,0,0,0,0,0,0,0,0,0,0,0,0,0,0,0,0,0,0,0,0,0,0,0,0,0,0,0,0,0,0,0,0,0,0,0,0,0,0,0,0,0,0,0,0,0,0,0,0,0,0,0,0,0,0,0,0,0,0,0,0,0,0,0,0,0,0,0,0,0,0,0,0,0,0,0,0,0,0,0,4.65,0,0,0,0,0,0,0,0,0,0,0,0,0,0,0,0,0,0,0,0,0,0,0,0,0,0,0,0,0,4.06,0,0,0,0,NA,0,0,0,0,0,0,4.44,0,0,0,0,0,0,0,0,0,0,0,0,0,0,0,0,0,0,0,0,0,0,0,0,0,0,0,0,0,0,0,0,0,0,0,0,0,0,0,0,0,0,0,0,0,0,0,0,0,0,0,0,0,0,0,0,0,0,0,0,0,0,0,0,0,0,0,0,0,0,0,0,0,0,0,0,0,0,0,0,0,0,0,0,0,0,0,0,0,0,0,0,NA,0,0,0,0,0,0,0,0,0,0,0,0,0,0,0,0,0,0,0,0,0,0,0,0,0,0,0,0,0,0,0,0,0,0,0,0,0,0,0,0,0,0,0,0,0,0,0,0,0,0,0,0,0,0,0,0,0,0,0,0,0,0,0,0,0,0,0,0,0,0,0,0,0,0,0,0,0,0,0,0,0,0,0,0,0,0,0,0,0,0,0,0,0,0,0,0,0,0,0,0,0,0,0,0,0,0,0,0,0,0,0,0,0,0,0,0,0,0,0,0,0,0,0,0,0,0,0,0,0,0,0,0,0,0,0,0,0,0,0,0,0,0,0,0,0,0,0,0,0,0,0,0,0,0,0,0,0,0,0,0,0,0,0,0,0,0,0,0,0,0,0,0,0,0,0,0,0,0,0,0,0,0,0,0,0,0,0,0,0,0,0,0,0,0
22:4w6?_perWWT,0,0,0.08,0,0,0,0,0,0,0,0,0.09,0,0,0,0,0,0,0,0,0.2,0,0,0,0,0,0,0,0,0,0,0,0,0,0,0,0,0,0,0,0,0,0,0,0,0,0,0,0,0,0,0,0,0,0,0,0,0,0,0,0,0,0,0,0,0,0,0,0.04,0,NA,0,0,0,0,0,0,NA,0,0,0,NA,0,0,0,0,0,0,0,0,0,0,0,0,0,0,0,0,0,0,0,0,0,0,0,0,0,0,0,0,0,0,0,0,0.05,0,0,0,0,0,0,0,0,0,0,0,0,0,0,0,0,0,0,0,0,0,0,0,0,0,0,0,0,0,0,0,0,0,0,0,0,0,0,0,0,0,0,0,0,0,0,0,0,0,0,0,0,0,0,0,0,0,0,0,0,0,0,0,0,0.26,0,0,0,0,0,0,0,0,0,0,0,0,0,0,0,0,0,0,0,0,0,0.02,0.05,0,0,0,0,0,0,0,0,0,0,0,0,0,0,0,0,0,0,0,0,0.02,0,0.08,0,0,0,0.01,0,0,0,0,0,0,0,0,0,0.31,0.59,0.42,0.63,0.44,1.22,0,0,0,0.47,0.05,0,0,0,0.04,0,0.03,0,0,0,0,0,0,0,0,0,0,0,0,0,0,0,0,0.03,0,0,0,0,0,0,0,0,0,0,NA,0,0,0,0,0,0,0,0,0,0,0,0,0.14,0,0,0,0,0.06,0,0,0,0,0,0,0,0,0,0,0,0,0,0,0,0,0,0,0,0,0,0,0,0,0,0,0,0,0,0,0,0,0,0,0.03,0,0,0,0,0.04,0,0,0,0,0,0,0,0,0,0,0.03,0,0,0,0,0,0,0,0,0,0,0,0,0,0.02,0,0,0,0,0,0.01,0,0,0.04,0,0.01,0.01,0,0,0,0.04,NA,0,0.1,0,0.04,0.08,0,0,0,0.05,0,0.06,0.02,0,0,0,0,0,0,0,0,0.06,0,0.01,0.12,0,0,0,0.16,0,0.25,0.06,0,0.08,0.12,0,0,0,0,0.03,0,0,0,0,0.23,0,0.31,0,0,0,0,0,0.09,0,0.06,0.21,0.05,0,0.06,0.08,0.19,0.23,0,0,0.08,0,0,0,0,0.03,0.05,0.01,0,0,0,0,0.01,0,0,0,0.02,0,0,0,0.05,0,0.28,0,0.24,0,0.24,0.02,0,0.2,0,0,0.16,0,0.01,0,0.18,0,0,0.02,0,0.07,0,0,0,0.07,0.03,0,0.08,0,0,0.01,0.08,0.01,0,0,0.03,0.14,0,0.08,0.02,0,0,0,0,0,0,0,0,0,0.05,0,0,0,0,0.02,0,0.07,0.04,0.14,0.14,0.07,0.18,0,0,0,0,0,0,0,0,0,0,0,0,0,0,0,0,0,0,0,0,0,0,0,0,0,0,0,0,0,0,0,0,0,0,0,0,0,0,0,0,0,0,0,0,0,0,0,0
22:5w6_perWWT,1.16,0.58,0.12,0.1,0.58,0.32,0.36,0.23,0.16,0.39,0.52,0.34,0.22,0.11,0.52,0.9,0.18,0.6,0.34,0.8,0.96,0.97,0.89,1.06,0.64,0.47,0.57,0.56,0.47,0.43,0.45,0.34,0.39,0.26,0.28,0.16,0.27,0.29,0.25,0.29,0.39,0.25,0.28,0.55,0.27,0.49,0.28,0.45,0.55,0.3,0.32,0.32,0.23,0.47,0.27,0.44,0.45,0.32,0.43,0.63,0.46,0.68,0.25,0.25,0.66,0.29,0.36,0.22,0.21,0.08,NA,0.24,0.1,0.04,0.24,0.23,0.19,NA,0.25,0.06,0.11,NA,0.11,0.03,0.02,0.07,0.11,0.02,0.35,0.12,0.29,0.03,0.13,0.1,0.02,0.09,0.05,0.01,0.21,0.2,0.12,0.17,0.1,0.15,0.06,1.44,0.53,0.26,0.34,0.59,0.35,0.48,0.05,0.27,0.34,0.32,0.55,0.29,0.47,0.36,0.28,0.33,0.31,0.29,0.42,0.17,0.23,0.31,0.24,0.31,0.2,0.24,0.2,0.23,0.21,0.33,0.26,0.37,0.22,0.33,0.16,0.23,0.13,0.15,0.43,0.41,0.35,0.28,0.42,0.05,0.25,0.33,0.39,0.2,0.29,0.17,0.48,0.48,0.42,0.26,0.12,0.45,0.32,0.34,0.27,0.4,0.21,1.29,0.28,0.13,0.15,0.35,0.42,0.32,0.21,0.39,0.92,0.25,0.22,0.36,0.06,0.18,0.58,0.25,0.11,0.3,0.38,0.14,0.3,0.24,0.15,0.38,0.28,0.21,0.38,0.56,0.35,0.31,0.35,0.46,0.47,1.12,0.34,0.09,0.14,0.37,0.28,0.96,0.44,1.14,0.72,0.14,1.26,1.12,0.4,0.73,0.42,0.71,0.18,0.39,0.57,0.83,1.15,1.47,1.23,0.22,0.97,1.13,0.88,0.22,1.08,1.33,1.37,1.14,0.82,0.78,1.54,0.3,1.78,0.26,0.39,0.24,0.36,0.31,0.85,1.18,0.91,1.26,0.2,0.3,0.37,0.57,0.43,1.11,0.3,0.72,0.4,0.53,0.32,0.84,0.43,0.5,0.47,0.45,0.69,0.54,0.47,0.4,0.35,0.38,0.44,0.18,0.58,0.57,0.5,0.42,0.53,0.48,0.44,0.42,0.61,0.44,0.55,NA,0.62,0.54,0.53,0.56,0.51,0.74,0.28,0.59,0.7,0.44,0.38,0.74,0.56,0.73,0.54,0.48,0.46,0.6,0.8,0.41,0.51,0.3,0.25,0.34,0.26,0.15,0.32,0.23,0.31,0.28,0.09,0.29,0.12,0.23,0.3,0.16,0.25,0.13,0.18,0.52,0.36,0.36,0.3,0.18,0.31,0.29,0.38,0.4,0.41,0.33,0.55,0.22,0.11,0.04,0.16,0.41,0.15,0.36,0.37,0.35,0.43,0.3,0.4,0.05,0.35,0.36,0.31,0.16,0.37,0.24,0.26,0.6,0.09,0.15,0.19,0.49,0.32,0.29,0.25,0.4,0.27,0.32,0.39,0.19,0.27,0.71,0.44,0.51,0.53,0.38,0.38,0.24,0.27,0.47,0.41,0.17,0.48,0.11,0.05,NA,0.06,0.52,0.05,0.24,0.2,0.48,0.29,0.14,0.12,0.14,0.07,0.11,0.36,0.08,0.18,0.81,0.13,0.05,0.04,0.05,0.08,0.06,0.32,0.5,0.36,0.35,0.22,0.48,0.29,0.41,0.25,0.33,0.39,0.53,0.18,0.57,0.04,0.25,0.29,0.17,0.21,0.41,0.24,0.24,0.43,0.51,0.52,0.31,0.22,0.24,0.23,0.52,0.56,0.07,0.18,0.37,0.1,0.43,0.18,0.37,0.24,0.37,0.19,0.45,0.08,0.07,0.1,0.19,0.05,0.37,0.13,0.1,0.15,0.12,0.33,0.16,0.25,0.4,0.06,0.23,0.14,0.17,0.35,0.34,0.36,0.27,0.37,0.38,0.27,0.24,0.26,0.23,0.18,0.32,0.38,0.21,0.31,0.61,0.42,0.27,0.27,0.08,0.26,0.43,0.58,0.22,0.29,0.61,0.63,1.09,0.47,0.46,0.65,0.21,0.25,0.19,0.5,0.17,0.25,0.55,0.22,0.39,0.37,0.02,0.04,0.02,0.03,0.21,0.25,0.38,0.04,0.06,0.06,0.06,0.3,0.41,0.35,0.33,0.11,0.24,0.36,0.43,0.33,0.36,0.42,0.35,0.35,0.28,0.04,0.43,0.15,0.11,0.02,0.11,0.22,0.17,0.07,0.08,0.13,0.1,0.12,0.07,0.09,0.16,0.02,0.03,0.11,0.08,0.33,0.13,0,0.24,0.18,0.09,0.27,0.23,0.33,0.29,0.12,0.1,0.1,0.07,0.09,0.02,0.01,0.01,0.05,0.09,0.25,0.19,0.15,0.23,0.12,0.07
22:4w3?_perWWT,0.02,0.01,0,0,0,0,0,0,0,0,0,0,0,0,0,0.11,0,0,0.06,0.02,0.03,0.02,0.02,0.05,0,0,0,0,0,0,0,0.11,0,0,0,0,0,0,0,0,0.12,0.06,0,0,0,0.07,0,0,0,0.09,0.07,0,0,0,0,0,0.14,0.07,0,0,0,0,0,0,0,0,0.04,0,0,0,NA,0,0,0,0,0.02,0,NA,0,0,0,NA,0,0,0,0,0,0,0.02,0,0.01,0,0,0,0,0,0,0,0,0,0,0,0,0,0,0,0,0,0,0,0.12,0,0,0,0,0,0.05,0,0,0,0.05,0,0,0,0.03,0,0,0.01,0.08,0,0,0,0.06,0,0.12,0,0,0.05,0,0,0,0,0,0,0,0,0,0,0,0,0,0,0,0,0,0,0,0,0,0,0,0.04,0,0,0,0,0,0.03,0,0,0,0,0,0,0,0,0,0,0,0,0,0,0,0,0,0,0,0,0,0,0,0,0,0,0,0,0,0,0,0,0.06,0,0,0,0,0.09,0,0.06,0,0,0,0,0,0.01,0,0,0.02,0,0.05,0.03,0.02,0,0,0,0,0,0,0,0.27,0,0,0,0,0,0,0,0,0,0,0,0,0,0,0,0,0,0,0,0,0,0,0,0,0,0,0,0,0,0,0,0,0,0,0,0.03,0,0,0,0,0,0,0,0,0,0,0.02,0,0,0,0,0,0,0,NA,0,0,0,0,0,0,0,0,0,0,0,0,0,0,0,0,0,0,0,0,0,0,0,0,0,0,0,0,0,0,0,0,0,0,0,0,0,0,0,0,0,0,0,0,0,0,0,0,0,0,0,0,0,0,0,0.03,0,0,0,0,0,0,0.02,0,0.04,0,0,0,0,0,0,0,0,0,0,0.01,0.03,0.02,0,0,0,0,0,0.03,0,0,0,0,0,0,0,0.03,0,0.01,0,0,0,0,0,NA,0,0,0,0,0,0,0,0,0,0.01,0,0,0,0,0,0,0,0,0,0,0,0,0,0,0,0,0,0,0,0,0,0,0,0,0,0,0,0,0.03,0,0,0,0,0,0,0,0,0,0,0.06,0,0,0,0,0,0,0,0,0,0,0,0,0,0.01,0,0,0,0,0,0,0.01,0,0,0,0,0,0,0,0,0,0,0,0,0.03,0,0,0,0,0,0,0,0,0,0,0,0,0,0.03,0,0,0,0,0,0,0,0,0,0,0,0,0,0,0,0,0,0,0,0,0,0,0,0,0,0,0,0,0,0.03,0,0,0,0,0,0,0,0,0,0,0,0,0,0,0,0,0,0,0,0,0,0,0,0,0,0,0,0,0,0,0,0,0,0,0,0,0,0,0,0,0,0,0,0,0,0,0,0,0,0,0,0,0,0,0,0,0,0,0,0,0,0,0,0,0,0
22:5w3_perWWT,4.78,2.94,1.4,0.82,3.71,1.62,1.62,1.16,0.53,2.45,3.69,1.88,0.98,0.4,2.48,4.29,1.03,3.24,2.06,3.92,3.96,4.14,3.67,4.43,2.84,1.42,1.42,1.65,1.5,1.67,2.11,1.71,1.58,1.45,1.94,0.75,1.26,1.97,1.72,1.86,1.78,1.41,1.52,2.21,1.48,1.68,1.82,1.68,1.85,1.48,1.35,1.34,1.45,2.29,1.32,1.5,1.63,1.2,1.36,2.11,2.26,2.98,1.23,1.15,2.58,1.58,1.96,1.1,1.21,0.34,NA,1.31,0.48,0.18,0.95,0.69,1.12,NA,1.45,0.71,0.9,NA,1.43,0.33,0.27,1.04,1.48,0.39,1.56,0.69,1.49,0.19,0.74,0.86,0.33,0.8,0.49,0.14,1.18,1.18,1.36,1.07,0.53,1.05,0.83,6.47,3.58,1.15,2.21,2.36,1.83,2.88,0.47,2.21,1.19,1.51,2.33,1.54,2.07,1.84,1.55,1.49,1.28,0.94,2.05,0.88,1.05,1.21,1.39,1.33,1.41,1.07,1.44,1.17,1.05,1.38,1.12,1.39,1.05,1.51,0.75,1.13,0.74,0.69,1.43,1.28,1.37,1.38,1.27,0.22,1.03,1.14,1.72,0.91,1.31,0.68,1.7,0.51,1.4,1.29,0.56,1.62,1.11,1.23,1.15,1.61,0.95,3.87,1.1,0.53,0.57,1.64,1.68,1.63,1.24,1.48,3.55,1.44,0.87,1.3,0.32,0.79,2.04,0.72,0.53,1.11,1.42,0.49,0.97,1.15,0.78,1.4,1.34,1.06,1.6,2.12,1.52,1.44,1.21,1.7,2.95,4.14,1.81,0.4,0.69,1.76,1.67,4.23,1.9,4.04,3.23,0.71,4.3,5.31,2.31,3.81,1.66,3.06,0.93,1.47,3.49,3.6,5.15,5.01,4.58,1.21,4.82,5.35,0,0,4.65,5.36,5.65,6,4.99,3.9,5.03,1.8,4.55,1.45,1.51,1.54,1.59,1.47,4.54,5.29,4.58,5.95,1.13,2.04,1.76,2.84,1.73,6.35,3.15,3.83,2.02,2.41,1.59,3.84,1.52,2.11,1.57,1.44,2.38,1.87,1.83,1.54,1.06,1.52,1.88,1.01,2.54,1.99,1.97,1.46,1.49,1.74,1.88,1.53,2.22,1.7,1.77,NA,2.24,1.68,1.61,2,1.57,1.93,0.92,2.37,2.71,1.61,1.31,1.88,1.9,2.03,1.87,1.38,1.45,2.16,2.19,1.28,1.54,1.72,1.32,1.31,1.4,0.82,2.01,1.32,1.44,1.33,0.55,2.13,0.69,1.1,1.84,1.01,1.78,1.4,1.09,2.8,1.52,2.06,1.39,0.95,1.43,1.3,1.93,1.94,2.44,1.9,2.21,1.22,0.6,0.18,0.55,1.78,0.84,1.83,2.13,2.04,2.02,2.27,1.35,0.23,1.78,2.81,1.94,0.99,1.86,0.98,3.91,2.96,0.71,1.01,1.39,3.19,2.47,1.37,1.75,3.29,1.62,1.79,2.34,1.04,1.72,2.21,1.53,2.19,1.91,1.47,1.59,1.72,1.11,1.24,1.66,1.37,1.79,0.49,0.22,NA,0.25,1.57,0.22,1.4,0.76,2.17,1.41,0.68,0.64,0.58,0.3,0.54,1.81,0.5,0.84,2.28,0.83,0.19,0.21,0.21,0.27,0.21,1.01,1.43,1.6,1.12,0.69,1.59,1.17,1.41,0.98,1.2,1.24,1.6,0.73,1.32,0.26,1.01,1.53,1.12,1.68,1.18,0.81,2.04,1.12,1.51,1.71,1.89,1.23,1.57,1.42,2.28,2.64,0.26,0.92,1.4,1.03,1.85,0.71,2.09,0.95,1.43,1.78,1.52,0.68,0.39,0.55,1.16,0.3,2.24,1.04,0.82,0.93,0.4,1.83,1.18,0.98,2.03,0.4,1.35,1.35,1.56,3.02,1.56,1.68,1.03,1.99,2.64,1.62,0.97,1.31,0.98,0.88,1.73,1.73,0.9,1.01,2.33,2.6,1.12,1.44,0.57,0.76,1.01,1.92,0.66,0.91,1.41,1.68,2.07,1.13,1.32,1.43,1.19,1.05,1.13,2.4,0.93,1.62,2.35,1.37,1.5,1.42,0.13,0.15,0.1,0.16,0.98,0.77,1.27,0.11,0.29,0.33,0.3,1.36,1.75,1.6,1.39,0.66,0.91,1.2,1.11,1.37,1.67,1.48,1.1,1.08,1.15,0.24,1.23,0.49,0.79,0.15,0.78,1.22,1.09,0.59,0.49,0.71,0.63,0.79,0.41,0.63,0.94,0.16,0.1,0.54,0.36,1.46,0.77,0.06,1.32,0.95,0.5,1.59,1.34,1.8,1.78,0.61,0.63,0.55,0.52,0.56,0.07,0.08,0.06,0.24,0.53,1.76,1.02,1.16,1.2,0.75,0.46
24:0_perWWT,0.05,0.02,0.01,0.02,0.05,0.02,0.02,0.03,0.02,0.05,0.04,0.06,0.02,0.03,0.05,0.05,0,0.07,0.06,0.12,0.09,0.13,0.06,0.11,0.07,0.05,0.02,0.05,0.04,0.03,0.03,0.07,0.05,0.04,0.03,0.02,0.04,0,0.01,0.02,0.02,0.04,0.02,0.05,0,0.03,0.05,0.05,0.07,0.05,0.04,0,0,0.08,0,0.05,0.05,0.04,0.04,0.02,0.05,0.06,0,0.04,0.05,0,0.03,0,0.03,0,NA,0.03,0,0,0,0,0.04,NA,0,0,0.03,NA,0,0,0,0.02,0.02,0.01,0.04,0.03,0.03,0,0.03,0.03,0.02,0.02,0.01,0.01,0.03,0.04,0,0.05,0.02,0.03,0.02,0.09,0.08,0.05,0.06,0.06,0.06,0.08,0.02,0.05,0.04,0.04,0.06,0.04,0.06,0.04,0.05,0.05,0,0,0.05,0.04,0,0.04,0,0.04,0,0,0,0.04,0,0.04,0,0.05,0.03,0.05,0,0.03,0,0,0.06,0.03,0.03,0,0.05,0,0.02,0.03,0.02,0.05,0,0,0.04,0,0.04,0.03,0.03,0.04,0.04,0.05,0.04,0.07,0.04,0.06,0.03,0,0.02,0.03,0.05,0,0.03,0.04,0.05,0.03,0,0.03,0,0.01,0.06,0.03,0.02,0.05,0,0.02,0,0.03,0.02,0.03,0,0.03,0.05,0.04,0,0.03,0.03,0.05,0.06,0.07,0,0.03,0,0.04,0.04,0.05,0.05,0.06,0.04,0,0.06,0.1,0.04,0.05,0.02,0.03,0,0.03,0.04,0.18,0.09,0.06,0.04,0,0.08,0.05,0,0,0.08,0.08,0.08,0.09,0.06,0.04,0.06,0.03,0.05,0,0.03,0.02,0.03,0.02,0.04,0.08,0.06,0.07,0.01,0.02,0.03,0.05,0.03,0.09,0,0.04,0,0.05,0,0.05,0.02,0.03,0.04,0.03,0.04,0.04,0.03,0.03,0,0.03,0.03,0,0.03,0.04,0.02,0.02,0.02,0.04,0.03,0.03,0.04,0.02,0.02,NA,0.03,0.02,0.02,0.02,0.02,0.02,0.01,0.03,0.02,0.03,0.01,0.03,0.04,0.04,0.03,0.02,0,0.02,0,0.02,0.02,0.02,0,0,0,0,0,0,0,0,0,0.03,0,0,0,0,0.02,0.02,0.01,0,0,0,0,0,0,0,0,0,0,0.02,0.03,0.01,0,0,0.01,0,0,0.02,0.02,0,0.03,0.02,0.03,0.02,0,0,0,0,0.01,0,0,0,0,0,0,0,0,0.01,0,0,0,0,0.01,0,0,0.01,0.02,0.01,0.01,0.01,0.01,0.02,0.01,0.01,0.01,0.01,0.01,0.02,0.01,NA,0.01,0.01,0.01,0.05,0.04,0.06,0.02,0.02,0.02,0.02,0.02,0.02,0.05,0.01,0.03,0.01,0.02,0.01,0.01,0.01,0.01,0.01,0.01,0.01,0.01,0.01,0,0.02,0.01,0.02,0.01,0.01,0.01,0.03,0.02,0.02,0.01,0.02,0.07,0.02,0.03,0.01,0.02,0.03,0.01,0.01,0.02,0.03,0.05,0.03,0.02,0.03,0.01,0.01,0.03,0.01,0,0.01,0.01,0.03,0.03,0.02,0.02,0.03,0.02,0.02,0,0.02,0.01,0.01,0,0.02,0,0.02,0.02,0.02,0.03,0.03,0.01,0.05,0.02,0.03,0.06,0.03,0.06,0.01,0.04,0.05,0.02,0.02,0.02,0.02,0.02,0.01,0.01,0.02,0.01,0.03,0.01,0.01,0.03,0.03,0.02,0.01,0.02,0.01,0.02,0.01,0.02,0.03,0.01,0.02,0.02,0.02,0.01,0.02,0.02,0.02,0.01,0.01,0.01,0.02,0.01,0.01,0.01,0.01,0.01,0.02,0,0.01,0.01,0.01,0.01,0.01,0.04,0.06,0.03,0,0,0.02,0.01,0.01,0.01,0.03,0.01,0.01,0.02,0,0,0.04,0,0,0.01,0.02,0,0.03,0,0,0.02,0,0.03,0.02,0.02,0.06,0.01,0,0.03,0,0.05,0.03,0,0.03,0.03,0,0.02,0.03,0.04,0.03,0.03,0,0.02,0.02,0,0,0,0,0.01,0,0.04,0.02,0.02,0.02,0,0
22:6w3_perWWT,11.59,8.46,7.53,2.99,10.82,3.2,3.34,3.02,1.55,5.69,9.06,3.28,2.41,1.21,5.84,12.53,3.66,7.41,6.99,8.69,10.08,10.82,9.73,11.85,7.09,3.93,4.71,5.14,4.36,5.24,5.6,3.95,4.32,4.43,4.77,1.4,3.4,3.75,3.52,4.97,4.38,4.04,4.04,7,4.1,5.64,5.02,6.66,6.91,4.2,3.8,3.51,4.29,8.64,4.17,4.36,5.02,3.62,5.23,6.98,8.43,8.24,3.29,3.99,9.25,3.89,5.44,3.6,3.7,0.94,NA,4.07,2.05,0.45,2.46,2.13,2.95,NA,4.31,1.29,2.06,NA,2.93,0.91,0.65,1.67,2.22,0.86,3.64,1.67,4.66,0.58,1.99,1.89,0.87,1.74,1.34,0.39,2.96,4.06,2.52,3.28,1.92,1.72,1.28,16.73,7.16,6.14,6.32,7.26,7.72,10.97,1.24,6.54,3.71,6.03,7.21,5.53,8.38,5.32,5.4,6.79,3.33,3,6.64,2.4,2.74,5.44,4,5.32,4.09,3.96,3.02,4.25,3.74,4.63,4.08,5.45,4.11,5.19,2.21,3.25,1.81,1.99,5.86,3.68,3.17,3.1,3.9,0.98,2.18,2.68,4.89,3.2,3.4,2.07,4.55,2.3,6.08,3.86,1.88,5.24,3.2,5.39,3.07,5.16,4.4,12.37,2.67,1.81,1.53,4.22,4.34,4.87,3.12,4.61,8.08,2.57,2.39,3.35,1.16,1.95,4.81,1.88,1.14,4.49,3.82,1.21,2.16,2.27,1.37,4.64,2.49,1.77,4.76,4.79,4.52,3.48,4.5,4.57,9.3,11.08,4.56,1.27,2.46,4.69,4.01,9.33,5.2,10.97,7.95,1.94,10.95,13.76,6.21,11.91,4.9,8.68,2.77,4.05,10.97,10.57,11.34,14.25,11.81,3.05,12.89,12.92,12.96,3.14,12.66,12.32,13.61,14.05,11.15,10.23,13.04,4.71,10.42,3.51,3.84,3.57,3.5,3.69,10.82,13.69,10.72,14.07,2.91,5.31,4.64,7.08,4.74,14.1,4.75,10.11,4.71,5.78,4.21,10.26,2.36,4.78,4.99,4.48,7.3,4.66,5.29,4.54,2.34,4.16,3.94,2.02,6.13,5.19,4.43,4.13,3.89,5.15,4.82,3.56,7.05,5.77,4.85,NA,6.41,5.5,5.28,5.39,4.38,6.96,2.4,6.02,6.42,4.33,3.36,5.68,6.86,5.91,5.29,4.13,4.43,7.02,7.61,4.81,5.46,4.55,3.07,4.29,3.18,2.12,4.29,4.37,3.57,3.36,1.55,4.06,2.64,3.2,5.17,2.72,4.04,2.87,2.75,6.48,4.78,4.74,5.71,2.28,3.62,3.59,5.64,6.3,6.28,3.84,7.24,2.6,1.89,0.84,1.98,5.04,1.41,6.18,6.46,4.49,7.59,4.6,3.99,1.47,4.5,5.31,4.91,2.12,5.62,2.92,11.9,7.8,1.37,2.17,2.89,7.29,4.69,4.27,4.01,8.47,4.43,4.48,6.76,3.32,4.18,4.48,3.21,4.48,3.75,3.05,3.71,8.02,2.06,2.46,3.19,5.74,3.55,1.27,0.47,NA,0.61,3.4,0.54,6.49,4.28,10.57,3.94,3.39,3.66,3.19,1.7,3.04,7.35,3.05,5.26,4.18,1.75,0.39,0.57,0.6,0.51,0.52,2.57,3.91,3.83,2.98,2.42,5.41,3.59,4.72,2.95,4.35,3.39,4.6,2.47,4.35,0.56,2.04,4.8,3.91,6.28,3.73,4.36,8.49,2.82,4.07,5.04,4.26,3.02,4.24,4.44,8.08,8.23,1.17,2.61,5.4,1.96,7.4,3.24,6.31,3.05,6.39,4.7,9.2,1.83,2.03,3.1,3.6,1.27,8.42,2.39,2.01,3.13,2.5,4.8,2.87,2.62,5.82,1.24,4.06,3.1,3.69,7.43,7.75,6.33,4.59,9.44,6.53,4.35,5.18,3.17,3.3,2.86,4.66,5.35,2.46,2.86,7.89,7.1,4.03,4.24,1.7,2.28,2.87,4.93,1.74,2.45,3.86,4.94,6.61,2.92,3.54,4.31,3.76,3.21,2.9,8.03,2.92,4.83,6.16,3.44,4.76,4.88,0.43,0.44,0.41,0.51,1.82,1.79,2.56,0.57,1,1.08,1.37,6.48,8.66,6.97,8.31,3.08,1.62,4.22,4.15,4.78,5.06,5.38,4.51,4.18,3.72,0.98,3.43,1.07,5.21,0.62,3.97,7.74,7.24,1.42,1.66,2.64,2.36,3.17,1.38,2.75,3.96,0.52,0.67,1.69,1.41,5.3,2.91,0.04,3.69,3.02,1.68,3.88,3.73,4.34,3.9,2.6,1.58,2.37,1.62,1.47,0.33,0.33,0.34,1.11,2.44,5.62,3.41,2.67,2.75,1.92,1.83
24:1(24:1n-9)_perWWT,0.49,0.28,0.64,0.31,0.58,0.23,0.17,0.19,0.13,0.61,0.63,0.4,0.22,0.09,0.42,0.59,0.15,0.39,1.04,0.44,0.75,0.68,0.66,0.88,0.53,0.2,0.2,0.21,0.22,0.23,0.22,0.18,0.19,0.26,0.19,0.08,0.14,0.16,0.14,0.22,0.21,0.15,0.27,0.26,0.23,0.29,0.24,0.26,0.29,0.19,0.13,0.14,0.14,0.29,0.13,0.2,0.19,0.21,0.22,0.25,0.31,0.29,0.11,0.18,0.26,0.22,0.21,0.14,0.16,0.02,NA,0.13,0.09,0.03,0.06,0.09,0.13,NA,0.14,0.07,0.16,NA,0.11,0.06,0.03,0.09,0.12,0.04,0.18,0.09,0.12,0.02,0.09,0.1,0.05,0.1,0.06,0.02,0.09,0.16,0.07,0.12,0.15,0.11,0.08,0.69,0.26,0.25,0.2,0.26,0.25,0.33,0.06,0.27,0.15,0.23,0.34,0.2,0.21,0.21,0.21,0.29,0.13,0.11,0.33,0.15,0.06,0.28,0.23,0.2,0.29,0.12,0.15,0.2,0.24,0.18,0.16,0.27,0.3,0.34,0.15,0.14,0.05,0.11,0.61,0.21,0.21,0.23,0.46,0.02,0.16,0.22,0.2,0.38,0.19,0.12,0.23,0.22,0.03,0.14,0.12,0.21,0.34,0.35,0.21,0.75,0.38,0.69,0.19,0.06,0.13,0.17,0.28,0.37,0.22,0.27,0.36,0.2,0.19,0.16,0.02,0.1,0.26,0.2,0.09,0.35,0.14,0.1,0.11,0.21,0.13,0.28,0.17,0.18,0.29,0.07,0.21,0.17,0.22,0.44,0.48,0.68,0.28,0.09,0.3,0.3,0.32,0.46,0.44,0.6,0.48,0.21,0.83,0.74,0.5,0.48,0.11,0.41,0.25,0.29,0.7,0.7,0.23,0.51,0.36,0.22,0.81,0.53,0.49,0.13,0.63,0.85,0.51,0.76,0.7,0.5,0.79,0.41,0.67,0.31,0.53,0.39,0.06,0.31,0.62,0.56,0.79,0.75,0.11,0.51,0.32,0.49,0.15,0.79,0.31,0.55,0.24,0.34,0.3,0.81,0.09,0.1,0,0,0.21,0,0,0,0,0,0.19,0.07,0,0,0.13,0,0,0,0.07,0,0,0,0,NA,0,0,0,0,0,0,0,0,0,0,0,0,0,0,0,0,0,0,0,0,0,0,0,0,0,0,0,0,0,0,0,0,0,0,0,0,0,0,0,0,0,0,0,0,0,0,0,0,0,0,0,0,0,0,0,0,0,0,0,0,0,0,0,0,0,0,0,0,0,0,0,0,0,0,0,0,0,0,0,0,0,0,0,0,0,0.11,0.2,0.25,0.22,0.18,0.08,0.59,0.13,0.06,0.18,0.58,0.1,0.08,0.04,NA,0.04,0.1,0.06,0.27,0.18,0.42,0.13,0.15,0.15,0.13,0.09,0.14,0.29,0.12,0.16,0.15,0.17,0.05,0.05,0.05,0.04,0.04,0.18,0.23,0.25,0.24,0.13,0.3,0.2,0.22,0.15,0.21,0.2,0.33,0.21,0.26,0.03,0.15,0.89,0.24,0.56,0.22,0.57,0.9,0.22,0.32,0.26,0.19,0.27,0.23,0.33,0.11,0.53,0.08,0.37,0.09,0.1,0.43,0.13,0.24,0.22,0.22,0.39,0.46,0.12,0.13,0.15,0.23,0.05,0.56,0.16,0.14,0.17,0.19,0.25,0.19,0.18,0.4,0.13,0.28,0.22,0.22,0.6,0.24,0.44,0.2,0.31,0.33,0.25,0.08,0.24,0.09,0.26,0.34,0.34,0.22,0.09,0.31,0.27,0.25,0.31,0.34,0.14,0.07,0.3,0.14,0.16,0.23,0.34,0.19,0.22,0.2,0.29,0.32,0.23,0.18,0.7,0.25,0.32,0.51,0.22,0.32,0.32,0.02,0.03,0.02,0.04,0.15,0.12,0.17,0.03,0.05,0.08,0.06,0.21,0.23,0.19,0.19,0.07,0.13,0.14,0.13,0.26,0.22,0.11,0.14,0.11,0.37,0.05,0.19,0.16,0.12,0.04,0.18,0.18,0.13,0.09,0.18,0.29,0.14,0.42,0.21,0.14,1.24,0.11,0.04,0.24,0.24,0.54,0.27,0.08,0.15,0.24,0.05,0.17,0.13,0.22,0.22,0.19,0.06,0.11,0.08,0.11,0.03,0.03,0.04,0.08,0.08,0.75,0.07,0.14,0.1,0.11,0.05
