"","year","longitude","latitude","bottom_depth","peak_timing","SSTcumanom45","spring_ice_fraction","ice_retreat_timing","bloom_type","bsregion"
"3",1998,-165.403882564983,54.8252848549119,-157.656688316472,149,-19.1321152777778,0,0,"ice_free","1"
"14",1998,-166.482629508521,55.2544406363614,-135.612742660783,157,-26.8738527777778,0,0,"ice_free","4"
"15",1998,-165.441949610076,55.1965614225006,-116.667513661448,149,-26.2263847222222,0,0,"ice_free","4"
"16",1998,-164.523876767345,55.2091557796718,-87.2791534412099,149,-20.2621305555556,0,0,"ice_free","1"
"25",1998,-167.450478524817,55.7137251559218,-135.313973585498,149,-24.1429875,0,0,"ice_free","4"
"26",1998,-166.489277829662,55.7074150588708,-126.302675385968,149,-25.5662263888889,0,0,"ice_free","4"
"27",1998,-165.503185464171,55.7791780836252,-108.353677495382,157,-21.8785277777778,0,0,"ice_free","4"
"28",1998,-164.46662396752,55.7751237395456,-94.8721030115674,149,-17.7942402777778,0,0,"ice_free","3"
"29",1998,-163.479862792651,55.7755979693625,-83.9959652456287,149,-16.4381888888889,0,0,"ice_free","1"
"30",1998,-162.546295121674,55.8475054049992,-60.8598643651514,149,-1.02455867235346,0,0,"ice_free","1"
"40",1998,-167.372204335168,56.2884794175179,-122.98709693229,149,-19.7018402777778,0,0,"ice_free","4"
"41",1998,-166.580366657718,56.2919619730543,-108.448129859638,149,-16.9240597222222,0,0,"ice_free","4"
"42",1998,-165.521506690273,56.2593207910154,-91.2831471454565,165,-21.1642083333333,0.100976080246914,51,"ice_free","3"
"43",1998,-164.395460812859,56.2544962222082,-86.6612747462971,149,-9.10015694444444,0,0,"ice_free","3"
"44",1998,-163.551293039474,56.2307500423507,-85.389847550239,149,-7.16016805555556,0,0,"ice_free","3"
"45",1998,-162.493344977699,56.2281349674041,-75.6528740857411,149,-3.00324861111111,0,0,"ice_free","1"
"46",1998,-161.469907296114,56.2749400521705,-57.3441491521057,117,5.58994444444444,0,0,"ice_free","1"
"51",1998,-172.480264095486,56.8561391606955,-113.682429369597,141,-45.2407902777778,0,0,"ice_free","8"
"53",1998,-170.484470786762,56.7501489925533,-101.004502012573,85,-19.5204583333333,0,0,"ice_free","5"
"54",1998,-169.492564147596,56.7367704561096,-74.4278880390073,141,-26.9715555555556,0,0,"ice_free","5"
"55",1998,-168.498580010331,56.7740840480734,-91.4288928451413,157,-19.7561930555556,0,0,"ice_free","3"
"56",1998,-167.459711094982,56.7345373782437,-93.4646193214907,157,-3.21767222222222,0.23029837164751,59,"ice_free","3"
"57",1998,-166.582419955967,56.6615318222664,-87.1231635020837,149,-9.35352222222222,0.367641820987654,60,"ice_free","3"
"58",1998,-165.48577673531,56.6825299947281,-77.5911217588876,157,-19.9077472222222,0.461778524492234,61,"ice_free","3"
"59",1998,-164.436150439866,56.6794342834828,-74.7783607614603,149,0.324633333333332,0.448593630268199,59,"ice_free","3"
"60",1998,-163.462532816361,56.7121122644954,-72.7646392785019,149,3.54235,0.335130401234568,54,"ice_free","3"
"61",1998,-162.487337951489,56.7339900412007,-68.0550156155478,149,0.102722222222221,0.214186805555556,40,"ice_free","3"
"62",1998,-161.43458945131,56.7527063261144,-68.8285922705972,149,-6.17635555555556,0,0,"ice_free","3"
"63",1998,-160.481315871401,56.7095787016329,-57.2826736130945,117,1.48439166666666,0,0,"ice_free","3"
"68",1998,-172.525340331495,57.2914990526742,-127.847868619532,141,-62.7450763888889,0,0,"ice_free","8"
"70",1998,-170.755760417511,57.1163217756853,-81.4392012987598,165,-19.4604069444444,0.162842592592593,58,"ice_free","5"
"71",1998,-169.419313224594,57.1939812501907,-67.2414771302638,157,-31.0261569444444,0.200711342592593,60,"ice_free","6"
"72",1998,-168.415075282116,57.1543858909672,-76.9215997257186,157,-16.3400222222222,0.363854302832244,64,"ice_free","3"
"73",1998,-167.660686824508,57.1959942695299,-75.8435252172438,77,0.840891666666665,0.530442901234568,66,"ice_full","3"
"74",1998,-166.459578999237,57.1734550889968,-74.2946641591647,149,-14.5971055555556,0.608132132132132,67,"ice_free","3"
"75",1998,-165.351216480855,57.2367864570087,-73.2482949798739,165,-16.2028916666667,0.647211086086086,67,"ice_free","3"
"76",1998,-164.409629168502,57.2162359976276,-68.5629569112213,157,5.17697083333333,0.643482831790123,66,"ice_free","3"
"77",1998,-163.483738776655,57.2011475983711,-65.4122599997225,149,-3.25510972222222,0.570079894179894,65,"ice_free","3"
"78",1998,-162.44373245991,57.2262891028201,-55.6544796696013,149,-13.8486916666667,0.358808333333333,60,"ice_free","3"
"79",1998,-161.44973471634,57.2273844904078,-55.9815704022959,141,-14.8222194444444,0.151395833333333,32,"ice_free","3"
"80",1998,-160.462702803611,57.236595992027,-61.7771282744559,125,-2.19456944444445,0,0,"ice_free","3"
"81",1998,-159.454385868584,57.2745365248166,-49.7174796929501,109,2.41028611111111,0.19646512345679,60,"ice_free","2"
"85",1998,-172.501342403828,57.7035999703597,-110.038299727109,141,-63.2105930555556,0.127497513717421,57,"ice_free","8"
"86",1998,-171.646337612159,57.7273442489802,-88.1589052899987,141,-30.1918208333333,0.30430725308642,60,"ice_free","6"
"87",1998,-170.633521396818,57.7371260496843,-72.3905626632055,165,-21.9346194444444,0.443261369825708,64,"ice_free","6"
"88",1998,-169.334427267788,57.6850394373226,-69.8531472149641,157,-27.5050291666667,0.512098824786325,69,"ice_free","6"
"89",1998,-168.775642734667,57.6115206835674,-75.247203765227,157,-9.38655277777778,0.626231944444444,70,"ice_free","6"
"91",1998,-166.444909476097,57.7432661956539,-61.5175826558266,165,-23.4869152777778,0.723596064814815,70,"ice_free","3"
"92",1998,-165.298120821624,57.7691436033623,-60.5094537815126,165,-13.5796888888889,0.733660137701804,69,"ice_free","3"
"93",1998,-164.599204342236,57.7541023656234,-48.7634977211223,165,-11.8727013888889,0.731695987654321,69,"ice_free","2"
"94",1998,-163.361384695706,57.7533748392864,-49.950350085859,149,-19.7000805555556,0.685139010721247,68,"ice_free","2"
"95",1998,-162.425110594774,57.8225997042912,-46.031400549384,117,-24.8149680555556,0.496733346193416,66,"ice_free","2"
"96",1998,-161.488986950292,57.780397104912,-37.7958788124955,133,-14.8302319444444,0.285822848583878,64,"ice_free","2"
"97",1998,-160.537473981419,57.7309460769397,-47.524293815117,117,-17.3842194444444,0.333477477477477,67,"ice_free","3"
"98",1998,-159.377202084321,57.7572880176964,-43.2243996390806,109,-7.13536805555556,0.448885885885886,67,"ice_free","2"
"103",1998,-173.427296276147,58.2468580007639,-124.302550881377,141,-88.9744388888889,0.127989252645503,58,"ice_free","8"
"104",1998,-172.484581859085,58.2576176600542,-105.344412813532,141,-64.8176361111111,0.37798767921147,61,"ice_free","8"
"105",1998,-171.753356211329,58.2378396202223,-101.171687658523,141,-27.9098680555556,0.517528514309764,74,"ice_free","6"
"107",1998,-169.456341391631,58.2302951191346,-81.4185520361991,165,-16.4512902777778,0.666464371980676,76,"ice_free","6"
"108",1998,-168.505867170333,58.3427460127018,-72.5511389320995,165,-6.71533888888889,0.723012626262626,74,"ice_free","6"
"109",1998,-167.660423851956,58.3056156411575,-56.0984576220425,157,-15.2640027777778,0.760723460378984,73,"ice_free","6"
"110",1998,-166.435447004427,58.2400554793986,-54.1795735129068,157,-19.0709291666667,0.774225584215168,72,"ice_free","2"
"111",1998,-165.446206037876,58.294979298871,-46.1616669105764,93,-14.9607458333333,0.775385590277778,70,"ice_free","2"
"112",1998,-164.523247953831,58.2374074919225,-42.2267675588754,133,-13.4824638888889,0.754194622507123,69,"ice_free","2"
"113",1998,-163.298891858518,58.2750688902761,-35.6300249492433,117,-15.3288958333333,0.696535375118708,69,"ice_free","2"
"114",1998,-162.508649930634,58.2311982976259,-39.5447163786395,117,-18.5294694444444,0.572341761633428,69,"ice_free","2"
"125",1998,-173.415357632283,58.7128208703024,-130.206118972441,141,-76.9643208333333,0.261631727430556,94,"ice_free","8"
"126",1998,-172.574557246088,58.7029726777333,-121.971018694013,141,-55.8097027777778,0.468332336182336,95,"ice_free","8"
"127",1998,-171.551878561804,58.7795337897019,-95.658378895116,141,-34.3864138888889,0.607603841145833,94,"ice_free","6"
"128",1998,-170.487951527887,58.8398937180184,-94.6992695245134,165,-21.2915736111111,0.624696331908832,95,"ice_free","6"
"129",1998,-169.494300186227,58.8599801432733,-82.0297619047619,165,-6.76375416666667,0.635883120825744,91,"ice_free","6"
"130",1998,-168.69257122363,58.6665549346084,-69.48902288188,165,-8.858825,0.761291075650118,77,"ice_free","7"
"131",1998,-167.461088715407,58.7059757274868,-45.8061568061568,117,-14.7935152777778,0.778991409465021,75,"ice_free","7"
"132",1998,-166.352093553166,58.8355188305428,-40.1209899400117,85,-15.8969847222222,0.780063199827735,73,"ice_full","7"
"133",1998,-165.465426700923,58.7847914133978,-34.0509566050618,117,-12.2292708333333,0.751479717813051,72,"ice_free","2"
"134",1998,-164.477634603253,58.7844585797734,-30.9637070307561,117,-10.9562736111111,0.725992361111111,70,"ice_free","2"
"135",1998,-163.394024500334,58.7180233663267,-25.3425888652352,117,-13.9044111111111,0.685901887464387,69,"ice_free","2"
"141",1998,-176.396117495185,59.1923178808112,-151.042878511637,157,-144.197145833333,0.3645333630649,139,"ice_full","8"
"142",1998,-175.347936729366,59.211199520202,-130.964305755661,141,-114.737165277778,0.34595813604798,118,"ice_free","8"
"143",1998,-174.685226303186,59.2197115056128,-122.949294618613,141,-93.0789611111111,0.385585110780423,114,"ice_free","8"
"144",1998,-173.557305896906,59.2628878362318,-120.947098885051,141,-70.2803708333333,0.480074436635431,113,"ice_free","8"
"145",1998,-172.404967902019,59.1905526890962,-102.531709331399,165,-51.3247763888889,0.64774169973545,100,"ice_free","9"
"146",1998,-171.517889635179,59.1810014988242,-67.5636266223084,141,-33.8389138888889,0.716333433977456,99,"ice_free","9"
"148",1998,-169.630353256508,59.204665740331,-63.09375,165,-11.9131972222222,0.682226164117016,99,"ice_free","6"
"150",1998,-167.346362809681,59.3047246242705,-38.3903571428571,101,-15.7196597222222,0.744481210598897,77,"ice_free","7"
"151",1998,-166.327585214158,59.2873832022728,-30.9313186779054,117,-14.4078055555556,0.729207150205761,75,"ice_free","7"
"152",1998,-165.538559867336,59.2562789338806,-23.8598819202478,117,-15.0968083333333,0.712650032299742,73,"ice_free","7"
"153",1998,-164.474224128115,59.2347159348662,-22.9771470750113,117,-15.0466319444444,0.648200066137566,72,"ice_free","2"
"157",1998,-177.246679637437,59.8007540942922,-151.707161844004,157,-149.251233333333,0.548364478114478,140,"ice_full","8"
"158",1998,-176.660024305703,59.8136447943351,-116.607638888889,157,-125.585951388889,0.601457947530864,138,"ice_full","8"
"159",1998,-175.415749157378,59.695088670959,-123.639816003423,157,-101.502831944444,0.567943990134995,137,"ice_full","8"
"160",1998,-174.46686301763,59.6479496380194,-98.6509386177358,117,-78.6133277777778,0.568303544706322,129,"ice_full","8"
"161",1998,-173.543140229305,59.7303178852436,-113.511722995421,117,-58.3578541666667,0.644823024332472,116,"ice_full","9"
"162",1998,-172.713399535389,59.7815400202961,-114.664081018783,141,-39.0111694444444,0.673885848951361,113,"ice_free","9"
"163",1998,-171.308110761762,59.849236163131,-61.0681652046784,133,-28.4634319444444,0.757835925925926,105,"ice_free","9"
"167",1998,-167.496504143365,59.7843244215069,-32.8761750045997,141,-10.3801513888889,0.548178620784964,97,"ice_free","7"
"168",1998,-166.445288123212,59.5650098413764,-23.9811379097093,93,-12.8441598909387,0.467149502096436,83,"ice_full","7"
"171",1998,-177.222896181191,60.2469025688083,-135.656256739585,157,-114.9318375,0.714756964749838,144,"ice_full","8"
"172",1998,-176.457451400933,60.2168649823533,-138.202710258632,157,-94.3801333333333,0.737952074759945,138,"ice_full","8"
"173",1998,-175.606771469116,60.2122373382251,-120.532118055556,157,-85.7077875,0.743413247536527,139,"ice_full","8"
"174",1998,-174.55155771649,60.2614664936335,-104.371852336825,141,-60.8493111111111,0.709963968933887,137,"ice_full","9"
"175",1998,-173.251583734008,60.2553677025993,-63.0988719557747,149,-40.4828833333333,0.658188226216412,132,"ice_full","9"
"176",1998,-172.604769971694,60.1743861517881,-51.1461898332974,157,-30.2782113704803,0.633380438691118,133,"ice_free","9"
"177",1998,-171.455490387168,60.2143867121704,-58.7753528878529,165,-25.4947388888889,0.748748456790123,117,"ice_free","9"
"181",1998,-167.579085387349,60.2323124547664,-30.2632922936616,141,-3.47491059086863,0.524464886541471,101,"ice_free","11"
"186",1998,-177.248152069943,60.7160569685751,-133.430581613508,157,-95.8894763888889,0.783908224400871,149,"ice_full","8"
"187",1998,-176.648535183904,60.8244375246246,-116.640449627274,157,-70.1475638888889,0.787926374290958,141,"ice_full","8"
"188",1998,-175.618195807988,60.712908709132,-102.072808619752,157,-64.4485736111111,0.771802544334589,148,"ice_full","8"
"189",1998,-174.5,60.7499974568685,-80.2847222222222,157,-59.7258722222222,0.799906588003933,143,"ice_full","9"
"190",1998,-173.348595764105,60.8028449100746,-60.1205510388437,157,-41.7482638888889,0.771249267329256,139,"ice_full","9"
"191",1998,-172.573267026863,60.7995810072565,-63.8944239442394,157,-34.8872471302749,0.761106567215364,138,"ice_full","9"
"192",1998,-171.668290724875,60.7395843180488,-64.2288865546219,157,-29.9902388888889,0.744154981303419,134,"ice_free","9"
"193",1998,-170.674404907227,60.6101166861398,-53.7714285714286,165,-27.1771402777778,0.721907171201814,128,"ice_free","9"
"196",1998,-167.37388671875,60.8363864390055,-26.0447222222222,117,-3.39369722222222,0.596872383942161,103,"ice_full","11"
"201",1998,-177.427735986892,61.2273199801043,-129.412169312169,157,-76.5115583333333,0.821434410391797,151,"ice_full","8"
"202",1998,-176.579492992825,61.1672954824236,-115.090277777778,157,-61.8448666666667,0.806587913074713,146,"ice_full","8"
"203",1998,-175.547653994761,61.2538634574763,-80.6315027755749,157,-52.0261319444444,0.783867853009259,150,"ice_full","10"
"204",1998,-174.602629802266,61.2605848572945,-81.2329804189435,157,-49.0539875,0.825533953943167,146,"ice_full","10"
"205",1998,-173.326388041178,61.2694418589274,-62.8701388888889,157,-42.1122652777778,0.848325867534201,141,"ice_full","10"
"206",1998,-172.69375,61.3062475840251,-51.940625,157,-36.8470125,0.81499006116208,139,"ice_full","10"
"207",1998,-171.835172316607,61.2726688945995,-59.5588235294118,157,-34.9320902777778,0.782956656715126,137,"ice_full","10"
"211",1998,-167.335498862106,61.3442807224184,-23.5042213594845,133,-1.37787222222222,0.60897169044044,104,"ice_free","11"
"214",1998,-178.582017243337,61.7864298917772,-128.475235109718,157,-67.7586236111111,0.861381842592593,155,"ice_full",NA
"215",1998,-177.320497525292,61.7526081070054,-114.441189798666,157,-57.7510472222222,0.852999266975309,150,"ice_full",NA
"216",1998,-176.635626148516,61.7781851407941,-105.336282456381,157,-49.9462152777778,0.839891915954416,147,"ice_full","8"
"217",1998,-175.4871104802,61.7608352186808,-92.2161057950758,157,-42.3039861111111,0.802425523775894,148,"ice_full","10"
"218",1998,-174.562074855882,61.7467024115478,-65.8386125283447,157,-37.3001416666667,0.812512365984405,144,"ice_full","10"
"219",1998,-173.739585876465,61.635414759318,-66.2152777777778,157,-36.0469986111111,0.839789134837963,142,"ice_full","10"
"220",1998,-172.372934180548,61.7916839162081,-58.9169280167264,157,-35.9379055555556,0.824808871371371,141,"ice_full","10"
"221",1998,-171.601255797408,61.8317409075223,-64.3818376068376,157,-36.1225944444444,0.79837861952862,140,"ice_full","10"
"222",1998,-170.770833762295,61.849144073854,-51.6265060240964,157,-29.4912236111111,0.783608410493827,138,"ice_full","10"
"225",1998,-167.422233086186,61.6413307347528,-24.7519936972798,141,1.06449583333333,0.556809220679012,126,"ice_full","11"
"227",1998,-179.483239310128,62.2522687601266,-120.979767126149,157,-61.2068416666667,0.856423799307438,153,"ice_full",NA
"228",1998,-178.5,62.2499974568685,-134.291666666667,157,-52.7986375,0.863177958446251,153,"ice_full",NA
"229",1998,-177.468153441859,62.2449691163582,-104.4908955602,157,-42.9734722222222,0.875000448994253,146,"ice_full",NA
"230",1998,-176.443804498963,62.2372148875937,-97.185759073277,157,-37.3680347222222,0.870950979187152,143,"ice_full",NA
"231",1998,-175.646840616125,62.324071534014,-84.4325684380032,157,-32.0701333333333,0.826529519102436,141,"ice_full","10"
"232",1998,-174.626302310399,62.2200495572317,-68.8695436507936,157,-27.3963055555556,0.802427826622494,139,"ice_full","10"
"233",1998,-173.324404580253,62.2098187946138,-58.7437996031746,157,-27.3539833333333,0.803659189609964,143,"ice_full","10"
"234",1998,-172.729167938232,62.2083307902018,-47.2708333333333,157,-29.5284791666667,0.804722232464766,143,"ice_full","10"
"235",1998,-171.5,62.2499974568685,-46.8194444444444,157,-32.4166055555556,0.781277872474747,140,"ice_full","10"
"236",1998,-170.516893976385,62.2585580583052,-44.2363636363636,157,-32.3000958333333,0.764422676690452,139,"ice_full","10"
"237",1998,-169.726826185591,62.3307559409838,-38.6516853932584,157,-27.1703680555556,0.759838713134431,138,"ice_full","10"
"239",1998,-167.120349188165,62.2977648902725,-22.9557692307692,133,-10.2199,0.649511262464388,134,"ice_full","11"
"241",1998,-179.557904316742,62.817721609035,-104.500107893123,157,-54.0430236111111,0.872606432438795,148,"ice_full",NA
"242",1998,-178.51275613122,62.7917133448535,-91.3139775413712,157,-46.0994333333333,0.876599262397991,148,"ice_full",NA
"243",1998,-177.42666727227,62.8057215328856,-111.880190295815,157,-36.8364097222222,0.890009187561455,143,"ice_full",NA
"244",1998,-176.46739403665,62.7897644047169,-96.8726990941986,157,-30.4142527777778,0.881209772272272,141,"ice_full",NA
"245",1998,-175.58887438928,62.8260821366828,-87.1671750862669,157,-25.1091847222222,0.844573356052812,138,"ice_full",NA
"246",1998,-174.528831799111,62.7916188598815,-80.8057015957358,157,-21.7036541666667,0.80223710776749,138,"ice_full","10"
"247",1998,-173.590990989163,62.8324187917741,-65.1973905723906,157,-21.8823277777778,0.779260588134431,138,"ice_full","10"
"248",1998,-172.708333969116,62.6666638056437,-60.109375,157,-23.1681277777778,0.75217693329904,138,"ice_full","10"
"249",1998,-171.526620424711,62.7889039536827,-46.9675925925926,157,-20.8961111111111,0.698813164437586,138,"ice_full","10"
"250",1998,-170.526234662091,62.7382690853543,-37.2074074074074,157,-20.0627583333333,0.650427550543663,139,"ice_full","10"
"251",1998,-169.576261607879,62.6607389887539,-33.5321100917431,157,-23.0471241710187,0.682824952846365,138,"ice_full","10"
"252",1998,-168.444743944251,62.6775330253269,-29.7391304347826,157,-22.4454875,0.760262580044998,137,"ice_full","11"
"253",1998,-167.411333156962,62.6884535145207,-25.2781385281385,141,-21.9443513888889,0.726255559882312,137,"ice_full","11"
"256",1998,-179.542119081998,63.250520668711,-82.9247215821813,141,-44.963225,0.873275909681611,144,"ice_full",NA
"257",1998,-178.456161331586,63.2779851521837,-94.7211826674617,149,-46.3133388888889,0.877359222709552,144,"ice_full",NA
"258",1998,-177.574412981441,63.2611192348072,-102.979981926458,149,-37.1830888888889,0.876644471075057,143,"ice_full",NA
"259",1998,-176.505499619186,63.3237847358092,-93.9876848625629,141,-29.2740194444444,0.869737696029363,141,"ice_full",NA
"260",1998,-175.567708587646,63.1927061080933,-87.1854166666667,157,-24.6708680555556,0.832091740319865,140,"ice_full",NA
"261",1998,-174.363521072273,63.3020837670042,-76.4770655806182,141,-23.6369180555556,0.789383218654434,139,"ice_full",NA
"262",1998,-173.468873794495,63.2989966322564,-80.0278100738693,141,-20.0238180555556,0.739592356824417,138,"ice_full","12"
"263",1998,-172.714958431805,63.3021561969769,-59.4677677395069,157,-17.9227138888889,0.695974492945326,135,"ice_free","12"
"264",1998,-171.52922650893,63.1260467364634,-48.7410071942446,157,-19.1416283763545,0.511099601938387,137,"ice_full","12"
"265",1998,-170.6664646482,63.1268179069445,-27.6990291262136,157,-23.5266652969194,0.419048630563336,149,"ice_full","12"
"267",1998,-168.305555555556,63.2152751286825,-26.8333333333333,157,-24.7903005117255,0.733967497723133,152,"ice_full","12"
"268",1998,-167.348956194791,63.2215884382074,-25.2272727272727,157,-27.2558013888889,0.77718406986532,140,"ice_full","14"
"269",1998,-166.462632575707,63.2312470006315,-22.319529648494,157,-28.3365027777778,0.663612421383648,136,"ice_free","14"
"271",1998,-179.408666742305,63.7748959571227,-66.7106779907085,141,-30.6414916666667,0.856131502525252,140,"ice_full",NA
"272",1998,-178.478401348754,63.7566608356902,-71.6457040088539,149,-38.3774986111111,0.844997685185185,141,"ice_full",NA
"273",1998,-177.511157102311,63.7682684782459,-81.0671195335041,149,-35.5232291666667,0.836137147564231,141,"ice_full",NA
"274",1998,-176.536490409668,63.7609975703271,-90.9207502954083,149,-29.4286694444444,0.821955629208754,140,"ice_full",NA
"275",1998,-175.529385489307,63.7941154990005,-87.6004579660028,149,-25.9476444444444,0.781474706931702,139,"ice_full",NA
"276",1998,-174.477481124962,63.795082459805,-78.9205592805449,141,-21.3096819444444,0.721864176097394,138,"ice_full",NA
"277",1998,-173.552296759372,63.8503538442389,-67.9296611427816,141,-19.3081055555556,0.672343717549325,137,"ice_full",NA
"278",1998,-172.564400977988,63.8521178070694,-53.9929499072356,141,-21.1553416666667,0.671998485635168,137,"ice_full","12"
"279",1998,-171.758713453943,63.9123911009778,-38.6884340659341,157,-25.4931963253514,0.667758052389997,147,"ice_full","12"
"280",1998,-170.529820136836,63.8943255357163,-34.3592775041051,157,-31.3531208872955,0.699298865176152,153,"ice_full","12"
"281",1998,-169.373211356526,63.8078325637663,-30.1624579124579,157,-33.7997680555556,0.841998372920021,168,"ice_full","12"
"283",1998,-167.376337873826,63.6523293661415,-26.1651376146789,157,-28.6782069444444,0.766994504667269,153,"ice_full","14"
"284",1998,-166.390975500173,63.7219768497875,-25.2531288290601,157,-32.1405944444444,0.704517509768943,139,"ice_full","13"
"286",1998,-179.418099529168,64.2797927040508,-53.3685443135327,141,-16.8143694444444,0.818103920181756,138,"ice_full",NA
"287",1998,-178.495124451781,64.2510543381522,-72.0208544471008,141,-23.4536486111111,0.802395779248875,137,"ice_full",NA
"288",1998,-177.453743067125,64.2663575839647,-74.8425315425315,141,-25.9131694444444,0.784074074074074,137,"ice_full",NA
"289",1998,-176.416321528427,64.2580010212227,-86.3395689345108,141,-24.0866180555556,0.764608399470899,135,"ice_full",NA
"290",1998,-175.411328164738,64.2720935856812,-81.6252184702202,149,-21.5126694444444,0.693687399839744,134,"ice_full",NA
"291",1998,-174.502953883949,64.2707498921687,-69.5281164631463,141,-15.4154986111111,0.620098894032922,138,"ice_full",NA
"292",1998,-173.61063715254,64.1502896871131,-50.9993511407364,125,-16.5245472175859,0.474095957647462,138,"ice_full",NA
"293",1998,-172.488487380857,64.1548746363243,-44.0307477587938,165,-24.6486464608015,0.610627414591315,146,"ice_full",NA
"294",1998,-171.625599146113,64.2581597281009,-45.0799773052442,165,-25.0249736111111,0.779705557604064,143,"ice_free","12"
"295",1998,-170.620217674783,64.3493163990525,-44.8362093815514,157,-27.6544194444444,0.852368500712251,147,"ice_full","12"
"296",1998,-169.367957659886,64.2850169470289,-38.9015995804379,157,-35.2382513888889,0.84277746449457,163,"ice_full","14"
"298",1998,-167.221315440834,64.3315553307337,-26.0098522167488,165,-32.8171069444444,0.748827054170312,157,"ice_full","14"
"304",1998,-179.535009217187,64.780778347223,-53.4076083320871,141,-6.94146666666667,0.789987052180685,137,"ice_full",NA
"305",1998,-178.525890438978,64.7388235491389,-64.7263821926206,141,-13.8778375,0.747072807477289,136,"ice_full",NA
"307",1998,-176.407986944454,64.7765650117585,-61.6360275068322,141,-18.4685388888889,0.652829460470085,134,"ice_full",NA
"308",1998,-175.550187308176,64.7068831315029,-54.4196821057369,141,-17.5637175311949,0.494184639868234,134,"ice_full",NA
"312",1998,-170.562561208425,64.724201228476,-47.9112446581197,157,-30.0452430555556,0.863906755757859,149,"ice_full","12"
"313",1998,-169.480238630298,64.8266756291975,-47.6834142092821,157,-36.0467222222222,0.836365740740741,163,"ice_full","14"
"317",1998,-179.213132114948,65.2149631004545,-51.9824358595403,141,-4.61276869545043,0.493128677743164,137,"ice_full",NA
"318",1998,-178.497159687637,65.2521908534129,-41.6300700926428,141,-9.60980390607713,0.681947830932785,138,"ice_full",NA
"323",1998,-171.281039857403,65.1402074095195,-35.9250257415219,165,-36.9747597222222,0.787022083333333,180,"ice_full",NA
"324",1998,-170.482810843311,65.2273775603842,-39.9951459151459,157,-36.8723125,0.858117913105413,160,"ice_full",NA
"325",1998,-169.567401946939,65.2367255393806,-46.3009025191676,157,-35.9927791666667,0.855508155270655,160,"ice_full","14"
"331",1998,-170.155455151867,65.660793203346,-39.0077815188926,165,-34.6167973547939,0.526991081154684,166,"ice_full",NA
"332",1998,-169.663091405872,65.71990692377,-42.9616165733942,165,-32.7268833333333,0.834718171296296,166,"ice_full",NA
"333",1998,-168.116048459654,65.872683207194,-34.7962962962963,165,-29.0840154040404,0.803724142847558,168,"ice_full",NA
"337",1999,-165.491553117285,54.7503716432185,-168.846659294666,125,-72.2257958333333,0,0,"ice_free","16"
"348",1999,-166.443148997252,55.2181251290995,-136.140635784872,141,-66.9296513888889,0,0,"ice_free","4"
"349",1999,-165.492968636769,55.2507453880291,-117.567847678732,141,-73.4548916666667,0,0,"ice_free","4"
"350",1999,-164.571995848104,55.2645497603885,-92.0920256876805,141,-78.2543875,0,0,"ice_free","1"
"359",1999,-167.581624816538,55.7841713872753,-132.137958471178,141,-62.5958347222222,0,0,"ice_free","4"
"360",1999,-166.30739061269,55.7332397323904,-123.401828906454,141,-69.3350458333333,0,0,"ice_free","4"
"361",1999,-165.543634112913,55.7220779668814,-111.566149425942,157,-73.5937361111111,0,0,"ice_free","4"
"362",1999,-164.4869401079,55.760321988691,-95.14023672205,157,-83.5460458333333,0,0,"ice_free","3"
"363",1999,-163.426013853811,55.7865178448327,-84.5396577596038,149,-96.4513833333333,0,0,"ice_free","1"
"364",1999,-162.58428878928,55.8466334362205,-63.310663994779,93,-112.521763396763,0.123973108747045,77,"ice_full","1"
"374",1999,-167.595372307425,56.1938534185628,-130.595787054155,141,-53.1203125,0,0,"ice_free","4"
"375",1999,-166.391826496935,56.2507074408928,-107.241669102329,149,-60.1975319444444,0,0,"ice_free","3"
"376",1999,-165.562922649404,56.2695382676864,-92.0365808028673,149,-77.1847291666667,0,0,"ice_free","3"
"377",1999,-164.491630721487,56.2297321499561,-87.3543843811663,141,-86.5251916666667,0,0,"ice_free","3"
"378",1999,-163.423934958996,56.2689267802508,-84.599617338872,141,-104.472702777778,0,0,"ice_free","3"
"379",1999,-162.575734581408,56.2624011548645,-76.5730421119245,157,-125.148040277778,0.13527662037037,82,"ice_free","1"
"380",1999,-161.579070289883,56.2565956046864,-58.3077417216012,117,-145.585194444444,0.367501077586207,88,"ice_free","1"
"385",1999,-172.462735176564,56.7912888783862,-148.761233099885,141,-47.1557555555556,0,0,"ice_free","8"
"386",1999,-171.454829938238,56.7877797154498,-139.858034537357,157,-50.2039527777778,0,0,"ice_free","8"
"387",1999,-170.348592277643,56.795655812442,-94.564222711674,141,-50.1742083333333,0,0,"ice_free","5"
"388",1999,-169.556642110527,56.7836520957649,-73.4338150901749,141,-47.8453402777778,0,0,"ice_free","5"
"389",1999,-168.503579109576,56.7525207657038,-93.6189740758261,141,-41.13845,0,0,"ice_free","3"
"390",1999,-167.550160195338,56.7862630484471,-90.2913902199502,149,-37.9602416666667,0,0,"ice_free","3"
"391",1999,-166.465167824764,56.7610997973185,-80.9626039832511,141,-53.3040777777778,0,0,"ice_free","3"
"392",1999,-165.485677092057,56.7446849151442,-75.4627668663178,149,-74.6297263888889,0.102192040598291,82,"ice_free","3"
"393",1999,-164.561597593961,56.7415289419324,-73.4007032955806,157,-89.8747763888889,0.192362334032145,83,"ice_free","3"
"394",1999,-163.553956700683,56.7244089332374,-73.066676643121,157,-122.401677777778,0.280065911306043,87,"ice_free","3"
"395",1999,-162.55737241118,56.6717145504141,-70.7297170603053,133,-134.468527777778,0.319997115968427,91,"ice_free","3"
"396",1999,-161.56377716836,56.7041651216851,-70.9776189889535,125,-158.151945833333,0.344266203703704,95,"ice_free","3"
"397",1999,-160.592195369241,56.8048871378363,-65.0931124713487,165,-168.276893055556,0.430413425925926,125,"ice_free","3"
"402",1999,-172.460396868096,57.3278424764522,-124.83457606881,165,-49.0032708333333,0,0,"ice_free","8"
"403",1999,-171.516151358853,57.2001703634732,-118.779808453684,141,-50.6169777777778,0,0,"ice_free","8"
"404",1999,-170.548066143292,57.2716560035671,-69.727441329314,157,-55.8428722222222,0,0,"ice_free","5"
"405",1999,-169.519739885311,57.2014252855677,-64.4924566867612,141,-47.6157402777778,0,0,"ice_free","5"
"406",1999,-168.579414509716,57.2481857681179,-75.8715778664705,149,-27.4656472222222,0,0,"ice_free","3"
"407",1999,-167.552023540217,57.2339111941161,-73.8537521219161,149,-42.8074416666667,0,0,"ice_free","3"
"408",1999,-166.411689759502,57.2005188298931,-72.8156094368456,149,-64.0731125,0.188259102322662,89,"ice_free","3"
"409",1999,-165.637882676479,57.1657248458664,-73.5224558485952,165,-86.0438291666667,0.269804422773838,124,"ice_free","3"
"411",1999,-163.602410036994,57.1925646195395,-64.1335012569629,133,-112.102852777778,0.51327251984127,100,"ice_free","3"
"412",1999,-162.548621776453,57.3013587571892,-54.7113353671469,133,-127.775775,0.468219880800341,117,"ice_full","2"
"413",1999,-161.414103608704,57.2101487799499,-57.8707539460229,149,-163.022358333333,0.482860090601354,123,"ice_free","3"
"414",1999,-160.55718835255,57.2329652610311,-58.9845794117721,141,-175.2391875,0.595081211419753,126,"ice_full","3"
"415",1999,-159.434974020347,57.2733394329045,-48.9079438381665,149,-168.379088888889,0.619346888555222,141,"ice_full","2"
"419",1999,-172.495492636654,57.7049177527229,-113.587749780315,133,-45.5605583333333,0,0,"ice_free","8"
"420",1999,-171.541028260957,57.7404028519367,-98.8364867215519,125,-42.7721333333333,0.0226379276522285,89,"ice_free","6"
"421",1999,-170.55291761433,57.7730647521233,-81.3622920668222,125,-55.8441333333333,0.0738118479394888,101,"ice_free","6"
"422",1999,-169.475758811633,57.7372496150318,-69.0961439206371,125,-49.6104111111111,0,0,"ice_free","6"
"423",1999,-168.527499139077,57.7096518133443,-74.240604042712,125,-34.4998166666667,0.124861639051332,87,"ice_free","6"
"424",1999,-167.518209929803,57.7026395849839,-62.6788433669616,165,-61.1968652777778,0.25137679463171,119,"ice_free","3"
"425",1999,-166.58915209038,57.7516870263022,-57.7422917815629,165,-91.8543805555556,0.435819124310481,124,"ice_free","3"
"426",1999,-165.573529351467,57.6982391799137,-58.1468876853295,165,-98.4222236111111,0.560805349284928,131,"ice_free","3"
"427",1999,-164.307501636296,57.7269206915504,-45.8220847384838,141,-99.8856875,0.591190790668119,132,"ice_full","2"
"428",1999,-163.520603820569,57.7364489397516,-49.8640203389888,133,-100.276330555556,0.611691923868313,120,"ice_full","2"
"429",1999,-162.518194761534,57.7121146957583,-46.8828819527492,125,-125.141495833333,0.63024537037037,120,"ice_full","2"
"430",1999,-161.51519010137,57.7535692542322,-40.3131097271147,133,-148.712454166667,0.662958284081954,124,"ice_full","2"
"431",1999,-160.480744005619,57.7868057723261,-46.4885599075066,133,-154.857413888889,0.734688170077973,125,"ice_full","3"
"432",1999,-159.519359912451,57.7664925109098,-45.0211170992338,133,-151.937902777778,0.759153793461829,128,"ice_full","2"
"437",1999,-173.520345282675,58.2419528313993,-122.513868708249,125,-64.8162097222222,0.053095217931346,112,"ice_full","8"
"438",1999,-172.483433708668,58.2157859929159,-120.801833482786,125,-60.8797888888889,0.122513342696629,119,"ice_full","8"
"439",1999,-171.495974373025,58.20585851682,-101.071243834854,125,-71.3286180555556,0.214633470695971,121,"ice_full","6"
"440",1999,-170.477377022957,58.2339241637822,-90.0202638343834,125,-63.0301416666667,0.263053894927536,122,"ice_full","6"
"441",1999,-169.549033675044,58.2154105498438,-79.305938641364,125,-57.7307,0.269515472709552,125,"ice_full","6"
"442",1999,-168.510412432188,58.2107484151012,-70.4882524551389,125,-64.3626652777778,0.403261476608187,125,"ice_full","6"
"443",1999,-167.561250024084,58.2061227119875,-55.8678319476569,165,-75.1796972222222,0.566700231481482,128,"ice_free","6"
"444",1999,-166.500596830049,58.2872547567728,-50.8900692745511,133,-83.4045055555556,0.698428703703704,130,"ice_full","2"
"445",1999,-165.533429991907,58.2838685210928,-48.0685413773115,133,-87.1122736111111,0.748166886574074,130,"ice_full","2"
"446",1999,-164.422688022589,58.2693405882827,-41.3968942302019,133,-90.3456583333333,0.723450680272109,128,"ice_full","2"
"447",1999,-163.475961411844,58.2165922609514,-38.2823206326556,125,-94.5779583333333,0.700197513524761,119,"ice_full","2"
"448",1999,-162.426259848736,58.2677093991736,-40.7960811137743,125,-110.945997222222,0.690426353663446,122,"ice_full","2"
"459",1999,-173.495659767477,58.7613533346166,-132.703408774402,125,-95.9349111111111,0.184303864960466,119,"ice_full","8"
"460",1999,-172.495523413367,58.7892015428008,-102.396782577301,125,-90.1400152777778,0.275608622062923,123,"ice_full","8"
"461",1999,-171.478753315778,58.7422284525078,-93.9137631048245,125,-79.1313791666667,0.392730335311039,133,"ice_full","6"
"462",1999,-170.592939901926,58.7333710445063,-103.513175757033,141,-71.1756361111111,0.48216588764245,134,"ice_full","6"
"463",1999,-169.514092917797,58.7068710099408,-90.730114132537,141,-72.2694486111111,0.559765242837177,136,"ice_full","6"
"464",1999,-168.535484719145,58.7084087364099,-58.2450005152222,141,-72.2466027777778,0.661557848736587,137,"ice_full","7"
"465",1999,-167.720588899527,58.6770704629302,-50.0044258754284,141,-70.5452166666667,0.715930752096436,136,"ice_full","7"
"466",1999,-166.525661245625,58.6004240304664,-44.7297410443962,165,-72.1431305555556,0.754171185007123,134,"ice_free","7"
"467",1999,-165.34777470109,58.8150485133342,-32.1262786000764,133,-77.7777430555556,0.751114537037037,130,"ice_full","2"
"468",1999,-164.534568741527,58.7689938520981,-31.2963132933961,133,-77.6732527777778,0.725385453605201,124,"ice_full","2"
"469",1999,-163.585277007154,58.7495640194847,-26.1184523854541,133,-88.2523972222222,0.688717707061457,121,"ice_full","2"
"475",1999,-176.495488501176,59.1983571979375,-147.96462942829,133,-99.4967986111111,0.167825032734755,129,"ice_full","8"
"476",1999,-175.492653655414,59.2678382965767,-132.231819022552,125,-105.242686111111,0.206192376842862,133,"ice_full","8"
"477",1999,-174.506431276882,59.2731404094284,-115.178877813752,125,-108.09285,0.252228265107212,125,"ice_full","8"
"478",1999,-173.550233927602,59.2350951888634,-130.368204169098,125,-93.7108916666667,0.317677328843996,129,"ice_full","8"
"479",1999,-172.620433581055,59.2058310362474,-94.4352218705132,141,-74.9832486111111,0.42362953042328,135,"ice_full","9"
"480",1999,-171.552395672053,59.1575959011143,-66.2987743730608,141,-71.5573861111111,0.573825199030807,137,"ice_full","9"
"481",1999,-170.658452066718,59.1898232687404,-81.5502584535704,141,-67.484925,0.681294828103567,138,"ice_full","6"
"482",1999,-169.472311752047,59.1860746348443,-63.6203029590909,141,-66.7733013888889,0.743399409826493,141,"ice_full","6"
"483",1999,-168.662208157413,59.168385836075,-47.9727007438417,141,-64.2919138888889,0.745183955439815,142,"ice_full","7"
"484",1999,-167.482441811128,59.2010156114896,-41.0288825757576,141,-63.5603541666667,0.713356685099451,138,"ice_full","7"
"485",1999,-166.418269903706,59.3025833804854,-31.0267961303173,141,-62.9382916666667,0.692038866843034,135,"ice_full","7"
"486",1999,-165.423620617313,59.1808200389866,-24.5279228236009,165,-66.638475,0.702737882653061,128,"ice_free","7"
"487",1999,-164.483368535649,59.2096909044763,-23.4518202771897,157,-79.5067361111111,0.701579610538373,127,"ice_free","2"
"491",1999,-177.453743132753,59.7747404906937,-160.132144930127,141,-106.064323611111,0.254828143274854,125,"ice_full","8"
"492",1999,-176.570927926495,59.6991146627856,-126.858015163556,141,-112.02175,0.333297905643739,135,"ice_full","8"
"493",1999,-175.411001256312,59.6623341209105,-122.059602396812,141,-110.952241666667,0.373567118812738,137,"ice_full","8"
"497",1999,-171.32697861608,59.6434907431526,-83.3905850540806,141,-60.4291958333333,0.710900255947004,153,"ice_full","9"
"498",1999,-170.505181617393,59.6808585468716,-62.2773308227776,141,-59.0983222222222,0.775492277466542,149,"ice_full","9"
"499",1999,-169.655192941651,59.6862835418013,-58.8975563909774,165,-57.3408652777778,0.782645412457912,151,"ice_full","9"
"501",1999,-167.434336867812,59.763085721601,-31.6953106697224,141,-66.0919222222222,0.667018366727383,152,"ice_full","7"
"505",1999,-177.566620527995,60.2251146426443,-145.111523813525,141,-91.5268375,0.386182346261356,136,"ice_full","8"
"506",1999,-176.627811039349,60.2170369863902,-136.149664750958,141,-99.3877722222222,0.459352498331665,141,"ice_full","8"
"507",1999,-175.606492660588,60.2236875539515,-120.690890259895,141,-88.3509125,0.536315888805472,141,"ice_full","8"
"508",1999,-174.468586688834,60.2242446511697,-104.317998312205,141,-74.5925402777778,0.606486809726393,141,"ice_full","9"
"509",1999,-173.644386297362,60.1492635723815,-81.681858971989,141,-58.6584388888889,0.634283449074074,150,"ice_full","9"
"510",1999,-172.339746193126,60.2707426548778,-49.9949988035415,157,-51.7972539236718,0.71830098192951,154,"ice_full","9"
"511",1999,-171.590486775853,60.2641324591455,-56.3871765861886,157,-53.7159194444444,0.806296773956496,156,"ice_full","9"
"512",1999,-170.873089253141,60.2326481472463,-65.380081300813,157,-51.9713486111111,0.814091970121382,149,"ice_full","9"
"514",1999,-168.53035845011,60.4127307599273,-39.5648967551622,165,-53.2314541666667,0.769831417289138,149,"ice_full","11"
"515",1999,-167.415021795976,60.3207210741545,-30.7236842105263,165,-63.1393507453088,0.652624231481482,155,"ice_full","11"
"519",1999,-178.462740123554,60.6992872052661,-182.69387157263,133,-89.3534013888889,0.485837404927249,142,"ice_full","8"
"520",1999,-177.650810728446,60.6313734102356,-149.646256082246,157,-88.3078791666667,0.556544540895062,150,"ice_full","8"
"525",1999,-172.546929617052,60.8158573104655,-60.8803666702666,157,-44.3390241337592,0.810597714348206,157,"ice_full","9"
"526",1999,-171.60079683042,60.5597407677594,-55.0294117647059,165,-42.6821486111111,0.832443016975309,150,"ice_full","9"
"529",1999,-168.47627388548,60.6717987278786,-37.6225966562173,165,-41.9029583333333,0.791938391101278,143,"ice_free","11"
"534",1999,-178.592608248882,61.1604008120349,-167.097738603989,157,-79.5721027777778,0.692102999450722,148,"ice_full",NA
"535",1999,-177.482024302525,61.2420697029361,-130.256375983284,157,-71.8337111111111,0.728045129162776,149,"ice_full","8"
"536",1999,-176.509450155003,61.2451243254496,-114.471175068421,157,-64.5506652777778,0.783101343721771,153,"ice_full","8"
"537",1999,-175.668402989705,61.1918377876282,-78.2239583333333,157,-57.3273472222222,0.837655788919,153,"ice_full","8"
"538",1999,-174.371755971668,61.2610638063861,-75.7877530044276,157,-49.7230152777778,0.863154650331226,153,"ice_full","10"
"539",1999,-173.477930675222,61.2555515204735,-65.6127394906716,157,-45.6445916666667,0.851303005642361,158,"ice_full","10"
"541",1999,-171.487808849193,61.4128057691786,-74.5407407407407,141,-34.4725069444444,0.854070653064569,143,"ice_full","10"
"542",1999,-170.916667938232,61.4791641235352,-60.5,141,-28.01285,0.842106781167328,142,"ice_full","10"
"544",1999,-168.321759275406,61.3217565748427,-33.5714285714286,165,-30.0685305555556,0.797323427594261,141,"ice_free","11"
"545",1999,-167.249131202698,61.21477943375,-22.610119047619,165,-53.3276986111111,0.717483848510164,163,"ice_full","11"
"548",1999,-178.48405065292,61.7400005466335,-133.586080586081,157,-58.1542138888889,0.799196031212664,154,"ice_full",NA
"549",1999,-177.382756821653,61.6695453833181,-120.708591903073,157,-55.7408388888889,0.82187884557945,154,"ice_full",NA
"550",1999,-176.527012754968,61.7211015022407,-106.122940207156,157,-50.3292708333333,0.844955551821983,154,"ice_full","8"
"551",1999,-175.407499847412,61.8437473551432,-89.4152777777778,157,-42.6919722222222,0.858028775218308,153,"ice_full","10"
"552",1999,-174.392661298917,61.821977718055,-65.8824900309624,157,-36.7043777777778,0.86091358965673,153,"ice_full","10"
"553",1999,-173.534834945253,61.7210984643624,-68.3092385350794,157,-36.3026236111111,0.840464444444444,155,"ice_full","10"
"554",1999,-172.422782644787,61.7468581969202,-64.0509392568216,157,-34.6266902777778,0.81962200767841,153,"ice_full","10"
"555",1999,-171.435680376391,61.8114740312216,-60.6969298245614,141,-27.2688444444444,0.828120790314651,143,"ice_full","10"
"556",1999,-170.566115347325,61.8382915636611,-48.4207279972562,141,-14.1009458333333,0.842406850137174,138,"ice_full","10"
"557",1999,-169.663656120481,61.880388543755,-42.0812466805347,141,-6.26523611111111,0.825333354967117,137,"ice_full","10"
"561",1999,-179.785026726899,62.3042842744083,-117.739227207977,157,-52.4247930555556,0.832366525423729,148,"ice_full",NA
"564",1999,-176.354031578194,62.1574052412315,-100.106270170586,157,-44.6095972222222,0.848447524788568,157,"ice_full",NA
"565",1999,-175.471987370467,62.2366082163068,-83.0253874463,157,-37.9695430555556,0.849053203997648,156,"ice_full","10"
"566",1999,-174.50778390031,62.2802586248287,-70.0326548843498,157,-33.6820347222222,0.837247393554972,157,"ice_full","10"
"567",1999,-173.598519077642,62.2402638275288,-57.7730912877972,157,-35.0831847222222,0.831185046296296,155,"ice_full","10"
"570",1999,-170.456410517837,62.1537749566265,-44.6287563131313,141,-13.1925958333333,0.779110510973937,138,"ice_full","10"
"571",1999,-169.361345983747,62.2094295783529,-37.6867091365754,133,-5.74286805555555,0.800972177274362,133,"ice_full","10"
"572",1999,-168.567779075191,62.2902472952949,-32.4079922684941,133,-1.47513611111111,0.825659369488536,135,"ice_full","11"
"576",1999,-178.612900515827,62.8518782887381,-92.1326155877239,157,-46.9366555555556,0.837546143250689,151,"ice_full",NA
"577",1999,-177.418144964403,62.69771246141,-108.283870967742,157,-43.4586319444444,0.827119350749559,156,"ice_full",NA
"578",1999,-176.498774528503,62.7427976972917,-97.1139705882353,157,-35.6732805555556,0.832698754140319,153,"ice_full",NA
"581",1999,-173.541618746628,62.727990115387,-65.1023138135525,157,-29.2878486111111,0.802902644960534,152,"ice_full","10"
"585",1999,-169.412286007052,62.7803648847557,-31.1136927252746,141,-12.7209353598299,0.708707844886171,139,"ice_full","10"
"586",1999,-168.442348783802,62.7470467966738,-29.0852882507425,141,-10.6992722222222,0.813532269367992,139,"ice_full","11"
"590",1999,-179.610231902951,63.2840675075203,-79.6907089792217,165,-29.4240583333333,0.816647863700565,148,"ice_full",NA
"591",1999,-178.531606612094,63.2585220878362,-94.3762758707098,157,-33.7158041666667,0.817377507716049,150,"ice_full",NA
"592",1999,-177.78707140968,63.3630633073695,-99.4296218487395,157,-42.7808319444444,0.831926177942055,154,"ice_full",NA
"593",1999,-176.261087451511,63.3122428152296,-89.445,157,-32.3588805555556,0.819044466845878,154,"ice_full",NA
"596",1999,-173.333278262387,63.3507894646133,-76.3339818376475,149,-17.2903805555556,0.78647535035035,141,"ice_full","12"
"597",1999,-172.539087044579,63.3105756255492,-57.8790268993273,149,-17.4085472222222,0.729422342024042,144,"ice_full","12"
"598",1999,-171.670290974187,63.2105072115564,-48.1838608374785,141,-20.2458436229913,0.501679407051282,160,"ice_full","12"
"601",1999,-168.438616397576,63.2025681965415,-26.7347682977867,157,-19.0683220944594,0.794212473652514,153,"ice_full","12"
"602",1999,-167.598454291315,63.2204554264749,-26.3021839716965,157,-38.3078152777778,0.850390399703138,161,"ice_full","14"
"605",1999,-179.348913528333,63.7460449334233,-70.420292198778,149,-23.4052416666667,0.83156498015873,149,"ice_full",NA
"606",1999,-178.736161517052,63.8142580112941,-76.58706637976,165,-28.5357972222222,0.812297907021605,150,"ice_full",NA
"607",1999,-177.727999683502,63.7886616594418,-76.5619216501569,165,-39.3960763888889,0.805999243951613,154,"ice_full",NA
"612",1999,-172.557945747148,63.7503262612237,-53.936656537878,165,-14.3852375,0.66195934361268,148,"ice_full","12"
"613",1999,-171.553051179048,63.8469734968272,-29.8039937878429,157,-14.3934774498493,0.642382162644202,152,"ice_full","12"
"614",1999,-170.401393269306,63.8604531075639,-33.478855172132,141,-19.3984427757075,0.644937805555556,155,"ice_full","12"
"615",1999,-169.59151682089,63.8060482599016,-29.7237945411142,141,-18.3247333333333,0.818569863662875,157,"ice_full","12"
"616",1999,-168.434105318475,63.7535001839301,-28.1234846413271,157,-20.3270888888889,0.858683701090203,154,"ice_full","14"
"617",1999,-167.586458991054,63.8151241338525,-26.4010680853234,165,-38.2413319444444,0.862592206790123,162,"ice_full","14"
"620",1999,-179.267312284853,64.192217136241,-68.5393181945849,157,-21.1313138888889,0.824173055931948,153,"ice_full",NA
"621",1999,-178.604488031023,64.2442370379821,-70.9163555716121,157,-22.5611833333333,0.80423125778089,149,"ice_full",NA
"622",1999,-177.566715985531,64.2645106896985,-74.6968669820005,157,-31.3266763888889,0.77233359680819,153,"ice_full",NA
"623",1999,-176.493055555556,64.4027752346463,-80.6851851851852,165,-29.066375,0.722093503937008,157,"ice_full",NA
"627",1999,-172.499587176331,64.1626832172571,-43.8009639483324,157,-16.872871267003,0.593086603468548,156,"ice_full",NA
"628",1999,-171.509714974132,64.2519283349297,-42.9028911463833,141,-17.9360847222222,0.739590519323671,145,"ice_full","12"
"629",1999,-170.560770613767,64.2713902642695,-43.3646608314791,141,-20.3661902777778,0.860538478336827,136,"ice_full","12"
"630",1999,-169.390128629273,64.2651259927555,-38.657243615185,157,-17.0122444444444,0.895852730624143,138,"ice_full","14"
"632",1999,-167.636859927555,64.2121140536903,-25.8624114774115,165,-45.3162388888889,0.832404352192266,166,"ice_full","14"
"639",1999,-178.526950037757,64.6911305641943,-61.7165697674419,157,-15.2693305555556,0.762155979938272,150,"ice_full",NA
"640",1999,-177.45433087399,64.8251049685716,-54.2227975706006,157,-15.3990083333333,0.71586215081607,148,"ice_full",NA
"641",1999,-176.409686136192,64.8180088919261,-59.5550360750883,157,-15.751525,0.615644557451152,157,"ice_full",NA
"645",1999,-171.404938384181,64.7061860920599,-41.034432694706,157,-22.9596541666667,0.816444937414266,138,"ice_full",NA
"646",1999,-170.530142019273,64.6730584234867,-48.3635957552983,141,-24.3233680555556,0.872100945580014,136,"ice_full","12"
"647",1999,-169.571255036832,64.7812639925215,-47.7194805194805,141,-18.4947777777778,0.895663097993827,138,"ice_full","12"
"648",1999,-168.521973097344,64.7859499214343,-35.697006302521,141,-24.0534583333333,0.825407687425329,154,"ice_full","14"
"652",1999,-178.414898146177,65.294119555937,-36.8866533303557,157,-13.217231442309,0.661826551649306,158,"ice_full",NA
"657",1999,-171.424491903794,65.2199703301263,-32.7462767075305,157,-28.1895166666667,0.730681712962963,164,"ice_full",NA
"658",1999,-170.487368448369,65.2595968225014,-39.705252092317,157,-25.6201944444444,0.837869212962963,144,"ice_full",NA
"659",1999,-169.557244376053,65.2156222706456,-46.8897072510502,141,-20.9855222222222,0.874537610619469,143,"ice_full","14"
"660",1999,-168.645382542612,65.2350265622617,-50.0114958913403,165,-27.4626833333333,0.791363259329405,162,"ice_full","14"
"665",1999,-170.138311096644,65.7237418021174,-38.1263817235396,157,-30.8241569053557,0.518698302469136,153,"ice_full",NA
"666",1999,-169.494941799333,65.7255051874738,-44.0978128019228,157,-26.5533069444444,0.847882151460403,153,"ice_full",NA
"671",2000,-165.458449902152,54.7412466855953,-167.150619212365,125,-32.3048930555556,0,0,"ice_free","16"
"682",2000,-166.58017040974,55.2441768039345,-137.782173682624,125,-28.5737486111111,0,0,"ice_free","4"
"683",2000,-165.454473738244,55.2855857669655,-116.377978802608,125,-34.8746486111111,0,0,"ice_free","4"
"684",2000,-164.491301178828,55.2707497015418,-88.1798483623179,125,-40.5225125,0,0,"ice_free","1"
"693",2000,-167.384395144737,55.7961961039104,-133.632815882366,133,-22.5511819444444,0,0,"ice_free","4"
"694",2000,-166.550951616122,55.7671546728534,-127.73188187789,125,-26.974525,0,0,"ice_free","4"
"695",2000,-165.48690475544,55.7824449523049,-108.641210554172,125,-28.6180763888889,0,18,"ice_free","4"
"696",2000,-164.442871150608,55.7792343123827,-94.7659714993852,125,-35.6056638888889,0,18,"ice_free","3"
"697",2000,-163.519105444524,55.7716414845532,-85.0636956731296,125,-46.8552722222222,0,20,"ice_free","1"
"698",2000,-162.616211370013,55.8166243990417,-61.2099375388909,117,-48.7734956802275,0,25,"ice_free","1"
"708",2000,-167.423623655483,56.2580123809692,-125.196664356654,133,-15.9403125,0,17,"ice_free","4"
"709",2000,-166.515663830281,56.2981529188586,-107.136327853499,133,-15.5394763888889,0,21,"ice_free","4"
"710",2000,-165.488376018472,56.2274224053384,-92.7767354636811,141,-20.6225763888889,0,23,"ice_free","3"
"711",2000,-164.454215983535,56.2453872137121,-86.8552315450585,141,-39.7259208333333,0,23,"ice_free","3"
"712",2000,-163.438985234763,56.2608437208702,-84.8713073251986,141,-50.3469388888889,0,24,"ice_free","3"
"713",2000,-162.5614577562,56.2751247254825,-76.2462519281279,117,-60.0600888888889,0,25,"ice_free","1"
"714",2000,-161.426903129358,56.3032122911841,-58.1138184511545,117,-62.3941527777778,0.258109326774691,38,"ice_free","1"
"720",2000,-171.463193464722,56.7790657811009,-143.761738264847,133,-2.96027222222222,0,14,"ice_free","8"
"721",2000,-170.429076950547,56.8101907006074,-95.4163878865885,133,0.962770833333332,0,18,"ice_free","5"
"722",2000,-169.507214012501,56.7949218672542,-70.9374608641992,141,-2.04547916666667,0,20,"ice_free","5"
"723",2000,-168.457322989089,56.7166200488271,-97.4513654487234,141,-7.68320694444445,0,21,"ice_free","3"
"724",2000,-167.425761257901,56.792040248285,-89.089086028698,141,-1.52454722222222,0,23,"ice_free","3"
"725",2000,-166.543264966001,56.7352514029604,-82.733951795804,133,-7.65293194444445,0.15499537037037,33,"ice_free","3"
"726",2000,-165.5735619432,56.704166730939,-76.7031224172056,149,-22.0263930555556,0.185637037037037,35,"ice_free","3"
"727",2000,-164.510121443967,56.7031982050127,-74.2690856478795,141,-43.4772763888889,0.209848765432099,36,"ice_free","3"
"728",2000,-163.407016084179,56.6959344534845,-73.697476523666,141,-58.69015,0.208207947530864,36,"ice_free","3"
"729",2000,-162.606983952651,56.69453161662,-70.1114084518859,141,-69.6878333333333,0.254916335978836,37,"ice_free","3"
"730",2000,-161.41696598056,56.7394657841909,-70.3672311938415,125,-80.0118763888889,0.388638468013468,41,"ice_free","3"
"731",2000,-160.545813370855,56.7321456052094,-60.5321201084727,125,-69.6262680555556,0.492559764309764,41,"ice_free","3"
"736",2000,-172.524059477643,57.2348996901748,-127.225244030739,165,4.17742361111111,0,0,"ice_free","8"
"737",2000,-171.438079141419,57.2240830273321,-107.211544089158,133,7.45635555555556,0,17,"ice_free","6"
"738",2000,-170.568044404589,57.2794191866911,-70.4706046796542,133,12.0691416666667,0,21,"ice_free","5"
"739",2000,-169.419487735269,57.2659843384783,-66.8387690225181,165,9.62651666666667,0.150030092592593,33,"ice_free","6"
"740",2000,-168.420487813544,57.2865848920796,-78.070118160939,165,1.78799861111111,0.190490277777778,35,"ice_free","3"
"741",2000,-167.485571659276,57.1985963028464,-72.2485222781093,165,-5.10039305555556,0.260506944444444,37,"ice_free","3"
"742",2000,-166.617318122527,57.1533473282767,-73.8971238095103,165,-24.0318972222222,0.316008969907407,38,"ice_free","3"
"743",2000,-165.353234874516,57.2149659953867,-70.1042774153713,141,-35.3420930555556,0.370228909465021,39,"ice_free","3"
"744",2000,-164.597235448963,57.1787327392299,-69.7099154440113,141,-46.2346958333333,0.408090046296296,40,"ice_free","3"
"745",2000,-163.517036362266,57.235677104141,-63.5293738519832,141,-61.1292763888889,0.4477882996633,41,"ice_free","3"
"746",2000,-162.430031989867,57.2552329491494,-57.0111568448487,133,-73.4091083333333,0.479412962962963,45,"ice_free","2"
"747",2000,-161.43148388321,57.2142834660661,-58.8544061135656,141,-88.0114902777778,0.560831886574074,46,"ice_free","3"
"748",2000,-160.568371772143,57.1755630069591,-64.9717280107318,141,-78.4641527777778,0.588751157407407,44,"ice_free","3"
"749",2000,-159.434839665521,57.2373452019073,-48.0389739547795,125,-59.8246444444444,0.526616274928775,43,"ice_free","2"
"753",2000,-172.525708042344,57.7766512698035,-135.021280417556,165,20.2572541666667,0,17,"ice_free","8"
"754",2000,-171.509982619554,57.7405815222955,-89.0116407023285,133,23.7324847222222,0,20,"ice_free","6"
"755",2000,-170.533069940529,57.7103325908302,-78.4912192263615,165,15.3342347222222,0.233661044973545,37,"ice_free","6"
"756",2000,-169.491088454623,57.7693681011812,-69.5775840274763,165,14.1937555555556,0.318296296296296,38,"ice_free","6"
"757",2000,-168.475389669295,57.7380623139177,-76.0660210623287,165,1.59254444444444,0.36461400462963,38,"ice_free","6"
"758",2000,-167.63941593038,57.6853721293136,-62.5910372628854,165,-18.1806847222222,0.415224305555556,40,"ice_free","3"
"759",2000,-166.431146814732,57.6924811363577,-63.1318716338819,165,-37.4095888888889,0.47122550154321,42,"ice_free","3"
"760",2000,-165.468272784829,57.729197982076,-62.8547378555295,141,-41.0021541666667,0.54703311965812,43,"ice_free","3"
"761",2000,-164.390555838621,57.7149942530401,-45.2733420708993,133,-45.6312430555556,0.581191302910053,44,"ice_free","2"
"762",2000,-163.326400198913,57.8266303987071,-46.6922498024626,109,-60.9787263888889,0.182793290491985,97,"ice_full","2"
"763",2000,-162.488510526057,57.7960730343456,-45.7453624108071,109,-70.1471208333333,0.222732957595276,99,"ice_full","2"
"764",2000,-161.58987468347,57.7802813574166,-40.4109558229814,133,-76.0441902777778,0.686312987329435,49,"ice_free","2"
"765",2000,-160.511831505456,57.8186789497232,-45.8040239453302,133,-74.5233861111111,0.652192644032922,48,"ice_free","3"
"766",2000,-159.379418385503,57.7597383457231,-42.1710273639188,117,-54.4606805555556,0.635421006944444,46,"ice_free","2"
"771",2000,-173.436761219142,58.3007854222981,-125.973694223051,165,8.10510972222222,0,17,"ice_free","8"
"772",2000,-172.545520758717,58.2784941900126,-115.995478628854,157,36.1807666666667,0,20,"ice_free","8"
"773",2000,-171.565549344469,58.2250755966566,-97.6621910691893,165,25.5180138888889,0,23,"ice_free","6"
"774",2000,-170.591729629879,58.2486913595954,-91.4868389461786,157,5.27971944444444,0.329184413580247,39,"ice_free","6"
"775",2000,-169.471008763112,58.2048257316966,-75.7787296694304,157,0.362008333333333,0.450530723905724,41,"ice_free","6"
"776",2000,-168.56010496879,58.1958679589474,-73.4268755847099,157,-11.4980472222222,0.138567233278054,97,"ice_free","6"
"777",2000,-167.592114171756,58.2076793143537,-59.4301271523344,165,-27.0170236111111,0.177695271164021,100,"ice_free","6"
"778",2000,-166.567920710706,58.1668467969377,-53.3904128959276,165,-37.4430819444444,0.213494438014403,102,"ice_free","2"
"779",2000,-165.303668444286,58.2136887100397,-47.2765316924706,141,-40.2641833333333,0.246092529173009,103,"ice_free","2"
"780",2000,-164.482196907366,58.3071205247442,-40.6914684992666,109,-47.837325,0.267008101851852,102,"ice_full","2"
"781",2000,-163.389232782513,58.2838572326892,-35.9995522241277,109,-58.4895208333333,0.318104198376459,103,"ice_full","2"
"782",2000,-162.486713284113,58.2759537087173,-39.0121312738711,109,-53.9699555555556,0.353453542952675,102,"ice_full","2"
"793",2000,-173.475585131984,58.7631988445252,-123.361297332848,165,14.2422416666667,0,18,"ice_free","8"
"794",2000,-172.511400070449,58.792910710916,-104.50017188268,165,29.9444291666667,0,23,"ice_free","8"
"795",2000,-171.566361989329,58.7882878174541,-89.5069645604134,157,12.9283430555556,0.22319212962963,38,"ice_free","6"
"796",2000,-170.655923889075,58.7352014556181,-101.919609268954,157,-6.52396944444444,0.179113794954375,99,"ice_free","6"
"797",2000,-169.545926906459,58.8473236249427,-85.5831371915736,157,-15.5476430555556,0.233513482232232,104,"ice_free","6"
"798",2000,-168.660001675436,58.7332672031419,-57.6641498446798,141,-23.9453875,0.271209938271605,105,"ice_free","7"
"799",2000,-167.770861258874,58.7239024382371,-49.9429487179487,157,-31.5627513888889,0.295320401234568,105,"ice_free","7"
"800",2000,-166.254547457892,58.8795680164682,-38.7763546096405,109,-36.2390680555556,0.334466975308642,105,"ice_full","7"
"801",2000,-165.277213676226,58.84831602822,-31.0356470478905,109,-41.0738194444444,0.387926450617284,105,"ice_full","2"
"802",2000,-164.497414242738,58.8448048864054,-29.6029406692853,109,-51.0049888888889,0.428123842592593,106,"ice_full","2"
"803",2000,-163.447360378231,58.771357960636,-24.5261315751808,109,-55.7892722222222,0.463705555555556,105,"ice_full","2"
"809",2000,-176.450835900408,59.259444082788,-147.551359835164,165,-17.3213819444444,0,0,"ice_free","8"
"810",2000,-175.490852400415,59.2697233581188,-130.674743395392,165,-0.887199999999999,0,14,"ice_free","8"
"813",2000,-172.506823075261,59.2056363512699,-108.780886118171,165,7.8297375,0.112587134202103,111,"ice_free","9"
"814",2000,-171.60341949643,59.1896151654949,-67.8378065014632,157,-7.36679583333333,0.247696961805556,110,"ice_free","9"
"815",2000,-170.537552996276,59.2265539922449,-77.1888066355031,149,-19.9848555555556,0.357932514245014,108,"ice_free","6"
"816",2000,-169.547741109758,59.2499474809833,-62.8240272706373,141,-21.2247597222222,0.392066408128908,107,"ice_free","6"
"817",2000,-168.768155569342,59.1225806870271,-41.0737806503198,133,-23.5395180555556,0.41981429702729,106,"ice_free","7"
"819",2000,-166.30544415213,59.2722671704494,-31.226354032325,109,-41.8068333333333,0.48903360990861,107,"ice_full","7"
"820",2000,-165.414228151387,59.2592453080458,-22.8406937382212,109,-47.4990652777778,0.511137197293447,108,"ice_full","7"
"821",2000,-164.474205568124,59.2457476081054,-22.6155488790265,109,-55.7853125,0.564584145021645,107,"ice_full","2"
"825",2000,-177.522379941109,59.7974878596352,-157.160023591862,141,-26.5893930555556,0.11872613960114,95,"ice_free","8"
"826",2000,-176.47738455231,59.7131112755746,-127.298219284745,141,-14.9247361111111,0.0795894820601852,94,"ice_free","8"
"828",2000,-174.510313548551,59.7574985800559,-102.844124853266,141,-5.37794583333333,0.166211718438869,123,"ice_full","8"
"829",2000,-173.549696224722,59.6727746964961,-91.0072895628442,165,-9.00469444444444,0.281881895193065,124,"ice_free","9"
"830",2000,-172.492350750838,59.723240706115,-98.1728276090532,157,-12.2023847222222,0.410524840700916,123,"ice_free","9"
"831",2000,-171.486509619753,59.7154336867127,-74.1278478071697,157,-17.4084666666667,0.480623112922705,122,"ice_free","9"
"832",2000,-170.534464124952,59.660322779777,-61.0715600722339,157,-24.4486,0.520549168897813,113,"ice_free","9"
"833",2000,-169.773672565199,59.6153370202629,-62.715449563888,157,-23.3839902777778,0.544755671296296,110,"ice_free","9"
"835",2000,-167.413964313337,59.6966955972018,-31.5497925384466,109,-34.4422694444444,0.560831481481481,110,"ice_full","7"
"839",2000,-177.412944754472,60.2594380544733,-141.104966584017,133,-41.7603791666667,0.309535961466517,129,"ice_full","8"
"840",2000,-176.616041855144,60.2485604105047,-140.532113069768,157,-21.9008277777778,0.298117361111111,130,"ice_free","8"
"841",2000,-175.571390560963,60.2541343860387,-119.520000980773,157,-22.1859125,0.339662800687285,127,"ice_free","8"
"842",2000,-174.539608767969,60.2086968810763,-98.9936340249907,133,-24.8199013888889,0.437642863823419,129,"ice_full","9"
"843",2000,-173.503227098195,60.2202565662521,-76.2945889620361,133,-20.0027097222222,0.532282373366013,132,"ice_full","9"
"844",2000,-172.501853208094,60.1897479149788,-49.2201575955957,133,-12.4661900938845,0.590521867134124,133,"ice_full","9"
"845",2000,-171.551116415283,60.2175071324127,-60.3305377298081,157,-16.4761625,0.625180763888889,130,"ice_free","9"
"846",2000,-170.718988475146,60.2319254690561,-62.2002558226242,157,-24.3720083333333,0.637905238791423,125,"ice_free","9"
"847",2000,-169.555555555556,60.1990718841553,-46.8333333333333,165,-22.5878555555556,0.61526098914775,123,"ice_free","11"
"853",2000,-178.413442339216,60.7423813780099,-177.318430432645,133,-62.7183319444444,0.594957366954333,133,"ice_full","8"
"854",2000,-177.39705160528,60.6772207152866,-144.300841512077,133,-47.6487125,0.564122332451499,135,"ice_full","8"
"855",2000,-176.620189952904,60.6835952610741,-127.414314536525,141,-43.0543347222222,0.568409744060098,136,"ice_full","8"
"856",2000,-175.517036853339,60.7142778994113,-100.677274864535,133,-27.1695458333333,0.601178262998576,134,"ice_full","8"
"857",2000,-174.42916400327,60.7210319795177,-78.840490448621,133,-20.9035805555556,0.669575617283951,132,"ice_full","9"
"858",2000,-173.693835997676,60.6838402735852,-69.2029510344728,133,-21.7949652777778,0.699418570439598,137,"ice_full","9"
"859",2000,-172.440686018867,60.7173530639611,-60.5877579541888,141,-19.4797558410763,0.730278072390572,140,"ice_full","9"
"860",2000,-171.453037827708,60.6716945247733,-57.1553539597657,149,-18.0476,0.710956060606061,140,"ice_full","9"
"861",2000,-170.773680305456,60.6327984857438,-53.5690953958049,157,-27.0510291666667,0.691826843584656,142,"ice_full","9"
"862",2000,-169.123070644803,60.8079603526795,-42.8974509803922,157,-27.0989416666667,0.662414310515873,142,"ice_full","11"
"863",2000,-168.397950437327,60.7506733838561,-36.5158541370141,157,-29.8043819444444,0.609287099041005,142,"ice_full","11"
"864",2000,-167.402337793543,60.7853817923944,-27.3614048565412,165,-28.408975,0.515298782578875,138,"ice_free","11"
"868",2000,-178.44784251815,61.2975594446169,-170.914723699764,141,-54.1028319444444,0.710617287556248,137,"ice_full",NA
"869",2000,-177.493332725358,61.2085829860944,-130.977911040476,141,-43.3134680555556,0.684424272486773,142,"ice_full","8"
"870",2000,-176.46102155137,61.2110404605515,-114.173984528719,141,-40.9443805555556,0.714012184343434,140,"ice_full","8"
"871",2000,-175.54936033444,61.2347584336269,-83.3681289236958,141,-35.1008194444444,0.746827246227709,138,"ice_full","10"
"872",2000,-174.603529984329,61.2521876847111,-79.8897536234596,141,-20.4533625,0.765817258230453,138,"ice_full","10"
"873",2000,-173.586374375948,61.294342267344,-65.8371798935091,141,-21.6779944444444,0.78832585796806,139,"ice_full","10"
"878",2000,-168.376549600649,61.2994531482548,-34.1229906376965,165,-38.0813430555556,0.676060695229127,148,"ice_full","11"
"882",2000,-178.512594664407,61.8032197741355,-130.496014564878,141,-37.9300125,0.778576601257221,139,"ice_full",NA
"883",2000,-177.524147790326,61.7614901755467,-123.210593147383,141,-31.9165333333333,0.761350959904859,139,"ice_full",NA
"884",2000,-176.386589868719,61.7576490922408,-103.535833333333,141,-29.0221527777778,0.771416337495753,139,"ice_full","8"
"885",2000,-175.556633667576,61.7547502278169,-93.7175163398693,141,-23.7977361111111,0.790404385288066,138,"ice_full","10"
"886",2000,-174.52427439757,61.7988603648642,-66.7694850057053,141,-14.8361833333333,0.813316275620281,133,"ice_full","10"
"887",2000,-173.532374052459,61.7533649558393,-64.8727714686949,141,-17.0167208333333,0.813507103304285,132,"ice_full","10"
"888",2000,-172.556001527874,61.8540000460109,-52.8371770361338,133,-20.5190861111111,0.808100716918375,133,"ice_full","10"
"889",2000,-171.571980765796,61.7959374940441,-67.0758092020592,141,-25.2023861111111,0.780699492945326,135,"ice_full","10"
"890",2000,-170.487742414259,61.8382622426622,-47.9463432009322,141,-27.35355,0.75246660988819,136,"ice_full","10"
"891",2000,-169.568726595938,61.8545108480809,-41.5961304579513,141,-28.0550972222222,0.705164717348928,144,"ice_full","11"
"892",2000,-168.481301262265,61.74779527144,-33.6764935064935,165,-34.5552638888889,0.688688169574533,151,"ice_full","11"
"896",2000,-178.436590429035,62.1818740920938,-126.13647828725,141,-29.3860333333333,0.813942856850213,143,"ice_full",NA
"897",2000,-177.471723345372,62.2249273178444,-104.569111438768,141,-24.791875,0.817104359567901,138,"ice_full",NA
"898",2000,-176.494964599609,62.2536171381691,-96.990250965251,141,-15.1474444444444,0.806022023191416,137,"ice_full",NA
"899",2000,-175.531126008178,62.2514350183074,-83.6305872834571,141,-9.52676527777778,0.806385236875225,133,"ice_full","10"
"900",2000,-174.526041720776,62.2730470921131,-69.7628546099291,141,-10.6898819444444,0.811587893518518,130,"ice_full","10"
"901",2000,-173.574643490207,62.2958092436111,-60.7246793449953,141,-15.3058583333333,0.813503171296296,130,"ice_full","10"
"902",2000,-172.423590278817,62.2819176525241,-50.4128437667202,141,-18.7671597222222,0.788372879996333,131,"ice_full","10"
"903",2000,-171.557927216615,62.2398143092613,-45.1756289916897,141,-22.2931333333333,0.759755729739641,131,"ice_full","10"
"904",2000,-170.603033210912,62.2675533419866,-44.9051128980095,141,-24.7548527777778,0.748229487532087,131,"ice_full","10"
"905",2000,-169.511096886231,62.2355860599106,-38.342280102005,133,-23.6359583333333,0.745548667295937,133,"ice_full","10"
"906",2000,-168.55672046279,62.3000107879776,-32.2628825412525,133,-28.0226361111111,0.697541977902272,149,"ice_full","11"
"911",2000,-177.435049942137,62.7836496858372,-110.491711286089,141,-25.5569652777778,0.851053956228956,140,"ice_full",NA
"912",2000,-176.490584295811,62.7416122588068,-97.1573358974359,141,-16.4331069444444,0.831569219393004,138,"ice_full",NA
"913",2000,-175.525276832535,62.7406108717115,-85.4397406871763,141,-11.6197055555556,0.794632446715584,136,"ice_full",NA
"914",2000,-174.527689245238,62.7960376441902,-82.2736258865248,133,-11.9470569444444,0.797065731573157,131,"ice_full","10"
"915",2000,-173.516599720346,62.7568063468572,-66.0610622529644,141,-15.9849666666667,0.791039088283828,131,"ice_full","10"
"916",2000,-172.479996742489,62.7279751618623,-54.6385461661707,133,-19.6125027777778,0.748480970860566,132,"ice_full","10"
"917",2000,-171.431729095939,62.7959849414247,-45.8588155537275,133,-19.8235416666667,0.694243009259259,130,"ice_full","10"
"918",2000,-170.429079329581,62.8331467864938,-33.2604166454921,141,-21.2677930555556,0.659721333707445,129,"ice_full","10"
"919",2000,-169.575987812855,62.8056211259606,-29.9512302090917,133,-20.9025087864033,0.717839583333333,130,"ice_full","10"
"920",2000,-168.703261436822,62.7402260432711,-30.2912189707312,157,-22.1317722222222,0.714153189736347,148,"ice_full","10"
"924",2000,-179.648182404606,63.2904417120265,-77.4908333300293,157,-35.9574958333333,0.845388978687739,146,"ice_full",NA
"925",2000,-178.499733830717,63.2497312934926,-94.9814976125952,157,-38.5110472222222,0.856213441890166,146,"ice_full",NA
"926",2000,-177.351604167881,63.1961667166183,-105.791523631841,141,-28.5717,0.856281413880695,143,"ice_full",NA
"927",2000,-176.471462088186,63.2280103696542,-95.2555047471297,141,-19.3258597222222,0.826266777193861,141,"ice_full",NA
"928",2000,-175.532963210374,63.2153621061059,-87.8357459038229,141,-15.9690277777778,0.755580988060429,144,"ice_full",NA
"929",2000,-174.499681666648,63.2099819331522,-81.9298700958572,133,-16.3245916666667,0.697034562579821,146,"ice_full",NA
"930",2000,-173.495413733428,63.2506749534159,-80.4553373297171,141,-17.4667694444444,0.717788330610022,132,"ice_full","12"
"931",2000,-172.569833576516,63.3076774017423,-58.8209953718329,141,-19.5710472222222,0.669786062981298,131,"ice_full","12"
"932",2000,-171.412513427713,63.1959682845906,-41.2114426970001,133,-17.3900588696281,0.496724399523286,131,"ice_full","12"
"933",2000,-170.570720221629,63.146550723537,-24.1942100609445,141,-19.643762071113,0.389857168079096,148,"ice_full","12"
"935",2000,-168.365785298781,63.2408202304896,-24.755395662789,157,-29.50440123115,0.765092917814509,151,"ice_full","12"
"939",2000,-179.507521202239,63.7041798035397,-62.6432426926542,157,-29.797325,0.860149733504513,149,"ice_full",NA
"940",2000,-178.490642434688,63.7481473908819,-71.7247336622337,157,-34.5974638888889,0.860171246834441,147,"ice_full",NA
"941",2000,-177.5,63.7499974568685,-82.7013888888889,157,-32.0892708333333,0.842120095731325,148,"ice_full",NA
"946",2000,-172.492232485332,63.6695695100588,-53.4133596448135,141,-19.6460013888889,0.578469795400239,154,"ice_full","12"
"948",2000,-170.32570238708,63.8878393865753,-34.8574631186477,141,-18.0840650933041,0.59671698296579,161,"ice_full","12"
"950",2000,-168.500174482039,63.8219272358432,-29.3574990410433,165,-30.1530611111111,0.822824970131422,154,"ice_full","14"
"955",2000,-178.473516873851,64.2418522399553,-73.2345258602035,157,-30.6077458333333,0.854589359504132,151,"ice_full",NA
"956",2000,-177.548099263001,64.2264380365258,-73.9922920484202,157,-33.3207388888889,0.817663078703704,150,"ice_full",NA
"957",2000,-176.643107734352,64.1779717516631,-86.3808878564976,157,-34.6361319444444,0.782703244566881,151,"ice_full",NA
"962",2000,-171.644734422687,64.3236876527222,-42.6726764385936,141,-19.4650777777778,0.669030648512686,157,"ice_full",NA
"964",2000,-169.460987483714,64.2929591007311,-39.5594408836124,141,-21.1708555555556,0.719774252136752,160,"ice_full","14"
"974",2000,-177.485318007298,64.7511156469344,-57.2285164939654,157,-32.1640430555556,0.734361837855297,159,"ice_full",NA
"979",2000,-171.417251783972,64.7637918010682,-41.0918083122041,133,-20.8544458333333,0.728781137082204,153,"ice_full",NA
"980",2000,-170.508876524675,64.7478477067113,-47.8621719554031,133,-22.7172222222222,0.898173494201272,129,"ice_full","12"
"992",2000,-170.472440833878,65.2340810429378,-39.9643030603289,133,-21.8880416666667,0.809218681340239,148,"ice_full",NA
"993",2000,-169.56176425753,65.2433650401663,-46.4919707445491,133,-20.5684388888889,0.880193200501904,137,"ice_full","14"
"1000",2000,-169.56494150361,65.7054097396069,-43.3119074891732,165,-20.4174736111111,0.786550634365281,161,"ice_full",NA
"1001",2000,-168.617675467393,65.6955404930115,-47.0192068965517,165,-22.8625818376068,0.804277444710898,169,"ice_full","14"
"1005",2001,-165.506858460597,54.8044547306083,-151.957026838418,141,-1.77586527777778,0,0,"ice_free","1"
"1016",2001,-166.457866823575,55.2195365790377,-136.926381545128,141,-10.1313527777778,0,0,"ice_free","4"
"1017",2001,-165.536850964635,55.2319501461931,-118.548178570802,141,-3.93204444444444,0,0,"ice_free","4"
"1018",2001,-164.431309252107,55.2184857810406,-80.0325839226445,141,-2.42851944444444,0,0,"ice_free","1"
"1027",2001,-167.433013917698,55.7255145524745,-133.728810321696,157,-7.00750138888889,0,0,"ice_free","4"
"1028",2001,-166.508712641204,55.7278943496656,-127.09757694448,157,-8.75771944444445,0,0,"ice_free","4"
"1029",2001,-165.547199927578,55.7240273192234,-111.735577285451,141,-2.05290277777778,0,0,"ice_free","4"
"1030",2001,-164.425981833166,55.7175963655324,-95.4051725218234,141,-2.35184444444445,0,0,"ice_free","3"
"1031",2001,-163.41126392555,55.7401214967527,-78.4233077674877,141,-2.79193888888889,0,0,"ice_free","1"
"1032",2001,-162.645610354479,55.8023497564889,-61.2291096887402,133,4.54910274496937,0,0,"ice_free","1"
"1042",2001,-167.511894050093,56.2649932330681,-127.163826753855,133,-4.31743055555556,0,0,"ice_free","4"
"1043",2001,-166.563640719067,56.1685745359317,-115.772129962911,133,-0.886108333333332,0,0,"ice_free","4"
"1044",2001,-165.380726456785,56.3121693815007,-88.7938662819016,133,6.61440277777778,0,0,"ice_free","3"
"1045",2001,-164.514451688881,56.2766199610346,-86.4382921509359,141,3.73140555555555,0,0,"ice_free","3"
"1046",2001,-163.498545496571,56.2908098539734,-84.25644314459,141,3.22500555555556,0,0,"ice_free","3"
"1047",2001,-162.476687954942,56.2700326128514,-75.990920483836,141,9.204425,0,0,"ice_free","1"
"1048",2001,-161.523236583392,56.2846573433918,-58.7833695001991,133,20.9616458333333,0,0,"ice_free","1"
"1053",2001,-172.300214658414,56.7853871071157,-134.002027864223,165,-11.0156166666667,0,0,"ice_free","8"
"1054",2001,-171.450260509198,56.7336298454277,-133.870980643562,133,-6.33714722222222,0,0,"ice_free","8"
"1055",2001,-170.470613274856,56.801008793587,-95.7418513657982,133,-2.25209027777778,0,0,"ice_free","5"
"1056",2001,-169.410723236613,56.7606033979975,-74.7731424051634,133,-0.338951388888889,0,0,"ice_free","5"
"1057",2001,-168.491661730701,56.7731453399433,-92.2715360203657,133,5.5299875,0,0,"ice_free","3"
"1058",2001,-167.550934634356,56.8138409959482,-87.8966778868576,133,8.10319583333333,0,0,"ice_free","3"
"1059",2001,-166.454180942645,56.7968307079522,-79.0274837892034,133,11.4402972222222,0,0,"ice_free","3"
"1060",2001,-165.467358208179,56.7702853530543,-74.8317334688002,157,14.6700305555556,0,0,"ice_free","3"
"1061",2001,-164.504028700787,56.7749469276977,-72.8914774024255,149,9.65213333333333,0,0,"ice_free","3"
"1062",2001,-163.467894507057,56.7630691214038,-71.3576849031156,157,8.04721111111111,0,0,"ice_free","3"
"1063",2001,-162.525444339989,56.7695111614606,-66.4350334513509,149,21.9797013888889,0,0,"ice_free","3"
"1064",2001,-161.518783430504,56.7754511438042,-70.9091784774496,141,24.9408666666667,0,0,"ice_free","3"
"1065",2001,-160.461754909898,56.7582018630957,-59.3600208317339,109,34.5003638888889,0,0,"ice_free","3"
"1070",2001,-172.520318453025,57.2972447889414,-129.554973520266,165,0.230548611111111,0,0,"ice_free","8"
"1071",2001,-171.4809449283,57.2653067001676,-110.63626121662,133,0.238161111111112,0,0,"ice_free","6"
"1072",2001,-170.504564886044,57.2450807790083,-63.5652535334206,133,11.1302180555556,0,0,"ice_free","5"
"1073",2001,-169.464515190064,57.2466103678025,-65.979976382282,165,13.8251277777778,0,0,"ice_free","6"
"1074",2001,-168.419239064831,57.2687778900485,-78.0922272162458,157,13.1354638888889,0,0,"ice_free","3"
"1075",2001,-167.55249521375,57.2246279949265,-72.9477633084637,157,19.2687041666667,0,0,"ice_free","3"
"1076",2001,-166.530009922073,57.2468922942152,-74.2656683486052,157,25.27095,0,0,"ice_free","3"
"1077",2001,-165.481520379695,57.2648861380108,-71.0392063249522,149,24.3317263888889,0,0,"ice_free","3"
"1078",2001,-164.536543880384,57.2811650610543,-67.9961450059851,149,16.8791583333333,0,0,"ice_free","3"
"1079",2001,-163.481454011177,57.2594914916929,-63.2859564121174,117,18.9167652777778,0,0,"ice_free","3"
"1080",2001,-162.484521478868,57.2595891187898,-55.1962968891838,133,36.9109263888889,0,0,"ice_free","2"
"1081",2001,-161.474053829217,57.2543179893888,-55.1322599265049,133,41.9849333333333,0,0,"ice_free","3"
"1082",2001,-160.46056166533,57.283695787231,-61.8902430745406,133,55.2196319444444,0,0,"ice_free","3"
"1083",2001,-159.447004256234,57.289561126961,-49.6320760991041,109,52.1341055555556,0,0,"ice_free","2"
"1087",2001,-172.514396663255,57.7488868218293,-124.280800793053,157,14.9596152777778,0,0,"ice_free","8"
"1088",2001,-171.491800513701,57.7236508250475,-93.3669852617038,133,12.745575,0,0,"ice_free","6"
"1089",2001,-170.459687993158,57.7253880574251,-78.4818681021626,157,24.0372208333333,0,0,"ice_free","6"
"1090",2001,-169.433438727366,57.7637778004798,-67.2452481216058,157,22.5824361111111,0,0,"ice_free","6"
"1091",2001,-168.412561185722,57.7765799055248,-75.4867726692029,157,25.5464680555556,0,0,"ice_free","6"
"1092",2001,-167.546212391913,57.7486309778592,-63.8641356977413,149,29.6951486111111,0,0,"ice_free","3"
"1093",2001,-166.575720528707,57.7720956594972,-60.5283646132406,101,22.9242652777778,0,0,"ice_free","3"
"1094",2001,-165.44548712686,57.7523250559175,-64.0309790444855,109,15.28295,0,0,"ice_free","3"
"1095",2001,-164.442005126231,57.7721106447227,-47.6181551007177,93,12.3848680555556,0,0,"ice_free","2"
"1096",2001,-163.497090621992,57.7738842160095,-48.847455928583,117,21.8451972222222,0,0,"ice_free","2"
"1097",2001,-162.460711019805,57.7782599599653,-46.4801794762504,117,43.1481916666667,0,0,"ice_free","2"
"1098",2001,-161.531864345377,57.7696936030872,-39.416131480329,133,53.9433097222222,0,0,"ice_free","2"
"1099",2001,-160.460659000085,57.7613610981036,-47.1411208849169,133,63.8184541666667,0,0,"ice_free","3"
"1100",2001,-159.503119297871,57.7420394968766,-45.7432195946135,125,58.2447361111111,0,0,"ice_free","2"
"1105",2001,-173.490824256204,58.2723673764967,-131.326770904454,157,16.4914986111111,0,0,"ice_free","8"
"1106",2001,-172.481662099815,58.205344654768,-117.032456385593,157,35.3319472222222,0,0,"ice_free","8"
"1107",2001,-171.53908040531,58.2466556030442,-94.4873229214661,157,34.3269375,0,0,"ice_free","6"
"1108",2001,-170.447872803635,58.2446627881287,-79.6543954364812,157,35.5953791666667,0,0,"ice_free","6"
"1109",2001,-169.426106686713,58.2468016198781,-75.6796039843606,149,37.6762097222222,0,0,"ice_free","6"
"1110",2001,-168.446229605939,58.206200184396,-69.1180707542175,133,31.5749041666667,0,0,"ice_free","6"
"1111",2001,-167.514740223749,58.2357704211687,-56.9708214243837,125,17.6929416666667,0,0,"ice_free","6"
"1112",2001,-166.605801062665,58.2080911493131,-54.578521969561,125,8.23681388888889,0.0281899985302763,93,"ice_free","2"
"1113",2001,-165.417293027529,58.2138850197886,-47.8807879936845,93,5.14880277777778,0.0289273221634333,93,"ice_full","2"
"1114",2001,-164.439577519954,58.2299459131674,-42.2620513743892,77,-5.27610972222222,0.0509551994301994,95,"ice_full","2"
"1115",2001,-163.477005198201,58.238599101355,-37.6792986088761,93,3.63749305555556,0.0332307347670251,92,"ice_full","2"
"1116",2001,-162.480957019339,58.2235703281699,-40.1712674439185,93,21.7664333333333,0,0,"ice_free","2"
"1127",2001,-173.521703919583,58.7265529644777,-125.670210895009,157,28.5678666666667,0,0,"ice_free","8"
"1128",2001,-172.585531274298,58.7398267446013,-108.559584639583,157,50.1535958333333,0,0,"ice_free","8"
"1129",2001,-171.484004487691,58.7355513841083,-96.5884543353438,157,49.4911902777778,0,0,"ice_free","6"
"1130",2001,-170.479305300287,58.7573452067177,-101.279494752544,157,44.9420027777778,0,0,"ice_free","6"
"1131",2001,-169.457062940102,58.73291214433,-83.6203887636859,133,44.2379819444444,0,0,"ice_free","6"
"1132",2001,-168.402011870209,58.7490383964767,-57.499262879129,117,10.0944736111111,0.0322262008101852,94,"ice_free","7"
"1133",2001,-167.529362403061,58.7095413419872,-48.578315356829,101,-8.30920972222222,0.0569151234567901,96,"ice_full","7"
"1134",2001,-166.544794805817,58.7579410629553,-42.4906607425058,101,-13.0475055555556,0.0826389925373134,97,"ice_full","7"
"1143",2001,-176.456760397095,59.2678720968729,-147.1800669705,157,1.31889583333333,0,0,"ice_free","8"
"1144",2001,-175.412483004439,59.317991406531,-133.028820915585,157,22.0024527777778,0,0,"ice_free","8"
"1145",2001,-174.587368199548,59.2764186657146,-112.82407821376,157,38.8082958333333,0,0,"ice_free","8"
"1146",2001,-173.456521008692,59.2764929526194,-112.938257968384,157,43.6407055555556,0,0,"ice_free","8"
"1147",2001,-172.48168953314,59.2562007263349,-119.238289075645,157,53.7278972222222,0,0,"ice_free","9"
"1148",2001,-171.458229221599,59.2444924952361,-74.8074788961404,157,50.30435,0,0,"ice_free","9"
"1149",2001,-170.512136690327,59.296658866195,-72.0718604327503,133,41.7813597222222,0,0,"ice_free","6"
"1150",2001,-169.368292513872,59.2674677017622,-60.3858743298241,117,21.9093027777778,0.0322463107638889,94,"ice_free","7"
"1151",2001,-168.498012242175,59.2805217913878,-47.597033356823,117,-6.02924027777778,0.0867264512108262,134,"ice_full","7"
"1154",2001,-165.493143465342,59.2622200600545,-23.7017436546463,125,-35.4167041666667,0.185329108796296,110,"ice_full","7"
"1159",2001,-177.520213738113,59.7972406810916,-157.324678062213,157,7.49387083333333,0,0,"ice_free","8"
"1160",2001,-176.50949000956,59.8004191584708,-121.670343660504,157,13.5639444444444,0,0,"ice_free","8"
"1161",2001,-175.421856686898,59.7707247481363,-123.086263360649,157,34.0343208333333,0,0,"ice_free","8"
"1162",2001,-174.699833495478,59.7933452368347,-100.911715697721,157,44.4550055555556,0,0,"ice_free","8"
"1163",2001,-173.339474414989,59.7882875348105,-91.5016774677154,157,44.9618680555556,0,0,"ice_free","9"
"1164",2001,-172.582900795435,59.783200376439,-102.255349215859,157,42.9072680555556,0,0,"ice_free","9"
"1165",2001,-171.524886472624,59.7861151605632,-70.3705729484868,141,40.4899708333333,0,0,"ice_free","9"
"1166",2001,-170.579321293778,59.7128108375192,-67.7124501506271,133,23.2856708333333,0.0328224464699074,94,"ice_free","9"
"1173",2001,-177.59976109395,60.2733456754883,-147.187640469407,157,-2.38836527777778,0,0,"ice_free","8"
"1174",2001,-176.53564855274,60.3027703991509,-143.153944059622,157,21.5314291666667,0,0,"ice_free","8"
"1175",2001,-175.533911086518,60.2523178252127,-119.224039663497,157,35.8586013888889,0,0,"ice_free","8"
"1176",2001,-174.530420268134,60.2074873618841,-101.819458466998,157,37.4755152777778,0,0,"ice_free","9"
"1177",2001,-173.417628157213,60.2319809472875,-69.8506217854023,157,26.8246513888889,0,0,"ice_free","9"
"1178",2001,-172.550844949535,60.2346795067276,-45.4726361851858,141,15.2480652252644,0.0385209750566893,128,"ice_full","9"
"1179",2001,-171.591436167845,60.2244879302258,-60.3508001103569,141,15.7307472222222,0.0609564719358534,127,"ice_full","9"
"1182",2001,-168.547718304362,60.2592858665802,-40.7062992705554,157,-33.4454819444444,0.29911487037037,155,"ice_full","11"
"1187",2001,-178.463054382742,60.7160452204543,-183.823140270901,133,-2.18718611111111,0.163049207004034,131,"ice_full","8"
"1188",2001,-177.480209386029,60.6977587593043,-140.883003404036,157,1.62701666666667,0.081594387755102,128,"ice_free","8"
"1189",2001,-176.465359321715,60.7629976733529,-117.763354497351,141,13.7103527777778,0.0290754104620084,127,"ice_full","8"
"1190",2001,-175.502051623952,60.7447982179782,-96.567880854064,133,21.2288916666667,0.0313231855592967,129,"ice_full","8"
"1191",2001,-174.504261293562,60.7917584726148,-81.0699239207676,157,19.0040930555556,0.034943962191358,126,"ice_free","9"
"1192",2001,-173.64522184118,60.738648936174,-65.4991116416649,149,8.05409722222222,0.0680219434996221,128,"ice_free","9"
"1193",2001,-172.456966848375,60.7046290975357,-59.923008946468,133,-3.24888476093689,0.148888283142956,137,"ice_full","9"
"1198",2001,-167.577152894243,60.7288245039048,-29.3725778636191,157,-47.1584541666667,0.492895193465824,153,"ice_full","11"
"1202",2001,-178.494719079187,61.1994333975308,-161.067144378076,141,-23.0754361111111,0.461738731656185,136,"ice_full",NA
"1204",2001,-176.520755531888,61.1807147725184,-116.399823784722,141,-3.4578875,0.214446164021164,135,"ice_full","8"
"1205",2001,-175.471775781944,61.2463066885681,-81.3627384042796,133,-1.91425694444444,0.18119708994709,135,"ice_full","10"
"1206",2001,-174.667113997551,61.2426712496637,-83.3326127819549,133,2.05396388888889,0.16911542302106,132,"ice_full","10"
"1207",2001,-173.488888001701,61.2397137637749,-66.463620369757,133,-2.54747361111111,0.177414495036273,127,"ice_full","10"
"1208",2001,-172.472327154013,61.2776584619714,-53.659006980795,133,-11.0502069444444,0.228833838996764,133,"ice_full","10"
"1209",2001,-171.630726454038,61.2360459682773,-61.8010172854453,133,-20.6751805555556,0.288433579412746,141,"ice_full","10"
"1210",2001,-170.40802918921,61.2873802919724,-50.9879770259865,149,-26.1757666666667,0.356567907718643,149,"ice_full","10"
"1213",2001,-167.347145779824,61.1541350437902,-24.1101900892566,157,-53.6210666666667,0.565773681640625,158,"ice_full","11"
"1216",2001,-178.502138092395,61.6976971137831,-135.462940109282,141,-24.9556375,0.707215093411996,143,"ice_full",NA
"1217",2001,-177.549143973408,61.6549532654228,-129.004777024011,141,-23.4353875,0.596339017944936,143,"ice_full",NA
"1218",2001,-176.579537200362,61.667009628863,-108.207879378697,141,-22.5767013888889,0.494433077050265,142,"ice_full","8"
"1219",2001,-175.570864146958,61.6788748908252,-91.0909762132822,149,-18.2539861111111,0.432769548504927,139,"ice_full","10"
"1220",2001,-174.416577859482,61.764926160958,-66.9363053681068,141,-13.0350375,0.361100575458636,137,"ice_full","10"
"1221",2001,-173.595778016909,61.7305952670496,-67.1480928689884,133,-12.0540472222222,0.300619361936194,131,"ice_full","10"
"1222",2001,-172.464343134816,61.6923054670676,-57.372198981574,133,-16.5156486111111,0.29518287037037,130,"ice_full","10"
"1223",2001,-171.430619675772,61.6960665460998,-62.8592721080111,133,-24.3606847222222,0.352725036310821,132,"ice_full","10"
"1224",2001,-170.53923471075,61.7737223980568,-48.8330601759192,149,-24.4822305555556,0.425199074074074,140,"ice_full","10"
"1225",2001,-169.811328742229,61.7846442396539,-43.4525355824987,149,-35.3040902777778,0.515819871357013,152,"ice_full","10"
"1226",2001,-168.564062690735,61.7147541597778,-34.9566176470588,157,-48.6310972222222,0.621553311965812,160,"ice_full","11"
"1229",2001,-179.621932321066,62.3076286907452,-119.72183048433,149,-28.6249319444444,0.790251760842039,147,"ice_full",NA
"1230",2001,-178.389756520589,62.2656226952871,-122.708333333333,157,-31.9930819444444,0.815242997198879,149,"ice_full",NA
"1231",2001,-177.343214504114,62.2017651234961,-99.8711113326245,157,-32.3917361111111,0.776575698334889,149,"ice_full",NA
"1232",2001,-176.497586765442,62.1931235585843,-97.2308339305622,157,-28.4477569444444,0.684495811754551,148,"ice_full",NA
"1234",2001,-174.377958119795,62.1528161828948,-65.1731722360306,141,-18.3230763888889,0.528439836051648,139,"ice_full","10"
"1235",2001,-173.577360259524,62.1721340669128,-56.8627426184926,133,-15.9488444444444,0.429126480146011,134,"ice_full","10"
"1236",2001,-172.366555267334,62.3066918983459,-49.834,133,-16.8637569444444,0.372212653557022,131,"ice_full","10"
"1237",2001,-171.509159008862,62.2759155519491,-45.96759544483,133,-20.6565361111111,0.394587092042538,131,"ice_full","10"
"1238",2001,-170.587907303253,62.2346308609033,-44.6411421430944,133,-21.0228388888889,0.483109021035599,133,"ice_full","10"
"1239",2001,-169.615184930522,62.2540865692028,-38.8857160232859,133,-27.2124861111111,0.564879928959132,146,"ice_full","10"
"1240",2001,-168.615984033361,62.3841892551479,-32.2108951741955,157,-41.4004833333333,0.666469067353644,154,"ice_full","11"
"1241",2001,-167.68390828545,62.4576123665119,-26.8229442970822,157,-54.9776777777778,0.691713698679299,159,"ice_full","11"
"1243",2001,-179.624223248732,62.8237561864187,-105.672524664565,133,-25.0554888888889,0.801377243117011,143,"ice_full",NA
"1244",2001,-178.558205331227,62.8323389996686,-91.6136290878645,149,-28.2652666666667,0.822080528091651,148,"ice_full",NA
"1245",2001,-177.641788164553,62.8152993465458,-110.044631565363,157,-34.4687361111111,0.821112670263238,151,"ice_full",NA
"1246",2001,-176.542461201296,62.7442594598242,-98.6889712806026,157,-27.6547041666667,0.763802430555556,150,"ice_full",NA
"1247",2001,-175.5,62.7499974568685,-85.8090277777778,157,-19.3540458333333,0.677274445242656,146,"ice_full",NA
"1248",2001,-174.361875508271,62.8875287960737,-77.1191785644911,141,-19.2013277777778,0.610731961127794,141,"ice_full","12"
"1249",2001,-173.433509481301,62.807878907295,-66.809918713248,141,-17.1360083333333,0.504056745413638,137,"ice_full","10"
"1250",2001,-172.442168335007,62.7652744703088,-56.4666291854073,133,-15.4241694444444,0.428010030864198,132,"ice_full","10"
"1251",2001,-171.580029640293,62.7240229115753,-42.8596364813374,133,-15.7908680555556,0.427056747685185,130,"ice_full","10"
"1252",2001,-170.472431134715,62.795615308052,-34.6515220906544,133,-18.4719597222222,0.486629130355846,132,"ice_full","10"
"1253",2001,-169.569780236936,62.7728649607978,-30.1164927436439,133,-23.5364948003893,0.585214197530864,135,"ice_full","10"
"1254",2001,-168.448828413048,62.8262067401057,-28.5888823029927,157,-27.2079527777778,0.662338996020814,151,"ice_full","11"
"1255",2001,-167.464906182144,62.8580969152347,-25.5421401039048,157,-46.6017125,0.716514467592593,154,"ice_full","14"
"1258",2001,-179.564582092215,63.2720015009307,-80.8996588278913,141,-11.1126347222222,0.881631768077601,135,"ice_full",NA
"1259",2001,-178.57568212041,63.2789806449488,-93.2864814814815,141,-17.7101791666667,0.865780179127726,137,"ice_full",NA
"1260",2001,-177.644371308869,63.341744627879,-100.173790933921,149,-23.5393736111111,0.81277822517896,149,"ice_full",NA
"1261",2001,-176.583878266896,63.2988808947828,-95.4673047932299,149,-24.7143666666667,0.790670273919753,150,"ice_full",NA
"1262",2001,-175.478831237013,63.3008377244978,-83.7077809343434,141,-14.3470486111111,0.709620563271605,144,"ice_full",NA
"1263",2001,-174.371576783391,63.1819024961737,-78.0833838277573,141,-14.8129944444444,0.643807849133537,139,"ice_full",NA
"1264",2001,-173.415095093819,63.2604920594832,-80.3219902665915,141,-15.0287833333333,0.558643073361823,134,"ice_full","12"
"1265",2001,-172.543238087288,63.2474428413621,-60.098443097897,133,-14.7556652777778,0.483832614167566,133,"ice_full","12"
"1266",2001,-171.533471113669,63.2051787954306,-43.8394224797805,141,-13.8268750131258,0.369732933914306,132,"ice_full","12"
"1267",2001,-170.572895609875,63.1477083282883,-23.6516437100124,133,-16.7958050818657,0.363243556056056,141,"ice_full","12"
"1269",2001,-168.312389268933,63.2297301113852,-25.163881441541,157,-21.4220631016536,0.676138974271403,152,"ice_full","12"
"1270",2001,-167.531519479493,63.2389551451383,-26.0551978287051,149,-34.5845861111111,0.736490014908977,148,"ice_full","14"
"1271",2001,-166.435568505003,63.2830119700443,-22.7624220566476,141,-48.1728569444444,0.735593812003968,142,"ice_full","14"
"1273",2001,-179.522600305816,63.7470206296834,-60.4208166633282,141,-0.992568055555555,0.888432199723088,137,"ice_full",NA
"1274",2001,-178.431712680393,63.7870344585843,-71.1984953703704,157,-11.5686444444444,0.867175915109034,137,"ice_full",NA
"1275",2001,-177.573350495134,63.7841252682457,-78.409359846089,149,-11.9735763888889,0.79563446231319,144,"ice_full",NA
"1276",2001,-176.39192370966,63.7691749102573,-90.9144416339001,149,-11.8078013888889,0.762273520872568,148,"ice_full",NA
"1277",2001,-175.521538484885,63.8246300946916,-88.3858893668159,141,-9.01493611111111,0.721679022772773,141,"ice_full",NA
"1278",2001,-174.545519521533,63.8328702269104,-79.574620797084,141,-11.8893,0.683341889070443,132,"ice_full",NA
"1279",2001,-173.545566820861,63.806755231433,-69.105103869442,133,-14.1708138888889,0.601503712871287,131,"ice_full",NA
"1280",2001,-172.547936320364,63.7898604780305,-54.0409861218925,133,-15.6026333333333,0.557410221496006,132,"ice_full","12"
"1281",2001,-171.495290778406,63.8739598703353,-28.463721135712,133,-16.083879056275,0.572246561488673,133,"ice_full","12"
"1282",2001,-170.500458175166,63.8603223160425,-30.8703098632762,141,-14.6611895568234,0.612167690527066,134,"ice_full","12"
"1283",2001,-169.48437373924,63.7895218144547,-28.8466323604711,149,-12.2464,0.768928240740741,140,"ice_full","12"
"1284",2001,-168.494915214562,63.7543597236731,-28.8266619184416,149,-17.7179916666667,0.761664816793289,147,"ice_full","14"
"1285",2001,-167.530249396415,63.7771667958065,-26.5314164733994,149,-28.435325,0.766675454768928,143,"ice_full","14"
"1286",2001,-166.445335044116,63.7739851692491,-25.6165302340034,141,-38.0791013888889,0.737218918350168,140,"ice_full","14"
"1289",2001,-178.441739340813,64.214746935643,-74.095000997922,141,-9.27337083333333,0.834433151901902,141,"ice_full",NA
"1290",2001,-177.48980441962,64.2600485130125,-73.5162379136792,141,-11.1572666666667,0.774200961378045,141,"ice_full",NA
"1291",2001,-176.475149502638,64.290254361331,-86.1836296655712,141,-8.76592361111111,0.722720890691577,143,"ice_full",NA
"1292",2001,-175.466736461922,64.2720989674469,-82.6952086543246,141,-6.28287777777778,0.673139118284952,141,"ice_full",NA
"1293",2001,-174.505979865231,64.2608803590305,-70.2655159067379,133,-7.92845,0.647643473570658,133,"ice_full",NA
"1294",2001,-173.612394738943,64.17145942505,-49.3978750309439,133,-7.64783360256244,0.472035982764943,131,"ice_full",NA
"1295",2001,-172.402606698687,64.1929656248288,-40.4513355844833,133,-13.9999642902588,0.572766720604099,133,"ice_full",NA
"1296",2001,-171.528053478465,64.2532705297427,-43.3290117096827,133,-18.6025083333333,0.67510851261801,132,"ice_full","12"
"1297",2001,-170.603681897209,64.2863386349526,-43.4172375300721,133,-17.7911902777778,0.750015304746494,133,"ice_full","12"
"1298",2001,-169.505811462832,64.2666786215353,-39.4705442782759,133,-15.2455777777778,0.794488076519916,136,"ice_full","12"
"1299",2001,-168.562326308994,64.2331801816392,-31.954749476647,149,-20.1714027777778,0.790318870862012,143,"ice_full","14"
"1300",2001,-167.389411488909,64.2523943096882,-25.9656119727396,141,-29.0592944444444,0.761441045211878,141,"ice_full","14"
"1308",2001,-177.403367220567,64.7626433030079,-55.9282944792456,141,-5.51227222222222,0.706708958958959,141,"ice_full",NA
"1309",2001,-176.467863313864,64.7613748280538,-63.5052857500005,141,-3.6755875,0.644919013336731,139,"ice_full",NA
"1310",2001,-175.573151742887,64.6951362694465,-57.1600980625104,141,-6.81243899238212,0.489807725694444,142,"ice_full",NA
"1312",2001,-172.081887197494,64.6818043535406,-28.5008522727273,165,-20.2191326324961,0.542435464559387,175,"ice_full",NA
"1313",2001,-171.482988873022,64.7338979631544,-39.5748778964382,133,-18.8416333333333,0.751647586299892,133,"ice_full",NA
"1314",2001,-170.544260894658,64.7571415225208,-47.5406489463602,133,-21.6869791666667,0.772684364886731,133,"ice_full","12"
"1315",2001,-169.500200683134,64.749177093566,-46.7439381627762,133,-18.1006805555556,0.810238491439553,136,"ice_full","14"
"1316",2001,-168.584472107469,64.7431590083607,-36.2645833333333,157,-22.6372083333333,0.796222180886243,142,"ice_full","14"
"1317",2001,-167.395627738659,64.779494611211,-22.458721951725,141,-29.6216333333333,0.724078745412079,141,"ice_full","14"
"1319",2001,-179.226821444859,65.2475895922325,-51.1566409988105,165,-15.7021676025543,0.483106444738389,156,"ice_full",NA
"1325",2001,-171.296928749677,65.1978788696126,-34.6188407811263,165,-22.9127458333333,0.667831114969136,174,"ice_full",NA
"1326",2001,-170.54739573211,65.2355185707199,-39.4909408063472,133,-19.4123125,0.809968783386752,134,"ice_full",NA
"1327",2001,-169.499356975133,65.2506907962362,-46.6535269953052,133,-17.6708694444444,0.825781611026164,139,"ice_full","14"
"1328",2001,-168.589026211233,65.2397186887476,-49.4321723013049,165,-21.6013638888889,0.793654959439528,143,"ice_free","14"
"1333",2001,-170.193005555085,65.6817027312138,-37.4994612949027,157,-13.8611793772658,0.501385499338624,142,"ice_full",NA
"1335",2001,-168.628383706482,65.7504077110079,-47.7574734997937,165,-21.8275818376068,0.804979806534176,153,"ice_full",NA
"1339",2002,-165.444034281644,54.7902333597414,-157.709980521801,141,-1.84291388888889,0,0,"ice_free","1"
"1350",2002,-166.492713576343,55.2446706008363,-136.148132493432,141,3.44034861111111,0,0,"ice_free","4"
"1351",2002,-165.46813008621,55.2431904029363,-116.913788664899,133,-1.12371111111111,0,0,"ice_free","4"
"1352",2002,-164.534094190825,55.2619068325406,-89.3781211557065,141,-1.64615833333333,0,0,"ice_free","1"
"1361",2002,-167.412027168831,55.7803961708163,-133.28777642177,141,8.97676944444445,0,0,"ice_free","4"
"1362",2002,-166.537137391963,55.7520467083562,-127.66292170276,141,7.26735,0,0,"ice_free","4"
"1363",2002,-165.461606194935,55.7635677524341,-108.573642634571,141,10.3018194444444,0,0,"ice_free","4"
"1364",2002,-164.474820667422,55.7589747139451,-95.4723126493598,141,9.520725,0,0,"ice_free","3"
"1365",2002,-163.520220544151,55.7592295029333,-84.7727608340683,117,5.8672625,0,0,"ice_free","1"
"1366",2002,-162.568409268861,55.787464360684,-54.6125027277764,101,10.1141421150481,0,0,"ice_free","1"
"1376",2002,-167.453526554048,56.2382217684312,-127.66406433048,141,14.2063888888889,0,0,"ice_free","4"
"1377",2002,-166.493764335454,56.2396296068857,-110.067649904447,141,18.6742388888889,0,0,"ice_free","4"
"1378",2002,-165.517642948898,56.260149474042,-92.7730021391689,117,25.0540902777778,0,0,"ice_free","3"
"1379",2002,-164.450798743913,56.2568746012844,-86.5879116404334,117,25.1126902777778,0,0,"ice_free","3"
"1380",2002,-163.471767900284,56.2584000895723,-84.9145198444704,101,18.5237555555556,0,0,"ice_free","3"
"1381",2002,-162.538031577537,56.2907131712052,-76.2104717470483,101,13.2633486111111,0,0,"ice_free","1"
"1382",2002,-161.526333881189,56.2833886228593,-59.2165263886914,93,11.5531041666667,0,0,"ice_free","1"
"1387",2002,-172.515217422355,56.777611057305,-165.691572434561,165,2.00952222222222,0,0,"ice_free","8"
"1388",2002,-171.494405050947,56.7516751453662,-138.13009826009,165,1.94236666666667,0,0,"ice_free","8"
"1389",2002,-170.39817460595,56.7285383546777,-99.4526822991671,141,14.4640555555556,0.0911869739057239,52,"ice_free","5"
"1390",2002,-169.514820199133,56.8007924267992,-72.6764432484966,141,19.1891388888889,0,0,"ice_free","5"
"1391",2002,-168.45123144543,56.7647512069699,-93.1335380607008,141,14.9844319444444,0,0,"ice_free","3"
"1392",2002,-167.499490803878,56.7717622497985,-90.8835279809956,141,22.1214597222222,0.0953231682769726,53,"ice_free","3"
"1393",2002,-166.53349654623,56.7733534689727,-80.248006421158,141,19.413075,0.109553442028986,53,"ice_free","3"
"1394",2002,-165.465376490652,56.7354310229154,-75.4876473710891,141,32.1931555555556,0.0688518518518519,49,"ice_free","3"
"1395",2002,-164.49549408344,56.7467012514277,-73.5851334588481,141,30.8785916666667,0,0,"ice_free","3"
"1396",2002,-163.490456251707,56.757615952128,-71.6403297454403,117,10.7765513888889,0,0,"ice_free","3"
"1397",2002,-162.524280853975,56.7416319633362,-67.8155949394,133,2.58428472222222,0.0640278996101365,49,"ice_free","3"
"1398",2002,-161.450941748455,56.7746186390524,-70.2578703316019,117,4.06308888888889,0,0,"ice_free","3"
"1399",2002,-160.499534956324,56.7580689474553,-59.9443184496844,125,10.9557111111111,0,0,"ice_free","3"
"1404",2002,-172.486023542062,57.2445657754855,-129.690144976496,165,6.21471527777778,0.116997685185185,53,"ice_free","8"
"1405",2002,-171.498764761955,57.2879595905108,-110.53013321892,165,10.7869458333333,0.279680812757202,57,"ice_free","6"
"1406",2002,-170.51420596469,57.2724814674734,-63.7200380716608,165,16.3417111111111,0.305700274348423,57,"ice_free","5"
"1407",2002,-169.503415937827,57.2657105468581,-64.1265118329119,141,24.3204055555556,0.196548981481482,55,"ice_free","5"
"1408",2002,-168.499111676386,57.2354013281505,-77.2807099639743,141,17.4180680555556,0.246983707264957,56,"ice_free","3"
"1409",2002,-167.446293840893,57.230981275309,-70.3940618846996,109,-5.92896944444445,0.292286608367627,57,"ice_free","3"
"1410",2002,-166.486012380675,57.2741708433735,-73.4860169704476,165,0.996331944444444,0.308457733196159,57,"ice_free","3"
"1411",2002,-165.475906766623,57.2836684113761,-70.3295592112394,141,37.7789138888889,0.306142806267806,56,"ice_free","3"
"1412",2002,-164.509756067065,57.2495238088461,-68.4231248591484,117,30.6649569444444,0.313095441595442,56,"ice_free","3"
"1413",2002,-163.508110122778,57.2547350928311,-63.2096680013087,117,-1.98879027777778,0.344680555555556,58,"ice_free","3"
"1414",2002,-162.519934996331,57.2482659576173,-56.1531093053606,93,-5.71084444444444,0.283481910150892,57,"ice_free","2"
"1415",2002,-161.49713511417,57.2284284178181,-58.3412759933796,109,-1.57405972222222,0.0851814373897707,51,"ice_free","3"
"1416",2002,-160.456733768189,57.2678628637265,-61.5224236047763,125,11.5353958333333,0,0,"ice_free","3"
"1417",2002,-159.496400001857,57.2531174792658,-50.2839802407101,101,13.9369180555556,0,0,"ice_free","2"
"1421",2002,-172.509808210361,57.7439975455915,-114.400836266132,165,20.8489208333333,0.376555630227001,61,"ice_free","8"
"1422",2002,-171.503826095864,57.7542582412802,-89.0715038024422,165,21.9256097222222,0.511881663860831,63,"ice_free","6"
"1423",2002,-170.529394053346,57.7549796075628,-78.1674898695254,165,15.1060402777778,0.548419280167264,61,"ice_free","6"
"1424",2002,-169.524995649689,57.7386991645407,-66.8883756831858,165,37.453825,0.468325479497355,58,"ice_free","6"
"1425",2002,-168.405475185266,57.7812737123073,-72.0080677359909,165,23.6410513888889,0.517698908730159,58,"ice_free","6"
"1426",2002,-167.454016583754,57.7959581207942,-64.6401243820983,101,-9.42919166666667,0.56470064484127,58,"ice_free","3"
"1427",2002,-166.515803580498,57.7535455976503,-60.9281032009625,157,8.59846666666667,0.578298528439153,58,"ice_free","3"
"1428",2002,-165.54025896336,57.766655023396,-62.2701274095284,117,26.2732972222222,0.60144212962963,59,"ice_free","3"
"1429",2002,-164.49584840088,57.7324765803315,-49.5987329517002,117,5.31820138888889,0.601157214506173,66,"ice_free","2"
"1430",2002,-163.492811982897,57.7328523932238,-49.9453769848306,93,-11.4597680555556,0.577271154835391,66,"ice_free","2"
"1431",2002,-162.524938188516,57.7561004354932,-46.2812805848253,93,-2.45573194444445,0.480401234567901,60,"ice_free","2"
"1432",2002,-161.49505804264,57.7555110888851,-39.380397809888,101,2.20417777777778,0.311043568121693,58,"ice_free","2"
"1433",2002,-160.470279664219,57.7524727855398,-46.9429155256393,101,14.0568222222222,0.242574322089947,58,"ice_free","3"
"1434",2002,-159.500189204442,57.7602616737807,-44.8755337465353,93,10.0203958333333,0.323548115079365,58,"ice_free","2"
"1439",2002,-173.507919818986,58.2908043921861,-120.203250150819,165,16.295075,0.471331563180828,64,"ice_free","8"
"1440",2002,-172.528844036815,58.2570241071793,-108.819496099499,165,24.9231277777778,0.607346322016461,66,"ice_free","8"
"1441",2002,-171.453027282395,58.2539131908232,-94.0215008010024,93,13.4488819444444,0.672825825825826,67,"ice_free","6"
"1442",2002,-170.556150031268,58.2675903238426,-86.8879201944863,157,-1.62732916666667,0.697995245245245,67,"ice_free","6"
"1443",2002,-169.489832057076,58.2491963529581,-78.3704192311559,165,22.0178763888889,0.671806018518519,65,"ice_free","6"
"1444",2002,-168.451302494609,58.2284533220589,-71.3415947092645,165,7.184175,0.697381018518519,65,"ice_free","6"
"1445",2002,-167.513636923108,58.2422766799937,-56.2177585403145,101,3.80446944444444,0.680781635802469,66,"ice_free","6"
"1446",2002,-166.513847703669,58.2449475481855,-52.5464448997002,101,14.6346263888889,0.605847169612795,74,"ice_free","2"
"1447",2002,-165.492254168135,58.2480348697135,-47.8268604863929,101,7.25390694444444,0.685478956228956,74,"ice_free","2"
"1448",2002,-164.518540710159,58.2483400925083,-42.0832367147959,109,-8.89791527777778,0.762309027777778,74,"ice_free","2"
"1449",2002,-163.463470751503,58.2511583941803,-37.2599929138653,93,-11.9578541666667,0.697203343621399,75,"ice_full","2"
"1450",2002,-162.5351429962,58.2103359661692,-39.5542491224152,93,-14.7929069444444,0.618814311594203,76,"ice_full","2"
"1461",2002,-173.538841265004,58.7620758206892,-122.284813290089,165,22.1584569444444,0.667520650584795,68,"ice_free","8"
"1462",2002,-172.588374467656,58.7403319445572,-108.937097416225,165,12.7771722222222,0.728426215277778,70,"ice_free","8"
"1463",2002,-171.421060386871,58.7039096378855,-95.8927026260057,157,0.988516666666666,0.755855916892502,71,"ice_free","6"
"1464",2002,-170.554961865931,58.6980182089692,-103.189057631044,157,8.96689861111111,0.779389770723104,72,"ice_free","6"
"1465",2002,-169.447256103222,58.7306938883617,-86.799764525137,165,11.8726347222222,0.749088383838384,74,"ice_free","6"
"1466",2002,-168.475565267397,58.7358189433626,-57.7236650481471,149,2.85325833333333,0.752651491769547,75,"ice_free","7"
"1467",2002,-167.547742441091,58.6945779432649,-49.0812540284834,125,7.57249166666667,0.734982156635802,78,"ice_free","7"
"1468",2002,-166.528280145172,58.7149788129595,-43.0869320087579,101,4.11516805555556,0.756956693672839,78,"ice_free","7"
"1469",2002,-165.500696609821,58.7527668820524,-34.8768897487022,101,-1.08732638888889,0.775465663580247,78,"ice_free","2"
"1470",2002,-164.534288000253,58.7242407435028,-32.256193322829,101,-9.63856527777778,0.784289882330247,78,"ice_free","2"
"1471",2002,-163.519987965659,58.6966487857845,-26.7811774799275,93,-11.493925,0.73826244212963,78,"ice_full","2"
"1477",2002,-176.374945146567,59.2735212139793,-144.46172287822,133,25.0281666666667,0.463228040540541,67,"ice_free","8"
"1478",2002,-175.452816415472,59.2506608977186,-131.117262359581,133,18.6524875,0.582883843779677,69,"ice_free","8"
"1479",2002,-174.523653108198,59.2208881476828,-115.986640935222,93,22.7871847222222,0.685509905254091,73,"ice_full","8"
"1480",2002,-173.48876720942,59.2192120758205,-125.222712972311,125,16.5472333333333,0.737333770576132,75,"ice_free","8"
"1481",2002,-172.503601027117,59.2268749754586,-106.19714614193,133,-2.63390833333333,0.764045642109501,76,"ice_free","9"
"1482",2002,-171.612473683173,59.2404412470686,-70.8034360180945,165,-7.68363611111111,0.78319142101285,79,"ice_free","9"
"1483",2002,-170.425868179913,59.2416595601924,-71.7285343529507,165,3.49160277777778,0.816987172067901,78,"ice_free","6"
"1484",2002,-169.487188293276,59.2638212521946,-60.9626120803331,141,2.63617777777778,0.796367134353742,79,"ice_free","6"
"1485",2002,-168.488617943478,59.2521435352564,-47.3997593168134,149,5.34069027777778,0.784708125,80,"ice_free","7"
"1486",2002,-167.456759585034,59.2659593070849,-40.1494132310691,101,4.78777083333333,0.763071940813362,81,"ice_full","7"
"1487",2002,-166.537167082195,59.2576415698484,-32.721032472359,101,1.51872222222222,0.763625771604938,81,"ice_full","7"
"1488",2002,-165.466473508297,59.2246906810694,-23.8939336480314,101,-2.99121805555556,0.765167685185185,80,"ice_free","7"
"1489",2002,-164.479628421126,59.2498428242966,-22.6143604933243,101,-12.7906944444444,0.741433165395788,81,"ice_full","2"
"1493",2002,-177.448667415693,59.7191061947589,-163.78096245897,141,30.2441138888889,0.527778125,70,"ice_free","15"
"1494",2002,-176.431247955989,59.75801233146,-126.977792342864,133,24.7198819444444,0.644423059964727,72,"ice_free","8"
"1495",2002,-175.512864823144,59.7291712667585,-124.757723009397,133,18.7541819444444,0.725431310386473,76,"ice_free","8"
"1496",2002,-174.560268245191,59.7197559727807,-108.60475540167,125,10.2228527777778,0.751085069444444,82,"ice_free","8"
"1497",2002,-173.439907122858,59.7261850188762,-96.5458943624034,133,-1.42639583333333,0.771291444088319,82,"ice_free","9"
"1498",2002,-172.554804001455,59.6965920149561,-105.273771074367,133,-8.82707222222222,0.779677105171209,83,"ice_free","9"
"1499",2002,-171.490318574035,59.7401111112633,-72.6120783466322,165,-7.3718,0.811795248078267,83,"ice_free","9"
"1500",2002,-170.506901371323,59.7632153604682,-61.9903831862661,157,-2.70856527777778,0.819630876068376,82,"ice_free","9"
"1501",2002,-169.510280862911,59.7525443186629,-52.9548011106109,149,1.57736388888889,0.807179709757835,82,"ice_free","11"
"1502",2002,-168.560114879526,59.7883443917449,-44.4457172886181,149,7.26814444444444,0.77757892208246,83,"ice_free","7"
"1503",2002,-167.485572030314,59.7368116305212,-31.8313577520222,101,6.70102916666667,0.714910143097643,85,"ice_full","7"
"1507",2002,-177.474242470692,60.2458899055679,-142.374316181768,101,18.1326763888889,0.63869815779321,78,"ice_free","8"
"1508",2002,-176.45142431778,60.2376188633461,-139.010594191605,101,19.5087208333333,0.735166223404255,77,"ice_free","8"
"1509",2002,-175.493789937915,60.235318600315,-118.680206663597,101,13.5747819444444,0.590621212121212,107,"ice_full","8"
"1510",2002,-174.576913684901,60.2284504958869,-105.339659131583,165,-3.92924166666667,0.622737649782135,115,"ice_free","9"
"1511",2002,-173.512645897805,60.2035562666813,-75.5966228894776,133,-9.47979305555556,0.595383804563492,114,"ice_full","9"
"1512",2002,-172.493237928065,60.240448847691,-41.4668439559503,165,-6.1642042782817,0.5983339193624,109,"ice_free","9"
"1513",2002,-171.439392288471,60.2288378275093,-57.843243256357,165,-10.3137319444444,0.618296846770551,112,"ice_free","9"
"1514",2002,-170.488079474903,60.2329442864274,-63.8433314640966,149,-6.64787638888889,0.624054779245709,112,"ice_free","9"
"1515",2002,-169.49500929243,60.2307295724528,-47.2470047498666,149,2.00530416666667,0.613330293395805,113,"ice_free","11"
"1516",2002,-168.515792329545,60.254900832796,-40.4976257692007,149,6.95934444444444,0.682876327614379,98,"ice_free","11"
"1517",2002,-167.549608449979,60.286547490234,-27.3045770267163,101,15.438989023031,0.562156166129898,99,"ice_full","11"
"1521",2002,-178.464031445196,60.7468742858366,-181.380383741079,141,23.7830222222222,0.684977986564996,81,"ice_free","8"
"1522",2002,-177.629889082865,60.7717449281689,-144.837374046073,101,10.77785,0.527392316017316,107,"ice_full","8"
"1524",2002,-175.488602383473,60.7105527636938,-98.566047481257,157,-0.0183305555555545,0.73237742003367,118,"ice_free","8"
"1525",2002,-174.503480027668,60.701369876851,-81.6227349287197,157,-11.0791708333333,0.788550061050061,121,"ice_free","9"
"1526",2002,-173.526705046641,60.7519943637198,-62.4862545183642,133,-11.06375,0.756382674114332,122,"ice_full","9"
"1527",2002,-172.401310432167,60.7719011029511,-61.2869934862395,133,-7.77864085849787,0.740382415038665,121,"ice_full","9"
"1528",2002,-171.525188570879,60.7460230591771,-58.7662105275147,133,-17.1015236111111,0.738836702674897,120,"ice_full","9"
"1529",2002,-170.556893045307,60.730171412517,-54.4693654290162,149,-10.6019319444444,0.732303968997087,119,"ice_free","9"
"1530",2002,-169.552211057211,60.7782197531866,-46.0450756014572,125,-0.510955555555556,0.708145820328756,119,"ice_full","11"
"1531",2002,-168.46851671777,60.7426461520113,-37.2498013211138,101,10.329125,0.650988997821351,115,"ice_full","11"
"1532",2002,-167.456599748776,60.7577643734511,-28.0734422245385,101,18.3117194444444,0.625359165324745,99,"ice_full","11"
"1536",2002,-178.52730403856,61.2397326634456,-165.365505943274,101,8.38619583333333,0.540814632750728,119,"ice_full",NA
"1538",2002,-176.546138365523,61.1964969395468,-115.163919413919,157,1.95186944444445,0.722419083231583,121,"ice_free","8"
"1539",2002,-175.52727981049,61.2638922543716,-81.6940440139881,157,-5.95179166666667,0.803311281676413,125,"ice_free","10"
"1540",2002,-174.417443997913,61.2698777791051,-75.7453348718621,141,-11.1457930555556,0.839603623393802,128,"ice_full","10"
"1541",2002,-173.548341353317,61.2438294087374,-65.8365914066696,141,-13.6710152777778,0.859763316030677,129,"ice_full","10"
"1542",2002,-172.457296507531,61.2363237035922,-53.7361055785598,133,-13.0721166666667,0.851211947278912,128,"ice_full","10"
"1543",2002,-171.504136846633,61.2435602736043,-64.7980828331981,133,-16.6094861111111,0.827828438464506,126,"ice_full","10"
"1544",2002,-170.507581410943,61.2422301167574,-48.7492038513037,125,-12.2462527777778,0.804342838849488,124,"ice_full","10"
"1545",2002,-169.559117908962,61.2335579151443,-44.4219576368146,125,-1.72407222222222,0.762234261775362,122,"ice_full","11"
"1546",2002,-168.393710106142,61.2536402554432,-34.4871992719215,125,11.1173027777778,0.68156723366625,119,"ice_full","11"
"1547",2002,-167.487946155793,61.255997710101,-25.3533213121512,101,17.6131,0.681159051261406,99,"ice_full","11"
"1550",2002,-178.639781891605,61.7499856852177,-130.691059367994,133,-2.10883194444444,0.68118609457672,128,"ice_full",NA
"1551",2002,-177.445249191659,61.7312112293559,-120.357699292968,133,-2.2897625,0.741497276000748,129,"ice_full",NA
"1552",2002,-176.440962652595,61.7728136009793,-103.909256554029,133,-3.58895833333333,0.794164842873176,129,"ice_full","8"
"1553",2002,-175.491427566874,61.7683095651435,-92.2060523651433,149,-8.28419444444444,0.840720778327833,131,"ice_full","10"
"1554",2002,-174.500162171403,61.7586264954638,-66.8120301074188,141,-12.3912180555556,0.866040262046027,133,"ice_full","10"
"1555",2002,-173.548786437333,61.7518387250086,-65.2168389047806,149,-19.2467208333333,0.866722883597884,135,"ice_full","10"
"1556",2002,-172.503703715706,61.7482808891515,-56.9162921351322,141,-22.1038083333333,0.854747881726066,136,"ice_full","10"
"1557",2002,-171.487707021296,61.7500687994055,-61.612500879818,133,-23.5130805555556,0.836688938331535,133,"ice_full","10"
"1558",2002,-170.50128828033,61.750598652858,-48.6501419153252,133,-15.9615708333333,0.800700632563256,131,"ice_full","10"
"1559",2002,-169.500231481481,61.7495344915508,-41.7003086419753,141,-5.21811805555556,0.744167564247921,128,"ice_full","11"
"1560",2002,-168.405848723191,61.6947091909555,-33.4342948717949,141,6.89598611111111,0.685610027580772,124,"ice_full","11"
"1561",2002,-167.50412183491,61.767221609818,-25.4379343559895,101,15.2557458333333,0.624342991698595,117,"ice_full","11"
"1563",2002,-179.506512331875,62.258042121182,-121.253277579199,141,-7.81593888888889,0.770597463878714,121,"ice_full",NA
"1564",2002,-178.552193883907,62.2394683037775,-135.563015526486,141,-10.6036375,0.785201910856935,132,"ice_full",NA
"1565",2002,-177.426934070247,62.2233595200247,-101.988032030774,141,-13.1879513888889,0.828618459556254,136,"ice_full",NA
"1566",2002,-176.476593427771,62.2323051651069,-96.6911250873515,133,-11.9474791666667,0.838316692872117,136,"ice_full",NA
"1567",2002,-175.496629100276,62.2488397684141,-83.1944006615031,149,-13.3834319444444,0.842867575122292,136,"ice_full","10"
"1568",2002,-174.504893422681,62.239839197006,-67.8659130060293,141,-18.4239791666667,0.846769527268094,139,"ice_full","10"
"1569",2002,-173.53391537959,62.2318071360858,-58.1004461177369,141,-23.2639833333333,0.854110227272727,140,"ice_full","10"
"1570",2002,-172.432378237429,62.2175434739909,-47.2620932589593,141,-26.6807013888889,0.845619160353535,140,"ice_full","10"
"1571",2002,-171.482652189793,62.2238489839766,-47.387962962963,141,-26.1525083333333,0.82805296466191,139,"ice_full","10"
"1572",2002,-170.503707706532,62.233702171691,-44.3830700466949,141,-22.6573527777778,0.805295022086307,139,"ice_full","10"
"1573",2002,-169.423256063137,62.2274278329343,-37.952664399093,141,-13.0362013888889,0.753713196568128,139,"ice_full","10"
"1574",2002,-168.549173110364,62.2299391803567,-32.5667707600281,165,4.3391,0.686890352026555,136,"ice_free","11"
"1575",2002,-167.447050157879,62.2113577426875,-25.2447608768723,157,13.8612111111111,0.675421550671551,121,"ice_free","11"
"1577",2002,-179.512406623842,62.7302788718868,-107.953547478597,141,-7.24736388888889,0.810423272992093,119,"ice_free",NA
"1578",2002,-178.551097876295,62.7462726872377,-91.935563973064,141,-9.58082222222222,0.803998760755705,129,"ice_full",NA
"1579",2002,-177.501743495211,62.7492882343049,-109.958628841608,141,-12.8870347222222,0.823974147628937,137,"ice_full",NA
"1580",2002,-176.499818836559,62.7531430371351,-97.3202678963549,141,-15.9231763888889,0.839131881313131,140,"ice_full",NA
"1581",2002,-175.451388804118,62.7118032243517,-83.6241898148148,149,-17.5280736111111,0.83444044044044,141,"ice_full",NA
"1582",2002,-174.5,62.7499974568685,-80.9965277777778,149,-20.9235847222222,0.844053385416667,142,"ice_full","10"
"1583",2002,-173.499254170796,62.7502741082615,-65.9546540301803,149,-25.5847930555556,0.853665724352671,143,"ice_full","10"
"1584",2002,-172.501320433281,62.7504962831596,-56.1496478873239,149,-28.5709055555556,0.839118608652901,143,"ice_full","10"
"1585",2002,-171.509883313252,62.7444731103997,-45.8519653296597,149,-29.6136805555556,0.796565388572333,147,"ice_full","10"
"1586",2002,-170.507207128323,62.7140239198118,-37.4634266909915,157,-33.8309527777778,0.766322163881361,153,"ice_full","10"
"1587",2002,-169.481385763504,62.7268329700524,-31.2318875225908,141,-25.3101311640257,0.758270756172839,150,"ice_full","10"
"1588",2002,-168.439021672122,62.7334241531954,-29.0081931538665,141,-8.95788333333333,0.753438709542876,141,"ice_full","11"
"1589",2002,-167.425676321054,62.7671241157499,-25.3425505050505,157,8.03116944444444,0.702661643518519,130,"ice_free","11"
"1592",2002,-179.460218008783,63.2359991321476,-83.7028574217323,141,8.50625416666667,0.817764500104037,119,"ice_free",NA
"1593",2002,-178.543299223329,63.2873813879225,-93.4284597156452,141,-0.729762500000002,0.839551561864062,121,"ice_full",NA
"1594",2002,-177.567359643571,63.2707537990929,-101.618294737103,133,-6.60590138888889,0.810597469435455,133,"ice_full",NA
"1595",2002,-176.5,63.2499974568685,-95.0694444444444,141,-10.9221444444444,0.817019394394394,141,"ice_full",NA
"1596",2002,-175.506343772231,63.2464697133607,-87.4657991810512,141,-17.1917013888889,0.824704146537842,145,"ice_full",NA
"1597",2002,-174.501998757943,63.2230450185676,-81.6148854295771,149,-25.98355,0.838488158831909,147,"ice_full",NA
"1598",2002,-173.478510482668,63.2278517915821,-80.4116360454943,149,-31.2502069444444,0.844762741373852,147,"ice_full","12"
"1599",2002,-172.528866775749,63.2302856023448,-59.252275877082,149,-32.7236166666667,0.82210913263691,147,"ice_full","12"
"1600",2002,-171.535301646112,63.1773749273125,-37.8996228797821,149,-35.105798779942,0.612747847796143,151,"ice_full","12"
"1601",2002,-170.721614948908,63.2098501324654,-23.8364583333333,157,-41.1811276625108,0.504983996792068,157,"ice_full","12"
"1603",2002,-168.464232225114,63.2948043211028,-24.8606313104372,149,-6.51569619517878,0.742708302331349,142,"ice_full","12"
"1604",2002,-167.442895717155,63.2808088994767,-25.932628886855,141,5.689025,0.726738945136726,137,"ice_full","14"
"1605",2002,-166.396747531695,63.2307774102461,-22.289252634346,125,5.62870555555555,0.650530437352246,124,"ice_full","14"
"1607",2002,-179.508073234936,63.7428389122004,-61.1033756463444,141,17.7932305555556,0.844749433609141,124,"ice_full",NA
"1608",2002,-178.507770997241,63.74468416649,-71.4865298663325,133,3.8436125,0.850054272342995,122,"ice_full",NA
"1609",2002,-177.564505695225,63.7667778479547,-80.3319592593786,141,-6.55034722222222,0.81276,130,"ice_full",NA
"1610",2002,-176.509010454744,63.7538413824486,-90.9002217979795,141,-12.1525236111111,0.813022505144033,138,"ice_full",NA
"1611",2002,-175.537617701514,63.7951886294568,-87.4126177568807,149,-14.8757,0.791692188480854,148,"ice_full",NA
"1612",2002,-174.466458420736,63.817794566902,-78.4959857866592,149,-23.2212444444444,0.78999649859944,149,"ice_full",NA
"1613",2002,-173.463275999292,63.7908064250242,-68.1201108980548,149,-29.0261958333333,0.778838101456157,147,"ice_full",NA
"1614",2002,-172.571353884327,63.7875280444087,-53.1653945578231,149,-31.2864180555556,0.753963408119658,147,"ice_full","12"
"1615",2002,-171.531629264231,63.8171409327136,-21.8498422227353,149,-27.6726340763554,0.662767331685499,148,"ice_full","12"
"1616",2002,-170.649562048252,63.8374166184486,-25.0042081949059,149,-24.9085286126174,0.641949829736762,151,"ice_full","12"
"1617",2002,-169.416691377541,63.6685216770945,-25.814104827341,157,-14.4130319444444,0.741118319845436,157,"ice_full","12"
"1618",2002,-168.475529441586,63.7242361663835,-28.5504456828646,157,0.263501388888889,0.744755304783951,150,"ice_full","14"
"1619",2002,-167.457226491355,63.7259800691103,-26.3521956395428,141,3.165925,0.763667781600408,139,"ice_full","14"
"1620",2002,-166.476867073608,63.733616368448,-25.4897023881517,125,0.0798569444444454,0.709786803217359,129,"ice_full","14"
"1623",2002,-178.500315641153,64.2335201687283,-72.8504945286195,141,-0.810211111111111,0.824232196969697,140,"ice_full",NA
"1624",2002,-177.560515994117,64.1968507831599,-71.327522675737,141,-2.28230138888889,0.82411848256023,133,"ice_full",NA
"1625",2002,-176.5,64.2499974568685,-87.0555555555556,141,-9.18859722222222,0.814112958511396,134,"ice_full",NA
"1626",2002,-175.5,64.2499974568685,-83.6805555555556,141,-11.3898916666667,0.784867365358478,139,"ice_full",NA
"1627",2002,-174.466934568439,64.2871184808843,-65.7393961131461,149,-19.1369222222222,0.716715794306703,151,"ice_full",NA
"1628",2002,-173.521768984138,64.1895467221087,-32.8136316726808,149,-21.7908382973981,0.527658613040123,150,"ice_full",NA
"1629",2002,-172.46666843615,64.217580573346,-33.6117217984679,149,-19.0551193290185,0.633462102326686,147,"ice_full",NA
"1630",2002,-171.503683574879,64.2638259887695,-42.5760869565217,149,-16.3782375,0.725527909762833,144,"ice_full","12"
"1631",2002,-170.508710806097,64.2789050224295,-43.6455439860508,149,-18.4150444444444,0.771411977682811,147,"ice_full","12"
"1632",2002,-169.623192390983,64.2960637712854,-40.7823031496063,149,-21.2270708333333,0.797229731022345,151,"ice_full","12"
"1633",2002,-168.420592705293,64.2479459612631,-30.6400898798896,157,-10.9281041666667,0.794984768907563,149,"ice_full","14"
"1634",2002,-167.417603719487,64.2730137624945,-25.8477721722967,141,-4.23026666666667,0.782007443510024,139,"ice_full","14"
"1644",2002,-175.473156112662,64.6959157061617,-46.8756954333405,141,-16.1200645631584,0.552558002107799,153,"ice_full",NA
"1646",2002,-172.138600003653,64.7519716104263,-30.7137562506128,149,-17.2841785040557,0.578254237891738,160,"ice_full",NA
"1647",2002,-171.596571823331,64.7923995286316,-39.4362282825125,149,-14.451425,0.771250342935528,138,"ice_full",NA
"1648",2002,-170.458951978698,64.7614384658764,-48.1678636901915,149,-12.2117013888889,0.794100641352362,139,"ice_full","12"
"1649",2002,-169.569764466748,64.7571269787526,-47.2846777504105,149,-13.5719305555556,0.794384978991597,149,"ice_full","12"
"1650",2002,-168.452804189788,64.7671934346789,-33.8167305553209,157,-11.4336666666667,0.810043589139987,148,"ice_full","14"
"1651",2002,-167.4310356735,64.7172404711978,-23.1245328561157,149,-10.6781958333333,0.776001390919428,144,"ice_full","14"
"1659",2002,-171.451803809691,65.2192797609966,-32.5083782849381,149,-17.9830930555556,0.745118000874891,157,"ice_full",NA
"1660",2002,-170.455307479132,65.2487821745494,-39.6079365079365,149,-13.0075902777778,0.806649220608223,139,"ice_full",NA
"1661",2002,-169.527387390401,65.2526125618156,-46.4122513087581,149,-9.53027916666667,0.789772255571249,148,"ice_full","14"
"1662",2002,-168.459320037128,65.2451606884337,-47.9257066276803,149,-13.3874055555556,0.809954014939309,149,"ice_full","14"
"1668",2002,-169.515837135906,65.7406798759217,-40.6316123825408,157,-7.12997361111111,0.792747606716886,148,"ice_full",NA
"1669",2002,-168.451179732411,65.7648902492484,-42.7662214446485,149,-11.1649244949495,0.811511087768441,149,"ice_full",NA
"1673",2003,-165.472853468216,54.7471115693347,-166.263850347014,149,53.8936486111111,0,0,"ice_free","16"
"1684",2003,-166.554923906222,55.239792130502,-137.655060379006,149,51.8878486111111,0,0,"ice_free","4"
"1685",2003,-165.51841485888,55.2615544419429,-117.85268981722,149,48.9749347222222,0,0,"ice_free","4"
"1686",2003,-164.522932344678,55.2826223490946,-91.2992758417093,149,48.5149180555556,0,0,"ice_free","1"
"1695",2003,-167.516493249723,55.7315707688486,-133.655414220851,157,59.8659708333333,0,0,"ice_free","4"
"1696",2003,-166.513191738965,55.752698760509,-127.260852424172,149,55.3673152777778,0,0,"ice_free","4"
"1697",2003,-165.505853874853,55.7639876777209,-109.442303521051,149,55.1109861111111,0,0,"ice_free","4"
"1698",2003,-164.541493965748,55.7410060549614,-96.424757652424,149,51.6474958333333,0,0,"ice_free","3"
"1699",2003,-163.485906500081,55.7530274104179,-83.1389744008247,149,56.0042069444444,0,0,"ice_free","1"
"1700",2003,-162.607541689564,55.7751569440539,-55.7191552242482,141,62.8226465988626,0,0,"ice_free","1"
"1710",2003,-167.486730055606,56.2572267921704,-125.969335350119,157,68.0563888888889,0,0,"ice_free","4"
"1711",2003,-166.479597035648,56.2477210399778,-109.274018061492,157,67.5047597222222,0,0,"ice_free","4"
"1712",2003,-165.525354356883,56.2482333900804,-92.3213480264346,141,67.5042986111111,0,0,"ice_free","3"
"1713",2003,-164.543939161147,56.2587443282379,-86.7951488192386,141,66.8824125,0,0,"ice_free","3"
"1714",2003,-163.497284204794,56.2485992298486,-85.2476743277782,141,67.2130263888889,0,0,"ice_free","3"
"1715",2003,-162.500178660869,56.2579095091288,-76.0939213239272,149,73.1128972222222,0,0,"ice_free","1"
"1716",2003,-161.495116949776,56.2652846351791,-55.7653511839872,125,72.6276180555556,0,0,"ice_free","1"
"1721",2003,-172.473723579187,56.749383156765,-171.472178893524,149,66.3331680555556,0,0,"ice_free","8"
"1722",2003,-171.519186828967,56.7314098756628,-144.782952794641,165,74.6947972222222,0,0,"ice_free","8"
"1723",2003,-170.514432478596,56.7697991768008,-100.52611344611,157,87.8839861111111,0,0,"ice_free","5"
"1724",2003,-169.47757734084,56.752499264264,-68.4533408979757,157,85.8871597222222,0,0,"ice_free","5"
"1725",2003,-168.474547385282,56.757853597264,-93.7256100576706,93,73.3290152777778,0,0,"ice_free","3"
"1726",2003,-167.514327006649,56.7493281072913,-92.5972566702398,157,74.7936819444444,0,0,"ice_free","3"
"1727",2003,-166.484021441717,56.7586901654777,-80.9287151545195,141,70.8644638888889,0,0,"ice_free","3"
"1728",2003,-165.489834314765,56.7372867322584,-75.5686073667112,133,73.2747875,0,0,"ice_free","3"
"1729",2003,-164.565213956597,56.7490576180074,-73.3718539634768,141,65.1270638888889,0,0,"ice_free","3"
"1730",2003,-163.53562385375,56.7826409964814,-71.1186842272093,157,72.0257875,0,0,"ice_free","3"
"1731",2003,-162.480689316014,56.7722349651704,-66.5278113575111,165,86.6845277777778,0,0,"ice_free","3"
"1732",2003,-161.515723155729,56.7674846710854,-70.3382241782905,69,75.2772208333333,0,0,"ice_free","3"
"1733",2003,-160.492853187036,56.7605023355945,-59.9253881752114,157,70.5747388888889,0,0,"ice_free","3"
"1738",2003,-172.530255306422,57.2513120388634,-138.637469283353,149,84.5737430555556,0,0,"ice_free","8"
"1739",2003,-171.49433923738,57.2810005885863,-109.012498317393,149,100.1658,0,0,"ice_free","6"
"1740",2003,-170.508978188399,57.2705588386079,-61.6915300400243,141,125.696329166667,0,0,"ice_free","5"
"1741",2003,-169.475286224015,57.2572269363099,-65.4795647633262,93,115.175822222222,0,0,"ice_free","6"
"1742",2003,-168.473377540731,57.2474745544064,-77.1000031884024,93,78.3799430555556,0,0,"ice_free","3"
"1743",2003,-167.513467096967,57.2577112739596,-70.806715792962,101,80.382975,0,0,"ice_free","3"
"1744",2003,-166.552374997528,57.2576730051376,-73.8250588237836,141,81.1769916666667,0,0,"ice_free","3"
"1745",2003,-165.475351275985,57.2639271630949,-69.7278499906869,133,78.3879763888889,0,0,"ice_free","3"
"1746",2003,-164.502531290238,57.2544227386974,-68.410039553942,69,55.1106513888889,0,0,"ice_free","3"
"1747",2003,-163.464303460365,57.2539594098174,-62.7948041541792,109,73.8788833333333,0,0,"ice_free","3"
"1748",2003,-162.479198235176,57.2359921095134,-55.623190190976,109,87.761725,0,0,"ice_free","2"
"1749",2003,-161.547504127598,57.2494484379174,-57.7813358256541,125,80.6438569444445,0,0,"ice_free","3"
"1750",2003,-160.491569247248,57.2588273360397,-61.5285680239683,165,76.414875,0,0,"ice_free","3"
"1751",2003,-159.473493575247,57.2534072551656,-49.611491833504,117,68.1519180555556,0,0,"ice_free","2"
"1755",2003,-172.484795078427,57.7406714053332,-125.111299641739,149,106.367011111111,0,0,"ice_free","8"
"1756",2003,-171.554218729984,57.7300883652459,-99.5442145003652,141,124.211894444444,0,0,"ice_free","6"
"1757",2003,-170.477622355121,57.7415725277239,-77.0958691582673,141,137.115033333333,0,0,"ice_free","6"
"1758",2003,-169.481899094146,57.7526267666394,-67.3142557739954,93,125.126255555556,0,0,"ice_free","6"
"1759",2003,-168.503723442306,57.7558640073362,-74.1200613536604,93,80.6150097222222,0,0,"ice_free","6"
"1760",2003,-167.511110131588,57.7439830685589,-64.3535050975317,93,83.1604263888889,0,0,"ice_free","3"
"1761",2003,-166.480035055271,57.7631818822431,-61.4605594692601,109,76.1997513888889,0,0,"ice_free","3"
"1762",2003,-165.490257203821,57.7536443928903,-63.7703717047361,117,51.303575,0,0,"ice_free","3"
"1763",2003,-164.512816635272,57.760874109334,-47.861378607035,77,40.5921597222222,0.0344589719029374,88,"ice_full","2"
"1764",2003,-163.508404025434,57.7582686246501,-49.1232288499782,109,52.6978013888889,0,0,"ice_free","2"
"1765",2003,-162.498824661386,57.7694292286597,-46.3749927975991,109,73.6275319444444,0,0,"ice_free","2"
"1766",2003,-161.475889753482,57.7724441495292,-40.1402291165955,109,82.4496986111111,0,0,"ice_free","2"
"1767",2003,-160.495056876667,57.766094749041,-46.8938397401164,101,80.1541138888889,0,0,"ice_free","3"
"1768",2003,-159.529698424705,57.7667419721611,-44.945208708578,101,60.4937638888889,0,0,"ice_free","2"
"1773",2003,-173.467123957988,58.2652911762084,-125.864092848274,141,108.842158333333,0,0,"ice_free","8"
"1774",2003,-172.485132630388,58.2505741319282,-110.395883625339,141,120.578336111111,0,0,"ice_free","8"
"1775",2003,-171.492638167116,58.2658361942264,-95.1386786487316,141,128.380305555556,0,0,"ice_free","6"
"1776",2003,-170.508169168569,58.2713607507762,-87.2234199346051,93,133.189545833333,0.0658591820987654,87,"ice_full","6"
"1777",2003,-169.499696775928,58.2498065566138,-77.165260672216,93,104.761036111111,0.106010069444444,90,"ice_full","6"
"1778",2003,-168.49918119902,58.2307684194779,-72.283488948914,93,77.4260152777778,0.114762446873103,91,"ice_full","6"
"1779",2003,-167.491753561042,58.211677142074,-57.4644548704597,93,58.0523513888889,0.102091568002429,91,"ice_full","6"
"1780",2003,-166.484785881202,58.2658905572232,-51.9513795600334,117,39.6287583333333,0.0874068381906497,91,"ice_free","2"
"1781",2003,-165.474264945903,58.2472879597587,-47.5658722076124,109,26.9486986111111,0.0782618441358025,90,"ice_full","2"
"1784",2003,-162.47587273015,58.255770691656,-39.546705360782,109,28.2196972222222,0.0514385416666667,90,"ice_full","2"
"1795",2003,-173.4802358685,58.7440493002381,-125.392801110142,141,134.338456944444,0.152371610449735,58,"ice_free","8"
"1796",2003,-172.478073904166,58.7518960537449,-109.812736089447,141,121.303526388889,0.249426183127572,57,"ice_free","8"
"1797",2003,-171.500959725069,58.7532353840056,-96.7315509328459,101,116.3077875,0.193729525862069,88,"ice_full","6"
"1798",2003,-170.472154339282,58.7481205836315,-101.976115184267,93,112.255891666667,0.238556886574074,90,"ice_full","6"
"1799",2003,-169.514700312695,58.7476824258601,-87.7210622292513,93,70.2089194444444,0.276951085306618,91,"ice_full","6"
"1800",2003,-168.521758882037,58.7383206748583,-58.8791407708397,101,45.889925,0.281563951352146,93,"ice_full","7"
"1801",2003,-167.495546648968,58.762428481096,-47.1713766895592,117,25.8989152777778,0.265902199074074,94,"ice_free","7"
"1811",2003,-176.504428317157,59.2450448839197,-151.61805558563,149,99.0229583333333,0,0,"ice_free","8"
"1812",2003,-175.557647636719,59.2400750762154,-133.485656907769,141,117.169744444444,0.0962167712066906,61,"ice_free","8"
"1813",2003,-174.541380573417,59.2508424884563,-116.959032626241,141,137.481316666667,0.276402281746032,72,"ice_free","8"
"1814",2003,-173.453029877567,59.2286675461581,-121.980571029751,141,127.458691666667,0.400173321759259,70,"ice_free","8"
"1815",2003,-172.485522893283,59.2332008075241,-101.675183771626,109,96.2633486111111,0.358467671060891,89,"ice_full","9"
"1816",2003,-171.493412461727,59.2299937042742,-71.7482082304056,101,99.1409125,0.394820013661202,91,"ice_full","9"
"1817",2003,-170.502504930296,59.236705344858,-74.7244365615866,101,82.8197972222222,0.428342331242533,92,"ice_full","6"
"1818",2003,-169.546503805744,59.2291271597163,-62.4882503883653,101,41.1848236111111,0.460813026094276,96,"ice_full","6"
"1821",2003,-166.565957052767,59.2129842803665,-33.8104653710886,109,20.1251805555556,0.38695835035403,98,"ice_full","7"
"1827",2003,-177.462880459879,59.7341826864081,-166.184894837835,149,116.978975,0,0,"ice_free","8"
"1828",2003,-176.493423289,59.7358936467684,-124.474105646961,149,118.4716875,0.124869555898491,84,"ice_free","8"
"1829",2003,-175.515701358639,59.7429187913077,-124.316048124294,141,137.496855555556,0.279991567460317,86,"ice_free","8"
"1830",2003,-174.549202083151,59.7525697244796,-109.536863777868,141,133.605248611111,0.408569424139051,87,"ice_free","8"
"1831",2003,-173.463090424356,59.7555670776961,-93.1159677947159,109,99.5830138888889,0.484239390432099,90,"ice_full","9"
"1832",2003,-172.472292084473,59.7437566792379,-94.7530014538991,109,81.0743861111111,0.55158620818399,92,"ice_full","9"
"1833",2003,-171.531365073381,59.7099375653069,-77.247518283334,109,79.5778180555556,0.579711057692308,95,"ice_full","9"
"1834",2003,-170.504573699153,59.7479655250947,-60.9782687292074,101,56.2118513888889,0.573214467592593,100,"ice_full","9"
"1835",2003,-169.535866580634,59.6990365183954,-57.0143772364124,109,28.5806277777778,0.584220090155945,106,"ice_full","11"
"1836",2003,-168.537199505231,59.7151321490045,-44.8608435366411,109,23.6325541666667,0.539453395061728,105,"ice_full","7"
"1837",2003,-167.548231180544,59.6999926308646,-33.7110138936796,109,18.4374875,0.493937672047047,104,"ice_full","7"
"1838",2003,-166.280092027452,59.5547813132957,-23.3703703703704,133,16.9911458620892,0.504743790665666,104,"ice_free","7"
"1841",2003,-177.482875823495,60.2551971714538,-142.888718507631,149,122.981565277778,0.187452504960317,86,"ice_free","8"
"1842",2003,-176.491312652477,60.2260129688346,-136.775048056954,141,120.156706944444,0.348370468455744,89,"ice_free","8"
"1843",2003,-175.496218710066,60.2344534715896,-118.964880773059,93,130.373219444444,0.465215509259259,90,"ice_full","8"
"1844",2003,-174.533918238921,60.2607031358057,-102.40812909226,109,103.407077777778,0.521630502428658,91,"ice_full","9"
"1845",2003,-173.491249143298,60.2440090085907,-73.7732451498974,109,73.3647208333333,0.542037724247685,94,"ice_full","9"
"1846",2003,-172.517460367073,60.1832345936368,-47.5922953779411,109,59.683063747723,0.633144988738739,104,"ice_full","9"
"1847",2003,-171.562007044962,60.2148501084571,-58.8481032476662,101,53.3216152777778,0.68379092044347,106,"ice_full","9"
"1848",2003,-170.563753846301,60.1832967995903,-67.4859060115212,109,33.0394847222222,0.701431667869168,107,"ice_full","9"
"1849",2003,-169.478249486794,60.1840107867552,-47.7067495406128,109,24.0238111111111,0.704772239803094,109,"ice_full","11"
"1850",2003,-168.476235224512,60.163919386526,-40.8165411143208,109,24.6862194444444,0.661091684247539,109,"ice_full","11"
"1851",2003,-167.567125245397,60.2402033773988,-28.2097415547052,109,23.3570539629709,0.661881291547958,108,"ice_full","11"
"1855",2003,-178.399188466166,60.7336580422516,-175.497305359079,149,107.755452777778,0.287854735217674,87,"ice_free","8"
"1856",2003,-177.540730384032,60.7094126128327,-143.997896563068,141,110.762086111111,0.435488310185185,90,"ice_free","8"
"1857",2003,-176.514503726459,60.7152435556911,-122.5865024159,101,108.236706944444,0.555137541742562,91,"ice_full","8"
"1858",2003,-175.572648035727,60.7286242578613,-98.1665528525434,101,98.1087527777778,0.641979368753674,93,"ice_full","8"
"1859",2003,-174.488593333385,60.709281225817,-79.9204080973611,109,78.3983638888889,0.690794525112233,96,"ice_full","9"
"1860",2003,-173.594756683634,60.7115485468878,-61.3239089754775,149,57.9982986111111,0.683116898148148,109,"ice_free","9"
"1861",2003,-172.501694728101,60.7727220979393,-58.5169921475208,125,42.5420246709253,0.784802563233966,112,"ice_full","9"
"1862",2003,-171.433997066158,60.7355385304357,-57.7409960572143,133,32.4131291666667,0.791835210591689,112,"ice_free","9"
"1863",2003,-170.483971738133,60.7389551613703,-54.6175065720133,109,21.3526513888889,0.778832204155375,112,"ice_full","9"
"1864",2003,-169.580755921596,60.7141543330836,-46.2047117167002,117,17.8316486111111,0.755088321208113,114,"ice_full","11"
"1865",2003,-168.467502201369,60.7552717262618,-37.1632773368005,133,22.5570069444444,0.743529169422399,114,"ice_full","11"
"1866",2003,-167.413073400659,60.7288265300097,-28.1007238333312,117,21.3039416666667,0.718319698509485,112,"ice_full","11"
"1870",2003,-178.523032037124,61.2594351631286,-159.768474210181,149,88.5415083333333,0.506177531362007,92,"ice_free",NA
"1871",2003,-177.509326544311,61.2447523052203,-131.072920031947,149,87.4912541666667,0.586796333039389,93,"ice_free","8"
"1872",2003,-176.503660886322,61.2053471621399,-113.961888539124,141,82.1565569444444,0.649644114758698,96,"ice_free","8"
"1873",2003,-175.562111534065,61.237112024424,-81.8855461548476,133,69.3002222222222,0.66826725308642,105,"ice_free","10"
"1874",2003,-174.508362712635,61.1845315788286,-82.8722575529916,109,55.5664291666667,0.715519675925926,114,"ice_full","10"
"1875",2003,-173.575208858054,61.227575031716,-66.4222157115268,133,42.7713805555556,0.788819444444444,116,"ice_full","10"
"1876",2003,-172.485843931307,61.2139312399234,-54.683407054899,125,33.4546888888889,0.800971912683032,116,"ice_full","10"
"1877",2003,-171.476996627542,61.223927884834,-63.7769526312243,133,21.7711736111111,0.783965223311547,115,"ice_full","10"
"1878",2003,-170.484304851002,61.2580363706631,-48.3926166541694,133,21.0160041666667,0.778456328057709,116,"ice_full","10"
"1879",2003,-169.595139431216,61.2503773419376,-44.5745517090554,133,19.5464138888889,0.77790171457795,116,"ice_full","11"
"1880",2003,-168.451550542405,61.3012060487476,-34.8943466394716,117,19.3557055555556,0.777912857988803,116,"ice_full","11"
"1881",2003,-167.473606851614,61.2641692800597,-25.2504041568752,117,15.8769888888889,0.740653814061154,116,"ice_full","11"
"1884",2003,-178.454053751157,61.7190101857092,-132.633012565939,149,53.2514111111111,0.558427669009371,113,"ice_free",NA
"1885",2003,-177.541698963678,61.7524133174648,-123.365362278942,149,55.1902722222222,0.609054941990183,113,"ice_free",NA
"1886",2003,-176.545186881789,61.7153756908515,-105.94753354927,117,48.090625,0.684451664462081,114,"ice_full","8"
"1887",2003,-175.460332952818,61.744850334782,-91.5366558359938,133,40.2549027777778,0.731503209175084,118,"ice_full","10"
"1888",2003,-174.518529056953,61.7545737897929,-66.0521633384537,125,30.1961430555556,0.79193020443196,119,"ice_full","10"
"1889",2003,-173.453954831647,61.748144135441,-64.9251063659959,133,26.6115777777778,0.827630155723906,118,"ice_full","10"
"1890",2003,-172.480718320629,61.7459093701535,-57.5267321609713,133,26.6674416666667,0.80497497605364,117,"ice_full","10"
"1891",2003,-171.532671564617,61.7758272951375,-63.3525852608905,133,19.3931694444444,0.766381279267774,117,"ice_full","10"
"1892",2003,-170.46125842683,61.7561671468012,-48.2068124943326,125,16.7588458333333,0.770009605151128,117,"ice_full","10"
"1893",2003,-169.493952122328,61.7574420928233,-41.5833612767964,125,22.0925416666667,0.799013121770026,116,"ice_full","11"
"1894",2003,-168.505860965172,61.7475528923208,-34.2471467129362,117,24.7690069444444,0.817070216049383,117,"ice_full","11"
"1895",2003,-167.523348159617,61.7279385871084,-25.6149649787787,117,16.5142527777778,0.77018717488556,119,"ice_full","11"
"1897",2003,-179.549599270807,62.2135998072815,-119.357741873912,149,22.6432277777778,0.69863327991453,121,"ice_free",NA
"1898",2003,-178.466753969402,62.2427163811915,-133.631844521041,133,25.7217791666667,0.740743081564711,119,"ice_full",NA
"1899",2003,-177.473487984334,62.1854938799163,-102.436501788952,117,24.4668402777778,0.767459872159091,118,"ice_full",NA
"1900",2003,-176.564322907678,62.2140279839229,-95.7473742291269,117,22.1914444444444,0.789389875315657,118,"ice_full",NA
"1901",2003,-175.481308246986,62.2019403723819,-84.2573894977866,133,19.8756305555556,0.808643544238683,120,"ice_full","10"
"1902",2003,-174.505057012484,62.2886386372508,-70.4818784469094,133,14.7942152777778,0.825392232510288,120,"ice_full","10"
"1903",2003,-173.461123804419,62.2723312523108,-58.8552550422103,133,12.4154611111111,0.821779143258427,119,"ice_full","10"
"1904",2003,-172.496865431999,62.2844852337541,-50.2640932159231,125,13.7474236111111,0.805113886258418,118,"ice_full","10"
"1905",2003,-171.500965154162,62.2915112781934,-45.6332018577121,125,12.4797138888889,0.772361190025252,118,"ice_full","10"
"1906",2003,-170.534314006982,62.2353067622346,-44.6033406526757,117,13.156675,0.765059131814399,119,"ice_full","10"
"1907",2003,-169.495064851098,62.2370518085453,-38.2775411830701,117,15.5360208333333,0.792748010299625,119,"ice_full","10"
"1908",2003,-168.529921717214,62.2176438740083,-32.5100911992237,117,24.8158013888889,0.830882204535997,119,"ice_full","11"
"1909",2003,-167.511528539951,62.2275505075684,-25.7363969475865,165,18.0108986111111,0.817590366809117,121,"ice_free","11"
"1911",2003,-179.473484726023,62.7465960962813,-106.207541466396,149,-1.45587083333333,0.809388256491027,127,"ice_free",NA
"1912",2003,-178.526794555201,62.7984640923557,-91.4236343132176,149,2.71935138888889,0.818963133528265,125,"ice_free",NA
"1913",2003,-177.489530771688,62.7618870214076,-111.695674057899,133,3.22084722222222,0.831636574074074,122,"ice_full",NA
"1914",2003,-176.570477938923,62.7497234273115,-100.507256862229,133,6.6754,0.840516292735043,121,"ice_full",NA
"1915",2003,-175.434882157203,62.7473846981617,-85.493824443575,133,6.56973888888889,0.850454206924316,122,"ice_full",NA
"1916",2003,-174.552109762325,62.7442735007568,-81.7978465655589,133,6.5698875,0.840508705181245,124,"ice_full","10"
"1917",2003,-173.414145323683,62.6913051612623,-65.4544341108726,133,7.36406111111111,0.809601383963751,124,"ice_full","10"
"1918",2003,-172.482299512901,62.7367225934435,-55.5062227633153,133,6.7599625,0.783616198616199,121,"ice_full","10"
"1919",2003,-171.457335891196,62.7873654816793,-44.6662367226093,125,2.08892361111111,0.728849867724868,121,"ice_full","10"
"1920",2003,-170.501493084995,62.8181113725114,-34.8291900879124,125,3.29564444444445,0.69011744573875,123,"ice_full","10"
"1921",2003,-169.614620517014,62.8067685200334,-28.4061178700319,125,8.35398524040323,0.73258421694544,123,"ice_full","10"
"1922",2003,-168.477464097056,62.7674642543888,-28.7595771144279,125,19.5071861111111,0.817918814300411,120,"ice_full","11"
"1923",2003,-167.559948617554,62.7698829554325,-25.9276027721999,125,18.3740861111111,0.855227548785344,123,"ice_full","11"
"1926",2003,-179.416324224319,63.2400112690152,-83.3631752012732,157,-27.6590236111111,0.842346843248115,143,"ice_full",NA
"1927",2003,-178.448685322753,63.230729622244,-96.173500569339,125,-14.6832,0.798338334607543,139,"ice_full",NA
"1928",2003,-177.523083093867,63.2663788270413,-101.940470238883,125,-4.22395694444444,0.833986215277778,130,"ice_full",NA
"1929",2003,-176.526728449971,63.2979803180163,-94.8783275392783,149,-3.22131111111111,0.797636249567324,137,"ice_full",NA
"1930",2003,-175.445949045817,63.2451363669501,-87.85,133,-4.56267361111111,0.804315546383648,136,"ice_full",NA
"1931",2003,-174.570026725976,63.2424785110674,-82.7368120949184,133,-3.15514722222222,0.819926226851852,130,"ice_full",NA
"1932",2003,-173.482766249205,63.2763962306162,-80.5661584444819,133,0.915418055555557,0.768536340230537,128,"ice_full","12"
"1933",2003,-172.385702250924,63.2744144551882,-57.6207210922273,133,2.44603611111111,0.68515394711722,127,"ice_full","12"
"1934",2003,-171.547941418262,63.2146226488973,-40.3981626530285,133,-2.16095806619012,0.666025185185185,130,"ice_full","12"
"1937",2003,-168.447304428447,63.2515530847228,-24.2811050690307,125,15.7599432932305,0.831110406602254,122,"ice_full","12"
"1938",2003,-167.556258824294,63.2379123459581,-26.1598097082245,125,17.4939902777778,0.87223048245614,125,"ice_full","14"
"1939",2003,-166.492585324729,63.2603711003021,-22.7528041563446,125,12.5774555555556,0.838010317104739,123,"ice_full","14"
"1941",2003,-179.431837158203,63.7358952448918,-65.6197756410256,157,-36.7825333333333,0.892552187689739,152,"ice_full",NA
"1942",2003,-178.373281707995,63.6708806831002,-75.26560654571,157,-30.1155194444444,0.857864642687559,147,"ice_full",NA
"1943",2003,-177.550083854945,63.682781057348,-87.4054658860579,149,-18.1149652777778,0.827993448247354,142,"ice_full",NA
"1944",2003,-176.442116780494,63.718761815685,-90.2919391622091,149,-11.8239819444444,0.812739593855219,140,"ice_full",NA
"1945",2003,-175.519296702375,63.7149774003121,-83.8720351133957,133,-8.40083888888889,0.792657156271838,136,"ice_full",NA
"1946",2003,-174.502009701438,63.7735227568745,-78.6264154554596,133,-7.94690416666667,0.758012349537037,130,"ice_full",NA
"1947",2003,-173.420084859431,63.811891231297,-67.9153496032862,133,-4.70734166666667,0.679875850340136,128,"ice_full",NA
"1948",2003,-172.573872019361,63.7827297869094,-54.0314880829587,149,-1.94173055555556,0.630507558578987,128,"ice_free","12"
"1949",2003,-171.595642899022,63.8382232261427,-31.2878787878788,149,-4.36121381196447,0.714503924162257,135,"ice_full","12"
"1950",2003,-170.292387637243,63.835188450827,-31.2459415105618,149,2.09069751399205,0.789749919783645,131,"ice_full","12"
"1951",2003,-169.495972234183,63.722534559684,-26.6310516875497,125,11.5105791666667,0.836777840680354,122,"ice_full","12"
"1952",2003,-168.543291087318,63.7281688740848,-28.822169229679,125,13.0305847222222,0.864596013939764,121,"ice_full","14"
"1953",2003,-167.488710703169,63.7425659633818,-26.3737734487734,125,13.7882861111111,0.875602551118827,126,"ice_full","14"
"1954",2003,-166.431826929351,63.7569702432383,-25.4480737018425,125,19.4604819444444,0.848864318094136,126,"ice_full","14"
"1956",2003,-179.474478470799,64.1934878652858,-56.1434323123022,157,-31.8466611111111,0.881201876218324,163,"ice_full",NA
"1957",2003,-178.606333953857,64.1892468210856,-76.3402361111111,157,-34.9046208333333,0.867983943268665,156,"ice_full",NA
"1958",2003,-177.541923440322,64.2046683142951,-71.7639733603642,157,-31.8038291666667,0.81841571969697,151,"ice_full",NA
"1959",2003,-176.43680974637,64.2257197517064,-86.5151951951952,149,-24.5252638888889,0.767888937519452,149,"ice_full",NA
"1960",2003,-175.376908170346,64.2980688285585,-81.2925864902388,157,-18.5104125,0.675661836164677,151,"ice_full",NA
"1962",2003,-173.433445637703,64.1675007308134,-37.6107318329309,157,-8.76546271054366,0.574281837889477,156,"ice_full",NA
"1963",2003,-172.46884602262,64.2198357563244,-35.8872433914737,157,-6.2695024039539,0.578577119383728,152,"ice_full",NA
"1964",2003,-171.519493963673,64.3093345881109,-43.0637796051021,149,-4.68740416666667,0.697943924792139,128,"ice_free","12"
"1965",2003,-170.441475349845,64.225299939983,-42.9878504476274,133,-4.909975,0.786898304880401,126,"ice_full","12"
"1966",2003,-169.489246171925,64.2067269321307,-38.3407073242856,141,1.45855416666667,0.839689420803783,124,"ice_full","12"
"1967",2003,-168.579173529111,64.2837684544305,-32.6494908441903,141,7.655125,0.866601396276596,124,"ice_full","14"
"1968",2003,-167.50397273537,64.2678570254049,-25.824528165976,133,7.09997638888889,0.858659447785414,127,"ice_full","14"
"1975",2003,-178.32071923259,64.7475373789727,-65.8240634067247,157,-30.3515180555556,0.821781258093758,173,"ice_full",NA
"1976",2003,-177.474007696385,64.7424392907,-56.0298925633343,157,-24.2734527777778,0.711187971230159,170,"ice_full",NA
"1977",2003,-176.411840468513,64.8195242208351,-59.5730113445701,157,-22.4629486111111,0.640399901795735,162,"ice_full",NA
"1978",2003,-175.41720018758,64.7041243514037,-42.3723416644814,157,-27.9878542321081,0.655403507834758,160,"ice_full",NA
"1980",2003,-172.113291753103,64.7370040962723,-30.7652181185601,157,-14.5430635703147,0.78215603956229,162,"ice_full",NA
"1981",2003,-171.491266695825,64.7256335723038,-39.2250504059228,157,-5.56399444444444,0.751776554232804,135,"ice_free",NA
"1982",2003,-170.504240950782,64.7306514767343,-48.5288947123208,125,-3.49545138888889,0.820752290448343,125,"ice_full","12"
"1983",2003,-169.491682194136,64.7497081841598,-46.6823716453043,165,-2.17172222222222,0.844450086805556,126,"ice_free","14"
"1984",2003,-168.625918303413,64.6811893237099,-36.7051147000268,125,2.45039583333333,0.86184044482627,127,"ice_full","14"
"1985",2003,-167.458440410501,64.7111907305787,-23.1305293003031,141,-5.64465416666667,0.807888174019608,132,"ice_full","14"
"1993",2003,-171.410613425424,65.2033650897599,-33.53089185884,157,-12.6320861111111,0.774812248389694,145,"ice_full",NA
"1994",2003,-170.471939929524,65.2790962389814,-39.2690134377863,149,-4.03936111111111,0.803877911054994,129,"ice_full",NA
"1995",2003,-169.459784366545,65.231907500638,-46.9753951734068,149,-1.41920277777778,0.847283564814815,127,"ice_free","14"
"1996",2003,-168.469538864629,65.209807834928,-47.5491628376497,149,-2.36365555555556,0.851867314814815,130,"ice_full","14"
"2001",2003,-170.243410482858,65.7026402772203,-34.8673809802838,149,-5.61284097214717,0.77394428056375,143,"ice_full",NA
"2002",2003,-169.548053221539,65.7479199561178,-40.3750874761104,165,-1.11670972222222,0.829595251191786,131,"ice_free",NA
"2003",2003,-168.604419244309,65.7534565541727,-45.5829056794931,149,-3.79865045648796,0.856631049091544,136,"ice_full",NA
"2007",2004,-165.453704641409,54.7340352367187,-166.644898169098,141,21.8282319444444,0,0,"ice_free","16"
"2018",2004,-166.469288359013,55.2392283035092,-136.266332957723,141,23.6519805555556,0,0,"ice_free","4"
"2019",2004,-165.459315564243,55.2331390084161,-116.931715329794,133,21.7286152777778,0,0,"ice_free","4"
"2020",2004,-164.484035540472,55.2387328435059,-85.4563080443128,133,21.9016194444444,0,0,"ice_free","1"
"2029",2004,-167.471224147895,55.7648375998332,-133.253346143927,125,24.3698597222222,0,0,"ice_free","4"
"2030",2004,-166.517130709993,55.762325967088,-127.544571713715,117,28.7389819444444,0,0,"ice_free","4"
"2031",2004,-165.469487262554,55.7455380309137,-109.683292438532,117,29.4200486111111,0,0,"ice_free","4"
"2032",2004,-164.451973762456,55.7215015768923,-96.0165009324762,117,31.5782597222222,0,0,"ice_free","3"
"2033",2004,-163.518012790336,55.7389106317457,-84.1544406596006,117,28.3740333333333,0,0,"ice_free","1"
"2034",2004,-162.532917248886,55.7807341674059,-52.2669794160888,149,16.9171257655293,0,0,"ice_free","1"
"2044",2004,-167.482143156702,56.2341490553812,-128.329783566146,133,37.556875,0,0,"ice_free","4"
"2045",2004,-166.503330357926,56.2557141544643,-109.257727280671,133,46.8943083333333,0,0,"ice_free","4"
"2046",2004,-165.51412779435,56.2496893608181,-91.9729522281868,125,51.8669722222222,0,0,"ice_free","3"
"2047",2004,-164.467739903783,56.2544356866061,-86.6558535758192,141,47.4492875,0,0,"ice_free","3"
"2048",2004,-163.453306646952,56.2515567656815,-84.8843415979295,141,41.5957347222222,0,0,"ice_free","3"
"2049",2004,-162.486855489571,56.2437024862396,-75.4108098525571,133,31.3507791666667,0,0,"ice_free","1"
"2050",2004,-161.469056240418,56.2535966057567,-53.9675626039656,101,20.0769583333333,0,0,"ice_free","1"
"2055",2004,-172.498742198633,56.7578758584338,-173.414143832719,157,37.7330291666667,0,0,"ice_free","8"
"2056",2004,-171.517590228873,56.7315684993951,-142.296559910688,157,40.5992763888889,0,0,"ice_free","8"
"2057",2004,-170.506021469297,56.7489036357944,-102.183795026893,157,50.2408263888889,0,0,"ice_free","5"
"2058",2004,-169.513013806701,56.7368766470413,-67.4315206560041,157,52.6030972222222,0,0,"ice_free","5"
"2059",2004,-168.44100697394,56.7508959630306,-94.4135326209899,141,44.3777652777778,0,0,"ice_free","3"
"2060",2004,-167.483513110875,56.7527021132099,-92.1214697651969,141,53.2804527777778,0,0,"ice_free","3"
"2061",2004,-166.486554104218,56.7520789441479,-81.32228503559,141,59.7746375,0,0,"ice_free","3"
"2062",2004,-165.470508717929,56.7678421035815,-74.8795385795032,141,62.7204125,0,0,"ice_free","3"
"2063",2004,-164.444895097221,56.7856431714135,-72.4638999334742,141,55.4074458333333,0,0,"ice_free","3"
"2064",2004,-163.483209190542,56.7551112794669,-71.6703818350421,141,53.3764472222222,0,0,"ice_free","3"
"2065",2004,-162.524035612168,56.7621296188297,-67.0415494643605,141,51.3405,0,0,"ice_free","3"
"2066",2004,-161.49036402748,56.7484183432813,-70.5537172971459,125,42.0674638888889,0,0,"ice_free","3"
"2067",2004,-160.518594516855,56.74243019841,-59.9914186641376,117,21.7122388888889,0,0,"ice_free","3"
"2072",2004,-172.508932480776,57.2471376388183,-133.212035535387,157,45.4192291666667,0,0,"ice_free","8"
"2073",2004,-171.491344770459,57.253790783836,-111.497007978317,157,54.2714944444444,0,0,"ice_free","6"
"2074",2004,-170.526892538736,57.2454892594788,-63.5793852392467,157,52.779975,0,0,"ice_free","5"
"2075",2004,-169.443963729446,57.2717082643096,-66.3315651719198,157,65.5832875,0,0,"ice_free","6"
"2076",2004,-168.557340178393,57.287990593013,-76.6315893727612,149,57.3423736111111,0,0,"ice_free","3"
"2077",2004,-167.478985677037,57.2652658903027,-70.0889650038059,149,45.2288083333333,0,0,"ice_free","3"
"2078",2004,-166.448148564594,57.2632189491609,-73.6758491853622,149,48.5439361111111,0,0,"ice_free","3"
"2079",2004,-165.518045089202,57.266951179088,-70.2280149183942,141,60.4631152777778,0,0,"ice_free","3"
"2080",2004,-164.476331744447,57.2332739072709,-67.4940733172744,109,37.2418319444444,0.021250690989497,97,"ice_full","3"
"2081",2004,-163.503907326836,57.223930584491,-63.6428092272193,109,27.90305,0.0209761153198653,96,"ice_full","3"
"2082",2004,-162.49855626848,57.2304028593118,-56.4894509789677,109,35.3290166666667,0,0,"ice_free","2"
"2083",2004,-161.507225631046,57.2400024799086,-56.6101999258332,125,40.76285,0,0,"ice_free","3"
"2084",2004,-160.461331140391,57.2440128111445,-61.3547409933314,117,22.6815763888889,0,0,"ice_free","3"
"2085",2004,-159.509227224018,57.2337697085798,-49.6316361223379,141,6.47021666666667,0,0,"ice_free","2"
"2089",2004,-172.442374584668,57.7512217605494,-115.773159268701,157,63.6376708333333,0,0,"ice_free","8"
"2090",2004,-171.482200682773,57.724524790806,-94.3230973071047,157,61.4503666666667,0.0209720860566449,98,"ice_free","6"
"2091",2004,-170.536075508533,57.7487597861646,-77.5423143614911,125,26.1931930555556,0.0427803208137715,101,"ice_free","6"
"2092",2004,-169.432801363299,57.7360516865255,-67.6217282920368,149,65.5190333333333,0.0483298122065728,101,"ice_free","6"
"2093",2004,-168.510554601501,57.7443413291999,-74.0765829768539,149,42.6088638888889,0.0611526473656755,101,"ice_free","6"
"2094",2004,-167.519893011219,57.7660998229466,-63.9621726385549,117,24.0411555555556,0.0762207111625514,102,"ice_full","3"
"2095",2004,-166.476685541756,57.7575812987703,-61.4941628984817,149,43.3584319444444,0.0711290830761317,102,"ice_free","3"
"2096",2004,-165.482499312648,57.750346164403,-63.4940360509273,109,33.5147555555556,0.0755018164866255,102,"ice_full","3"
"2097",2004,-164.520904031334,57.752532729148,-48.0773733434181,109,11.2753888888889,0.0914027777777778,103,"ice_full","2"
"2098",2004,-163.492100978465,57.7506200450398,-49.6488760754236,109,-3.9079625,0.0919642670839854,101,"ice_full","2"
"2099",2004,-162.438281315234,57.7650528587686,-46.7543145808094,109,7.75732361111111,0.0651759599673203,98,"ice_full","2"
"2100",2004,-161.538849299872,57.7654315613415,-38.743077006276,109,22.0513305555556,0,0,"ice_free","2"
"2101",2004,-160.444843861791,57.7529762905405,-45.6680052090935,109,-3.35116388888889,0,0,"ice_free","3"
"2102",2004,-159.525980947969,57.7486095847484,-45.9666100171834,109,-19.4461666666667,0.087699409554482,99,"ice_full","2"
"2107",2004,-173.48688331452,58.2589801259347,-128.853824719176,141,64.6030958333333,0,0,"ice_free","8"
"2108",2004,-172.476116201424,58.2638957170991,-101.783218889554,165,64.447225,0.0548938721707819,102,"ice_free","8"
"2109",2004,-171.527697632719,58.2511402692318,-97.6078743570072,141,25.7468680555556,0.131241728395062,105,"ice_free","6"
"2110",2004,-170.523661261478,58.2562765572569,-87.4854110127884,125,3.4974625,0.185277592592593,105,"ice_full","6"
"2111",2004,-169.506696586108,58.2437280508398,-75.5655623691872,125,20.1825638888889,0.204669382716049,105,"ice_full","6"
"2112",2004,-168.516217099848,58.2611028068081,-72.2001288514065,117,10.5518833333333,0.219526419753086,105,"ice_full","6"
"2113",2004,-167.46032967902,58.2696272071482,-56.2777604491124,117,5.29776805555556,0.219511481481481,105,"ice_full","6"
"2114",2004,-166.50839777972,58.2552129776379,-52.0078359293774,117,11.8761888888889,0.216557777777778,105,"ice_full","2"
"2116",2004,-164.517041118813,58.2404328149368,-42.2607146210356,109,-1.37610972222222,0.216261323823824,104,"ice_full","2"
"2117",2004,-163.512231928131,58.2594627459174,-37.3697812570172,101,-4.87007638888889,0.235461329908676,103,"ice_full","2"
"2118",2004,-162.453309908681,58.2443604934719,-39.9472203313166,101,-4.53342777777778,0.231339880952381,100,"ice_full","2"
"2129",2004,-173.501878367559,58.7437589036746,-117.959485810809,141,62.1377625,0.0691024627057613,102,"ice_free","8"
"2130",2004,-172.515767306287,58.7305538778346,-110.802886640349,125,33.7764430555556,0.216691429093567,106,"ice_full","8"
"2131",2004,-171.502151721537,58.7373838151334,-91.7498283596982,133,2.20566944444444,0.38293743987494,107,"ice_free","6"
"2132",2004,-170.533575713026,58.721667286756,-101.900515757626,133,-0.886851388888889,0.431668031813865,108,"ice_free","6"
"2133",2004,-169.487569862577,58.7134211699136,-87.1025394924419,133,-6.28246944444444,0.445920664983165,107,"ice_free","6"
"2134",2004,-168.475294112561,58.7202983504586,-58.8744130898794,125,1.94228611111111,0.469915945165945,107,"ice_full","7"
"2135",2004,-167.483900568234,58.7073056961712,-47.9288903026395,125,5.43252638888889,0.442778143274854,106,"ice_full","7"
"2136",2004,-166.486133970995,58.7302772942301,-42.6548811475681,125,3.69666111111111,0.429431818181818,107,"ice_full","7"
"2137",2004,-165.472834992412,58.744886998358,-34.8761566607331,109,1.95364583333333,0.441233308966862,106,"ice_full","2"
"2138",2004,-164.500759360652,58.7352634759799,-31.9315267601375,109,1.39223333333333,0.446165771604938,105,"ice_full","2"
"2139",2004,-163.511300309195,58.7405081004977,-25.6465856202432,109,1.05770694444444,0.428080862112112,104,"ice_full","2"
"2145",2004,-176.583397683423,59.3065829076246,-149.725560927957,149,77.0886875,0,0,"ice_free","8"
"2146",2004,-175.429331121345,59.2544130985761,-128.611573939896,157,77.1869319444445,0,0,"ice_free","8"
"2147",2004,-174.458529541308,59.2551807173973,-120.535595838832,133,60.4917333333333,0.0926139724794239,102,"ice_free","8"
"2148",2004,-173.56996760172,59.2213835497727,-128.256089435041,125,43.4607055555556,0.28615990497076,106,"ice_full","8"
"2149",2004,-172.487483514026,59.2329192309542,-111.74091032719,125,20.0858486111111,0.498410018993352,108,"ice_full","9"
"2150",2004,-171.472904006262,59.2292468056257,-73.6551533674758,141,2.30643333333333,0.625203029770277,109,"ice_free","9"
"2151",2004,-170.507516379766,59.2567098858334,-76.291693977801,141,-4.96551527777778,0.663303387248008,109,"ice_free","6"
"2152",2004,-169.468114954961,59.2634224159376,-62.9745631254492,133,0.477948611111111,0.675426282051282,108,"ice_free","6"
"2153",2004,-168.440515273403,59.2381624719339,-47.473100498792,109,12.364475,0.65589985380117,106,"ice_full","7"
"2154",2004,-167.501234854487,59.2207651009259,-41.2043066955068,109,12.0817986111111,0.615137792397661,106,"ice_full","7"
"2155",2004,-166.418645381402,59.239559682326,-32.4610652879884,109,14.0132013888889,0.599569384319384,107,"ice_full","7"
"2156",2004,-165.534788536557,59.2476308607953,-24.3100090100314,125,14.3255180555556,0.584689595845846,104,"ice_free","7"
"2157",2004,-164.476325406936,59.2614795438354,-22.3734958665545,101,20.2733680555556,0.565126807458143,103,"ice_full","2"
"2161",2004,-177.491558861708,59.7523359847266,-164.764993203186,149,78.6310583333333,0,0,"ice_free","8"
"2162",2004,-176.523414242129,59.732856135399,-127.694541168693,149,76.8586666666667,0.0638025212712713,104,"ice_free","8"
"2163",2004,-175.4700130965,59.7498934029468,-125.002153018166,141,62.7532097222222,0.141294513263263,104,"ice_free","8"
"2164",2004,-174.516070175423,59.6901189493692,-108.014186692866,133,48.4915680555556,0.312778148148148,105,"ice_free","8"
"2165",2004,-173.58777943732,59.7054395590518,-102.326885222828,125,30.5480833333333,0.524440319325736,108,"ice_full","9"
"2166",2004,-172.531293784981,59.7239716695273,-103.224720265599,109,18.8174763888889,0.664243865740741,110,"ice_full","9"
"2167",2004,-171.533263835422,59.7264905697115,-74.5339378435632,149,5.33267916666667,0.740251244212963,110,"ice_free","9"
"2168",2004,-170.498007531891,59.7500518122569,-61.1386701785294,141,2.28216388888889,0.763728891782407,110,"ice_free","9"
"2169",2004,-169.47551884471,59.7463558880362,-53.7724435057711,133,13.3463222222222,0.764829564339981,108,"ice_free","11"
"2170",2004,-168.499222940026,59.7495475811978,-44.3026218208786,109,24.0024847222222,0.703668143884016,106,"ice_full","7"
"2171",2004,-167.513546773744,59.7440785499425,-32.0384831768699,109,23.1462722222222,0.648752374939875,107,"ice_full","7"
"2172",2004,-166.491554157154,59.6331619829745,-20.0405405405405,109,26.2274305843114,0.662171384200656,109,"ice_full","7"
"2175",2004,-177.524993625798,60.2657196623458,-146.166710152703,133,69.1890305555556,0.125001944444444,105,"ice_free","8"
"2176",2004,-176.537150239261,60.2278909069205,-140.435897663561,109,60.1772625,0.265039321789322,107,"ice_full","8"
"2177",2004,-175.580457674698,60.1835584536088,-121.451686851631,125,43.7242958333333,0.428555585618086,107,"ice_full","8"
"2178",2004,-174.484988318948,60.2408867513804,-102.365365929799,109,34.7288833333333,0.558339209401709,108,"ice_full","9"
"2179",2004,-173.525167042372,60.2214056385072,-78.1720042463148,109,22.103575,0.615465649291267,111,"ice_full","9"
"2180",2004,-172.473013865506,60.2436543410403,-42.487616715973,141,20.8193831921675,0.717224353545619,112,"ice_free","9"
"2181",2004,-171.450071451597,60.2469466529634,-56.5784187298135,141,13.5576916666667,0.792738797439415,111,"ice_free","9"
"2182",2004,-170.452672999172,60.2599266379468,-62.4515995207461,133,12.4108041666667,0.796108072916667,110,"ice_free","9"
"2183",2004,-169.445496386018,60.2413934818087,-46.8813342935892,117,21.2107208333333,0.777480264719848,108,"ice_full","11"
"2184",2004,-168.471784059107,60.2479072996077,-40.1444537792033,109,25.4373305555556,0.714453373015873,107,"ice_full","11"
"2185",2004,-167.533631108644,60.2800424108452,-27.6807455620163,109,35.4300053518598,0.668431950379867,108,"ice_full","11"
"2189",2004,-178.406460998556,60.7368557238947,-175.469545073192,125,54.7092375,0.176352768759019,107,"ice_full","8"
"2190",2004,-177.538819947488,60.7070874705182,-145.479965738124,125,55.5001763888889,0.329310360993905,109,"ice_full","8"
"2191",2004,-176.56128925987,60.712642528372,-120.266699145495,117,41.8275055555556,0.505509866898148,110,"ice_full","8"
"2192",2004,-175.536917027216,60.7245302140799,-98.3353101246674,117,27.9214263888889,0.625079847166443,113,"ice_full","8"
"2193",2004,-174.434923070092,60.7508441346953,-80.995598398388,125,25.0189888888889,0.670652345339845,121,"ice_full","9"
"2194",2004,-173.440004653854,60.7597468627176,-55.6550583383414,133,20.0099652777778,0.731532527139208,117,"ice_full","9"
"2195",2004,-172.475070242153,60.7405503898716,-58.0548746467751,141,21.5248718931475,0.811733796296296,113,"ice_free","9"
"2196",2004,-171.495078487913,60.7492460701353,-58.8934262639369,141,21.6713236111111,0.826555414408311,112,"ice_free","9"
"2197",2004,-170.430185434593,60.7306996734422,-53.3821020613804,125,23.4822347222222,0.818168315972222,110,"ice_full","9"
"2198",2004,-169.51013362853,60.7460849126982,-45.663456341008,117,28.0156416666667,0.781509143518519,110,"ice_full","11"
"2199",2004,-168.491327402377,60.7325207681995,-37.5205319279986,109,29.6212430555556,0.751910191045476,109,"ice_full","11"
"2200",2004,-167.579180905305,60.7149852468001,-29.5024860814973,109,36.7956430555556,0.706765705578997,109,"ice_full","11"
"2204",2004,-178.543454614787,61.2070405174328,-167.641493624211,117,29.2166125,0.397650680827887,115,"ice_full",NA
"2205",2004,-177.568862085732,61.2126968712284,-133.308700342982,117,36.6451083333333,0.535140441176471,115,"ice_full","8"
"2206",2004,-176.511000118116,61.2125982876279,-114.933810101715,117,28.1521472222222,0.623457458847737,120,"ice_full","8"
"2207",2004,-175.591536210206,61.2065245756629,-81.3056788563225,125,23.9831736111111,0.68620613908179,126,"ice_full","8"
"2208",2004,-174.434335078869,61.236445454208,-74.209194935337,125,21.0008388888889,0.744250262504773,127,"ice_full","10"
"2209",2004,-173.469981697837,61.2129190491888,-66.1786061206353,133,22.5704777777778,0.788239608494364,122,"ice_full","10"
"2210",2004,-172.505598720224,61.2252766252071,-54.6915014111705,133,24.4459041666667,0.817711563307494,116,"ice_full","10"
"2211",2004,-171.496392032868,61.2558607752967,-66.697428709995,133,23.1731527777778,0.806907325708061,115,"ice_full","10"
"2212",2004,-170.510348778227,61.2711831760731,-48.5353936484687,125,22.5828097222222,0.803713297634984,113,"ice_full","10"
"2213",2004,-169.401589558964,61.1924838236983,-43.3792947445859,125,23.4569347222222,0.780179035586792,113,"ice_full","11"
"2214",2004,-168.577120771585,61.1973711006929,-36.4584498977988,117,24.4138652777778,0.740233980429293,118,"ice_full","11"
"2215",2004,-167.52466988299,61.2403914374991,-25.8470440170304,117,30.3871277777778,0.71304713297635,113,"ice_full","11"
"2218",2004,-178.450158574842,61.725728105138,-137.72189176726,125,21.4438416666667,0.578957855273752,122,"ice_full",NA
"2219",2004,-177.536297292749,61.7405942347681,-124.829405451035,125,24.0491263888889,0.647990491835922,123,"ice_full",NA
"2220",2004,-176.489110095892,61.6791544973941,-107.58311368092,125,19.3351388888889,0.696199527491409,127,"ice_full","8"
"2221",2004,-175.541503224434,61.7043462202167,-92.7669287356322,133,16.6318125,0.741712802530253,131,"ice_full","10"
"2222",2004,-174.469303871576,61.7534052392505,-66.8973904437231,133,19.0204833333333,0.768561744142101,128,"ice_full","10"
"2223",2004,-173.411785706023,61.7161909958211,-65.7427634245699,133,19.7144597222222,0.782960648148148,124,"ice_full","10"
"2224",2004,-172.51008122119,61.7399953915645,-57.5343874303682,125,20.3543513888889,0.782648701690821,122,"ice_full","10"
"2225",2004,-171.457488722957,61.6894097343467,-64.5898678998067,125,17.2931,0.760504579848666,123,"ice_full","10"
"2226",2004,-170.504829183535,61.7537539241763,-48.6373065238526,125,15.2573527777778,0.745644041218638,123,"ice_full","10"
"2227",2004,-169.583738013366,61.6932117190812,-42.5605019153774,125,14.89775,0.743752205165692,125,"ice_full","11"
"2228",2004,-168.516501507485,61.7349158303986,-34.4296466872762,125,17.3623055555556,0.737142205994655,127,"ice_full","11"
"2229",2004,-167.448020579351,61.713044462574,-24.908673367236,117,19.0415444444444,0.702053448813982,119,"ice_full","11"
"2233",2004,-177.518399890942,62.2242933845254,-103.573039292256,133,15.4915277777778,0.727655588624339,128,"ice_full",NA
"2234",2004,-176.449503867208,62.3044198160377,-94.9291762736056,133,14.9864097222222,0.752426544737807,131,"ice_full",NA
"2235",2004,-175.454375247803,62.295326355993,-82.5079208470298,133,11.100075,0.764807173678533,133,"ice_full","10"
"2236",2004,-174.500932738541,62.246216582662,-67.9283936750958,141,14.4621666666667,0.761961829176115,128,"ice_full","10"
"2237",2004,-173.519040690277,62.2871227704029,-59.562108213424,133,18.3387597222222,0.758886074561404,125,"ice_full","10"
"2238",2004,-172.472362426699,62.2474060614635,-49.6056531415072,133,15.7317291666667,0.746660759066358,126,"ice_full","10"
"2239",2004,-171.627790892325,62.3221105347099,-45.5488461538462,125,13.2339152777778,0.730793981481481,126,"ice_full","10"
"2240",2004,-170.454363453995,62.1798573464633,-44.4692980816976,125,8.89056388888889,0.708764924463938,125,"ice_full","10"
"2241",2004,-169.531661814874,62.2956722182698,-37.9136643492525,133,7.76213194444444,0.731145738851096,128,"ice_full","10"
"2242",2004,-168.447803639587,62.2614788006363,-31.8296907788339,133,16.5553152777778,0.752387881944445,130,"ice_full","11"
"2243",2004,-167.471236620093,62.2740062461837,-25.3928983502455,117,18.2945097222222,0.710239679783951,126,"ice_full","11"
"2245",2004,-179.453763894912,62.7432254418604,-105.662076941114,133,-1.47413472222222,0.761879858819215,131,"ice_full",NA
"2247",2004,-177.595915128226,62.7014226870246,-106.976213823926,133,6.51070833333333,0.795494576071169,132,"ice_full",NA
"2248",2004,-176.452954723735,62.6870649705926,-96.9800905938318,133,10.6740458333333,0.797443241648511,132,"ice_full",NA
"2249",2004,-175.475345867628,62.7627610405284,-86.0576347889583,125,8.87560694444445,0.748616538565264,133,"ice_full",NA
"2250",2004,-174.422607948646,62.7551197648505,-79.2764218703258,125,15.8581166666667,0.757606949369582,124,"ice_full","10"
"2251",2004,-173.566172478819,62.7289783166438,-64.6471922697692,125,18.8233319444444,0.724307968873128,124,"ice_full","10"
"2252",2004,-172.425099840053,62.7882440672493,-57.1622006674324,133,13.5013861111111,0.66708725897289,127,"ice_full","10"
"2253",2004,-171.47498467431,62.7582778166554,-44.9143142964179,125,12.2198958333333,0.624015528549383,126,"ice_full","10"
"2254",2004,-170.540757157202,62.794580260172,-36.1589093461175,125,7.01599166666667,0.607682920151334,123,"ice_full","10"
"2255",2004,-169.444775400186,62.7702192031902,-31.6605025520383,125,6.80905468484767,0.670566843260787,127,"ice_full","10"
"2256",2004,-168.636010508926,62.7933977396209,-28.786640659575,141,13.7994083333333,0.747821057800224,129,"ice_full","10"
"2257",2004,-167.458879484363,62.7194436432159,-25.4925924060553,125,17.504225,0.758060492252457,128,"ice_full","11"
"2260",2004,-179.520279860777,63.2080868240838,-85.7944525968602,133,-16.7378430555556,0.759545653292181,147,"ice_full",NA
"2261",2004,-178.52124816066,63.2465095301379,-94.8201860231272,141,-6.22389444444444,0.788915087400485,137,"ice_full",NA
"2262",2004,-177.530357142857,63.233529263451,-101.948015873016,141,-1.11062361111111,0.828188821191475,136,"ice_full",NA
"2263",2004,-176.411904689244,63.2648783910842,-93.884126984127,141,2.83834166666667,0.824293149946063,133,"ice_full",NA
"2264",2004,-175.440248026376,63.2609814495164,-88.753323652898,125,10.7473958333333,0.767944163860831,129,"ice_full",NA
"2265",2004,-174.425060851522,63.264537649196,-77.8717252886003,125,19.9361027777778,0.712027630023641,124,"ice_full",NA
"2266",2004,-173.56476792737,63.2738111915324,-79.0121789430449,125,18.6055569444444,0.689917717645807,117,"ice_full","12"
"2267",2004,-172.451117567746,63.258088144748,-59.5223366125434,125,14.5837097222222,0.5944535002035,121,"ice_full","12"
"2268",2004,-171.604366539718,63.1805083089495,-43.403367839476,125,13.3351183226988,0.556488940329218,129,"ice_full","12"
"2271",2004,-168.57681306938,63.3167695255799,-24.5522751565476,141,15.0969919043416,0.783278268799102,129,"ice_full","12"
"2272",2004,-167.397992418461,63.2291858942551,-25.6441703426538,165,11.9810736111111,0.798136528236157,131,"ice_free","14"
"2273",2004,-166.396620971276,63.208286921999,-22.1271921361267,125,12.5340180555556,0.750623553240741,130,"ice_full","14"
"2276",2004,-178.450200575005,63.7317112829119,-71.5943899061935,141,-19.3232625,0.785571156240274,149,"ice_full",NA
"2277",2004,-177.522438875251,63.7700662268776,-81.2583588175331,141,-9.985625,0.812607044544545,141,"ice_full",NA
"2278",2004,-176.393541146661,63.7872673587104,-91.825293881675,141,-3.15464166666667,0.774087436868687,140,"ice_full",NA
"2279",2004,-175.448736373267,63.7938090900243,-86.8736923798497,141,4.27464722222222,0.687096367687781,137,"ice_full",NA
"2280",2004,-174.511688043649,63.7341054422504,-79.9345712561159,141,6.57309583333333,0.588644367283951,135,"ice_full",NA
"2281",2004,-173.503885508013,63.7488233319809,-69.5020019452022,125,7.56630416666667,0.502136918168168,141,"ice_full",NA
"2282",2004,-172.409516163597,63.7588350563942,-52.4243453581753,125,8.84552638888889,0.655363700048733,106,"ice_full","12"
"2283",2004,-171.591728951921,63.8552320307639,-31.3937950937951,125,6.86288341025775,0.704774069095978,123,"ice_full","12"
"2284",2004,-170.445045248085,63.8411878791871,-31.9261895926109,125,4.46271140288094,0.826720523049645,124,"ice_full","12"
"2285",2004,-169.393391329651,63.7239317796047,-27.3617878743056,125,8.25523194444444,0.835797878873772,128,"ice_full","12"
"2286",2004,-168.498088430839,63.7211618261433,-28.5169574696786,141,9.542425,0.824645902090209,131,"ice_full","14"
"2287",2004,-167.47260874371,63.7371853343764,-26.3164021814661,141,4.08925833333333,0.83622589869281,132,"ice_full","14"
"2288",2004,-166.548535275459,63.7669635903835,-25.7958854166667,141,0.0832597222222227,0.794746924927378,132,"ice_full","14"
"2295",2004,-174.512031177392,64.2256389694526,-71.488704845713,149,-18.7166791666667,0.536016363670581,153,"ice_full",NA
"2296",2004,-173.650060464876,64.1723731118437,-46.3625787949588,157,-10.6643168772103,0.540250703703704,155,"ice_full",NA
"2299",2004,-170.497483815775,64.214340755537,-41.8868743235931,125,-0.587683333333334,0.793280266825966,123,"ice_full","12"
"2300",2004,-169.513918495605,64.2111151740841,-38.6764157965516,125,-0.486654166666666,0.847571144386574,126,"ice_full","12"
"2301",2004,-168.589132382243,64.2494399018862,-32.4009329429231,141,1.35679166666667,0.846693536673929,132,"ice_full","14"
"2302",2004,-167.48845508031,64.2273630689384,-25.89862505978,141,-6.03568333333333,0.825426633854729,133,"ice_full","14"
"2314",2004,-172.059521750798,64.5704331170945,-21.1975308641975,157,-18.842959403648,0.770530125195618,172,"ice_full",NA
"2316",2004,-170.522983214053,64.755040696914,-47.886824980575,125,-0.849479166666667,0.671835044283414,145,"ice_full","12"
"2317",2004,-169.484793270653,64.7220115830944,-46.2539066786948,125,-2.21095833333333,0.853486111111111,126,"ice_full","14"
"2318",2004,-168.532628283803,64.7600451059867,-35.1634389905148,149,-2.33352777777778,0.835570849065084,133,"ice_full","14"
"2319",2004,-167.466125843034,64.8222451630958,-22.1421121663743,149,-12.0484388888889,0.764612901816911,136,"ice_full","14"
"2328",2004,-170.468726825485,65.1715224105265,-40.5351437954746,149,-4.78040277777778,0.700814274691358,150,"ice_full",NA
"2329",2004,-169.460808616136,65.23295023513,-47.1061290554655,149,-2.0942375,0.836252665544332,129,"ice_full","14"
"2330",2004,-168.548224763355,65.2246874036318,-48.2027291872695,149,-5.45650277777778,0.795447010394829,136,"ice_full","14"
"2335",2004,-170.171855199527,65.6546667072426,-36.1422802112457,157,-8.52416041659161,0.745524360670194,156,"ice_full",NA
"2336",2004,-169.531352137095,65.7290723600141,-41.0891761588482,165,-0.173202777777777,0.800338668430335,135,"ice_free",NA
"2337",2004,-168.475022020935,65.749577335682,-43.2540106924313,165,-1.40819906759907,0.801618096891534,142,"ice_free",NA
"2341",2005,-165.496904266455,54.7395406550244,-182.521257941404,141,27.2951416666667,0,0,"ice_free","16"
"2352",2005,-166.512804299519,55.2749817687023,-135.734252554695,149,30.6030222222222,0,0,"ice_free","4"
"2353",2005,-165.489314474649,55.2757112392634,-117.012445738773,101,34.9296569444444,0,0,"ice_free","4"
"2354",2005,-164.482735197153,55.2666290253257,-87.4419842497581,133,38.17655,0,0,"ice_free","1"
"2363",2005,-167.4889141252,55.7555366415976,-133.333068064513,125,34.1483666666667,0,0,"ice_free","4"
"2364",2005,-166.50530581894,55.7343506440011,-126.921270673343,149,38.1305444444444,0,0,"ice_free","4"
"2365",2005,-165.480420215276,55.7598419287963,-109.054806785426,149,48.2994236111111,0,0,"ice_free","4"
"2366",2005,-164.515517270368,55.757391049821,-95.7952516612273,133,51.8501,0,0,"ice_free","3"
"2367",2005,-163.518948857068,55.737723301547,-84.1964054740391,133,52.7533736111111,0,0,"ice_free","1"
"2368",2005,-162.564386626908,55.7745806468384,-53.7043086641511,93,50.8361188210849,0,0,"ice_free","1"
"2378",2005,-167.506788360281,56.2443849071483,-127.128509242763,133,47.9016319444444,0,0,"ice_free","4"
"2379",2005,-166.485772705551,56.2492336540115,-109.226612409683,133,50.4151069444444,0,0,"ice_free","4"
"2380",2005,-165.488000099509,56.2388981346398,-92.1412753028211,149,61.5241944444444,0,0,"ice_free","3"
"2381",2005,-164.514882196416,56.2355591135073,-87.3765641750767,149,69.2425166666667,0,0,"ice_free","3"
"2382",2005,-163.524480752747,56.25483379958,-85.1746933172699,133,73.2323666666667,0,0,"ice_free","3"
"2383",2005,-162.508522621756,56.2576246776687,-75.605112975555,133,69.6577236111111,0,0,"ice_free","1"
"2384",2005,-161.496965606358,56.2601320734379,-55.1136628278719,109,67.5560555555556,0,0,"ice_free","1"
"2389",2005,-172.576366472878,56.7899973710074,-152.406964506394,133,32.9634458333333,0,0,"ice_free","8"
"2390",2005,-171.429121339138,56.7534378558966,-133.068194993223,133,41.9118805555556,0,0,"ice_free","8"
"2391",2005,-170.482870466046,56.7522573796404,-100.87303696681,157,56.2166597222222,0,0,"ice_free","5"
"2392",2005,-169.456765126951,56.7112622114285,-73.5058642538777,141,62.7955972222222,0,0,"ice_free","5"
"2393",2005,-168.449080916911,56.7398114112866,-95.1292471726263,133,54.4805430555556,0,0,"ice_free","3"
"2394",2005,-167.504386502808,56.7812652722408,-90.0963827861981,149,58.7979875,0,0,"ice_free","3"
"2395",2005,-166.486461407685,56.7752142686976,-80.077290253825,133,59.5577625,0,0,"ice_free","3"
"2396",2005,-165.530180524722,56.7348856700571,-76.0153787484204,101,71.8377736111111,0,0,"ice_free","3"
"2397",2005,-164.488856545326,56.7540726074314,-73.1675614561062,141,79.2068208333333,0,0,"ice_free","3"
"2398",2005,-163.503792123892,56.758273836742,-71.6060028734462,133,88.3252666666667,0,0,"ice_free","3"
"2399",2005,-162.478620669238,56.7612928727602,-66.9914784892369,133,95.5039027777778,0,0,"ice_free","3"
"2400",2005,-161.504659264925,56.7563382667951,-70.5448130346806,133,87.547325,0,0,"ice_free","3"
"2401",2005,-160.489966498811,56.7492126594433,-59.6589081270454,77,72.6717180555556,0,0,"ice_free","3"
"2406",2005,-172.499552262555,57.2850412381182,-133.266030872262,133,48.4288125,0,0,"ice_free","8"
"2407",2005,-171.452442755389,57.2813605097329,-108.403980407417,157,60.300175,0,0,"ice_free","6"
"2408",2005,-170.517725460102,57.2547461624501,-62.7139243750085,133,72.383725,0,0,"ice_free","5"
"2409",2005,-169.428589079734,57.2732780455317,-66.5859398667137,133,78.6863777777778,0,0,"ice_free","6"
"2410",2005,-168.47866791631,57.2771731655923,-77.2911435651987,133,61.8108805555556,0,0,"ice_free","3"
"2411",2005,-167.484087127541,57.2530430018773,-70.5828846094973,133,62.6414125,0,0,"ice_free","3"
"2412",2005,-166.527063264122,57.2446267143946,-74.0761576331883,101,56.286575,0,0,"ice_free","3"
"2413",2005,-165.465755952878,57.2623802313007,-70.5495920047205,101,68.0709625,0,0,"ice_free","3"
"2414",2005,-164.498910922743,57.2447144089293,-68.1211978867737,133,85.0057902777778,0,0,"ice_free","3"
"2415",2005,-163.495424291557,57.2675905546298,-63.2029125972564,101,92.6440916666667,0,0,"ice_free","3"
"2416",2005,-162.493647133536,57.248928854784,-55.8059744249791,101,95.3924194444444,0,0,"ice_free","2"
"2417",2005,-161.498190433613,57.2495734049834,-56.0486158141082,101,89.1401763888889,0,0,"ice_free","3"
"2418",2005,-160.503439611355,57.2520534376782,-61.4678216143506,101,76.6009861111111,0,0,"ice_free","3"
"2419",2005,-159.501902188652,57.2488445354253,-49.996652581324,101,72.9841402777778,0,0,"ice_free","2"
"2423",2005,-172.456017838967,57.762347953405,-121.652655536247,133,68.8014208333333,0,0,"ice_free","8"
"2424",2005,-171.497729184991,57.7605332275919,-90.9191644055362,133,79.5632833333333,0,0,"ice_free","6"
"2425",2005,-170.490460917352,57.7588237107854,-75.7391845880512,133,84.2784361111111,0,0,"ice_free","6"
"2426",2005,-169.432721758774,57.7691186740036,-67.0913200842735,133,82.4667763888889,0,0,"ice_free","6"
"2427",2005,-168.497801972309,57.7476540585703,-73.5845751744725,133,51.8284819444444,0,0,"ice_free","6"
"2428",2005,-167.490878744315,57.7426434792674,-64.6540437091101,133,49.3574402777778,0,0,"ice_free","3"
"2429",2005,-166.507697516103,57.7536337887482,-61.214568128441,101,56.5570430555556,0,0,"ice_free","3"
"2430",2005,-165.480551641081,57.7506903369503,-63.4608938025631,101,59.237325,0,0,"ice_free","3"
"2431",2005,-164.476387166719,57.7593153983329,-47.5712323487676,101,62.3846944444444,0,0,"ice_free","2"
"2432",2005,-163.494789780138,57.7405378769397,-50.0475786250786,93,62.7392597222222,0,0,"ice_free","2"
"2433",2005,-162.506592377742,57.7472400378313,-46.5052546981249,101,68.2005875,0,0,"ice_free","2"
"2434",2005,-161.496546909533,57.7510423413656,-39.2914804273208,101,83.4647333333333,0,0,"ice_free","2"
"2435",2005,-160.498571121631,57.7470404392222,-47.6541213701577,101,80.5649472222222,0,0,"ice_free","3"
"2436",2005,-159.501901708978,57.7496859159805,-45.4066981801919,101,75.6279305555556,0,0,"ice_free","2"
"2441",2005,-173.500363759882,58.2666391913765,-124.896276977588,157,63.2432694444444,0,0,"ice_free","8"
"2442",2005,-172.509792894973,58.265067348067,-112.038695392513,157,88.6543083333333,0,0,"ice_free","8"
"2443",2005,-171.501341641854,58.2532230942494,-97.2007876585353,157,81.4588472222222,0,0,"ice_free","6"
"2444",2005,-170.431384532047,58.2533970277556,-86.8595590399938,133,85.2743375,0,0,"ice_free","6"
"2445",2005,-169.484936911452,58.2415760725671,-78.6891051359655,133,49.1304458333333,0,0,"ice_free","6"
"2446",2005,-168.501982824459,58.2310299996209,-72.7846541458116,109,37.9352861111111,0,0,"ice_free","6"
"2447",2005,-167.520356237228,58.2375701360503,-56.8779957636647,109,40.0101638888889,0,0,"ice_free","6"
"2448",2005,-166.499820339956,58.2546270560707,-52.3617875962982,109,25.7741402777778,0,0,"ice_free","2"
"2449",2005,-165.501279445374,58.2518758815035,-47.5060008134561,101,15.4255736111111,0.0503354978354978,107,"ice_full","2"
"2450",2005,-164.535001497377,58.2604299038949,-41.8799095729215,93,21.4562861111111,0.0462157407407407,105,"ice_full","2"
"2451",2005,-163.492403269907,58.2373132774349,-37.8179724062145,93,19.3775972222222,0.0704146021021021,104,"ice_full","2"
"2452",2005,-162.447604494355,58.2525434067762,-40.194032893152,93,33.8978916666667,0.0827014523084729,103,"ice_full","2"
"2463",2005,-173.384451318572,58.7716611691877,-117.376650876577,157,78.1414430555556,0,0,"ice_free","8"
"2464",2005,-172.482439386138,58.7462409509375,-109.18909689935,157,84.8261652777778,0,0,"ice_free","8"
"2465",2005,-171.515711990147,58.764047110117,-95.2137789802331,157,66.9376138888889,0,0,"ice_free","6"
"2466",2005,-170.447235194666,58.7569362782021,-102.283370751766,133,50.1546763888889,0.0260609968734969,107,"ice_free","6"
"2467",2005,-169.480799033112,58.7468546030354,-87.0398957398049,117,15.5662458333333,0.0716420304232804,114,"ice_full","6"
"2468",2005,-168.514730318583,58.7332409014312,-57.9144277633983,109,16.5908972222222,0.107681252788934,113,"ice_full","7"
"2473",2005,-163.447972163615,58.7544160199463,-24.8300653594771,109,1.19097083333333,0.22615888047138,107,"ice_full","2"
"2480",2005,-175.523768529182,59.2650528237849,-128.567624898267,133,56.9057166666667,0,0,"ice_free","8"
"2481",2005,-174.467555367503,59.2307785050692,-121.727392411334,133,67.2449625,0,0,"ice_free","8"
"2482",2005,-173.520649317494,59.2099423634762,-117.959131620042,149,78.6957402777778,0,0,"ice_free","8"
"2483",2005,-172.506934936324,59.2089066025027,-103.886821773769,149,53.9618555555556,0.0727276055124892,116,"ice_free","9"
"2484",2005,-171.449835040407,59.2200167377386,-74.4112576985176,125,31.0720236111111,0.108010749255002,117,"ice_full","9"
"2485",2005,-170.519791397163,59.2036408043647,-76.601210270505,117,15.3931652777778,0.164706623526936,118,"ice_full","6"
"2486",2005,-169.506709958736,59.2119516996683,-62.2517327886375,117,-5.95632222222222,0.257065699126092,119,"ice_full","6"
"2496",2005,-176.508875631668,59.7468662871346,-118.750528597009,141,53.6172430555556,0,0,"ice_free","8"
"2497",2005,-175.43737218033,59.736464222634,-123.042049928748,157,55.7557444444444,0.0390653021442495,106,"ice_free","8"
"2498",2005,-174.605485696182,59.7575996157278,-106.191558821525,149,46.7727138888889,0.0898645268744354,112,"ice_free","8"
"2499",2005,-173.544947584526,59.7532423736167,-96.8449957082529,133,31.171,0.185376170865633,116,"ice_full","9"
"2500",2005,-172.531638379313,59.7412001492136,-98.5100870973855,133,12.5792125,0.279277263374486,120,"ice_full","9"
"2501",2005,-171.411991337116,59.7403729641277,-72.4966746803525,117,-5.13141805555556,0.348376834613869,124,"ice_full","9"
"2502",2005,-170.489853669366,59.717449397267,-62.1001346198972,149,-16.6959958333333,0.407130331461781,124,"ice_free","9"
"2503",2005,-169.527422234444,59.7412298710212,-53.3109054834055,125,-16.6725666666667,0.489244225823045,120,"ice_full","11"
"2509",2005,-177.564733963655,60.23525440389,-144.951921229018,157,31.02285,0.0993290746676163,108,"ice_free","8"
"2510",2005,-176.511565707487,60.2327876370005,-138.273603510377,133,42.1753875,0.17238680286391,116,"ice_full","8"
"2511",2005,-175.557799814964,60.2300871784134,-119.867534604567,157,20.31565,0.268933234498544,119,"ice_free","8"
"2512",2005,-174.469433524297,60.1854938941703,-98.1024172785334,133,3.64936944444444,0.360049391385768,119,"ice_full","9"
"2513",2005,-173.521381914195,60.1929341121276,-77.4452023440596,117,0.289929166666666,0.434397549937578,119,"ice_full","9"
"2514",2005,-172.656153294078,60.2140060142447,-43.6233200227884,133,-3.92193625227697,0.526033843037749,134,"ice_full","9"
"2515",2005,-171.41892390896,60.1623708958777,-62.4418479911901,133,-14.4203986111111,0.60795494212963,130,"ice_full","9"
"2516",2005,-170.496549637962,60.2057013316151,-64.9433046541942,133,-24.2581541666667,0.645340747616428,131,"ice_full","9"
"2517",2005,-169.406352382212,60.2055558740939,-47.1099920671921,125,-20.0125083333333,0.642728172933034,129,"ice_full","11"
"2523",2005,-178.493870313366,60.7182215547497,-185.495838046204,149,10.7926055555556,0.30349125368266,118,"ice_free","8"
"2524",2005,-177.56379086235,60.7156531827322,-144.007368047339,149,24.9461138888889,0.341110558712121,118,"ice_free","8"
"2525",2005,-176.460673053431,60.7885934816731,-113.310587321697,133,11.8255958333333,0.436239043209877,120,"ice_full","8"
"2526",2005,-175.580296968397,60.7707421580809,-96.626943624016,125,-9.49155972222222,0.559570194851445,121,"ice_full","8"
"2527",2005,-174.513173759485,60.765491780887,-81.4752591229468,133,-13.6152819444444,0.649487529868578,123,"ice_full","9"
"2528",2005,-173.666664857486,60.7680702882934,-64.7552322792346,149,-7.92125,0.673479892883079,132,"ice_full","9"
"2529",2005,-172.406358639565,60.7381321182704,-56.2348958056286,149,-10.6994336624081,0.726040211943595,139,"ice_full","9"
"2531",2005,-170.541904852731,60.6948785909017,-55.049126984127,149,-22.5363069444444,0.768066439636752,134,"ice_full","9"
"2532",2005,-169.35653403889,60.6905279275143,-45.0174107142857,149,-19.7548444444444,0.744140504891684,136,"ice_full","11"
"2533",2005,-168.417516929777,60.6888984378633,-37.0031263944668,133,-20.39775,0.696138648672257,136,"ice_full","11"
"2534",2005,-167.443210204829,60.7396059588386,-27.9155105514008,133,-20.382725,0.682518745227186,127,"ice_full","11"
"2538",2005,-178.523080623858,61.2165820616767,-166.853569794743,149,2.07814027777778,0.565245897633745,120,"ice_free",NA
"2539",2005,-177.50866094261,61.2382391818937,-131.222152754285,149,9.30097638888889,0.564185399053945,122,"ice_free","8"
"2540",2005,-176.526568346891,61.2103520174124,-114.491911604717,125,-8.11767916666667,0.627031410066982,124,"ice_full","8"
"2541",2005,-175.560325504722,61.2148153430394,-82.1680762638021,125,-14.3719305555556,0.709086103723404,124,"ice_full","10"
"2542",2005,-174.492848339014,61.2532483130502,-79.1471818111849,141,-10.3829458333333,0.755430257254677,127,"ice_full","10"
"2543",2005,-173.594862064188,61.2676528481256,-66.2989346030476,133,-10.0530986111111,0.78588944969454,127,"ice_full","10"
"2544",2005,-172.481537558343,61.2800594508378,-53.828616765214,141,-14.8652416666667,0.770144914215686,132,"ice_full","10"
"2547",2005,-169.562523787927,61.2773755255935,-44.22841479587,157,-17.9165027777778,0.735801882045089,145,"ice_full","11"
"2548",2005,-168.412384216874,61.2480298148261,-34.6875,149,-17.2015861111111,0.700348488445711,147,"ice_full","11"
"2549",2005,-167.349952984662,61.2413411672335,-23.8292775626943,141,-14.4305805555556,0.697364034459717,127,"ice_full","11"
"2552",2005,-178.508363549697,61.734652994798,-135.499339993348,133,-9.15848472222222,0.663882386363636,140,"ice_full",NA
"2553",2005,-177.51214998474,61.7206537771186,-122.680884797468,133,-5.71379027777778,0.697113233024691,132,"ice_full",NA
"2554",2005,-176.439222573558,61.7504769370861,-104.295817405349,125,-7.32434027777778,0.741964521919879,128,"ice_full","8"
"2555",2005,-175.515806858766,61.7550081348609,-92.8373791176108,133,-7.31839583333333,0.782957553606238,125,"ice_full","10"
"2556",2005,-174.489989558164,61.7590946982605,-67.4132268141457,141,-4.96684305555556,0.807625199123855,123,"ice_full","10"
"2557",2005,-173.452399312539,61.7926871724933,-62.7859989832767,133,-5.0512,0.812791779891304,122,"ice_full","10"
"2558",2005,-172.577283006287,61.7520641318846,-55.4282213494785,141,-13.1467597222222,0.795726503385106,123,"ice_full","10"
"2559",2005,-171.539422728186,61.7341208856248,-64.8494465719647,149,-18.3052333333333,0.778399400037793,128,"ice_free","10"
"2562",2005,-168.603349438596,61.718699761533,-35.3886982981531,149,-19.5031458333333,0.722293165604129,152,"ice_full","11"
"2563",2005,-167.340653538391,61.7091909371999,-23.9481093348631,133,-12.0959208333333,0.656944356167608,148,"ice_full","11"
"2568",2005,-176.446248487751,62.2247654069297,-97.3353440379387,133,-8.94685416666667,0.823630809294872,134,"ice_full",NA
"2569",2005,-175.537135685487,62.222469930993,-84.2458403611238,133,-4.14020277777778,0.825838360456416,129,"ice_full","10"
"2570",2005,-174.411159139344,62.2668984384379,-68.4507708810078,141,-2.67838888888889,0.83296729390681,123,"ice_full","10"
"2571",2005,-173.558887441234,62.2605619118761,-58.8976915360486,133,-1.95151805555556,0.820136856995885,120,"ice_full","10"
"2572",2005,-172.517329397621,62.2758311923116,-50.7584734113722,117,-4.52035416666667,0.805849914169788,119,"ice_full","10"
"2573",2005,-171.609852622493,62.3091776133268,-45.845152688968,117,-7.72462638888889,0.784135532407407,120,"ice_full","10"
"2574",2005,-170.497823644798,62.3088256505781,-43.6346102379285,125,-11.3471097222222,0.644601449275362,145,"ice_full","10"
"2576",2005,-168.524959351593,62.2705602150459,-32.2035308441558,157,-26.1609347222222,0.733633305555556,155,"ice_full","11"
"2577",2005,-167.308865756665,62.1980276128013,-24.2086195864484,165,-25.7236152777778,0.728667283318154,152,"ice_full","11"
"2581",2005,-177.420469121336,62.754114422423,-111.070640932529,141,-21.5243611111111,0.84682209292626,141,"ice_full",NA
"2582",2005,-176.505763931721,62.7477391150249,-97.3391358426167,133,-13.0239055555556,0.854800562169312,135,"ice_full",NA
"2583",2005,-175.467614278236,62.7555160750355,-86.1837390918345,141,-7.67970555555556,0.834326503483682,131,"ice_full",NA
"2584",2005,-174.488680475635,62.7343515490584,-81.230896810337,141,-3.72337638888889,0.817007065007716,126,"ice_full","10"
"2585",2005,-173.499355893135,62.736262011504,-65.6240147537859,125,-1.96541805555556,0.801237001424501,121,"ice_full","10"
"2586",2005,-172.498016445131,62.77909143923,-56.1279897711234,117,-2.19698194444445,0.774844486531987,118,"ice_full","10"
"2587",2005,-171.487955212491,62.7671411660699,-45.6482743516934,117,-3.43416666666667,0.722086339931886,117,"ice_full","10"
"2588",2005,-170.428416762591,62.7808957972649,-34.6101078618589,117,-6.33963333333333,0.660722794423637,119,"ice_full","10"
"2589",2005,-169.537132827228,62.8022255213498,-29.4233980363605,125,-15.4238967040412,0.630630695662768,144,"ice_full","10"
"2590",2005,-168.547686427165,62.789416031596,-28.8689081502647,141,-25.9359388888889,0.722822208830732,151,"ice_full","11"
"2591",2005,-167.353079069358,62.7528857364219,-24.930057700654,141,-32.2293166666667,0.763708973200843,153,"ice_full","11"
"2594",2005,-179.525252653522,63.2444861799283,-84.329801444175,157,-42.5690583333333,0.87821512084118,148,"ice_full",NA
"2596",2005,-177.49840722324,63.2540577112351,-102.560606825707,141,-27.8106583333333,0.852566736937831,142,"ice_full",NA
"2597",2005,-176.502713873033,63.2521251508841,-95.1347327963515,133,-17.5473180555556,0.852884401205451,136,"ice_full",NA
"2598",2005,-175.457212966242,63.2645576675458,-88.6001225142004,141,-13.2202083333333,0.835098482764943,131,"ice_full",NA
"2599",2005,-174.506712209569,63.2562674040926,-80.9361956745199,141,-7.89893194444444,0.806631300114548,127,"ice_full",NA
"2600",2005,-173.456282346591,63.232464165947,-80.8395230931492,125,-6.23968611111111,0.773716950986312,122,"ice_full","12"
"2601",2005,-172.42967305499,63.2759836521722,-58.8555083343921,133,-8.11222777777778,0.709080847537879,118,"ice_full","12"
"2602",2005,-171.530206624704,63.2247275138929,-37.7123706733824,117,-7.02974278841234,0.662022745006242,119,"ice_full","12"
"2603",2005,-170.601595612114,63.1756119067891,-22.6491945592385,133,-10.1931124295359,0.617980840603,151,"ice_full","12"
"2605",2005,-168.631457187554,63.1887568321412,-24.0570207316813,141,-22.9863067067695,0.820975146742725,142,"ice_full","12"
"2606",2005,-167.41171243183,63.2192810952317,-25.6166256658205,141,-27.1738569444444,0.844105386636637,141,"ice_full","14"
"2607",2005,-166.515338372145,63.1993156829055,-22.4723083240369,165,-38.0960166666667,0.835748300383717,141,"ice_free","14"
"2609",2005,-179.564569251632,63.7543487774142,-57.9138498807993,157,-39.7101375,0.872736185782557,154,"ice_full",NA
"2610",2005,-178.297700388148,63.7458402920415,-73.8290138275436,149,-41.8354847222222,0.853020650077161,150,"ice_full",NA
"2611",2005,-177.494792534964,63.7486996559182,-82.8520514670515,141,-29.6772222222222,0.803736031289911,146,"ice_full",NA
"2612",2005,-176.431546892439,63.7797592708043,-91.3630952380952,133,-20.8298847222222,0.8196057935884,136,"ice_full",NA
"2613",2005,-175.491199704861,63.7559459563327,-85.7151907001045,133,-16.9236166666667,0.807858679386457,129,"ice_full",NA
"2614",2005,-174.500850577359,63.7517567449437,-79.762333272846,133,-11.8902375,0.748583225945017,127,"ice_full",NA
"2615",2005,-173.412072265456,63.8146057906838,-67.8498052428326,133,-9.03588333333333,0.717915865384615,121,"ice_full",NA
"2616",2005,-172.473456809877,63.7405094520584,-52.4220769508517,133,-11.3371472222222,0.707367057790549,117,"ice_full","12"
"2617",2005,-171.650837245821,63.7764868546892,-26.7350952675246,133,-10.47395686752,0.701309784544159,134,"ice_full","12"
"2618",2005,-170.601485384055,63.8481360445599,-30.265854933513,125,-15.3930872082302,0.79294671900161,145,"ice_full","12"
"2619",2005,-169.561537942935,63.7813985953698,-28.9786324786325,149,-20.2734138888889,0.843986513261142,148,"ice_full","12"
"2620",2005,-168.513047680412,63.7650854956243,-28.8835910652921,149,-17.962575,0.841615384615385,147,"ice_full","14"
"2621",2005,-167.527882147898,63.7139255251733,-26.4067616212311,149,-19.5447347222222,0.866542473666327,139,"ice_full","14"
"2622",2005,-166.461366262781,63.7810298727539,-25.7471162427488,141,-29.8213583333333,0.838898201240231,139,"ice_full","14"
"2625",2005,-178.321743385918,64.2729460332416,-75.3911803293338,149,-33.7958361111111,0.798190324074074,155,"ice_full",NA
"2626",2005,-177.47566925375,64.2532336372286,-75.0238451200858,133,-23.6569194444444,0.715340962577161,150,"ice_full",NA
"2627",2005,-176.504653459587,64.2569891207884,-86.7511186688099,133,-19.9967569444444,0.770668385241302,129,"ice_full",NA
"2628",2005,-175.49976148743,64.2498833868502,-83.6853741496599,133,-19.6923916666667,0.705831006586483,127,"ice_full",NA
"2629",2005,-174.457476128972,64.2834782148667,-66.4587363462877,133,-14.2246652777778,0.638046881091618,125,"ice_full",NA
"2630",2005,-173.489346808367,64.1760730662511,-39.596691827426,125,-8.72299743276588,0.653728886452242,125,"ice_full",NA
"2631",2005,-172.504540449,64.2155460716537,-35.9334359994681,125,-11.7020024039539,0.704234525966184,122,"ice_full",NA
"2632",2005,-171.542874721297,64.2479803065225,-42.8487327616304,149,-10.2958069444444,0.78975987654321,120,"ice_free","12"
"2633",2005,-170.580844050569,64.2711763278167,-43.1087107259656,149,-11.8207736111111,0.762113595820591,139,"ice_full","12"
"2634",2005,-169.558703981842,64.2524713586348,-39.5983643714137,141,-13.4424527777778,0.808857106276631,143,"ice_full","12"
"2635",2005,-168.393200207346,64.3177211247494,-30.4276238512949,157,-12.1704305555556,0.808954172653257,146,"ice_full","14"
"2636",2005,-167.375668720623,64.3180920011792,-25.7381007881008,141,-15.7811,0.813160922496571,138,"ice_full","14"
"2645",2005,-176.416995892326,64.7979138458218,-58.9312627545731,133,-12.0444763888889,0.668764371141975,126,"ice_full",NA
"2648",2005,-172.112419957901,64.7141529274106,-27.9087657665039,157,-10.8224038480924,0.712186934349763,163,"ice_full",NA
"2649",2005,-171.543417596661,64.7731770434917,-39.7399204998645,149,-9.00507083333333,0.750886540687322,134,"ice_full",NA
"2650",2005,-170.549629763054,64.7560685407427,-47.5059553500576,149,-12.3107291666667,0.780725380754586,137,"ice_full","12"
"2651",2005,-169.637427639101,64.7269003854571,-47.2812924562746,149,-14.4189791666667,0.819881891352362,139,"ice_full","12"
"2652",2005,-168.412886227102,64.7624140467587,-32.5666652789617,149,-10.4483194444444,0.7671745068438,145,"ice_full","14"
"2653",2005,-167.408773721885,64.8079277443963,-22.1745624822332,149,-18.9045152777778,0.7290107628072,137,"ice_full","14"
"2661",2005,-171.46371749912,65.2347466687057,-32.2095038012178,149,-7.37719027777778,0.737535280257936,142,"ice_full",NA
"2662",2005,-170.53421889995,65.2438032979674,-39.2916212366841,149,-12.9169652777778,0.768146024464832,139,"ice_full",NA
"2663",2005,-169.534647280056,65.2779658766362,-47.0051947066802,165,-16.3847930555556,0.782507452079272,144,"ice_free",NA
"2664",2005,-168.422568748383,65.2659107916517,-48.2804675827182,165,-13.829975,0.719914098972922,149,"ice_full","14"
"2670",2005,-169.518339101489,65.7196912149508,-42.2946689481909,165,-19.0010847222222,0.783749630826948,146,"ice_full",NA
"2671",2005,-168.53388373535,65.6795189310759,-46.56439926348,165,-18.1391365675991,0.772928203703704,155,"ice_full","14"
"2675",2006,-165.460731533062,54.7505212614226,-170.414154975809,133,-8.37909444444444,0,0,"ice_free","16"
"2686",2006,-166.550572351942,55.2286741070643,-138.087251836699,133,-16.4413180555556,0,0,"ice_free","4"
"2687",2006,-165.500206797925,55.2554606800475,-117.461030206539,125,-13.5306555555556,0,0,"ice_free","4"
"2688",2006,-164.471943223478,55.2494471976196,-86.3664439860281,133,-11.0840055555556,0,0,"ice_free","1"
"2697",2006,-167.552454228744,55.7431040086648,-132.673161328625,141,-21.9358347222222,0,0,"ice_free","4"
"2698",2006,-166.522724846233,55.7629251836793,-126.974937741881,141,-19.5956361111111,0,0,"ice_free","4"
"2699",2006,-165.47415677639,55.7420760416383,-109.521296202366,157,-17.91325,0,0,"ice_free","4"
"2700",2006,-164.492318828852,55.7507459526116,-95.5829622481045,157,-19.5180597222222,0,0,"ice_free","3"
"2701",2006,-163.454181569862,55.7360762276865,-81.9967597939988,157,-22.6460708333333,0,0,"ice_free","1"
"2702",2006,-162.613072909192,55.7692863067787,-54.8261712201492,149,-14.6704436789151,0,0,"ice_free","1"
"2712",2006,-167.485408277386,56.250374918598,-127.218625175845,157,-22.3273611111111,0,0,"ice_free","4"
"2714",2006,-165.494425030612,56.2610622569554,-91.4438557050192,157,-18.7943472222222,0,0,"ice_free","3"
"2715",2006,-164.523349423582,56.2525622753551,-87.0494955114619,157,-26.5962680555556,0,0,"ice_free","3"
"2716",2006,-163.43082476336,56.2495338350823,-84.8610289315043,157,-32.7732236111111,0,0,"ice_free","3"
"2717",2006,-162.502522362945,56.2433407617594,-76.1079338379254,149,-23.3870333333333,0,0,"ice_free","1"
"2718",2006,-161.50204006442,56.2580703507839,-55.8117877920254,149,-17.1490486111111,0,0,"ice_free","1"
"2723",2006,-172.459627370036,56.7594151989382,-172.31332801104,165,-27.6397833333333,0,0,"ice_free","8"
"2724",2006,-171.486405123422,56.7297528747455,-137.021003610283,157,-29.7878763888889,0,0,"ice_free","8"
"2725",2006,-170.46239641519,56.7587758882086,-100.505912885636,157,-30.3391736111111,0,0,"ice_free","5"
"2726",2006,-169.441680925883,56.7374496075028,-72.4554605474939,157,-20.4611736111111,0,0,"ice_free","5"
"2727",2006,-168.516036120209,56.7569083801901,-93.4590685169859,157,-10.8033805555556,0,0,"ice_free","3"
"2728",2006,-167.44828519135,56.7442200066673,-92.4234525123456,157,-13.3068388888889,0,0,"ice_free","3"
"2729",2006,-166.49989627135,56.7551971178343,-81.1140047379523,157,-14.1887305555556,0.153512962962963,35,"ice_free","3"
"2730",2006,-165.437561467119,56.7551344516566,-75.2744608502915,157,-22.5491361111111,0.211783399470899,37,"ice_free","3"
"2731",2006,-164.560050869484,56.7360326013845,-73.6225927365226,157,-22.9628666666667,0.263253306878307,37,"ice_free","3"
"2732",2006,-163.491518777253,56.75096561242,-71.6695715351696,157,-33.4055666666667,0.230662698412698,37,"ice_free","3"
"2733",2006,-162.468959269448,56.7583507128125,-67.0204707917593,149,-25.5058888888889,0,0,"ice_free","3"
"2734",2006,-161.51423511934,56.7401057290824,-70.9675382147042,149,-28.6182652777778,0,0,"ice_free","3"
"2735",2006,-160.518217799963,56.7352429466557,-59.4541350907229,117,-34.818525,0,0,"ice_free","3"
"2740",2006,-172.497290103602,57.2672636710993,-135.091089794907,149,-28.6970208333333,0,0,"ice_free","8"
"2741",2006,-171.430731824623,57.2818691222004,-106.694001699599,149,-38.6065958333333,0,0,"ice_free","6"
"2742",2006,-170.566312319896,57.2626385724865,-65.0755581920303,149,-42.3721430555556,0.17952337962963,40,"ice_free","5"
"2743",2006,-169.404878811151,57.2143656868807,-67.2757288895058,149,-26.5066083333333,0.255392939814815,42,"ice_free","6"
"2744",2006,-168.48731823176,57.2207611188941,-76.4773060404855,149,-11.5346055555556,0.295288720538721,41,"ice_free","3"
"2745",2006,-167.517235224668,57.2331299242212,-72.8355399300504,149,-24.0384833333333,0.370641414141414,41,"ice_free","3"
"2746",2006,-166.540930928139,57.2449482283756,-74.4424425855454,149,-23.9162027777778,0.422506558641975,42,"ice_free","3"
"2747",2006,-165.543418825475,57.2506777603171,-71.0406033241396,149,-30.7082041666667,0.434825126262626,41,"ice_free","3"
"2748",2006,-164.466153057979,57.2499991432599,-66.2117111074512,141,-37.8330986111111,0.459439814814815,40,"ice_free","3"
"2749",2006,-163.499835503568,57.247519128517,-64.0047316441025,109,-50.4822972222222,0.126705285493827,90,"ice_full","3"
"2750",2006,-162.495285345079,57.2591973971077,-55.5296576570154,109,-58.6885875,0.123981064055859,91,"ice_full","2"
"2751",2006,-161.505874483502,57.2432064788271,-56.5797822201533,117,-53.6942680555556,0,0,"ice_free","3"
"2752",2006,-160.451125023249,57.2632094785534,-61.0506220372801,133,-40.8094652777778,0,0,"ice_free","3"
"2753",2006,-159.50655007836,57.2629796781289,-50.733943494019,93,-47.3676305555556,0.198315740740741,35,"ice_free","2"
"2757",2006,-172.483911026877,57.7774862504507,-128.929581637113,149,-22.8928152777778,0.187025925925926,40,"ice_free","8"
"2758",2006,-171.520157282781,57.719506460436,-90.351327071068,149,-32.1129319444444,0.306703125,42,"ice_free","6"
"2759",2006,-170.470230894343,57.7410792035485,-76.9271798833009,141,-43.1346194444444,0.0914827806122449,128,"ice_full","6"
"2760",2006,-169.452994775901,57.7254622376031,-67.8925371617369,141,-48.4855152777778,0.102516370752196,127,"ice_full","6"
"2761",2006,-168.455717718511,57.766254489941,-73.7072116793149,141,-29.4912055555556,0.529001851851852,45,"ice_free","6"
"2762",2006,-167.569311741033,57.739833712462,-63.7075405418925,141,-39.0256847222222,0.111510611735331,119,"ice_free","3"
"2763",2006,-166.519550822251,57.7532875740566,-61.985094984938,149,-44.7241027777778,0.124598798266351,124,"ice_free","3"
"2764",2006,-165.535883969814,57.7216828926167,-64.378480561275,141,-48.8728833333333,0.150163496376812,122,"ice_full","3"
"2765",2006,-164.51833547874,57.7240849993483,-49.0398344434152,125,-68.0600972222222,0.216688229669887,122,"ice_full","2"
"2766",2006,-163.551520836282,57.6978818890117,-51.5655908236991,101,-71.0793513888889,0.275785458754209,118,"ice_full","2"
"2767",2006,-162.455340971873,57.7214499719001,-47.0217821576706,117,-75.1205583333333,0.254191100823045,111,"ice_full","2"
"2768",2006,-161.498068654152,57.7486988800678,-39.4943232372311,117,-65.8645722222222,0.142075791517324,92,"ice_free","2"
"2769",2006,-160.469961938964,57.7516196478768,-47.571712775115,109,-51.0163027777778,0.14407388739546,92,"ice_full","3"
"2770",2006,-159.519362343533,57.7262955740102,-46.6131049233849,109,-59.3454027777778,0.271762987012987,107,"ice_full","2"
"2775",2006,-173.539803995074,58.234764556414,-125.102155083267,157,-19.9438486111111,0.272404927248677,44,"ice_free","8"
"2776",2006,-172.497987705241,58.2585879729488,-110.092515188985,141,-19.9534,0.0966016414141414,129,"ice_full","8"
"2777",2006,-171.611403070238,58.2452812279453,-100.930644481171,141,-32.5602152777778,0.144066635203164,133,"ice_full","6"
"2778",2006,-170.550175862451,58.2428290714829,-88.7120551483738,141,-47.3449333333333,0.186583978810541,134,"ice_full","6"
"2779",2006,-169.422878185749,58.2700796591077,-76.1367726576287,141,-58.1636861111111,0.218575177397023,137,"ice_full","6"
"2780",2006,-168.483208423086,58.2534650830612,-71.6798111870942,133,-48.8371097222222,0.22116401798433,134,"ice_full","6"
"2781",2006,-167.471125368828,58.2312423183102,-56.9110892936674,149,-55.9583777777778,0.251745876736111,126,"ice_free","6"
"2782",2006,-166.524652735753,58.240651427466,-52.6234638244728,149,-58.8978041666667,0.277710910652921,127,"ice_free","2"
"2783",2006,-165.563290427793,58.2709815218296,-48.0440218555814,141,-62.2663361111111,0.321165219907407,126,"ice_full","2"
"2784",2006,-164.584370671128,58.2100735659243,-43.111563710075,141,-78.5549986111111,0.400201563122262,123,"ice_full","2"
"2785",2006,-163.440174498116,58.269536000755,-36.6643656836945,141,-78.2712569444444,0.394889295889296,121,"ice_full","2"
"2786",2006,-162.516660388221,58.2353815149314,-39.2561538577082,117,-72.9905805555556,0.349635702614379,115,"ice_full","2"
"2797",2006,-173.530666640333,58.7656756434344,-120.935934384406,149,-24.1374111111111,0.140512540453074,133,"ice_full","8"
"2798",2006,-172.527059209629,58.7451451586282,-111.251695991155,141,-31.5374458333333,0.202180752096436,136,"ice_full","8"
"2799",2006,-171.627504155899,58.7189710933186,-88.9759952892183,141,-45.8396083333333,0.254205845448252,137,"ice_full","6"
"2800",2006,-170.332436591065,58.7785439779276,-95.7134485476672,141,-55.4907055555556,0.301388066805123,137,"ice_full","6"
"2801",2006,-169.515725409848,58.7075343827634,-89.2954931960934,141,-65.2199347222222,0.343334501557632,137,"ice_full","6"
"2802",2006,-168.504747241498,58.6809632792348,-60.4513497831237,141,-66.3897625,0.387007723260644,137,"ice_full","7"
"2804",2006,-166.568875715475,58.7148118253324,-43.313170191247,141,-63.6977138888889,0.467700496720679,126,"ice_full","7"
"2805",2006,-165.618459021226,58.6866864591084,-37.1738268966184,141,-64.0005902777778,0.487314308449074,126,"ice_full","2"
"2806",2006,-164.50887117212,58.7940374103015,-30.7094763422133,141,-67.0989819444444,0.490478713768116,122,"ice_full","2"
"2807",2006,-163.424428182936,58.7041074275596,-25.8094435770088,125,-69.7978486111111,0.461849094881398,119,"ice_full","2"
"2813",2006,-176.494082908821,59.2550392463109,-151.026909265928,141,-44.9306180555556,0.0673238268608414,133,"ice_full","8"
"2814",2006,-175.550287326328,59.2671137727585,-132.069104096765,141,-42.7916791666667,0.112637940917108,135,"ice_full","8"
"2815",2006,-174.487129579134,59.2309142825582,-116.390060262765,141,-33.4646902777778,0.160602266771488,136,"ice_full","8"
"2816",2006,-173.507577389357,59.2426814177887,-127.572317617131,141,-35.2151625,0.237378115264798,137,"ice_full","8"
"2817",2006,-172.509631203973,59.1886108395299,-97.1665249707448,141,-50.3788041666667,0.316476744684499,138,"ice_full","9"
"2818",2006,-171.695702590556,59.1610918042877,-63.2172131877705,141,-58.2592958333333,0.402718590723751,139,"ice_full","9"
"2819",2006,-170.363390168389,59.1593121178769,-69.1955796216931,141,-56.5769041666667,0.454091799554184,138,"ice_full","6"
"2820",2006,-169.541832662885,59.2277698121135,-59.8712441578986,141,-53.8422597222222,0.50369143081761,136,"ice_full","6"
"2821",2006,-168.621213018313,59.2010539523541,-47.2123272445315,141,-56.8235805555556,0.548297204915196,137,"ice_full","7"
"2822",2006,-167.480955540213,59.1921879679356,-41.4068445302709,141,-56.9048333333333,0.554007905310971,136,"ice_full","7"
"2823",2006,-166.466113969258,59.2479915573409,-32.4373734784031,141,-59.8312430555556,0.589919298245614,125,"ice_full","7"
"2824",2006,-165.440561543002,59.246946420132,-23.4686517391659,133,-56.2325722222222,0.575378728070175,125,"ice_full","7"
"2825",2006,-164.503338906088,59.2453196842463,-22.6930286806198,125,-60.6071180555556,0.531309933574879,122,"ice_full","2"
"2829",2006,-177.485431837073,59.7419135099468,-167.587679730065,141,-57.3293236111111,0.116442669753086,135,"ice_full","8"
"2830",2006,-176.547296233232,59.710457760576,-126.11581102611,141,-47.0501527777778,0.167243667016073,136,"ice_full","8"
"2831",2006,-175.482424447525,59.7261050001071,-125.403753314815,141,-48.7507833333333,0.217019297334718,137,"ice_full","8"
"2832",2006,-174.581522106922,59.7076610156275,-110.299066070493,141,-53.3629458333333,0.270809463132858,139,"ice_full","8"
"2833",2006,-173.577960286269,59.7170029685117,-99.1786064347362,141,-42.5422638888889,0.354487703873598,139,"ice_full","9"
"2834",2006,-172.609324100176,59.743147454952,-105.722619154653,141,-50.4321763888889,0.467289685518852,141,"ice_full","9"
"2835",2006,-171.678178701009,59.7356713563449,-75.5441103221159,149,-59.3927375,0.561475342190016,145,"ice_full","9"
"2836",2006,-170.409616839225,59.7508449897432,-59.1523479532164,141,-52.2425930555556,0.600346726190476,142,"ice_full","9"
"2837",2006,-169.367384501034,59.6831108234984,-54.8627277263562,141,-42.14465,0.637519032921811,138,"ice_full","7"
"2838",2006,-168.663231000398,59.6739595647444,-46.0673391812865,141,-52.1668902777778,0.642507786195286,140,"ice_full","7"
"2839",2006,-167.356485951941,59.7299203127551,-29.5697100604673,149,-59.7561583333333,0.614079250841751,140,"ice_full","7"
"2843",2006,-177.523193355317,60.2197229293745,-144.901222255359,141,-64.7229486111111,0.244155633437176,137,"ice_full","8"
"2844",2006,-176.500037905646,60.2428211767299,-138.425066986371,141,-55.1175986111111,0.293216027949246,138,"ice_full","8"
"2845",2006,-175.501324608658,60.2053252043746,-120.453872880343,141,-50.5140027777778,0.354020695293918,139,"ice_full","8"
"2846",2006,-174.646771717789,60.2532028588396,-102.00421624025,141,-52.3910472222222,0.440496569113757,142,"ice_full","8"
"2847",2006,-173.422348857003,60.2142966825415,-73.4668165989109,141,-41.5723625,0.527367798353909,147,"ice_full","9"
"2848",2006,-172.650912523284,60.1650279373712,-49.3734361788595,157,-34.231311252277,0.618490021008403,149,"ice_full","9"
"2849",2006,-171.674918288974,60.1924532423521,-61.5244325692476,157,-48.8297041666667,0.690535108024691,156,"ice_full","9"
"2850",2006,-170.374341443279,60.1788405257508,-65.4077622883008,149,-47.3289875,0.687430197982535,153,"ice_full","9"
"2851",2006,-169.465663270907,60.1393441656315,-48.1177604068415,149,-38.9101125,0.681856423611111,150,"ice_full","11"
"2852",2006,-168.421070106251,60.3062245139051,-39.297226022724,149,-50.4773569444444,0.711798812399356,145,"ice_full","11"
"2853",2006,-167.484104123599,60.2435200006009,-26.2640466150623,149,-61.5869043703624,0.684410628858025,150,"ice_full","11"
"2857",2006,-178.443275319909,60.7671831915048,-177.311975623583,141,-65.5847555555556,0.308940940366972,139,"ice_full","8"
"2858",2006,-177.535692012576,60.758298890339,-141.39594374056,141,-59.136525,0.385853624457791,141,"ice_full","8"
"2859",2006,-176.480670233013,60.7561410816384,-114.653456574675,141,-52.1493694444444,0.458518592171717,140,"ice_full","8"
"2860",2006,-175.567741983339,60.7198648736118,-101.047745017269,149,-44.9021152777778,0.545764674272487,142,"ice_full","8"
"2861",2006,-174.671786630795,60.6687735650399,-78.0985935691891,149,-39.7485458333333,0.625614911265432,150,"ice_full","9"
"2862",2006,-173.586044977164,60.7364533856621,-65.2887926204965,157,-26.7452083333333,0.697320717592593,150,"ice_full","9"
"2863",2006,-172.611614570801,60.7692147272749,-61.8660334097609,157,-28.1746767179636,0.742843611111111,155,"ice_full","9"
"2864",2006,-171.337889051437,60.8275586605072,-58.7708333333333,165,-48.8628083333333,0.778571154250842,162,"ice_full","9"
"2865",2006,-170.696279642733,60.7295624125168,-55.2795599151644,165,-46.8470708333333,0.757126554990105,161,"ice_full","9"
"2867",2006,-168.338229022622,60.6889530504935,-36.1488440512571,149,-43.2530972222222,0.73488597184583,153,"ice_full","11"
"2868",2006,-167.418171913006,60.7426825081271,-27.9106604077769,149,-54.1767527777778,0.71903736071877,148,"ice_full","11"
"2872",2006,-178.522655215892,61.196981616604,-164.919169990056,149,-61.8561652777778,0.480487268518519,148,"ice_full",NA
"2873",2006,-177.560371054472,61.2063150907921,-133.977369142262,149,-51.9889194444444,0.552266320417056,149,"ice_full","8"
"2874",2006,-176.548984440173,61.2274179297002,-113.796426197196,149,-44.0444152777778,0.641526036634461,145,"ice_full","8"
"2875",2006,-175.652956790261,61.21162328728,-84.0554067499025,149,-36.8784236111111,0.717589139987445,148,"ice_full","8"
"2876",2006,-174.419686961143,61.2644984685682,-71.7179081112567,149,-23.2599944444444,0.747230822794339,153,"ice_full","10"
"2877",2006,-173.549673371514,61.2862925863035,-65.0399426162532,149,-8.31879305555555,0.776454821200511,146,"ice_full","10"
"2878",2006,-172.495155464773,61.2619834156474,-51.1591693446281,149,-19.2140611111111,0.778488129400061,151,"ice_full","10"
"2879",2006,-171.611195470017,61.3038047525533,-65.7403216994895,157,-36.518375,0.802492341218171,158,"ice_full","10"
"2880",2006,-170.632087268233,61.28383115791,-48.3770363254179,157,-39.9277111111111,0.805203639909595,157,"ice_full","10"
"2881",2006,-169.479773018726,61.2502765875847,-43.8564914929541,157,-36.6951486111111,0.779013002748843,158,"ice_full","11"
"2883",2006,-167.437148062489,61.2154148140445,-24.9389454714577,149,-47.4731847222222,0.703486969832736,154,"ice_full","11"
"2886",2006,-178.59657524875,61.7292548888215,-134.051527862917,157,-51.9043527777778,0.694840725806452,154,"ice_full",NA
"2887",2006,-177.522096289682,61.7101257543927,-123.592098860412,157,-44.5253875,0.711695055555556,155,"ice_full",NA
"2888",2006,-176.414768186679,61.6863125925015,-105.663959812889,149,-33.805,0.761366732804233,149,"ice_full","8"
"2889",2006,-175.719203375491,61.6972866532714,-95.0279799565514,149,-26.3252708333333,0.804798924984306,148,"ice_full","10"
"2890",2006,-174.368160974201,61.7783791993673,-65.8904482259534,149,-11.3348291666667,0.808378671775223,146,"ice_full","10"
"2891",2006,-173.563673280462,61.7681266708284,-64.7078818217511,149,-3.55116527777778,0.854231616325063,133,"ice_full","10"
"2892",2006,-172.55039855501,61.7955589551995,-54.8923189887262,149,-10.1439125,0.765928707764782,144,"ice_full","10"
"2893",2006,-171.517623171461,61.8127750781765,-62.9506452187342,157,-16.4327680555556,0.766647198480532,147,"ice_full","10"
"2894",2006,-170.488541569643,61.7833890336272,-48.0112313706513,149,-23.9003208333333,0.804117810342122,148,"ice_full","10"
"2895",2006,-169.587321635359,61.8128209379706,-41.8771455144332,149,-32.0919722222222,0.81751971387371,152,"ice_full","11"
"2896",2006,-168.608792480386,61.7953594919802,-34.9615248787687,157,-35.4054722222222,0.80430614359319,154,"ice_full","11"
"2897",2006,-167.264860868053,61.7912706308992,-23.4624582835488,157,-40.0658513888889,0.720397229570841,156,"ice_full","11"
"2899",2006,-179.417176449221,62.2108126246072,-118.671078431373,157,-39.9672930555556,0.814026610477999,147,"ice_full",NA
"2900",2006,-178.563999925815,62.2540885637889,-135.401574359905,157,-38.6598180555556,0.829405638361939,153,"ice_full",NA
"2901",2006,-177.523280412407,62.1890589597148,-104.202231182796,157,-37.5402083333333,0.820978583406241,157,"ice_full",NA
"2902",2006,-176.459338825142,62.2348774640662,-96.1396333127762,149,-26.0060555555556,0.803935953703704,155,"ice_full",NA
"2903",2006,-175.498007464154,62.2327956728435,-83.4187661290994,149,-17.4373902777778,0.825599695314973,147,"ice_full","10"
"2904",2006,-174.449013548942,62.192667924355,-66.425786652788,149,-6.78894444444445,0.830495954287621,141,"ice_full","10"
"2905",2006,-173.443297976336,62.2301512734037,-58.5629091892044,141,-3.50603194444445,0.834740584935897,134,"ice_full","10"
"2906",2006,-172.501917881481,62.2464936258605,-49.2159895245971,141,-6.11535416666667,0.842863732993197,128,"ice_full","10"
"2907",2006,-171.509934235731,62.2660949782523,-46.8479607939887,141,-8.6751125,0.816442495748299,128,"ice_full","10"
"2908",2006,-170.519196607921,62.260755760735,-44.2588907351726,149,-15.2500263888889,0.764338659455916,143,"ice_full","10"
"2909",2006,-169.518213212176,62.2902419045718,-37.8062808679459,149,-26.1217222222222,0.820449275362319,145,"ice_full","10"
"2910",2006,-168.515549280158,62.2811069224575,-32.0858325062035,149,-30.7973236111111,0.83849339189617,147,"ice_full","11"
"2911",2006,-167.474885275823,62.3314305391243,-25.6004713612846,149,-36.5534763888889,0.751339194444444,155,"ice_full","11"
"2913",2006,-179.5,62.7499974568685,-106.597222222222,157,-35.2975375,0.854535749920179,146,"ice_full",NA
"2914",2006,-178.50441267288,62.7525651047297,-91.7588253382534,157,-34.2622805555556,0.881083215630885,148,"ice_full",NA
"2915",2006,-177.582557864228,62.7771935572919,-109.113875400296,157,-33.298875,0.864359304426378,153,"ice_full",NA
"2916",2006,-176.581331878489,62.7863397855043,-100.433766766886,165,-24.9555722222222,0.808636520241171,159,"ice_full",NA
"2917",2006,-175.404459329889,62.7624673701485,-87.6333976513469,149,-13.8183861111111,0.75941125328084,157,"ice_full",NA
"2918",2006,-174.492813287779,62.7517335544261,-80.820070251938,141,-9.28320277777778,0.835817044682297,139,"ice_full","10"
"2919",2006,-173.501240084023,62.7520769734086,-66.0694826007326,141,-6.98694583333333,0.821872034832452,135,"ice_full","10"
"2920",2006,-172.470639802656,62.7072157613233,-54.5634882478632,141,-6.95371805555556,0.798142292354236,131,"ice_full","10"
"2921",2006,-171.456387463316,62.7819519365637,-46.3457480294765,141,-7.96024305555556,0.761185091657314,129,"ice_full","10"
"2922",2006,-170.486676403255,62.7998109945977,-35.0031596710294,149,-13.4990430555556,0.710271915022499,137,"ice_full","10"
"2923",2006,-169.499088599785,62.7602198688566,-30.5486105318565,149,-22.1042092040412,0.776912316054894,142,"ice_full","10"
"2924",2006,-168.490132472702,62.7328285466405,-29.1641500251621,149,-27.8070152777778,0.838457286634461,145,"ice_full","11"
"2925",2006,-167.506442634143,62.7726678249412,-25.6024479638502,165,-34.1472680555556,0.77998980734767,154,"ice_full","11"
"2928",2006,-179.563404202461,63.2137199838956,-85.5205439814815,157,-29.5253777777778,0.862384708253512,146,"ice_full",NA
"2929",2006,-178.502693607831,63.2347196829439,-95.4025252525253,157,-33.9766375,0.885363102244193,148,"ice_full",NA
"2930",2006,-177.577579461961,63.2321403140113,-102.219444444444,157,-33.0926027777778,0.869982098765432,150,"ice_full",NA
"2931",2006,-176.463129541908,63.3018469596133,-92.8059687989045,157,-30.0824222222222,0.801899314597801,158,"ice_full",NA
"2932",2006,-175.489463811734,63.2853096861434,-86.5578592727631,165,-19.983125,0.722261351165981,165,"ice_full",NA
"2939",2006,-168.431375755947,63.2554273855105,-25.387425164154,149,-18.4624178178806,0.848014834943639,145,"ice_full","12"
"2940",2006,-167.543663230875,63.2500937649951,-26.1679563695766,165,-28.8275027777778,0.793837737127371,153,"ice_full","14"
"2941",2006,-166.425898168029,63.2444228049292,-22.4170974677597,165,-29.4405652777778,0.69946509693287,158,"ice_full","14"
"2943",2006,-179.464371609776,63.731467690769,-63.8232754981425,149,-26.3574638888889,0.882416686451409,147,"ice_full",NA
"2944",2006,-178.5,63.7499974568685,-71.7048611111111,149,-30.647325,0.881783447112367,148,"ice_full",NA
"2945",2006,-177.47643225193,63.7707005719344,-80.9079861111111,157,-31.2817708333333,0.847158207947531,150,"ice_full",NA
"2946",2006,-176.434967123858,63.7590440349241,-90.5546509710407,157,-33.6101625,0.794803343413979,154,"ice_full",NA
"2947",2006,-175.515362868703,63.7766947794234,-85.6242973273582,157,-27.8841375,0.718068513297132,163,"ice_full",NA
"2954",2006,-168.463975726269,63.735616073941,-28.5673520442307,141,-12.70445,0.872595517113095,142,"ice_full","14"
"2955",2006,-167.442986328904,63.7165046432443,-26.2938236531987,149,-19.0864013888889,0.793083945515764,151,"ice_full","14"
"2956",2006,-166.410214342398,63.7419694655314,-25.3795182004618,165,-21.9693791666667,0.700672761140046,158,"ice_full","13"
"2958",2006,-179.363141108288,64.26888603211,-56.4565290727266,149,-24.8137097222222,0.848277159315804,161,"ice_full",NA
"2959",2006,-178.53628129681,64.2820211147339,-71.4037025389922,149,-27.5791694444444,0.864783661265432,150,"ice_full",NA
"2960",2006,-177.465766839836,64.2686002232072,-75.1575150732127,149,-30.08685,0.796333400290787,151,"ice_full",NA
"2961",2006,-176.458709168026,64.2963522803135,-85.7988091845506,157,-33.0729027777778,0.72699989649202,153,"ice_full",NA
"2962",2006,-175.497942449378,64.2613321217131,-83.2644744148392,157,-31.0791277777778,0.662581893409157,157,"ice_full",NA
"2966",2006,-171.573987694275,64.2860486051707,-43.3315111082129,149,-22.8215708333333,0.683581884295713,157,"ice_full","12"
"2967",2006,-170.562819564985,64.3011376945293,-43.9283094966969,149,-19.2304611111111,0.732275250918858,161,"ice_full","12"
"2968",2006,-169.535692513623,64.2260332673968,-38.906122590278,149,-16.5172444444444,0.750308172678275,164,"ice_full","12"
"2969",2006,-168.471727425246,64.2534672327803,-31.2510417897006,141,-15.4866111111111,0.867721464274009,143,"ice_full","14"
"2970",2006,-167.528188413467,64.2685309739845,-25.8903200287064,149,-19.8538777777778,0.760244010416667,150,"ice_full","14"
"2977",2006,-178.423867989225,64.7224299537582,-65.1870786982945,157,-22.4483930555556,0.759726315083199,168,"ice_full",NA
"2978",2006,-177.508323646585,64.7128056319592,-55.2602357144642,157,-20.5387305555556,0.709204224978796,161,"ice_full",NA
"2979",2006,-176.420787490093,64.7421484709157,-61.7971436014467,157,-25.5493027777778,0.634267670342098,161,"ice_full",NA
"2980",2006,-175.596019855355,64.72507436601,-45.1618981249238,157,-30.391118120997,0.641666457811195,163,"ice_full",NA
"2982",2006,-172.128507983027,64.8546522220085,-40.3126036280006,157,-17.3284455147591,0.733338798868313,174,"ice_full",NA
"2983",2006,-171.572098175271,64.7548555654925,-40.0351648719609,141,-17.8650013888889,0.828814695829007,137,"ice_full",NA
"2984",2006,-170.581988470351,64.712459851546,-47.6187932769726,141,-19.4020486111111,0.875495110764971,137,"ice_full","12"
"2985",2006,-169.570833478655,64.7154735383533,-46.734126984127,165,-17.2103333333333,0.886624822739406,141,"ice_free","12"
"2986",2006,-168.408774293898,64.7592461112428,-32.5193019904652,149,-18.1264444444444,0.840087333495776,144,"ice_full","14"
"2987",2006,-167.436393291519,64.7297983847467,-23.0885920935457,149,-31.8897236111111,0.71633047542735,160,"ice_full","14"
"2996",2006,-170.580501365316,65.2697618097108,-38.7905310893129,149,-14.8752638888889,0.852082759938838,139,"ice_full",NA
"2997",2006,-169.540833333333,65.2730530293782,-46.2727777777778,141,-13.4529180555556,0.872067553323413,142,"ice_full",NA
"2998",2006,-168.383842450434,65.2816616583065,-48.0634945634288,149,-18.6227180555556,0.817786760050649,147,"ice_full","14"
"3004",2006,-169.666597355009,65.8172928801273,-38.7465909090909,157,-15.2115361111111,0.857629780595813,145,"ice_full",NA
"3005",2006,-168.564942578243,65.7565591106534,-46.4950853690125,149,-17.0818796231546,0.852455482858892,151,"ice_full",NA
"3009",2007,-165.439401065495,54.7752154890802,-160.530377193951,141,-72.6234,0,0,"ice_free","1"
"3020",2007,-166.438934353378,55.2544124721713,-135.159251042587,141,-68.2536444444444,0,0,"ice_free","4"
"3021",2007,-165.496621398375,55.2647949021787,-117.459912110976,117,-77.5498916666667,0,0,"ice_free","4"
"3022",2007,-164.451327802027,55.251002599939,-84.2376884879755,133,-80.2426861111111,0,0,"ice_free","1"
"3031",2007,-167.565353003401,55.7585650560725,-132.467796294164,141,-64.9228138888889,0,0,"ice_free","4"
"3032",2007,-166.4423649542,55.7331512655548,-126.537808231008,141,-69.2419902777778,0,0,"ice_free","4"
"3033",2007,-165.481442034826,55.7513935502286,-109.388760110822,141,-77.1200208333333,0,0,"ice_free","4"
"3034",2007,-164.497110979383,55.7568554215943,-95.7148905422687,141,-89.7857680555556,0,0,"ice_free","3"
"3035",2007,-163.477659890314,55.750609018339,-82.8964651516137,101,-95.2568694444444,0.0530022306397306,85,"ice_full","1"
"3036",2007,-162.631364129355,55.7747419868222,-56.2759911498889,101,-104.965270067804,0.16171266427718,92,"ice_full","1"
"3046",2007,-167.539805406473,56.2382062326679,-128.033968347189,141,-69.8133333333333,0,0,"ice_free","4"
"3047",2007,-166.503146063787,56.2704007148018,-108.48076238048,141,-75.4717333333333,0,0,"ice_free","4"
"3048",2007,-165.50321670126,56.2337532369169,-92.4890381159127,117,-88.3716041666667,0.0431485269360269,85,"ice_free","3"
"3049",2007,-164.504030105044,56.2277137322658,-87.5534816231028,109,-100.390643055556,0.101995488072819,89,"ice_full","3"
"3050",2007,-163.466702334208,56.1985525910443,-85.6673948792746,109,-108.925272222222,0.147402816358025,90,"ice_full","3"
"3051",2007,-162.524025032747,56.2475081745552,-76.240169939355,101,-104.840644444444,0.16147328476017,91,"ice_full","1"
"3052",2007,-161.45180676809,56.2714960942278,-54.9880759585458,101,-112.105229166667,0.152599234330484,95,"ice_full","1"
"3057",2007,-172.483077291696,56.7940278056599,-163.61945359444,149,-47.9328041666667,0,0,"ice_free","8"
"3058",2007,-171.490104642218,56.7442604930164,-142.943834939501,165,-54.1007930555556,0,0,"ice_free","8"
"3059",2007,-170.458833901485,56.7915510815068,-97.4042437414872,133,-69.7012569444445,0,0,"ice_free","5"
"3060",2007,-169.484219787298,56.7781822022165,-69.1415519269297,157,-75.2545763888889,0,0,"ice_free","5"
"3061",2007,-168.559843755871,56.7387767697479,-94.2716255700196,157,-78.6372694444444,0,0,"ice_free","3"
"3062",2007,-167.497052037502,56.7596429149841,-91.6823255700352,157,-88.3810055555556,0.0407938988095238,86,"ice_free","3"
"3063",2007,-166.534356066916,56.7118115399443,-83.7385756802356,109,-94.8333138888889,0.0960065521029504,89,"ice_full","3"
"3064",2007,-165.530325892068,56.7140652953938,-76.6172593312833,109,-97.8550388888889,0.148282986111111,90,"ice_full","3"
"3065",2007,-164.511427121323,56.7369946958944,-73.5425947667545,109,-100.950193055556,0.19052542562724,92,"ice_full","3"
"3066",2007,-163.458786545511,56.764318652919,-71.2457123195244,109,-108.840705555556,0.232594764957265,95,"ice_full","3"
"3067",2007,-162.492762751157,56.7357807175715,-68.0063667522213,109,-112.7148125,0.237694830246914,96,"ice_full","3"
"3068",2007,-161.459023607561,56.7431673938919,-70.3008586511734,101,-118.704445833333,0.166180733618234,95,"ice_full","3"
"3069",2007,-160.506422489433,56.773332416289,-61.6455219815967,101,-117.060955555556,0.163768703703704,105,"ice_full","3"
"3074",2007,-172.430065419594,57.2514545878072,-124.360347089266,149,-57.4811180555556,0,0,"ice_free","8"
"3075",2007,-171.476388731319,57.283322133775,-108.823751587456,133,-79.9680888888889,0.0465052083333333,86,"ice_free","6"
"3076",2007,-170.531974940945,57.2216060573828,-61.8193552819884,149,-85.0798166666667,0.121969110503947,91,"ice_free","5"
"3077",2007,-169.524919933283,57.1961291240427,-63.4314362520184,125,-99.2480319444444,0.159940038829152,92,"ice_free","5"
"3078",2007,-168.481473124457,57.2361442220125,-76.575939111533,109,-102.039779166667,0.165082250597372,92,"ice_full","3"
"3079",2007,-167.49804249619,57.2260685780009,-71.5865284886796,157,-99.6959833333333,0.168935707885305,92,"ice_free","3"
"3080",2007,-166.587923517368,57.2347404232123,-74.1591275829187,109,-95.6924875,0.191496639784946,92,"ice_full","3"
"3081",2007,-165.499492670143,57.2728877633569,-68.897172130964,109,-93.9525097222222,0.23301587818287,94,"ice_full","3"
"3082",2007,-164.55330992961,57.2248816884101,-68.2130169833013,109,-95.7769527777778,0.268722123015873,100,"ice_full","3"
"3083",2007,-163.455062011946,57.2212308085263,-63.603597041966,109,-97.7712902777778,0.31348864789447,103,"ice_full","3"
"3084",2007,-162.505151113751,57.2144797929973,-56.4174939982413,109,-100.7198375,0.311208870101986,99,"ice_full","3"
"3085",2007,-161.455505473616,57.2176462528075,-56.8737298119731,109,-117.180726388889,0.250968028717123,99,"ice_full","3"
"3086",2007,-160.518064418335,57.2168192298056,-60.9792578578129,117,-118.631861111111,0.239347740009747,106,"ice_full","3"
"3087",2007,-159.509867657389,57.2472581083481,-50.4660668337153,117,-120.673672222222,0.358717744157848,114,"ice_full","2"
"3091",2007,-172.482996828396,57.7250454022678,-121.858833986072,117,-71.9377111111111,0.0478412524366472,87,"ice_free","8"
"3092",2007,-171.532672201765,57.6895952975607,-98.4474655987532,133,-88.3208833333333,0.157710296530708,109,"ice_free","6"
"3093",2007,-170.607964539096,57.7308776506438,-78.8504494715733,133,-86.9584736111111,0.240570968120019,109,"ice_free","6"
"3094",2007,-169.522028553004,57.7359607291373,-67.9812156563548,133,-93.2627722222222,0.26685486428209,103,"ice_free","6"
"3095",2007,-168.459147177817,57.7336710134234,-75.128963635213,157,-95.6740180555556,0.280267663817664,95,"ice_free","6"
"3096",2007,-167.562571075503,57.6911801943317,-64.1841952625845,109,-87.5163791666667,0.279051907968575,96,"ice_full","3"
"3097",2007,-166.557215873505,57.7566880165442,-60.0292258329004,109,-82.4296236111111,0.283851610005528,97,"ice_full","3"
"3098",2007,-165.496328395642,57.7176551663112,-63.8810542570915,109,-75.6954180555556,0.316421654929577,101,"ice_full","3"
"3099",2007,-164.513333977809,57.7316692934751,-47.5840111216956,109,-72.8491944444444,0.34878932014206,103,"ice_full","2"
"3100",2007,-163.442367788775,57.7490086782965,-49.2400814783139,109,-75.7705319444444,0.381433734567901,105,"ice_full","2"
"3101",2007,-162.497129865332,57.776080324022,-46.2041245428144,109,-82.7980236111111,0.376649543378995,103,"ice_full","2"
"3102",2007,-161.416682595102,57.7661520190716,-38.7169299354451,117,-94.3229055555556,0.326942415017758,103,"ice_full","2"
"3103",2007,-160.518324950699,57.734113871946,-48.8944799539025,117,-102.605295833333,0.33746354899203,109,"ice_full","3"
"3104",2007,-159.583014255433,57.7255108426779,-49.4738673828405,133,-99.5390138888889,0.422495563271605,114,"ice_full","2"
"3109",2007,-173.477554078211,58.2403365341275,-126.599615562812,133,-57.1289527777778,0.0393109567901235,120,"ice_full","8"
"3110",2007,-172.498668048962,58.2438554966346,-114.245142856441,109,-76.7322541666667,0.166256772064618,124,"ice_full","8"
"3111",2007,-171.519970495846,58.2333167919865,-97.6743767742833,141,-79.9716041666667,0.256191313932981,135,"ice_full","6"
"3112",2007,-170.612148484021,58.2555467355202,-88.8021393264144,125,-76.8689611111111,0.323221522394488,116,"ice_full","6"
"3113",2007,-169.442578907186,58.2150136389391,-78.9115537863947,157,-80.2887902777778,0.347315914351852,110,"ice_free","6"
"3114",2007,-168.562830894201,58.2433757640829,-73.1704889284713,141,-76.8808597222222,0.364532293296818,101,"ice_free","6"
"3115",2007,-167.451739492666,58.2511843351296,-58.0968298206787,109,-64.8373708333333,0.358408275462963,110,"ice_full","6"
"3116",2007,-166.539332234762,58.2486616026032,-51.6527768523305,109,-57.5617625,0.379251296296296,105,"ice_full","2"
"3117",2007,-165.491330180624,58.269360312042,-47.1583295111417,109,-52.9358152777778,0.415029256687243,102,"ice_full","2"
"3118",2007,-164.476556902853,58.2498704800347,-41.9262794650919,109,-54.0537138888889,0.423636349022634,102,"ice_full","2"
"3119",2007,-163.483867478423,58.2568129937636,-37.2542907062821,109,-54.0903541666667,0.423279268138001,103,"ice_full","2"
"3120",2007,-162.403958382531,58.2529237456825,-40.4176369391825,109,-54.0637055555556,0.41564085005144,102,"ice_full","2"
"3132",2007,-172.536558403305,58.7453488540827,-103.305766313088,149,-74.8293208333333,0.288106421095008,145,"ice_full","8"
"3133",2007,-171.516807363679,58.6594204924376,-87.4123605227215,149,-79.9020388888889,0.386463358657803,147,"ice_full","6"
"3135",2007,-169.45578301021,58.7378282907918,-81.2122431146654,125,-67.9409069444444,0.398236264644747,128,"ice_full","6"
"3136",2007,-168.458831344643,58.7381920758712,-57.7680430020396,141,-55.8206305555556,0.411312224426808,114,"ice_free","7"
"3137",2007,-167.595782246172,58.7061659160289,-48.3828936305513,117,-46.9000430555556,0.452242912665752,111,"ice_full","7"
"3138",2007,-166.478375602651,58.7379758223812,-42.4718962958276,109,-40.3483041666667,0.475075557929725,108,"ice_full","7"
"3139",2007,-165.500741841047,58.7510736411256,-34.9555279402244,109,-37.2191319444444,0.489234842719432,103,"ice_full","2"
"3140",2007,-164.47781262585,58.7626603447106,-31.3507469525501,109,-31.7194333333333,0.475773767605634,101,"ice_full","2"
"3141",2007,-163.428426666613,58.7574749367631,-24.6341971949365,109,-30.5652097222222,0.456184141888367,101,"ice_full","2"
"3147",2007,-176.432247211516,59.2909489433726,-146.053260651334,141,-0.411972222222222,0,0,"ice_free","8"
"3148",2007,-175.520928048994,59.2195815243564,-131.508238491585,133,-11.1191791666667,0.0644937801932367,145,"ice_full","8"
"3155",2007,-168.396867011143,59.2182644541453,-47.0254385345033,117,-49.1412888888889,0.493354017323775,123,"ice_full","7"
"3156",2007,-167.483463532092,59.2746290740182,-40.2148357253019,117,-39.1155277777778,0.50859068287037,110,"ice_full","7"
"3157",2007,-166.545926377013,59.3235698725449,-31.3056509015668,109,-31.5866597222222,0.510278891233005,109,"ice_full","7"
"3158",2007,-165.479472924827,59.2719343064203,-23.3241326247981,101,-25.3961486111111,0.527784049674675,104,"ice_full","7"
"3159",2007,-164.495089558279,59.2546654807566,-22.5527533779794,109,-16.6332291666667,0.526837159207819,102,"ice_full","2"
"3163",2007,-177.367299712316,59.7543617924916,-156.894803992461,133,-0.0806430555555553,0.057105176319937,124,"ice_full","8"
"3164",2007,-176.42663584103,59.7054839727198,-125.849574496099,133,-17.956125,0.115165189125295,124,"ice_full","8"
"3165",2007,-175.641823822378,59.733023880546,-122.979394870001,133,-42.1655402777778,0.216350694444444,144,"ice_full","8"
"3166",2007,-174.496179565672,59.7434169714348,-111.950563337503,157,-62.4950291666667,0.328399109384809,148,"ice_full","8"
"3168",2007,-172.577721733525,59.8101206260074,-98.5123790120008,149,-70.8435305555556,0.569581771303824,153,"ice_full","9"
"3169",2007,-171.386066861652,59.8390605487894,-70.673222883036,149,-67.4556194444445,0.608313093051729,151,"ice_full","9"
"3170",2007,-170.535284409758,59.7592828931704,-69.1162596766849,149,-67.6824194444444,0.611229176475204,148,"ice_full","9"
"3171",2007,-169.353370270831,59.7791438598272,-51.1951972789116,149,-57.0126361111111,0.597007830112721,145,"ice_full","11"
"3172",2007,-168.490258398918,59.7854733098029,-43.9700516790002,141,-43.7788694444444,0.553667680776014,135,"ice_full","7"
"3173",2007,-167.448272934219,59.7554542722381,-30.2448449265409,141,-32.7491097222222,0.560766098484848,118,"ice_free","7"
"3177",2007,-177.524381624558,60.2398731319085,-144.153565954556,133,-24.7160041666667,0.172169825424383,126,"ice_full","8"
"3178",2007,-176.527403105487,60.223692495151,-142.337925783485,133,-39.5312444444444,0.280347222222222,142,"ice_full","8"
"3180",2007,-174.58362953418,60.2479239836301,-102.070777121463,157,-55.0882694444444,0.537223650051921,137,"ice_full","9"
"3181",2007,-173.584032826034,60.2169859254468,-77.096220623914,157,-45.6759041666667,0.560208865115115,141,"ice_full","9"
"3182",2007,-172.498501247112,60.2420503049193,-38.1056716061707,149,-44.6867279189436,0.692322131642512,145,"ice_full","9"
"3183",2007,-171.578614608874,60.3221205200792,-53.2724737432108,149,-49.1651555555556,0.745987942834138,145,"ice_full","9"
"3184",2007,-170.53442528727,60.3026985924836,-60.8913399820938,149,-52.5029458333333,0.720446427133655,145,"ice_full","9"
"3186",2007,-168.405880701855,60.2336589443851,-39.6562392513966,133,-36.6068708333333,0.640013066805123,137,"ice_full","11"
"3187",2007,-167.553277395797,60.2822821532616,-29.0896256325232,165,-25.3033627036957,0.631705469644903,127,"ice_free","11"
"3191",2007,-178.500782567158,60.823661050945,-169.70114540929,133,-23.0786444444444,0.188964156166476,127,"ice_full","8"
"3194",2007,-175.57001753564,60.732581620094,-96.5034218412,133,-39.2584694444444,0.630686888539483,136,"ice_full","8"
"3195",2007,-174.513441087077,60.7133726406353,-79.3682405532117,133,-41.15365,0.717301014957265,134,"ice_full","9"
"3196",2007,-173.632458899868,60.7827210449354,-61.1226592855173,133,-35.3963888888889,0.744218209876543,135,"ice_full","9"
"3197",2007,-172.386061607521,60.7960537609543,-58.7410002475077,141,-32.9205794957414,0.80804138803155,138,"ice_full","9"
"3198",2007,-171.557876181512,60.7686000890438,-60.8849725862149,141,-37.5499958333333,0.818591626316684,139,"ice_full","9"
"3199",2007,-170.461549010831,60.7481567592322,-53.1701510439183,141,-38.6067236111111,0.784435039205873,141,"ice_full","9"
"3200",2007,-169.518962587567,60.7567999707729,-45.0620978503126,141,-36.661025,0.767522451655195,143,"ice_full","11"
"3201",2007,-168.379502755146,60.7077735094039,-36.5793241206797,141,-30.5298680555556,0.697310871435595,143,"ice_full","11"
"3202",2007,-167.44604800857,60.7630564588366,-28.0049155848161,117,-22.03085,0.673660133744856,120,"ice_full","11"
"3206",2007,-178.44984730477,61.2102623694542,-162.017216282753,133,-29.7237347222222,0.387398602033406,132,"ice_full",NA
"3208",2007,-176.713320063371,61.1770479687715,-115.690978275256,149,-30.2189638888889,0.648761868502274,144,"ice_full","8"
"3210",2007,-174.429440719683,61.2395418721119,-77.3639324091984,133,-32.8163138888889,0.73661326764799,147,"ice_full","10"
"3211",2007,-173.540715335441,61.2201387607391,-65.7937349910689,133,-27.1037583333333,0.765845641121032,142,"ice_full","10"
"3212",2007,-172.428889388881,61.2365399135471,-52.1366379033676,133,-26.0471513888889,0.830608335580726,133,"ice_full","10"
"3213",2007,-171.536176051336,61.2470194224007,-64.8074024425244,133,-26.6321944444444,0.830130528586839,133,"ice_full","10"
"3214",2007,-170.495217952566,61.2858358042772,-48.1615614144003,133,-26.2767388888889,0.802768972827968,137,"ice_full","10"
"3215",2007,-169.546208534596,61.2318831685111,-44.2658947395888,141,-30.0165722222222,0.783985834562439,143,"ice_full","11"
"3216",2007,-168.506034743284,61.1780301485782,-35.8404170281908,149,-31.6038430555556,0.720293344907407,150,"ice_full","11"
"3226",2007,-172.412036654458,61.802248899295,-53.9517961019889,133,-19.7934611111111,0.813326583700037,131,"ice_full","10"
"3227",2007,-171.478125895591,61.7701637655314,-62.0873540599051,133,-18.5908236111111,0.80609294332211,129,"ice_full","10"
"3228",2007,-170.521090079217,61.7458303506726,-48.96438759598,133,-16.8256680555556,0.800735127314815,130,"ice_full","10"
"3229",2007,-169.620226340627,61.7805640979183,-42.3085928274749,133,-18.0021458333333,0.785171381243629,139,"ice_full","11"
"3230",2007,-168.469498429383,61.7973280299254,-33.6780160037677,149,-30.6830763888889,0.73475601472374,152,"ice_full","11"
"3231",2007,-167.426128637766,61.6816788183542,-24.6555101213486,149,-28.0813027777778,0.660594051509493,149,"ice_full","11"
"3233",2007,-179.581852453687,62.2413467738367,-119.552498129739,141,-22.8493416666667,0.699422032828283,140,"ice_full",NA
"3234",2007,-178.539457066976,62.2363422344406,-134.550922953451,149,-22.0155472222222,0.759976196329072,143,"ice_full",NA
"3236",2007,-176.514214433175,62.3025467824193,-97.2909601019895,149,-20.9353958333333,0.803172542735043,147,"ice_full",NA
"3238",2007,-174.512877052082,62.2262753745684,-68.2085588698298,141,-19.8235972222222,0.818342541379875,143,"ice_full","10"
"3239",2007,-173.514949681082,62.2331382485616,-57.1671757249146,141,-15.7675597222222,0.790496878185525,139,"ice_full","10"
"3240",2007,-172.420634572374,62.212347623493,-46.7630832905039,133,-10.8755625,0.780978395061728,132,"ice_full","10"
"3241",2007,-171.448471071281,62.2778987677822,-46.8492621278766,125,-9.61827222222222,0.792164824771008,123,"ice_full","10"
"3242",2007,-170.527730183,62.2682369438607,-44.2184312062234,133,-10.4123875,0.782440972222222,122,"ice_full","10"
"3243",2007,-169.524281495124,62.2752231636033,-38.1224696614135,133,-10.9379027777778,0.778565740740741,130,"ice_full","10"
"3244",2007,-168.519797276051,62.3293111064766,-31.8794107391911,149,-18.6099972222222,0.730831200260178,151,"ice_full","11"
"3245",2007,-167.418152501299,62.2292387763287,-24.9041251026913,149,-36.9814277777778,0.715350865209472,152,"ice_full","11"
"3247",2007,-179.578175108737,62.755296945886,-108.394966748228,141,-10.6574333333333,0.775104888718994,139,"ice_full",NA
"3248",2007,-178.533059494749,62.7579187178231,-91.3042057076034,141,-17.8223847222222,0.807386563831531,143,"ice_full",NA
"3249",2007,-177.582227001219,62.7700888556625,-109.48005977716,149,-19.0824513888889,0.825319365305476,147,"ice_full",NA
"3252",2007,-174.345696425982,62.8190981674398,-77.5250262834029,141,-8.64007777777778,0.76604222972973,141,"ice_full","10"
"3253",2007,-173.518834700492,62.7691000708391,-64.9164447540222,125,-3.85836944444444,0.740218587746625,137,"ice_full","10"
"3254",2007,-172.427629241385,62.7844694214768,-55.7694347559078,125,-4.66607916666667,0.759284006300115,127,"ice_full","10"
"3255",2007,-171.513383149829,62.7586044922832,-46.1126090342679,133,-7.44934027777778,0.746907953599667,119,"ice_full","10"
"3256",2007,-170.449461360385,62.7448203123022,-35.9845683297482,141,-10.5300847222222,0.71255876473064,118,"ice_free","10"
"3257",2007,-169.548827715651,62.7653503464863,-29.8290436859057,141,-15.7745911484857,0.646640289961014,144,"ice_full","10"
"3258",2007,-168.596922064676,62.7639615686306,-29.7430692926285,157,-21.1887513888889,0.732071581914576,154,"ice_full","11"
"3259",2007,-167.621608397128,62.7649198789879,-26.2981947984293,157,-37.7067125,0.757834602747909,154,"ice_full","11"
"3262",2007,-179.558446680868,63.250750079874,-82.946866245654,165,12.7995875,0.847333492193174,132,"ice_free",NA
"3263",2007,-178.551794625477,63.2569564598704,-93.9528082034932,141,-2.26667222222222,0.812041916916917,141,"ice_full",NA
"3264",2007,-177.462446751388,63.2752571467151,-102.033498588333,149,-11.8720472222222,0.823881099033816,145,"ice_full",NA
"3269",2007,-172.407835130612,63.2429588625752,-58.7944093493156,133,-6.13806111111111,0.589180673258004,148,"ice_full","12"
"3270",2007,-171.501010864234,63.2090115428375,-37.7268175919744,149,-7.88991639952345,0.577601475941754,147,"ice_full","12"
"3271",2007,-170.537644530631,63.1650781055892,-22.7690251288908,149,-11.6439804850915,0.634770189292115,154,"ice_full","12"
"3273",2007,-168.64912132215,63.2330984925404,-25.8680539771267,157,-18.1524525401028,0.797167697634609,149,"ice_full","12"
"3274",2007,-167.434867516729,63.2876570873822,-25.8839297711323,149,-26.6993083333333,0.793064933523267,147,"ice_full","14"
"3275",2007,-166.441449676832,63.2898363941918,-22.8537980868338,141,-26.7783430555556,0.749350141808475,141,"ice_full","14"
"3277",2007,-179.506845022148,63.7525588238865,-61.0573414144635,133,24.1177097222222,0.864529431216931,135,"ice_full",NA
"3278",2007,-178.528739479404,63.7644215846605,-70.9050396496445,165,9.68854305555555,0.819870803046037,137,"ice_free",NA
"3279",2007,-177.549536559465,63.8044936433399,-78.1091065145361,149,-5.13225694444445,0.774245513765978,143,"ice_full",NA
"3280",2007,-176.551318365923,63.7982319821085,-89.9593420862967,149,-10.2588083333333,0.753957067109845,147,"ice_full",NA
"3284",2007,-172.483190905892,63.8073029057,-52.3782323856361,141,-6.48159166666667,0.562077187807276,143,"ice_full","12"
"3285",2007,-171.581223561982,63.848906220366,-28.528478268594,141,-5.59972075640891,0.75049986310235,123,"ice_full","12"
"3286",2007,-170.520212321746,63.8410505270847,-31.3724711529508,149,-1.80471915267461,0.806018160557465,127,"ice_free","12"
"3287",2007,-169.495797746273,63.7750077091821,-28.5179456121483,133,-5.20188611111111,0.811124228395062,135,"ice_full","12"
"3288",2007,-168.556910938824,63.740709764641,-28.8754086472637,133,-4.88149861111111,0.842237172952769,139,"ice_full","14"
"3289",2007,-167.482688777028,63.7540541788192,-26.3362968086873,141,-4.32869305555556,0.824202599879973,138,"ice_full","14"
"3290",2007,-166.471325528491,63.7829930336921,-25.7406135531136,141,6.24194027777778,0.743136639587701,136,"ice_full","14"
"3292",2007,-179.455735703543,64.2116871482379,-55.2621501109404,141,18.1060125,0.849584387400794,142,"ice_full",NA
"3293",2007,-178.453266279148,64.2194514839575,-74.0184265785394,157,11.3764902777778,0.782968051384718,141,"ice_full",NA
"3294",2007,-177.502524547359,64.2339293365025,-73.4890967898472,165,5.58436527777778,0.71268855313647,141,"ice_free",NA
"3298",2007,-173.541580352794,64.1857859767772,-38.8680011083316,149,-0.586712710543663,0.595727710262346,150,"ice_full",NA
"3299",2007,-172.445956375941,64.2257330643921,-34.4416161479456,125,-1.10964129284279,0.700689777073269,122,"ice_full",NA
"3300",2007,-171.561314937637,64.2494784570397,-43.1545797500511,149,0.9755125,0.755861797924298,121,"ice_free","12"
"3301",2007,-170.496514925192,64.2488447766306,-43.0827770919677,149,1.70321944444444,0.816495481185973,124,"ice_free","12"
"3302",2007,-169.514849940162,64.2468952073925,-39.1901977776915,149,3.55178333333333,0.856227197880871,127,"ice_free","12"
"3303",2007,-168.507624097696,64.2482279317439,-31.557821403197,133,3.54679166666667,0.831408652998236,135,"ice_full","14"
"3304",2007,-167.407797874192,64.2949121978564,-25.7792244077662,141,14.2097680555556,0.757320317959469,136,"ice_full","14"
"3314",2007,-175.46636013317,64.7027011783797,-47.2998302629492,149,6.15665965678074,0.616879874284854,153,"ice_full",NA
"3316",2007,-172.115772765867,64.7613198268882,-31.0478607452238,141,5.13697115190756,0.724398772780717,156,"ice_full",NA
"3317",2007,-171.557349181535,64.7765855068946,-39.4353770087592,125,8.82381805555556,0.828199577294686,122,"ice_full",NA
"3318",2007,-170.498792273164,64.7499758915872,-47.9186076604555,149,5.02722222222222,0.840518013691883,124,"ice_free","12"
"3319",2007,-169.500678810892,64.7516284688118,-46.7752179128602,149,5.87657638888889,0.843498424971363,127,"ice_free","14"
"3320",2007,-168.501074770675,64.7567172753344,-33.6479073177452,141,7.06543055555556,0.777189065255732,135,"ice_full","14"
"3321",2007,-167.448195632285,64.7544623378272,-22.7997028149382,141,6.28024166666667,0.69411803371768,136,"ice_full","14"
"3323",2007,-179.286719159419,65.275119420974,-45.4872315879221,165,2.6176821242217,0.762807490596065,158,"ice_full",NA
"3329",2007,-171.587573031263,65.214245045327,-31.0673361745036,149,14.6708652777778,0.806243294196258,127,"ice_free",NA
"3330",2007,-170.534402445743,65.2769986537465,-38.5184347587719,149,12.1992152777778,0.820424463937622,125,"ice_free",NA
"3331",2007,-169.531062467122,65.2414594581829,-46.6756711032339,149,8.96024166666667,0.814337553778526,129,"ice_full","14"
"3332",2007,-168.445370048827,65.2356280686393,-47.4176879213253,141,5.43214305555556,0.748933930425753,137,"ice_full","14"
"3337",2007,-170.331148292122,65.69461362954,-31.5509250390335,149,17.8451451389639,0.775302704291593,135,"ice_full",NA
"3338",2007,-169.601102279725,65.7544581188374,-40.4523423983938,149,12.5435680555556,0.794154650054466,132,"ice_full",NA
"3339",2007,-168.557272465,65.7522807593926,-44.7503886432713,149,1.28124537684538,0.762017600574713,146,"ice_full",NA
"3343",2008,-165.443785089286,54.7496626106561,-162.74141391015,141,-78.0848930555556,0,0,"ice_free","16"
"3354",2008,-166.474925978229,55.2548320258011,-135.780854390861,149,-82.3059013888889,0,0,"ice_free","4"
"3355",2008,-165.481107287783,55.2558007096512,-117.239089774126,133,-88.6527041666667,0,0,"ice_free","4"
"3356",2008,-164.603044056711,55.246347117692,-91.5650348254253,125,-96.8323388888889,0,0,"ice_free","1"
"3365",2008,-167.515609532844,55.7535371272891,-132.747664577075,133,-94.5238208333333,0,0,"ice_free","4"
"3366",2008,-166.52651525484,55.7526982408937,-127.685040696807,133,-97.9669555555556,0,0,"ice_free","4"
"3367",2008,-165.429454504002,55.748878030203,-108.529124888894,133,-113.637034722222,0,0,"ice_free","4"
"3368",2008,-164.54614808546,55.7332851287913,-96.544587558351,125,-108.024969444444,0,0,"ice_free","3"
"3369",2008,-163.504631190938,55.7678058432214,-84.7522547445677,125,-97.6673902777778,0,0,"ice_free","1"
"3370",2008,-162.605209238452,55.8040025304307,-59.2408157284369,101,-114.019957567804,0.0442050815696649,93,"ice_full","1"
"3380",2008,-167.492065976747,56.2469137222352,-125.837582817645,133,-124.502152777778,0.0828169487847222,94,"ice_free","4"
"3381",2008,-166.463432964903,56.2860242669065,-106.632793791086,133,-132.152497222222,0.12520044849537,94,"ice_free","3"
"3382",2008,-165.441294852502,56.2360118309401,-91.7430119482523,133,-138.782090277778,0.123950338319088,95,"ice_free","3"
"3383",2008,-164.486248202169,56.2546131902018,-86.7423293049843,117,-130.6919625,0.0929803602430556,94,"ice_free","3"
"3384",2008,-163.429467255498,56.2246009841278,-85.1986488492518,125,-128.4593,0.0875122432002315,94,"ice_free","3"
"3385",2008,-162.470392131182,56.2695742071441,-76.1651995162465,109,-138.897033333333,0.100618518518519,95,"ice_full","1"
"3386",2008,-161.511843441346,56.255770090083,-56.4899428209281,101,-140.034395833333,0.111818425234936,97,"ice_full","1"
"3391",2008,-172.547608937344,56.7726494441129,-181.945909631074,157,-82.1752347222222,0.0229714015151515,85,"ice_free","8"
"3392",2008,-171.478657519673,56.7316188828025,-139.098290396263,141,-94.6702375,0.0623395683990442,92,"ice_free","8"
"3393",2008,-170.513340946018,56.7414296917189,-102.30199846403,133,-106.7711875,0.0911039677372685,94,"ice_free","5"
"3394",2008,-169.469707302821,56.7227337843993,-70.8723798529436,133,-111.912284722222,0.164391898148148,95,"ice_free","5"
"3395",2008,-168.438226983338,56.7218391132648,-94.9703658234506,133,-130.051575,0.15275560619213,94,"ice_free","3"
"3396",2008,-167.500288631182,56.7280613082193,-93.4208631461308,133,-138.838054166667,0.261603184624018,96,"ice_free","3"
"3397",2008,-166.529620065322,56.7521256342038,-81.7582842501305,133,-139.884459722222,0.350373536220044,98,"ice_free","3"
"3398",2008,-165.462833711962,56.7120572058442,-75.965589345495,125,-138.637781944444,0.358893567423057,101,"ice_free","3"
"3399",2008,-164.556190105156,56.7157977172298,-74.0032016367798,125,-134.733352777778,0.306315639269406,103,"ice_free","3"
"3400",2008,-163.505725589307,56.7232173459964,-72.7922078287887,117,-137.461122222222,0.301157572751323,100,"ice_full","3"
"3401",2008,-162.459837820987,56.7238018440825,-68.0235627077183,101,-143.000923611111,0.262612070540936,106,"ice_full","3"
"3402",2008,-161.442281398313,56.7431378900954,-72.4498353458882,109,-153.688473611111,0.18487762345679,105,"ice_full","3"
"3403",2008,-160.543482475881,56.7368866183903,-59.3754380774189,117,-152.113108333333,0.201595343314093,107,"ice_full","3"
"3408",2008,-172.514748225103,57.2241663322176,-130.056433004553,133,-101.673791666667,0.201631611251403,96,"ice_free","8"
"3409",2008,-171.445528199032,57.2415923721288,-114.84746308791,117,-102.093818055556,0.26980150462963,96,"ice_free","6"
"3410",2008,-170.591922653155,57.2923674599302,-69.8849312540134,109,-96.9511013888889,0.334518501497821,98,"ice_full","5"
"3411",2008,-169.551978460709,57.1986135829791,-64.2405305439025,133,-107.894872222222,0.383514665570175,106,"ice_free","5"
"3412",2008,-168.355559151282,57.2157941960263,-77.8872510887693,133,-117.9549875,0.370133455504115,102,"ice_free","3"
"3413",2008,-167.593552388234,57.2296533969304,-74.0864198242399,133,-120.250636111111,0.452214707461084,99,"ice_free","3"
"3414",2008,-166.538340562913,57.2421550678605,-73.1157904675248,157,-124.872140277778,0.515630441317941,107,"ice_free","3"
"3415",2008,-165.54045926379,57.2897359102864,-72.4364626937379,157,-126.436711111111,0.589221614583333,110,"ice_free","3"
"3416",2008,-164.417727029876,57.2112676349546,-66.8205226926041,133,-121.744904166667,0.575217084462511,112,"ice_free","3"
"3417",2008,-163.547158833617,57.2108401908016,-63.3330730657505,117,-114.908825,0.56785513831733,111,"ice_full","3"
"3418",2008,-162.456718491975,57.1982246969662,-56.1070684653304,125,-121.112823611111,0.541616912615741,110,"ice_full","3"
"3419",2008,-161.372705129517,57.2330107697925,-56.025694141622,117,-145.206976388889,0.420600194330133,111,"ice_full","3"
"3420",2008,-160.517729385013,57.2069270715193,-61.6405256252538,125,-147.289673611111,0.37748311042524,111,"ice_full","3"
"3421",2008,-159.423983136913,57.1905998131794,-47.302068584096,125,-131.038463888889,0.480788649140212,114,"ice_full","3"
"3425",2008,-172.561154404301,57.71194684936,-112.953690265271,133,-106.355211111111,0.412652899610136,106,"ice_free","8"
"3426",2008,-171.327169794923,57.6596175726,-93.3472850472367,109,-93.0877236111111,0.472028595679012,105,"ice_full","6"
"3427",2008,-170.641149532808,57.7025835529745,-76.8910174083958,133,-84.3853486111111,0.538092775341131,106,"ice_free","6"
"3428",2008,-169.465928417819,57.7664339984962,-68.1051175288234,141,-96.8212444444444,0.579885474537037,110,"ice_free","6"
"3429",2008,-168.401971383026,57.7066075107217,-75.6784362784928,133,-97.6903375,0.574630504742547,112,"ice_free","6"
"3430",2008,-167.517570387975,57.744309659605,-63.7386320678984,141,-96.3693652777778,0.585351456639566,112,"ice_free","3"
"3431",2008,-166.496493522743,57.7645364081509,-61.7344958109693,157,-101.667609722222,0.655034284665763,112,"ice_free","3"
"3432",2008,-165.529064718218,57.7237320417735,-64.6331791837548,157,-99.3898625,0.705591297398589,114,"ice_free","3"
"3433",2008,-164.58816522886,57.7153322325896,-48.5208339554393,133,-90.0099236111111,0.709359995039683,114,"ice_full","2"
"3434",2008,-163.506414555066,57.7213614241849,-50.2231675384216,117,-90.5337263888889,0.704376338688086,113,"ice_full","2"
"3435",2008,-162.45553917281,57.7557623836079,-46.6106555687904,117,-102.172676388889,0.706201388888889,112,"ice_full","2"
"3436",2008,-161.424581172282,57.7395518117711,-38.6851215260332,117,-114.448808333333,0.63620734530262,112,"ice_full","2"
"3437",2008,-160.523503430304,57.74293823564,-48.0726887886514,125,-118.734705555556,0.597944232723577,112,"ice_full","3"
"3438",2008,-159.468890231374,57.7950520261223,-42.9051839601867,125,-115.691097222222,0.60415069704536,119,"ice_full","2"
"3443",2008,-173.471117304924,58.2330639667606,-129.634443919773,133,-122.188570833333,0.478365540695016,111,"ice_free","8"
"3444",2008,-172.620732123555,58.2838820376824,-107.24988218245,133,-101.580240277778,0.561581018518518,112,"ice_free","8"
"3445",2008,-171.509572524241,58.202673892198,-101.548841317866,133,-82.3929930555556,0.596382544065149,113,"ice_full","6"
"3446",2008,-170.649799651442,58.1628561204728,-92.4226455079429,133,-78.0739263888889,0.509520086279461,140,"ice_full","6"
"3447",2008,-169.302749707222,58.1813216957441,-75.5277526435313,141,-92.1458736111111,0.599403072390572,140,"ice_full","6"
"3448",2008,-168.41713981114,58.1924829862628,-70.3135163135154,133,-85.4471097222222,0.648187348563517,137,"ice_full","6"
"3449",2008,-167.502910276333,58.2384712965048,-56.1960359138134,141,-80.3643152777778,0.649088536155203,135,"ice_full","6"
"3450",2008,-166.547639361943,58.2292623142881,-52.6245816540594,157,-80.5933597222222,0.660062792161093,133,"ice_free","2"
"3451",2008,-165.395549492031,58.2419880523514,-47.441367419676,125,-73.5206416666667,0.678718002507716,126,"ice_full","2"
"3452",2008,-164.484206831434,58.2807579205287,-41.3276805084064,117,-71.4926027777778,0.723945928649237,115,"ice_full","2"
"3453",2008,-163.539176768059,58.2690613887164,-37.0924296368384,125,-76.2987222222222,0.728699955908289,114,"ice_full","2"
"3454",2008,-162.389858835539,58.2766879225493,-40.9739212556504,117,-81.4754069444444,0.709280868736383,115,"ice_full","2"
"3465",2008,-173.559324807167,58.7665705586722,-122.176630991598,133,-112.036091666667,0.565898538436692,116,"ice_full","8"
"3466",2008,-172.479179588697,58.7772412681593,-117.443672268532,133,-88.5539736111111,0.550908497393024,133,"ice_full","8"
"3467",2008,-171.653261200869,58.763776548608,-89.8329386255401,141,-76.3739486111111,0.582543087121212,140,"ice_full","6"
"3468",2008,-170.495215288589,58.8185257021723,-87.0502634678569,149,-77.3604277777778,0.624183846618357,145,"ice_full","6"
"3469",2008,-169.568061356165,58.8404563324857,-84.0722708254089,149,-82.1270180555556,0.699039077729045,144,"ice_full","6"
"3470",2008,-168.418467272857,58.691188434402,-57.2040010371416,141,-72.2646583333333,0.743360139715608,142,"ice_full","7"
"3471",2008,-167.396813543564,58.6934225016344,-47.4648048347932,149,-69.3776472222222,0.740853497706422,139,"ice_full","7"
"3472",2008,-166.615629747775,58.7105430836494,-43.5931130041672,133,-67.7877138888889,0.725740818643162,134,"ice_full","7"
"3473",2008,-165.38368360917,58.6965470483357,-35.364128866082,133,-62.9763541666667,0.683858933810048,131,"ice_full","2"
"3474",2008,-164.477635727277,58.6626657127344,-33.3936034192908,117,-65.8405444444444,0.71959209280303,118,"ice_full","2"
"3475",2008,-163.334984223906,58.7489318039812,-24.2695380589322,117,-69.8428833333333,0.697358585858586,118,"ice_full","2"
"3481",2008,-176.557314775413,59.2553381811038,-151.176088286339,149,-120.320201388889,0.404088860764971,137,"ice_full","8"
"3485",2008,-172.485638185724,59.194020945894,-122.678592367998,141,-81.2596722222222,0.657980682563094,143,"ice_full","9"
"3486",2008,-171.464073144369,59.2087636304973,-74.8683562813998,141,-68.8112402777778,0.692463018077601,142,"ice_full","9"
"3487",2008,-170.503718596042,59.2136666408606,-77.555523654749,157,-61.0041263888889,0.709564333415274,143,"ice_full","6"
"3488",2008,-169.410783715767,59.3429223409187,-63.0102877475248,157,-55.6816694444444,0.747285259589947,142,"ice_full","7"
"3489",2008,-168.508962910385,59.3918906145352,-47.150162835249,157,-49.6551777777778,0.770351651936027,140,"ice_full","7"
"3490",2008,-167.396118536848,59.3070901267918,-38.8435309731758,157,-52.6378888888889,0.757608991000346,137,"ice_full","7"
"3491",2008,-166.470389946435,59.2672092438407,-31.9838372524535,157,-52.857875,0.742451661220044,132,"ice_free","7"
"3492",2008,-165.665511053185,59.2754654603654,-25.3841761057174,133,-57.6068083333333,0.686428715277778,130,"ice_full","7"
"3493",2008,-164.447353732121,59.3182251573793,-21.5298049705712,133,-63.8469444444444,0.674285324074074,130,"ice_full","2"
"3497",2008,-177.493194776423,59.6842991015915,-170.723494132501,157,-133.941233333333,0.453006575271392,146,"ice_full","15"
"3498",2008,-176.654566477534,59.6822475643684,-128.720108865915,157,-118.482861111111,0.54406521076998,144,"ice_full","8"
"3499",2008,-175.712287260172,59.6770705814168,-120.436168469354,157,-111.6658875,0.584790249840358,146,"ice_full","8"
"3501",2008,-173.57509570067,59.5559604008993,-99.2166666666667,157,-88.9878541666667,0.673182009043928,159,"ice_full","9"
"3502",2008,-172.330235166065,59.6146940755642,-97.2490730932203,157,-71.9700236111111,0.737758212962963,155,"ice_full","9"
"3503",2008,-171.432338512896,59.7312109074328,-73.7627817164292,157,-61.8428416666667,0.768451047358834,152,"ice_full","9"
"3504",2008,-170.651076852444,59.7517859111399,-62.224541798408,157,-54.4995375,0.774860121874011,147,"ice_full","9"
"3505",2008,-169.30368549607,59.6867071444442,-55.4337786229111,157,-44.2335388888889,0.781657089888561,143,"ice_full","7"
"3506",2008,-168.475563199205,59.718367824554,-44.3530304233807,149,-37.8803277777778,0.781499383437176,137,"ice_full","7"
"3507",2008,-167.432999514618,59.7632062307645,-30.2401853222399,149,-41.1366444444444,0.755801081730769,134,"ice_full","7"
"3508",2008,-166.529243667942,59.5979695591795,-22.8279978296256,133,-42.4108333045775,0.731637686092956,132,"ice_full","7"
"3511",2008,-177.402778625488,60.1736089918349,-141.428240740741,157,-124.179997222222,0.603455279333956,149,"ice_full","8"
"3512",2008,-176.555132809807,60.1702385901514,-145.535305788982,157,-110.180758333333,0.669364138176638,147,"ice_full","8"
"3513",2008,-175.212877006346,60.3730347905182,-112.375201288245,157,-93.1683083333333,0.675852999614198,150,"ice_full","8"
"3514",2008,-174.640498895369,60.3756229681631,-99.209868903557,157,-70.1801444444445,0.691320101851852,155,"ice_full","9"
"3515",2008,-173.424558211818,60.3739556774949,-61.2909090909091,157,-54.415175,0.700580740381855,159,"ice_full","9"
"3517",2008,-171.349050791043,60.2476610911498,-55.3044173741848,157,-53.2059888888889,0.856277972222222,155,"ice_full","9"
"3518",2008,-170.520574727385,60.1661248902851,-66.7267423566087,157,-51.0978416666667,0.836838038858531,152,"ice_full","9"
"3519",2008,-169.462438416648,60.2505982577146,-46.449488011988,157,-39.7927513888889,0.829053003323837,147,"ice_full","11"
"3520",2008,-168.423995870606,60.1981947384131,-40.0503636674873,157,-34.3171833333333,0.800905986029889,144,"ice_full","11"
"3521",2008,-167.57810707659,60.1890202512007,-25.6282410400636,165,-37.3154113148069,0.767609644396552,146,"ice_full","11"
"3525",2008,-178.480561345525,60.7427043320688,-181.493975670231,165,-121.040206944444,0.594861043595679,150,"ice_full","8"
"3526",2008,-177.590641707041,60.7311526660502,-146.665278567907,157,-97.8488513888889,0.692111665901439,151,"ice_full","8"
"3527",2008,-176.671970361652,60.7608560446537,-124.0125,157,-84.8817305555556,0.746142806997571,152,"ice_full","8"
"3528",2008,-175.260414123535,60.635414759318,-101.175347222222,157,-71.4067680555556,0.780064087848179,151,"ice_full","8"
"3529",2008,-174.661111412048,60.5905539576213,-79.7091666666667,157,-55.7535805555556,0.801628854836241,151,"ice_full","9"
"3530",2008,-173.490694650758,60.7757814164943,-60.8946488294314,157,-39.9263541666667,0.808612704918033,152,"ice_full","9"
"3531",2008,-172.413705462655,60.8705759327395,-62.3182660543067,157,-36.1486697735192,0.853247518518519,155,"ice_full","9"
"3532",2008,-171.503316504933,60.7053156298579,-58.3350816134476,165,-41.2614888888889,0.880008901686239,153,"ice_full","9"
"3533",2008,-170.53949935113,60.802722756256,-57.971276651001,157,-37.9710638888889,0.867448553240741,150,"ice_full","9"
"3534",2008,-169.32787165388,60.7471817926866,-44.6574579831933,149,-31.9788375,0.855308017498431,148,"ice_full","11"
"3535",2008,-168.416986885582,60.7229804538193,-36.8138521606338,149,-31.4443125,0.839040090197957,146,"ice_full","11"
"3536",2008,-167.764941738028,60.7562138667735,-30.7000036239762,149,-38.785225,0.785134900137741,151,"ice_full","11"
"3540",2008,-178.441770735945,61.1823116543989,-163.575392980189,157,-82.4601236111111,0.679887348867462,151,"ice_full",NA
"3541",2008,-177.484299472363,61.2099311207828,-130.801987745751,157,-72.2488847222222,0.767301238995143,152,"ice_full","8"
"3542",2008,-176.706344529919,61.2407867876211,-115.598496240602,157,-62.6720541666667,0.816089008363202,154,"ice_full","8"
"3543",2008,-175.49235841022,61.2584434126335,-80.9034749034749,157,-53.3742222222222,0.839421650985663,154,"ice_full","10"
"3544",2008,-174.5,61.2499974568685,-79.5069444444444,157,-44.0708625,0.856042359213722,152,"ice_full","10"
"3545",2008,-173.364583151681,61.2357117335002,-65.0528273809524,157,-34.1626125,0.849265754132231,151,"ice_full","10"
"3546",2008,-172.451060112681,61.2701801853155,-51.923123248699,157,-30.4194430555556,0.849216503267974,149,"ice_full","10"
"3549",2008,-169.390749175386,61.3010529723198,-42.9389302315908,149,-25.3125444444444,0.862346334211367,146,"ice_full","11"
"3550",2008,-168.411276462443,61.2893157573586,-34.6105876429533,149,-25.8606138888889,0.846387332375479,146,"ice_full","11"
"3551",2008,-167.532077388015,61.286762247,-25.7312469700228,149,-34.5382194444444,0.806170897190294,146,"ice_full","11"
"3554",2008,-178.331516572349,61.6749975416395,-145.37183048433,157,-54.2379986111111,0.761206822007958,151,"ice_full",NA
"3555",2008,-177.70598551299,61.6592554637086,-134.857669227222,157,-52.5176097222222,0.814529853458831,151,"ice_full",NA
"3556",2008,-176.396527608236,61.8166640599569,-103.638194444444,157,-47.8862152777778,0.834717459775349,152,"ice_full","10"
"3557",2008,-175.551568961438,61.8311444506233,-94.1782407407407,157,-41.09475,0.848312135976703,154,"ice_full","10"
"3558",2008,-174.5,61.7499974568685,-66.6006944444444,157,-33.8854194444444,0.872626496160795,153,"ice_full","10"
"3559",2008,-173.298459592073,61.7305228744728,-59.1717995169082,157,-29.1052625,0.863842872299383,150,"ice_full","10"
"3564",2008,-168.463056390875,61.744933121359,-33.8818379412276,149,-21.3702986111111,0.857436161433172,145,"ice_full","11"
"3565",2008,-167.494729183882,61.7464715876131,-25.316915954416,149,-24.3449833333333,0.828539054818092,143,"ice_full","11"
"3567",2008,-179.638729895595,62.2683948541609,-117.733128234772,157,-32.4887166666667,0.741398916245791,140,"ice_full",NA
"3568",2008,-178.54169747343,62.2916794489503,-140.329292084727,157,-36.8838111111111,0.796317592592593,150,"ice_full",NA
"3569",2008,-177.534901255185,62.2818917605476,-104.515338631157,157,-39.1985416666667,0.830121257716049,150,"ice_full",NA
"3570",2008,-176.308384958464,62.3068724672343,-94.7335024467473,157,-35.1870972222222,0.834857405462185,149,"ice_full",NA
"3571",2008,-175.439029657273,62.3508925186091,-82.7372745310245,157,-27.2847513888889,0.823796412037037,150,"ice_full","10"
"3572",2008,-174.417282618076,62.344994884661,-70.8308478864183,157,-24.0604375,0.838701291627762,149,"ice_full","10"
"3573",2008,-173.656528637196,62.3665217950416,-62.855638226219,157,-22.8108930555556,0.833607381687243,147,"ice_full","10"
"3574",2008,-172.356918869888,62.2962371240186,-49.6586229086229,141,-19.9224722222222,0.831254987373737,140,"ice_full","10"
"3575",2008,-171.453993850678,62.3021313496064,-48.1107504827232,141,-18.7708416666667,0.823558681637245,137,"ice_full","10"
"3576",2008,-170.483915660067,62.2887629936703,-43.7806660860887,133,-19.5073180555556,0.805440339934842,138,"ice_full","10"
"3577",2008,-169.561760292544,62.2810128668547,-38.239667349782,141,-17.5632152777778,0.815574736952862,140,"ice_full","10"
"3578",2008,-168.477828574013,62.2888980945888,-31.8215606868862,141,-15.1235041666667,0.85212412161045,142,"ice_full","11"
"3579",2008,-167.517611559404,62.2248838392378,-25.7498105722945,157,-18.2867402777778,0.833534925276153,144,"ice_full","11"
"3581",2008,-179.542480942179,62.7316146072788,-108.741581082954,157,-19.3617736111111,0.75277008377425,135,"ice_free",NA
"3582",2008,-178.617334575786,62.7921444144765,-92.9302786932459,157,-28.3085652777778,0.796576843584656,142,"ice_full",NA
"3584",2008,-176.332900450495,62.7663730098936,-93.1286476540189,157,-23.3552597222222,0.821395303672316,148,"ice_full",NA
"3585",2008,-175.602476726218,62.7415613612156,-87.2599405228758,157,-15.5776222222222,0.827967978395062,141,"ice_full",NA
"3586",2008,-174.507174570798,62.6927022279674,-82.5216977364812,149,-17.1240013888889,0.840260265230183,137,"ice_full","10"
"3587",2008,-173.474741930909,62.7336995555877,-66.1467085014879,133,-17.6746194444444,0.82799651685884,136,"ice_full","10"
"3588",2008,-172.453443560763,62.7515293506146,-55.1463297865993,141,-18.3288222222222,0.799352797809829,134,"ice_full","10"
"3589",2008,-171.445363753201,62.7579938439338,-45.5291929891474,141,-18.7422222222222,0.771842433732752,132,"ice_full","10"
"3590",2008,-170.481171898808,62.7791207385039,-35.520548378926,133,-20.9480361111111,0.745281960487715,131,"ice_full","10"
"3591",2008,-169.495748402909,62.7677967116455,-30.854095798111,133,-16.3828897595968,0.762120108315863,136,"ice_full","10"
"3592",2008,-168.533803793146,62.7477617891611,-29.1445225091971,141,-12.0032652777778,0.822898821548822,140,"ice_full","11"
"3593",2008,-167.535702722628,62.7568794343986,-25.832102514919,157,-16.3671638888889,0.82963432910281,146,"ice_full","11"
"3596",2008,-179.603785523227,63.2781954847453,-79.7858003374172,157,-8.81319027777778,0.777221891534391,128,"ice_free",NA
"3597",2008,-178.513594780218,63.2861744502124,-93.4602865227865,157,-18.6186513888889,0.785728489692523,136,"ice_free",NA
"3598",2008,-177.595966965069,63.3390715291815,-100.270343842665,141,-23.3827416666667,0.791906463206628,144,"ice_full",NA
"3599",2008,-176.429188269967,63.2847540718974,-92.2941564684435,149,-19.1882902777778,0.797019303201507,148,"ice_full",NA
"3600",2008,-175.595662752232,63.3046010401034,-84.6531266860422,157,-13.9423611111111,0.797909659090909,140,"ice_full",NA
"3601",2008,-174.515813133452,63.3014151493708,-79.4010416666667,141,-15.1822305555556,0.799645403439153,135,"ice_full",NA
"3602",2008,-173.546780261823,63.2689354170218,-81.813258507926,141,-16.1667694444444,0.78628901798433,134,"ice_full","12"
"3603",2008,-172.411838701155,63.2117956529214,-58.3965043969033,141,-18.3977833333333,0.75316274496584,133,"ice_full","12"
"3604",2008,-171.49247510646,63.1758079106654,-41.5231702135009,141,-17.0150900106346,0.733208809912854,132,"ice_full","12"
"3605",2008,-170.605783999371,63.1599967650671,-23.691414214005,133,-18.1661679850915,0.720877280436377,131,"ice_full","12"
"3607",2008,-168.57888206539,63.2322860077155,-25.5430900332006,141,-11.8987025401028,0.830178870207927,144,"ice_full","12"
"3608",2008,-167.502072123781,63.2667505992496,-26.0406322811324,157,-13.7998986111111,0.841548902979066,145,"ice_full","14"
"3609",2008,-166.580561789244,63.2547443265508,-22.9609863737162,157,-30.97185,0.839998181216931,149,"ice_full","14"
"3611",2008,-179.474503835357,63.7244968493562,-63.4002298397688,141,-5.10781111111111,0.793313416758343,131,"ice_full",NA
"3612",2008,-178.5948262902,63.7890511077408,-72.7878293541938,141,-11.5867,0.800965482026144,132,"ice_full",NA
"3613",2008,-177.550128636993,63.7176499398268,-85.3006882989184,141,-17.2142361111111,0.789575199030807,137,"ice_full",NA
"3615",2008,-175.494460414644,63.7699532598335,-86.4681848445435,141,-16.4201791666667,0.758661790552126,138,"ice_full",NA
"3616",2008,-174.517104393498,63.8203599685051,-79.0558101862785,141,-14.0483625,0.718462673611111,134,"ice_full",NA
"3617",2008,-173.490459948447,63.7990497306512,-68.5072611157139,141,-13.7767166666667,0.706394765821647,133,"ice_full",NA
"3618",2008,-172.52148559325,63.8210532092281,-53.3132498453927,133,-15.4843,0.693166273372887,133,"ice_full","12"
"3619",2008,-171.4964887751,63.8140267978855,-22.6321995430912,157,-10.2612485341867,0.739562301587302,135,"ice_free","12"
"3620",2008,-170.519578571016,63.836042122831,-29.8067773566463,157,-11.1868372082302,0.795383737904571,141,"ice_full","12"
"3621",2008,-169.386634992648,63.7937060052625,-28.964797180659,149,-11.2919208333333,0.80743130787037,150,"ice_full","12"
"3622",2008,-168.506316476229,63.7828919817157,-28.9099406312964,157,-11.0466027777778,0.819664824459877,150,"ice_full","14"
"3623",2008,-167.570500078768,63.7601014520506,-26.4596642077284,165,-13.2441791666667,0.852187390245849,146,"ice_full","14"
"3624",2008,-166.592842138265,63.7459717190456,-25.7659049039588,165,-29.6366013888889,0.837847604836241,151,"ice_full","14"
"3626",2008,-179.499646683185,64.250204570391,-53.0719359161793,133,-1.44683472222222,0.815198015873016,135,"ice_full",NA
"3627",2008,-178.524504805006,64.2682436746187,-71.0050267367609,133,-7.42729444444444,0.812512147159295,133,"ice_full",NA
"3628",2008,-177.589968619653,64.305437685053,-76.5311757709695,133,-12.9891069444444,0.77218495147792,134,"ice_full",NA
"3629",2008,-176.533589295058,64.2610473632812,-86.8276315789474,141,-15.4123819444444,0.739425915006988,136,"ice_full",NA
"3630",2008,-175.418041946175,64.3119318705982,-81.2003999854847,141,-14.7845444444444,0.684669243535989,136,"ice_full",NA
"3631",2008,-174.521931187358,64.2699474298892,-69.2838718841642,141,-9.729075,0.635991965569939,133,"ice_full",NA
"3632",2008,-173.563494663485,64.1780973719673,-43.0050664841666,141,-7.23223354387699,0.65432930510167,132,"ice_full",NA
"3633",2008,-172.447724273483,64.1901501330433,-41.7953666956522,133,-8.81929407062057,0.700893484807623,133,"ice_full",NA
"3634",2008,-171.546135928741,64.2710348270048,-42.5670489431009,157,-10.3099736111111,0.740150793650794,135,"ice_free","12"
"3635",2008,-170.51689816823,64.2444070613358,-42.984789992346,157,-13.0672319444444,0.802538644547325,138,"ice_full","12"
"3636",2008,-169.440318208301,64.2812983315737,-39.2811277168686,157,-13.4836333333333,0.837514236111111,140,"ice_full","14"
"3637",2008,-168.462982257478,64.2314910712447,-31.1114280179165,149,-9.42935416666667,0.821170567927842,146,"ice_full","14"
"3644",2008,-179.502444990737,64.7384056706973,-54.5160032275709,141,4.00728333333334,0.797424386355695,136,"ice_full",NA
"3645",2008,-178.522594222139,64.735430099962,-65.2902448993053,141,-2.57887916666667,0.799598886684303,135,"ice_full",NA
"3646",2008,-177.531314336866,64.7005662912208,-59.3250061653888,133,-7.94032777777778,0.758057337055192,132,"ice_full",NA
"3647",2008,-176.425011220052,64.8072070305774,-58.4147119699089,141,-8.90676805555556,0.682772524055919,132,"ice_full",NA
"3648",2008,-175.555605626021,64.7275287548119,-46.3596935555935,141,-8.28549312099704,0.659421880511464,135,"ice_full",NA
"3650",2008,-172.10941585109,64.8323937789723,-39.7074174634168,165,5.00849892968534,0.740197971781305,135,"ice_free",NA
"3651",2008,-171.588146988802,64.7541244894306,-38.4038944950291,157,-6.17784861111111,0.74858429419986,136,"ice_free",NA
"3652",2008,-170.541197623328,64.7582124301253,-47.5016394082373,149,-11.1089236111111,0.801890392436829,137,"ice_full","12"
"3653",2008,-169.504235235588,64.7195669414542,-46.3342902658312,149,-12.4116180555556,0.843199792095336,138,"ice_full","14"
"3654",2008,-168.54283465799,64.7405680448405,-35.902731217879,149,-8.38203472222222,0.813965592511371,144,"ice_full","14"
"3655",2008,-167.449407596856,64.7586687637658,-22.7865557372136,157,-10.0614944444444,0.763462417737986,151,"ice_full","14"
"3657",2008,-179.318513885831,65.2373084179302,-44.0675874022349,141,5.59594601311059,0.784156514550265,135,"ice_full",NA
"3658",2008,-178.511364272643,65.2372038038821,-42.524923009105,133,-0.402802094482929,0.774773908730159,135,"ice_full",NA
"3659",2008,-177.497336839278,65.2410040396414,-27.8477984389799,141,-7.83861399162801,0.735689202069717,132,"ice_full",NA
"3660",2008,-176.452804521551,65.2223211556124,-30.3028543376695,141,-5.08163086758703,0.665697011367803,131,"ice_full",NA
"3663",2008,-171.498339207518,65.2638657922252,-32.1011063834372,157,-1.79548888888889,0.765170582381447,137,"ice_full",NA
"3664",2008,-170.556189497981,65.2699259027921,-38.9594205054111,149,-8.00561111111111,0.814589077102804,137,"ice_full",NA
"3665",2008,-169.431002213573,65.274618103876,-47.3357392766267,149,-6.076425,0.840851573216735,138,"ice_full","14"
"3666",2008,-168.515346507855,65.2649972956135,-49.218087407621,149,-4.38990555555555,0.786197896711367,146,"ice_full","14"
"3671",2008,-170.300419479411,65.7093180621095,-32.5996171650935,149,-5.1464868054805,0.820028656550069,138,"ice_full",NA
"3672",2008,-169.532987401157,65.7196799807697,-42.5147878920145,157,-3.2748,0.812300310727394,141,"ice_full",NA
"3673",2008,-168.602685068228,65.7336417642832,-46.1861508848757,157,-2.77302545648796,0.795282650560224,149,"ice_full","14"
"3677",2009,-165.469878737876,54.7527436471126,-164.208331360287,133,-50.8128444444444,0,0,"ice_free","16"
"3688",2009,-166.481376061706,55.2594808838924,-135.501919455741,141,-41.8634708333333,0,0,"ice_free","4"
"3689",2009,-165.482598206821,55.2369302046725,-117.295408497436,133,-51.341975,0,0,"ice_free","4"
"3690",2009,-164.510285148959,55.2505325908447,-87.7869066150556,149,-59.5929638888889,0,0,"ice_free","1"
"3699",2009,-167.529240085946,55.7499430948744,-132.731675584001,149,-48.1469111111111,0,0,"ice_free","4"
"3700",2009,-166.464113550664,55.7439478956045,-126.566809549476,141,-52.655775,0,0,"ice_free","4"
"3701",2009,-165.519060630467,55.7305480836182,-110.558111863605,133,-81.9125555555556,0,0,"ice_free","4"
"3702",2009,-164.522033279423,55.7434768133324,-96.2197965365401,133,-102.069761111111,0,0,"ice_free","3"
"3703",2009,-163.483414975068,55.7464341348157,-83.3352296560204,149,-78.5131541666667,0,0,"ice_free","1"
"3704",2009,-162.559042363169,55.7896603621729,-54.5594854035155,125,-75.0162422900263,0,0,"ice_free","1"
"3714",2009,-167.495654591497,56.2792092441782,-126.109340328699,149,-70.4117708333333,0,0,"ice_free","4"
"3715",2009,-166.492238953372,56.2492441791178,-109.421193965159,133,-99.3149625,0.0481526970284238,116,"ice_full","4"
"3716",2009,-165.520405095474,56.2133353530196,-93.7235900242023,133,-122.399243055556,0.0869477969348659,117,"ice_full","3"
"3717",2009,-164.45246563225,56.2212043314593,-87.3898035455029,133,-119.3725875,0.0832624354005168,116,"ice_full","3"
"3718",2009,-163.471264968395,56.2285260968972,-85.4313409571699,149,-95.7487791666667,0.0475928607723577,112,"ice_free","3"
"3719",2009,-162.485288541385,56.2377096516445,-75.7174520136369,149,-99.2332486111111,0.0589575435729848,115,"ice_free","1"
"3720",2009,-161.494926153532,56.2524823431498,-54.634820992756,125,-87.9037708333333,0,0,"ice_free","1"
"3725",2009,-172.457356453499,56.7715503781796,-168.755152302147,149,-49.0161027777778,0,0,"ice_free","8"
"3726",2009,-171.490608876062,56.7455218947071,-140.395467033511,149,-67.8566958333333,0,0,"ice_free","8"
"3727",2009,-170.48744398965,56.717040795794,-103.282509322926,133,-79.2604583333333,0,0,"ice_free","5"
"3728",2009,-169.496175696152,56.7283431295466,-68.3575381582076,133,-86.4079444444444,0.0899720017636684,114,"ice_full","5"
"3729",2009,-168.492067886606,56.7480422948176,-94.2061012216957,133,-86.6331375,0.0610987792107584,114,"ice_full","3"
"3730",2009,-167.515983852939,56.7341955775765,-94.0323148736279,133,-109.687220833333,0.125222195305771,116,"ice_full","3"
"3731",2009,-166.542673824402,56.7229749698586,-83.6015389318865,133,-130.604147222222,0.209999635871827,119,"ice_full","3"
"3732",2009,-165.639071264724,56.7392933977096,-76.292349398946,133,-132.803858333333,0.273126818783069,121,"ice_full","3"
"3733",2009,-164.46654842268,56.7346723435441,-73.5784465784444,149,-135.999533333333,0.254558731995885,120,"ice_free","3"
"3734",2009,-163.50748633069,56.7430812712181,-72.039260672054,149,-138.765011111111,0.220835882230545,119,"ice_free","3"
"3735",2009,-162.446694989248,56.7213450070043,-68.3033462477628,165,-137.132694444444,0.209051754524411,118,"ice_free","3"
"3736",2009,-161.492618108546,56.7288181131322,-71.2115051715872,157,-112.190556944444,0.0973871252204585,114,"ice_free","3"
"3737",2009,-160.524460330515,56.7476642107156,-60.5115713267372,125,-96.9418583333333,0.0412996527777778,90,"ice_free","3"
"3742",2009,-172.5096419525,57.2430115693667,-135.31379962435,133,-62.8830625,0,0,"ice_free","8"
"3743",2009,-171.559622959972,57.2302910327976,-114.673404531554,133,-91.0999986111111,0.107710852396514,115,"ice_full","8"
"3744",2009,-170.522637765334,57.2415092708116,-64.5280166045569,133,-99.1976291666667,0.217020833333333,116,"ice_full","5"
"3745",2009,-169.447716716674,57.2389641053172,-66.5914875022135,133,-108.772129166667,0.286940639633887,117,"ice_full","6"
"3746",2009,-168.477347055324,57.201863986442,-77.0465084634667,133,-110.463251388889,0.247210863479759,116,"ice_full","3"
"3747",2009,-167.541799129108,57.2115350612917,-73.5033482876946,125,-110.150809722222,0.341307804608586,118,"ice_full","3"
"3748",2009,-166.537734373072,57.2099466073664,-73.8375778509965,125,-115.660473611111,0.430398650860456,129,"ice_full","3"
"3749",2009,-165.545919757763,57.2126543628452,-71.8607125855592,157,-115.782579166667,0.466398702739198,126,"ice_free","3"
"3750",2009,-164.462103518004,57.2245279310755,-67.5136473308226,157,-116.743619444444,0.433808104314421,124,"ice_free","3"
"3751",2009,-163.454392254648,57.238967974727,-63.3938028762506,157,-117.109866666667,0.429531740640097,122,"ice_free","3"
"3752",2009,-162.504778196273,57.2382128922808,-55.9320100079232,149,-116.870393055556,0.374310248778999,121,"ice_free","2"
"3753",2009,-161.475982045477,57.2272529746723,-57.6539827665463,125,-112.401108333333,0.236869665283099,117,"ice_full","3"
"3754",2009,-160.49343066539,57.2346484555135,-61.7404746782551,125,-104.788527777778,0.134143572351421,116,"ice_full","3"
"3755",2009,-159.477845606776,57.2213269718307,-49.1201784444353,125,-95.9928388888889,0.221026554608586,118,"ice_full","3"
"3759",2009,-172.581676290537,57.6957618954905,-114.678320344256,133,-75.1129888888889,0.111792878540305,115,"ice_full","8"
"3760",2009,-171.562441806758,57.7219420367149,-95.7052336671147,133,-98.5782791666667,0.260324797453704,118,"ice_full","6"
"3761",2009,-170.486836663129,57.7179582158342,-76.1448709218974,157,-90.8078486111111,0.431513836870578,119,"ice_free","6"
"3762",2009,-169.478618203162,57.736075730416,-66.9576072022131,149,-92.5335013888889,0.49636999323762,119,"ice_free","6"
"3763",2009,-168.539091765492,57.7551589825376,-75.2606275221111,141,-91.6938791666667,0.483503972011785,118,"ice_free","6"
"3764",2009,-167.496122579874,57.7551153524074,-64.5595236621559,133,-81.0311708333333,0.527466435185185,121,"ice_full","3"
"3765",2009,-166.507727103544,57.7722569147377,-60.9346464039226,133,-84.4537555555556,0.579411682728647,128,"ice_full","3"
"3766",2009,-165.506533420611,57.7629873562806,-63.7987250820899,133,-85.6572583333333,0.575390607463524,129,"ice_full","3"
"3767",2009,-164.49863713803,57.7603533123558,-47.3815646844358,157,-85.7674583333333,0.56061752507716,126,"ice_free","2"
"3768",2009,-163.478337402973,57.7488720887856,-49.5947309107743,157,-83.4543513888889,0.570647264536041,123,"ice_free","2"
"3769",2009,-162.487200678488,57.7605182032694,-46.3908826809788,133,-85.3612875,0.460519675925926,121,"ice_full","2"
"3770",2009,-161.458426983116,57.7457627723778,-38.3375243750581,125,-84.6072458333333,0.341994093231162,117,"ice_full","2"
"3771",2009,-160.518527165855,57.7272540795437,-48.1457621768357,125,-84.2671708333333,0.348835069444444,120,"ice_full","3"
"3772",2009,-159.505284606923,57.7030982346348,-47.8188515231527,125,-86.2001944444444,0.489108033170533,121,"ice_full","2"
"3777",2009,-173.526280356475,58.245038288686,-121.485945308439,133,-39.6100986111111,0.0559450937217706,112,"ice_free","8"
"3778",2009,-172.491270101542,58.2617880703366,-103.813456589889,133,-75.4149625,0.223139434333759,117,"ice_full","8"
"3779",2009,-171.501576246659,58.2364883569799,-95.3195539727937,133,-75.0532361111111,0.398846532979609,119,"ice_full","6"
"3780",2009,-170.451058398398,58.2223081790384,-85.8072477391959,149,-69.7087527777778,0.538566190843621,120,"ice_free","6"
"3781",2009,-169.514174862142,58.2488699143269,-77.6074351473086,157,-71.5536166666667,0.600060604904355,121,"ice_free","6"
"3782",2009,-168.4803918097,58.2286307286833,-72.1152137965681,141,-64.0025611111111,0.60804241255144,120,"ice_free","6"
"3783",2009,-167.558235538,58.2526539127501,-57.6464646924765,141,-55.3394888888889,0.614368780525031,121,"ice_full","6"
"3784",2009,-166.514378631838,58.2509042801108,-52.1552594720398,133,-57.6387763888889,0.649384259259259,124,"ice_full","2"
"3785",2009,-165.525939165388,58.2387726759087,-47.7416698688402,149,-52.0720305555556,0.652484443448825,123,"ice_free","2"
"3786",2009,-164.492219504819,58.2356794119252,-42.3019911887052,133,-57.3649638888889,0.653059413580247,123,"ice_full","2"
"3787",2009,-163.500457110034,58.2605462713611,-37.1780524684042,125,-57.3810138888889,0.643916893115942,122,"ice_full","2"
"3788",2009,-162.476134159141,58.2450263341939,-39.6542108825947,125,-59.8038444444444,0.560653093434343,118,"ice_full","2"
"3799",2009,-173.554817779096,58.727260674702,-127.613894047766,133,-50.1032791666667,0.195974741285403,115,"ice_full","8"
"3800",2009,-172.46687797474,58.7234364674619,-110.905076560569,133,-60.0445291666667,0.36864018934665,119,"ice_full","8"
"3801",2009,-171.592578697437,58.6917239066778,-93.5552137935734,133,-52.0258236111111,0.512215964590965,121,"ice_full","6"
"3802",2009,-170.467955439919,58.7296267960875,-101.864915262438,165,-51.1702194444444,0.608122063840156,125,"ice_free","6"
"3803",2009,-169.474822272712,58.7465869845269,-86.3173794989069,157,-53.6698652777778,0.675624175039401,124,"ice_free","6"
"3804",2009,-168.521644634169,58.741096956962,-58.4837848823838,133,-46.6347277777778,0.684778104871176,122,"ice_full","7"
"3806",2009,-166.475330749852,58.750210969867,-42.312447105984,133,-35.8683388888889,0.699772497919268,119,"ice_full","7"
"3807",2009,-165.43962374504,58.7601901922217,-34.2684523859518,133,-33.9652777777778,0.711645183104453,119,"ice_full","2"
"3808",2009,-164.443333730586,58.7574048587958,-31.3945010128208,125,-34.7241902777778,0.715905452674897,120,"ice_full","2"
"3809",2009,-163.505492575745,58.7388459671681,-25.616692620528,125,-31.9631958333333,0.702595149655469,116,"ice_full","2"
"3815",2009,-176.469433491458,59.2032761257097,-146.121932542361,133,-57.8298541666667,0.121741001157407,110,"ice_free","8"
"3816",2009,-175.48670271485,59.2588796479855,-132.447299554615,133,-49.6320263888889,0.158856132864792,113,"ice_full","8"
"3817",2009,-174.511091898638,59.2523730512914,-116.019514639311,133,-40.0879888888889,0.239522331154684,115,"ice_full","8"
"3818",2009,-173.543218202129,59.2520453892891,-117.819781243628,133,-42.2257180555556,0.382757759890572,118,"ice_full","8"
"3819",2009,-172.525884128679,59.2379301355857,-99.5396827165525,133,-39.6282833333333,0.512958811392915,122,"ice_full","9"
"3820",2009,-171.449971745736,59.2763622658536,-73.9862559544965,141,-33.1190527777778,0.61024115836197,127,"ice_full","9"
"3821",2009,-170.553818662497,59.2562069013178,-74.8917217883374,141,-41.7640222222222,0.662920106132076,136,"ice_full","6"
"3822",2009,-169.419829755965,59.2074297588911,-61.9003967929244,165,-37.6755236111111,0.719267987055934,128,"ice_free","6"
"3823",2009,-168.471204885662,59.2277724059851,-47.1884106917961,149,-35.0147958333333,0.738028250696933,123,"ice_free","7"
"3826",2009,-165.538084164787,59.2681748646581,-24.0764217536177,125,-30.7498638888889,0.746671848695286,118,"ice_full","7"
"3827",2009,-164.398573185984,59.2016121679981,-23.451046325611,165,-28.3998958333333,0.754859506523569,118,"ice_free","2"
"3831",2009,-177.491932287769,59.7278802666436,-172.901963051906,133,-82.5440805555556,0.259755787037037,116,"ice_full","15"
"3832",2009,-176.53466123401,59.771613032214,-125.432279057287,133,-58.6933125,0.321815541559001,116,"ice_full","8"
"3833",2009,-175.465870611363,59.749819861283,-125.028958869324,133,-45.7823458333333,0.380281555981269,117,"ice_full","8"
"3834",2009,-174.474777267539,59.7533188207322,-104.934203462227,133,-32.8798555555556,0.435419297138047,118,"ice_full","8"
"3835",2009,-173.662668964795,59.6797202732508,-96.4775971593736,133,-28.7504236111111,0.491475422808012,128,"ice_full","9"
"3836",2009,-172.425245139068,59.7238137138127,-92.0468658280923,141,-25.1556833333333,0.596003540305011,132,"ice_full","9"
"3837",2009,-171.476598030023,59.7270411039105,-74.4299260494778,141,-22.1037791666667,0.692059161324786,134,"ice_full","9"
"3838",2009,-170.482484777278,59.7313775243365,-59.0599607778407,141,-29.8557180555556,0.720492882485289,137,"ice_full","9"
"3839",2009,-169.414173699312,59.701827187994,-55.0823110676923,165,-27.1650666666667,0.732338029736467,134,"ice_free","7"
"3840",2009,-168.498221517551,59.7224957463073,-44.4807708587627,165,-26.2063,0.769795906432749,125,"ice_free","7"
"3841",2009,-167.550784973576,59.6942704612,-33.7945189395143,125,-23.911575,0.762204445954106,122,"ice_full","7"
"3845",2009,-177.472633670734,60.2645798393699,-144.973556780283,133,-61.1061777777778,0.427590761090761,121,"ice_full","8"
"3846",2009,-176.508063458532,60.2351964331132,-138.086323153067,133,-42.7369041666667,0.488501298868313,120,"ice_full","8"
"3847",2009,-175.47848247501,60.2289542578633,-118.289021102589,141,-26.9918847222222,0.539304550773301,121,"ice_full","8"
"3848",2009,-174.601059249584,60.1908914335458,-105.501363388331,133,-26.1601444444444,0.5604098583878,132,"ice_full","8"
"3849",2009,-173.47208447914,60.2291384637834,-67.7379888070844,141,-25.5962861111111,0.610922110768176,138,"ice_full","9"
"3850",2009,-172.521432057571,60.2845789042783,-39.2935710140129,141,-18.348498752277,0.675093416333,141,"ice_full","9"
"3851",2009,-171.553867029375,60.2116630652899,-59.2733422939068,141,-24.0351902777778,0.779188188188188,141,"ice_full","9"
"3852",2009,-170.520437632452,60.1886410409101,-67.1552575757576,141,-27.6805152777778,0.775921348905724,140,"ice_full","9"
"3853",2009,-169.417052205404,60.1591410460296,-46.9569444444444,141,-22.5930986111111,0.775646243686869,140,"ice_full","11"
"3854",2009,-168.403973828033,60.2204957724555,-39.7559686909228,141,-21.0011069444444,0.768578844323295,137,"ice_full","11"
"3855",2009,-167.528924835073,60.2940984733182,-27.2793121324162,133,-17.2340918703624,0.750784514762404,136,"ice_full","11"
"3859",2009,-178.401216959575,60.711526735611,-179.087937146476,141,-71.6834361111111,0.540665050880088,131,"ice_full","8"
"3860",2009,-177.53422560514,60.6909595812783,-146.046009933859,133,-44.6808305555556,0.583531101026769,131,"ice_full","8"
"3861",2009,-176.45249088932,60.7307826539782,-115.08792038102,133,-28.6565916666667,0.595550949307894,129,"ice_full","8"
"3862",2009,-175.605178260398,60.7004404126631,-104.160953499006,141,-25.9662472222222,0.618351595886752,134,"ice_full","8"
"3863",2009,-174.521994579339,60.6902993766976,-81.1672707020075,149,-30.4752819444444,0.699490813730397,141,"ice_full","9"
"3864",2009,-173.459748674116,60.7278589213818,-51.7346994087333,149,-24.4020486111111,0.760763677536232,145,"ice_full","9"
"3867",2009,-170.546190644783,60.7367174420437,-55.3128044297399,141,-25.7837375,0.823552083333333,144,"ice_full","9"
"3868",2009,-169.467302484388,60.7763132123488,-45.34322786132,141,-28.0792541666667,0.788935612097754,152,"ice_full","11"
"3869",2009,-168.354878616116,60.6500076107014,-36.5880982905983,141,-32.5348680555556,0.781554868638964,153,"ice_full","11"
"3870",2009,-167.491998575948,60.6959678681324,-28.9022812794548,149,-24.446475,0.742648782206119,145,"ice_full","11"
"3874",2009,-178.392325303777,61.2806259512026,-167.494351816289,133,-51.3986305555556,0.70287614648847,136,"ice_full",NA
"3875",2009,-177.560550141788,61.2532796187608,-132.461608541288,149,-37.2146833333333,0.706988633385744,136,"ice_full","8"
"3876",2009,-176.471341163803,61.2111755058395,-114.591710706199,133,-26.6943805555556,0.693758069095038,136,"ice_full","8"
"3877",2009,-175.523003786485,61.2091997856092,-84.259532363633,149,-24.5204722222222,0.72482147516835,140,"ice_full","10"
"3878",2009,-174.569708151395,61.2124877223345,-82.7460804882305,149,-22.8072166666667,0.806420179146538,145,"ice_full","10"
"3879",2009,-173.64202661723,61.1868744323086,-66.0109489734682,149,-25.1481333333333,0.798581832320602,158,"ice_full","10"
"3880",2009,-172.606901591676,61.1806877134806,-53.6387160125024,157,-28.4415611111111,0.829696587456597,158,"ice_full","10"
"3881",2009,-171.5030483122,61.289810725208,-67.407196969697,157,-29.2354583333333,0.841100962962963,155,"ice_full","10"
"3883",2009,-169.399865488852,61.273014935114,-43.0989023297491,157,-30.8265722222222,0.82233162037037,155,"ice_full","11"
"3884",2009,-168.461625568607,61.2285704275075,-35.2172297783535,157,-41.9105444444444,0.849560653659612,156,"ice_full","11"
"3885",2009,-167.29707367678,61.2208270160587,-23.4261768772824,149,-40.1128375,0.786466369316471,153,"ice_full","11"
"3888",2009,-178.425487362818,61.7526592014055,-135.034896574044,141,-32.6731027777778,0.802497127525252,140,"ice_full",NA
"3889",2009,-177.42837446543,61.7030821536555,-122.51078003876,149,-28.4556305555556,0.811064899762147,139,"ice_full",NA
"3890",2009,-176.502999979655,61.748886332194,-105.054444444444,149,-24.8378819444444,0.807767666245791,140,"ice_full","8"
"3891",2009,-175.500577985702,61.7115161840377,-92.254623655914,141,-17.3435347222222,0.831146529826286,143,"ice_full","10"
"3892",2009,-174.579195034077,61.7509622580735,-69.1217072495924,149,-16.6060097222222,0.842265553259871,151,"ice_full","10"
"3893",2009,-173.483333365122,61.8789035558701,-61.7263888888889,165,-24.8008875,0.834501871744792,158,"ice_full","10"
"3894",2009,-172.549606126738,61.8731097343114,-49.783363834979,165,-31.0255791666667,0.835879468130922,159,"ice_full","10"
"3897",2009,-169.543681937782,61.8054871665415,-41.643616523054,157,-21.0992986111111,0.817990190972222,150,"ice_full","11"
"3898",2009,-168.474833879777,61.7815299852251,-33.8404290449283,157,-28.2374513888889,0.850695658773528,152,"ice_full","11"
"3899",2009,-167.451409595869,61.7264881184656,-24.8357336482132,149,-35.0563375,0.826623431282522,151,"ice_full","11"
"3901",2009,-179.497261637265,62.2735154423927,-121.744165234822,149,-30.0656263888889,0.791522951802249,142,"ice_full",NA
"3902",2009,-178.391367161217,62.2131953651635,-128.661224082935,149,-22.6047486111111,0.834605744018355,143,"ice_full",NA
"3903",2009,-177.517320766005,62.2091787027758,-103.359677810078,149,-21.1816666666667,0.855078703703704,143,"ice_full",NA
"3904",2009,-176.505352698388,62.1783170204339,-97.057144235718,149,-19.1383819444444,0.865548180924287,143,"ice_full",NA
"3905",2009,-175.569388481878,62.2017784118652,-85.7254704301075,149,-12.5937097222222,0.870160336151369,145,"ice_full","10"
"3906",2009,-174.493245406834,62.2536699021228,-67.955779165038,149,-16.5531111111111,0.858996774438373,152,"ice_full","10"
"3911",2009,-169.594992491936,62.2368622120589,-38.8438508147653,141,-14.8308541666667,0.783960782490079,142,"ice_full","10"
"3912",2009,-168.450687735244,62.2661533396304,-31.74754454934,141,-9.88114305555555,0.822335834160053,142,"ice_full","11"
"3913",2009,-167.596200716636,62.27659203677,-26.3213364889369,141,-18.8721916666667,0.818487891737892,147,"ice_full","11"
"3915",2009,-179.639989698533,62.7778718620464,-109.121339877045,149,-19.2517388888889,0.789875248015873,142,"ice_full",NA
"3916",2009,-178.557291412354,62.8072891235352,-93.6984375,149,-21.1047111111111,0.833353587962963,144,"ice_full",NA
"3917",2009,-177.5,62.7499974568685,-109.972222222222,149,-19.9952291666667,0.847462359098229,145,"ice_full",NA
"3918",2009,-176.5,62.7499974568685,-97.2847222222222,149,-18.2533152777778,0.851108496966794,146,"ice_full",NA
"3919",2009,-175.494633819118,62.7313737146782,-85.1067708333333,149,-17.1899486111111,0.854510877667922,148,"ice_full",NA
"3920",2009,-174.516673457071,62.7362066020996,-81.4220278442318,149,-20.8692097222222,0.839859210328214,153,"ice_full","10"
"3925",2009,-169.42919144236,62.7494313812985,-31.4359120182378,141,-14.8787230929301,0.733485035644051,143,"ice_full","10"
"3926",2009,-168.533759667974,62.7561019225331,-29.1609737475961,141,-6.8367375,0.77824006116208,139,"ice_full","11"
"3927",2009,-167.591427429875,62.759988977034,-26.1055035650624,141,-13.3734138888889,0.830999655905906,141,"ice_full","11"
"3930",2009,-179.541775413757,63.2261761918234,-83.0038718959057,149,-14.3348569444444,0.823194907407407,135,"ice_full",NA
"3931",2009,-178.687501453218,63.2053547813779,-94.2946428571428,149,-21.2177138888889,0.82129778874269,144,"ice_full",NA
"3932",2009,-177.451405615902,63.2714385635848,-102.741158258113,149,-19.9931583333333,0.829487640901771,145,"ice_full",NA
"3933",2009,-176.483896733393,63.2532569521489,-94.6519155271379,149,-20.6953041666667,0.817436823210923,148,"ice_full",NA
"3934",2009,-175.546145290461,63.2419014863412,-87.094437394247,149,-23.5954166666667,0.806252163023679,152,"ice_full",NA
"3935",2009,-174.364533361988,63.2208403634877,-78.5575188213915,157,-24.0519180555556,0.792305322207288,154,"ice_full",NA
"3938",2009,-171.470077249645,63.2084250902354,-38.5415811052724,149,-22.2168955661901,0.763343634259259,150,"ice_full","12"
"3939",2009,-170.585878904867,63.173247533914,-22.4700417662904,157,-24.4892582628692,0.745215643795505,147,"ice_full","12"
"3941",2009,-168.521348563348,63.2858843053625,-24.0761917639712,157,-0.849431706769506,0.818946626984127,135,"ice_free","12"
"3942",2009,-167.523947444888,63.2627864896414,-26.103786298785,141,-5.82857916666667,0.844145779248875,137,"ice_full","14"
"3943",2009,-166.548605903706,63.2652464470174,-22.96731474848,157,-32.3351138888889,0.821846638572333,147,"ice_full","14"
"3945",2009,-179.523841063048,63.7677034338846,-59.991275056617,149,-3.2882625,0.874052372685185,134,"ice_full",NA
"3946",2009,-178.511702646646,63.7972778656578,-71.7996132130524,149,-13.9586097222222,0.848177137417792,137,"ice_full",NA
"3947",2009,-177.573765371817,63.7980221614131,-78.9793518518518,149,-16.2157291666667,0.805200332125604,145,"ice_full",NA
"3948",2009,-176.475677788233,63.7511345846506,-90.783820654278,149,-17.1663430555556,0.797586865421456,146,"ice_full",NA
"3949",2009,-175.509217856802,63.7613619390049,-86.2003138312113,149,-20.4216375,0.755838358410494,150,"ice_full",NA
"3950",2009,-174.480492578932,63.7519944206835,-79.4420440312969,149,-22.9412444444444,0.718031776094276,151,"ice_full",NA
"3951",2009,-173.479927168471,63.7903789227902,-67.7175900641947,157,-24.8442513888889,0.705093309993878,151,"ice_full",NA
"3952",2009,-172.417358950521,63.74120170789,-51.0411617751306,149,-25.1948902777778,0.699289506172839,150,"ice_full","12"
"3953",2009,-171.496610360026,63.8277752585236,-24.2837957333923,149,-12.4230888119645,0.70081037979351,143,"ice_full","12"
"3954",2009,-170.393230308307,63.8405933620747,-29.3714674554032,149,-3.7529830415635,0.763838738207547,136,"ice_full","12"
"3955",2009,-169.477611016799,63.7687427688185,-28.2137734458664,157,2.07776666666667,0.800732769916143,136,"ice_free","12"
"3956",2009,-168.510082080857,63.7697037223177,-28.9282951078176,157,5.01596666666667,0.825306205908289,135,"ice_free","14"
"3957",2009,-167.482811136014,63.737794816641,-26.3506593547474,141,-0.554040277777778,0.853759735202492,137,"ice_full","14"
"3958",2009,-166.622180623784,63.7415469999636,-25.7871390323198,141,-30.1706986111111,0.842592421497585,145,"ice_full","14"
"3960",2009,-179.466065506834,64.2006332939045,-55.8771818380427,149,1.56521388888889,0.867544617534201,141,"ice_full",NA
"3961",2009,-178.510864201301,64.240411156245,-73.1022229486694,149,-3.20010694444444,0.849772553219107,137,"ice_full",NA
"3962",2009,-177.641265126963,64.250894711172,-74.7552143068154,149,-9.80108611111111,0.795158867200534,141,"ice_full",NA
"3963",2009,-176.496272215166,64.2600927744391,-86.6178508671607,149,-15.9450555555556,0.765521849838969,145,"ice_full",NA
"3964",2009,-175.501865315992,64.2495371618936,-83.7232073643411,149,-22.06135,0.724991185897436,147,"ice_full",NA
"3965",2009,-174.43827250642,64.2639750772288,-68.5897344906555,149,-23.8031027777778,0.673311940913371,148,"ice_full",NA
"3966",2009,-173.507235517543,64.1737953907975,-39.6397428073717,157,-21.818483543877,0.668137313258637,149,"ice_full",NA
"3967",2009,-172.456234624211,64.2452575045347,-33.2546518830378,149,-15.577801015065,0.68628866747182,145,"ice_full",NA
"3968",2009,-171.473877832392,64.2597218520577,-41.9685019944252,149,-14.6620916666667,0.702747632575758,140,"ice_full","12"
"3969",2009,-170.38153639735,64.2239925954827,-42.8482405798207,149,-12.3325097222222,0.767138866843033,135,"ice_full","12"
"3970",2009,-169.476316698856,64.2465936696392,-38.9470532195582,157,-5.9731125,0.814453503383191,134,"ice_free","12"
"3971",2009,-168.518448256319,64.2474445298679,-31.6566399329458,149,4.14526388888889,0.845611756588319,134,"ice_full","14"
"3972",2009,-167.566653926715,64.2831963731552,-25.8422477355781,141,-5.2051625,0.844063173400673,140,"ice_full","14"
"3978",2009,-179.373072941114,64.6441214596522,-53.8812976788553,149,-5.87858472222222,0.792947737223658,159,"ice_full",NA
"3979",2009,-178.441036654836,64.7519074535876,-66.940949943817,149,-5.85387916666667,0.784237376412429,148,"ice_full",NA
"3980",2009,-177.594040062624,64.7285246196033,-56.3015579517364,149,-11.9729319444444,0.700284490740741,155,"ice_full",NA
"3981",2009,-176.411747072959,64.7577678213885,-61.6411465818211,149,-21.024025,0.671081262659143,158,"ice_full",NA
"3982",2009,-175.620101002884,64.6879129091922,-53.7490897289427,149,-23.7733403432193,0.702263032990974,149,"ice_full",NA
"3984",2009,-172.106614628786,64.7521597072044,-31.5241350788626,165,9.16665865190756,0.701421588164251,145,"ice_full",NA
"3985",2009,-171.55028062262,64.7595548707491,-38.4987444891982,149,-6.20583472222222,0.707587691223832,145,"ice_full",NA
"3986",2009,-170.536328731489,64.8053057457635,-46.6366849094287,157,-11.5327083333333,0.761931086476385,139,"ice_full","12"
"3987",2009,-169.47052484254,64.7282023823863,-46.2712208970365,157,-8.42217361111111,0.829809684383903,134,"ice_free","14"
"3988",2009,-168.498351870453,64.7527535368331,-34.6429920623819,149,0.524458333333334,0.855626123696512,133,"ice_full","14"
"3989",2009,-167.55682592576,64.7481007425541,-22.9641294235259,141,-8.99694583333333,0.815368097263931,141,"ice_full","14"
"3997",2009,-171.429833104601,65.2145227979191,-33.3531890368764,157,1.88954583333334,0.721367541152263,147,"ice_full",NA
"3998",2009,-170.489038737931,65.2380219313343,-39.7079539971287,149,-2.69845833333333,0.753824703541261,144,"ice_full",NA
"3999",2009,-169.494938432458,65.2419952416581,-46.8399957960566,157,-7.05340416666667,0.848604255698006,134,"ice_free","14"
"4000",2009,-168.514025845741,65.2312962875979,-48.3313564982278,165,-2.58987083333333,0.842404546645702,136,"ice_free","14"
"4005",2009,-170.222981415816,65.6442559599012,-36.1270582756455,133,-0.148118749924943,0.814220924195223,137,"ice_full",NA
"4006",2009,-169.460015212434,65.7235463697333,-40.6089691979411,157,-5.47143194444444,0.844413227201258,136,"ice_free",NA
"4007",2009,-168.596033605682,65.738832088088,-44.5610772983805,157,-2.03385878982129,0.841331986531986,140,"ice_full",NA
"4011",2010,-165.506492646907,54.7674178293663,-163.86695231786,157,-49.4314555555556,0,0,"ice_free","16"
"4022",2010,-166.5156175076,55.2257542424781,-137.252047469993,157,-66.3267347222222,0,0,"ice_free","4"
"4023",2010,-165.529608676791,55.2457917864535,-117.873785665416,149,-74.9954472222222,0,0,"ice_free","4"
"4024",2010,-164.482003814073,55.2508849388984,-88.3811557151218,125,-81.0868875,0,0,"ice_free","1"
"4033",2010,-167.463359677455,55.7714427046104,-133.095639491739,149,-71.2352444444444,0,0,"ice_free","4"
"4034",2010,-166.512484320527,55.7540955214853,-127.283168039608,125,-93.2998722222222,0,0,"ice_free","4"
"4035",2010,-165.491626606871,55.7475024633482,-109.606977143685,125,-118.103145833333,0,0,"ice_free","4"
"4036",2010,-164.381064126277,55.7548913286742,-94.6258577911713,117,-115.079518055556,0,0,"ice_free","3"
"4037",2010,-163.480054283414,55.7688332539349,-84.3996137956378,117,-113.318848611111,0,0,"ice_free","1"
"4038",2010,-162.5180696264,55.7909243531787,-52.8826750096045,101,-111.087770067804,0.0808179615162037,94,"ice_full","1"
"4048",2010,-167.499589243614,56.2366292381717,-127.838679565453,125,-123.049409722222,0.0846198003040354,97,"ice_free","4"
"4049",2010,-166.491860999458,56.1890613423721,-112.956689426389,125,-151.670413888889,0.148358961640212,100,"ice_free","4"
"4050",2010,-165.475972622249,56.2370138559505,-92.431374425715,117,-152.790145833333,0.160824006977992,99,"ice_full","3"
"4051",2010,-164.455580416709,56.2382538540385,-86.6707664732507,117,-146.9094625,0.166957407407407,100,"ice_full","3"
"4052",2010,-163.46870880758,56.2381420801409,-84.9369874700068,117,-148.504751388889,0.177425730307773,101,"ice_full","3"
"4053",2010,-162.410554397426,56.2246838045967,-74.9473848283882,117,-132.242658333333,0.122512380751964,96,"ice_free","1"
"4054",2010,-161.538778366512,56.2435027678871,-55.3808321688973,117,-100.420680555556,0,0,"ice_free","1"
"4059",2010,-172.501213229534,56.763469385149,-178.289841402753,125,-54.1562069444444,0,0,"ice_free","8"
"4060",2010,-171.498698470125,56.7759538989317,-143.534925023426,125,-84.5898902777778,0,0,"ice_free","8"
"4061",2010,-170.477531946911,56.7401769528974,-101.785096967595,125,-98.5693819444444,0.0354452101139601,95,"ice_free","5"
"4062",2010,-169.55345800634,56.7271028934797,-67.7484590189248,133,-129.3200625,0.240297933880554,103,"ice_free","5"
"4063",2010,-168.532587356743,56.7071588768363,-98.6988759888597,117,-145.928241666667,0.263942551926927,104,"ice_full","3"
"4064",2010,-167.480598004262,56.781914931648,-90.6722617695367,125,-159.017568055556,0.351994096775347,104,"ice_free","3"
"4065",2010,-166.539014250476,56.7603558788246,-81.8675359267568,125,-160.754702777778,0.439840619488536,105,"ice_full","3"
"4066",2010,-165.435140716302,56.787102872907,-74.136666365581,125,-145.257504166667,0.415122993529244,104,"ice_free","3"
"4067",2010,-164.465830206607,56.7436342053152,-73.3387062169166,125,-144.524116666667,0.36601075617284,105,"ice_full","3"
"4068",2010,-163.51796354194,56.6972847417529,-73.6430267352915,125,-142.509906944444,0.360259459876543,105,"ice_full","3"
"4069",2010,-162.357612413705,56.7310599232261,-67.6860395997953,125,-129.638666666667,0.231432902520576,102,"ice_free","3"
"4070",2010,-161.499744129647,56.7332584436295,-70.8267166796889,141,-97.3726055555556,0,0,"ice_free","3"
"4071",2010,-160.484784173286,56.73716587867,-59.1660443961999,117,-80.2060597222222,0,0,"ice_free","3"
"4076",2010,-172.503266242208,57.2369962383901,-135.809090515445,125,-56.0950069444444,0,0,"ice_free","8"
"4077",2010,-171.554067704282,57.2271306549187,-117.0648561079,125,-95.1425680555556,0.14408184989567,101,"ice_free","8"
"4078",2010,-170.53351988708,57.1876416057396,-65.5391002280226,125,-99.0357888888889,0.306094400203775,104,"ice_free","5"
"4079",2010,-169.500389311997,57.2281298236073,-64.964393415322,141,-118.499073611111,0.415838630578017,136,"ice_full","5"
"4080",2010,-168.484238445118,57.2475653530807,-77.9123336247572,141,-139.312591666667,0.467462183938746,134,"ice_full","3"
"4081",2010,-167.51117987386,57.1620067429846,-74.1318833383569,133,-133.373448611111,0.539055131339853,129,"ice_full","3"
"4082",2010,-166.528914721699,57.1895806240816,-74.5553853566703,133,-129.418147222222,0.59480931122449,128,"ice_full","3"
"4083",2010,-165.424730359441,57.2558207991815,-69.3088049698592,133,-123.542891666667,0.568481085345018,126,"ice_full","3"
"4084",2010,-164.549517566097,57.2420262935931,-67.5391485144647,125,-118.584522222222,0.605442161839483,107,"ice_full","3"
"4085",2010,-163.467918565547,57.2567027413273,-64.3368152648536,125,-113.43695,0.495618975281085,110,"ice_full","3"
"4086",2010,-162.417732407259,57.2125932423324,-56.5718425239108,117,-105.195740277778,0.323912472943723,107,"ice_full","3"
"4087",2010,-161.473949076726,57.244386808081,-55.2004301367889,117,-92.7126013888889,0.0749351851851852,88,"ice_free","3"
"4088",2010,-160.487597524429,57.2649569001082,-61.0600746654863,101,-89.8559583333333,0.0308024464415396,81,"ice_full","3"
"4089",2010,-159.571395826058,57.2340496306353,-51.0298966885805,101,-101.243672222222,0.214942456022813,107,"ice_full","3"
"4093",2010,-172.5531076539,57.7064453893227,-114.338526836521,117,-66.430975,0.259465914238603,103,"ice_full","8"
"4094",2010,-171.526012109765,57.6762653524649,-94.8487034096229,109,-93.5121680555555,0.469574085097002,105,"ice_full","6"
"4095",2010,-170.572202399273,57.7082024437359,-79.933500306016,125,-85.6907305555556,0.541157989485477,128,"ice_full","6"
"4096",2010,-169.46911082751,57.7057382931453,-67.6421975414135,141,-94.7705847222222,0.619613544028723,135,"ice_full","6"
"4097",2010,-168.514796967851,57.6496782501672,-78.3899245409763,141,-113.180476388889,0.678919142101285,135,"ice_full","6"
"4098",2010,-167.500947939723,57.7271324744523,-65.0311500862971,133,-106.905511111111,0.737889439484127,130,"ice_full","3"
"4099",2010,-166.363772572001,57.704927625913,-63.5567377114874,133,-102.482436111111,0.771727229042659,126,"ice_full","3"
"4100",2010,-165.440274291528,57.676838368449,-66.012374506444,133,-99.0297236111111,0.727978400228726,126,"ice_full","3"
"4101",2010,-164.510039591395,57.7229093345159,-47.8869741943309,133,-87.5889861111111,0.681882104151635,118,"ice_full","2"
"4102",2010,-163.448730616595,57.7725163715825,-48.8272442034983,117,-87.2526152777778,0.540413450333837,114,"ice_full","2"
"4103",2010,-162.405686395175,57.7478797810652,-46.8915029775721,109,-91.1099680555556,0.363939568865741,110,"ice_full","2"
"4104",2010,-161.430748454683,57.7227532249139,-38.0284808986325,109,-89.8079402777778,0.226288966774575,106,"ice_full","2"
"4105",2010,-160.559958597411,57.7025628979386,-48.2715866700092,117,-92.8491847222222,0.228614861926506,103,"ice_full","3"
"4106",2010,-159.56736797574,57.694335710503,-47.9837184689751,117,-98.8148472222222,0.379344479793833,117,"ice_full","2"
"4111",2010,-173.605820031162,58.2406462718973,-122.872802786237,117,-69.603675,0.31679235522215,103,"ice_full","8"
"4112",2010,-172.513139968954,58.2348750251643,-122.704120049262,117,-82.1547194444445,0.467198893229167,126,"ice_full","8"
"4113",2010,-171.620580289364,58.1830762337765,-101.878816352758,117,-77.6206666666667,0.617227499866389,129,"ice_full","6"
"4114",2010,-170.599580864576,58.1948008922186,-92.2373625620086,141,-67.7887875,0.675320987654321,132,"ice_full","6"
"4115",2010,-169.506003681411,58.2480418520436,-81.3079492266992,141,-81.2912902777778,0.726621240015771,134,"ice_full","6"
"4116",2010,-168.517514677432,58.1873509529521,-73.5124435140882,141,-92.5383944444444,0.775599782735005,137,"ice_full","6"
"4117",2010,-167.478306292393,58.2122073374839,-56.4472303222303,141,-84.446225,0.781541298542478,136,"ice_full","6"
"4118",2010,-166.439316354196,58.2741523095385,-51.9969240726594,141,-76.8736722222222,0.785462777577361,129,"ice_full","2"
"4119",2010,-165.510691941237,58.2831329050231,-46.6002344656578,133,-73.6236277777778,0.760469390707672,126,"ice_full","2"
"4120",2010,-164.504683963425,58.2455569896295,-42.1333536491517,117,-69.7055194444444,0.688805197613233,121,"ice_full","2"
"4121",2010,-163.421061424415,58.2308652785445,-37.5395906513576,117,-72.1918472222222,0.568860189621242,112,"ice_full","2"
"4122",2010,-162.483755215625,58.2462103650656,-39.4187601805653,125,-73.3532888888889,0.424604191468254,110,"ice_full","2"
"4133",2010,-173.589719846944,58.7098622845868,-127.721305868561,117,-84.1498763888889,0.465536259245762,128,"ice_full","8"
"4135",2010,-171.496282231148,58.7336853275581,-82.7557479119784,141,-62.9303027777778,0.739715878739316,134,"ice_full","6"
"4136",2010,-170.524039092869,58.7661487006227,-102.241021825397,141,-60.3829277777778,0.767452436067019,135,"ice_full","6"
"4137",2010,-169.443895824218,58.7890834555653,-83.3139375835655,141,-70.4300736111111,0.773334536407155,135,"ice_full","6"
"4138",2010,-168.599694911351,58.7761559822741,-57.8169964665319,141,-69.1364986111111,0.775261001494219,138,"ice_full","7"
"4139",2010,-167.372939262721,58.779138468062,-46.2095135595152,141,-69.5303902777778,0.766389618256441,137,"ice_full","7"
"4140",2010,-166.402383933215,58.7609526316257,-41.7163729217174,133,-65.9391375,0.744167058355165,133,"ice_full","7"
"4141",2010,-165.535090454944,58.7841451421317,-34.3161020593704,133,-57.7727430555556,0.740268625303131,126,"ice_full","2"
"4142",2010,-164.54234835776,58.7430817655354,-31.8786767851795,117,-57.8452666666667,0.658656006159478,129,"ice_full","2"
"4143",2010,-163.383623287656,58.756894738272,-24.3082044269596,117,-64.9333,0.634559267728094,112,"ice_full","2"
"4149",2010,-176.54859538059,59.2030170006564,-155.511597664778,133,-74.0014166666667,0.343162638888889,105,"ice_free","8"
"4150",2010,-175.56830780439,59.1843656122905,-129.059172325783,125,-82.3516444444444,0.423652936159844,125,"ice_full","8"
"4152",2010,-173.512452169482,59.2174091951782,-97.9539648194895,141,-64.2199888888889,0.675418973607962,135,"ice_full","8"
"4153",2010,-172.575650228206,59.2677239553366,-100.908619381297,141,-54.2692208333333,0.768011660609207,137,"ice_full","9"
"4154",2010,-171.458575429314,59.2155985203824,-78.1207087486157,141,-51.3202333333333,0.803240839011181,136,"ice_full","9"
"4155",2010,-170.40833536267,59.2126146304037,-75.0140935523939,141,-50.3360013888889,0.807902190413202,135,"ice_full","6"
"4156",2010,-169.413643122576,59.2600122955902,-56.8788847301226,141,-53.7417388888889,0.782294149945093,136,"ice_full","7"
"4157",2010,-168.590278237971,59.2420506407454,-48.4349345599053,149,-50.2721916666667,0.751643789498824,138,"ice_full","7"
"4158",2010,-167.544938794827,59.2429872472803,-41.121197968698,141,-56.8126805555556,0.743441602400918,136,"ice_full","7"
"4159",2010,-166.353232604699,59.2700245273437,-31.1247895883908,133,-59.9052708333333,0.708922131120967,132,"ice_full","7"
"4160",2010,-165.58961796136,59.2613186023755,-24.7127954894964,125,-60.0005236111111,0.711409250816166,124,"ice_full","7"
"4161",2010,-164.429879418739,59.2575311169902,-22.4564480715337,141,-66.785,0.664454545454545,129,"ice_full","2"
"4165",2010,-177.487802818437,59.7320988590571,-167.443119600867,125,-67.3007472222222,0.343787225744767,122,"ice_full","15"
"4166",2010,-176.645115370456,59.6856624442736,-125.527907256684,125,-89.6016805555556,0.487191847826087,145,"ice_full","8"
"4168",2010,-174.397568335049,59.8013258187667,-103.134420289855,141,-75.5912097222222,0.717371702140452,140,"ice_full","8"
"4169",2010,-173.556996254227,59.7702488716331,-97.800524136716,141,-46.1206666666667,0.773517968946838,135,"ice_full","9"
"4170",2010,-172.535718520912,59.7433647790647,-97.7547466906566,141,-40.2906833333333,0.801826274538891,137,"ice_full","9"
"4171",2010,-171.437448556421,59.8044031518773,-71.4685106560107,141,-44.9884319444444,0.825630691230282,137,"ice_full","9"
"4172",2010,-170.467649848668,59.7542977242952,-60.3242043651551,149,-41.9518638888889,0.801165980566682,137,"ice_full","9"
"4173",2010,-169.514699585306,59.738486846186,-54.3427444897642,149,-39.4743722222222,0.76923759018759,140,"ice_full","11"
"4174",2010,-168.518797588572,59.7789660413771,-44.2335413376946,149,-40.7590777777778,0.73490201234948,146,"ice_full","7"
"4175",2010,-167.403468828662,59.7433383891751,-30.0168535540982,141,-51.1260541666667,0.709816961333144,142,"ice_full","7"
"4179",2010,-177.642612766219,60.2114333898862,-152.369231245142,133,-59.1232611111111,0.498876095952147,143,"ice_full","8"
"4180",2010,-176.763126449585,60.1693724441528,-122.933333333333,149,-88.3117652777778,0.664905696027224,147,"ice_full","8"
"4181",2010,-175.518661369161,60.2581091400579,-118.796106678487,149,-90.0154611111111,0.743791676392779,149,"ice_full","8"
"4182",2010,-174.366739828545,60.3103044632583,-103.256980994152,141,-66.7049013888889,0.780630312953598,143,"ice_full","9"
"4183",2010,-173.346911525126,60.2778714934865,-64.1554269630071,141,-36.6249666666667,0.753803361686753,138,"ice_full","9"
"4184",2010,-172.662813576203,60.2987420280384,-32.1700836610155,141,-26.6795056967214,0.797005626286008,138,"ice_full","9"
"4185",2010,-171.527952908287,60.2163254944256,-59.6343540225238,141,-34.9778291666667,0.850879277508328,138,"ice_full","9"
"4186",2010,-170.731875942372,60.2187333939567,-64.1021825396825,149,-37.9939180555556,0.742301129025538,157,"ice_full","9"
"4187",2010,-169.364989033035,60.2199927468984,-46.8430014831294,157,-34.5214319444444,0.737835417466718,154,"ice_full","11"
"4188",2010,-168.641762073071,60.2919967444803,-41.3893047102118,157,-39.6393708333333,0.755767649129544,154,"ice_full","11"
"4193",2010,-178.553783640164,60.7492304497634,-185.277888907711,133,-40.9596513888889,0.469644257444866,143,"ice_full","8"
"4194",2010,-177.760109304189,60.6336561417729,-148.57240257214,149,-56.6769763888889,0.641026486116764,147,"ice_full","8"
"4195",2010,-176.347221374512,60.8263863457574,-110.729166666667,149,-71.8283277777778,0.748773824807701,149,"ice_full","8"
"4196",2010,-175.433916821132,60.8350787972482,-93.9388036901824,149,-65.7445805555556,0.813072321984349,149,"ice_full","8"
"4197",2010,-174.444649077771,60.7659696397327,-81.6345278944911,141,-48.9704902777778,0.826902037324592,145,"ice_full","9"
"4198",2010,-173.489508357333,60.7586638305873,-57.1304738624201,141,-29.3506597222222,0.815088592772968,140,"ice_full","9"
"4199",2010,-172.513633520912,60.7547442186604,-57.0290378390727,141,-22.6778364401858,0.841648330490036,137,"ice_full","9"
"4200",2010,-171.544291413086,60.7629598520296,-60.6565589271238,141,-29.0452736111111,0.854366359249461,138,"ice_full","9"
"4202",2010,-169.2839651789,60.7184826489579,-44.4349012513192,157,-36.9290805555556,0.793099064439862,157,"ice_full","11"
"4203",2010,-168.632262696573,60.6275185984954,-39.3452546178614,157,-40.799625,0.810660042412027,156,"ice_full","11"
"4204",2010,-167.472308046217,60.7557695079442,-28.2753737214791,157,-57.4580027777778,0.842122897398242,157,"ice_full","11"
"4208",2010,-178.585416301613,61.1606125756189,-158.461927681578,149,-53.4107138888889,0.649403676748477,149,"ice_full",NA
"4209",2010,-177.650535900151,61.1880917192485,-129.568989587837,149,-59.1974958333333,0.745876929467839,151,"ice_full","8"
"4211",2010,-175.444088427151,61.2210721573793,-81.1347973569578,149,-42.4974166666667,0.855278108465608,148,"ice_full","10"
"4212",2010,-174.493695447858,61.2390839938939,-79.3363590415541,149,-30.5289875,0.876103242512283,142,"ice_full","10"
"4213",2010,-173.505118534483,61.2419604391887,-65.7147090517241,141,-19.1988625,0.858601465038105,139,"ice_full","10"
"4214",2010,-172.482146731568,61.2032486935369,-54.7917617629701,141,-16.6543041666667,0.845192045397824,136,"ice_full","10"
"4215",2010,-171.480930268916,61.2259716568151,-61.2369666817428,141,-20.58275,0.849378788737717,135,"ice_full","10"
"4216",2010,-170.580486933913,61.2746994778434,-48.9387370361116,141,-22.2068083333333,0.787849410178343,146,"ice_full","10"
"4218",2010,-168.500899950788,61.278081657722,-35.4111070529097,157,-35.4614125,0.83228342290547,157,"ice_full","11"
"4219",2010,-167.361644907894,61.2686940706693,-23.8831908831909,157,-50.5386013888889,0.85768332010582,155,"ice_full","11"
"4225",2010,-175.458723585893,61.7949219383927,-90.6784343925638,149,-25.7248888888889,0.875686776800092,145,"ice_full","10"
"4226",2010,-174.457659238928,61.7471788350274,-66.7961090686274,149,-17.5823986111111,0.887728920926169,139,"ice_full","10"
"4227",2010,-173.526262808583,61.7319477597935,-65.9027686496925,141,-12.7863388888889,0.877458365784008,137,"ice_full","10"
"4228",2010,-172.492370476974,61.79863783681,-53.6418901420217,141,-12.0282875,0.843816170634921,135,"ice_full","10"
"4229",2010,-171.485957514323,61.7513045625809,-60.9578258547009,141,-12.7925597222222,0.834283956503313,133,"ice_full","10"
"4231",2010,-169.684893359672,61.7399297446428,-42.993013330059,133,-16.6870069444444,0.773633007753689,153,"ice_full","11"
"4233",2010,-167.393981122272,61.6816343016761,-24.3773809607804,157,-41.0632125,0.849626674435206,156,"ice_full","11"
"4235",2010,-179.645693783864,62.325438654425,-120.281280617044,149,-24.6108694444444,0.786573268735176,146,"ice_full",NA
"4237",2010,-177.495395199146,62.2824650562367,-104.967009961036,157,-31.420625,0.860211166043552,151,"ice_full",NA
"4238",2010,-176.509882564712,62.2700935976533,-96.8853996647786,149,-27.4755,0.885826563877866,150,"ice_full",NA
"4239",2010,-175.486540995161,62.2501315318311,-83.0452332914982,149,-13.1341611111111,0.891885276419596,142,"ice_full","10"
"4240",2010,-174.494835730897,62.3134364275865,-69.9288732394366,141,-9.64630555555556,0.8910038779272,138,"ice_full","10"
"4241",2010,-173.466513738842,62.2794803882585,-59.770868463502,141,-6.71499027777778,0.872169173342817,136,"ice_full","10"
"4242",2010,-172.503523293663,62.2346788434421,-48.1452205882353,141,-8.26445138888889,0.835246842567155,134,"ice_full","10"
"4243",2010,-171.472914044416,62.2337294213566,-49.9826543209877,141,-9.30146666666667,0.801628951883284,131,"ice_full","10"
"4244",2010,-170.467071115533,62.2768892228608,-43.602435929345,141,-10.3820055555556,0.785306053257442,129,"ice_full","10"
"4245",2010,-169.664123022921,62.3246936320198,-38.3486924786482,141,-10.0396736111111,0.708290312224427,150,"ice_full","10"
"4247",2010,-167.60887819948,62.3528828341139,-26.3105158730159,157,-33.8689972222222,0.838671716114831,158,"ice_full","11"
"4249",2010,-179.590949600066,62.7538240857955,-109.23971362036,165,-15.7005236111111,0.806443504140787,145,"ice_full",NA
"4250",2010,-178.661082311845,62.7674861167887,-86.1869607843137,149,-22.4233916666667,0.847526453625235,148,"ice_full",NA
"4251",2010,-177.459915141601,62.8309951826316,-114.364563725121,149,-22.9667222222222,0.86742075858121,149,"ice_full",NA
"4252",2010,-176.463534250264,62.7920575927227,-97.0027604431962,149,-15.0514402777778,0.87937307472424,148,"ice_full",NA
"4253",2010,-175.491813680369,62.7508188019497,-85.8616371979826,149,-8.8563375,0.897529320987654,141,"ice_full",NA
"4254",2010,-174.46013459729,62.742190516083,-80.2731832786437,141,-7.62504305555556,0.881723212754752,138,"ice_full","10"
"4255",2010,-173.507200745655,62.7410901264805,-65.8349661344944,141,-2.81774444444444,0.847864802217183,135,"ice_full","10"
"4256",2010,-172.53552973244,62.7567788579429,-56.8451163967611,133,-3.26469027777778,0.798077324216724,132,"ice_full","10"
"4257",2010,-171.392422720102,62.8092833893931,-45.2744658119658,141,-6.51538194444444,0.730927238656405,129,"ice_full","10"
"4258",2010,-170.468454911872,62.7848415780999,-35.236846866555,141,-6.16445972222222,0.679934186159844,125,"ice_full","10"
"4259",2010,-169.627081900879,62.8169749224217,-29.1401193065295,133,-8.29504253737455,0.653819027490223,145,"ice_full","10"
"4264",2010,-179.500475446221,63.2065466612645,-85.5056216931217,165,-10.6392666666667,0.810442292147153,147,"ice_full",NA
"4265",2010,-178.560940287266,63.291768295246,-93.1571779520455,149,-18.8944152777778,0.841599395513855,148,"ice_full",NA
"4266",2010,-177.522988432532,63.2878635009681,-101.847363064502,149,-17.7955888888889,0.854836592970522,149,"ice_full",NA
"4267",2010,-176.471510631791,63.2556042436694,-94.1203893442623,149,-10.3006861111111,0.868809400161031,145,"ice_full",NA
"4268",2010,-175.5,63.2499974568685,-87.5138888888889,141,-8.03340277777778,0.881672509319384,140,"ice_full",NA
"4269",2010,-174.410302604261,63.2934406043947,-78.0411337209302,141,-6.57268194444444,0.849542820983534,137,"ice_full",NA
"4270",2010,-173.499835193402,63.229300841381,-81.1048831894363,141,-4.66284583333333,0.7852279440756,134,"ice_full","12"
"4271",2010,-172.531036156573,63.2202636505269,-59.8147666177908,141,-4.48424166666667,0.734906271711827,129,"ice_full","12"
"4272",2010,-171.517788346332,63.2312314078138,-41.2306858886903,141,-4.53335389952345,0.694547378547379,129,"ice_full","12"
"4273",2010,-170.607290256694,63.1712776977891,-23.5498835696461,141,-2.24304298509146,0.650516930879495,128,"ice_full","12"
"4276",2010,-167.445426422477,63.283332506092,-25.9040745780417,149,-24.4318083333333,0.848554261739418,150,"ice_full","14"
"4277",2010,-166.542221304195,63.2841385002502,-23.0474545222379,149,-38.1476833333333,0.851972741293694,152,"ice_full","14"
"4280",2010,-178.421241259419,63.7380338453277,-73.4850317593882,149,-12.4650680555556,0.832464133089133,147,"ice_full",NA
"4281",2010,-177.617532909626,63.7448073076394,-82.5132932541595,157,-15.9262152777778,0.838112128396556,148,"ice_full",NA
"4282",2010,-176.458295782037,63.7708605355951,-91.3385087962026,149,-11.4792597222222,0.840512870718463,144,"ice_full",NA
"4283",2010,-175.408139732023,63.7412022491756,-83.1125287605679,149,-7.28420694444444,0.825557343719381,138,"ice_full",NA
"4284",2010,-174.538736449217,63.7915447347038,-78.3536950376461,141,-5.84718194444444,0.749654462413896,136,"ice_full",NA
"4285",2010,-173.487302681281,63.7841912907729,-68.8560253533663,141,-7.56143888888889,0.676225426362562,133,"ice_full",NA
"4286",2010,-172.590920248818,63.8228483144036,-53.7572028328239,141,-8.4177375,0.652903799120922,126,"ice_full","12"
"4287",2010,-171.499487244864,63.8355474723527,-24.23388020146,141,-9.66944297863114,0.726753122588735,126,"ice_full","12"
"4288",2010,-170.522728583537,63.8537815565498,-29.4856235258914,141,-6.05020526378572,0.816769587408476,129,"ice_full","12"
"4289",2010,-169.603690937776,63.8206376393644,-30.1517377032136,141,-5.26247638888889,0.834792640692641,140,"ice_full","12"
"4290",2010,-168.599903136895,63.8270414595747,-29.6347161652203,149,-12.6444152777778,0.853229274499655,145,"ice_full","14"
"4291",2010,-167.484567169274,63.7526831365658,-26.3469937169872,149,-20.9474083333333,0.859617302955665,146,"ice_full","14"
"4292",2010,-166.5,63.7499974568685,-25.6111111111111,149,-32.4962541666667,0.848070522712884,147,"ice_full","14"
"4294",2010,-179.506293875555,64.2472153536811,-53.2699735058092,141,10.465075,0.851314591377091,141,"ice_full",NA
"4295",2010,-178.477868695973,64.2454293335002,-72.9546281933032,141,-1.47514166666667,0.848165510776176,139,"ice_full",NA
"4296",2010,-177.546583322148,64.2873055047334,-75.1306217271697,149,-11.9960513888889,0.784595052796023,146,"ice_full",NA
"4297",2010,-176.373373195791,64.3012620455559,-85.9390820095923,149,-10.8576944444444,0.773458394009999,139,"ice_full",NA
"4298",2010,-175.552045964295,64.2927689472182,-82.341452314623,141,-5.75131527777778,0.701288306753519,136,"ice_full",NA
"4299",2010,-174.395781961726,64.2832663426214,-65.4996554657659,141,-4.36133194444445,0.630153908667765,136,"ice_full",NA
"4300",2010,-173.539778579633,64.1730700855232,-42.0647941465414,133,-4.798171043877,0.625534162596663,134,"ice_full",NA
"4301",2010,-172.486251356503,64.2196264529072,-35.691223478112,133,-6.09599545950946,0.694133458646616,125,"ice_full",NA
"4302",2010,-171.533917204984,64.2914581706062,-39.9806294740118,165,-8.06344583333333,0.759678014480646,125,"ice_free","12"
"4303",2010,-170.498344416282,64.2405096851424,-42.9504966117819,141,-10.0886208333333,0.825381787623411,127,"ice_full","12"
"4304",2010,-169.551353265856,64.2185641179567,-39.1127644887327,141,-9.75033472222222,0.864988723872387,131,"ice_full","12"
"4305",2010,-168.635778031259,64.2482936967094,-32.8477790880503,141,-11.3203611111111,0.847028333392917,141,"ice_full","14"
"4306",2010,-167.430253534732,64.2849612249844,-25.8265700483092,149,-22.2169680555556,0.825465969611529,144,"ice_full","14"
"4312",2010,-179.556659394833,64.7964958356003,-53.6148042929293,141,20.1901305555556,0.831049598495058,136,"ice_full",NA
"4313",2010,-178.434035201586,64.7711894028513,-68.0551368882428,133,11.1389333333333,0.798216963973745,136,"ice_full",NA
"4314",2010,-177.507212172114,64.7715319732904,-54.8539812635967,133,1.30286666666667,0.728345383161126,136,"ice_full",NA
"4315",2010,-176.424717170228,64.7554147294133,-64.7902213159851,133,-4.57489305555556,0.657242902930403,134,"ice_full",NA
"4316",2010,-175.538290601981,64.698613951006,-48.1076122167247,141,-3.45174312099704,0.648703706853112,135,"ice_full",NA
"4318",2010,-172.113980242966,64.782998205122,-28.8043685073811,149,3.0037419852409,0.78143146494709,126,"ice_free",NA
"4319",2010,-171.53219260998,64.7859381858319,-39.3211355848992,149,-7.57149444444444,0.801567751391645,126,"ice_free",NA
"4320",2010,-170.633945657659,64.8029007960867,-45.5553522476023,165,-12.5127083333333,0.841267364485477,128,"ice_free",NA
"4321",2010,-169.495489639788,64.7437674785026,-46.6314528481537,149,-10.8039097222222,0.852927853317253,132,"ice_full","14"
"4322",2010,-168.619599377667,64.7297093488168,-36.8079206924316,141,-12.4898819444444,0.82740958749755,138,"ice_full","14"
"4323",2010,-167.458266713022,64.7412587053785,-23.0664318624845,149,-20.6110083333333,0.777047540885041,140,"ice_full","14"
"4325",2010,-179.363149444222,65.1738431169201,-45.5673776288907,133,19.835077957555,0.785314722603785,134,"ice_full",NA
"4326",2010,-178.453789338462,65.2608800629299,-40.1000275663879,133,15.6540381832948,0.746205035994098,134,"ice_full",NA
"4327",2010,-177.561799891054,65.2468801283084,-27.3444430397395,133,7.82923323059421,0.68445079954424,131,"ice_full",NA
"4328",2010,-176.510592157268,65.2456600459345,-29.9790184601286,133,0.296146910190748,0.608897860449735,130,"ice_full",NA
"4331",2010,-171.531947674043,65.2668741693557,-30.8184935919024,149,-7.79482916666667,0.80654771090535,129,"ice_full",NA
"4332",2010,-170.595595466001,65.2443648678125,-39.0624886253562,149,-12.0498472222222,0.766361455085506,142,"ice_full",NA
"4333",2010,-169.477589605188,65.2435594431559,-47.1008198924731,149,-11.7242722222222,0.795306135735544,142,"ice_full","14"
"4334",2010,-168.495968878686,65.1909204807593,-48.2183736402486,141,-13.4057736111111,0.792881105589535,139,"ice_full","14"
"4339",2010,-170.333639760317,65.7242392181127,-30.0368761954443,165,-11.9093687499249,0.771302016615613,144,"ice_free",NA
"4340",2010,-169.586630978044,65.7670634392221,-41.1824547267656,165,-15.3334111111111,0.785426663503566,145,"ice_full",NA
"4341",2010,-168.522606904444,65.7436306125169,-46.2001067368099,157,-14.7186851787102,0.806165307172252,147,"ice_full",NA
"4345",2011,-165.51146176883,54.7521296773044,-176.355195024544,133,-10.8411777777778,0,0,"ice_free","16"
"4356",2011,-166.476825107096,55.263196697033,-135.368970017911,125,-6.59430416666667,0,0,"ice_free","4"
"4357",2011,-165.504499109084,55.2509151149498,-117.755898694849,133,-6.68430138888889,0,0,"ice_free","4"
"4358",2011,-164.504895507263,55.2659194560434,-89.2116217521658,133,-6.70747777777778,0,0,"ice_free","1"
"4367",2011,-167.496220467793,55.7366341980868,-134.019526535104,149,-3.411425,0,0,"ice_free","4"
"4368",2011,-166.476906382638,55.7528881323214,-126.642905202541,149,-3.34244166666666,0,0,"ice_free","4"
"4369",2011,-165.528563354504,55.7420252281874,-110.688166234421,141,-5.66620138888889,0,0,"ice_free","4"
"4370",2011,-164.49462098616,55.7261259978893,-96.1670904447947,141,-7.58191388888889,0,0,"ice_free","3"
"4371",2011,-163.463021973507,55.7472294310079,-83.1688873127438,141,-7.46787638888889,0,0,"ice_free","1"
"4372",2011,-162.574613247108,55.7924653027453,-55.5135718855475,101,-11.7253742344707,0,0,"ice_free","1"
"4382",2011,-167.503967505541,56.2459531132023,-128.196962122623,149,1.30972222222222,0,0,"ice_free","4"
"4383",2011,-166.468368071543,56.2232023627391,-110.321846050241,149,-11.7781569444444,0,0,"ice_free","4"
"4384",2011,-165.485513924472,56.2374281671694,-92.3617640655197,149,-17.0036180555556,0,0,"ice_free","3"
"4385",2011,-164.470701689046,56.2367242897308,-86.5943727782416,149,-13.2629347222222,0,0,"ice_free","3"
"4386",2011,-163.467793546165,56.232992250076,-85.3682681901113,149,-10.9236402777778,0,0,"ice_free","3"
"4387",2011,-162.497306033113,56.2462846371296,-76.0632489805792,133,-15.2671722222222,0,0,"ice_free","1"
"4388",2011,-161.498704097244,56.2473928767846,-54.1340095536154,133,-18.5839097222222,0,0,"ice_free","1"
"4394",2011,-171.395216783187,56.7607991770319,-135.368911740764,165,7.64521388888889,0,0,"ice_free","8"
"4395",2011,-170.447170478576,56.7813852914911,-97.2329385598829,133,-16.2549722222222,0,0,"ice_free","5"
"4396",2011,-169.480170032806,56.7640346885872,-68.9330490915639,141,-19.0536736111111,0,0,"ice_free","5"
"4397",2011,-168.545996758553,56.7571451287609,-93.4606447588187,165,-7.40397083333333,0,0,"ice_free","3"
"4398",2011,-167.510027626094,56.7451505615578,-93.0304950264019,165,-23.6233666666667,0,0,"ice_free","3"
"4399",2011,-166.47744871526,56.7525813775879,-81.2635426808951,149,-45.8464736111111,0,0,"ice_free","3"
"4400",2011,-165.52323313204,56.7588781751221,-75.3816399794526,149,-51.4473305555556,0,0,"ice_free","3"
"4401",2011,-164.45354218336,56.74968043304,-73.2790309396349,149,-53.5229013888889,0,0,"ice_free","3"
"4402",2011,-163.48267157605,56.7493069302247,-71.81724886222,157,-47.3285527777778,0,0,"ice_free","3"
"4403",2011,-162.478792462573,56.7388095032174,-67.8068599369369,133,-44.9340833333333,0,0,"ice_free","3"
"4404",2011,-161.504627395675,56.7446003584974,-71.0566615348996,133,-43.4700708333333,0,0,"ice_free","3"
"4405",2011,-160.502149115993,56.757570052768,-60.4456289183406,101,-52.3135944444444,0,0,"ice_free","3"
"4410",2011,-172.495615579959,57.2676663130917,-132.808199417486,149,14.8100972222222,0,0,"ice_free","8"
"4411",2011,-171.42449190005,57.2820318147577,-106.872789897277,141,5.54052222222222,0,0,"ice_free","6"
"4412",2011,-170.494890269048,57.258590827429,-63.6310413572766,133,-30.6772125,0,0,"ice_free","5"
"4413",2011,-169.449405120372,57.2114381685626,-65.8424164354282,133,-41.9249763888889,0,0,"ice_free","6"
"4414",2011,-168.452828007109,57.2239004107769,-77.9621379497666,133,-32.4975916666667,0,0,"ice_free","3"
"4415",2011,-167.51677529784,57.2233912060332,-71.415658200727,133,-57.3778930555556,0.0569382027116402,114,"ice_full","3"
"4416",2011,-166.608401186268,57.197026441441,-73.7139020395646,133,-71.5881125,0.137538625107666,116,"ice_full","3"
"4417",2011,-165.456183607199,57.1786142765771,-70.5512125978819,125,-74.3113291666667,0.183222022669221,117,"ice_full","3"
"4418",2011,-164.505119982622,57.202434272122,-67.249285919022,101,-74.5855638888889,0.206792624521073,117,"ice_full","3"
"4419",2011,-163.478798184801,57.1917202514718,-63.4831525613166,157,-74.7144152777778,0.257301396963824,116,"ice_free","3"
"4420",2011,-162.475146526052,57.2177332457379,-56.2019734854156,141,-76.9710180555556,0.268538097993827,114,"ice_free","3"
"4421",2011,-161.436056650791,57.2134215424186,-57.8978072902096,133,-77.2447541666667,0.241828392094017,82,"ice_free","3"
"4422",2011,-160.478936879215,57.2285824824192,-61.4892990537835,133,-81.9817569444444,0.13073563453159,81,"ice_free","3"
"4423",2011,-159.501612138973,57.2465037646108,-49.9243368423162,101,-67.0959986111111,0.088853945035461,77,"ice_free","2"
"4427",2011,-172.469794829833,57.7616584745194,-120.797858335684,149,-2.92333611111111,0,0,"ice_free","8"
"4428",2011,-171.439048355688,57.7367586126427,-97.1238904309588,149,-19.4372027777778,0.0294662808641975,120,"ice_free","6"
"4429",2011,-170.536148111229,57.747567843422,-76.1267443181525,133,-52.9885430555556,0.101351913416076,124,"ice_full","6"
"4430",2011,-169.517964414596,57.7504859285652,-66.7633507378,133,-68.33555,0.118753386032309,124,"ice_full","6"
"4431",2011,-168.50159906449,57.7149646602602,-73.1838867104267,133,-60.0544694444444,0.143932387057387,121,"ice_full","6"
"4432",2011,-167.597785021485,57.7128832795751,-62.8440512773976,133,-68.0443305555556,0.244684619633838,118,"ice_full","3"
"4433",2011,-166.467144753818,57.7796879724485,-63.1085441030302,141,-78.0466375,0.356631199446573,117,"ice_free","3"
"4434",2011,-165.459467999913,57.748217041248,-64.8016892348747,157,-74.6662166666667,0.404539549137205,118,"ice_free","3"
"4435",2011,-164.528899640008,57.6741615513764,-51.1064750006336,125,-73.1260694444444,0.439858309659091,118,"ice_full","2"
"4436",2011,-163.420635695158,57.7266882246759,-49.0147530991593,133,-76.8548375,0.482550806194125,117,"ice_full","2"
"4437",2011,-162.484931182393,57.7266236698996,-46.7211425261811,133,-79.7485444444444,0.464354874727669,115,"ice_full","2"
"4438",2011,-161.403999605661,57.7602438561184,-39.7142906540691,141,-80.8566902777778,0.395416889781348,113,"ice_free","2"
"4439",2011,-160.47128140498,57.7187422832965,-48.9505225395714,101,-81.0418583333333,0.377666835016835,85,"ice_full","3"
"4440",2011,-159.478506549306,57.7493934399402,-43.9005760866813,101,-54.827,0.25919573539886,82,"ice_full","2"
"4445",2011,-173.521402784521,58.2854691084192,-122.454204623918,149,-19.4244388888889,0,0,"ice_free","8"
"4446",2011,-172.507382206002,58.2723135462618,-113.940179211903,149,-47.6440944444444,0.041411837913182,123,"ice_free","8"
"4447",2011,-171.598588580366,58.2283571340163,-99.0154985887761,149,-54.2093125,0.126011135477583,125,"ice_free","6"
"4448",2011,-170.550724131704,58.1865904702815,-88.610309907859,133,-66.7078847222222,0.253252218364198,126,"ice_full","6"
"4449",2011,-169.385575462693,58.2243490018263,-73.9157912533529,133,-72.9282,0.335027960526316,125,"ice_full","6"
"4450",2011,-168.604948509051,58.2165981223472,-72.1389223510059,133,-67.9210680555556,0.396681786840032,124,"ice_full","6"
"4451",2011,-167.484262242383,58.2281874114498,-56.5621589821206,141,-59.9375444444444,0.493366056397306,118,"ice_free","6"
"4452",2011,-166.592961172077,58.2261063911296,-53.0619372384492,133,-58.5827694444444,0.58500256758195,117,"ice_full","2"
"4453",2011,-165.452337445516,58.2809128689419,-46.8010660415458,133,-56.6961277777778,0.629637877820349,117,"ice_full","2"
"4454",2011,-164.569498241153,58.2689639831467,-41.7914474442086,133,-59.3873944444444,0.639382436675181,117,"ice_full","2"
"4455",2011,-163.488341100444,58.2474718788614,-37.546468529351,133,-62.8629583333333,0.635298718776916,116,"ice_full","2"
"4456",2011,-162.401114528726,58.2594117259692,-41.6258724177943,133,-59.0841569444444,0.553157230392157,115,"ice_full","2"
"4467",2011,-173.559794242606,58.7290407360073,-125.137354705084,149,-40.0167861111111,0.0434476899579992,127,"ice_free","8"
"4468",2011,-172.627471283345,58.7007950588403,-116.592688455554,133,-51.8811958333333,0.122831455498866,128,"ice_full","8"
"4469",2011,-171.595660662569,58.679684087168,-93.7598211306545,149,-55.5996777777778,0.270598753741115,129,"ice_full","6"
"4470",2011,-170.357129342032,58.7340095259003,-94.6434778104662,133,-58.2773027777778,0.433892337490552,128,"ice_full","6"
"4471",2011,-169.482846420284,58.7389426250279,-84.6709033644914,133,-59.4022611111111,0.545122166763117,126,"ice_full","6"
"4472",2011,-168.573459734278,58.7054643245463,-60.1663923853899,133,-52.3508388888889,0.629196808510638,124,"ice_full","7"
"4473",2011,-167.502565898737,58.7599264582736,-47.3342354393949,133,-41.1110847222222,0.693395873243934,117,"ice_full","7"
"4474",2011,-166.491944462586,58.7612558036462,-42.2165258738961,133,-37.7406305555556,0.708972004357298,115,"ice_full","7"
"4475",2011,-165.468588889936,58.7337455974224,-35.1476164889309,125,-38.0679513888889,0.712445749892334,116,"ice_full","2"
"4476",2011,-164.515936219577,58.744227727558,-31.8403419593312,133,-41.5687041666667,0.711928090958606,115,"ice_full","2"
"4477",2011,-163.438941623551,58.7486769533936,-24.9671211127093,133,-43.9587166666667,0.660102369281046,115,"ice_full","2"
"4483",2011,-176.424346528637,59.2585447173875,-147.622879925494,149,38.2713958333333,0,0,"ice_free","8"
"4484",2011,-175.542693921593,59.2404921097089,-131.418434592187,141,9.45960555555556,0,0,"ice_free","8"
"4485",2011,-174.454790777201,59.2104160892304,-120.637295756502,133,-21.8107319444444,0.0493960580726357,133,"ice_full","8"
"4486",2011,-173.591204769663,59.2146345800511,-127.899196258732,133,-42.6359611111111,0.134915812657318,133,"ice_full","8"
"4487",2011,-172.532199711956,59.2651972908123,-105.936992101276,149,-47.0690472222222,0.290700609864672,134,"ice_full","9"
"4488",2011,-171.592881753234,59.2065107088394,-70.4587736932043,149,-46.1859625,0.470268729967949,134,"ice_full","9"
"4489",2011,-170.410219404724,59.169184598376,-73.9805906993761,133,-46.6540569444444,0.584501943994966,133,"ice_full","6"
"4490",2011,-169.500204568329,59.1859183398499,-66.4618811288894,133,-45.7641694444444,0.67088312523382,129,"ice_full","6"
"4491",2011,-168.506669266497,59.3111381552664,-47.9185936215662,125,-38.9787888888889,0.749433918128655,125,"ice_full","7"
"4492",2011,-167.541487561071,59.2615656587381,-41.1113305283883,157,-30.5039652777778,0.740170586069024,118,"ice_free","7"
"4493",2011,-166.465031166724,59.2046030980747,-33.3317817315515,117,-27.3841597222222,0.707083140432099,114,"ice_full","7"
"4494",2011,-165.491609491884,59.2409474120306,-24.004776641913,117,-26.7451416666667,0.678367864923747,115,"ice_full","7"
"4495",2011,-164.45763989531,59.2734544852815,-22.1985206483297,157,-29.7076041666667,0.663163607804233,114,"ice_free","2"
"4499",2011,-177.48004290501,59.7563756334691,-164.371514361164,133,48.9663708333333,0,0,"ice_free","8"
"4500",2011,-176.496754355149,59.7198786776384,-126.315686169102,133,39.8427638888889,0,0,"ice_free","8"
"4501",2011,-175.509207158011,59.7413094679643,-125.280972169896,125,6.17560555555556,0.0440876322751323,128,"ice_full","8"
"4502",2011,-174.490695808239,59.7163004430551,-108.40454605709,141,-17.3531194444444,0.115971008629989,133,"ice_full","8"
"4504",2011,-172.596132452358,59.6418885432991,-113.783521577458,149,-42.9180097222222,0.489641739540466,138,"ice_full","9"
"4505",2011,-171.663148798847,59.6589536715504,-79.0559055594445,149,-40.2653069444444,0.632786961318795,137,"ice_full","9"
"4506",2011,-170.596294123698,59.7028961141239,-68.1884555969819,149,-41.8895375,0.691223772711391,136,"ice_full","9"
"4507",2011,-169.410969460243,59.7816377821405,-51.3806235244785,133,-40.4818722222222,0.732800022045855,135,"ice_full","11"
"4508",2011,-168.444611595836,59.7162626599085,-44.1622914241474,125,-30.6860222222222,0.761033612055933,128,"ice_full","7"
"4509",2011,-167.481361805673,59.6766502995948,-32.7958906951118,125,-24.3614708333333,0.699593028176026,123,"ice_full","7"
"4513",2011,-177.541822646747,60.2478754262882,-145.89846361257,133,36.9118083333333,0,0,"ice_free","8"
"4514",2011,-176.55192100431,60.1976422401125,-134.149593651882,133,14.1240680555556,0.0761862962962963,130,"ice_full","8"
"4515",2011,-175.597568199298,60.2144983217705,-121.474274815332,133,-16.6864680555556,0.16281948983297,132,"ice_full","8"
"4518",2011,-172.572132968105,60.2861813814924,-43.0917985501977,149,-29.9492279189436,0.60933841540404,140,"ice_full","9"
"4519",2011,-171.532838142867,60.31521786262,-53.9877525721918,149,-31.3464402777778,0.762641320506286,139,"ice_full","9"
"4520",2011,-170.467739691479,60.27596837338,-61.7008932111816,141,-35.0360361111111,0.769865344221536,138,"ice_full","9"
"4521",2011,-169.602578141744,60.21187646805,-47.6128552610781,149,-34.5737930555556,0.770822267653167,137,"ice_full","11"
"4522",2011,-168.599614165886,60.2203137626978,-41.5641120201751,141,-27.8363847222222,0.754620855379189,135,"ice_full","11"
"4523",2011,-167.526817480702,60.3468011802607,-28.1915075437279,141,-23.2530502036957,0.71692071197411,133,"ice_full","11"
"4527",2011,-178.392487700836,60.7731489949381,-172.459043070051,149,36.3516333333333,0,0,"ice_free","8"
"4528",2011,-177.560111529675,60.7468795906027,-144.599511252878,133,7.12302361111111,0.0951697644335512,132,"ice_full","8"
"4531",2011,-174.6566771327,60.6604039590335,-84.7289308333767,141,-32.8810805555556,0.52154116908965,137,"ice_full","9"
"4532",2011,-173.603256684876,60.7075378850129,-65.9302363688093,149,-24.5667361111111,0.630429047740401,139,"ice_full","9"
"4533",2011,-172.444736651579,60.7515755379554,-60.148720898524,149,-28.2049197735192,0.800556712962963,145,"ice_full","9"
"4534",2011,-171.475280666509,60.7496395436488,-57.1988271344169,141,-27.0637805555556,0.827598348627645,142,"ice_full","9"
"4535",2011,-170.483357911131,60.7630099883918,-52.2932812535204,141,-26.0878347222222,0.813374989381583,139,"ice_full","9"
"4536",2011,-169.530257327996,60.7353769658727,-46.1412417337599,157,-26.3365805555556,0.801162339910003,137,"ice_full","11"
"4537",2011,-168.523275078398,60.7403824193656,-37.7714380266068,141,-26.2244513888889,0.775421132512229,136,"ice_full","11"
"4538",2011,-167.489612789429,60.7557135778148,-28.3704903981295,141,-21.6666138888889,0.715029699298813,133,"ice_full","11"
"4542",2011,-178.468343860943,61.1942681476334,-162.985360980416,133,16.4538694444444,0.0774909928492849,131,"ice_full",NA
"4543",2011,-177.545492961523,61.2546202738545,-130.962080335158,133,-9.19766944444445,0.203579298941799,135,"ice_full","8"
"4546",2011,-174.512064545196,61.1608466892944,-81.2866918627327,141,-31.9631888888889,0.64348228663446,145,"ice_full","9"
"4547",2011,-173.484325824143,61.17441073893,-66.6951165717917,149,-27.8492444444444,0.743338605967078,147,"ice_full","10"
"4548",2011,-172.503765346467,61.2074594385814,-54.9878913012755,149,-28.8282625,0.824017509496676,147,"ice_full","10"
"4549",2011,-171.458010711199,61.288374698071,-67.0388561474163,141,-20.6253194444444,0.842756182992203,144,"ice_full","10"
"4550",2011,-170.528794333239,61.3066997395308,-47.9792132028011,141,-12.5391,0.836359412164458,139,"ice_full","10"
"4551",2011,-169.524579278534,61.2621096455003,-44.0493664887664,141,-15.1740375,0.818164534036351,138,"ice_full","11"
"4552",2011,-168.461170574669,61.2680059189306,-35.0896604938272,141,-17.6293638888889,0.793448598130841,137,"ice_full","11"
"4553",2011,-167.341032383337,61.2558607325765,-23.6312400000571,133,-15.2104416666667,0.729012585400935,133,"ice_full","11"
"4556",2011,-178.559355925603,61.7683475906142,-131.616839690167,125,11.0758208333333,0.164685046296296,130,"ice_full",NA
"4559",2011,-175.554246068517,61.7966857617036,-93.5245830558331,149,-18.8388125,0.587967683172303,145,"ice_full","10"
"4560",2011,-174.726663793174,61.853815244459,-70.9957101581433,149,-17.0521902777778,0.685897267727129,147,"ice_full","10"
"4562",2011,-172.2863494802,61.8387310102223,-51.7764051825403,149,-16.5768291666667,0.791254070543001,148,"ice_full","10"
"4563",2011,-171.477768312937,61.7794791253486,-60.4276209115437,133,-6.45610138888889,0.789809966216216,141,"ice_full","10"
"4564",2011,-170.544688732562,61.7413339497848,-49.0883571036626,141,1.18085972222222,0.811687934027778,134,"ice_full","10"
"4565",2011,-169.519960318836,61.7406072492636,-41.8872171765349,141,-1.89398611111111,0.803873274605624,138,"ice_full","11"
"4566",2011,-168.50708005696,61.7647217862442,-34.1719945988904,141,-8.95943055555556,0.803644272426096,139,"ice_full","11"
"4567",2011,-167.468974682915,61.7291039802216,-25.1193798032033,165,-12.0780736111111,0.751391517393562,137,"ice_free","11"
"4569",2011,-179.577127034365,62.2481340076111,-120.267849740891,125,27.7229152777778,0.268303736772487,107,"ice_full",NA
"4570",2011,-178.495386730987,62.2394877587294,-132.069667416768,125,11.7526472222222,0.319071606634107,121,"ice_full",NA
"4571",2011,-177.627093977089,62.262423265012,-102.922137935469,133,-0.752222222222222,0.445817531179138,128,"ice_full",NA
"4572",2011,-176.527103161831,62.2507950643886,-96.7869489776689,133,-3.67928472222222,0.581786627121914,126,"ice_full",NA
"4573",2011,-175.602422671015,62.2741735167835,-84.1925590469288,133,1.64795694444444,0.688966581384016,125,"ice_full","10"
"4574",2011,-174.614984035671,62.2244971025745,-69.9289105495387,133,2.62997916666667,0.767824192176871,128,"ice_full","10"
"4575",2011,-173.49344836515,62.3756729104797,-58.211364342778,133,1.34035694444444,0.78064181049982,133,"ice_full","10"
"4576",2011,-172.426026739347,62.2661053988003,-49.1946489182982,133,2.44204166666667,0.831786434220679,126,"ice_full","10"
"4577",2011,-171.452469449205,62.2796312517722,-47.2920464974162,133,5.35954027777778,0.868891563786008,120,"ice_full","10"
"4578",2011,-170.495757886815,62.2767302792395,-43.9421561959914,133,8.63580694444444,0.861066102267998,119,"ice_full","10"
"4579",2011,-169.452314863883,62.3109229537618,-37.4525900215159,133,7.19532638888889,0.762551886792453,136,"ice_full","10"
"4580",2011,-168.548066794891,62.3067947252231,-32.2134353498195,141,-2.522775,0.807732491582492,140,"ice_full","11"
"4581",2011,-167.415744754357,62.2343891056505,-25.0021058917762,141,-10.3164625,0.799861721380471,140,"ice_full","11"
"4583",2011,-179.481938862484,62.7178050926064,-107.278857570842,117,28.2022541666667,0.46188855644208,124,"ice_full",NA
"4584",2011,-178.537603863957,62.7153576465691,-95.3278000614891,133,18.6808097222222,0.559222484016755,114,"ice_full",NA
"4585",2011,-177.685964218851,62.711926309609,-106.592407896897,133,6.48154166666667,0.60325294834308,125,"ice_full",NA
"4586",2011,-176.506760955176,62.7106057423153,-97.4785928318785,133,3.45244861111111,0.668751193576389,126,"ice_full",NA
"4587",2011,-175.512780065294,62.7191376617905,-84.7916646925385,133,8.86300277777778,0.715372217297084,124,"ice_full",NA
"4588",2011,-174.478069359651,62.7970550208152,-79.9970428710759,149,10.7755125,0.785571218297102,122,"ice_free","10"
"4589",2011,-173.439161451028,62.7287069771088,-64.0209423205902,133,11.3972902777778,0.831064711934156,120,"ice_full","10"
"4590",2011,-172.463235623592,62.7562854225626,-55.7687631757098,133,9.559025,0.836446640888047,118,"ice_full","10"
"4591",2011,-171.524143826367,62.7785771565096,-45.101604014448,133,10.3677083333333,0.829979752022137,117,"ice_full","10"
"4592",2011,-170.406372614373,62.783156860973,-34.3010276294601,133,10.8502972222222,0.806711428725237,116,"ice_full","10"
"4593",2011,-169.553132044864,62.7843867114285,-30.0829194579715,133,8.83665885151434,0.730669801779935,133,"ice_full","10"
"4594",2011,-168.553725690852,62.7544687488093,-29.3138298082119,141,-1.20649444444445,0.783062593005952,142,"ice_full","11"
"4595",2011,-167.40891228579,62.735622894156,-25.2209411823044,141,-8.15660833333333,0.827826276220911,143,"ice_full","11"
"4598",2011,-179.352727159001,63.2315057537832,-85.2351949162733,149,34.3308027777778,0.59632387329932,128,"ice_free",NA
"4599",2011,-178.626922604464,63.2544116274871,-93.5352526916529,133,29.1855847222222,0.631904060990338,122,"ice_full",NA
"4600",2011,-177.587565783425,63.2470007199002,-102.348177904794,133,14.0481958333333,0.696342928614098,123,"ice_full",NA
"4601",2011,-176.587750225911,63.295940374259,-94.9535860610766,133,7.54736944444444,0.72955503054601,127,"ice_full",NA
"4602",2011,-175.534085214153,63.3066409121619,-86.4457546135696,133,9.54545138888889,0.718942475658648,127,"ice_full",NA
"4603",2011,-174.369130307761,63.3030135596,-75.3624604116608,133,11.3405819444444,0.768121006308506,121,"ice_full",NA
"4604",2011,-173.460567829248,63.2649264475219,-81.153439065451,125,11.1388208333333,0.81237142134951,117,"ice_full","12"
"4605",2011,-172.46401717643,63.2329061710315,-59.83970696677,133,8.53860555555556,0.788762152777778,116,"ice_full","12"
"4606",2011,-171.513692069707,63.1961932747311,-41.1147286682181,133,10.1684516560321,0.788349200581395,116,"ice_full","12"
"4607",2011,-170.597446387636,63.1486671199271,-24.4297557392495,133,9.78171395935298,0.766579071969697,118,"ice_full","12"
"4609",2011,-168.591118687586,63.2343389853089,-24.7057473009467,149,-3.56557754010284,0.837572783513602,143,"ice_full","12"
"4610",2011,-167.464493533475,63.2444895122415,-25.9129820621995,149,-8.3581625,0.848463868760064,145,"ice_full","14"
"4611",2011,-166.348973238501,63.2878507543129,-22.6731235396116,149,-16.5134125,0.793553331320451,145,"ice_full","13"
"4613",2011,-179.373463797013,63.7139936280878,-69.0938086344549,133,25.8896194444444,0.771175959636821,133,"ice_full",NA
"4614",2011,-178.519452981732,63.6857821100702,-72.0346928121457,133,24.8918763888889,0.726588425925926,130,"ice_full",NA
"4615",2011,-177.497077686643,63.7192957121641,-85.2109283685886,133,19.7407291666667,0.738854685088735,126,"ice_full",NA
"4616",2011,-176.61925532736,63.7387031362666,-91.4346517502922,133,15.3068513888889,0.776760046773578,127,"ice_full",NA
"4617",2011,-175.44395754882,63.7367346866683,-83.6726642948234,133,15.0191611111111,0.771049350897289,127,"ice_full",NA
"4618",2011,-174.528856821623,63.7997448738164,-79.1168482054533,125,14.0659083333333,0.772444892473118,123,"ice_full",NA
"4619",2011,-173.443210077182,63.7715732345654,-68.9666422281426,125,7.76692916666667,0.77320775462963,118,"ice_full",NA
"4620",2011,-172.512380620519,63.7792878991771,-52.9580501216082,133,4.39552638888889,0.748138619724376,116,"ice_full","12"
"4621",2011,-171.565918544987,63.8828897335926,-30.0969809540053,133,3.89354313247997,0.711076899143767,123,"ice_full","12"
"4622",2011,-170.614623308997,63.8702060831161,-30.942097690423,141,4.20646140288094,0.772304650256692,131,"ice_full","12"
"4623",2011,-169.526218638891,63.8068332034654,-29.5570932237272,141,5.10853055555556,0.829191481906218,139,"ice_full","12"
"4624",2011,-168.537790023783,63.7467551935811,-28.8856596111718,149,0.971209722222223,0.842717768270503,142,"ice_full","14"
"4625",2011,-167.511391192996,63.7574928647816,-26.3889344593219,149,-7.51035972222222,0.862262020792723,144,"ice_full","14"
"4626",2011,-166.533189076898,63.7422509299614,-25.703313998314,157,-5.17264305555556,0.786990328099839,145,"ice_full","14"
"4628",2011,-179.462664124413,64.2540240068224,-54.5112569126348,141,18.1740680555556,0.850901706104252,138,"ice_full",NA
"4629",2011,-178.499995602118,64.2586356237268,-72.0274378399378,133,18.4969763888889,0.83441474136396,134,"ice_full",NA
"4630",2011,-177.492985249506,64.2546214852009,-74.9808249051646,133,22.1881152777778,0.775646451366415,133,"ice_full",NA
"4631",2011,-176.444831982702,64.2682488610948,-86.1980849379392,133,20.0831388888889,0.759865243055556,130,"ice_full",NA
"4632",2011,-175.441167961629,64.2983818040995,-81.456181703607,133,18.8517055555556,0.746189125046764,129,"ice_full",NA
"4633",2011,-174.514741457909,64.2567276258172,-69.9212753732179,141,19.3007166666667,0.730817726231386,127,"ice_full",NA
"4634",2011,-173.544312921786,64.1730917663508,-42.4730751394461,125,14.6715859005674,0.748843457468457,121,"ice_full",NA
"4635",2011,-172.445091227069,64.2031355290374,-36.7288867959619,149,7.77310176271276,0.717724713164251,122,"ice_free",NA
"4636",2011,-171.510869600959,64.2703102482562,-42.7206209754182,141,1.41381111111111,0.719238463261649,123,"ice_full","12"
"4637",2011,-170.532358438966,64.2709089724177,-43.3595367604696,149,2.84460833333333,0.793790581597222,126,"ice_free","12"
"4638",2011,-169.561666644815,64.2717714560666,-39.9861860183456,149,6.93789444444445,0.846725794604701,134,"ice_full","12"
"4639",2011,-168.625685963553,64.2656195366777,-32.8900236614683,149,4.59491666666667,0.823975633528265,144,"ice_full","14"
"4640",2011,-167.384668993122,64.2718814264417,-26.0144544147459,149,-3.97259305555556,0.800052083333333,146,"ice_full","14"
"4647",2011,-178.4488039549,64.7438490734789,-65.9670576848626,141,19.3807736111111,0.826316971801347,140,"ice_full",NA
"4648",2011,-177.41799531357,64.7737134522738,-56.7452232650207,125,19.0048111111111,0.778792868165785,135,"ice_full",NA
"4649",2011,-176.476418320804,64.7818449468765,-62.16212913182,125,14.7666347222222,0.729040373093682,132,"ice_full",NA
"4650",2011,-175.546500834963,64.7018224478946,-51.0522265208069,141,17.3886735456696,0.722448283370004,131,"ice_full",NA
"4652",2011,-172.12817286885,64.7567048347436,-32.7082065550985,157,18.0071100407965,0.771402063632782,124,"ice_free",NA
"4653",2011,-171.553319304585,64.769511074391,-40.0775183019382,149,5.03989444444445,0.78772219785575,125,"ice_free",NA
"4654",2011,-170.537199218252,64.7478157205977,-47.5904998866664,149,1.19225694444444,0.836558741408935,127,"ice_free","12"
"4655",2011,-169.525843208863,64.7558791192929,-47.0004102830422,149,4.44063888888889,0.866207840575724,131,"ice_full","12"
"4656",2011,-168.592801463089,64.7671685602569,-37.1163927376003,133,4.12963194444445,0.798170565302144,144,"ice_full","14"
"4657",2011,-167.382180335391,64.7429531929696,-22.8860712505329,149,-4.91507083333333,0.747392618312757,147,"ice_full","14"
"4659",2011,-179.289246078548,65.1832031364049,-48.5498088985743,165,18.5091751797773,0.792749378252219,151,"ice_full",NA
"4661",2011,-177.430788347045,65.2459756386017,-27.9346489371277,125,22.6952054528164,0.734086387602881,138,"ice_full",NA
"4662",2011,-176.518155275027,65.2411797657048,-30.5959147625139,141,19.8490288546352,0.694549277166317,136,"ice_full",NA
"4665",2011,-171.540070886903,65.2333407592982,-31.1538418454573,133,8.27086527777778,0.833786225658648,127,"ice_full",NA
"4666",2011,-170.584605344424,65.2453240485684,-38.8346165980758,149,1.01404166666667,0.849420648148148,130,"ice_full",NA
"4667",2011,-169.528168712861,65.2454039498546,-46.5163485278362,149,2.03034583333333,0.849824925108932,132,"ice_full","14"
"4668",2011,-168.496979014124,65.2466191305977,-47.6789198734732,133,1.15943472222222,0.772294995493281,143,"ice_full","14"
"4673",2011,-170.168942715066,65.6296476455274,-37.0394331278478,149,3.96274930563061,0.835063827614379,132,"ice_full",NA
"4674",2011,-169.542189516745,65.7267045930199,-41.9169030432916,149,5.67061666666667,0.802545138888889,135,"ice_full",NA
"4675",2011,-168.548477617838,65.7777617356762,-45.4637006016018,141,0.519925932400933,0.754346437198068,145,"ice_full",NA
"4679",2012,-165.489768113801,54.7692509860135,-173.191579882303,165,-104.176038888889,0,0,"ice_free","16"
"4690",2012,-166.455908952602,55.2508521906298,-135.459588499381,165,-110.561873611111,0,0,"ice_free","4"
"4691",2012,-165.446731813002,55.2628038241611,-116.561015374136,165,-112.264058333333,0,0,"ice_free","4"
"4692",2012,-164.466369317112,55.2880582725317,-88.1131093352338,117,-112.99595,0,0,"ice_free","1"
"4701",2012,-167.519531858977,55.7497208953993,-133.11117739699,165,-113.532675,0,0,"ice_free","4"
"4702",2012,-166.447468020432,55.770915616962,-125.841949584498,165,-122.686052777778,0,0,"ice_free","4"
"4703",2012,-165.467766042418,55.7603164750537,-108.89964551328,117,-133.398423611111,0,0,"ice_free","4"
"4704",2012,-164.494225395482,55.7441183157705,-95.9126363627958,117,-119.687990277778,0,0,"ice_free","3"
"4705",2012,-163.511287448426,55.732672672692,-83.4967820274735,117,-110.342563888889,0.0188221223674655,81,"ice_free","1"
"4706",2012,-162.620958136531,55.7874696741229,-57.8123116557238,117,-124.015165901137,0.101146804062127,92,"ice_free","1"
"4716",2012,-167.369876729647,56.2595263251076,-124.213649668455,117,-137.904618055556,0.0333547344514326,83,"ice_free","4"
"4717",2012,-166.447220087069,56.2163602271945,-110.473377623662,117,-145.189406944444,0.0692379469987229,88,"ice_free","4"
"4718",2012,-165.512913102947,56.2026100859888,-93.7602642196717,117,-146.677506944444,0.116436287477954,93,"ice_free","3"
"4719",2012,-164.473977212547,56.2275301041516,-87.4580467535473,117,-128.466233333333,0.111435313786008,93,"ice_free","3"
"4720",2012,-163.465160915281,56.2284537000895,-85.6945522564877,117,-124.767633333333,0.115561048647854,93,"ice_free","3"
"4721",2012,-162.510832191823,56.2363043141967,-76.4916016456762,117,-144.371373611111,0.201599670584046,121,"ice_full","1"
"4722",2012,-161.491572189237,56.2600114596955,-55.9197557831389,133,-177.528180555556,0.397003374756335,125,"ice_full","1"
"4727",2012,-172.529445616147,56.7626193948492,-174.969890044991,117,-127.788568055556,0,0,"ice_free","8"
"4728",2012,-171.473575394461,56.7462286313129,-138.880608347685,117,-140.490931944444,0.0945568214699074,102,"ice_full","8"
"4729",2012,-170.499867804453,56.7670338795253,-100.399890588413,117,-143.748340277778,0.127473889440035,114,"ice_full","5"
"4730",2012,-169.543686360223,56.700251737728,-67.1067835309477,117,-149.428013888889,0.213176925505051,118,"ice_full","5"
"4731",2012,-168.458403692585,56.7365552951855,-94.5218337421179,117,-148.764838888889,0.163004098360656,91,"ice_free","3"
"4732",2012,-167.371967562129,56.6893583431391,-96.0159897869774,117,-151.788227777778,0.223331835511983,115,"ice_full","3"
"4733",2012,-166.495847968066,56.7210416951499,-83.6357951102315,117,-154.787133333333,0.298141303265631,123,"ice_full","3"
"4734",2012,-165.519393799054,56.7169707440833,-76.1543223343007,117,-140.077469444444,0.330474913867356,116,"ice_full","3"
"4735",2012,-164.462108915869,56.7361565783462,-73.7412041765709,117,-133.803248611111,0.308644465488216,118,"ice_full","3"
"4736",2012,-163.503837079585,56.7185774170077,-72.9237547270239,117,-135.087129166667,0.317850694444444,121,"ice_full","3"
"4737",2012,-162.534312175439,56.7223783026744,-68.7539972101433,133,-145.232104166667,0.407235004025765,122,"ice_full","3"
"4738",2012,-161.453259559154,56.7216084741576,-70.9495592393792,125,-173.953404166667,0.465581929669031,124,"ice_full","3"
"4739",2012,-160.47256035414,56.7074586323398,-55.9657520869063,133,-168.292101388889,0.512427582846004,125,"ice_full","3"
"4744",2012,-172.557155699646,57.2286763840498,-140.94708914204,117,-156.857888888889,0.235882641377937,123,"ice_full","8"
"4745",2012,-171.474413652953,57.2029741830906,-120.569032313836,141,-159.456422222222,0.374818086262283,128,"ice_full","8"
"4746",2012,-170.502038508326,57.2514986113966,-63.9720752805401,141,-147.51065,0.478215698653199,129,"ice_full","5"
"4747",2012,-169.503724923975,57.283948491074,-63.9743217703514,133,-151.414629166667,0.583366737715438,131,"ice_full","5"
"4749",2012,-167.407516562319,57.2469976147451,-71.4900665332186,141,-142.602476388889,0.586589918981481,130,"ice_full","3"
"4750",2012,-166.426412053586,57.2186639799444,-72.9956032078639,133,-135.435230555556,0.664676802749719,129,"ice_full","3"
"4751",2012,-165.555349426277,57.2160520550864,-70.7846309853178,133,-124.347926388889,0.631248603562802,122,"ice_full","3"
"4752",2012,-164.434304855631,57.2382449212515,-66.7858434641204,133,-120.241640277778,0.573872446155395,122,"ice_full","3"
"4753",2012,-163.582842535448,57.2476555843716,-64.5026565557286,133,-117.021047222222,0.573407674501424,121,"ice_full","3"
"4754",2012,-162.416038567412,57.2295341830778,-55.3846857496174,141,-127.874351388889,0.602437881562882,121,"ice_full","3"
"4755",2012,-161.523991464069,57.2240669891,-57.7825686627682,141,-146.532913888889,0.577804929156492,121,"ice_full","3"
"4756",2012,-160.48973079456,57.2408153848363,-61.9111649353909,141,-146.446027777778,0.563039635047281,124,"ice_full","3"
"4757",2012,-159.417706846901,57.2470485398606,-48.409426839757,157,-137.292248611111,0.58790140993266,129,"ice_free","2"
"4763",2012,-170.46198292426,57.6875312317432,-75.1549211436711,141,-129.943022222222,0.752690387788779,131,"ice_full","6"
"4764",2012,-169.435269300508,57.7792089502394,-65.717547101937,149,-127.170411111111,0.808594620920425,131,"ice_full","6"
"4765",2012,-168.593122022279,57.8384867926103,-76.3944754440515,149,-130.190615277778,0.790210381944444,130,"ice_full","6"
"4766",2012,-167.469099908247,57.7749382761331,-64.3493966507318,157,-115.967733333333,0.806035330153386,129,"ice_free","3"
"4767",2012,-166.419230152604,57.7882603486446,-63.2646810315886,149,-106.256880555556,0.827047782651072,125,"ice_free","3"
"4768",2012,-165.561185073118,57.7575761731147,-64.5992469943952,125,-100.1254875,0.787189528574273,123,"ice_full","3"
"4769",2012,-164.522224048217,57.7300454283025,-49.1957040071056,141,-90.5893333333333,0.755382034465021,120,"ice_free","2"
"4770",2012,-163.467868361085,57.7450475523879,-49.8841554880281,141,-88.3414,0.738144097222222,116,"ice_free","2"
"4771",2012,-162.493839695769,57.7539851025001,-46.4214906088221,117,-97.4395166666667,0.710782730404823,116,"ice_full","2"
"4772",2012,-161.533542445949,57.757306897115,-40.1917220492389,141,-109.234433333333,0.660845521087709,121,"ice_full","2"
"4773",2012,-160.469902466252,57.753652866222,-47.1295873269626,141,-110.450504166667,0.612949972911741,124,"ice_full","3"
"4774",2012,-159.456606240462,57.7788244077293,-43.2286317358794,157,-102.924118055556,0.611159052144249,125,"ice_free","2"
"4779",2012,-173.568290386778,58.2659245072874,-125.431126314162,141,-181.0558625,0.558858095480802,139,"ice_full","8"
"4780",2012,-172.347869513394,58.2968484231386,-95.5270792940185,141,-138.520379166667,0.67178587962963,136,"ice_full","8"
"4781",2012,-171.543011934667,58.2719888560907,-95.5288165813492,141,-111.17525,0.721843806184826,133,"ice_full","6"
"4782",2012,-170.411921154286,58.3227776584973,-93.0566734470761,141,-96.4508361111111,0.763409103410341,131,"ice_full","6"
"4783",2012,-169.457520126228,58.2530174733967,-77.7366653495097,141,-92.9169847222222,0.800499590815563,129,"ice_full","6"
"4784",2012,-168.499251776911,58.250132854871,-72.1801610678812,149,-91.7713111111111,0.810192714178825,129,"ice_full","6"
"4785",2012,-167.48999252984,58.2937948068096,-55.2543326332427,149,-78.2583777777778,0.827789900097466,125,"ice_free","6"
"4786",2012,-166.495035829359,58.2482467482661,-51.3075400113555,141,-70.1506861111111,0.828800878230566,121,"ice_full","2"
"4787",2012,-165.526560067413,58.244777759,-48.5830251350882,125,-67.0973777777778,0.803151736111111,120,"ice_full","2"
"4788",2012,-164.471200420133,58.2393337599921,-42.1164277213892,125,-64.5807277777778,0.796577483104513,117,"ice_full","2"
"4789",2012,-163.549320445995,58.2817264256398,-36.986530661815,125,-61.5774027777778,0.796102582120811,114,"ice_full","2"
"4790",2012,-162.419093654983,58.2947313152409,-39.650472378151,117,-56.9890875,0.736183665216421,113,"ice_full","2"
"4801",2012,-173.422892288093,58.7425670436476,-128.732946127946,141,-154.153869444444,0.713223755005005,141,"ice_full","8"
"4802",2012,-172.559604222987,58.744699045694,-111.514338635247,141,-106.5413,0.736939509680135,140,"ice_full","8"
"4803",2012,-171.461306245786,58.7480274184143,-90.5234991616392,141,-85.5961013888889,0.726611893143143,141,"ice_full","6"
"4804",2012,-170.517503743071,58.7078285517631,-106.3707219187,141,-79.5623722222222,0.72033648520172,142,"ice_full","6"
"4805",2012,-169.526577476776,58.6998115011811,-90.4780865223789,149,-71.6703861111111,0.714156260427094,141,"ice_full","6"
"4806",2012,-168.460509872376,58.7437919473644,-57.1251415377469,125,-61.6996930555556,0.718955222137275,139,"ice_full","7"
"4807",2012,-167.492749542923,58.7673005925696,-47.1725327812284,125,-51.3644875,0.804283138736264,121,"ice_full","7"
"4808",2012,-166.486822282267,58.7725982289288,-41.9799617601756,125,-50.1065680555556,0.798035224430609,117,"ice_full","7"
"4809",2012,-165.556638919364,58.7764861491818,-34.8735916303241,117,-48.4023611111111,0.753973289830779,117,"ice_full","2"
"4810",2012,-164.388915989973,58.7420538669936,-31.3682729125454,125,-49.5772805555556,0.76118646897616,117,"ice_full","2"
"4811",2012,-163.46935060347,58.7488309296345,-25.1350733667104,117,-45.1659736111111,0.740760235385988,113,"ice_full","2"
"4821",2012,-172.517492789194,59.2100844008863,-107.248209376316,149,-87.0571027777778,0.737375935570988,150,"ice_full","9"
"4824",2012,-169.37459853269,59.2037060951727,-52.273768009768,165,-63.8104194444444,0.669416346153846,160,"ice_full","6"
"4825",2012,-168.406490810194,59.2249047984255,-46.6584352696135,125,-53.4255597222222,0.699353152654867,143,"ice_full","7"
"4826",2012,-167.452583017747,59.2801090339616,-39.7744840181433,125,-44.6004583333333,0.660238458994709,135,"ice_full","7"
"4827",2012,-166.541681920176,59.275111981904,-32.3664289277526,117,-40.7832569444444,0.746259027777778,115,"ice_full","7"
"4828",2012,-165.529579103526,59.258224878226,-23.9758351366715,117,-37.5490305555556,0.694275490852298,113,"ice_full","7"
"4829",2012,-164.44319398943,59.2641862729646,-22.309380194268,117,-36.04,0.702071965939153,114,"ice_full","2"
"4840",2012,-170.599261450869,59.6617062059306,-72.3490728900256,165,-62.6926972222222,0.76673275462963,160,"ice_full","9"
"4842",2012,-168.329558426874,59.7738617536621,-42.6677045172042,165,-54.7955708333333,0.688241555555556,155,"ice_full","7"
"4847",2012,-177.693941398699,60.2841021430875,-154.761426394405,157,-121.864545833333,0.770770805103884,153,"ice_full","8"
"4849",2012,-175.52171968427,60.2269112884916,-119.344992862165,157,-103.448725,0.792592224734424,159,"ice_full","8"
"4851",2012,-173.342742644446,60.282841977077,-57.9467086730912,165,-61.58455,0.71308785067717,164,"ice_full","9"
"4856",2012,-168.321052363026,60.2047836824296,-39.1389686729755,157,-51.3615930555556,0.756919517841012,153,"ice_full","11"
"4857",2012,-167.507601934014,60.2354723358132,-28.0456277197085,141,-44.8591960370291,0.714886292270531,145,"ice_full","11"
"4861",2012,-178.421718314637,60.7148967195851,-178.712855297158,149,-113.204373611111,0.753697041316527,149,"ice_full","8"
"4862",2012,-177.631567076249,60.7780437814573,-144.47865634597,157,-90.0804833333333,0.796157635094111,152,"ice_full","8"
"4863",2012,-176.526039188299,60.8589277748626,-115.118244858919,165,-80.7247513888889,0.78794042859147,162,"ice_full","8"
"4865",2012,-174.498797637228,60.7795023152095,-81.611564864156,165,-53.5802472222222,0.774061930064534,162,"ice_full","9"
"4867",2012,-172.636278157665,60.7754329473818,-55.3548907145201,165,-43.0109961624081,0.827358779021559,164,"ice_full","9"
"4871",2012,-168.382601628522,60.7063570329635,-36.6075881649759,165,-42.8173680555556,0.777558833333333,155,"ice_full","11"
"4872",2012,-167.419685877367,60.7760406823801,-27.5826308019731,141,-31.5925513888889,0.720993444772206,143,"ice_full","11"
"4876",2012,-178.5,61.2499974568685,-169.232638888889,149,-77.86495,0.808959385521886,151,"ice_full",NA
"4877",2012,-177.441717914323,61.2141074665221,-130.332177544678,157,-64.4458986111111,0.823317904423018,151,"ice_full","8"
"4878",2012,-176.493160807933,61.312076526182,-112.236629981025,149,-53.4966375,0.827404751062538,152,"ice_full","8"
"4879",2012,-175.526385843529,61.3034860077144,-81.5986438679245,149,-45.8998125,0.840896772540984,152,"ice_full","10"
"4880",2012,-174.503977367927,61.2506357560086,-79.4216839257023,149,-35.3561055555556,0.83265009297207,152,"ice_full","10"
"4881",2012,-173.573789777345,61.243453256127,-65.2920221560847,149,-29.1574041666667,0.799607502187227,157,"ice_full","10"
"4882",2012,-172.515664591093,61.3561887475165,-51.4284499157099,157,-34.1939222222222,0.796937778136664,159,"ice_full","10"
"4887",2012,-167.303132201605,61.1563510183183,-23.6588011394033,149,-32.7848513888889,0.712493583333333,155,"ice_full","11"
"4890",2012,-178.46223358504,61.6897188873126,-139.338976454352,157,-52.3933111111111,0.832798508437873,154,"ice_full",NA
"4891",2012,-177.493898432008,61.7822068066666,-120.327716256012,157,-46.5211166666667,0.853733633685338,151,"ice_full",NA
"4892",2012,-176.491147718393,61.7603672881902,-105.020360087342,149,-38.5209027777778,0.857217486496914,150,"ice_full","8"
"4893",2012,-175.512841464474,61.7777671415545,-92.8056252881512,149,-31.0468680555556,0.859038930084746,148,"ice_full","10"
"4894",2012,-174.45065326689,61.7862618530368,-67.135487571255,149,-23.5893777777778,0.854098070322478,146,"ice_full","10"
"4895",2012,-173.543767127923,61.7927900762439,-64.1345187165775,149,-21.8701236111111,0.83145188637102,144,"ice_full","10"
"4896",2012,-172.55435181978,61.7468526610808,-56.4864562690212,133,-22.934225,0.769738791943653,147,"ice_full","10"
"4897",2012,-171.497288346495,61.7363904020525,-65.2290235641858,149,-24.3734625,0.738965630885122,148,"ice_full","10"
"4898",2012,-170.565832788595,61.7654584525209,-49.1052009547274,149,-21.7959111111111,0.750134476891421,147,"ice_full","10"
"4901",2012,-167.384856096331,61.7141832090708,-24.3617518927378,165,-40.5118930555556,0.772862241391782,158,"ice_full","11"
"4903",2012,-179.404921732365,62.288942850538,-125.22292654359,157,-44.5706263888889,0.805535300925926,158,"ice_full",NA
"4904",2012,-178.581768835015,62.2878278622258,-133.069458168643,165,-39.4608597222222,0.840272587815991,156,"ice_full",NA
"4905",2012,-177.454591514074,62.2001422228043,-104.2526927201,157,-36.499375,0.865535462962963,155,"ice_full",NA
"4906",2012,-176.472352397851,62.2293154200341,-96.8076356166546,149,-31.464875,0.880943478344047,151,"ice_full",NA
"4907",2012,-175.504388491313,62.2349994050132,-83.4641203703704,149,-26.5606541666667,0.867457146990741,150,"ice_full","10"
"4908",2012,-174.458142177671,62.2205319313143,-67.2885382652782,149,-19.7821388888889,0.849372385855683,146,"ice_full","10"
"4909",2012,-173.501891295128,62.2506292716091,-58.5425351710314,149,-19.5440875,0.82515879841998,139,"ice_full","10"
"4910",2012,-172.494030475096,62.2403388071016,-48.4227743396837,141,-17.3172986111111,0.793215470679012,132,"ice_full","10"
"4911",2012,-171.499869799614,62.2541966686646,-46.4844618055556,141,-18.3118138888889,0.762851851851852,128,"ice_full","10"
"4912",2012,-170.523510136233,62.2890833148671,-44.0017180556108,141,-17.5868666666667,0.705110707611281,139,"ice_full","10"
"4917",2012,-179.522401468801,62.7623105615883,-104.485011486125,157,-34.3734402777778,0.822973511367058,153,"ice_full",NA
"4918",2012,-178.592391936924,62.7562726449867,-90.4405707847655,157,-37.0189819444444,0.861770441308244,154,"ice_full",NA
"4919",2012,-177.440200452451,62.7378446790907,-110.847222222222,165,-34.4199861111111,0.871581428623505,157,"ice_full",NA
"4922",2012,-174.408599735096,62.6506922205015,-79.0112691656898,149,-24.5296958333333,0.817052744708995,156,"ice_full","10"
"4923",2012,-173.541851608432,62.7125734790594,-65.1831035171525,149,-20.1639597222222,0.792502872850529,142,"ice_full","10"
"4924",2012,-172.541438879593,62.6947557392249,-57.595849498863,141,-14.10035,0.736292256717502,132,"ice_full","10"
"4925",2012,-171.452069556379,62.7713140957484,-45.465097166427,141,-13.0220833333333,0.720538014403292,120,"ice_free","10"
"4926",2012,-170.406010140275,62.7879811724164,-34.3302400933742,133,-11.1740777777778,0.673653623575499,121,"ice_full","10"
"4927",2012,-169.610102020176,62.771781256007,-29.8546971954406,157,-11.2862230929301,0.681243414044576,143,"ice_full","10"
"4928",2012,-168.4562023528,62.7721218545816,-28.7711408867907,149,-19.2146194444444,0.789914895932257,147,"ice_full","11"
"4929",2012,-167.697944664233,62.7473947395635,-26.7740903351699,157,-38.0536569444444,0.815733351139601,160,"ice_full","11"
"4934",2012,-177.528258189715,63.2370257907444,-102.832241439553,157,-35.8574986111111,0.869355179398148,158,"ice_full",NA
"4935",2012,-176.537500067817,63.1997196960449,-98.0907407407407,165,-32.4507902777778,0.868930324074074,160,"ice_full",NA
"4936",2012,-175.575986336971,63.2325860544103,-86.6710950080515,165,-32.3548611111111,0.869569865319865,162,"ice_full",NA
"4937",2012,-174.379463583959,63.2795993500705,-77.632225678733,165,-31.3568833333333,0.82402022417154,163,"ice_full",NA
"4939",2012,-172.420971631266,63.2940931396514,-59.2221122627373,141,-18.7093111111111,0.597360752225093,159,"ice_full","12"
"4940",2012,-171.464474118954,63.1947065302614,-41.5795938231126,157,-12.9912358439679,0.679740552033011,122,"ice_free","12"
"4941",2012,-170.62727481293,63.1720626831176,-23.2967352420885,157,-11.4522096517581,0.653137366646538,122,"ice_free","12"
"4943",2012,-168.525251778256,63.2049436658013,-25.8711383982805,157,-15.8658205956584,0.827308759947964,151,"ice_full","12"
"4945",2012,-166.432796549352,63.348387475445,-23.1461971506551,157,-40.5920236111111,0.798203766999421,158,"ice_full","14"
"4947",2012,-179.413862081674,63.6959110406729,-66.8952323717949,157,-31.5784013888889,0.872468285214348,157,"ice_full",NA
"4948",2012,-178.570385772939,63.7076882365885,-71.4241733883685,157,-36.6266305555556,0.867916896310994,156,"ice_full",NA
"4949",2012,-177.578940013098,63.7545798251959,-81.2385676492819,157,-35.9074305555556,0.845312329529142,159,"ice_full",NA
"4950",2012,-176.5,63.7499974568685,-90.7569444444444,165,-33.1122458333333,0.832329606832211,162,"ice_full",NA
"4956",2012,-170.50987725055,63.8311485121495,-30.2137776447406,165,-16.8601358193413,0.806905888310185,142,"ice_free","12"
"4957",2012,-169.560945363107,63.7779622875655,-28.5400362381023,149,-17.3090041666667,0.886860612228608,146,"ice_full","12"
"4958",2012,-168.458277664823,63.7560523799266,-28.7013938659556,149,-14.0661513888889,0.866406415343915,149,"ice_full","14"
"4959",2012,-167.42408834249,63.7882918407893,-26.333168767507,149,-11.1602208333333,0.811230314429012,150,"ice_full","14"
"4960",2012,-166.503481174061,63.7883807838051,-25.8341309708634,133,-15.9811152777778,0.762782144802365,149,"ice_full","14"
"4968",2012,-173.496586709627,64.160678592538,-47.0403458062166,165,-18.9063307660992,0.613069427039822,163,"ice_full",NA
"4969",2012,-172.442956904312,64.2195140268309,-37.0697677128348,141,-16.2209954595095,0.610010928079242,159,"ice_full",NA
"4970",2012,-171.659420368856,64.2994547244445,-42.5761380450274,141,-17.480425,0.745422817460317,135,"ice_full",NA
"4971",2012,-170.417922965135,64.2706061387112,-43.6968941812854,149,-15.8205305555556,0.79917252872085,138,"ice_full","12"
"4972",2012,-169.550837908914,64.2560592231444,-39.5885043384635,149,-15.5111680555556,0.858216025483448,143,"ice_full","12"
"4973",2012,-168.508907245981,64.2195367771725,-31.3934893981534,149,-13.4520972222222,0.831420344868173,148,"ice_full","14"
"4974",2012,-167.396293714534,64.2602126857746,-25.9213528362597,133,-6.25665555555556,0.751281995448839,148,"ice_full","14"
"4987",2012,-171.555869962035,64.7868545445026,-40.0752625462215,141,-14.5926402777778,0.756564137840671,136,"ice_full",NA
"4988",2012,-170.492064069944,64.7550629595947,-47.8762402528068,149,-15.89375,0.785799007630316,138,"ice_full","12"
"4989",2012,-169.518148896097,64.7516844288028,-46.8875132485427,165,-13.3000902777778,0.818606856856857,141,"ice_free","14"
"4990",2012,-168.447732520764,64.6975691004306,-33.3366583343557,157,-12.2097430555556,0.775868312757202,147,"ice_full","14"
"4991",2012,-167.382366299575,64.761286610531,-22.6531203338146,133,-6.33451527777778,0.707138745493281,143,"ice_full","14"
"4999",2012,-171.560647484065,65.2245912557513,-31.9412262659659,165,-8.71496805555555,0.749837347094801,139,"ice_free",NA
"5000",2012,-170.587340379081,65.303108503635,-37.5530299056309,165,-14.2631805555556,0.7712979633877,139,"ice_free",NA
"5002",2012,-168.391234307945,65.2640123689439,-47.3245199326157,157,-11.5885861111111,0.73271589110478,147,"ice_full","14"
"5007",2012,-170.330819013517,65.6640296572459,-32.6651084783848,157,-11.2320770832583,0.764519279696363,141,"ice_full",NA
"5008",2012,-169.556959214997,65.7388144546171,-43.6637253730243,157,-14.4702513888889,0.768032407407407,144,"ice_full",NA
"5009",2012,-168.523351072276,65.7164710532562,-48.6872689701869,149,-10.4381643453768,0.792008331337803,146,"ice_full","14"
"5013",2013,-165.430383884838,54.7386099253106,-160.772261765977,157,-42.9929138888889,0,0,"ice_free","16"
"5024",2013,-166.42711784491,55.2701870898591,-134.418459540971,141,-47.2059361111111,0,0,"ice_free","4"
"5025",2013,-165.479514735069,55.2774340868064,-116.623698755359,125,-46.3210722222222,0,0,"ice_free","4"
"5026",2013,-164.546440778377,55.2434640415047,-88.5817804981253,117,-52.4807416666667,0,0,"ice_free","1"
"5035",2013,-167.474700814022,55.7394046350279,-133.814657704201,133,-50.8210083333333,0,0,"ice_free","4"
"5036",2013,-166.44408490595,55.7320126367511,-126.627659886965,141,-55.1419208333333,0,0,"ice_free","4"
"5037",2013,-165.489397466539,55.74193510399,-109.878759964004,125,-51.7250902777778,0,0,"ice_free","4"
"5038",2013,-164.514627577315,55.7529521541484,-95.9772282206192,117,-51.9960458333333,0,0,"ice_free","3"
"5039",2013,-163.573515775165,55.7767977239537,-85.9105172259723,117,-59.7790569444444,0,0,"ice_free","1"
"5040",2013,-162.557464605306,55.7882598431363,-55.3045096173035,109,-62.812770067804,0,0,"ice_free","1"
"5050",2013,-167.482638048843,56.2699700714982,-126.001461657511,141,-55.4490972222222,0,0,"ice_free","4"
"5051",2013,-166.468540078035,56.289626327063,-106.658402118676,141,-61.8606916666667,0,0,"ice_free","3"
"5052",2013,-165.469803970177,56.2400642823591,-92.0826462271411,141,-75.0095902777778,0,0,"ice_free","3"
"5053",2013,-164.510800416452,56.2507319757709,-86.950143990134,133,-84.1174486111111,0,0,"ice_free","3"
"5054",2013,-163.495701604031,56.2462001789535,-85.3258575211576,149,-80.8647513888889,0,0,"ice_free","3"
"5055",2013,-162.491096286299,56.2511300895304,-75.8992601797942,149,-74.6902625,0,0,"ice_free","1"
"5056",2013,-161.531043939079,56.2501144116894,-56.3867838689944,101,-57.3376944444444,0,0,"ice_free","1"
"5061",2013,-172.462004577122,56.7847933786826,-162.755825889911,133,-25.2655472222222,0,0,"ice_free","8"
"5062",2013,-171.46390006613,56.743229739438,-138.887829097827,117,-26.6224944444444,0,0,"ice_free","8"
"5063",2013,-170.475348142186,56.7410412890243,-101.670067165549,117,-45.1037222222222,0,0,"ice_free","5"
"5064",2013,-169.440825011366,56.7296540801861,-73.0403399632355,117,-54.6265902777778,0.0670147825832161,109,"ice_full","5"
"5065",2013,-168.54895998674,56.7447185925547,-94.5840164642749,125,-70.9230333333333,0,0,"ice_free","3"
"5066",2013,-167.50840403091,56.7330824112313,-93.6409573849201,141,-90.519825,0.0749436386544773,109,"ice_free","3"
"5067",2013,-166.507375357979,56.7319901456991,-82.3360443408168,141,-103.789876388889,0.1557973108139,111,"ice_free","3"
"5068",2013,-165.499271313353,56.7270434970913,-75.8343468533527,133,-115.099066666667,0.191299537037037,110,"ice_free","3"
"5069",2013,-164.468585131349,56.72229304572,-73.8612965153403,133,-118.089359722222,0.16901455026455,93,"ice_free","3"
"5070",2013,-163.478511733786,56.7190574132833,-72.850057430359,133,-112.6179625,0.1445968047966,91,"ice_free","3"
"5071",2013,-162.462454467335,56.7261840611118,-68.1917468887737,117,-101.260263888889,0.0866558201058201,65,"ice_free","3"
"5072",2013,-161.503907618797,56.7393414388231,-70.7157681842307,117,-70.8769458333333,0,0,"ice_free","3"
"5073",2013,-160.469015498401,56.7696540551991,-60.0576324741689,141,-42.5124833333333,0,0,"ice_free","3"
"5078",2013,-172.473607629753,57.2458335447194,-134.27091087806,117,-28.7614305555556,0,0,"ice_free","8"
"5079",2013,-171.524323583224,57.2033424928422,-120.343904790006,117,-43.3756930555556,0.108876318565401,109,"ice_full","8"
"5080",2013,-170.585614928581,57.1888480046854,-69.7432259994549,117,-77.3408930555556,0.238559700689061,116,"ice_full","5"
"5081",2013,-169.460098668347,57.1888829679741,-65.9381603808452,117,-87.1242125,0.287496133207071,118,"ice_full","5"
"5082",2013,-168.51453295201,57.1872836980872,-77.5280487200345,117,-103.261341666667,0.23879323648361,117,"ice_full","3"
"5083",2013,-167.531625263604,57.2108847358648,-71.8314806626857,125,-109.957754166667,0.371436231729814,117,"ice_full","3"
"5084",2013,-166.572445851014,57.1782920838363,-73.7791374412657,141,-111.634431944444,0.518186463716624,116,"ice_free","3"
"5085",2013,-165.481612678728,57.2137499645287,-70.3492389576236,141,-113.682336111111,0.564180272932816,116,"ice_free","3"
"5086",2013,-164.468857307505,57.2475413779161,-67.7934217446781,133,-107.193515277778,0.505829585537919,114,"ice_full","3"
"5087",2013,-163.475513742962,57.225007230547,-63.9770802710527,125,-98.878825,0.432566988482385,112,"ice_full","3"
"5088",2013,-162.474109638193,57.2410748339593,-55.8340508393126,117,-92.8024416666667,0.281724830051571,109,"ice_full","2"
"5089",2013,-161.494150159081,57.2420189125352,-57.8043785158152,157,-66.8548583333333,0.0963770161290323,61,"ice_free","3"
"5090",2013,-160.486083961972,57.2464780646239,-61.3313003929902,125,-39.5126597222222,0,0,"ice_free","3"
"5091",2013,-159.527795900153,57.2310131307807,-50.384765446313,125,-31.2874569444444,0,0,"ice_free","3"
"5095",2013,-172.575994539605,57.7413556958486,-114.031265740363,149,-72.0963569444445,0.162375707304527,120,"ice_free","8"
"5096",2013,-171.574206719225,57.6926285726239,-93.3468832606512,125,-92.4741125,0.359708806252489,123,"ice_full","6"
"5097",2013,-170.62423495488,57.648495263235,-76.4169422185167,125,-95.5245847222222,0.538425236406619,124,"ice_full","6"
"5098",2013,-169.546712236515,57.7145379767354,-69.5663996466377,149,-91.1236055555556,0.578160663410663,121,"ice_free","6"
"5099",2013,-168.452721784797,57.6551583385105,-76.2321771738599,141,-100.274434722222,0.561172206616729,119,"ice_free","6"
"5100",2013,-167.523570105447,57.7037928777433,-65.1929778467103,141,-90.89065,0.665202845401581,119,"ice_free","3"
"5101",2013,-166.435692729953,57.7282699167972,-62.6995318387086,133,-86.3728875,0.753402317445286,118,"ice_full","3"
"5102",2013,-165.532459035564,57.7516599919812,-63.2741672453116,133,-81.2294111111111,0.776054088608958,116,"ice_full","3"
"5103",2013,-164.453146131478,57.7518031681256,-46.9134581211826,125,-72.4702013888889,0.722400953159041,115,"ice_full","2"
"5104",2013,-163.437260248146,57.735351450123,-49.41066309865,117,-71.9784833333333,0.627483754462294,113,"ice_full","2"
"5105",2013,-162.459236212001,57.7263988082165,-46.9016387803302,117,-71.8375722222222,0.457102585817525,112,"ice_full","2"
"5106",2013,-161.428533596873,57.7411334689069,-40.2124620215472,117,-75.9112041666667,0.277540406704173,109,"ice_full","2"
"5107",2013,-160.521592283509,57.7316210854025,-48.1510986723921,125,-67.28915,0.172876785714286,100,"ice_free","3"
"5108",2013,-159.503704697972,57.7369174632345,-46.2386954206238,93,-52.3928333333333,0.159568924449812,99,"ice_full","2"
"5113",2013,-173.677413365814,58.2495972191236,-117.247837596631,117,-68.5578763888889,0.166129385288066,120,"ice_full","8"
"5115",2013,-171.64375799166,58.1702511791802,-103.173156270305,141,-94.9387222222222,0.561974843409586,132,"ice_full","6"
"5116",2013,-170.515432852286,58.2978366216024,-98.2094907407407,149,-87.2146208333333,0.64064245667686,139,"ice_full","6"
"5117",2013,-169.32558770962,58.2304826826627,-76.1043128361161,133,-74.4920541666667,0.679492069615912,138,"ice_full","6"
"5118",2013,-168.401404016469,58.2544110459104,-66.7516573944402,133,-71.2699222222222,0.763852854938272,120,"ice_full","6"
"5119",2013,-167.470075299708,58.2473236997472,-56.8936083807664,133,-61.4659125,0.808851253192848,117,"ice_full","6"
"5120",2013,-166.518982526565,58.2584650127368,-51.8116330774098,133,-57.4808944444444,0.829068879198966,116,"ice_full","2"
"5121",2013,-165.450632010114,58.2648898209933,-46.4946967030851,117,-55.3747388888889,0.833844485294118,115,"ice_full","2"
"5122",2013,-164.475742446133,58.2597248059081,-41.7392542511228,117,-51.3036791666667,0.782092885430611,113,"ice_full","2"
"5123",2013,-163.485552659569,58.2586163668892,-37.2148351192754,117,-52.1516388888889,0.682351513098464,112,"ice_full","2"
"5124",2013,-162.507705332341,58.246876642516,-39.0683898266423,117,-49.8225597222222,0.562615938346884,112,"ice_full","2"
"5135",2013,-173.801090252861,58.6612682797549,-118.318387593045,125,-92.3446333333333,0.404325150462963,130,"ice_full","8"
"5138",2013,-170.464363901239,58.7428700631125,-112.267361111111,149,-81.1365388888889,0.745402788020321,143,"ice_full","6"
"5139",2013,-169.330668227617,58.7031228339025,-72.5490552325581,149,-69.2052125,0.77112003968254,142,"ice_full","6"
"5140",2013,-168.421289816937,58.6955185285532,-58.3279344486333,149,-55.0967069444444,0.738629987373737,140,"ice_full","7"
"5141",2013,-167.424363247648,58.7929328172331,-46.2689518942714,117,-47.1521958333333,0.709266990291262,133,"ice_full","7"
"5142",2013,-166.498168679595,58.7474392161778,-42.5504799249815,117,-42.4280263888889,0.82911255787037,114,"ice_full","7"
"5143",2013,-165.495377826054,58.7485409978927,-34.8786787940313,117,-43.3936111111111,0.822262924382716,114,"ice_full","2"
"5144",2013,-164.44962152379,58.7374384785795,-31.7925114272105,117,-42.7240513888889,0.778928777100271,112,"ice_full","2"
"5145",2013,-163.480198853046,58.7410680107933,-25.4006349206349,117,-40.037675,0.690559027777778,111,"ice_full","2"
"5151",2013,-176.518295474951,59.2639576335777,-148.825754736861,125,-48.3126319444444,0.14929380787037,110,"ice_full","8"
"5152",2013,-175.602873904278,59.1880933999844,-129.709211014511,125,-86.4198736111111,0.337268666272656,124,"ice_full","8"
"5153",2013,-174.715798423744,59.1306939071934,-118.302064094937,125,-91.5463222222222,0.478791812747213,133,"ice_full","8"
"5156",2013,-171.598952557806,59.150204640522,-47.3747243725076,149,-73.3772472222222,0.774208514492754,145,"ice_full","9"
"5157",2013,-170.310364937488,59.3234280845265,-60.962037037037,149,-66.3756888888889,0.793683564814815,145,"ice_full","6"
"5158",2013,-169.446954534971,59.3014593433829,-60.856034757804,149,-56.7472597222222,0.809689971221221,141,"ice_full","7"
"5159",2013,-168.413037017443,59.2791092854463,-47.914771363711,149,-48.3741361111111,0.773656802157662,139,"ice_full","7"
"5160",2013,-167.457914047564,59.2452859350615,-40.5840717824628,149,-44.6873333333333,0.674101851851852,141,"ice_full","7"
"5161",2013,-166.520376718009,59.2530386577688,-32.6622534104628,149,-37.5376666666667,0.791496597501116,113,"ice_free","7"
"5162",2013,-165.483997739961,59.2622602885132,-23.4883137128362,125,-44.9549680555556,0.761434826940035,114,"ice_full","7"
"5163",2013,-164.492152807095,59.2392896686385,-22.7984707045519,117,-48.4805555555556,0.726909637533875,112,"ice_full","2"
"5167",2013,-177.431684543063,59.7086251750458,-166.69230462457,149,-28.3030388888889,0.250807638888889,110,"ice_free","15"
"5168",2013,-176.695324494172,59.6493274232306,-134.524688963494,125,-60.3947361111111,0.433991405634358,124,"ice_full","8"
"5173",2013,-171.396148681641,59.8393281589855,-60.4015151515151,149,-58.4936402777778,0.821036740265907,147,"ice_full","9"
"5174",2013,-170.191711148589,59.8174990887278,-57.4874725587402,149,-52.2526972222222,0.816122836151369,145,"ice_full","9"
"5175",2013,-169.481463661623,59.7957668815049,-51.9704069277764,149,-43.0233305555556,0.827619103773585,136,"ice_full","11"
"5176",2013,-168.524285313906,59.8222336237254,-43.9061985111034,133,-41.6400152777778,0.784118459556254,136,"ice_full","7"
"5177",2013,-167.486430533627,59.7486971601976,-31.1125975344063,149,-46.6683805555556,0.682290974289021,142,"ice_full","7"
"5181",2013,-177.546188670662,60.2282826554372,-144.99064261529,125,-40.4373930555556,0.577546972534332,119,"ice_full","8"
"5182",2013,-176.429683867092,60.230274940448,-133.341942633265,125,-55.7563833333333,0.683712094907407,126,"ice_full","8"
"5183",2013,-175.601644649607,60.2230946383902,-121.506592350958,141,-49.5166069444444,0.713599016203704,130,"ice_full","8"
"5184",2013,-174.659239832402,60.1618217494665,-115.086773255814,141,-52.9650055555556,0.689019309908199,147,"ice_full","8"
"5186",2013,-172.616702292237,60.3093506219503,-39.17780108876,149,-36.2823876411659,0.788841724537037,150,"ice_full","9"
"5187",2013,-171.326802149951,60.3423125658161,-57.4825371285548,149,-44.2954333333333,0.838868693110483,148,"ice_full","9"
"5188",2013,-170.393248058914,60.2628836693451,-63.2769996481183,133,-38.4408277777778,0.809554869305146,143,"ice_full","9"
"5189",2013,-169.518295670437,60.2324176468101,-47.291346013861,133,-31.9382027777778,0.858100245653817,128,"ice_full","11"
"5190",2013,-168.377559116806,60.2117135634101,-39.5463754524559,133,-35.3868013888889,0.807809319938871,133,"ice_full","11"
"5191",2013,-167.577554730399,60.2154970345931,-29.5630297359453,149,-48.4707585370291,0.756695335545723,143,"ice_full","11"
"5195",2013,-178.450515400432,60.7313643509444,-180.884427046309,125,-35.7509013888889,0.683103568456097,119,"ice_full","8"
"5196",2013,-177.581427804045,60.6681393664852,-139.244601381042,125,-34.8384694444444,0.744051303606238,125,"ice_full","8"
"5197",2013,-176.474589425967,60.7390668298066,-113.504318665605,133,-42.9061402777778,0.775034825357536,131,"ice_full","8"
"5198",2013,-175.553384565457,60.7083662289232,-104.514048184113,141,-43.2224625,0.791774338006231,137,"ice_full","8"
"5199",2013,-174.68744228552,60.7280507758812,-82.3697080291971,149,-45.0307680555556,0.781512613779033,148,"ice_full","9"
"5200",2013,-173.312702492716,60.657211101922,-51.2361524500907,157,-37.0076041666667,0.79503406221304,151,"ice_full","9"
"5201",2013,-172.380702106634,60.7114297452864,-61.8111485288905,157,-26.5305447735192,0.829412878787879,151,"ice_full","9"
"5202",2013,-171.313002080823,60.8016120488776,-53.8299519243488,149,-30.0714541666667,0.818016680283224,149,"ice_full","9"
"5203",2013,-170.397484383148,60.7518675218924,-52.3857687067619,133,-26.4669319444444,0.848454253758709,131,"ice_full","9"
"5204",2013,-169.504832698013,60.7986865874883,-45.6249998265623,133,-21.5569972222222,0.856830994152047,125,"ice_full","11"
"5205",2013,-168.486697215698,60.7626274308388,-37.2991959923103,149,-26.3980972222222,0.823213906868033,133,"ice_full","11"
"5206",2013,-167.542796988948,60.7295086215494,-29.0671926779281,157,-46.1375166666667,0.787573974297573,146,"ice_full","11"
"5210",2013,-178.367812561762,61.2142583797092,-162.931135912698,125,-34.2475194444444,0.79811186696901,128,"ice_full",NA
"5211",2013,-177.346807141811,61.1571736190336,-126.833857121749,133,-27.1830861111111,0.808610070613543,129,"ice_full","8"
"5212",2013,-176.450722262912,61.2105528637921,-114.683703703704,149,-30.7555263888889,0.830667256499288,134,"ice_full","8"
"5213",2013,-175.575906509601,61.2302489540794,-81.5993735431235,149,-33.5498125,0.836505171838505,141,"ice_full","10"
"5214",2013,-174.542195708298,61.3188963040575,-73.327449624319,149,-35.0054111111111,0.843096443965517,146,"ice_full","10"
"5215",2013,-173.371447565933,61.34145769538,-62.8628948624213,149,-31.7045916666667,0.842836552676626,149,"ice_full","10"
"5218",2013,-170.448246694651,61.2037623460291,-49.9173296786713,125,-18.6739958333333,0.856005787037037,127,"ice_full","10"
"5219",2013,-169.476604235157,61.1956513119747,-43.9381793164264,125,-14.2802180555556,0.856671134508164,123,"ice_full","11"
"5220",2013,-168.584312498294,61.202254498272,-36.5621565164822,149,-18.7502666666667,0.791792325008495,139,"ice_full","11"
"5221",2013,-167.515886235774,61.2493045605421,-25.6169545968308,149,-42.0623166666667,0.780725509648304,149,"ice_full","11"
"5224",2013,-178.66064425438,61.8156048329024,-128.627783695138,149,-22.6534152777778,0.83503171071557,133,"ice_full",NA
"5225",2013,-177.571760105816,61.8291440577832,-118.847912638588,149,-21.1777486111111,0.840602552973647,134,"ice_full",NA
"5226",2013,-176.676444701557,61.7274776741368,-106.608185931715,149,-22.7130902777778,0.852647239529249,137,"ice_full","8"
"5227",2013,-175.361060214368,61.7407343575072,-91.4913749000799,149,-26.0565555555556,0.855060840707965,143,"ice_full","10"
"5228",2013,-174.469755973504,61.7484435327155,-66.615553042483,149,-25.9462527777778,0.863391513010856,146,"ice_full","10"
"5229",2013,-173.501387081534,61.7507003409864,-65.3963601615384,149,-27.9038388888889,0.857832921374765,148,"ice_full","10"
"5230",2013,-172.482711382422,61.8199546039851,-52.5567302998369,149,-27.8681833333333,0.837670950063311,147,"ice_full","10"
"5232",2013,-170.514909231335,61.7425032008778,-48.4197189922481,133,-13.2594527777778,0.846481963734568,126,"ice_full","10"
"5235",2013,-167.613576016034,61.7353096102175,-26.2913071774679,149,-39.2777611111111,0.795072486225895,151,"ice_full","11"
"5237",2013,-179.506605087505,62.2662460447229,-121.20993455407,149,-17.9760430555556,0.834057484567901,132,"ice_full",NA
"5238",2013,-178.513474576836,62.2706044263055,-136.856727532379,149,-13.0511375,0.844823562143875,134,"ice_full",NA
"5239",2013,-177.51315762175,62.2705574389096,-102.080941742021,149,-12.3328125,0.857226087526205,136,"ice_full",NA
"5240",2013,-176.595538900697,62.2745980233615,-96.8936135454406,149,-16.4101180555556,0.871897787121984,139,"ice_full",NA
"5241",2013,-175.578935770573,62.2418142038412,-84.319604605508,149,-19.3932930555556,0.885875460914454,143,"ice_full","10"
"5242",2013,-174.515568724082,62.2055299632653,-67.4860016648767,149,-21.9982152777778,0.876947848006905,148,"ice_full","10"
"5243",2013,-173.485828418429,62.1845263223799,-58.5931696428571,149,-27.0360319444444,0.858414944903581,151,"ice_full","10"
"5247",2013,-169.387290465725,62.3061956021321,-37.1366329317169,125,-11.5697083333333,0.73277977292769,135,"ice_full","10"
"5248",2013,-168.575746500612,62.2555454351694,-32.5683288551458,141,-14.5532263888889,0.76985,140,"ice_full","11"
"5251",2013,-179.594809030188,62.8080989331471,-104.8149028345,149,6.77284444444444,0.811449051155115,131,"ice_full",NA
"5252",2013,-178.500628924121,62.7627483769424,-91.9004129951757,149,-7.30248888888889,0.842453310409924,133,"ice_full",NA
"5253",2013,-177.60680276625,62.7708974121028,-108.254346721174,149,-5.45644444444444,0.868436419753086,135,"ice_full",NA
"5254",2013,-176.52847389766,62.7871253766966,-98.2849315216488,149,-7.57987777777778,0.882652830869861,139,"ice_full",NA
"5255",2013,-175.490637940407,62.7332502296157,-85.007008443333,149,-13.1250875,0.892060615372009,143,"ice_full",NA
"5256",2013,-174.612179682805,62.687497522077,-82.9976851851852,149,-21.1015361111111,0.845046268738977,156,"ice_full","10"
"5261",2013,-169.502020397259,62.7856585755547,-30.547284765486,157,-12.986361981819,0.631049702649804,153,"ice_full","10"
"5262",2013,-168.469411460242,62.7871266137557,-28.7477543963577,157,-10.133925,0.695160628858025,150,"ice_full","11"
"5263",2013,-167.713592135986,62.7901577558485,-26.5893223428996,157,-29.8864694444444,0.788187173312425,154,"ice_full","11"
"5266",2013,-179.57285296362,63.2422828089641,-83.098226312638,141,27.0610805555556,0.824704946393762,125,"ice_full",NA
"5267",2013,-178.59824620218,63.2697338261245,-93.8937177666797,149,8.54825833333333,0.839344827191053,131,"ice_full",NA
"5268",2013,-177.530611012803,63.2465733083683,-102.324297419726,149,-1.17392222222222,0.858203748219373,134,"ice_full",NA
"5269",2013,-176.55580448697,63.2602333930531,-95.9771746356273,149,-3.59151944444444,0.868834101332641,137,"ice_full",NA
"5270",2013,-175.557016993634,63.2484441406917,-86.7587518824452,149,-10.2515625,0.873288496830164,141,"ice_full",NA
"5271",2013,-174.591103981085,63.3006473016381,-81.2198278196216,149,-18.5931680555556,0.81924512962963,155,"ice_full",NA
"5272",2013,-173.302276225013,63.2096598425355,-80.2033644931276,157,-27.2919777777778,0.804186740451389,158,"ice_full","12"
"5273",2013,-172.408071133281,63.3444795706709,-58.4245643031863,157,-28.12445,0.769288003062117,157,"ice_full","12"
"5274",2013,-171.440942879214,63.2333939936789,-36.9337129719802,157,-25.1221386217457,0.718601381655093,158,"ice_full","12"
"5277",2013,-168.560606835029,63.1427622359208,-25.5401230669884,157,-5.55533448454728,0.77396323005698,147,"ice_full","12"
"5278",2013,-167.52678368124,63.2674886085106,-26.1646828423367,149,-19.6618430555556,0.791854830752884,152,"ice_full","14"
"5279",2013,-166.663194266372,63.329545887955,-23.6465304106218,157,-47.7807388888889,0.839396657407407,155,"ice_full","14"
"5281",2013,-179.468944259331,63.7267318369698,-63.9374829411999,141,38.4843763888889,0.852943484042553,124,"ice_full",NA
"5282",2013,-178.632577061166,63.7317160072217,-72.5463079467006,141,22.9537861111111,0.842842439058957,128,"ice_full",NA
"5283",2013,-177.571931709786,63.7497564560344,-81.7606006408823,149,3.23444444444445,0.843700433746854,133,"ice_full",NA
"5284",2013,-176.511261268139,63.7291199148389,-90.7161594350115,149,-3.86474583333333,0.841832645440252,136,"ice_full",NA
"5285",2013,-175.473383705512,63.7595083180545,-84.9851826690821,149,-9.12236666666667,0.8304646512912,139,"ice_full",NA
"5286",2013,-174.547240638509,63.8320863509403,-79.0001834302666,149,-11.1158625,0.7739921475894,146,"ice_full",NA
"5287",2013,-173.441745594163,63.832903403407,-66.5896445853925,149,-15.1675152777778,0.718331654143898,152,"ice_full",NA
"5288",2013,-172.432227867802,63.747609903308,-52.1633749291644,165,-13.1568,0.698133685260464,153,"ice_full","12"
"5289",2013,-171.644618969439,63.8172100049902,-29.073446711288,165,-9.71201242307558,0.668453874468731,152,"ice_full","12"
"5290",2013,-170.556255395545,63.8554054106594,-30.6432475241281,165,-8.42864276378572,0.72227308006536,149,"ice_full","12"
"5291",2013,-169.502952792598,63.8054430384572,-29.2620228331934,149,-7.87469861111111,0.805810640234251,147,"ice_full","12"
"5292",2013,-168.479623200553,63.7687960711494,-28.8102507961727,149,-7.26479722222222,0.819192728288634,146,"ice_full","14"
"5293",2013,-167.584949210584,63.7040048396407,-26.4588396954328,149,-14.7460541666667,0.815451962646407,147,"ice_full","14"
"5294",2013,-166.53595134014,63.7676878700669,-25.8598251722072,157,-34.6185458333333,0.796160011574074,154,"ice_full","14"
"5296",2013,-179.44108673685,64.2001978184782,-57.5158889319846,141,29.3321583333333,0.828419093851133,133,"ice_full",NA
"5297",2013,-178.496767967302,64.2129108491909,-73.9389208854832,141,23.5809347222222,0.832559895833333,130,"ice_full",NA
"5298",2013,-177.541203794574,64.251463954538,-74.7199673423242,149,9.25179583333333,0.81568657856886,133,"ice_full",NA
"5299",2013,-176.478673509149,64.2820814133012,-86.2599490030851,149,1.37636805555556,0.795278653946002,137,"ice_full",NA
"5300",2013,-175.521978653053,64.2763993394371,-82.9684705902851,149,-5.05131527777778,0.764307377400549,138,"ice_full",NA
"5301",2013,-174.425569873735,64.2954170814174,-64.4376238146785,149,-6.69275555555556,0.716486997414081,141,"ice_full",NA
"5302",2013,-173.457380699272,64.16439489584,-44.5806870949027,149,-5.63296271054366,0.676533097961407,149,"ice_full",NA
"5303",2013,-172.429089333887,64.2243676523245,-36.3145317505543,165,1.82056704049054,0.652324485384144,151,"ice_full",NA
"5304",2013,-171.489624858542,64.2644379135432,-42.1761455993651,149,1.81710972222222,0.649143192070275,147,"ice_full","12"
"5305",2013,-170.596364751291,64.3060829609805,-43.829560979127,165,-1.74636388888889,0.705086755667305,146,"ice_full","12"
"5306",2013,-169.537473500097,64.2575054001918,-39.4951465488044,165,-2.90661944444444,0.760035602643242,147,"ice_full","12"
"5307",2013,-168.529886097918,64.2502949194605,-31.8027324847906,149,-7.04994444444444,0.794410310903576,146,"ice_full","14"
"5308",2013,-167.65824594288,64.3152289792135,-25.8069568910781,149,-17.5009958333333,0.770587733394552,151,"ice_full","14"
"5315",2013,-178.460998782892,64.7009573852536,-64.7625823842077,149,2.61230138888889,0.773985104260765,153,"ice_full",NA
"5316",2013,-177.514784350204,64.7092073949653,-55.0238744645511,149,-0.598418055555555,0.738335324074074,155,"ice_full",NA
"5317",2013,-176.417891523873,64.7107773286904,-67.6719500706835,149,-4.29867777777778,0.704675981040564,156,"ice_full",NA
"5318",2013,-175.558736785605,64.6903306414939,-55.8561471351841,149,-2.08608339877481,0.723006822612086,144,"ice_full",NA
"5321",2013,-171.543234312758,64.7570854451549,-38.4859087914179,149,7.472325,0.69174044592942,136,"ice_full",NA
"5322",2013,-170.533641649773,64.8010479153607,-47.0456477685618,165,3.48604166666667,0.722444639148494,137,"ice_free","12"
"5324",2013,-168.619247097743,64.7356177583068,-37.021927613469,149,-2.45026388888889,0.741210834510358,148,"ice_full","14"
"5325",2013,-167.43383410551,64.7901385814331,-22.2433756187673,149,-18.0292375,0.72782681932966,151,"ice_full","14"
"5330",2013,-176.554419083531,65.1597848669296,-37.5423647326565,165,-16.1344780898093,0.730985310498468,163,"ice_full",NA
"5333",2013,-171.542645699734,65.2459774138988,-31.3258452148984,165,9.87951111111111,0.751504014756945,126,"ice_free",NA
"5334",2013,-170.539789661429,65.2229884740135,-39.6048701000124,149,4.18251388888889,0.770079646334479,127,"ice_free",NA
"5336",2013,-168.520137730941,65.2445586940691,-48.9729734028791,157,-3.14935,0.713285219620447,151,"ice_full","14"
"5341",2013,-170.284883607454,65.6711407489518,-34.3137220692391,149,5.7303881945195,0.763514826388889,130,"ice_full",NA
"5343",2013,-168.592051169269,65.7235448171365,-49.0843665255473,157,-4.74365045648796,0.720019222222222,155,"ice_full","14"
"5347",2014,-165.412578848151,54.7272785010926,-153.792385360228,157,36.6256972222222,0,0,"ice_free","16"
"5358",2014,-166.512233738278,55.279228353301,-135.017822322563,157,36.0287166666667,0,0,"ice_free","4"
"5359",2014,-165.480434276128,55.2426839988496,-116.853390627664,157,46.3627819444444,0,0,"ice_free","4"
"5360",2014,-164.438140069847,55.2333309734426,-80.4867530115486,149,52.8239111111111,0,0,"ice_free","1"
"5369",2014,-167.476727686459,55.765807353539,-133.347444643566,141,35.8765263888889,0,0,"ice_free","4"
"5370",2014,-166.484077925108,55.7304298778409,-127.128691606818,141,47.1012736111111,0,0,"ice_free","4"
"5371",2014,-165.490299722056,55.7393374122382,-109.867172443306,157,55.2886597222222,0,0,"ice_free","4"
"5372",2014,-164.516992445209,55.7458750723983,-96.2228525563296,133,59.0454125,0,0,"ice_free","3"
"5373",2014,-163.487099668533,55.7610442386258,-84.5470804075806,125,60.2995541666667,0,0,"ice_free","1"
"5374",2014,-162.573428165095,55.7969134015783,-57.0376106119496,125,67.2639313210849,0,0,"ice_free","1"
"5384",2014,-167.47051490631,56.2430784337945,-126.321074145971,141,40.0353472222222,0,0,"ice_free","4"
"5385",2014,-166.488654522816,56.2680684791431,-108.225745276616,141,59.8320166666667,0,0,"ice_free","4"
"5386",2014,-165.429801587082,56.2293578780874,-92.1872368502729,133,73.0803055555556,0,0,"ice_free","3"
"5387",2014,-164.494316386979,56.2400219468455,-87.0515985722559,133,76.7714055555556,0,0,"ice_free","3"
"5388",2014,-163.50540719205,56.2243621971029,-85.6117272632751,133,78.6233041666667,0,0,"ice_free","3"
"5389",2014,-162.515960057636,56.2446713302933,-76.1498080415126,125,89.2806402777778,0,0,"ice_free","1"
"5390",2014,-161.496662758409,56.2772123733633,-56.6138645858093,101,82.8899444444445,0,0,"ice_free","1"
"5395",2014,-172.507190130699,56.77947090257,-162.385206208698,157,2.55122361111111,0,0,"ice_free","8"
"5396",2014,-171.520149372549,56.7773155605031,-145.470321464322,157,11.3427833333333,0,0,"ice_free","8"
"5397",2014,-170.514538038138,56.7810325513581,-100.207193100673,157,12.9787777777778,0,0,"ice_free","5"
"5398",2014,-169.440822337731,56.7887489500328,-70.2866828597183,157,25.4027847222222,0,0,"ice_free","5"
"5399",2014,-168.490198662412,56.7729773285444,-93.1098279460443,117,34.6038069444445,0,0,"ice_free","3"
"5400",2014,-167.444841412387,56.7495823618494,-92.730880492565,125,52.5063902777778,0,0,"ice_free","3"
"5401",2014,-166.528933720592,56.7585161338673,-81.6009409842313,133,79.8376930555556,0,0,"ice_free","3"
"5402",2014,-165.508016947492,56.7518918301106,-75.4010552863396,125,88.0296833333333,0,0,"ice_free","3"
"5403",2014,-164.498973399934,56.7455266969688,-73.22993151733,125,93.6074458333333,0,0,"ice_free","3"
"5404",2014,-163.474147684764,56.7500250348441,-71.9124666854079,125,90.5025236111111,0,0,"ice_free","3"
"5405",2014,-162.496810467447,56.7436023787658,-67.590963154253,125,98.1993194444444,0,0,"ice_free","3"
"5406",2014,-161.50131261697,56.7346296503889,-70.9559389103652,117,101.676665277778,0,0,"ice_free","3"
"5407",2014,-160.487162635006,56.7476683119644,-59.5804337020964,101,96.3792875,0,0,"ice_free","3"
"5412",2014,-172.421611307557,57.2180564838209,-124.16544277012,157,2.3725625,0,0,"ice_free","8"
"5413",2014,-171.472937828438,57.2215649817839,-113.761624302665,157,10.6559041666667,0,0,"ice_free","6"
"5414",2014,-170.54032831094,57.2329829305174,-64.6010309800845,157,5.859975,0,0,"ice_free","5"
"5415",2014,-169.453521591253,57.2033565551886,-66.5224801612284,157,24.1408222222222,0,0,"ice_free","6"
"5416",2014,-168.485861649364,57.2489024589207,-77.0433604512416,117,42.6648041666667,0,0,"ice_free","3"
"5417",2014,-167.522860850527,57.244376626984,-72.8450870942555,125,69.9353708333333,0,0,"ice_free","3"
"5418",2014,-166.478375354001,57.2256842180861,-74.2338432141856,125,78.8744222222222,0,0,"ice_free","3"
"5419",2014,-165.533130925494,57.2599504309116,-69.8607000229709,133,66.8259972222222,0,0,"ice_free","3"
"5420",2014,-164.483682422975,57.2445126624198,-67.3696278355003,133,74.3128736111111,0,0,"ice_free","3"
"5421",2014,-163.467769784272,57.2379002931209,-63.4574152941273,125,80.1925291666667,0,0,"ice_free","3"
"5422",2014,-162.50075463262,57.2382232324928,-56.0752404057793,125,89.5682527777778,0,0,"ice_free","2"
"5423",2014,-161.485663889288,57.2427294103978,-55.5865350971815,117,98.6495166666667,0,0,"ice_free","3"
"5424",2014,-160.489034286337,57.2651442237317,-60.9219472730682,141,104.323138888889,0,0,"ice_free","3"
"5425",2014,-159.499606367066,57.2509690225747,-50.0351246557584,101,105.060911111111,0,0,"ice_free","2"
"5429",2014,-172.417446444799,57.7703111329842,-116.921059500787,125,-0.91705138888889,0,0,"ice_free","8"
"5430",2014,-171.449053016283,57.7330773355965,-91.7176768226115,157,-5.73352222222222,0,0,"ice_free","6"
"5431",2014,-170.43435702908,57.7592492139597,-74.6094816945644,125,-3.23125138888889,0,0,"ice_free","6"
"5432",2014,-169.454249493589,57.7657243063527,-66.131534759093,125,17.3489638888889,0,0,"ice_free","6"
"5433",2014,-168.472456734868,57.7457547252907,-75.1364686228228,125,36.1683430555556,0,0,"ice_free","6"
"5434",2014,-167.423054007816,57.7847505161726,-64.7505307303511,125,55.9077180555556,0,0,"ice_free","3"
"5435",2014,-166.526272895818,57.7651019538661,-60.3701496492831,133,55.1596819444444,0,0,"ice_free","3"
"5436",2014,-165.518379949006,57.7638087290273,-62.5140873147599,133,57.0914569444444,0,0,"ice_free","3"
"5437",2014,-164.516173809985,57.7485931672868,-47.5629088804653,125,64.6361527777778,0,0,"ice_free","2"
"5438",2014,-163.434132858274,57.7698165946967,-48.7297922318874,125,89.572975,0,0,"ice_free","2"
"5439",2014,-162.46006760688,57.7788746797001,-46.4074327444213,109,89.4426013888889,0,0,"ice_free","2"
"5440",2014,-161.498702888161,57.7586221509991,-39.2759123872761,125,91.3003583333333,0,0,"ice_free","2"
"5441",2014,-160.473747343478,57.7297432050202,-48.3328376291383,101,112.679252777778,0,0,"ice_free","3"
"5442",2014,-159.496270076055,57.7395227996042,-45.7639416879105,101,115.082027777778,0,0,"ice_free","2"
"5447",2014,-173.580962149756,58.285208393513,-123.434412955466,157,14.4834777777778,0,0,"ice_free","8"
"5448",2014,-172.351871555491,58.1954613445122,-107.906392914818,157,-1.28117777777778,0,0,"ice_free","8"
"5449",2014,-171.448018177096,58.2353972834546,-96.0864452273307,125,-11.8990694444444,0.0580765553134834,81,"ice_free","6"
"5450",2014,-170.459007593301,58.2590345879942,-82.705911958474,125,0.437184722222222,0.0841029000698812,83,"ice_free","6"
"5451",2014,-169.447609077726,58.226242281409,-74.17125833323,133,11.5888833333333,0.10618124298541,85,"ice_free","6"
"5452",2014,-168.562763760141,58.2111693330421,-72.8763943501273,125,13.5697305555556,0.138211260110685,88,"ice_free","6"
"5453",2014,-167.470531908077,58.2029220884841,-57.4702688425478,125,27.6256152777778,0.164004988825032,88,"ice_free","6"
"5454",2014,-166.47036369321,58.2137843620564,-53.346015162469,125,34.5860847222222,0.17990158045977,88,"ice_free","2"
"5455",2014,-165.494462163536,58.2147669706803,-49.0525202533117,125,32.5702263888889,0.179850389863548,87,"ice_free","2"
"5456",2014,-164.45916320941,58.2478572600095,-41.9438194596163,93,61.4836819444444,0.136872853535354,85,"ice_full","2"
"5457",2014,-163.47060094654,58.2390093501244,-37.6315209400888,101,67.6021111111111,0.0998368518518519,80,"ice_free","2"
"5458",2014,-162.517799946209,58.2545081954936,-38.8603643653984,101,57.653725,0,0,"ice_free","2"
"5469",2014,-173.533153225226,58.7464717731177,-126.824901519828,157,8.78734583333333,0.0374983179012346,80,"ice_free","8"
"5471",2014,-171.454268569313,58.714902494206,-89.7387955333776,125,-12.5498513888889,0.192965094685081,89,"ice_free","6"
"5472",2014,-170.50699557395,58.7191692079495,-101.232102872405,125,-5.35247638888889,0.248991846323936,97,"ice_free","6"
"5473",2014,-169.510324199931,58.7609900163256,-87.6409716905064,133,-1.28764305555556,0.297958985393845,101,"ice_free","6"
"5474",2014,-168.477661700921,58.7520943867827,-57.12753275174,125,4.43627916666667,0.333536928360285,101,"ice_free","7"
"5475",2014,-167.477381845562,58.763001956711,-47.05033029584,101,18.6193666666667,0.338454843836374,97,"ice_full","7"
"5476",2014,-166.461877250696,58.7368206502592,-42.4566395212922,109,22.2453763888889,0.334879255698006,95,"ice_full","7"
"5477",2014,-165.458026986949,58.7450271874526,-34.7606300622786,101,29.8736111111111,0.339228841145833,94,"ice_full","2"
"5478",2014,-164.46857202504,58.721221238046,-32.1433267064046,93,47.7025458333333,0.299204108796296,90,"ice_full","2"
"5479",2014,-163.460987397695,58.736337818504,-25.4174242381225,101,46.7818041666667,0.243058317089019,87,"ice_full","2"
"5485",2014,-176.416407718858,59.2258175204415,-149.287196078575,157,14.7536180555556,0,0,"ice_free","8"
"5486",2014,-175.567773413593,59.2408712615971,-136.755505708481,157,-1.81973472222222,0.0479410339506173,80,"ice_free","8"
"5487",2014,-174.485857713808,59.2342215750287,-115.036682357306,157,-0.572919444444445,0.101008101851852,84,"ice_free","8"
"5488",2014,-173.550418394838,59.2408563771463,-128.670451601577,125,5.49726805555556,0.191760813492064,100,"ice_free","8"
"5489",2014,-172.563757264423,59.3055796007087,-109.549257060722,117,-3.42692916666667,0.29005706705564,103,"ice_full","9"
"5490",2014,-171.40233254208,59.2509112344594,-69.1323376084883,125,-9.65321944444444,0.366467404904905,104,"ice_free","9"
"5491",2014,-170.476740814001,59.2414547621409,-72.3209844926327,125,-11.2989875,0.448484515765766,104,"ice_free","6"
"5492",2014,-169.498274361489,59.207848456404,-64.7840586232799,133,-2.61934305555556,0.486065784534535,104,"ice_free","6"
"5493",2014,-168.485226625463,59.2529655229089,-47.7765709364759,109,10.9651,0.464350324282616,104,"ice_full","7"
"5494",2014,-167.433367013388,59.258098125752,-40.026003835441,109,20.8852361111111,0.422483997124979,103,"ice_full","7"
"5495",2014,-166.518973204841,59.27879328903,-32.0483299092754,109,29.8502847222222,0.382021616120952,99,"ice_full","7"
"5496",2014,-165.544837396347,59.2507755425452,-24.3465685294901,109,37.2698583333333,0.390352531324857,97,"ice_full","7"
"5497",2014,-164.514017628459,59.2557504182053,-22.5229088129449,93,49.3888194444444,0.378844124455338,98,"ice_full","2"
"5501",2014,-177.41851975537,59.7880479559776,-158.898314621068,157,20.9132111111111,0.0651854938271605,80,"ice_free","8"
"5502",2014,-176.466998170636,59.7616344738638,-126.64818229598,157,13.3213055555556,0.113105538408779,84,"ice_free","8"
"5503",2014,-175.597854999383,59.7508848238106,-125.727418977633,117,-1.56623472222222,0.182247974537037,102,"ice_full","8"
"5504",2014,-174.553979430441,59.7582107874186,-109.539375986339,125,-4.75475138888889,0.270252351309643,104,"ice_free","8"
"5505",2014,-173.519111627306,59.7372669516683,-86.1633010995333,117,-4.22122222222222,0.381816183127572,105,"ice_full","9"
"5506",2014,-172.577245716288,59.7123554675842,-105.237859553654,117,-8.61273194444444,0.465284234892788,106,"ice_full","9"
"5507",2014,-171.492816628656,59.7191742473475,-75.8161729087974,117,-6.07120972222222,0.529859742798354,105,"ice_full","9"
"5508",2014,-170.470315473644,59.6944959666054,-59.7780189315067,125,-3.06971111111111,0.554431865253411,106,"ice_full","9"
"5509",2014,-169.447203534991,59.747941319724,-54.1457561125067,125,3.46712083333333,0.56138467044347,106,"ice_full","11"
"5510",2014,-168.432121013471,59.7020005369549,-44.1470725982093,109,19.1067208333333,0.520138631687243,105,"ice_full","7"
"5511",2014,-167.534763732108,59.7335189375347,-32.4091128786442,109,25.7970013888889,0.462155082165499,104,"ice_full","7"
"5512",2014,-166.570486195882,59.5866295178731,-22.8958333333333,109,34.1815278065336,0.396440512430238,103,"ice_full","7"
"5515",2014,-177.508468370312,60.2328152658032,-145.132565856537,157,17.6711833333333,0.172496081850249,107,"ice_free","8"
"5516",2014,-176.425612498837,60.220990645585,-137.152819522785,117,4.12719305555555,0.297085725308642,110,"ice_full","8"
"5517",2014,-175.571431088954,60.221455862836,-120.193910111788,125,0.559330555555556,0.372488102816358,110,"ice_full","8"
"5518",2014,-174.492678012269,60.2060171132502,-101.295614028335,125,-3.99646388888889,0.442238572433193,109,"ice_full","9"
"5519",2014,-173.4286820991,60.2762053064631,-67.3462750061258,117,-3.48573055555556,0.483547572412156,108,"ice_full","9"
"5520",2014,-172.649016586629,60.2410369114694,-41.4026134029938,117,-1.08436680783252,0.537172478121582,109,"ice_full","9"
"5522",2014,-170.371402105189,60.1745562011658,-66.0668267986542,125,7.80094305555555,0.606347034267173,108,"ice_full","9"
"5523",2014,-169.384188508722,60.2284251514746,-47.0695252911771,125,13.5830819444444,0.602073252364919,107,"ice_full","11"
"5524",2014,-168.483162916402,60.2373242253509,-40.3439386317907,125,27.4252472222222,0.559409255198181,106,"ice_full","11"
"5525",2014,-167.547321343163,60.2855790011773,-28.7004066819524,117,33.2060470185265,0.544136259340481,106,"ice_full","11"
"5529",2014,-178.450138112072,60.7268188824437,-180.989023545507,157,-9.78385277777778,0.277933836996337,121,"ice_free","8"
"5530",2014,-177.510574565594,60.7414928214995,-141.166445373576,125,-1.99878194444445,0.398252837791495,120,"ice_full","8"
"5531",2014,-176.549292909367,60.7626643482402,-115.121880938129,125,-3.6858625,0.512139781869885,119,"ice_full","8"
"5532",2014,-175.592402125267,60.737276433922,-98.0578090181996,125,5.84632222222222,0.5561565042789,118,"ice_full","8"
"5533",2014,-174.449206206486,60.7370427753081,-80.706394801425,125,0.63121111111111,0.589136733716475,117,"ice_full","9"
"5534",2014,-173.510853750409,60.6948705496409,-62.0111934935174,125,-0.256736111111111,0.611179922666112,119,"ice_full","9"
"5537",2014,-170.526279174086,60.7298053277179,-55.4548927727119,117,11.7919222222222,0.65523467016213,113,"ice_full","9"
"5538",2014,-169.421864895945,60.7359904985749,-45.2175363048548,125,17.2883847222222,0.650413695987654,110,"ice_full","11"
"5539",2014,-168.462451114811,60.7314324454198,-37.2388036136985,125,26.2884652777778,0.616870632518202,108,"ice_full","11"
"5540",2014,-167.370186828317,60.7969887400009,-26.915321149777,109,35.1394625,0.583755912297579,107,"ice_full","11"
"5544",2014,-178.594118013756,61.2438467758036,-155.590686118797,133,-21.2091513888889,0.615473837770062,126,"ice_full",NA
"5545",2014,-177.447407224909,61.2390935867959,-128.584989052321,125,-8.54423194444444,0.660096425991594,124,"ice_full","8"
"5546",2014,-176.555964237429,61.2207936181072,-115.246392481143,125,-6.55951944444445,0.704448169719899,123,"ice_full","8"
"5547",2014,-175.51961387076,61.2565353951803,-81.5859756097561,125,4.17338194444444,0.735332486245303,122,"ice_full","10"
"5548",2014,-174.517915570951,61.2451516977618,-81.146026867031,125,2.02670694444444,0.740969907407407,122,"ice_full","10"
"5552",2014,-170.38563359739,61.3134813417295,-48.6436189444343,133,8.11409444444444,0.708996744520738,119,"ice_full","10"
"5553",2014,-169.418771557487,61.263256535771,-43.1836661005355,125,25.1232541666667,0.721479028880071,114,"ice_full","11"
"5554",2014,-168.444418414475,61.2483023302381,-35.0007370682663,125,30.3612958333333,0.708040504375684,109,"ice_full","11"
"5555",2014,-167.390968215298,61.2778035176375,-24.2823422062006,109,34.1545583333333,0.630497244268078,107,"ice_full","11"
"5558",2014,-178.431489667347,61.7571839256415,-135.648881249429,133,-9.5200125,0.798619089506173,130,"ice_full",NA
"5559",2014,-177.479780078484,61.734614339856,-122.559982273648,125,-5.29587361111111,0.793163784958428,128,"ice_full",NA
"5561",2014,-175.594531476807,61.7191339392547,-95.154669688965,149,2.31379166666667,0.799338847093621,126,"ice_free","10"
"5562",2014,-174.395022087763,61.6570230619732,-63.4658451878641,149,0.2734,0.777068676858282,126,"ice_free","10"
"5566",2014,-170.348773297295,61.6537294614248,-47.6859330946831,125,1.97960972222222,0.727094737322448,123,"ice_full","10"
"5567",2014,-169.504313195308,61.636173734047,-42.4703962326057,133,20.2733402777778,0.750853746570645,120,"ice_full","11"
"5568",2014,-168.404746672855,61.7167597334807,-33.4417297658386,125,23.8952916666667,0.723055036717752,117,"ice_full","11"
"5569",2014,-167.354163184315,61.7080699676302,-24.0491803635922,125,20.7630722222222,0.657203742772308,109,"ice_full","11"
"5571",2014,-179.480205283205,62.2546726816796,-121.142985125473,133,3.04010277777778,0.810965167002811,131,"ice_full",NA
"5572",2014,-178.51819130811,62.2595281264791,-136.614367816092,133,1.7713625,0.83633487654321,131,"ice_full",NA
"5573",2014,-177.460672958572,62.2242421099772,-102.657934679248,133,3.19354166666667,0.827296520061728,130,"ice_full",NA
"5574",2014,-176.541720788604,62.2592180078929,-97.0914383598909,133,0.146618055555555,0.804625385802469,128,"ice_full",NA
"5575",2014,-175.578702344885,62.2893367497909,-84.5601511823205,149,1.93629027777778,0.803161736517219,125,"ice_free","10"
"5577",2014,-173.393720836159,62.3150187190078,-58.9637003249161,117,9.39952361111111,0.712120382302405,127,"ice_full","10"
"5578",2014,-172.57422937145,62.2934285848505,-50.7255507704926,117,6.18343055555556,0.690244263285024,122,"ice_full","10"
"5579",2014,-171.515999151692,62.2046822585929,-45.1182346074368,117,-3.08209166666667,0.686768209028626,121,"ice_full","10"
"5581",2014,-169.484964978253,62.3218539221354,-37.4285947712418,133,13.6698055555556,0.716497127002889,124,"ice_full","10"
"5583",2014,-167.282504451274,62.2114995222857,-24.0185161759837,117,4.98364166666667,0.665337367485239,122,"ice_full","11"
"5585",2014,-179.491030067868,62.7540483845605,-106.336574074074,141,11.0240944444444,0.829438042415353,131,"ice_full",NA
"5586",2014,-178.513118349998,62.754998929862,-91.5606206300222,133,9.84928194444444,0.856496437000726,132,"ice_full",NA
"5587",2014,-177.531223991752,62.7569042467564,-109.42688449848,133,5.34765277777778,0.847517803649237,132,"ice_full",NA
"5588",2014,-176.514613506468,62.6913865905591,-98.1438457756225,149,1.56862916666667,0.829538747295405,127,"ice_free",NA
"5589",2014,-175.454399587126,62.7192572735939,-84.3812390581232,125,3.94883611111111,0.837644402829796,119,"ice_full",NA
"5590",2014,-174.481327315345,62.7598617227533,-80.6503566287663,117,4.49634583333333,0.825795847688774,116,"ice_full","10"
"5591",2014,-173.615339815456,62.7779212357902,-66.8116687506677,117,3.16041527777778,0.807507056001785,113,"ice_full","10"
"5592",2014,-172.52962009543,62.7581462986339,-56.6551495600076,125,5.67159444444444,0.747940057727481,111,"ice_full","10"
"5593",2014,-171.609381610314,62.7702272655917,-44.1022653000594,109,3.48201388888889,0.689656283340954,111,"ice_full","10"
"5594",2014,-170.462949946836,62.775540134374,-35.3185448272616,109,2.99272777777778,0.651353028078892,112,"ice_full","10"
"5595",2014,-169.501745021787,62.746973741551,-31.0726599222789,141,7.92325607373656,0.660120851586353,123,"ice_full","10"
"5596",2014,-168.590001029758,62.8109115274489,-28.4197498665397,141,8.67687361111111,0.718258479532164,125,"ice_full","11"
"5600",2014,-179.546926294837,63.2464397497757,-83.2581759715381,157,16.5537541666667,0.860311384610683,131,"ice_free",NA
"5601",2014,-178.503263363563,63.2521904377312,-94.8814658173211,133,12.6440222222222,0.879646282811938,133,"ice_full",NA
"5602",2014,-177.542571624574,63.2390980983284,-102.748469081042,149,9.11479305555556,0.8674099856066,134,"ice_full",NA
"5603",2014,-176.436509915731,63.2370149666038,-93.5373586317856,149,3.32285555555556,0.82724530294858,133,"ice_full",NA
"5604",2014,-175.54196722714,63.2610918166063,-86.5501384932138,125,0.748784722222222,0.785098551521819,131,"ice_full",NA
"5605",2014,-174.424161979724,63.2436382202008,-79.0125218289013,125,0.2652,0.766644799223622,127,"ice_full",NA
"5606",2014,-173.481694342763,63.2666686916444,-79.3975433524753,133,-2.59906111111111,0.772177917743325,116,"ice_full","12"
"5607",2014,-172.440835095375,63.2867790561536,-58.2779779405447,117,-0.89493611111111,0.734572397500381,111,"ice_full","12"
"5608",2014,-171.539401215538,63.1905468372031,-43.9271844708035,117,2.76185443380988,0.67399534179241,111,"ice_full","12"
"5609",2014,-170.593767406367,63.1739473167348,-22.5138103942145,117,2.90074173713076,0.626807898599819,112,"ice_full","12"
"5611",2014,-168.597721455102,63.2275770707813,-24.267197151662,157,7.73956134878605,0.762698391812865,125,"ice_free","12"
"5612",2014,-167.496005298428,63.3108270460823,-26.0821417320836,141,14.0509694444444,0.742075460551698,126,"ice_full","14"
"5613",2014,-166.360196217463,63.2318278903281,-22.2129947716933,117,18.6777333333333,0.676895833333333,125,"ice_full","13"
"5615",2014,-179.529412769519,63.7287956528551,-60.6017880758891,149,10.6401402777778,0.883763067272519,138,"ice_full",NA
"5616",2014,-178.485413179669,63.7361021051152,-71.6854320242103,149,6.63722361111111,0.891688373515025,136,"ice_full",NA
"5617",2014,-177.584585973606,63.7453690905868,-82.1890908195429,133,8.1075,0.870501359494415,135,"ice_full",NA
"5618",2014,-176.557462806542,63.7180907849932,-90.8585582750583,149,7.46792777777778,0.836887029688419,135,"ice_full",NA
"5619",2014,-175.463732089722,63.747369826957,-84.8757356253614,149,1.84877916666667,0.802742931807594,136,"ice_full",NA
"5620",2014,-174.544114625972,63.7413055194811,-80.3512693667829,141,-5.61308472222222,0.767893926158863,136,"ice_full",NA
"5621",2014,-173.505968311431,63.7673726613896,-70.3050162623012,141,-6.77070972222222,0.691947163089881,137,"ice_full",NA
"5622",2014,-172.586528952176,63.6674999735986,-55.1806856195011,141,-2.79999444444444,0.613836684099223,138,"ice_full","12"
"5624",2014,-170.328159853055,63.8533870545023,-31.9793584238201,157,1.78073223621428,0.656380621693122,142,"ice_full","12"
"5625",2014,-169.484473057419,63.8056406281873,-29.5087348421559,141,5.84912083333333,0.722197731044724,136,"ice_full","12"
"5626",2014,-168.536895654469,63.7357651383582,-28.7991273612463,141,6.66593194444444,0.798832641275296,127,"ice_full","14"
"5627",2014,-167.468468923032,63.6948599224946,-26.3527731145146,157,15.9988763888889,0.792005232445988,126,"ice_free","14"
"5628",2014,-166.458723719871,63.7369260483316,-25.4148961953336,125,15.9505513888889,0.735665115334633,125,"ice_full","14"
"5630",2014,-179.610156418727,64.1648009202419,-49.9176014957265,157,-4.99787638888889,0.86918131546951,162,"ice_full",NA
"5631",2014,-178.364331756269,64.1487749848289,-74.2949980186799,149,-8.11479444444444,0.842724245406824,157,"ice_full",NA
"5632",2014,-177.603391815367,64.1647101186571,-69.9371527777778,149,-6.48532222222222,0.806860861288201,152,"ice_full",NA
"5633",2014,-176.51218494963,64.2286509146892,-87.5684261269993,141,-2.76922222222222,0.763665303708763,152,"ice_full",NA
"5634",2014,-175.48856197846,64.2307779133248,-83.4323477523955,141,-2.45871111111111,0.74209101696234,149,"ice_full",NA
"5635",2014,-174.428770324324,64.288853435348,-64.742553095059,141,-7.49424861111111,0.706271098163842,148,"ice_full",NA
"5636",2014,-173.483850871159,64.1691219617101,-42.9552094215153,157,-7.20157382165477,0.675759507514761,145,"ice_full",NA
"5638",2014,-171.489222315351,64.3080577466197,-41.4746018381705,165,2.38572083333333,0.600085389856665,148,"ice_full","12"
"5639",2014,-170.465427691353,64.2391213889257,-43.0029246089754,165,-0.619315277777779,0.660089750744048,142,"ice_free","12"
"5640",2014,-169.537400226153,64.2272942859265,-38.9169071969891,165,-2.36564722222222,0.703264389389389,141,"ice_free","12"
"5641",2014,-168.404715592862,64.2109496691357,-30.3874544636919,141,1.44397916666667,0.746020371812623,137,"ice_full","14"
"5642",2014,-167.536209478093,64.2625992579582,-25.8703396087117,141,10.2161916666667,0.789093865343006,127,"ice_full","14"
"5656",2014,-170.609169310482,64.6833193894797,-47.867900040133,141,4.14163194444444,0.689782754977199,141,"ice_full","12"
"5657",2014,-169.566921047785,64.7672992923094,-47.3961277100589,165,-1.23991666666667,0.717179825286596,142,"ice_free","12"
"5658",2014,-168.348026999611,64.7011561870904,-31.5514579020014,165,0.0006388888888888,0.727937011772097,143,"ice_free","14"
"5659",2014,-167.363235138727,64.7977039458529,-22.1684880164538,141,7.47197777777778,0.706952459761163,137,"ice_full","13"
"5667",2014,-171.578034739877,65.257332052929,-30.6130776647047,157,12.8866291666667,0.692223160660661,141,"ice_full",NA
"5668",2014,-170.604759327787,65.3538724670814,-36.7444124212417,165,10.5519930555556,0.704409322390572,140,"ice_free",NA
"5669",2014,-169.639807894407,65.2405412141802,-47.2750432437932,165,4.6842,0.716494199306238,143,"ice_free",NA
"5670",2014,-168.256714698164,65.3029175901207,-46.5437698412698,165,2.65585833333333,0.725238231347289,145,"ice_full","14"
"5675",2014,-170.282623229517,65.7175353947085,-31.5940743859767,165,12.2169506945195,0.700973937665344,142,"ice_free",NA
"5676",2014,-169.705811783131,65.7809107388977,-41.5685269540781,165,7.20658888888889,0.70729655461621,145,"ice_full",NA
"5677",2014,-168.375244176882,65.7877857319675,-44.5793742893,157,8.36384954351204,0.724279874960431,147,"ice_full",NA
"5681",2015,-165.46044263661,54.749442023869,-170.413643507062,157,57.6439958333333,0,0,"ice_free","16"
"5692",2015,-166.506501115624,55.2422138351298,-137.092543041669,149,59.3592375,0,0,"ice_free","4"
"5693",2015,-165.478816239714,55.2447701699234,-117.405070768601,149,59.4835805555556,0,0,"ice_free","4"
"5694",2015,-164.526751894651,55.2500119872295,-89.0589770215493,133,63.9939458333333,0,0,"ice_free","1"
"5703",2015,-167.523942489663,55.7464454068117,-133.364721825786,149,58.25295,0,0,"ice_free","4"
"5704",2015,-166.458726688252,55.7484764704795,-126.039026046924,149,58.6535305555556,0,0,"ice_free","4"
"5705",2015,-165.512280224971,55.7171213636954,-110.474558348079,149,61.5467847222222,0,0,"ice_free","4"
"5706",2015,-164.450418414569,55.7393132054317,-95.5531935265172,133,69.0990583333333,0,0,"ice_free","3"
"5707",2015,-163.492509950027,55.7491430684366,-83.4651856539817,141,67.5952486111111,0,0,"ice_free","1"
"5708",2015,-162.607441694128,55.7862308765579,-57.0770446343383,133,60.5697993766404,0,0,"ice_free","1"
"5718",2015,-167.465431748802,56.280970928882,-125.621693213161,149,57.6285763888889,0,0,"ice_free","4"
"5719",2015,-166.528782791953,56.227404424896,-111.58315257427,149,65.6908013888889,0,0,"ice_free","4"
"5720",2015,-165.473968248575,56.2118809675047,-93.1815094629263,133,80.2085347222222,0,0,"ice_free","3"
"5721",2015,-164.453491524264,56.2400794278536,-86.7452523716763,149,85.8741833333333,0,0,"ice_free","3"
"5722",2015,-163.497555881155,56.2630860119797,-84.7882749138624,149,89.9396236111111,0,0,"ice_free","3"
"5723",2015,-162.490919196267,56.2506944717611,-76.3848304842703,149,86.7564736111111,0,0,"ice_free","1"
"5724",2015,-161.467767164671,56.2647065769736,-54.9762011383433,133,72.2660555555556,0,0,"ice_free","1"
"5729",2015,-172.487196774344,56.7831429967894,-156.350407945027,165,31.7570916666667,0,0,"ice_free","8"
"5730",2015,-171.465273033779,56.7571481050054,-134.707080765014,165,36.9599708333333,0,0,"ice_free","8"
"5731",2015,-170.541808062986,56.7874541044188,-100.794464052558,141,32.0768680555556,0,0,"ice_free","5"
"5732",2015,-169.480357146064,56.7630000388744,-72.2288469881573,141,44.7058055555556,0,0,"ice_free","5"
"5733",2015,-168.524681255987,56.7390028104153,-93.3725638293569,141,52.5832861111111,0,0,"ice_free","3"
"5734",2015,-167.501038623405,56.7417450484078,-93.2590643594007,149,52.1647930555556,0,0,"ice_free","3"
"5735",2015,-166.512572300315,56.7481466344092,-81.6340675614639,133,71.6365125,0,0,"ice_free","3"
"5736",2015,-165.516971012523,56.7669056501883,-74.9698671764402,133,93.1238847222222,0,0,"ice_free","3"
"5737",2015,-164.462198706199,56.7696331886246,-72.8427822385038,149,97.6554666666667,0,0,"ice_free","3"
"5738",2015,-163.449459857803,56.7219137121248,-72.8936586773807,149,102.883322222222,0,0,"ice_free","3"
"5739",2015,-162.45287792704,56.7640432311314,-67.2951976056406,149,110.468659722222,0,0,"ice_free","3"
"5740",2015,-161.512847986081,56.7567955333621,-70.9132364148709,133,95.2884708333333,0,0,"ice_free","3"
"5741",2015,-160.515449620284,56.7507806829679,-60.3691724811417,117,79.0671347222222,0,0,"ice_free","3"
"5746",2015,-172.455284066557,57.256829088223,-132.292064478955,165,9.73586111111111,0,0,"ice_free","8"
"5747",2015,-171.524986744588,57.2387566589027,-111.488369088978,165,17.9559388888889,0,0,"ice_free","8"
"5748",2015,-170.56182776986,57.2484421793576,-65.0828733216619,157,13.4702180555556,0,0,"ice_free","5"
"5749",2015,-169.552908251732,57.2394973734497,-64.3894840937634,157,41.6808222222222,0,0,"ice_free","5"
"5750",2015,-168.472825534627,57.2639570805175,-76.7227030999735,149,52.6627902777778,0,0,"ice_free","3"
"5751",2015,-167.469363513722,57.2675438187393,-69.7361987140937,149,47.7131138888889,0,0,"ice_free","3"
"5752",2015,-166.506785709572,57.2435193675513,-73.7776748649459,149,76.7186236111111,0,0,"ice_free","3"
"5753",2015,-165.495603476943,57.248001190782,-70.8706909459514,133,93.8310666666667,0,0,"ice_free","3"
"5754",2015,-164.467187239989,57.2563816489758,-67.7033990603531,149,97.5897833333333,0,0,"ice_free","3"
"5755",2015,-163.438901228679,57.2672407951243,-64.4509996777505,149,103.398709722222,0,0,"ice_free","2"
"5756",2015,-162.481388039876,57.239264172596,-55.5909521823394,165,119.357801388889,0,0,"ice_free","2"
"5757",2015,-161.477888823409,57.2481602856407,-56.2863719163291,133,109.0441,0,0,"ice_free","3"
"5758",2015,-160.521851320224,57.2547620185448,-61.3755190213599,133,87.3040069444444,0,0,"ice_free","3"
"5759",2015,-159.484168404905,57.250687155125,-49.5724496422021,109,88.239175,0,0,"ice_free","2"
"5763",2015,-172.508151572776,57.7245770553568,-119.976251372938,165,-31.3258013888889,0,0,"ice_free","8"
"5764",2015,-171.536620820885,57.7189518522723,-101.149402993546,165,-30.3152930555556,0.0738206287683032,116,"ice_free","6"
"5765",2015,-170.439464076378,57.7306642090223,-75.6781593075167,157,-28.2256611111111,0.086677056416882,116,"ice_free","6"
"5766",2015,-169.5465735313,57.7187039153426,-65.4365063185111,117,10.0998319444444,0,0,"ice_free","6"
"5767",2015,-168.466081355983,57.7316490340308,-76.4924023863859,149,25.4684472222222,0,0,"ice_free","6"
"5768",2015,-167.477209775987,57.7171573745866,-64.5349439438669,149,38.8420236111111,0,0,"ice_free","3"
"5769",2015,-166.444144648043,57.7872853881091,-63.2921394261915,149,63.1043694444444,0,0,"ice_free","3"
"5770",2015,-165.534706308545,57.7956001934172,-65.053195728011,149,70.5845125,0,0,"ice_free","3"
"5771",2015,-164.485443872336,57.7703317748076,-47.9478647560682,149,83.9242777777778,0,0,"ice_free","2"
"5772",2015,-163.460825645603,57.7507200007599,-49.2027784795228,125,96.8653708333333,0,0,"ice_free","2"
"5773",2015,-162.490060167822,57.7541039716406,-46.5840320445165,117,95.4509694444445,0,0,"ice_free","2"
"5774",2015,-161.4705475459,57.7682259776785,-39.394364309159,93,81.0729972222222,0,0,"ice_free","2"
"5775",2015,-160.508577883058,57.7465926530588,-47.8875715052551,109,69.4136277777778,0,0,"ice_free","3"
"5776",2015,-159.495046841667,57.7546851594848,-44.9179390844706,93,75.6438333333333,0,0,"ice_free","2"
"5781",2015,-173.530013441155,58.2486768547737,-119.600209961009,133,-45.4875291666667,0.0249405864197531,90,"ice_free","8"
"5782",2015,-172.547575957507,58.2495481260501,-118.094250117674,165,-60.9719763888889,0.128820083014049,117,"ice_free","8"
"5783",2015,-171.494407718661,58.2376185090677,-97.1520993200103,157,-60.1329930555556,0.232355726650564,122,"ice_free","6"
"5784",2015,-170.462319382982,58.2191471854815,-86.7404458805067,157,-48.0972944444444,0.258827445652174,122,"ice_free","6"
"5785",2015,-169.544143949321,58.2394549241057,-79.889710230315,157,-21.0880958333333,0.193480744949495,118,"ice_free","6"
"5786",2015,-168.481387226185,58.2113614733441,-71.7083965826869,149,-8.48960972222222,0.166762106215411,117,"ice_free","6"
"5787",2015,-167.435640687023,58.2244713767258,-57.7960289556283,125,1.19773333333333,0.171992274654172,113,"ice_full","6"
"5788",2015,-166.416561337533,58.2433665280728,-53.0169956031164,149,10.4306680555556,0.200821001683502,85,"ice_free","2"
"5789",2015,-165.551948267156,58.2701717282073,-47.6345606379654,109,38.9328305555556,0.308344696969697,52,"ice_free","2"
"5790",2015,-164.466825138024,58.2324333800046,-42.290915591986,109,70.4512513888889,0.247353313840156,49,"ice_free","2"
"5791",2015,-163.481404378288,58.2524115316103,-37.3483253837726,85,59.3435,0.14933236882716,42,"ice_free","2"
"5792",2015,-162.507045199341,58.2574954862822,-38.7291832764712,101,37.8936208333333,0,0,"ice_free","2"
"5803",2015,-173.553253334726,58.7732000769569,-119.306691134176,165,-65.4146333333333,0.113701879084967,115,"ice_free","8"
"5804",2015,-172.510674791503,58.7222781324052,-109.090137539483,133,-63.8660569444444,0.245583308966862,125,"ice_full","8"
"5805",2015,-171.578789478249,58.7498636754449,-90.9024504182289,133,-54.2220388888889,0.371480772864701,128,"ice_full","6"
"5806",2015,-170.49129362382,58.731192453766,-104.319326460774,157,-44.8011916666667,0.428601538387346,126,"ice_free","6"
"5807",2015,-169.519355164676,58.7471394674577,-88.6177948219679,125,-33.1366013888889,0.401729764038232,123,"ice_full","6"
"5808",2015,-168.522755174277,58.7621798518503,-56.6496697949442,149,-26.7918805555556,0.39280841213554,124,"ice_free","7"
"5809",2015,-167.41155339719,58.7191634373401,-47.3365914900849,125,-20.1199388888889,0.394759182946683,121,"ice_full","7"
"5810",2015,-166.441014607902,58.7273115714938,-42.4851196879385,109,-2.5035125,0.33414380787037,110,"ice_full","7"
"5811",2015,-165.549001839334,58.7213432332785,-35.9552494569833,101,21.3420138888889,0.332190484892788,87,"ice_full","2"
"5812",2015,-164.448556685395,58.7716537960412,-31.1632044146242,101,28.1105319444444,0.268232167352538,84,"ice_full","2"
"5813",2015,-163.493422899777,58.7430111810632,-25.4667475345044,85,9.98795,0.210175703347578,82,"ice_full","2"
"5819",2015,-176.400023337045,59.270936251709,-144.768427091945,133,26.5614305555556,0,0,"ice_free","8"
"5820",2015,-175.590208697266,59.2448798704369,-133.045879869985,165,-12.4925472222222,0,0,"ice_free","8"
"5821",2015,-174.412468885486,59.2205967128825,-127.855951593639,165,-55.2995166666667,0.117338541666667,122,"ice_free","8"
"5822",2015,-173.543876194818,59.2055858701612,-116.161090627075,125,-61.5163083333333,0.235491970486111,126,"ice_full","8"
"5823",2015,-172.534333516159,59.2581993317109,-103.031962499858,133,-51.5309916666667,0.364781828703704,130,"ice_full","9"
"5824",2015,-171.572259317331,59.1859537284641,-70.8033466746105,133,-43.09815,0.469173496516318,131,"ice_full","9"
"5825",2015,-170.486605917467,59.2521667564971,-73.536216932664,157,-37.9800638888889,0.537959619341564,129,"ice_free","6"
"5826",2015,-169.495506532428,59.2501111084827,-60.9445542421321,157,-29.2591347222222,0.555792233560091,128,"ice_free","6"
"5827",2015,-168.558930289219,59.2577947691356,-48.1570109781856,149,-24.6237194444444,0.548986750096451,126,"ice_free","7"
"5828",2015,-167.370632759186,59.2488595159832,-39.6330622059806,133,-15.3936875,0.488690237953007,123,"ice_full","7"
"5829",2015,-166.541478372663,59.2387236406644,-33.1179383235802,101,-1.99784027777778,0.381250638569604,117,"ice_full","7"
"5830",2015,-165.565147257581,59.2351102120434,-24.9620730832254,101,2.42572638888889,0.315762619924141,113,"ice_full","7"
"5831",2015,-164.490946835744,59.2182124851047,-23.1556481169422,85,-1.22409722222222,0.345570825211176,87,"ice_full","2"
"5835",2015,-177.46481216307,59.796065225404,-154.549510299133,141,28.5981416666667,0,0,"ice_free","8"
"5836",2015,-176.473766446957,59.7281892712042,-122.513013443073,157,6.90144444444444,0,0,"ice_free","8"
"5837",2015,-175.605429218156,59.7014685874146,-121.068107153257,157,-36.3009222222222,0.145217592592593,124,"ice_free","8"
"5838",2015,-174.448922161681,59.7248360181684,-105.974133658456,157,-58.9373208333333,0.263340504720407,132,"ice_free","8"
"5839",2015,-173.563014765749,59.7380235520528,-95.52175219488,133,-52.1436875,0.361811657227616,133,"ice_full","9"
"5840",2015,-172.574059152393,59.7178829230657,-105.250355390124,133,-41.0167944444444,0.468235223390867,133,"ice_full","9"
"5841",2015,-171.448141257347,59.7066199222947,-76.0649400484817,149,-35.0690569444444,0.551561138344227,132,"ice_full","9"
"5842",2015,-170.455941299329,59.7258378953683,-60.784183245229,133,-32.0984958333333,0.615978993055556,130,"ice_full","9"
"5843",2015,-169.534635962724,59.7177661847297,-54.6678499176146,149,-25.4425319444444,0.643461326225215,129,"ice_full","11"
"5844",2015,-168.446562443996,59.7244409709576,-44.0110368566098,141,-17.4344597222222,0.637841222600151,128,"ice_full","7"
"5845",2015,-167.44166259924,59.7321825386656,-30.6356481616958,165,-7.90084583333333,0.558219919463735,126,"ice_free","7"
"5849",2015,-177.538495394033,60.2482253480536,-147.361889387673,157,9.56948194444444,0,0,"ice_free","8"
"5850",2015,-176.549254038058,60.1695432510924,-128.832041275148,125,-23.2039180555556,0.146764760055755,123,"ice_full","8"
"5851",2015,-175.536904528242,60.2089258763913,-119.993523682118,157,-41.2550097222222,0.286272486772487,128,"ice_free","8"
"5852",2015,-174.473670434977,60.2243904741491,-103.64747151883,149,-43.5993805555556,0.38817232267645,136,"ice_full","9"
"5853",2015,-173.477794228334,60.2508339632158,-71.7198161201324,149,-33.5850708333333,0.424367731048806,137,"ice_full","9"
"5854",2015,-172.651512831245,60.2496728913162,-39.7198280885781,149,-26.7609640300547,0.535618430335097,135,"ice_full","9"
"5855",2015,-171.5129,60.2520307840983,-56.6542444444444,149,-29.7911972222222,0.639741430733618,134,"ice_full","9"
"5856",2015,-170.421243263013,60.193442537327,-61.5397727272727,157,-31.2597513888889,0.687245234204793,132,"ice_free","9"
"5857",2015,-169.531736007729,60.1785275811753,-47.2913496538966,149,-26.1450430555556,0.713518427741467,132,"ice_full","11"
"5858",2015,-168.576949439031,60.2453822404256,-41.1116844767991,149,-17.2136763888889,0.712300108932462,132,"ice_full","11"
"5859",2015,-167.550931130793,60.2767310133768,-27.9519070376422,149,-11.9880502036957,0.687510989751888,133,"ice_full","11"
"5863",2015,-178.518504392266,60.7361214082171,-181.407727226143,157,27.3679875,0,0,"ice_free","8"
"5864",2015,-177.527986287061,60.6953479117953,-140.638599336017,133,-11.4112472222222,0.104707638888889,120,"ice_full","8"
"5865",2015,-176.536373671837,60.7521356835419,-114.023818774885,125,-27.5237791666667,0.254395683990442,123,"ice_full","8"
"5866",2015,-175.511049325342,60.7335131343913,-98.9470581152577,149,-29.2464208333333,0.378232529239766,125,"ice_free","8"
"5867",2015,-174.636736583119,60.7384406572431,-81.6770154845155,149,-27.1628166666667,0.445576124338624,135,"ice_full","9"
"5868",2015,-173.473891251352,60.716795430828,-54.8830382960624,149,-20.2667708333333,0.497072080761317,138,"ice_full","9"
"5869",2015,-172.439109860731,60.7394143759134,-57.7109870708673,149,-21.5172114401858,0.624430501471097,137,"ice_full","9"
"5870",2015,-171.560683732461,60.7700485610307,-61.6488480505471,149,-26.2313152777778,0.687475560897436,134,"ice_full","9"
"5871",2015,-170.507028359906,60.746996376151,-54.75739622057,149,-24.9983208333333,0.741768696581197,134,"ice_full","9"
"5872",2015,-169.392004015991,60.7127567211681,-45.1345965873676,149,-19.7100180555556,0.769180424528302,136,"ice_full","11"
"5873",2015,-168.535362847878,60.7527691524563,-37.8428190980674,141,-18.77275,0.773666049382716,135,"ice_full","11"
"5874",2015,-167.41704970537,60.7843082447855,-27.45389108042,149,-15.8692527777778,0.723706463675214,134,"ice_full","11"
"5878",2015,-178.572618621582,61.261579613715,-171.073212877192,157,3.88383472222222,0.0553140207795004,116,"ice_free",NA
"5879",2015,-177.520315513505,61.2499175961673,-131.298501221001,125,-13.7804819444444,0.183303652263375,120,"ice_full","8"
"5880",2015,-176.397632437359,61.2426633869096,-112.168494480445,125,-19.17695,0.346862988683128,120,"ice_full","8"
"5881",2015,-175.528189472713,61.2081019176856,-81.2984749310259,149,-15.3130416666667,0.459240511803012,121,"ice_free","10"
"5882",2015,-174.528320079678,61.2569950062824,-79.2795215738878,125,-13.46805,0.520757850241546,122,"ice_full","10"
"5883",2015,-173.48993357223,61.2292808854168,-65.4990079365079,125,-11.1305986111111,0.557038122106482,126,"ice_full","10"
"5884",2015,-172.458297260292,61.2643615376123,-52.5324328559718,125,-16.3968736111111,0.628514533218786,127,"ice_full","10"
"5885",2015,-171.509773538433,61.2257272859639,-67.9757203370107,125,-21.2222986111111,0.697236473531612,129,"ice_full","10"
"5886",2015,-170.553981012152,61.2321922243104,-48.7615067829457,149,-16.7624680555556,0.753194951499118,135,"ice_full","10"
"5887",2015,-169.33758395448,61.2773784403898,-42.5174319727891,149,-12.3246625,0.791348851165981,138,"ice_full","11"
"5888",2015,-168.464322631586,61.2482953371609,-35.1842383417299,149,-12.1888777777778,0.794246311439945,137,"ice_full","11"
"5889",2015,-167.443134812306,61.2659549670535,-24.8625783752156,157,-13.3614486111111,0.747925100843418,131,"ice_free","11"
"5892",2015,-178.519069872239,61.6624678846511,-139.593144523043,117,-4.51963055555556,0.158722733634798,116,"ice_full",NA
"5893",2015,-177.566187902065,61.7487792430255,-123.716099645073,125,-11.6057347222222,0.277971117424242,118,"ice_full",NA
"5894",2015,-176.503705446921,61.7412799753651,-105.285610600785,125,-12.3692708333333,0.423366156887224,119,"ice_full","8"
"5895",2015,-175.519618422913,61.7460035222777,-91.9678000792074,125,-3.76391666666667,0.546480102996255,119,"ice_full","10"
"5896",2015,-174.377619186448,61.7422885345614,-67.4118387591676,117,-1.54208611111111,0.590641255722014,119,"ice_full","10"
"5897",2015,-173.585256621951,61.7546278136117,-64.7812881562882,125,-3.74071388888889,0.610272133791094,119,"ice_full","10"
"5898",2015,-172.37326268285,61.7851420603307,-54.8361674222428,125,-9.95349583333333,0.670726748971193,120,"ice_full","10"
"5899",2015,-171.578322785338,61.7454966944569,-64.1206012916476,125,-13.2196083333333,0.738339667277167,121,"ice_full","10"
"5900",2015,-170.539333781931,61.8166880353016,-49.3261259610892,125,-11.4537236111111,0.724960091702279,134,"ice_full","10"
"5901",2015,-169.539947600889,61.8409917333105,-41.3733961233961,157,-8.17936805555556,0.763831570676181,139,"ice_full","11"
"5902",2015,-168.463125656367,61.7498933053215,-33.8531188424891,149,-6.08300694444444,0.802431918483904,137,"ice_full","11"
"5903",2015,-167.443288822157,61.7641866523117,-24.9418518449214,149,-3.24560833333333,0.768007907040704,131,"ice_full","11"
"5905",2015,-179.675295510998,62.2485691354028,-116.843568907474,125,8.36798472222222,0.234921673429047,119,"ice_full",NA
"5906",2015,-178.423639947057,62.2478500176859,-132.509793229922,117,-0.550651388888889,0.302857275516796,116,"ice_full",NA
"5907",2015,-177.504342525601,62.271755001804,-105.129912149274,117,-3.15270833333333,0.371536957215837,117,"ice_full",NA
"5908",2015,-176.523134823433,62.2584755253218,-97.5314904474991,117,-2.80695833333333,0.501619081439394,118,"ice_full",NA
"5909",2015,-175.483071857389,62.2454827477141,-83.0777430187345,117,3.87135972222222,0.613987531565657,118,"ice_full","10"
"5910",2015,-174.49965034965,62.2498517692228,-68.1940170940171,117,4.97588194444444,0.621852351641414,118,"ice_full","10"
"5911",2015,-173.46262701922,62.2453135186931,-58.6681906790971,117,4.28362083333333,0.627407460016835,118,"ice_full","10"
"5912",2015,-172.439156892119,62.2213311938566,-47.4044846079831,125,-0.654972222222222,0.677243770807324,119,"ice_full","10"
"5913",2015,-171.634963468437,62.1983894039463,-45.6357531357531,125,1.02683194444445,0.725798923220974,119,"ice_full","10"
"5914",2015,-170.446371245186,62.2572304640029,-43.7786915519447,117,4.73938333333334,0.743195354764877,119,"ice_full","10"
"5917",2015,-167.449466154231,62.230163743261,-25.295134235683,141,5.44690555555556,0.77539312900641,134,"ice_full","11"
"5919",2015,-179.571648758024,62.7810526387252,-107.026194843505,157,14.6680875,0.448780140817901,126,"ice_free",NA
"5920",2015,-178.589954226284,62.7641053462998,-90.1460844808249,117,6.17563611111111,0.424498508230453,120,"ice_full",NA
"5921",2015,-177.473311977015,62.7263718920621,-110.49357996911,117,3.78178472222222,0.441879791128338,116,"ice_full",NA
"5922",2015,-176.475284595031,62.7747572783557,-96.9575383998567,117,3.22300416666667,0.53024941464453,117,"ice_full",NA
"5923",2015,-175.563278787755,62.7835946695146,-85.9592080962364,117,7.76112777777778,0.63020684333759,117,"ice_full",NA
"5924",2015,-174.505833355939,62.748515975387,-81.0987037037037,117,7.81884583333333,0.615778496168582,117,"ice_full","10"
"5925",2015,-173.414351562098,62.6989604581173,-64.855461393597,117,6.42878333333333,0.590509498722861,117,"ice_full","10"
"5926",2015,-172.414479648119,62.7681114196234,-55.2307206642323,117,5.29260138888889,0.612818576388889,118,"ice_full","10"
"5927",2015,-171.545170589596,62.7810724629166,-45.786410281379,117,4.06135416666667,0.639506812920875,118,"ice_full","10"
"5928",2015,-170.524206752766,62.7766095567258,-36.2741574558516,125,11.6894986111111,0.644150673400673,118,"ice_full","10"
"5929",2015,-169.525221616557,62.7440714866998,-31.3293948234772,125,9.69811718484767,0.655856252291896,131,"ice_full","10"
"5934",2015,-179.441987027265,63.2111903454159,-85.9744151563759,141,10.63615,0.624169693732194,134,"ice_full",NA
"5935",2015,-178.615363092425,63.2492645269094,-93.6966620513528,141,8.026175,0.531012781803543,122,"ice_full",NA
"5936",2015,-177.499915314607,63.250130537818,-102.72667642599,117,7.96816111111111,0.499314628565347,117,"ice_full",NA
"5937",2015,-176.515539087478,63.2572169183242,-95.3194215254859,117,8.94341111111111,0.556238970588235,115,"ice_full",NA
"5938",2015,-175.523042918284,63.2740324303873,-86.3957732082732,117,8.34875,0.639916530501089,115,"ice_full",NA
"5939",2015,-174.58328350095,63.2891549955803,-80.6145410921871,117,6.88217916666667,0.630795778867102,115,"ice_full",NA
"5940",2015,-173.445777795402,63.2771415154441,-80.2846922968596,117,5.388925,0.562754750753661,116,"ice_full","12"
"5941",2015,-172.426413504101,63.2374172090193,-57.9189201035128,117,6.99832777777778,0.543905677948063,117,"ice_full","12"
"5942",2015,-171.538442963857,63.188341213263,-44.2078583441875,125,5.92425026714321,0.577731560395623,118,"ice_full","12"
"5943",2015,-170.606391380304,63.1712426374155,-22.7448190429963,125,9.07518618157521,0.614744174382716,120,"ice_full","12"
"5945",2015,-168.531909520929,63.1976912825806,-24.1272187078551,141,5.3580682932305,0.822575338648834,138,"ice_full","12"
"5947",2015,-166.490277801163,63.2583786887684,-22.7638888888889,157,3.97269861111111,0.791620521806854,137,"ice_full","14"
"5949",2015,-179.460534535657,63.8032473096192,-62.0876762985896,157,3.37239722222222,0.750256944444444,136,"ice_free",NA
"5950",2015,-178.490669058214,63.753947787775,-71.3727149867447,117,6.40104305555556,0.69382633744856,120,"ice_full",NA
"5951",2015,-177.51178129195,63.7460498636403,-82.7552458142837,117,11.2903819444444,0.595547413793103,117,"ice_full",NA
"5952",2015,-176.496843428839,63.730742420125,-90.7108736171236,117,11.5462611111111,0.596680800653595,115,"ice_full",NA
"5953",2015,-175.440113053685,63.7592008066251,-85.3757537034094,117,10.5850291666667,0.628946979717813,114,"ice_full",NA
"5954",2015,-174.595837371911,63.7640087137122,-80.32383142651,117,7.66441527777778,0.60685369819224,114,"ice_full",NA
"5955",2015,-173.50620561192,63.7900178942154,-68.3829470618034,125,4.63133888888889,0.549721132897603,115,"ice_full",NA
"5956",2015,-172.446463095284,63.7430189512575,-52.3812708332883,117,8.14695,0.50728137254902,115,"ice_full","12"
"5957",2015,-171.585915569383,63.8318360419458,-27.8504474082965,157,12.9095500769244,0.563191498316498,118,"ice_free","12"
"5958",2015,-170.521074786751,63.8548853484389,-31.2852147740523,157,15.7436489028809,0.671895925925926,130,"ice_free","12"
"5959",2015,-169.443478627096,63.7980564501989,-28.8302673534462,141,8.49134305555556,0.808107788923182,138,"ice_full","12"
"5960",2015,-168.498943661972,63.7505843113286,-28.7806729264476,141,3.53749444444444,0.848409361196058,139,"ice_full","14"
"5961",2015,-167.504257590554,63.7505277617483,-26.3715353535354,141,1.54134166666667,0.82596078493266,140,"ice_full","14"
"5962",2015,-166.479084158416,63.7547416359678,-25.57799779978,165,6.28989166666667,0.774242407832144,139,"ice_free","14"
"5964",2015,-179.492209474588,64.2663422482008,-52.8410367161717,157,18.7508041666667,0.845640643274854,125,"ice_free",NA
"5965",2015,-178.492016383712,64.2509159983784,-72.127551056828,117,11.1737125,0.816660432449495,118,"ice_full",NA
"5966",2015,-177.624132670123,64.2845347286,-75.9772247993704,117,13.125025,0.693111918604651,116,"ice_full",NA
"5967",2015,-176.409285557639,64.3045431081731,-85.6049796414713,117,10.6527569444444,0.620479359567901,114,"ice_full",NA
"5968",2015,-175.456083303444,64.2724992718899,-82.5793486262236,117,9.35503888888889,0.586970127865961,114,"ice_full",NA
"5969",2015,-174.452966289494,64.2515764352981,-69.492785751992,125,6.18019583333333,0.558160531012941,113,"ice_full",NA
"5970",2015,-173.661929523212,64.1977970523373,-48.6996444818043,125,4.43082201167856,0.546149663800706,114,"ice_full",NA
"5971",2015,-172.383974229411,64.1907694599129,-40.708696162428,125,3.67473370715721,0.542141416560238,117,"ice_full",NA
"5972",2015,-171.483575421175,64.2710984710323,-43.3635590163159,149,6.55415833333333,0.576709269662921,119,"ice_free","12"
"5973",2015,-170.55410063524,64.2618714824476,-43.2205199272125,133,11.4005805555556,0.668639568236715,122,"ice_full","12"
"5974",2015,-169.533048500974,64.2589985040518,-39.5304487179487,133,9.39949166666667,0.767176465300252,133,"ice_full","12"
"5975",2015,-168.494335194563,64.2487646152911,-31.4216292134831,157,2.37807638888889,0.803294844276094,140,"ice_full","14"
"5976",2015,-167.387463646115,64.3189670814658,-25.7483949161426,141,-0.29373888888889,0.759876491074408,141,"ice_full","14"
"5982",2015,-179.461312171623,64.7416153046847,-56.6341364755847,133,27.2881513888889,0.851680241042673,122,"ice_full",NA
"5983",2015,-178.450014845073,64.7295574816011,-66.984318794964,133,21.4135513888889,0.83104369212963,118,"ice_full",NA
"5984",2015,-177.555558480226,64.7506990863647,-57.350468975469,125,15.1836305555556,0.715016042204996,116,"ice_full",NA
"5985",2015,-176.418347422411,64.7536797802821,-64.6817728527158,117,10.1054541666667,0.6080795579806,114,"ice_full",NA
"5986",2015,-175.579733188796,64.7050662020288,-53.9017474047105,117,9.43509715678074,0.576768229166667,114,"ice_full",NA
"5988",2015,-172.171716113626,64.7994666867713,-33.5764584778086,157,0.566207263018675,0.629578156113102,123,"ice_free",NA
"5989",2015,-171.477659406338,64.7101387601127,-40.3340704378326,157,0.396977777777778,0.645966127364066,124,"ice_free",NA
"5990",2015,-170.519587657554,64.699391138686,-48.3508329544281,133,7.10892361111111,0.685046430311891,125,"ice_full","12"
"5991",2015,-169.557779041939,64.7523604887697,-47.1622406970993,157,9.25296527777778,0.756550247848859,129,"ice_free","12"
"5992",2015,-168.500251016272,64.7524238371945,-34.6897590361446,157,4.08254861111111,0.733061978645312,141,"ice_full","14"
"5993",2015,-167.429377438172,64.7580327778074,-22.7577189774225,141,3.19517222222222,0.67601669973545,142,"ice_full","14"
"5996",2015,-178.527298950771,65.2597097661936,-42.1626676312162,117,25.8830659610726,0.803046660424469,119,"ice_full",NA
"5997",2015,-177.489754862579,65.2410862160716,-27.9927477407133,117,18.2565596194831,0.706054517879949,117,"ice_full",NA
"5998",2015,-176.470077627793,65.2225994167291,-29.7945977016626,125,14.1643413546352,0.625304748062016,116,"ice_full",NA
"6001",2015,-171.450052836485,65.2594903193257,-32.3016471570932,165,0.982219444444445,0.701462175448645,127,"ice_free",NA
"6002",2015,-170.509904926631,65.214261212117,-39.9730443086325,133,5.7414375,0.74038608305275,129,"ice_full",NA
"6003",2015,-169.526552331214,65.248159187292,-46.510859204793,149,10.1124638888889,0.775469664351852,130,"ice_full","14"
"6004",2015,-168.40338985308,65.2712125968426,-47.6951215523107,141,8.40995555555556,0.692631923776455,142,"ice_full","14"
"6009",2015,-170.279826494688,65.7067163927062,-32.2755731546662,157,6.42097847229728,0.766060494591126,131,"ice_free",NA
"6010",2015,-169.461708235752,65.7699635036297,-42.9946892032858,149,12.1875263888889,0.771750247213233,133,"ice_full",NA
"6011",2015,-168.535719046532,65.7510408438758,-46.2521720395437,149,15.306349543512,0.751210637431413,138,"ice_full",NA
"6015",2016,-165.475272910923,54.7347948207501,-178.689043489742,125,90.0995513888889,0,0,"ice_free","16"
"6026",2016,-166.516901276196,55.2589278163859,-136.324401324564,149,93.8056611111111,0,0,"ice_free","4"
"6027",2016,-165.377419487682,55.2346393027391,-114.927217810041,117,101.397990277778,0,0,"ice_free","4"
"6028",2016,-164.504063509335,55.2407628177753,-86.5762838738144,117,104.387973611111,0,0,"ice_free","1"
"6037",2016,-167.434777050158,55.7377112198378,-134.022072946772,141,93.1688527777778,0,0,"ice_free","4"
"6038",2016,-166.497430525383,55.7410502358268,-126.934911581076,125,104.937836111111,0,0,"ice_free","4"
"6039",2016,-165.455235477281,55.7709991776236,-108.031643681558,117,115.155881944444,0,0,"ice_free","4"
"6040",2016,-164.462395200501,55.7555070654329,-95.2811781941072,117,119.845690277778,0,0,"ice_free","3"
"6041",2016,-163.518304961393,55.7534087874183,-84.3542366281068,117,120.314241666667,0,0,"ice_free","1"
"6042",2016,-162.574634313785,55.8048550672439,-57.7902304659517,117,124.411327154418,0,0,"ice_free","1"
"6052",2016,-167.480031484138,56.2565449285991,-127.079398079625,125,110.5253125,0,0,"ice_free","4"
"6053",2016,-166.51344328368,56.2123789297371,-111.91509944118,125,123.345731944444,0,0,"ice_free","4"
"6054",2016,-165.432066192757,56.2694110056435,-90.4924355456334,133,134.421104166667,0,0,"ice_free","3"
"6055",2016,-164.480356376384,56.266414259373,-86.4702772207887,141,138.838280555556,0,0,"ice_free","3"
"6056",2016,-163.492697089374,56.2411743399539,-85.2161070088695,117,142.323234722222,0,0,"ice_free","3"
"6057",2016,-162.504030374748,56.2626437027902,-75.9953360063194,117,149.3203625,0,0,"ice_free","1"
"6058",2016,-161.513139548916,56.2820355159942,-58.5133933846179,117,140.8551875,0,0,"ice_free","1"
"6063",2016,-172.526702267406,56.7956092999658,-148.479328356876,157,70.8776472222222,0,0,"ice_free","8"
"6064",2016,-171.49263126446,56.7843225361767,-141.543336059703,157,83.0782,0,0,"ice_free","8"
"6065",2016,-170.450062105869,56.7348373291944,-101.421920016895,133,104.095652777778,0,0,"ice_free","5"
"6066",2016,-169.510035420488,56.77787609445,-70.4680079077254,133,121.3743125,0,0,"ice_free","5"
"6067",2016,-168.404211781541,56.7345573975783,-96.0191441846963,133,122.808980555556,0,0,"ice_free","3"
"6068",2016,-167.545424164604,56.7496320764516,-93.0091777651378,133,134.005452777778,0,0,"ice_free","3"
"6069",2016,-166.468506869029,56.7842657482161,-79.9797219742255,133,149.780401388889,0,0,"ice_free","3"
"6070",2016,-165.45019924225,56.7497107906573,-75.2974421833999,141,161.216870833333,0,0,"ice_free","3"
"6071",2016,-164.521180785149,56.7292681385155,-73.5971090111758,141,170.027654166667,0,0,"ice_free","3"
"6072",2016,-163.513803680966,56.7569475398556,-71.7793264457404,133,178.716516666667,0,0,"ice_free","3"
"6073",2016,-162.446872104854,56.7278909847839,-67.5703278686385,117,184.740465277778,0,0,"ice_free","3"
"6074",2016,-161.491205081792,56.7461958878942,-70.4506145383736,117,164.6457625,0,0,"ice_free","3"
"6075",2016,-160.493604965098,56.7649048661506,-60.6773920813639,117,154.513384722222,0,0,"ice_free","3"
"6080",2016,-172.460762853422,57.2958551936074,-127.546605243088,157,75.0013125,0,0,"ice_free","8"
"6081",2016,-171.535799776494,57.2214277645572,-114.322832262716,157,96.2158347222222,0,0,"ice_free","8"
"6082",2016,-170.471643919309,57.2376197860486,-62.0442272258319,133,125.440079166667,0,0,"ice_free","5"
"6083",2016,-169.446835348296,57.2551869938446,-66.2093293010823,133,152.708877777778,0,0,"ice_free","6"
"6084",2016,-168.456235213986,57.2457773843955,-78.6878298650368,141,145.3243875,0,0,"ice_free","3"
"6085",2016,-167.476099235451,57.2352229048304,-71.389961873168,141,150.307801388889,0,0,"ice_free","3"
"6086",2016,-166.499445801451,57.2605609431816,-73.760610991598,141,166.379456944444,0,0,"ice_free","3"
"6087",2016,-165.509867120588,57.2396960989903,-70.2874061767916,141,178.845476388889,0,0,"ice_free","3"
"6088",2016,-164.480316036163,57.227651436469,-67.3473896103012,133,191.638811111111,0,0,"ice_free","3"
"6089",2016,-163.468276809624,57.2503639227354,-63.1786003933539,133,201.65055,0,0,"ice_free","3"
"6090",2016,-162.500990104734,57.261049333693,-55.5973589725685,141,208.368426388889,0,0,"ice_free","2"
"6091",2016,-161.501878999405,57.2487779342243,-56.4099058554289,117,189.640280555556,0,0,"ice_free","3"
"6092",2016,-160.496429285115,57.2522260105585,-61.829047075059,117,175.599701388889,0,0,"ice_free","3"
"6093",2016,-159.488955816362,57.2298449082533,-49.0682975089581,109,170.5157375,0,0,"ice_free","2"
"6097",2016,-172.472944220106,57.7243340198452,-115.075028587844,157,89.4874972222222,0,0,"ice_free","8"
"6098",2016,-171.447785325403,57.7430166905806,-95.348060472735,149,100.831929166667,0,0,"ice_free","6"
"6099",2016,-170.484263987135,57.7575856391589,-75.9266955547746,133,135.954408333333,0,0,"ice_free","6"
"6100",2016,-169.448346201834,57.7830487071088,-67.7276777467777,133,164.1060125,0,0,"ice_free","6"
"6101",2016,-168.537327240998,57.773171053778,-74.0559199779638,157,151.748308333333,0,0,"ice_free","6"
"6102",2016,-167.500873519509,57.7710074924395,-64.771723665088,157,160.413481944444,0,0,"ice_free","3"
"6103",2016,-166.514584392091,57.7534104782698,-61.5404392736968,157,178.624265277778,0,0,"ice_free","3"
"6104",2016,-165.45420234799,57.7746965800873,-63.165219447018,141,190.103922222222,0,0,"ice_free","3"
"6105",2016,-164.50271545203,57.7681486438296,-47.541842466115,133,201.5565,0,0,"ice_free","2"
"6106",2016,-163.491431678792,57.766282507134,-49.1415764509253,117,215.771134722222,0,0,"ice_free","2"
"6107",2016,-162.493081255574,57.7532994030553,-46.4424262795939,109,220.214927777778,0,0,"ice_free","2"
"6108",2016,-161.468906424681,57.7432168922248,-38.7265708260555,109,206.030184722222,0,0,"ice_free","2"
"6109",2016,-160.510433435007,57.7444803051483,-47.4421215384576,117,194.500884722222,0,0,"ice_free","3"
"6110",2016,-159.484277771317,57.7548845325897,-44.5748997567473,109,189.323798611111,0,0,"ice_free","2"
"6115",2016,-173.566962114359,58.2278350307222,-126.332931498523,133,60.7980263888889,0,0,"ice_free","8"
"6116",2016,-172.490554924049,58.2358773595458,-114.828129888201,157,82.3667041666667,0,0,"ice_free","8"
"6117",2016,-171.483305958358,58.279224602745,-94.6433148085493,157,89.1259305555556,0,0,"ice_free","6"
"6118",2016,-170.479768142126,58.2632558390495,-85.7056034515022,157,136.614997222222,0,0,"ice_free","6"
"6119",2016,-169.452182343292,58.2440107502748,-78.0407903599967,141,158.587355555556,0,0,"ice_free","6"
"6120",2016,-168.511099813438,58.2665837542203,-71.7248779205946,141,154.035668055556,0,0,"ice_free","6"
"6121",2016,-167.509905573115,58.2475845993167,-57.1065394951925,141,158.204191666667,0,0,"ice_free","6"
"6122",2016,-166.520660501754,58.2418511742331,-52.7077443902364,117,166.715876388889,0,0,"ice_free","2"
"6123",2016,-165.486822179066,58.2420316153485,-47.9482061480415,117,177.90665,0,0,"ice_free","2"
"6124",2016,-164.497605396143,58.2506077145139,-41.9974704678544,117,199.354758333333,0,0,"ice_free","2"
"6125",2016,-163.489653708078,58.2597299354679,-37.1848059659807,109,221.163777777778,0,0,"ice_free","2"
"6126",2016,-162.502392945949,58.2569764456344,-38.8461128992966,93,218.417718055556,0,0,"ice_free","2"
"6137",2016,-173.504248947871,58.7978476161478,-118.107761868511,157,45.8237,0.04111090337132,108,"ice_free","8"
"6138",2016,-172.520240254232,58.7657014925164,-126.844151788833,133,52.1102972222222,0.0636907941595442,108,"ice_free","8"
"6139",2016,-171.459620477739,58.7464163597279,-95.7708427818361,133,68.8272666666667,0.0637943317495127,106,"ice_free","6"
"6140",2016,-170.512657403111,58.7415849401559,-104.568519966688,141,127.55735,0.0402888062169312,100,"ice_free","6"
"6141",2016,-169.445870936188,58.7481328468623,-85.3387726725537,141,147.581766666667,0,0,"ice_free","6"
"6142",2016,-168.51749398432,58.7441214150858,-58.0198505273946,133,133.585411111111,0,0,"ice_free","7"
"6143",2016,-167.422193820781,58.7603986426829,-46.8569456357598,109,136.725443055556,0,0,"ice_free","7"
"6144",2016,-166.491264185135,58.7463070293152,-42.4975224497195,117,152.096105555556,0,0,"ice_free","7"
"6145",2016,-165.492839555171,58.7773303736102,-34.1946245281778,93,174.183298611111,0,0,"ice_free","2"
"6146",2016,-164.478944535745,58.7560241560133,-31.5053877190252,93,197.166955555556,0,0,"ice_free","2"
"6147",2016,-163.498146551857,58.7397561246001,-25.5770218376754,93,210.390068055556,0,0,"ice_free","2"
"6153",2016,-176.458656340967,59.2530374110036,-148.782993125567,157,26.6379236111111,0,0,"ice_free","8"
"6154",2016,-175.509399305071,59.2413646089186,-131.350254876166,125,25.7542930555556,0.0512086191129401,111,"ice_full","8"
"6155",2016,-174.512535220965,59.239311625712,-118.487725549185,141,18.1375319444444,0.0987889798280423,114,"ice_free","8"
"6156",2016,-173.548080554611,59.2279488590885,-129.140980109626,117,23.3191777777778,0.142612764550265,114,"ice_full","8"
"6157",2016,-172.517042909074,59.2702341701524,-111.478345396573,117,31.4366472222222,0.174986800044092,114,"ice_full","9"
"6158",2016,-171.465772336428,59.2247117102164,-72.5967855792437,117,58.9884125,0.190516886992414,113,"ice_full","9"
"6159",2016,-170.51274670667,59.2313744503438,-74.455394269791,133,102.007227777778,0.185734294421003,109,"ice_free","6"
"6160",2016,-169.437330632265,59.2357334646964,-59.9182888439552,133,103.557775,0.154930524691358,105,"ice_free","6"
"6161",2016,-168.500555589961,59.2213990098483,-47.1599629795217,117,85.3341972222222,0.114016567460317,100,"ice_full","7"
"6162",2016,-167.481920013498,59.244701201735,-40.6989769310717,109,106.570027777778,0.108984919662309,98,"ice_full","7"
"6164",2016,-165.472248547591,59.2186597812958,-24.2092682326686,93,150.022913888889,0.113269884638737,91,"ice_full","7"
"6165",2016,-164.459023965965,59.2259517549648,-23.0363955868816,93,173.161388888889,0.106809786079183,88,"ice_full","2"
"6169",2016,-177.512243651564,59.7430320066063,-167.83454346095,141,-13.251025,0.0525894563918757,123,"ice_full","8"
"6170",2016,-176.469547804247,59.7645379069773,-122.281491652853,141,-5.95511805555556,0.111176797092792,123,"ice_full","8"
"6171",2016,-175.502951835364,59.7315444822675,-124.499022632756,141,0.766056944444444,0.16099935839372,122,"ice_full","8"
"6172",2016,-174.478995623388,59.7185475951946,-108.592432357997,117,1.73021388888889,0.189797350823045,120,"ice_full","8"
"6173",2016,-173.545466127193,59.7400936577647,-96.900552658664,117,12.2895416666667,0.223207386363636,118,"ice_full","9"
"6174",2016,-172.467523889379,59.7428696644132,-94.871002309054,117,21.5124416666667,0.277061100344531,116,"ice_full","9"
"6175",2016,-171.519443981959,59.7372411481284,-73.9628077580752,117,46.1350402777778,0.331398992374728,115,"ice_full","9"
"6176",2016,-170.576732584495,59.74231519395,-65.1342022386712,133,67.7278583333333,0.365441523368607,114,"ice_full","9"
"6177",2016,-169.423159714507,59.7175195475637,-54.7437418165195,133,60.9406277777778,0.371345584914182,112,"ice_free","11"
"6178",2016,-168.442311538262,59.7252886641968,-44.0330054067342,109,60.5607833333333,0.330002314814815,107,"ice_full","7"
"6183",2016,-177.523289780271,60.2397584419237,-144.744346621826,141,-29.5696847222222,0.117276327838828,121,"ice_full","8"
"6184",2016,-176.535539852174,60.2080036249115,-140.053607174771,125,-19.4642305555556,0.206211121067304,123,"ice_full","8"
"6186",2016,-174.556162994257,60.24843889479,-106.008517564018,133,-1.60458888888889,0.271625553542673,122,"ice_full","9"
"6187",2016,-173.468519897811,60.2014438633639,-74.2902172659171,141,10.1642347222222,0.265455865893366,121,"ice_full","9"
"6188",2016,-172.438276790576,60.1684083188443,-48.5890910014396,133,17.5741054143897,0.354387178497942,120,"ice_full","9"
"6189",2016,-171.524183757191,60.2226997215018,-58.8670330190201,133,32.0200875,0.451727956649832,118,"ice_full","9"
"6190",2016,-170.485979389879,60.217432966732,-64.4662139721028,117,40.2967763888889,0.497144880174292,115,"ice_full","9"
"6191",2016,-169.455355849431,60.2305564970116,-47.1952119815696,133,38.285825,0.521569775132275,114,"ice_full","11"
"6192",2016,-168.420046803797,60.2272990132571,-39.7837030473501,133,46.1363583333333,0.545939703257474,113,"ice_full","11"
"6193",2016,-167.599985530424,60.2266649821688,-28.5373388771027,133,71.0102831296376,0.548767319277108,113,"ice_full","11"
"6197",2016,-178.424384452223,60.7004715450266,-179.096598688943,141,-15.3259708333333,0.130901344797178,114,"ice_free","8"
"6198",2016,-177.556974858207,60.6878791374625,-147.762597302765,141,-20.0688861111111,0.205211617140396,116,"ice_free","8"
"6201",2016,-174.517600460332,60.7396328395397,-79.2425743779948,141,1.10055138888889,0.372409340397098,127,"ice_full","9"
"6202",2016,-173.567570035964,60.7468477105683,-60.9312649481215,141,10.5369097222222,0.39666981672394,127,"ice_full","9"
"6203",2016,-172.348151383323,60.7258363320647,-61.8222807972693,141,15.4950455042586,0.465167110924055,129,"ice_full","9"
"6204",2016,-171.486596893441,60.7264984358692,-57.4857471711656,133,24.3839972222222,0.488712642828999,124,"ice_full","9"
"6205",2016,-170.418235124524,60.7502836848045,-53.2934945170512,133,31.0011583333333,0.543395486111111,120,"ice_full","9"
"6206",2016,-169.449839841161,60.7509385694117,-45.4249846924273,133,36.8740097222222,0.608540442741592,117,"ice_full","11"
"6207",2016,-168.466241990034,60.7573897606386,-37.1401949656677,133,40.1914513888889,0.682227900326797,115,"ice_full","11"
"6208",2016,-167.425836406795,60.7769134942388,-27.7218794581052,117,61.2482819444445,0.673168340026774,113,"ice_full","11"
"6212",2016,-178.462938252958,61.2205847388373,-169.159606635837,117,-13.3976930555556,0.307254774305556,118,"ice_full",NA
"6213",2016,-177.507989705589,61.2519048496557,-130.659250374882,117,-8.55940555555556,0.324973511153199,118,"ice_full","8"
"6216",2016,-174.567287354804,61.2684791132528,-83.3146432414932,141,-0.370272222222221,0.480645122845618,131,"ice_full","10"
"6217",2016,-173.544453320788,61.1934203839474,-65.5347630368464,141,10.4202694444444,0.471105717831233,127,"ice_full","10"
"6218",2016,-172.457595924001,61.2880378049895,-49.5752845182899,141,18.2388208333333,0.46171172203131,127,"ice_full","10"
"6219",2016,-171.585246974591,61.2764737571261,-63.3293547000268,141,25.3725625,0.508369429976852,126,"ice_full","10"
"6220",2016,-170.360999588293,61.2413014122584,-48.377251368999,133,30.7773236111111,0.595422381365741,126,"ice_full","10"
"6221",2016,-169.491142606244,61.2179717965985,-43.9764852994938,117,39.9258930555556,0.677912158869396,125,"ice_full","11"
"6222",2016,-168.470959774548,61.2079369154065,-35.3500188556472,133,43.2371638888889,0.749416140572391,118,"ice_full","11"
"6223",2016,-167.423846440221,61.2591267915438,-24.6865330539429,117,60.5177875,0.698821313029897,113,"ice_full","11"
"6227",2016,-177.494800926087,61.734985887308,-123.116043578443,117,-3.84695,0.541935448232323,118,"ice_full",NA
"6228",2016,-176.424369953042,61.7466228119099,-105.082202820399,117,-3.45020833333333,0.524473357371795,134,"ice_full","8"
"6229",2016,-175.380501085095,61.7286093199867,-90.8384188847698,117,-0.976034722222221,0.570510121855346,136,"ice_full","10"
"6232",2016,-172.433931945434,61.6933207534006,-59.3556930269915,141,21.6317125,0.532344555152979,122,"ice_full","10"
"6233",2016,-171.621039563299,61.7025265972458,-65.4318252547864,141,26.0988291666667,0.564164080969267,124,"ice_full","10"
"6234",2016,-170.45724957395,61.734731768991,-48.1445430141446,133,26.6758597222222,0.658080439814815,126,"ice_full","10"
"6235",2016,-169.491424022464,61.7663697591597,-41.5532457501767,133,33.3067777777778,0.727715488215488,129,"ice_full","11"
"6236",2016,-168.399528241603,61.7346746942223,-33.3397757213547,133,38.4392152777778,0.743183168316832,131,"ice_full","11"
"6237",2016,-167.404526632076,61.7335086804227,-24.5307568047252,117,52.1814402777778,0.726402091408269,116,"ice_full","11"
"6239",2016,-179.450978256754,62.2576198230239,-123.056432189281,125,1.73954722222222,0.736070543396932,129,"ice_full",NA
"6241",2016,-177.594767529824,62.3123003305576,-101.056103636711,117,1.94222222222222,0.764251534237726,116,"ice_full",NA
"6242",2016,-176.461819613966,62.2988657752508,-96.2166227706515,117,7.38911805555556,0.785988779956427,115,"ice_full",NA
"6243",2016,-175.50357317029,62.2880213364749,-82.9099276212833,117,11.5957347222222,0.785321840958606,115,"ice_full","10"
"6244",2016,-174.488524347776,62.2601152384732,-68.5519795092391,117,20.8020625,0.765530285493827,114,"ice_full","10"
"6245",2016,-173.490037174305,62.2459386507249,-59.1000532767616,117,26.081225,0.71863883377425,114,"ice_full","10"
"6246",2016,-172.536938989736,62.3244863275257,-52.6540704032289,117,27.3486736111111,0.684083714430894,112,"ice_full","10"
"6247",2016,-171.464238378288,62.305616277847,-47.1858688577064,117,25.7331861111111,0.665248605533244,113,"ice_full","10"
"6248",2016,-170.585194660862,62.3185863956708,-44.2741816435315,117,25.0027861111111,0.627190101183658,127,"ice_full","10"
"6249",2016,-169.482396466099,62.2344065596087,-38.1513645224172,133,25.9786944444444,0.68928400997151,134,"ice_full","10"
"6250",2016,-168.421496528237,62.2000643560416,-31.8536210368088,165,29.3814263888889,0.757530463836478,136,"ice_free","11"
"6251",2016,-167.437775654561,62.2376444239586,-25.2161772096208,157,43.8857597222222,0.733926359953704,126,"ice_free","11"
"6253",2016,-179.415045326707,62.7354734908212,-105.983529188028,141,4.69409444444444,0.775202513845621,137,"ice_full",NA
"6254",2016,-178.45778566823,62.7544917242419,-92.420352639411,141,7.70063611111111,0.839457149916771,119,"ice_free",NA
"6255",2016,-177.551432362329,62.7515359438301,-108.639850812489,117,15.1960555555556,0.847971296296296,115,"ice_full",NA
"6256",2016,-176.534930111743,62.7652633950782,-98.5697183847796,141,21.6103652777778,0.845139136904762,114,"ice_free",NA
"6257",2016,-175.576256228102,62.7151663503673,-85.7157455800748,141,21.6276902777778,0.821930053547523,113,"ice_free",NA
"6258",2016,-174.394986499328,62.7489577025657,-79.7011756444864,141,25.3431513888889,0.786765260631001,111,"ice_free","10"
"6259",2016,-173.506719949585,62.7553937199672,-66.2547283176594,117,32.1076375,0.755239627285513,109,"ice_full","10"
"6260",2016,-172.489794872437,62.7469686718646,-56.1122862995325,117,31.8083652777778,0.710491942663818,108,"ice_full","10"
"6261",2016,-171.460442212217,62.7814194298952,-45.9090837683465,117,28.5579166666667,0.667073112073112,107,"ice_full","10"
"6262",2016,-170.539891268327,62.7806179110769,-36.333403339993,117,29.3191166666667,0.620211004273504,108,"ice_full","10"
"6263",2016,-169.697779960208,62.7979396144731,-28.8105694182192,157,22.7747838515143,0.641023191823899,136,"ice_free","10"
"6264",2016,-168.628301342923,62.771651311801,-29.6814046481475,165,28.1669777777778,0.748135185185185,140,"ice_free","11"
"6265",2016,-167.37227955249,62.7407460900609,-25.0593912851941,165,43.7852319444444,0.719279363854595,138,"ice_free","11"
"6268",2016,-179.354804711638,63.2565545006768,-85.1382563607126,149,5.31236527777778,0.760528845386335,146,"ice_full",NA
"6269",2016,-178.542834897301,63.2444135022407,-94.5268548746067,141,5.188675,0.84150762068248,119,"ice_free",NA
"6270",2016,-177.516883634637,63.2476406428702,-102.84281155082,141,15.7851402777778,0.840701198257081,115,"ice_free",NA
"6271",2016,-176.536191584037,63.2472475378276,-96.2287632711853,125,22.4625083333333,0.832361359126984,114,"ice_full",NA
"6272",2016,-175.544338611108,63.300181986697,-85.6293716245048,141,22.553125,0.804340701219512,112,"ice_free",NA
"6273",2016,-174.480963352166,63.2835290091967,-79.758082887901,117,25.4522138888889,0.773014482431149,108,"ice_full",NA
"6274",2016,-173.46808688483,63.2415697630087,-80.0446172108416,117,26.7875013888889,0.722331168831169,107,"ice_full","12"
"6275",2016,-172.448034508869,63.2548901320765,-58.916054000297,125,25.5061402777778,0.661545032285575,106,"ice_full","12"
"6276",2016,-171.489486021519,63.1900768630603,-42.042525117678,125,25.5171669338099,0.632607182017544,106,"ice_full","12"
"6277",2016,-170.615377203113,63.1817766941384,-22.2975759767145,165,30.0722347926863,0.584265450691655,113,"ice_free","12"
"6279",2016,-168.599548483695,63.2293791665142,-24.3867459205742,149,28.5852210710083,0.770449381350377,143,"ice_full","12"
"6280",2016,-167.352415503427,63.2189971224818,-25.4865400326797,141,41.4453097222222,0.747442233900567,141,"ice_full","14"
"6281",2016,-166.512028733054,63.2275261905785,-22.620681206489,165,77.9062402777778,0.767064416956018,126,"ice_free","14"
"6283",2016,-179.470910104306,63.7580776170216,-62.4445158374385,149,18.7001402777778,0.694462408172635,151,"ice_full",NA
"6284",2016,-178.476204218921,63.7138149970534,-73.4783937923875,149,14.1704527777778,0.813439288720539,118,"ice_free",NA
"6285",2016,-177.449647751232,63.7507867335201,-83.0241378017694,141,18.9207291666667,0.80253605664488,115,"ice_free",NA
"6286",2016,-176.49441353822,63.7641325048481,-90.4378695922814,117,25.5997680555556,0.792992462737127,112,"ice_full",NA
"6287",2016,-175.486791616875,63.7453651480424,-85.5712295321637,117,28.3449944444444,0.752848611111111,110,"ice_full",NA
"6288",2016,-174.468941075037,63.7786389547093,-79.0997582929572,117,26.9739638888889,0.713693918350168,107,"ice_full",NA
"6289",2016,-173.451660606412,63.7907189296998,-68.6734540471919,117,23.16995,0.659422956262183,106,"ice_full",NA
"6290",2016,-172.524154267704,63.7811281058062,-53.4878672936264,141,24.14945,0.600734728234728,107,"ice_free","12"
"6291",2016,-171.57510995719,63.8344922816028,-27.580782254975,141,22.8068070213689,0.638204957561728,126,"ice_full","12"
"6292",2016,-170.514937019228,63.8122817835174,-28.9015916466574,157,25.6780239028809,0.786397369123932,134,"ice_free","12"
"6293",2016,-169.509857617004,63.7381583145637,-27.2788440882966,157,22.0704055555556,0.859082259342676,141,"ice_full","12"
"6294",2016,-168.516351622011,63.7229899095735,-28.62418814163,125,26.8016958333333,0.805563850308642,144,"ice_full","14"
"6295",2016,-167.431223994875,63.7921511336609,-26.2639362373737,125,43.7539805555556,0.744654018601935,141,"ice_full","14"
"6296",2016,-166.467611061984,63.7580484828656,-25.4784549093245,133,73.4278430555556,0.78016702462772,127,"ice_full","14"
"6298",2016,-179.546779613812,64.2912470777865,-50.2188219497142,117,43.9921583333333,0.793344504265501,119,"ice_full",NA
"6299",2016,-178.479201212574,64.289947878837,-70.9779493682195,117,34.0186777777778,0.776930340223945,116,"ice_full",NA
"6300",2016,-177.508245038922,64.2704103019684,-75.3708609371725,117,30.2060319444444,0.752849702380952,114,"ice_full",NA
"6301",2016,-176.468020174024,64.2639134282619,-87.1244017440588,117,32.4438680555556,0.725860539551898,111,"ice_full",NA
"6302",2016,-175.468302381994,64.2633738627695,-83.1525001394937,117,35.7391013888889,0.669376958689459,108,"ice_full",NA
"6303",2016,-174.49152273476,64.2684385117828,-69.0316510369313,117,28.4660986111111,0.625063748781676,106,"ice_full",NA
"6304",2016,-173.520683901843,64.1796556348716,-44.4305674834838,117,25.5293636783452,0.620957556652047,106,"ice_full",NA
"6305",2016,-172.482989495182,64.1942641185033,-39.5641782045044,117,24.3961225960461,0.59412433127572,120,"ice_full",NA
"6306",2016,-171.595112070772,64.2661431776663,-43.0313865603386,141,20.5157208333333,0.673370955165692,125,"ice_full","12"
"6307",2016,-170.567692229775,64.2546481115281,-42.7016971955434,141,22.3847472222222,0.791226497543462,128,"ice_full","12"
"6308",2016,-169.49459890239,64.2572078493536,-39.2670982950142,157,22.5938666666667,0.818298600394376,138,"ice_full","12"
"6309",2016,-168.378147934465,64.259613045076,-30.1743706790139,125,26.942,0.761543816137566,142,"ice_full","14"
"6310",2016,-167.456126417242,64.2830985737629,-25.817940931931,125,52.1600458333333,0.789272569444444,122,"ice_full","14"
"6316",2016,-179.500393660487,64.738867039601,-54.9029575506432,117,55.2165888888889,0.738347814078283,118,"ice_full",NA
"6317",2016,-178.503244302469,64.7373866005686,-66.3687059735541,117,46.8285861111111,0.714012812230835,116,"ice_full",NA
"6318",2016,-177.485173540686,64.7699108035361,-56.038548329573,117,38.6724152777778,0.676054453262787,114,"ice_full",NA
"6319",2016,-176.485222802197,64.7687661906549,-63.1726792601313,117,36.5351763888889,0.62586105395519,111,"ice_full",NA
"6320",2016,-175.502660547357,64.7097776726118,-50.9483358010172,109,41.4686388234474,0.631816060126582,109,"ice_full",NA
"6323",2016,-171.530043735828,64.7854044752317,-40.8648962193098,141,21.1281930555556,0.733624626642772,123,"ice_full",NA
"6324",2016,-170.52474907221,64.7749394556615,-47.3767264595238,141,21.8289583333333,0.802435897435897,121,"ice_full","12"
"6325",2016,-169.588278439354,64.7627477560258,-47.5400424348098,149,24.4624097222222,0.837514970813205,122,"ice_free","12"
"6326",2016,-168.442342424725,64.7372458551324,-33.2865299486915,125,30.2795972222222,0.802833564814815,120,"ice_full","14"
"6327",2016,-167.462053063203,64.7650379397238,-22.719716733514,125,54.9844430555556,0.687605195473251,120,"ice_full","14"
"6330",2016,-178.477622410751,65.2666771436867,-39.6915337549964,125,43.3074756832948,0.659101496738215,118,"ice_full",NA
"6331",2016,-177.493504546972,65.2383514741684,-28.0459766765143,117,35.2315596194831,0.609886291451335,116,"ice_full",NA
"6332",2016,-176.4517240665,65.2125495867901,-30.3358693555208,117,34.729306632413,0.555978670634921,114,"ice_full",NA
"6335",2016,-171.483782750398,65.2164290313745,-31.5427644036534,149,23.8982958333333,0.738530683609141,124,"ice_free",NA
"6336",2016,-170.563347500167,65.2777783127855,-38.5977660359551,141,26.1650833333333,0.759993478693747,123,"ice_full",NA
"6337",2016,-169.552157654045,65.2825457780569,-46.13368374053,149,31.6385055555556,0.755100059737157,123,"ice_free",NA
"6338",2016,-168.395810040815,65.2850967230842,-47.8511641034449,157,39.0088791666667,0.713445666152263,120,"ice_free","14"
"6344",2016,-169.559509574682,65.7297764758782,-43.4705454275665,149,33.9407902777778,0.706238756613757,128,"ice_free",NA
"6345",2016,-168.519336338991,65.7085699661149,-46.033994013789,157,41.1293703768454,0.725832573075527,132,"ice_free","14"
"6349",2017,-165.478422044494,54.7579614169604,-167.659931184179,85,16.0910791666667,0,0,"ice_free","16"
"6360",2017,-166.465560490523,55.2396040813221,-135.759442241288,85,19.9794458333333,0,0,"ice_free","4"
"6361",2017,-165.493242309621,55.2469116893398,-117.96561663319,85,16.6782680555556,0,0,"ice_free","4"
"6362",2017,-164.508398171295,55.2524722075036,-86.3300978306548,85,4.02898055555556,0,0,"ice_free","1"
"6371",2017,-167.600392419966,55.7425195196648,-133.694719325643,117,17.7990263888889,0,0,"ice_free","4"
"6372",2017,-166.462792673345,55.7440005807989,-126.26637985692,93,16.9887388888889,0,0,"ice_free","4"
"6373",2017,-165.43130984364,55.7468547994788,-108.273518051378,85,9.05452777777778,0,0,"ice_free","4"
"6374",2017,-164.485883144309,55.7435052263077,-95.7908622449134,85,15.1267319444444,0,0,"ice_free","3"
"6375",2017,-163.475060016453,55.7672009957426,-83.9537705293569,85,10.8556652777778,0,0,"ice_free","1"
"6376",2017,-162.55557696449,55.7863342538207,-54.7419855520342,85,-4.49402006780403,0,0,"ice_free","1"
"6386",2017,-167.545756994287,56.2450969531256,-128.661921653276,101,11.3487152777778,0,0,"ice_free","4"
"6387",2017,-166.445892585119,56.245017098065,-108.831307806916,125,-6.26145555555556,0,0,"ice_free","4"
"6388",2017,-165.467688877851,56.2607666079642,-91.2261275671287,117,-20.0904930555556,0,0,"ice_free","3"
"6389",2017,-164.4845741813,56.253817901568,-86.7739702402013,109,-7.99380277777778,0,0,"ice_free","3"
"6390",2017,-163.488077301575,56.2629240935245,-84.7283066744723,109,-11.9145083333333,0,0,"ice_free","3"
"6391",2017,-162.487069319857,56.2412804535608,-75.7961147639164,85,-6.98175555555555,0,0,"ice_free","1"
"6392",2017,-161.493444374716,56.2574553863661,-55.1137616084302,85,-4.68814583333334,0.0743158512990603,97,"ice_full","1"
"6397",2017,-172.53112291858,56.7726366797157,-175.583615098294,157,42.9404944444444,0,0,"ice_free","8"
"6398",2017,-171.459720942458,56.7260667840396,-138.682274183989,117,32.1668458333333,0,0,"ice_free","8"
"6399",2017,-170.463022455809,56.7551479256505,-100.376210797881,117,27.8400277777778,0,0,"ice_free","5"
"6400",2017,-169.471495096545,56.7752056099841,-69.8429114475768,133,18.7172291666667,0,0,"ice_free","5"
"6401",2017,-168.441599240963,56.756209982876,-94.3920569825685,125,1.15943194444445,0,0,"ice_free","3"
"6402",2017,-167.517198419358,56.7610187554724,-91.7544698056611,117,-15.3120472222222,0.0258258896151053,98,"ice_full","3"
"6403",2017,-166.548123294273,56.7406279012417,-81.8359574826748,117,-28.0737652777778,0.0534663717656012,103,"ice_full","3"
"6404",2017,-165.471997289729,56.7282239937685,-75.7208081931013,93,-35.9598305555556,0.0807169834307992,106,"ice_full","3"
"6405",2017,-164.478007298585,56.7225861666192,-73.808315757958,93,-36.3181791666667,0.082000211569096,92,"ice_full","3"
"6406",2017,-163.504494518292,56.7276795458258,-72.6237539188572,101,-41.4710180555556,0.0740139660493827,90,"ice_full","3"
"6407",2017,-162.479903367648,56.7547639852039,-67.2340351488555,101,-26.7408194444444,0,0,"ice_free","3"
"6408",2017,-161.476637399774,56.7379916249772,-70.6224483430799,85,17.3206583333333,0,0,"ice_free","3"
"6409",2017,-160.504709691973,56.7449867922679,-59.7874658492709,133,5.38953055555555,0.090751056763285,99,"ice_free","3"
"6414",2017,-172.53301519985,57.2298298917924,-134.316044211073,141,58.4066597222222,0,0,"ice_free","8"
"6415",2017,-171.460414579088,57.2593104329538,-108.181354973041,141,50.6908347222222,0,0,"ice_free","6"
"6416",2017,-170.495832568775,57.2819233365139,-62.5914298350465,141,33.5844194444444,0.027470882340674,104,"ice_free","5"
"6417",2017,-169.487312692421,57.2480268245448,-66.1884988811339,117,8.85818333333333,0.0452890371182586,106,"ice_full","5"
"6418",2017,-168.520893179614,57.2224255692906,-76.6435879331583,117,-13.0463763888889,0.0704522989870212,108,"ice_full","3"
"6419",2017,-167.527546972846,57.2151874740834,-73.339005659176,117,-26.5713305555556,0.106463155864198,106,"ice_full","3"
"6420",2017,-166.543226313289,57.2455788270136,-73.4442275195678,117,-29.7351958333333,0.146498550767648,108,"ice_full","3"
"6421",2017,-165.455699263969,57.2770863230866,-70.4847558890392,117,-30.7507388888889,0.194350925925926,110,"ice_full","3"
"6422",2017,-164.535869887635,57.2581121258419,-68.0950571021519,109,-32.9172652777778,0.22762753287708,99,"ice_full","3"
"6423",2017,-163.467883525036,57.2225623987853,-63.497716145591,109,-32.4373666666667,0.215423039732771,109,"ice_full","3"
"6424",2017,-162.469648950077,57.2291535757562,-56.1539918255947,101,-20.4360527777778,0.112349749228395,90,"ice_full","3"
"6425",2017,-161.497003744556,57.2482107572533,-56.0402471570274,101,20.6766,0,0,"ice_free","3"
"6426",2017,-160.501823970926,57.2352409549766,-61.0240838818045,101,0.233763888888888,0.0399336103521554,91,"ice_full","3"
"6431",2017,-172.45687798694,57.7729257317924,-127.78832506643,141,68.6750666666667,0,0,"ice_free","8"
"6432",2017,-171.508663471955,57.7528777123597,-89.1093789382756,141,57.1113041666667,0.0356960699588477,105,"ice_free","6"
"6433",2017,-170.584382344964,57.7304879401027,-77.3420942960405,141,21.8392347222222,0.101595189701897,112,"ice_free","6"
"6434",2017,-169.531172060409,57.767562763927,-65.769367075462,117,-8.3927375,0.165516414976484,114,"ice_full","6"
"6435",2017,-168.436937671493,57.7510072977342,-71.3442993204625,117,-29.2482194444444,0.24083227696943,114,"ice_full","6"
"6436",2017,-167.498415916335,57.7843252829083,-65.242416949324,117,-26.5724902777778,0.272904457429991,112,"ice_full","3"
"6437",2017,-166.50212246977,57.7350483723771,-61.9938765197245,117,-29.5892763888889,0.316797234606005,111,"ice_full","3"
"6438",2017,-165.509123242266,57.7222028368364,-64.2346619591582,117,-34.2962861111111,0.333316922613671,112,"ice_full","3"
"6439",2017,-164.512263987447,57.7471030117197,-48.2444122971236,117,-28.4567986111111,0.339011287195315,108,"ice_full","2"
"6440",2017,-163.513088822675,57.7289508631888,-50.4010828618198,109,-24.812025,0.321800080128205,108,"ice_full","2"
"6441",2017,-162.452517173754,57.7222995348113,-46.884178044733,101,-23.60285,0.252413984420929,93,"ice_full","2"
"6442",2017,-161.483468125798,57.7279931565507,-38.9357646671339,101,-24.4234611111111,0.141985797237916,89,"ice_full","2"
"6443",2017,-160.505079086834,57.7349009872789,-48.2905699109595,101,-27.5185944444444,0.168667210584902,91,"ice_full","3"
"6444",2017,-159.5700538721,57.72450961755,-47.7329706173552,101,-30.4916180555556,0.289521665219907,94,"ice_full","2"
"6449",2017,-173.477824910653,58.2567320295903,-128.185796365231,157,72.1142763888889,0,0,"ice_free","8"
"6450",2017,-172.520130169978,58.2433714780538,-113.170145739196,125,50.4952458333333,0.0530055796682099,110,"ice_full","8"
"6451",2017,-171.527890047512,58.2421936665858,-98.2966709680708,125,20.3097847222222,0.112687181712963,110,"ice_full","6"
"6452",2017,-170.517359939312,58.2596720760836,-90.0556583621453,125,-10.9121555555556,0.203258608217593,110,"ice_full","6"
"6453",2017,-169.560520028128,58.2072937097063,-75.4596248428943,125,-25.3895541666667,0.319545500578704,110,"ice_full","6"
"6454",2017,-168.440876828447,58.2173768039377,-68.1454154088615,117,-33.1272138888889,0.391847405937684,114,"ice_full","6"
"6455",2017,-167.534602468787,58.1882599931455,-55.6228664531623,133,-22.2057041666667,0.442357952069717,115,"ice_full","6"
"6456",2017,-166.547925843219,58.2199755019253,-53.2807548477495,117,-20.4028736111111,0.456126105653418,112,"ice_full","2"
"6457",2017,-165.424412177784,58.2452713049186,-47.071539549014,117,-18.4730027777778,0.437774572283189,111,"ice_full","2"
"6458",2017,-164.539141053583,58.2785812817029,-41.5300269876183,109,-10.2899291666667,0.427608732809814,109,"ice_full","2"
"6459",2017,-163.481402774214,58.2199690707524,-38.2204617944989,109,-8.58188194444445,0.412755644147234,111,"ice_full","2"
"6460",2017,-162.409336576439,58.2240589896283,-41.4722614596969,101,-2.21457361111111,0.3925588497151,95,"ice_full","2"
"6471",2017,-173.531580778036,58.7437290263845,-121.560119047619,157,57.8347763888889,0,0,"ice_free","8"
"6472",2017,-172.536997677704,58.7297914342814,-109.872381440504,125,21.5768944444444,0.103156935871056,111,"ice_full","8"
"6473",2017,-171.539979906577,58.6854920211496,-89.3750495682016,125,-7.92186527777778,0.236593557098765,122,"ice_full","6"
"6474",2017,-170.52950464056,58.7612072079891,-101.549624069959,125,-24.5908444444444,0.367430149231678,124,"ice_full","6"
"6475",2017,-169.608152241455,58.7083204180789,-95.9954522691244,141,-25.5835805555556,0.454508703873287,121,"ice_full","6"
"6476",2017,-168.658085699954,58.7344118840534,-58.5500052734272,149,-15.3254916666667,0.504513950972045,117,"ice_free","7"
"6477",2017,-167.334512609028,58.7543706421521,-46.2366399979786,133,-7.67045972222222,0.511041790674603,114,"ice_full","7"
"6478",2017,-166.499326290696,58.766171135152,-42.1386668560431,117,-4.1060125,0.529863816674581,108,"ice_full","7"
"6479",2017,-165.485358599221,58.7295438431537,-35.3501364535068,117,4.30225694444445,0.520621713534522,111,"ice_full","2"
"6480",2017,-164.558355184505,58.7367251018691,-32.0530936883222,133,11.2159138888889,0.485403849451303,111,"ice_free","2"
"6481",2017,-163.519609186252,58.7399435290318,-25.8210108604845,133,14.3516305555556,0.483425337069526,106,"ice_free","2"
"6487",2017,-176.477366479718,59.2757908507074,-148.386039824531,157,98.8520555555556,0,0,"ice_free","8"
"6488",2017,-175.518496822527,59.2487629924153,-135.111986586742,157,102.161306944444,0,0,"ice_free","8"
"6489",2017,-174.449876034617,59.2335726535611,-119.391767284911,125,58.9548236111111,0,0,"ice_free","8"
"6490",2017,-173.494059308241,59.2613340819332,-118.488379063122,125,16.1840736111111,0.060950513013013,104,"ice_free","8"
"6491",2017,-172.588507917007,59.2290135928651,-99.9601201082238,125,1.87706388888889,0.196183555990008,123,"ice_full","9"
"6492",2017,-171.520375691848,59.2665027632616,-72.5961917262923,133,-4.72589305555556,0.375031477974186,120,"ice_full","9"
"6493",2017,-170.411514152224,59.2174303955671,-73.5238675173866,141,-11.0626680555556,0.51493989284228,119,"ice_free","6"
"6494",2017,-169.489462916558,59.2187550590502,-58.9655772564709,141,-10.1331625,0.556130456349206,121,"ice_full","6"
"6495",2017,-168.620686184371,59.2234320342848,-46.8920073364954,117,2.28513472222222,0.590048078969774,117,"ice_full","7"
"6496",2017,-167.344190861884,59.3140074686505,-38.3216223905681,117,14.6988819444444,0.558419945987654,114,"ice_full","7"
"6497",2017,-166.563029188381,59.2510657026501,-33.0520538156541,109,20.4179583333333,0.566690648148148,105,"ice_full","7"
"6498",2017,-165.519577401589,59.2287663608151,-24.5478523408741,133,29.1432611111111,0.58362239322656,104,"ice_free","7"
"6499",2017,-164.511956039643,59.2434623997502,-22.650509614877,133,49.1240625,0.516870303688462,111,"ice_free","2"
"6503",2017,-177.515482497187,59.7582777128122,-164.944734475507,157,106.852065277778,0,0,"ice_free","8"
"6505",2017,-175.444439601322,59.7761992272781,-125.502122983225,125,83.2508138888889,0,0,"ice_free","8"
"6506",2017,-174.511749909261,59.7484202856754,-106.476900942314,125,30.1494847222222,0.0591735220797721,108,"ice_full","8"
"6507",2017,-173.568908503815,59.7173763913206,-95.2351232619644,125,10.28725,0.17459075767841,112,"ice_full","9"
"6508",2017,-172.522173878005,59.7869172406841,-95.5269612612975,125,5.86136527777778,0.338119144206087,131,"ice_full","9"
"6509",2017,-171.470879510223,59.7868669163784,-69.3391187688154,133,4.21441527777778,0.511198213261846,122,"ice_full","9"
"6510",2017,-170.414304782974,59.7420772115364,-58.3082407953243,141,5.58789305555556,0.60440831772784,119,"ice_free","9"
"6511",2017,-169.524805935405,59.7300924721181,-54.887307951357,141,4.04861388888889,0.629594562647754,124,"ice_full","11"
"6512",2017,-168.558289264057,59.7407644491646,-44.7935660593111,149,7.99192916666667,0.660114250744998,117,"ice_free","7"
"6513",2017,-167.374588642243,59.7227925071001,-30.2152668157748,117,28.0014458333333,0.587150732127476,116,"ice_full","7"
"6514",2017,-166.536083944483,59.6428352306092,-20.1045751633987,117,34.5332344705045,0.449123922808948,131,"ice_full","7"
"6517",2017,-177.477147451263,60.2206101782828,-142.516695376734,157,126.994794444444,0,0,"ice_free","8"
"6518",2017,-176.525913276755,60.2295337758097,-135.226676992034,125,107.994831944444,0,0,"ice_free","8"
"6519",2017,-175.563414755993,60.2108331116744,-120.473582739968,125,49.7504763888889,0.0862746718237224,109,"ice_full","8"
"6520",2017,-174.495547500414,60.2362160679889,-104.38089036921,125,17.1494041666667,0.187490881887986,112,"ice_full","9"
"6522",2017,-172.595392716069,60.1622322439875,-50.9478494683758,133,11.6401044820819,0.479197403411596,142,"ice_full","9"
"6523",2017,-171.635480137424,60.1681087355904,-62.5660731188184,133,9.68529583333333,0.627103752134226,124,"ice_full","9"
"6524",2017,-170.411669461382,60.2564770970334,-62.532361916848,149,14.5005611111111,0.671162494912495,121,"ice_free","9"
"6525",2017,-169.446924129656,60.2466279978375,-47.0647436680703,149,14.8366930555556,0.713058196818613,121,"ice_free","11"
"6526",2017,-168.4640010971,60.2811680931141,-39.8521857218061,149,19.9200388888889,0.742311531007752,116,"ice_free","11"
"6527",2017,-167.574877104695,60.2979944151293,-29.1283558004719,125,34.3476484744773,0.587121002768232,127,"ice_full","11"
"6531",2017,-178.462406667433,60.71355391599,-179.620178037052,157,139.626181944444,0,0,"ice_free","8"
"6532",2017,-177.561541944921,60.7294889944879,-143.266551855352,125,125.412988888889,0,0,"ice_free","8"
"6533",2017,-176.462927987067,60.6893952492981,-120.303997753642,125,69.1744152777778,0.064053138185654,109,"ice_full","8"
"6534",2017,-175.562635736521,60.7161457919467,-99.4365417046634,125,23.9500722222222,0.18569377597482,131,"ice_full","8"
"6537",2017,-172.459591496462,60.72704518869,-58.747653113962,133,9.71989838850174,0.637743610661633,133,"ice_full","9"
"6538",2017,-171.450855580221,60.8014219063559,-57.6209637964775,133,14.1188583333333,0.711208405671296,126,"ice_full","9"
"6539",2017,-170.471436388517,60.7347606137549,-54.2626767002768,133,18.8482416666667,0.732133495862884,124,"ice_full","9"
"6540",2017,-169.38300690901,60.7372430349618,-45.0202780048851,133,20.4159541666667,0.757842306352051,123,"ice_full","11"
"6541",2017,-168.507910573059,60.7444688204973,-37.6182758130674,133,27.83225,0.79015064502705,119,"ice_full","11"
"6542",2017,-167.440353058022,60.7615320398257,-27.8908901862027,117,45.7920319444444,0.753797938199828,116,"ice_full","11"
"6546",2017,-178.526829851169,61.2830093994313,-163.287311919135,133,145.824945833333,0,0,"ice_free",NA
"6547",2017,-177.515299704348,61.2467231136932,-131.070067033913,125,89.0802819444445,0,0,"ice_free","8"
"6548",2017,-176.475099115172,61.2266291228641,-112.656240064826,125,43.6724944444444,0.13095396090535,120,"ice_full","8"
"6549",2017,-175.564737830109,61.2473635715098,-82.5870603026877,125,29.4834513888889,0.293337227907732,125,"ice_full","10"
"6550",2017,-174.521247141243,61.2320248678936,-80.7489537032768,133,22.9164638888889,0.448279670994018,127,"ice_full","10"
"6551",2017,-173.576294353311,61.2358825540357,-66.0979580993236,125,19.8472833333333,0.574690623818972,128,"ice_full","10"
"6552",2017,-172.581646919737,61.2399707598545,-56.0699613196789,125,16.3263902777778,0.676810656721536,129,"ice_full","10"
"6553",2017,-171.527466299052,61.2917204423508,-66.4491809116809,133,17.6861736111111,0.730004633487654,130,"ice_full","10"
"6555",2017,-169.454239818619,61.2375006223914,-43.6346409344384,133,22.5125944444444,0.74722758265076,134,"ice_full","11"
"6556",2017,-168.452919813671,61.2402849132526,-35.0716519644483,133,27.3844902777778,0.775979269022424,128,"ice_full","11"
"6557",2017,-167.424381418189,61.2632482570302,-24.6741791227064,133,41.7581694444444,0.738613152829796,119,"ice_full","11"
"6560",2017,-178.479758124176,61.7739449887444,-130.935041691221,133,96.2729736111111,0.20710474537037,42,"ice_free",NA
"6561",2017,-177.55123176418,61.7459952148452,-122.559591154027,133,50.3837097222222,0.0408310908564815,110,"ice_free",NA
"6562",2017,-176.506901260323,61.7130069383653,-106.191411652812,125,40.3358680555556,0.184732035559496,124,"ice_full","8"
"6563",2017,-175.642339275493,61.7579938082289,-94.0092951118135,125,35.3128541666667,0.387681959064328,125,"ice_full","10"
"6564",2017,-174.460173729354,61.7420676786489,-67.3113033733116,133,29.8447888888889,0.5462223674167,123,"ice_full","10"
"6565",2017,-173.524391345471,61.694093986095,-65.1325735896654,133,26.7934527777778,0.635441362218196,122,"ice_full","10"
"6566",2017,-172.406549512143,61.746374400913,-59.5569409698185,133,24.679525,0.685749385127315,126,"ice_full","10"
"6567",2017,-171.448207269953,61.777216767097,-60.1671059062863,125,27.8246277777778,0.723139783791523,127,"ice_full","10"
"6568",2017,-170.555789662679,61.799066282357,-48.1859669773539,133,29.3289152777778,0.743550107557052,129,"ice_full","10"
"6569",2017,-169.571806004842,61.717775455051,-42.3462962962963,133,29.1093819444444,0.767683114839262,131,"ice_full","11"
"6570",2017,-168.502915117404,61.7492562645662,-34.2190991243337,133,30.3432777777778,0.787107490803093,129,"ice_full","11"
"6571",2017,-167.424740895836,61.7413510644143,-24.7416410147405,133,41.5928291666667,0.729408527073269,122,"ice_full","11"
"6573",2017,-179.549565626322,62.2840881067419,-120.154122464262,133,119.410554166667,0.380057231800766,59,"ice_free",NA
"6574",2017,-178.4926326034,62.2424561695055,-132.789827429985,133,79.0593138888889,0.276597479423868,48,"ice_free",NA
"6575",2017,-177.542792160994,62.2733091250483,-104.301723954456,133,49.2817708333333,0,0,"ice_free",NA
"6576",2017,-176.487251650947,62.2667508293144,-96.4044569215612,133,45.1696041666667,0.224072672325103,120,"ice_full",NA
"6577",2017,-175.583920602701,62.2717042096152,-84.4213324011711,133,37.2803527777778,0.451770105076987,119,"ice_full","10"
"6578",2017,-174.562037855094,62.2504268913636,-69.8390478498247,133,33.8830347222222,0.593592687959495,119,"ice_full","10"
"6579",2017,-173.500455292149,62.2758430765622,-59.0562470380406,133,31.9509125,0.654896596459096,121,"ice_full","10"
"6580",2017,-172.411215744651,62.290413681389,-50.2708510731598,133,32.2098541666667,0.689262585142614,117,"ice_full","10"
"6581",2017,-171.41990080332,62.2849692644687,-46.403243124262,133,39.9944013888889,0.693756753812636,115,"ice_full","10"
"6582",2017,-170.529395673523,62.2825998280831,-44.1260701612958,133,44.6200777777778,0.675210843079922,125,"ice_full","10"
"6583",2017,-169.550107641041,62.295875714382,-38.0516643502862,133,41.8272013888889,0.740778589156166,127,"ice_full","10"
"6584",2017,-168.464403194304,62.2833371935792,-31.8110674383104,133,37.8538569444444,0.794432930030546,127,"ice_full","11"
"6585",2017,-167.448845901447,62.2381155005615,-25.2115296269957,133,59.173225,0.755646637426901,125,"ice_full","11"
"6587",2017,-179.517145356271,62.7314942898667,-108.396431195969,133,138.499511111111,0.510344044044044,67,"ice_free",NA
"6588",2017,-178.528597319498,62.7859722683963,-93.2808578157913,133,115.5435875,0.295350605413105,69,"ice_free",NA
"6589",2017,-177.462764904264,62.7553205412519,-110.073512975115,133,72.5684166666667,0.107650054466231,64,"ice_free",NA
"6590",2017,-176.603365044906,62.7633115955854,-101.116993833455,133,50.9362333333333,0.217010784313726,115,"ice_full",NA
"6591",2017,-175.551354178373,62.7573748810004,-85.2198869052195,133,46.6691138888889,0.424358107363316,114,"ice_full",NA
"6592",2017,-174.551000191942,62.7446729435937,-81.9951600223639,133,45.5763111111111,0.583975777116402,114,"ice_full","10"
"6593",2017,-173.529120001533,62.7543488108692,-65.6395897055192,133,42.7213180555556,0.66109195877425,114,"ice_full","10"
"6594",2017,-172.502373068438,62.7448468389587,-56.29800124103,133,40.8832611111111,0.672444748263889,110,"ice_free","10"
"6595",2017,-171.442472318308,62.7185316966494,-45.6951722624204,133,47.1935069444444,0.713238845276436,99,"ice_free","10"
"6596",2017,-170.461993471356,62.7435075952713,-36.2566028214316,133,52.5097763888889,0.648755873842593,110,"ice_free","10"
"6597",2017,-169.463571246117,62.7539925043625,-31.513381929029,133,49.4926284027964,0.676388259863124,122,"ice_full","10"
"6598",2017,-168.651896762747,62.7847593625842,-28.9789053826117,133,44.3278458333333,0.773550876674547,124,"ice_full","10"
"6599",2017,-167.419146420542,62.7423656259788,-25.2341941423898,157,75.7731833333333,0.810839837459742,122,"ice_free","11"
"6602",2017,-179.459794695773,63.2653737462701,-81.3149655062182,133,123.843302777778,0.622823721819646,76,"ice_free",NA
"6603",2017,-178.492408066108,63.2582346422053,-94.6710051023742,133,140.350306944444,0.407408627619868,73,"ice_free",NA
"6604",2017,-177.499858642317,63.2474454169932,-102.426454836481,125,107.701008333333,0.208727174849268,73,"ice_free",NA
"6605",2017,-176.576137394486,63.2480259192418,-96.6140401675802,133,67.655425,0.21782230062724,92,"ice_free",NA
"6606",2017,-175.578851846117,63.2829764323295,-85.3726331129598,133,61.7662847222222,0.422473413671024,98,"ice_free",NA
"6607",2017,-174.494753791268,63.2857359499383,-79.581886922079,133,59.0243319444444,0.5663979958577,106,"ice_free",NA
"6608",2017,-173.510670023584,63.2862642807563,-80.209319727246,133,55.7385083333333,0.656620566655837,106,"ice_free","12"
"6609",2017,-172.524110189262,63.227997605184,-59.8316258251902,133,60.0208625,0.665966604938272,105,"ice_free","12"
"6610",2017,-171.502345231175,63.1885332428815,-43.104032647843,133,55.5790516573687,0.520664855072464,122,"ice_full","12"
"6611",2017,-170.598321375523,63.1657248115987,-22.812224205899,133,57.7939595898441,0.502904178240741,130,"ice_full","12"
"6613",2017,-168.596192107559,63.2378160239729,-24.9076974646075,133,51.2155828027456,0.737152685185185,130,"ice_full","12"
"6614",2017,-167.481673166008,63.2832933889659,-25.9883580268206,125,71.6738166666667,0.829864321983274,123,"ice_full","14"
"6615",2017,-166.46186029696,63.2272853322346,-22.4305882253153,125,101.555094444444,0.836431288580247,120,"ice_full","14"
"6617",2017,-179.474137303951,63.7424475818779,-63.1430332141744,133,97.6629875,0.525746587132004,108,"ice_free",NA
"6618",2017,-178.445846421378,63.7643490296591,-71.4292505853639,133,137.663681944444,0.515033967391304,76,"ice_free",NA
"6619",2017,-177.535206630913,63.7719448351354,-80.4817448201692,133,139.880034722222,0.348923120089787,74,"ice_free",NA
"6620",2017,-176.571924011567,63.7864551673012,-90.5724458720984,125,112.541018055556,0.331368357487923,76,"ice_free",NA
"6621",2017,-175.497522884599,63.8100367454227,-87.1725818481116,133,98.9567652777778,0.396995014245014,95,"ice_free",NA
"6622",2017,-174.534241858298,63.7788755438218,-79.5191918441065,133,96.472575,0.521609937169312,100,"ice_free",NA
"6623",2017,-173.503929041308,63.7474987030247,-69.6751859260021,133,90.6186305555556,0.591268974960876,101,"ice_free",NA
"6624",2017,-172.544127280406,63.755680704386,-53.5164099654391,133,83.5146236111111,0.615077374249249,104,"ice_free","12"
"6625",2017,-171.554695944363,63.8127300324429,-26.4027626469498,133,65.3586080034837,0.497670915377403,109,"ice_free","12"
"6626",2017,-170.452167718873,63.8308748747057,-29.2157023179252,133,64.692359919931,0.565764448514449,121,"ice_full","12"
"6627",2017,-169.523005432587,63.7772594441997,-28.4651677365256,133,62.3839819444444,0.721164729780801,128,"ice_full","12"
"6628",2017,-168.506455204912,63.7543070103642,-28.7971013734033,133,58.4026333333333,0.775057586923658,128,"ice_full","14"
"6629",2017,-167.459448932172,63.7569329198476,-26.3450133829951,133,50.9782166666667,0.792637241549802,133,"ice_full","14"
"6630",2017,-166.472869019421,63.7339915986674,-25.4742299510598,133,62.9848916666667,0.791208378281194,133,"ice_full","14"
"6632",2017,-179.406322364242,64.1902847859835,-57.9724375757188,133,80.405075,0.696581987510767,116,"ice_full",NA
"6633",2017,-178.468890302976,64.2070249604635,-73.8521648402471,133,129.129545833333,0.533800940576653,109,"ice_free",NA
"6634",2017,-177.509528277708,64.2211678563218,-73.3343833911238,133,141.317247222222,0.412278591091091,104,"ice_free",NA
"6635",2017,-176.530256249327,64.2073107059193,-88.4201877178919,133,137.951645833333,0.413303224206349,100,"ice_free",NA
"6636",2017,-175.501804522926,64.2077313413696,-84.8375949685207,133,128.2127125,0.45566352739726,103,"ice_free",NA
"6637",2017,-174.514029336882,64.2133201220277,-72.3523600681227,133,121.641376388889,0.474343025030525,121,"ice_full",NA
"6638",2017,-173.54734255708,64.1602616229877,-47.6062825861616,133,97.4182693909188,0.450922040343915,114,"ice_full",NA
"6639",2017,-172.432807171965,64.2042950938291,-39.324899271867,133,80.6661256994198,0.547315476190476,107,"ice_free",NA
"6640",2017,-171.518038356498,64.2490849970125,-41.8395429318625,133,89.8666930555556,0.667140767797018,107,"ice_free","12"
"6641",2017,-170.606637501497,64.2529795155349,-42.451788036302,133,86.1944,0.780899349507736,109,"ice_free","12"
"6642",2017,-169.490379747273,64.2521376512636,-39.1175715275222,133,78.6110541666667,0.848903502900491,113,"ice_full","12"
"6643",2017,-168.572824465686,64.2406415380454,-32.0594934002397,133,63.9965833333333,0.790982928240741,126,"ice_full","14"
"6644",2017,-167.55325753874,64.2662997493176,-25.9028783766922,133,49.3336916666667,0.804439351851852,130,"ice_full","14"
"6650",2017,-179.376287703517,64.7427938358285,-60.3948370003552,133,60.8878388888889,0.694634391244314,144,"ice_full",NA
"6651",2017,-178.512586323611,64.7652494561243,-66.9400567815202,133,97.7950791666667,0.706604223125565,112,"ice_free",NA
"6652",2017,-177.499791301501,64.7500428267334,-55.806341947348,125,91.0740472222222,0.629053027534113,106,"ice_full",NA
"6653",2017,-176.494386760347,64.7582941906869,-63.2537783650722,125,93.5408708333333,0.579752197609001,109,"ice_full",NA
"6654",2017,-175.534251004622,64.6933281325148,-54.4143335999479,133,105.820380875849,0.46023816872428,129,"ice_full",NA
"6656",2017,-172.194083198038,64.745237435575,-27.5295701931649,133,62.1688311799541,0.293035141782407,110,"ice_free",NA
"6657",2017,-171.569668337614,64.7519631151174,-39.5436793632173,133,86.3416305555556,0.730189784752285,107,"ice_free",NA
"6658",2017,-170.527741765249,64.7768509069869,-47.277295948665,133,95.6065625,0.809130083802157,109,"ice_free","12"
"6659",2017,-169.496756085684,64.7423816327685,-46.6316019843347,133,85.5426527777778,0.818852211047254,117,"ice_full","14"
"6660",2017,-168.559458501078,64.7340317159353,-35.8154813024488,133,65.1463680555556,0.77725922382842,128,"ice_full","14"
"6661",2017,-167.431293238695,64.7470135657428,-22.7847740995302,133,48.8770125,0.70948287835249,146,"ice_full","14"
"6669",2017,-171.573892923773,65.2691605079437,-31.0521059424506,133,71.7703444444444,0.601352270913154,146,"ice_full",NA
"6670",2017,-170.513844784829,65.2575726568118,-39.3066702177484,133,77.5800833333333,0.821555584133516,111,"ice_free",NA
"6671",2017,-169.51968723612,65.2529938024036,-46.5383559704125,133,77.0072902777778,0.783137670565302,125,"ice_full","14"
"6672",2017,-168.568973336881,65.2659060840831,-48.7513752288972,133,62.7166569444444,0.77419777058612,133,"ice_full","14"
"6677",2017,-170.296813327478,65.6953339781462,-32.118354421961,133,62.4926569232695,0.59286539824263,128,"ice_full",NA
"6678",2017,-169.590276106986,65.7424795681641,-41.9284285212777,133,66.5147138888889,0.77306281771968,132,"ice_full",NA
"6679",2017,-168.483470261912,65.7804191950036,-46.5976569170562,133,51.779551029526,0.752577775864708,151,"ice_full",NA
"6683",2018,-165.503723301216,54.7581817891957,-166.668361755049,125,57.2039611111111,0,0,"ice_free","16"
"6694",2018,-166.516150714625,55.2607756070542,-136.250513842566,157,53.3690291666667,0,0,"ice_free","4"
"6695",2018,-165.477143644881,55.2830904424899,-116.758258035432,125,60.8556638888889,0,0,"ice_free","4"
"6696",2018,-164.503075366588,55.2804975130619,-89.9845516332241,125,63.3948486111111,0,0,"ice_free","1"
"6705",2018,-167.558167950194,55.7464366756916,-133.678228756257,165,53.0600333333333,0,0,"ice_free","4"
"6706",2018,-166.5166136014,55.7606694932063,-127.49076951192,149,54.9755444444444,0,0,"ice_free","4"
"6707",2018,-165.500371044416,55.7315194931402,-110.259775782173,149,59.4351875,0,0,"ice_free","4"
"6708",2018,-164.443863534892,55.7486026331293,-95.2191608581829,149,55.2726,0,0,"ice_free","3"
"6709",2018,-163.520732372945,55.7664147876203,-84.168354715028,149,56.2947972222222,0,0,"ice_free","1"
"6710",2018,-162.611670546004,55.8139854769795,-60.214098869837,149,85.7702160433071,0,0,"ice_free","1"
"6720",2018,-167.43434405498,56.2712171079495,-125.409769689244,157,64.6568402777778,0,0,"ice_free","4"
"6721",2018,-166.482912404531,56.2629953356945,-108.384413995227,157,67.5829888888889,0,0,"ice_free","4"
"6722",2018,-165.429229757357,56.2514404390595,-91.3558615753994,149,70.5475277777778,0,0,"ice_free","3"
"6723",2018,-164.481845555726,56.2419029336377,-87.1340268024648,141,62.7414402777778,0,0,"ice_free","3"
"6724",2018,-163.525990529533,56.2289463219775,-85.6696347821884,157,64.9961513888889,0,0,"ice_free","3"
"6725",2018,-162.520449499138,56.2550837905133,-76.3762678866414,157,77.1162652777778,0,0,"ice_free","1"
"6726",2018,-161.472796738287,56.265982458753,-55.0619396124569,141,95.2895972222222,0,0,"ice_free","1"
"6731",2018,-172.503994593163,56.7778501482251,-158.439822451617,165,59.0650083333333,0,0,"ice_free","8"
"6732",2018,-171.542456801563,56.7553019108485,-147.031870709112,165,65.6592416666667,0,0,"ice_free","8"
"6733",2018,-170.492955879211,56.7390502165913,-100.915976263973,165,77.754125,0,0,"ice_free","5"
"6734",2018,-169.482273664155,56.7676551029644,-72.2492363269738,165,82.3880625,0,0,"ice_free","5"
"6735",2018,-168.527779106102,56.7250005103998,-95.9947195808113,165,85.4824875,0,0,"ice_free","3"
"6736",2018,-167.528047065259,56.7178540309599,-95.439770922229,165,91.7535083333333,0,0,"ice_free","3"
"6737",2018,-166.544253997155,56.7063213139976,-84.4608366145856,165,90.0861305555556,0,0,"ice_free","3"
"6738",2018,-165.451355080498,56.710398445831,-75.9099313919988,149,90.6035027777778,0,0,"ice_free","3"
"6739",2018,-164.479926029286,56.7332115767955,-73.4938612182557,157,92.8658138888889,0,0,"ice_free","3"
"6740",2018,-163.476836162965,56.7522991745945,-71.7561995015273,157,88.9026625,0,0,"ice_free","3"
"6741",2018,-162.468072343918,56.7523978508566,-67.1627339194219,157,87.2858819444444,0,0,"ice_free","3"
"6742",2018,-161.486967176852,56.7387280386682,-70.7338199316622,109,85.5763875,0,0,"ice_free","3"
"6743",2018,-160.507498337618,56.7509851763912,-60.3936696293477,109,86.7057458333333,0,0,"ice_free","3"
"6748",2018,-172.538733128624,57.2411501830495,-139.722040438389,165,67.1623194444444,0,0,"ice_free","8"
"6749",2018,-171.514213281143,57.2572660389734,-109.35985391726,165,73.6075361111111,0,0,"ice_free","6"
"6750",2018,-170.504296352967,57.2421307546535,-63.4330053472727,165,105.373447222222,0,0,"ice_free","5"
"6751",2018,-169.412976081883,57.2669892511744,-67.6930106499688,165,93.816725,0,0,"ice_free","6"
"6752",2018,-168.489979828316,57.2254049568992,-76.8174179736342,157,103.620429166667,0,0,"ice_free","3"
"6753",2018,-167.547109649887,57.2197794029196,-75.6701098758654,157,116.029016666667,0,0,"ice_free","3"
"6754",2018,-166.463711217866,57.2547699754302,-72.1586494190646,157,105.471123611111,0,0,"ice_free","3"
"6755",2018,-165.367631586728,57.2631556598884,-69.5066295540907,157,98.4251986111111,0,0,"ice_free","3"
"6756",2018,-164.480868305056,57.2861123149637,-66.186775006399,149,105.289852777778,0,0,"ice_free","3"
"6757",2018,-163.522135097777,57.2674285367891,-63.5362588285046,149,96.2335361111111,0,0,"ice_free","3"
"6758",2018,-162.485868829978,57.2744417709538,-55.4042950704639,149,79.7470375,0,0,"ice_free","2"
"6759",2018,-161.503179245046,57.2512164701135,-56.4580483157862,157,81.6797944444444,0,0,"ice_free","3"
"6760",2018,-160.511391303408,57.2598840840672,-61.4879915140134,157,77.7494236111111,0,0,"ice_free","3"
"6761",2018,-159.505714165265,57.2505554814166,-50.1731501865381,125,96.3787930555556,0,0,"ice_free","2"
"6765",2018,-172.508648170414,57.7151150533446,-111.109752012931,165,93.4978791666667,0,0,"ice_free","8"
"6766",2018,-171.559229946865,57.7287248599122,-93.2374025599166,165,105.980783333333,0,0,"ice_free","6"
"6767",2018,-170.546539620757,57.7494393317769,-79.011277310515,165,120.329963888889,0,0,"ice_free","6"
"6768",2018,-169.517500685639,57.7512164812363,-66.5007539282392,165,106.335352777778,0,0,"ice_free","6"
"6769",2018,-168.489091604367,57.7833191141583,-74.3628358368145,165,117.446919444444,0,0,"ice_free","6"
"6770",2018,-167.386937922234,57.7999350837893,-65.3175843001366,157,123.542197222222,0,0,"ice_free","3"
"6771",2018,-166.462383583939,57.8032679457414,-62.0774565778276,157,110.905411111111,0,0,"ice_free","3"
"6772",2018,-165.437490332254,57.7616016087051,-63.5525123834359,157,108.222220833333,0,0,"ice_free","3"
"6773",2018,-164.503974508455,57.7464343849639,-47.8572234814668,141,103.1405625,0,0,"ice_free","2"
"6774",2018,-163.491772286359,57.756152945072,-49.3820451400689,125,87.4149194444445,0,0,"ice_free","2"
"6775",2018,-162.512634787812,57.7625503092039,-46.2746876298423,125,81.5355875,0,0,"ice_free","2"
"6776",2018,-161.514763473013,57.7628579713331,-39.8098769172924,125,87.5817819444444,0,0,"ice_free","2"
"6777",2018,-160.512447549806,57.7454560200889,-47.0342374125494,141,87.2930722222222,0,0,"ice_free","3"
"6778",2018,-159.501134724004,57.7488033507856,-45.4442206055402,149,93.83175,0,0,"ice_free","2"
"6783",2018,-173.5024054693,58.1949234491344,-120.058501266468,165,107.214727777778,0,0,"ice_free","8"
"6784",2018,-172.536537067318,58.2463424087472,-117.398884361414,165,130.330002777778,0,0,"ice_free","8"
"6785",2018,-171.467949252777,58.2463655266712,-92.154444726393,165,143.820027777778,0,0,"ice_free","6"
"6786",2018,-170.570792552365,58.2457173925419,-88.5186031799369,157,136.815413888889,0,0,"ice_free","6"
"6787",2018,-169.486326939622,58.260279617837,-76.6907039382978,157,128.1677375,0,0,"ice_free","6"
"6788",2018,-168.425428726464,58.2510171759117,-68.5211559896368,157,137.792716666667,0,0,"ice_free","6"
"6789",2018,-167.459813273885,58.2575850870953,-56.4438586981894,157,126.296101388889,0,0,"ice_free","6"
"6790",2018,-166.446184660117,58.2605247784844,-52.1516534507468,157,118.908133333333,0.223182319223986,36,"ice_free","2"
"6791",2018,-165.472754601156,58.249075799522,-47.360328811613,141,116.577691666667,0.214905026455026,44,"ice_free","2"
"6792",2018,-164.496581707637,58.2478928303088,-42.0554424933602,125,91.4810777777778,0.210672558922559,41,"ice_free","2"
"6793",2018,-163.493345921994,58.2522171759192,-37.4146535742619,125,83.089125,0.193310485253772,39,"ice_free","2"
"6794",2018,-162.502672571497,58.2509495603131,-39.0519329987309,125,87.3098708333333,0,30,"ice_free","2"
"6805",2018,-173.588254538342,58.7481422061602,-121.670586044231,165,137.339741666667,0,0,"ice_free","8"
"6806",2018,-172.490533017207,58.771605696219,-99.8086788600256,165,159.429845833333,0,0,"ice_free","8"
"6807",2018,-171.474780248104,58.7127094734574,-96.5761594557443,165,164.835738888889,0,0,"ice_free","6"
"6808",2018,-170.539397385294,58.7526465501369,-100.931691088833,157,146.389155555556,0,0,"ice_free","6"
"6809",2018,-169.473230310622,58.7621751552648,-85.3983747169704,157,145.22885,0,0,"ice_free","6"
"6810",2018,-168.511677327965,58.7512660241509,-59.1431356800522,157,140.085723611111,0.273878665123457,38,"ice_free","7"
"6811",2018,-167.476685700576,58.7550134352057,-47.1521013400825,157,128.510269444444,0.263923297646605,46,"ice_free","7"
"6812",2018,-166.484419097881,58.7470232168937,-42.4005175451825,125,116.180098611111,0.300842592592593,48,"ice_free","7"
"6813",2018,-165.480806467557,58.7505614279442,-34.7975197461647,125,93.9473958333333,0.308414192992012,47,"ice_free","2"
"6814",2018,-164.499587994811,58.7509613563031,-31.617708190643,125,75.3442472222222,0.173304557007988,81,"ice_free","2"
"6815",2018,-163.499338493158,58.7331612702875,-25.72298127538,93,79.5235402777778,0.312072916666667,46,"ice_free","2"
"6821",2018,-176.481651362419,59.2609744699011,-153.253737542005,141,98.2199027777778,0,0,"ice_free","8"
"6822",2018,-175.532157259723,59.2605637083967,-132.357670882259,141,115.192209722222,0,0,"ice_free","8"
"6823",2018,-174.517055807791,59.2885069818597,-118.711029396946,141,148.910969444444,0,0,"ice_free","8"
"6824",2018,-173.528870204675,59.2688287533169,-126.605063918165,157,172.324073611111,0,0,"ice_free","8"
"6825",2018,-172.559284811334,59.2172473863913,-104.980819742739,165,184.333869444444,0,0,"ice_free","9"
"6826",2018,-171.484416599838,59.2590171249296,-72.6296797520296,165,170.174384722222,0,0,"ice_free","9"
"6827",2018,-170.517606972796,59.2520754184075,-72.7858937928003,157,153.368720833333,0,0,"ice_free","6"
"6828",2018,-169.426666670445,59.2422533467223,-62.1565217074484,157,145.982011111111,0.223431134259259,34,"ice_free","6"
"6829",2018,-168.450227140626,59.2696042073769,-47.6876803840329,69,131.986975,0.290604890046296,46,"ice_free","7"
"6830",2018,-167.442489821923,59.2516923921144,-40.2842372091663,125,114.5035,0.326631867283951,45,"ice_free","7"
"6831",2018,-166.484473846239,59.2546427415009,-32.4021790891269,125,92.9069166666667,0.193450975529101,86,"ice_free","7"
"6832",2018,-165.489004939763,59.2425325439263,-23.8293328758683,109,73.3028444444444,0.229338125406108,87,"ice_free","7"
"6833",2018,-164.538020977173,59.2469501205934,-22.6069661768479,101,72.5863888888889,0.257612325440194,91,"ice_full","2"
"6837",2018,-177.463738916835,59.7699497955392,-161.526263334017,157,111.493593055556,0,0,"ice_free","8"
"6838",2018,-176.511868058537,59.7795900107315,-121.159347494857,157,113.465090277778,0,0,"ice_free","8"
"6839",2018,-175.51696175201,59.7321319929229,-124.566847934835,141,143.015709722222,0,0,"ice_free","8"
"6840",2018,-174.553145447419,59.7163887558,-107.749807525554,141,174.634241666667,0,0,"ice_free","8"
"6841",2018,-173.537284399855,59.7185197943785,-97.6205658266958,165,183.666833333333,0,0,"ice_free","9"
"6842",2018,-172.490346234882,59.7697590372608,-94.3545805293968,165,180.067788888889,0,0,"ice_free","9"
"6843",2018,-171.508103549625,59.7169221001037,-75.7366685900445,157,167.725665277778,0.191349537037037,31,"ice_free","9"
"6844",2018,-170.512368071075,59.7930114103554,-62.1810905284066,157,151.363136111111,0.162061098251029,42,"ice_free","9"
"6845",2018,-169.455130054827,59.7654736614592,-53.3005183308506,69,135.663197222222,0.289491732804233,44,"ice_free","11"
"6846",2018,-168.451074167231,59.7472301426,-43.8779886618252,125,108.747519444444,0.332935609567901,50,"ice_free","7"
"6847",2018,-167.455846011413,59.7180962636497,-31.87575961604,109,90.4078694444444,0.261078345959596,85,"ice_free","7"
"6848",2018,-166.677053667144,59.5841530037647,-24.5437695059755,117,75.018973545612,0.258949223416965,92,"ice_free","7"
"6851",2018,-177.477163647303,60.2488754798867,-144.132436897947,157,132.806148611111,0,0,"ice_free","8"
"6852",2018,-176.548584328759,60.2367699878317,-141.3901288855,157,136.625213888889,0,0,"ice_free","8"
"6853",2018,-175.57337648972,60.1994360014701,-121.334025219632,157,170.232976388889,0,0,"ice_free","8"
"6854",2018,-174.528382175919,60.2449464631413,-103.780928681721,85,185.358119444444,0,0,"ice_free","9"
"6855",2018,-173.481586231251,60.2153022245194,-73.8099525471068,165,153.453852777778,0.185387731481481,32,"ice_free","9"
"6856",2018,-172.493681361673,60.2297412368844,-44.6676582801581,157,128.146501247723,0.200531481481481,32,"ice_free","9"
"6857",2018,-171.478897579129,60.2186790545525,-58.2259740808447,157,148.436545833333,0.174363657407407,35,"ice_free","9"
"6858",2018,-170.456434795338,60.2584149613263,-62.7789892798905,157,142.612852777778,0.270169907407407,45,"ice_free","9"
"6859",2018,-169.53683834681,60.270415219027,-46.8142613780206,125,116.686936111111,0.367138082210999,52,"ice_free","11"
"6860",2018,-168.513799724126,60.2338953273986,-40.6259081546612,125,92.5395180555556,0.290363301917989,86,"ice_free","11"
"6861",2018,-167.546172509565,60.2879840302863,-28.8008723083983,109,76.9218837914806,0.324979421688638,89,"ice_full","11"
"6865",2018,-178.446159956991,60.7418439653418,-180.957833388673,165,151.921425,0,0,"ice_free","8"
"6866",2018,-177.524653551014,60.7256620025736,-145.94507043475,157,145.123405555556,0,0,"ice_free","8"
"6867",2018,-176.522482361914,60.7088231508042,-121.088545728625,157,157.787019444444,0,0,"ice_free","8"
"6868",2018,-175.532400833477,60.7879730105228,-94.4476558940952,157,184.251252777778,0,0,"ice_free","8"
"6869",2018,-174.552418719575,60.7698376949442,-80.915349686304,157,177.364405555556,0,0,"ice_free","9"
"6870",2018,-173.556048176461,60.782710850992,-61.1597995423011,157,132.555208333333,0,30,"ice_free","9"
"6871",2018,-172.454406580257,60.7775751940923,-59.4299854278683,157,116.23553161537,0.273751157407407,36,"ice_free","9"
"6872",2018,-171.447336878219,60.7796965029334,-57.0530219029033,157,135.464101388889,0.212119883040936,49,"ice_free","9"
"6873",2018,-170.434782277198,60.7492686158286,-53.8873226009608,157,118.407234722222,0.366249562757202,45,"ice_free","9"
"6874",2018,-169.477673392986,60.7199356291451,-45.5003912070811,85,93.3062319444444,0.323096783205619,88,"ice_full","11"
"6875",2018,-168.462207172481,60.7761888130297,-37.0263658889106,109,86.1796805555556,0.387801697530864,88,"ice_free","11"
"6876",2018,-167.506658871561,60.7667342505298,-28.492725129226,117,80.0071013888889,0.382130642361111,86,"ice_free","11"
"6880",2018,-178.48148838576,61.2506418205907,-167.345135322293,165,173.9113,0,0,"ice_free",NA
"6881",2018,-177.525254342666,61.2560051789883,-131.090075974557,157,157.140594444444,0,0,"ice_free","8"
"6882",2018,-176.435113364312,61.2642531945826,-111.910772399385,157,170.804161111111,0,28,"ice_free","8"
"6883",2018,-175.538483751106,61.2205727786322,-82.1507096087177,157,173.713486111111,0,0,"ice_free","10"
"6884",2018,-174.537134526302,61.2444979760674,-78.9959198886772,141,144.339727777778,0,28,"ice_free","10"
"6885",2018,-173.53139455879,61.2503570990161,-65.6759506659913,157,111.992144444444,0,0,"ice_free","10"
"6886",2018,-172.433458381622,61.2430744955565,-54.521724693157,157,111.355105555556,0.162180169753086,33,"ice_free","10"
"6887",2018,-171.443360921175,61.2606155512591,-66.8575367471849,157,119.5863125,0.256741846707819,45,"ice_free","10"
"6888",2018,-170.455895616396,61.2561807102265,-48.5766093263314,93,90.9989902777778,0.249296675084175,85,"ice_full","10"
"6889",2018,-169.481093420665,61.2623996761755,-43.741444340833,109,73.1540875,0.395918076841209,88,"ice_free","11"
"6890",2018,-168.446222105786,61.2683859089752,-34.952274974944,93,76.9885180555556,0.48904442820013,87,"ice_full","11"
"6891",2018,-167.527280382762,61.2435859107052,-25.8814201102608,117,80.1079958333333,0.44829109811566,87,"ice_free","11"
"6894",2018,-178.494752022546,61.7412120708814,-132.999136557079,157,169.388563888889,0.249778896604938,36,"ice_free",NA
"6895",2018,-177.590270575372,61.7652582501979,-124.450942537827,157,165.978848611111,0.213337962962963,32,"ice_free",NA
"6896",2018,-176.509221509203,61.7310053470598,-105.734543879569,157,164.955277777778,0,28,"ice_free","8"
"6897",2018,-175.517060367833,61.7244942222833,-92.4456167731303,157,139.272576388889,0,30,"ice_free","10"
"6898",2018,-174.498841478333,61.7687612468879,-66.2546356389907,85,108.780691666667,0,29,"ice_free","10"
"6899",2018,-173.505088147318,61.7597012056459,-65.0216494759787,157,94.9007444444444,0,0,"ice_free","10"
"6900",2018,-172.499186781761,61.7747826370415,-55.2501924483849,85,104.716434722222,0.14627243441358,90,"ice_full","10"
"6901",2018,-171.47250300797,61.7409885452466,-63.7814302509796,149,100.856502777778,0.247251157407407,86,"ice_free","10"
"6902",2018,-170.4874886466,61.7400847125631,-48.5140930271138,93,67.8185680555556,0.383801222167108,86,"ice_full","10"
"6903",2018,-169.537274367508,61.7342033091307,-42.0243172102326,93,55.4330277777778,0.494567941845354,87,"ice_full","11"
"6904",2018,-168.485883174447,61.7360405504006,-34.1461800771681,165,66.4403958333333,0.54442820083014,88,"ice_free","11"
"6905",2018,-167.54919620547,61.7248301679976,-25.8400907784392,165,79.2171347222222,0.507864321983274,92,"ice_free","11"
"6907",2018,-179.532364756618,62.2618340474797,-120.902497307379,157,151.393922222222,0.264590277777778,37,"ice_free",NA
"6908",2018,-178.497504875932,62.2450790101286,-134.288427828151,157,153.416397222222,0,30,"ice_free",NA
"6909",2018,-177.573512418391,62.2498150777866,-103.010164986827,157,154.538645833333,0.23218287037037,33,"ice_free",NA
"6910",2018,-176.520194668668,62.2584915292877,-97.3110531311479,157,129.177659722222,0,28,"ice_free",NA
"6911",2018,-175.493516320188,62.2299164383267,-83.2763355195257,157,92.2943458333333,0,28,"ice_free","10"
"6912",2018,-174.434369608737,62.2334567915028,-68.2671292257196,157,73.512375,0.182791666666667,31,"ice_free","10"
"6913",2018,-173.469516526195,62.2741988398592,-58.5976735435092,157,68.9928569444444,0.143905112897986,87,"ice_free","10"
"6914",2018,-172.480175945439,62.2497741852389,-49.4456611352311,85,81.5416597222222,0.251479038065844,87,"ice_full","10"
"6915",2018,-171.463103235886,62.2304482815171,-47.7672144986981,157,70.3702694444444,0.382731468621399,90,"ice_free","10"
"6916",2018,-170.566347925327,62.2152504535555,-44.9430688290875,157,48.8152513888889,0.474975639329806,86,"ice_free","10"
"6917",2018,-169.483386112281,62.2104994553253,-38.3745309269701,157,41.5248055555556,0.5467089022285,89,"ice_free","10"
"6918",2018,-168.442597740635,62.2336430347049,-31.8676066861004,165,53.4790305555556,0.517895679012346,105,"ice_free","11"
"6919",2018,-167.516080685253,62.2585986413535,-25.7570678965116,165,73.8702041666667,0.524925291730086,103,"ice_free","11"
"6921",2018,-179.491033268718,62.7237091776886,-108.260608640188,157,110.393643055556,0.118672279000699,136,"ice_free",NA
"6922",2018,-178.464497419191,62.750854693482,-91.6707201402397,157,130.352059722222,0.207926929012346,34,"ice_free",NA
"6923",2018,-177.549896516296,62.7234990401569,-108.672467772223,157,134.431645833333,0.229257330246914,33,"ice_free",NA
"6924",2018,-176.466990230741,62.7369475280223,-94.9225517946674,157,101.853872222222,0,30,"ice_free",NA
"6925",2018,-175.520500930952,62.7403993865273,-85.7808172734838,157,67.6602597222222,0,30,"ice_free",NA
"6926",2018,-174.514755373781,62.7416051442321,-80.4487134007967,157,51.5748527777778,0.114563664059174,88,"ice_free","10"
"6927",2018,-173.448886859036,62.7109956000942,-64.6617780678873,157,48.5436791666667,0.219912422839506,93,"ice_free","10"
"6928",2018,-172.561871514863,62.7230644284397,-55.7507661901896,157,55.2804486111111,0.318736454046639,93,"ice_free","10"
"6929",2018,-171.580004285643,62.7239573880631,-43.8880407207513,157,42.4109027777778,0.429273579723792,89,"ice_free","10"
"6930",2018,-170.450702432606,62.7441679937685,-35.8445534475587,157,29.444325,0.507723940796857,96,"ice_free","10"
"6931",2018,-169.578066332561,62.7046417951522,-31.8207659195184,157,31.5571313651119,0.526200072337963,110,"ice_free","10"
"6932",2018,-168.452143621227,62.7059319456727,-29.1276292035169,157,46.7827763888889,0.573690566378066,107,"ice_free","11"
"6933",2018,-167.543604787346,62.711178529408,-25.9253494262603,157,70.8245027777778,0.588233592967968,104,"ice_free","11"
"6936",2018,-179.474721578254,63.2667767386655,-82.1056485543084,133,59.6841013888889,0.138836872480474,128,"ice_full",NA
"6937",2018,-178.498281832093,63.2540784967629,-95.0811495381273,141,105.505654166667,0.288923335537919,36,"ice_free",NA
"6938",2018,-177.535731082644,63.2833686032575,-101.454568856484,157,114.084168055556,0.251400958994709,34,"ice_free",NA
"6939",2018,-176.545433305381,63.2464619809565,-96.3102853645306,157,99.2196958333333,0.215846671075838,34,"ice_free",NA
"6940",2018,-175.49437495784,63.2146050614246,-88.7785474661915,157,73.3419444444445,0.0699062114197531,90,"ice_free",NA
"6941",2018,-174.426817379894,63.2823812174246,-77.1997885048834,157,71.9772138888889,0.15818616255144,90,"ice_free",NA
"6942",2018,-173.506034347633,63.2741503812591,-80.2688344783842,165,65.4088902777778,0.224987402568529,89,"ice_free","12"
"6943",2018,-172.538212030793,63.2291186298453,-60.3596526520582,157,50.7393347222222,0.316186582056194,88,"ice_free","12"
"6944",2018,-171.546302950652,63.1816968665227,-43.722183375332,157,36.6333128247006,0.392178451178451,96,"ice_free","12"
"6945",2018,-170.568046239269,63.1435502671723,-23.318025660842,157,27.5593963853693,0.461799518623737,118,"ice_free","12"
"6947",2018,-168.445781202007,63.2668869644224,-24.780383198511,157,48.0736715606166,0.60547075617284,110,"ice_free","12"
"6948",2018,-167.52207613378,63.2206126239479,-26.0576635321745,125,62.3384,0.64300965007215,107,"ice_full","14"
"6949",2018,-166.503616747534,63.2528075556274,-22.7276151737286,109,67.7278375,0.59499858369883,106,"ice_full","14"
"6951",2018,-179.496731743531,63.7326419075361,-61.7841281509745,141,42.0154180555556,0.260421546546547,104,"ice_free",NA
"6952",2018,-178.457799264888,63.7514334893438,-71.8912735560477,141,87.6755916666667,0.216030555555556,40,"ice_free",NA
"6953",2018,-177.515022803489,63.7393413348501,-83.7573275371826,141,108.896215277778,0.242172178130511,36,"ice_free",NA
"6954",2018,-176.508510748971,63.7479025641149,-91.024009105744,157,102.846538888889,0,28,"ice_free",NA
"6955",2018,-175.486401673613,63.7953355745496,-86.4722982093482,157,96.7491958333333,0.0858460975099393,89,"ice_free",NA
"6956",2018,-174.500980037268,63.7545791939346,-80.0417023866016,157,91.0415680555556,0.157324603735091,89,"ice_free",NA
"6957",2018,-173.533818151449,63.7668500444307,-69.447583786608,149,81.5768944444444,0.221224038154534,88,"ice_free",NA
"6958",2018,-172.621185725754,63.7692115477701,-54.3578730258708,157,66.1514638888889,0.261257443326948,88,"ice_free","12"
"6959",2018,-171.568207759635,63.8507752127672,-28.3633023253289,157,52.3205761904274,0.244887636612022,91,"ice_free","12"
"6960",2018,-170.383566911167,63.872184607398,-33.4381194899194,157,46.2438862246761,0.325562818287037,110,"ice_free","12"
"6961",2018,-169.466517763378,63.7839847501136,-28.9225570790873,157,44.2591902777778,0.489519661636946,111,"ice_free","12"
"6962",2018,-168.530995483454,63.7000432597483,-28.5837207512975,149,51.2429111111111,0.62818809354226,108,"ice_free","14"
"6963",2018,-167.459641643468,63.735726631626,-26.3263048364507,125,59.4266194444444,0.66329329456489,112,"ice_full","14"
"6964",2018,-166.413812672503,63.7354866852453,-25.3036534987178,125,64.3374958333333,0.579602679139621,127,"ice_full","13"
"6966",2018,-179.462007241973,64.2496202256227,-54.7206136224386,141,45.4243111111111,0.369320335124219,111,"ice_free",NA
"6967",2018,-178.513941764782,64.2916963849463,-70.8665482381179,141,68.4221152777778,0.291068672839506,48,"ice_free",NA
"6968",2018,-177.555135600509,64.2969472023313,-76.4606006642202,141,102.975476388889,0.167557484567901,42,"ice_free",NA
"6969",2018,-176.462255609233,64.2790447875669,-86.3962742476379,141,102.635777777778,0.0912735268061271,84,"ice_free",NA
"6970",2018,-175.489026626081,64.2637480902363,-83.0837254448977,141,97.2477125,0.145636167966212,87,"ice_free",NA
"6971",2018,-174.514547883928,64.2566895084684,-70.6027106811054,141,83.6037375,0.223572606646825,142,"ice_full",NA
"6972",2018,-173.554688487923,64.1430554764798,-50.5510640097141,101,61.8556271048762,0.212256581883088,113,"ice_full",NA
"6973",2018,-172.534984684198,64.1477287186354,-46.6785702921142,141,48.760000986554,0.250797699960599,124,"ice_full",NA
"6974",2018,-171.52579205543,64.2351598021872,-42.9043906071413,141,55.3303736111111,0.219660484417344,112,"ice_free","12"
"6975",2018,-170.511173853129,64.2451656649345,-43.0070077007284,157,56.5511361111111,0.289111928530093,110,"ice_free","12"
"6976",2018,-169.541080188528,64.246461851466,-39.3422676452203,149,58.6171652777778,0.482164158950617,108,"ice_free","12"
"6977",2018,-168.513986049747,64.2529479147623,-31.5994069393282,157,56.851375,0.633991493055556,110,"ice_free","14"
"6978",2018,-167.425935630799,64.2501356442499,-25.8863880624935,157,53.8660875,0.669705404953146,113,"ice_free","14"
"6984",2018,-179.507266878253,64.7393039496688,-54.1238870904732,141,48.4446444444444,0.519561907181572,112,"ice_free",NA
"6985",2018,-178.435140084487,64.7240963840022,-65.3286010049941,141,57.7746277777778,0.291354133325713,111,"ice_free",NA
"6986",2018,-177.486305766613,64.7422296838387,-56.3493534416448,141,65.1344291666667,0.24889099702381,86,"ice_free",NA
"6987",2018,-176.505326881466,64.7600680488106,-63.8019617575689,133,70.1635444444444,0.248752157878217,89,"ice_free",NA
"6988",2018,-175.575704907481,64.683477961498,-57.1979005299242,141,82.1907384547543,0.271874021464646,140,"ice_full",NA
"6990",2018,-172.214816838268,64.7427217686041,-25.7873730632729,141,15.9026820471038,0.22579653742284,126,"ice_full",NA
"6991",2018,-171.417558496945,64.7204952873447,-40.2122904348362,141,35.0469777777778,0.353582808323788,127,"ice_full",NA
"6992",2018,-170.397507571006,64.7413110938053,-48.8464036926149,141,45.8460069444444,0.37275294352995,111,"ice_free","12"
"6993",2018,-169.60698580738,64.750539296144,-47.4665629942234,141,51.4361597222222,0.520126142756681,109,"ice_free","12"
"6994",2018,-168.513025039299,64.7372328321459,-34.5267238710757,141,53.9197013888889,0.637620484682213,111,"ice_free","14"
"6995",2018,-167.426741189002,64.7828003963661,-22.5228316772522,157,52.4301027777778,0.556223666326877,139,"ice_full","14"
"6997",2018,-179.3327169869,65.2064912202537,-46.2472085811528,141,42.1823540775217,0.430179452232606,137,"ice_full",NA
"6998",2018,-178.485460729743,65.2417854175427,-41.7351721521866,141,45.5634796365759,0.497472387566138,114,"ice_free",NA
"6999",2018,-177.517048863108,65.2046507693421,-31.0909390829505,141,42.6672088256218,0.350139909511785,140,"ice_full",NA
"7003",2018,-171.486036179331,65.2689767981008,-32.061332858289,141,22.0122194444444,0.459318441965588,157,"ice_full",NA
"7004",2018,-170.463158884674,65.2399031878991,-39.4045418473877,141,28.2513680555556,0.480491122004357,115,"ice_free",NA
"7005",2018,-169.443928169407,65.2169361486962,-47.4028573045102,141,36.1770819444444,0.578608043981481,110,"ice_free","14"
"7006",2018,-168.575734468731,65.2532759327685,-49.4748598926939,157,42.6041916666667,0.622947574705387,118,"ice_free","14"
"7011",2018,-170.348337455764,65.6797676393273,-33.0007716585492,133,16.5703306692256,0.433543981481481,142,"ice_full",NA
"7012",2018,-169.503256810281,65.7044228748882,-43.5652473667027,141,24.1028388888889,0.614557762704565,116,"ice_free",NA
"7013",2018,-168.496961296692,65.7130727421574,-46.6037627324328,149,28.930193997669,0.586022163336582,144,"ice_full","14"
"7017",2019,-165.49281253819,54.7488615959478,-174.052923280274,133,102.458301388889,0,0,"ice_free","16"
"7028",2019,-166.496734283554,55.2459162731853,-136.242816923726,133,106.163577777778,0,0,"ice_free","4"
"7029",2019,-165.490601755618,55.2605568373461,-117.201503688716,133,118.029448611111,0,0,"ice_free","4"
"7030",2019,-164.51582928407,55.2673313974169,-87.9721182028331,125,126.491445833333,0,0,"ice_free","1"
"7039",2019,-167.449992781409,55.7448424810708,-134.096178211471,133,99.3906583333333,0,0,"ice_free","4"
"7040",2019,-166.468076741221,55.7510201840134,-126.503751706188,141,118.696516666667,0,0,"ice_free","4"
"7041",2019,-165.50440200088,55.7440997303479,-110.129212406588,133,140.960430555556,0,0,"ice_free","4"
"7042",2019,-164.506848078195,55.7379757782312,-95.9816296559657,133,145.13135,0,0,"ice_free","3"
"7043",2019,-163.504626887866,55.7568727251207,-84.4013175123661,101,140.889693055556,0,0,"ice_free","1"
"7044",2019,-162.626811382587,55.8048946016935,-59.4940881583966,85,139.318827154418,0,0,"ice_free","1"
"7054",2019,-167.491174058439,56.2255245168419,-128.742198709906,141,121.515729166667,0,0,"ice_free","4"
"7055",2019,-166.468287264669,56.2360316204442,-109.76443781436,141,146.486634722222,0,0,"ice_free","4"
"7056",2019,-165.445643725159,56.2617585361293,-90.9717664501985,133,163.153118055556,0,0,"ice_free","3"
"7057",2019,-164.484640855794,56.2486778582079,-86.8885673593567,125,159.904079166667,0,0,"ice_free","3"
"7058",2019,-163.505582256603,56.2541610569806,-85.1706772241875,125,159.079727777778,0,0,"ice_free","3"
"7059",2019,-162.522394485205,56.2552221236511,-76.2750183309677,93,152.865223611111,0,0,"ice_free","1"
"7060",2019,-161.469267490408,56.2631764660483,-54.8509553001716,141,150.335743055556,0,0,"ice_free","1"
"7065",2019,-172.477539156615,56.7821035345579,-151.839643561529,117,68.6446263888889,0,0,"ice_free","8"
"7066",2019,-171.38434046901,56.7252776461302,-134.532811108042,117,85.3667416666667,0,0,"ice_free","8"
"7067",2019,-170.526749075229,56.748895318466,-102.037739346039,117,107.004333333333,0,0,"ice_free","5"
"7068",2019,-169.488999037058,56.7421191456773,-72.6170437508096,141,120.410909722222,0,0,"ice_free","5"
"7069",2019,-168.48795577585,56.7487690907037,-94.3221519919902,117,127.106480555556,0,0,"ice_free","3"
"7070",2019,-167.437573977749,56.7292576552725,-93.4919352121563,133,151.589723611111,0,0,"ice_free","3"
"7071",2019,-166.514349313723,56.7398333015019,-82.3683831539612,125,175.052797222222,0,0,"ice_free","3"
"7072",2019,-165.463192339012,56.7565775117139,-75.2408269278909,125,178.832530555556,0,0,"ice_free","3"
"7073",2019,-164.487860840359,56.7464848877559,-73.2966619724357,125,183.498765277778,0,0,"ice_free","3"
"7074",2019,-163.519628772522,56.7478984988255,-72.0121769871707,125,191.963565277778,0,0,"ice_free","3"
"7075",2019,-162.485347162561,56.7617692838274,-66.9295324135875,125,192.185013888889,0,0,"ice_free","3"
"7076",2019,-161.495589775113,56.754617084073,-70.500361239387,93,168.890831944444,0,0,"ice_free","3"
"7077",2019,-160.554048468276,56.7654755660451,-61.4131810072619,109,158.312065277778,0,0,"ice_free","3"
"7082",2019,-172.505522869954,57.2732301980165,-139.780633373062,117,86.8287430555556,0,0,"ice_free","8"
"7083",2019,-171.452372056333,57.2526024604911,-107.090379749919,117,112.220938888889,0,0,"ice_free","6"
"7084",2019,-170.525226562992,57.2749616188872,-62.039994640177,117,140.948516666667,0,0,"ice_free","5"
"7085",2019,-169.517842547144,57.2598124431697,-64.9316595594727,149,143.838183333333,0,0,"ice_free","5"
"7086",2019,-168.456810223254,57.2444991930679,-77.5175439704817,133,146.817095833333,0,0,"ice_free","3"
"7087",2019,-167.483049029324,57.2607181183753,-71.3565401935217,125,169.645093055556,0,0,"ice_free","3"
"7088",2019,-166.481878880128,57.2599665964105,-74.1842538859584,125,189.129630555556,0,0,"ice_free","3"
"7089",2019,-165.50792122107,57.2591381612104,-70.9586352346286,125,184.250129166667,0,0,"ice_free","3"
"7090",2019,-164.480794041696,57.262727656244,-67.1000953877465,125,202.997630555556,0,0,"ice_free","3"
"7091",2019,-163.487680338075,57.2571828921687,-63.8523036521577,109,218.133675,0,0,"ice_free","3"
"7092",2019,-162.501438533429,57.2490888835092,-55.9755540674562,117,202.982940277778,0,0,"ice_free","2"
"7093",2019,-161.50527064449,57.2516489889992,-55.9894851606769,117,172.796252777778,0,0,"ice_free","3"
"7094",2019,-160.524487792884,57.2501287194819,-61.6086002431993,109,167.285881944444,0,0,"ice_free","3"
"7095",2019,-159.482885765104,57.2526460944398,-49.7373778262659,93,170.253029166667,0,0,"ice_free","2"
"7099",2019,-172.476495185509,57.742549784658,-108.825903541219,117,111.990136111111,0,0,"ice_free","8"
"7100",2019,-171.442412381803,57.7810319034614,-97.5707811126269,117,144.107970833333,0,0,"ice_free","6"
"7101",2019,-170.487630867098,57.7716064816384,-79.0618471255629,125,159.236491666667,0,0,"ice_free","6"
"7102",2019,-169.541239865607,57.8061985811422,-70.1525611950199,69,139.119901388889,0,0,"ice_free","6"
"7103",2019,-168.453915730363,57.7594980040698,-74.8162275328465,125,157.554766666667,0,0,"ice_free","6"
"7104",2019,-167.471118509575,57.7718898468602,-64.0282916414031,117,177.156815277778,0,0,"ice_free","3"
"7105",2019,-166.477641684076,57.7551615355483,-61.1166823738644,125,187.815723611111,0,0,"ice_free","3"
"7106",2019,-165.474243932609,57.7394475709912,-64.1305695296786,117,204.120866666667,0,0,"ice_free","3"
"7107",2019,-164.498602827146,57.7520888506807,-47.8342280391587,117,209.731673611111,0,0,"ice_free","2"
"7108",2019,-163.498791102954,57.7457008098936,-49.6110325902466,93,204.44735,0,0,"ice_free","2"
"7109",2019,-162.501384274701,57.7436448335049,-46.5135231389532,109,182.009268055556,0,0,"ice_free","2"
"7110",2019,-161.491660906791,57.7406476455544,-39.0424459375014,93,168.246851388889,0,0,"ice_free","2"
"7111",2019,-160.533999909269,57.7380281426212,-48.228640049013,93,176.235468055556,0,0,"ice_free","3"
"7112",2019,-159.532225252945,57.7485291790306,-46.4517354468997,93,179.312722222222,0,0,"ice_free","2"
"7117",2019,-173.527491623008,58.263607906562,-126.395655301219,149,109.278095833333,0,0,"ice_free","8"
"7118",2019,-172.547359938635,58.2920834484825,-107.128093278529,85,136.620731944444,0,0,"ice_free","8"
"7119",2019,-171.398120505949,58.272014228624,-93.197751936872,141,160.4600625,0,0,"ice_free","6"
"7120",2019,-170.466485187244,58.2570964929574,-87.3365738360748,141,149.474476388889,0,0,"ice_free","6"
"7121",2019,-169.529723463067,58.2242836182281,-75.5704087258216,85,153.056904166667,0,0,"ice_free","6"
"7122",2019,-168.444581849877,58.2594314390679,-70.5590438011943,125,166.082716666667,0,0,"ice_free","6"
"7123",2019,-167.478614839089,58.2598136322939,-56.6966215309917,117,188.317663888889,0,0,"ice_free","6"
"7124",2019,-166.518660390604,58.2605453856777,-52.0717652737626,117,200.324765277778,0,0,"ice_free","2"
"7125",2019,-165.495990781303,58.2632059600347,-47.3424788580748,109,183.396719444444,0,0,"ice_free","2"
"7126",2019,-164.469446213583,58.2624418416419,-41.6680144180728,109,190.443890277778,0,30,"ice_free","2"
"7127",2019,-163.520385354938,58.266188113297,-37.2159973577115,93,184.7538125,0,9,"ice_free","2"
"7128",2019,-162.486327571423,58.2579737108795,-39.232599867249,85,177.400426388889,0,0,"ice_free","2"
"7139",2019,-173.4938204536,58.7473380476537,-124.436766044008,149,132.377241666667,0,0,"ice_free","8"
"7140",2019,-172.615939326916,58.7719097023203,-124.014845015948,141,150.257276388889,0,0,"ice_free","8"
"7141",2019,-171.467673634703,58.7795975231298,-93.3480533948964,141,158.607995833333,0,0,"ice_free","6"
"7142",2019,-170.487632364959,58.7465623314587,-102.570966998768,85,155.251690277778,0,0,"ice_free","6"
"7143",2019,-169.531135610992,58.7383913908321,-88.4921091163204,125,166.873086111111,0,0,"ice_free","6"
"7144",2019,-168.396874951379,58.7432758959887,-58.0106593742713,117,178.552911111111,0.220697788065844,36,"ice_free","7"
"7145",2019,-167.526249122691,58.7527339216201,-47.5204349158407,117,188.091415277778,0.237763796296296,35,"ice_free","7"
"7146",2019,-166.487609401712,58.7575652324205,-42.2175656345741,117,180.141175,0.21661221340388,33,"ice_free","7"
"7147",2019,-165.500147147294,58.7500519294999,-34.9690095920488,93,165.134027777778,0.232638695987654,33,"ice_free","2"
"7148",2019,-164.49158936463,58.7392200578139,-31.848510424005,85,176.378865277778,0.247679552469136,33,"ice_free","2"
"7149",2019,-163.497523610737,58.7425676775416,-25.4927068926604,85,172.620241666667,0.245542206790123,36,"ice_free","2"
"7155",2019,-176.475944190565,59.2588639019643,-149.076393198427,165,97.0007708333333,0,0,"ice_free","8"
"7156",2019,-175.493906207748,59.2902946988166,-133.376211154584,165,118.758876388889,0,0,"ice_free","8"
"7157",2019,-174.486411222892,59.2755904104913,-118.433028445972,149,140.473504166667,0,0,"ice_free","8"
"7158",2019,-173.53251788839,59.2687636607836,-130.398267950921,149,147.431504166667,0,0,"ice_free","8"
"7159",2019,-172.479493791221,59.275418973789,-109.914838888904,85,161.596195833333,0,0,"ice_free","9"
"7160",2019,-171.456655249255,59.2666284169616,-75.7749907253,85,142.135044444444,0,0,"ice_free","9"
"7161",2019,-170.460170710824,59.2534549681362,-71.8291985819204,141,158.607401388889,0.210373842592593,37,"ice_free","6"
"7162",2019,-169.505709438126,59.2724896156138,-59.6915926366132,141,158.528122222222,0.289448109567901,38,"ice_free","6"
"7163",2019,-168.450542902357,59.2547233714845,-47.3040849766891,117,164.7179125,0.333872106481481,38,"ice_free","7"
"7164",2019,-167.465411282373,59.2513644278893,-40.4645427831066,117,164.129298611111,0.348467592592593,38,"ice_free","7"
"7165",2019,-166.502368047437,59.2545169737779,-32.5144353181322,85,149.995145833333,0.343733796296296,38,"ice_free","7"
"7166",2019,-165.518540833437,59.2411421620527,-24.1619081494386,85,158.558781944444,0.353170910493827,37,"ice_free","7"
"7167",2019,-164.472855998148,59.2564706222938,-22.5400305112193,85,170.399236111111,0.326243344907407,38,"ice_free","2"
"7171",2019,-177.544784814475,59.7644176033411,-166.75930965264,165,107.820086111111,0,0,"ice_free","8"
"7172",2019,-176.55330093466,59.7523311661868,-123.074364062505,141,103.2323125,0,0,"ice_free","8"
"7173",2019,-175.409518225752,59.7362454273598,-123.433889607939,149,138.123695833333,0,0,"ice_free","8"
"7174",2019,-174.547191178974,59.7296202685215,-105.461362306609,149,150.868790277778,0,0,"ice_free","8"
"7175",2019,-173.483714577481,59.705493765551,-94.7397496478227,149,159.766625,0,0,"ice_free","9"
"7176",2019,-172.583042032071,59.7391369493207,-102.832603021807,149,152.368795833333,0,0,"ice_free","9"
"7177",2019,-171.495372619088,59.7255723453014,-75.3668999542657,157,136.621533333333,0,0,"ice_free","9"
"7178",2019,-170.509585367949,59.7318535828531,-62.5705074406134,85,147.698795833333,0.371951946159122,39,"ice_free","9"
"7179",2019,-169.530916493884,59.7283332551396,-55.4897069127128,141,144.804030555556,0.463800601851852,40,"ice_free","11"
"7180",2019,-168.459664094265,59.7633464597894,-43.8684429287272,101,150.746130555556,0.480755459689487,39,"ice_free","7"
"7181",2019,-167.477560221452,59.7440690378254,-31.3753320192415,85,139.495265277778,0.235905701754386,68,"ice_full","7"
"7185",2019,-177.579669768333,60.2667175170203,-149.405642387471,141,125.349481944444,0,0,"ice_free","8"
"7186",2019,-176.520282210848,60.2518869403172,-139.228038699737,149,127.614623611111,0,0,"ice_free","8"
"7187",2019,-175.498268307647,60.2290774014161,-119.167893184568,149,146.801031944444,0,0,"ice_free","8"
"7188",2019,-174.589884454944,60.206431104039,-101.65802427407,149,150.277702777778,0,0,"ice_free","9"
"7189",2019,-173.461269772705,60.2709165784419,-69.7536419284576,149,125.299234722222,0,0,"ice_free","9"
"7190",2019,-172.43707433238,60.2283699315347,-44.9915602959483,149,101.972438747723,0,0,"ice_free","9"
"7191",2019,-171.522740186549,60.236068073419,-57.8479953654351,149,127.88665,0.231969950274348,39,"ice_free","9"
"7192",2019,-170.511610175389,60.2393640349927,-62.9618994645516,149,145.878651388889,0.399068060094408,47,"ice_free","9"
"7193",2019,-169.425204292198,60.2782419433168,-46.6843495730918,101,131.943151388889,0.48569121588694,49,"ice_free","11"
"7194",2019,-168.469972355363,60.2479654946462,-40.1464688930523,101,135.832608333333,0.497215620713306,48,"ice_free","11"
"7199",2019,-178.439710840906,60.7508964262926,-177.758034689013,141,147.885938888889,0,0,"ice_free","8"
"7200",2019,-177.440750299721,60.7586582422785,-139.166536976719,141,125.241669444444,0,0,"ice_free","8"
"7201",2019,-176.534361546478,60.7564712360586,-114.855871306326,141,145.063720833333,0,0,"ice_free","8"
"7202",2019,-175.510981118118,60.7649090760158,-95.1132249281291,149,154.589898611111,0,0,"ice_free","8"
"7203",2019,-174.4211552639,60.8042636880141,-81.5674402992471,85,141.037738888889,0,0,"ice_free","9"
"7204",2019,-173.416921442304,60.7388162737034,-56.3209779748271,85,99.6495138888889,0,0,"ice_free","9"
"7205",2019,-172.566789841246,60.7476048349769,-55.5303787484028,149,87.4335041763453,0.20083616255144,45,"ice_free","9"
"7206",2019,-171.554762821457,60.7437121317748,-60.4912461801501,149,125.769379166667,0.364072762345679,45,"ice_free","9"
"7207",2019,-170.465572981929,60.7494681730456,-53.5185923992965,85,130.347651388889,0.516221417069243,53,"ice_free","9"
"7208",2019,-169.443532506332,60.7699783342294,-45.2651560767071,101,119.197169444444,0.454651165389527,59,"ice_free","11"
"7209",2019,-168.475455991353,60.7422803087009,-37.3133650890498,85,121.762388888889,0.533582414756026,51,"ice_free","11"
"7210",2019,-167.488885583668,60.7370758373948,-28.5224864136343,85,111.440226388889,0.448925462962963,50,"ice_free","11"
"7214",2019,-178.448099866727,61.2728932098544,-166.779873556124,141,155.094494444444,0,0,"ice_free",NA
"7215",2019,-177.567712912765,61.2628034853449,-133.383505394392,141,131.943268055556,0,0,"ice_free","8"
"7216",2019,-176.533040230977,61.238978562178,-114.317443573781,149,152.117320833333,0,0,"ice_free","8"
"7217",2019,-175.484286177832,61.2578188317283,-79.1049104172834,157,145.768729166667,0,0,"ice_free","10"
"7218",2019,-174.488893395623,61.290355930289,-75.2643397657128,157,108.609068055556,0.101355061026936,96,"ice_free","10"
"7219",2019,-173.449326017525,61.2453454720288,-66.3947691852028,157,69.9640888888889,0.124768014007597,95,"ice_free","10"
"7220",2019,-172.453404406493,61.2762073166638,-52.5171573982294,149,86.0738902777778,0.115145036837913,92,"ice_free","10"
"7221",2019,-171.47956542103,61.2742104285225,-62.3998417870489,85,119.940375,0.470326316550926,46,"ice_free","10"
"7222",2019,-170.508806281795,61.2841204272283,-48.5364475095426,85,101.6943375,0.456860549943883,63,"ice_free","10"
"7223",2019,-169.506353071403,61.2702011037552,-43.8486373418341,101,91.2555458333333,0.321790306871079,91,"ice_full","11"
"7224",2019,-168.48235612176,61.2453438166994,-35.3632700425337,85,97.9586569444444,0.281149884259259,88,"ice_full","11"
"7225",2019,-167.466076647741,61.2290019140947,-25.247182856272,85,101.444697222222,0.482526791838134,57,"ice_free","11"
"7228",2019,-178.466940283257,61.7333416346919,-135.355157077733,141,132.013459722222,0.0870210536468486,87,"ice_free",NA
"7229",2019,-177.604542198773,61.7417793593344,-127.122384135777,141,140.932806944444,0.194694878472222,34,"ice_free",NA
"7230",2019,-176.523912781731,61.7584890017877,-105.510778323893,149,146.880243055556,0.242905601851852,35,"ice_free","8"
"7231",2019,-175.506720525712,61.7458243324071,-92.599447666817,165,116.2105625,0.12520175688509,95,"ice_free","10"
"7232",2019,-174.509791938938,61.7526488004347,-67.5187314021895,157,72.9975666666667,0.273600683097313,98,"ice_free","10"
"7233",2019,-173.507708177774,61.759375928946,-65.2579837349508,157,56.1079319444444,0.314719968645895,93,"ice_free","10"
"7234",2019,-172.521920483433,61.7170438195647,-57.3947560161502,117,81.0216430555556,0.262863733362269,94,"ice_free","10"
"7235",2019,-171.349707369708,61.7428222115459,-59.1605157957844,85,95.7651833333333,0.225950354811779,91,"ice_full","10"
"7239",2019,-167.512586853631,61.7697053364375,-25.5318484178111,165,88.1552944444445,0.272555862622827,128,"ice_free","11"
"7241",2019,-179.501588060712,62.244748386945,-120.870478475648,149,96.4403111111111,0.343119382243638,128,"ice_free",NA
"7242",2019,-178.557891000873,62.26049623324,-134.732871127856,149,125.332543055556,0.269739296904227,96,"ice_free",NA
"7243",2019,-177.489509361166,62.2533685918432,-104.556986835691,157,146.693576388889,0.403310442386831,39,"ice_free",NA
"7244",2019,-176.509820323996,62.2528874641354,-95.715873949382,149,126.931340277778,0.421427348572531,46,"ice_free",NA
"7245",2019,-175.535412189729,62.2654839276644,-83.997723106078,157,81.3239291666667,0.215489660613642,122,"ice_free","10"
"7246",2019,-174.499569775657,62.264065600294,-68.5076021223003,157,49.6176875,0.367753342436138,123,"ice_free","10"
"7247",2019,-173.534535810982,62.2380808028003,-58.2438010892471,141,41.4739680555556,0.344066218361432,123,"ice_full","10"
"7248",2019,-172.472565333438,62.2406949411317,-48.9793326923078,141,47.9013125,0.360902049039781,93,"ice_free","10"
"7249",2019,-171.400001578828,62.257968990417,-46.2424462621557,141,44.6007902777778,0.305467982413837,126,"ice_full","10"
"7251",2019,-169.477662646741,62.24484276122,-38.1534592276672,141,40.8098055555556,0.413742543698814,131,"ice_full","10"
"7252",2019,-168.473831235386,62.2615646618554,-31.9212005335479,141,56.0245166666667,0.413842183641975,130,"ice_full","11"
"7253",2019,-167.491719629224,62.2469832197543,-25.5827644510971,165,87.4828430555556,0.364184889928193,128,"ice_free","11"
"7255",2019,-179.447997217759,62.7238225178739,-106.003184410989,133,48.7303097222222,0.527667751084418,141,"ice_full",NA
"7256",2019,-178.564169357437,62.7264146218135,-94.1810526868921,141,93.2893861111111,0.354221739969136,126,"ice_full",NA
"7257",2019,-177.497266556951,62.7499464894765,-110.012988690663,149,127.769284722222,0.207376071673525,93,"ice_free",NA
"7258",2019,-176.426038126384,62.7532289180222,-94.5612242689102,149,106.799184722222,0.167574173636002,123,"ice_free",NA
"7259",2019,-175.528254994454,62.7290721597139,-84.9592431418733,133,64.8922736111111,0.286064549575617,126,"ice_full",NA
"7260",2019,-174.565596322329,62.7087362669591,-82.7767948852494,141,37.2075958333333,0.479235146604938,126,"ice_full","10"
"7261",2019,-173.471446237706,62.702221070302,-65.0688952547702,141,27.7117694444444,0.50525787037037,125,"ice_full","10"
"7262",2019,-172.47356438152,62.749595446655,-57.5771922144183,141,26.8225319444444,0.463891557355967,126,"ice_full","10"
"7263",2019,-171.435805847743,62.7010997471473,-46.0150915713694,141,18.3525694444444,0.49142613851096,128,"ice_full","10"
"7264",2019,-170.489030475834,62.7005716690375,-37.3789539922615,141,20.8488041666667,0.450914711434736,133,"ice_full","10"
"7265",2019,-169.532708607705,62.7054005774815,-32.075609505786,141,24.5641056755237,0.466518610194353,131,"ice_full","10"
"7266",2019,-168.436785716502,62.7049520971848,-29.0656356604363,133,41.1933666666667,0.514405949931413,138,"ice_full","11"
"7271",2019,-178.511108731646,63.229015916222,-95.2176652555348,133,49.9304458333333,0.514069912918871,128,"ice_full",NA
"7272",2019,-177.512409979243,63.2605752421357,-102.471686421368,141,88.2410430555556,0.33415782627866,120,"ice_free",NA
"7273",2019,-176.498198411661,63.2493763532588,-94.490814725944,141,99.6491055555556,0.331733528485729,101,"ice_free",NA
"7274",2019,-175.536786433557,63.2542211733622,-86.9145100720207,133,71.7330555555556,0.35908698467813,114,"ice_full",NA
"7275",2019,-174.58279384848,63.2827903540559,-80.8145942057503,141,41.3905125,0.512580775900471,127,"ice_full",NA
"7276",2019,-173.525243114502,63.268891618758,-79.8774447297087,141,29.4169111111111,0.60057369224895,127,"ice_full","12"
"7277",2019,-172.542067252877,63.2619835834698,-58.7985283533065,141,22.2839875,0.566556712962963,128,"ice_full","12"
"7278",2019,-171.482930396448,63.1892086739907,-42.8248827377852,141,12.1441164354703,0.473330590569561,149,"ice_full","12"
"7279",2019,-170.656232040032,63.1989925917822,-23.7215633466137,141,19.5629143903506,0.452575499311295,151,"ice_full","12"
"7281",2019,-168.409704470504,63.2385226626368,-24.5625088332888,133,25.1148610958491,0.542479770531401,145,"ice_full","12"
"7282",2019,-167.420694298503,63.2489742220736,-25.7877071702509,133,57.8284,0.493518366423314,134,"ice_full","14"
"7285",2019,-179.355561997508,63.673224737561,-71.3726896538112,141,-8.05704722222222,0.801649333333333,155,"ice_full",NA
"7286",2019,-178.505968592865,63.751940137088,-72.686693310737,133,27.6521888888889,0.6491749666333,141,"ice_full",NA
"7287",2019,-177.459694836688,63.7431931585014,-83.2229523364749,133,50.1524652777778,0.431117473279607,138,"ice_full",NA
"7288",2019,-176.490352413032,63.7584906737579,-90.6333040870541,133,72.3853236111111,0.451674319296465,103,"ice_free",NA
"7289",2019,-175.447594499718,63.7495097594262,-84.6297382423469,141,64.03055,0.482443591617934,106,"ice_free",NA
"7290",2019,-174.567388036571,63.7562989871713,-79.9042691870412,141,44.7240680555556,0.494361326348278,125,"ice_full",NA
"7291",2019,-173.541332093964,63.7743108261136,-69.7471035888482,141,31.2075194444444,0.574020495756173,126,"ice_full",NA
"7292",2019,-172.552138985483,63.7568045351524,-53.9593447191714,141,18.8412555555556,0.605571003898635,125,"ice_full","12"
"7293",2019,-171.48162473365,63.8641462259707,-27.5843819817093,125,13.2183015777612,0.47402706185567,127,"ice_full","12"
"7294",2019,-170.435588651271,63.8305054360466,-30.0041213918658,133,3.84266157646133,0.466759805028606,153,"ice_full","12"
"7295",2019,-169.458124890196,63.7391536225906,-27.0632085812601,149,10.2305444444444,0.561576191041469,147,"ice_full","12"
"7296",2019,-168.476495783904,63.7272238176181,-28.4048261742417,141,22.0420430555556,0.581178251359157,139,"ice_full","14"
"7297",2019,-167.447027014057,63.732716943042,-26.3375580568712,141,48.8975222222222,0.515791594328704,142,"ice_full","14"
"7300",2019,-179.226442821548,64.2173224124906,-65.2060293200575,165,-16.2488833333333,0.884367212962963,155,"ice_full",NA
"7301",2019,-178.449929003992,64.2089438013709,-74.0558448090588,141,12.4612819444444,0.750193024431995,149,"ice_full",NA
"7302",2019,-177.434472270718,64.2390359706213,-74.0629909037496,133,26.1974208333333,0.58377204287621,141,"ice_full",NA
"7303",2019,-176.501737465075,64.2441201281904,-87.3420498961108,133,39.3701527777778,0.498005211285903,142,"ice_full",NA
"7304",2019,-175.497886414536,64.2611259861658,-83.0722158932685,141,35.0805597222222,0.485710519547325,138,"ice_full",NA
"7305",2019,-174.501927697495,64.2531840874634,-69.7185541744103,141,22.9226263888889,0.504793118330195,148,"ice_full",NA
"7306",2019,-173.598043599903,64.1643065441051,-48.842333368339,141,18.2473562952629,0.48006578516648,129,"ice_full",NA
"7307",2019,-172.558590783337,64.2160739614439,-35.2430994645677,141,7.85079777804077,0.540626454441167,143,"ice_full",NA
"7308",2019,-171.526886514754,64.2333552533057,-41.3933142837107,141,6.30933194444444,0.664682241344605,122,"ice_full","12"
"7309",2019,-170.560710158472,64.2567680387161,-42.9870258263752,141,7.78519861111111,0.713240277777778,125,"ice_full","12"
"7310",2019,-169.569871185775,64.2837236934528,-40.2487416536565,149,8.43417916666667,0.660799080783682,145,"ice_full","12"
"7311",2019,-168.433335740221,64.2402232258626,-30.6963864405271,141,18.4379375,0.60280012600521,139,"ice_full","14"
"7312",2019,-167.401547068748,64.2432478522148,-25.9597950486322,125,50.5516083333333,0.499471589934842,138,"ice_full","14"
"7318",2019,-179.584337396037,64.7940503906396,-50.1823718063035,141,1.43599861111111,0.81930939776867,152,"ice_full",NA
"7319",2019,-178.363135314597,64.7864997065456,-68.6233333333333,141,16.0269194444444,0.832427181603774,136,"ice_full",NA
"7320",2019,-177.521558115943,64.7596215276181,-56.6778977010045,133,16.2373458333333,0.637858849973162,145,"ice_full",NA
"7321",2019,-176.481723760138,64.7210735568309,-65.3348901386308,141,19.3943430555556,0.551734656669944,143,"ice_full",NA
"7322",2019,-175.556085197279,64.6767065564244,-57.0235242296731,133,19.508781425743,0.459079243173258,148,"ice_full",NA
"7324",2019,-172.173349953193,64.8045713604501,-32.0082977068784,141,5.38165222178054,0.316317029469373,134,"ice_full",NA
"7325",2019,-171.536897801478,64.8102953119927,-39.7139165558558,141,2.14333194444445,0.780518065619968,122,"ice_full",NA
"7326",2019,-170.480184174922,64.7665553231986,-47.8238876860365,133,6.64604166666667,0.737116947929112,123,"ice_full","12"
"7327",2019,-169.627057356238,64.7484310660103,-47.4852421062704,141,8.357375,0.652727594031178,148,"ice_full","12"
"7328",2019,-168.312749512067,64.7566084409095,-29.904571503559,133,16.7483819444444,0.594281694361772,142,"ice_full","14"
"7329",2019,-167.422730804267,64.7396364559356,-22.9541265445175,133,63.9656583333333,0.503404776936027,140,"ice_full","14"
"7332",2019,-178.474821852197,65.2545154867211,-40.6067946810435,133,13.1638019064451,0.694373634852801,147,"ice_full",NA
"7333",2019,-177.521494892503,65.236644529645,-28.2709915844397,133,13.0488992263484,0.623920295825486,148,"ice_full",NA
"7334",2019,-176.501022986987,65.2342285233349,-30.7049028419187,133,17.7185467653239,0.509479348408326,151,"ice_full",NA
"7337",2019,-171.568512199736,65.2274976738257,-32.1778491877515,133,10.5644069444444,0.697663448509485,153,"ice_full",NA
"7338",2019,-170.525549202514,65.2439359472436,-39.4717740080582,141,9.75827777777778,0.720673982354996,136,"ice_full",NA
"7339",2019,-169.611965806128,65.2400514493886,-46.7120761286477,141,9.98152638888889,0.678004388083736,145,"ice_full",NA
"7340",2019,-168.35648061044,65.2540605644798,-45.647811980937,133,14.73815,0.596558790360874,147,"ice_full","14"
"7345",2019,-170.291289414767,65.7422500416465,-31.4664089343658,141,11.14007033315,0.54764334804766,159,"ice_full",NA
"7346",2019,-169.557893522511,65.7598364213329,-42.9607919094895,141,7.62964444444445,0.712482718710089,146,"ice_full",NA
"7347",2019,-168.41634708229,65.7236265080773,-44.3028678879323,157,13.278572008547,0.639680077895356,156,"ice_full",NA
"7351",2020,-165.459666546934,54.7350785282954,-166.505953847953,125,41.8149680555556,0,0,"ice_free","16"
"7362",2020,-166.468158252996,55.2622694646356,-135.310564216613,125,55.9345847222222,0,0,"ice_free","4"
"7363",2020,-165.502739855149,55.2353337012906,-118.058273408827,125,54.133025,0,0,"ice_free","4"
"7364",2020,-164.464092373684,55.2701488342214,-88.526124843921,125,64.4728694444444,0,0,"ice_free","1"
"7373",2020,-167.475890909814,55.7249832234643,-133.92176902512,125,62.3127069444444,0,0,"ice_free","4"
"7374",2020,-166.493991007605,55.7243928208072,-126.580676874556,125,64.4236694444444,0,0,"ice_free","4"
"7375",2020,-165.478029832655,55.7524261486705,-109.256353233685,125,74.6052222222222,0,0,"ice_free","4"
"7376",2020,-164.448296321128,55.7483026945567,-95.1191131899282,125,85.5968708333333,0,0,"ice_free","3"
"7377",2020,-163.536505751218,55.7124987660112,-83.617104099232,125,87.2072972222222,0,0,"ice_free","1"
"7378",2020,-162.559865394669,55.7808263851884,-54.2431046926738,125,87.1019868766404,0.143959343434343,85,"ice_free","1"
"7388",2020,-167.499901376349,56.2679357575093,-127.835029191313,125,66.3717361111111,0,0,"ice_free","4"
"7389",2020,-166.468337121631,56.2522283313846,-108.724897346554,125,78.4346902777778,0,0,"ice_free","4"
"7390",2020,-165.520886955886,56.2490593567916,-92.39695888782,125,91.8421458333333,0,0,"ice_free","3"
"7391",2020,-164.558121503802,56.2691228200262,-86.7054618977292,125,94.4041833333333,0,0,"ice_free","3"
"7392",2020,-163.451760775073,56.2722792019364,-84.5926731049729,133,88.4828527777778,0,0,"ice_free","3"
"7393",2020,-162.479137735708,56.2732410219843,-75.8460968949167,125,84.4939041666667,0,0,"ice_free","1"
"7394",2020,-161.528172935119,56.2751739169732,-57.0782606775779,93,77.0485902777778,0.170316613488489,104,"ice_full","1"
"7399",2020,-172.487169440965,56.7636337346739,-176.370427172273,157,59.115425,0,0,"ice_free","8"
"7400",2020,-171.436887810515,56.7491176326943,-137.458729939387,157,58.2678527777778,0,0,"ice_free","8"
"7401",2020,-170.452438913231,56.7654223715841,-98.8676498870244,157,53.7844027777778,0,0,"ice_free","5"
"7402",2020,-169.499048411282,56.7600073598379,-71.2980077534932,157,45.0262222222222,0,0,"ice_free","5"
"7403",2020,-168.472502448457,56.7418757633407,-94.6593415688373,133,70.3510291666667,0,0,"ice_free","3"
"7404",2020,-167.545521467872,56.7526299676168,-93.0706457908229,133,79.5474666666667,0,0,"ice_free","3"
"7405",2020,-166.499186303403,56.7296901927885,-82.5209097575806,133,85.2388388888889,0,0,"ice_free","3"
"7406",2020,-165.46872417833,56.7212614995929,-75.8593175429214,125,70.8853083333333,0,0,"ice_free","3"
"7407",2020,-164.472041251487,56.7485248062726,-73.1716338826865,125,81.016925,0.117924187242798,75,"ice_free","3"
"7408",2020,-163.462495971869,56.7656965195663,-71.3027622177078,125,88.7500930555556,0.181398895703062,85,"ice_free","3"
"7409",2020,-162.480256152232,56.7474615668349,-67.5727447160633,117,27.8257430555556,0.169580914702581,85,"ice_free","3"
"7410",2020,-161.53227814223,56.751294462786,-70.988805207712,117,57.8861097222222,0,0,"ice_free","3"
"7411",2020,-160.534660967817,56.742538257119,-60.5825909143195,117,72.7137666666667,0.110532278806584,66,"ice_free","3"
"7416",2020,-172.447373477508,57.2661869753802,-130.082382413738,157,64.9251319444444,0,0,"ice_free","8"
"7417",2020,-171.442250297346,57.2586092728044,-107.638252419935,157,62.4084736111111,0,0,"ice_free","6"
"7418",2020,-170.448272657444,57.2369236744508,-59.7293920137048,149,23.9518847222222,0.0952292952674897,72,"ice_free","5"
"7419",2020,-169.491110946596,57.2185631891669,-63.5824565652976,157,32.3477666666667,0,0,"ice_free","5"
"7420",2020,-168.504731794784,57.247443869884,-76.9537674857431,133,67.6838666666667,0,0,"ice_free","3"
"7421",2020,-167.468817182115,57.2270208595477,-71.1378975634452,125,61.0199194444444,0.0701605438385917,84,"ice_free","3"
"7422",2020,-166.495136541939,57.2467095380528,-73.844870781988,125,49.8447,0.17565921217828,89,"ice_free","3"
"7423",2020,-165.500105946537,57.2306123360296,-70.9082696361694,93,45.2097819444444,0.323259132766646,91,"ice_full","3"
"7424",2020,-164.529524403064,57.2381489652631,-67.6460458075701,93,45.4071791666667,0.43219726723251,90,"ice_full","3"
"7425",2020,-163.500729085554,57.2324297617316,-63.7207646408071,125,28.8481541666667,0.464475149782135,98,"ice_free","3"
"7426",2020,-162.45492385568,57.2316751927052,-56.024957659218,125,-8.9898375,0.444869756593715,96,"ice_free","3"
"7427",2020,-161.517709223686,57.2459407480193,-56.8021293043292,117,30.8613222222222,0.0766007567168281,79,"ice_free","3"
"7428",2020,-160.494274326309,57.2516937142435,-61.5772069911868,101,53.9322013888889,0.0414283254290876,71,"ice_free","3"
"7429",2020,-159.508522408305,57.2487465129705,-50.1536258654496,101,23.3211888888889,0.292312210648148,110,"ice_full","2"
"7433",2020,-172.509308545605,57.7449921956789,-122.457005470291,149,54.5351013888889,0,0,"ice_free","8"
"7434",2020,-171.522535330334,57.7208942729082,-91.9834311833993,141,34.4697416666667,0.0979879149196366,83,"ice_free","6"
"7435",2020,-170.49422882482,57.7315070046798,-78.125252524135,133,4.80725555555556,0.201910266632373,84,"ice_free","6"
"7436",2020,-169.487717355149,57.7661779190927,-67.1775698729052,133,24.9328875,0.196396604938272,78,"ice_free","6"
"7437",2020,-168.48207339778,57.7544297209993,-69.4132436492794,133,52.7623013888889,0.245603259316415,84,"ice_free","6"
"7438",2020,-167.465574288236,57.7382667733614,-64.3115873649639,125,30.0529958333333,0.339418725154671,93,"ice_free","3"
"7439",2020,-166.491174050869,57.7216601857934,-62.6998635473771,125,22.4491958333333,0.487624527823844,97,"ice_free","3"
"7440",2020,-165.54170911599,57.736186231247,-63.5024303996326,117,19.322325,0.623305761523579,97,"ice_full","3"
"7441",2020,-164.526838485297,57.7510443208969,-47.9382259289027,93,7.88521527777778,0.649669792155024,109,"ice_full","2"
"7442",2020,-163.47784726513,57.7348023850267,-50.0130203334095,125,2.34971111111111,0.662988133087907,113,"ice_full","2"
"7443",2020,-162.430922303398,57.7225313066302,-47.0195138333257,101,0.60169861111111,0.477288802825261,108,"ice_full","2"
"7444",2020,-161.47353060038,57.7373872131672,-39.641187820179,101,12.6191430555556,0.249793402777778,94,"ice_full","2"
"7445",2020,-160.540796202887,57.7306267399646,-47.783984385455,101,12.6999819444444,0.314382703400121,91,"ice_full","3"
"7451",2020,-173.461681527348,58.2385287448003,-124.005622055428,149,75.6916027777778,0,0,"ice_free","8"
"7452",2020,-172.476882665596,58.23134261674,-109.451305933486,149,45.1455236111111,0.0844417665214234,81,"ice_free","8"
"7453",2020,-171.533781592472,58.2569224522203,-94.9982828298441,133,20.0716597222222,0.256120465128872,87,"ice_free","6"
"7454",2020,-170.487090608649,58.2482529048987,-88.080412904637,149,-1.21344027777778,0.415549658764368,88,"ice_free","6"
"7455",2020,-169.47171505664,58.2494643387898,-76.5977171289299,149,27.6369041666667,0.500072706228956,85,"ice_free","6"
"7456",2020,-168.526942602254,58.2399639020537,-72.636187649676,133,41.8927513888889,0.572512246117085,92,"ice_free","6"
"7457",2020,-167.476673943054,58.2598705563377,-56.1716984749051,141,24.3179416666667,0.668262173821549,96,"ice_free","6"
"7458",2020,-166.495903672405,58.2575015968576,-51.9587782990712,133,19.7172305555556,0.735300883728781,94,"ice_free","2"
"7459",2020,-165.527146630471,58.2323152890616,-47.9972807127374,109,19.3373791666667,0.731891296296296,105,"ice_full","2"
"7460",2020,-164.551477013613,58.2430314853533,-42.3045224795995,125,8.94284861111111,0.781996386781695,113,"ice_full","2"
"7461",2020,-163.448188526251,58.2524211949217,-37.1530900043379,125,12.2711388888889,0.718111758708113,114,"ice_full","2"
"7462",2020,-162.454411302281,58.2459759549247,-40.0105656569573,101,14.4304263888889,0.53587211118639,112,"ice_full","2"
"7473",2020,-173.484269608507,58.7623063177319,-125.774348498204,165,74.8325541666667,0.147550298179535,89,"ice_free","8"
"7474",2020,-172.516649046734,58.73020413707,-111.761738456898,149,36.6153319444444,0.274852483769689,88,"ice_free","8"
"7475",2020,-171.491606345352,58.7321560064208,-94.3134228720518,149,14.3279958333333,0.489651285164946,91,"ice_free","6"
"7476",2020,-170.474066753646,58.7412029818829,-102.950905297831,149,11.8518291666667,0.643395662568306,91,"ice_free","6"
"7477",2020,-169.469414962489,58.7488803436279,-84.381487400718,141,23.7739888888889,0.718703507357804,94,"ice_free","6"
"7478",2020,-168.52580119855,58.7584892744435,-58.8445640880583,133,31.1489527777778,0.774979644601069,97,"ice_free","7"
"7479",2020,-167.524090969209,58.7322939475841,-48.0459696315508,141,25.0481513888889,0.736039480452675,105,"ice_free","7"
"7480",2020,-166.518426868859,58.7156027285564,-43.0837135672462,117,27.2057236111111,0.779961395335209,109,"ice_full","7"
"7481",2020,-165.491713112226,58.7304156031588,-35.3523259535386,117,20.9855208333333,0.815566015625,110,"ice_full","2"
"7482",2020,-164.496350629907,58.7217296194897,-32.2195999420477,117,3.93136527777778,0.681543175835149,132,"ice_full","2"
"7483",2020,-163.505231933098,58.7369824598227,-25.6788184615646,117,11.6557277777778,0.776844042677735,117,"ice_full","2"
"7490",2020,-175.488913719404,59.2483046467569,-131.534411678482,125,83.3900222222222,0,0,"ice_free","8"
"7491",2020,-174.502227344362,59.2534672346713,-113.806842778512,125,74.0478097222222,0.154090980489418,86,"ice_free","8"
"7492",2020,-173.529253150874,59.2209039121297,-121.580560297975,149,49.4250805555556,0.301039696551879,89,"ice_free","8"
"7493",2020,-172.517070021951,59.2610677877574,-101.656470757206,149,22.5143902777778,0.498258027180406,92,"ice_free","9"
"7494",2020,-171.502726686905,59.2180940028734,-70.8921247628784,149,15.9944888888889,0.672273133116883,96,"ice_free","9"
"7495",2020,-170.478544693571,59.2545284606483,-71.8603101156652,149,14.9170194444444,0.758799182581019,94,"ice_free","6"
"7496",2020,-169.514907426855,59.2376156159228,-60.1641901378171,141,23.1593722222222,0.528666661048184,133,"ice_full","6"
"7497",2020,-168.522202909916,59.2134843892034,-47.4586375044669,125,22.4594055555556,0.777295049044478,103,"ice_free","7"
"7498",2020,-167.49913901704,59.2153846562471,-41.2324639927405,117,22.0467986111111,0.780743262571515,112,"ice_full","7"
"7499",2020,-166.551824070059,59.2475151016634,-32.8844412496575,117,26.7639305555556,0.811657379518072,113,"ice_full","7"
"7500",2020,-165.523792287884,59.2461865557304,-24.1843143974815,117,13.082775,0.796206832519333,121,"ice_full","7"
"7501",2020,-164.504119484308,59.2348977543254,-22.8580785880513,141,-12.87,0.787360123910675,132,"ice_full","2"
"7505",2020,-177.472934957805,59.7593631443622,-163.998658537583,149,88.9182805555556,0,0,"ice_free","8"
"7507",2020,-175.554604525511,59.6909467883159,-124.898649988946,125,83.3298763888889,0.190610615079365,86,"ice_free","8"
"7508",2020,-174.461700506017,59.7460079220167,-108.92651138303,125,58.1358736111111,0.335558946556205,87,"ice_free","8"
"7509",2020,-173.474637266984,59.7704168081242,-90.9114769525162,149,32.3504097222222,0.515071552009999,96,"ice_free","9"
"7510",2020,-172.521995496837,59.7211920470902,-101.288063243391,149,20.7605319444444,0.649772752748603,97,"ice_free","9"
"7511",2020,-171.554740267748,59.7265505513986,-74.1986478004333,149,21.3492416666667,0.772917305454361,91,"ice_free","9"
"7512",2020,-170.463021136037,59.7237639476316,-60.3517252126746,149,22.2083791666667,0.796513883130643,97,"ice_free","9"
"7513",2020,-169.581822948674,59.7125545146431,-56.2302800543964,141,25.3836833333333,0.609274233217593,142,"ice_full","9"
"7514",2020,-168.46587939531,59.7170732386211,-44.2915435746131,125,15.1422763888889,0.709805733618234,134,"ice_full","7"
"7519",2020,-177.519841912991,60.2180540910266,-144.237537520561,157,99.6825027777778,0,0,"ice_free","8"
"7521",2020,-175.538839326344,60.2330478755213,-119.394838906261,157,72.1839833333333,0.372986461840629,85,"ice_free","8"
"7522",2020,-174.420100751475,60.2205758340417,-102.040241139352,149,43.7740569444444,0.538963761174968,88,"ice_free","9"
"7523",2020,-173.531286047068,60.232709988278,-76.3155309133866,149,32.9869083333333,0.641570843225704,95,"ice_free","9"
"7524",2020,-172.507459448398,60.2410117479156,-43.4163057889562,149,30.4822998588341,0.604222496345029,106,"ice_free","9"
"7525",2020,-171.509870584893,60.2679295899734,-55.2717957953879,149,27.8698444444444,0.796884757834758,95,"ice_free","9"
"7526",2020,-170.55965570685,60.2323535234118,-63.6698851032651,149,32.0128180555556,0.654988424304907,132,"ice_full","9"
"7527",2020,-169.577328634902,60.2432990338987,-47.2413024126154,125,29.2681513888889,0.704861587054344,137,"ice_full","11"
"7528",2020,-168.543072632306,60.2590936416631,-40.6867113182879,133,8.73312916666667,0.743719197806437,142,"ice_full","11"
"7529",2020,-167.475758225333,60.3185927912304,-27.7423816892097,133,19.2032810714401,0.63536410440613,146,"ice_full","11"
"7534",2020,-177.500604098772,60.7606554747735,-142.04265820793,157,99.1426416666667,0.257512810019841,78,"ice_free","8"
"7535",2020,-176.480342167256,60.7042062098683,-119.905400069935,101,87.2228875,0.408915190230294,82,"ice_full","8"
"7536",2020,-175.479027506271,60.7889284886516,-93.5030477733596,101,59.7503152777778,0.569239495343297,87,"ice_full","8"
"7537",2020,-174.5406555813,60.7836126544584,-81.4088594409065,101,43.9583638888889,0.694910428436911,89,"ice_full","9"
"7538",2020,-173.505188777249,60.731387129365,-61.2630824076061,149,37.1896180555556,0.731194907407407,90,"ice_free","9"
"7539",2020,-172.420659581271,60.7589138529807,-60.37542993322,133,41.2775213075881,0.776170572174739,95,"ice_free","9"
"7540",2020,-171.537315665443,60.7399825548614,-59.5517342444663,149,35.6254555555556,0.771210654674882,106,"ice_free","9"
"7541",2020,-170.47711983489,60.745196278804,-53.9910308194016,125,34.1508805555556,0.661975891157956,145,"ice_full","9"
"7542",2020,-169.438323107137,60.7340479888044,-45.3807750804833,125,30.9954680555556,0.727816458982347,137,"ice_full","11"
"7543",2020,-168.50291465592,60.7519350608037,-37.5327344613059,125,12.9661388888889,0.824450420445956,128,"ice_full","11"
"7544",2020,-167.374799069962,60.6923226384743,-28.2864201595441,125,6.01408055555556,0.814421915108178,131,"ice_full","11"
"7548",2020,-178.497651097395,61.2441760149161,-168.028110672689,157,96.1952930555556,0.366555865710482,81,"ice_free",NA
"7549",2020,-177.514715177794,61.2386394715847,-131.192220463363,157,90.6318097222222,0.492669721592341,79,"ice_free","8"
"7550",2020,-176.466889173277,61.2682700907944,-112.79601861789,149,69.3080847222222,0.594246717171717,85,"ice_free","8"
"7551",2020,-175.51113751731,61.2502600743103,-81.8507524846487,125,45.8658125,0.704855229315573,87,"ice_free","10"
"7552",2020,-174.554127814361,61.2443701308104,-80.633837184099,125,37.7689291666667,0.748793658925319,91,"ice_free","10"
"7553",2020,-173.560711569327,61.2544096071712,-65.7664127231494,125,40.1860333333333,0.69313347776195,108,"ice_full","10"
"7554",2020,-172.49987305982,61.2050944196584,-54.9350348631343,133,43.6547583333333,0.733580922067901,114,"ice_full","10"
"7555",2020,-171.569858559268,61.2050119357782,-61.8348290676735,149,39.6432569444444,0.807272762345679,114,"ice_free","10"
"7556",2020,-170.518892313135,61.2334875422992,-48.6460630272503,133,32.349025,0.722305251490898,148,"ice_full","10"
"7558",2020,-168.43902843507,61.2151049044103,-35.0270852335616,133,15.4755666666667,0.802901878385302,145,"ice_full","11"
"7559",2020,-167.510982823865,61.2331028944468,-25.7338918771381,141,10.9790375,0.860090474537037,130,"ice_full","11"
"7562",2020,-178.469830141078,61.7668482674193,-133.660982927654,141,73.6625222222222,0.577000863151287,89,"ice_free",NA
"7563",2020,-177.54275577564,61.7428004420686,-125.300621736145,165,69.4240222222222,0.623743716931217,86,"ice_free",NA
"7564",2020,-176.477513002701,61.7437643616152,-105.452751800651,149,50.9276736111111,0.691663044046872,89,"ice_free","8"
"7565",2020,-175.596577769016,61.7255365521706,-94.3287836254607,125,32.2566388888889,0.58553887068248,119,"ice_full","10"
"7566",2020,-174.496837233275,61.7078553787385,-67.0475917405994,133,22.6129486111111,0.611757450718362,131,"ice_full","10"
"7567",2020,-173.535038825346,61.6817895985268,-67.9666987971185,133,29.6375847222222,0.635404704329649,142,"ice_full","10"
"7568",2020,-172.535644425162,61.7396613800003,-59.3089522425029,133,26.5320944444444,0.677616108956772,147,"ice_full","10"
"7569",2020,-171.440182860572,61.6976727388907,-63.6526991795108,125,31.5522319444444,0.718626360830527,140,"ice_full","10"
"7573",2020,-167.453940570274,61.7433550154428,-25.0050400691831,133,12.7717875,0.836800925925926,142,"ice_full","11"
"7576",2020,-178.480117042703,62.2697478934035,-137.758702025178,141,44.65605,0.4651815287226,128,"ice_full",NA
"7577",2020,-177.521757245663,62.2256759598551,-103.007691965251,141,36.1689583333333,0.465487555397278,147,"ice_full",NA
"7578",2020,-176.452322939959,62.222868513571,-96.6787055860738,149,22.1602986111111,0.50301834398883,156,"ice_full",NA
"7579",2020,-175.587182464446,62.2024959653995,-85.3053273196011,149,9.31653333333333,0.613721892430565,153,"ice_full","10"
"7580",2020,-174.597504552971,62.2369571102729,-70.113072432038,149,3.45195833333333,0.695448285590278,150,"ice_full","10"
"7581",2020,-173.518634661514,62.2687270795119,-58.5938520207137,149,4.38598194444444,0.766090160867939,151,"ice_full","10"
"7582",2020,-172.413415931005,62.267290293007,-47.7527338038019,149,8.25409027777778,0.795417340982287,145,"ice_full","10"
"7583",2020,-171.452573634602,62.2838216032833,-46.5649345037471,141,13.0292625,0.785145491143317,145,"ice_full","10"
"7584",2020,-170.560084212179,62.2980847340117,-44.2695981685685,141,9.17438333333333,0.827047443639291,145,"ice_full","10"
"7587",2020,-167.406294472136,62.2333707356054,-24.9500558011708,133,4.20065555555556,0.864463118637643,144,"ice_full","11"
"7589",2020,-179.519230022866,62.7152083831564,-108.38965218273,165,31.2347888888889,0.527113551051051,141,"ice_free",NA
"7590",2020,-178.525260620886,62.761292909331,-90.8621494585665,141,31.3715041666667,0.505911763633712,157,"ice_full",NA
"7592",2020,-176.400112317732,62.6579663354928,-94.1138102790349,149,-3.0180375,0.699667396401569,159,"ice_full",NA
"7593",2020,-175.627293011048,62.6783286290811,-85.6495356298548,149,-10.5593930555556,0.796579042457091,153,"ice_full",NA
"7594",2020,-174.452567841286,62.7949586902786,-79.4385120585702,141,-13.4349736111111,0.855515993265993,151,"ice_full","10"
"7595",2020,-173.453808216008,62.7713928380929,-65.696915712389,141,-10.0818763888889,0.853884337068161,149,"ice_full","10"
"7596",2020,-172.458530212766,62.7829587166031,-55.6177573110879,141,0.52982361111111,0.806151035342036,152,"ice_full","10"
"7597",2020,-171.482241733613,62.7485537287783,-45.2142314347175,141,10.2372222222222,0.784130787037037,147,"ice_full","10"
"7598",2020,-170.504152728213,62.7634379014413,-36.2299008515208,141,12.7977972222222,0.810005869708995,142,"ice_full","10"
"7599",2020,-169.540342279015,62.7592737869871,-30.4556612622834,133,8.11175063473112,0.820928024952919,148,"ice_full","10"
"7601",2020,-167.434497084793,62.7576482159939,-25.3800328892241,141,-0.996261111111112,0.897886125079821,146,"ice_full","11"
"7604",2020,-179.428690036066,63.2445893850445,-84.4840190989086,141,8.3174,0.664756179918451,139,"ice_full",NA
"7605",2020,-178.539453430641,63.2357310336313,-94.7573294651077,165,17.9588138888889,0.662086419753086,144,"ice_free",NA
"7607",2020,-176.581520704838,63.2395881085312,-97.3844035087719,149,-21.7692972222222,0.837748812214445,157,"ice_full",NA
"7608",2020,-175.5,63.2499974568685,-87.5138888888889,149,-22.3077083333333,0.881712643992418,157,"ice_full",NA
"7609",2020,-174.398845572088,63.2028892252809,-79.2170710730493,149,-24.4988625,0.888571712589606,154,"ice_full",NA
"7610",2020,-173.478314748814,63.2359968314698,-80.33107733841,149,-19.1987486111111,0.869731743042477,148,"ice_full","12"
"7611",2020,-172.430229461925,63.2331749209294,-58.609579299503,149,-0.332679166666668,0.816775178687459,144,"ice_full","12"
"7612",2020,-171.534911438282,63.1926301664092,-43.2383903192996,149,11.040667243157,0.646071451239546,154,"ice_full","12"
"7613",2020,-170.600870612487,63.1728039643401,-22.6300753786126,149,16.1772234030212,0.600482817675399,153,"ice_full","12"
"7616",2020,-167.4723167856,63.2367454914029,-25.9018957303532,141,-2.13517638888889,0.913505330165692,144,"ice_full","14"
"7617",2020,-166.402488784952,63.2133903522802,-22.1877389000148,141,61.8982888888889,0.859473963365539,145,"ice_full","14"
"7620",2020,-178.590095238175,63.7068350795644,-72.9242925153639,149,-5.20975555555555,0.779196665804003,145,"ice_full",NA
"7621",2020,-177.630288373328,63.7082028626963,-84.267224666015,149,-18.8973611111111,0.789275756766382,160,"ice_full",NA
"7622",2020,-176.416732302997,63.749602564299,-90.7314364431667,157,-28.3188083333333,0.855151839576319,162,"ice_full",NA
"7624",2020,-174.499474011688,63.7990294305564,-79.099537037037,149,-23.6898555555556,0.879595079210069,158,"ice_full",NA
"7625",2020,-173.400871429635,63.7817564035707,-68.0585916184656,149,-11.5409527777778,0.830584314814815,155,"ice_full",NA
"7626",2020,-172.483213221886,63.758293187402,-52.758918200947,149,-5.37822361111111,0.78490191130338,152,"ice_full","12"
"7627",2020,-171.545708952606,63.829829872616,-26.595689194078,149,-2.31667818073573,0.549504666965352,154,"ice_full","12"
"7628",2020,-170.537494152418,63.8411288280994,-29.2654264267163,149,-3.7841292002317,0.628190875035341,161,"ice_full","12"
"7631",2020,-167.358796596698,63.8065051294237,-26.4697225645677,149,-1.23122777777778,0.876448998178506,152,"ice_full","14"
"7632",2020,-166.541284307041,63.7845932401253,-25.7762591716908,141,31.7549611111111,0.894126057630907,146,"ice_full","14"
"7636",2020,-177.517279118056,64.2531120678506,-74.8984938672439,149,-21.3757388888889,0.864649389848532,149,"ice_full",NA
"7639",2020,-174.487536020319,64.3001187031766,-66.5046800121104,149,-5.55029027777778,0.783646421079282,158,"ice_full",NA
"7640",2020,-173.535766308491,64.1687837227567,-46.2643641369277,149,3.23757955523273,0.55757653944595,153,"ice_full",NA
"7641",2020,-172.418760509221,64.2468202886469,-35.8275814036022,157,3.03482468761359,0.679239133230453,156,"ice_full",NA
"7642",2020,-171.577305135906,64.2902754199907,-40.8372403144301,157,-3.07035555555556,0.754423736496914,150,"ice_full","12"
"7643",2020,-170.523356210431,64.2622875033772,-43.276880466647,149,-3.82712777777778,0.801174143145161,154,"ice_full","12"
"7646",2020,-167.458216997323,64.2748185862534,-25.788296820132,157,11.7191777777778,0.848420151748971,150,"ice_full","14"
"7653",2020,-178.343312767605,64.7337563790417,-66.6687354989523,149,-12.3390875,0.818378080868638,169,"ice_full",NA
"7654",2020,-177.406053536564,64.7957171075543,-54.5978169230143,141,-8.92275833333333,0.891894911504425,143,"ice_full",NA
"7656",2020,-175.537800465648,64.7182177171547,-49.951356074685,141,-0.608383055093207,0.614913634079816,159,"ice_full",NA
"7659",2020,-171.547799711519,64.7465634073961,-38.2474217594685,157,1.23545,0.798204851384998,149,"ice_full",NA
"7660",2020,-170.543758181161,64.7381634878048,-47.6065766468726,149,-4.36315972222222,0.818829423436041,149,"ice_full","12"
"7661",2020,-169.662862263418,64.7176093098759,-47.3846629403794,149,-15.3640486111111,0.873564701897019,153,"ice_full","12"
"7662",2020,-168.411698606014,64.7628674004505,-33.0191146445391,149,-10.7616527777778,0.83796024173028,161,"ice_full","14"
"7663",2020,-167.50754875488,64.7357505701682,-23.0280927263955,149,15.3978805555556,0.834961222146944,153,"ice_full","14"
"7665",2020,-179.375262528167,65.2072588240137,-43.0386660429735,157,3.38089250673537,0.664653178084099,163,"ice_full",NA
"7666",2020,-178.445246173226,65.290146047359,-38.4039960276898,165,6.42059655158877,0.780660185185185,160,"ice_full",NA
"7667",2020,-177.46370673339,65.2392312128517,-28.469355484974,165,11.7215780460776,0.744102605085244,156,"ice_full",NA
"7668",2020,-176.515126671096,65.2420690798156,-30.4006346070958,141,18.8261400635554,0.651353470413773,158,"ice_full",NA
"7671",2020,-171.433888857251,65.2006823546975,-32.7372669626948,157,1.48971944444445,0.824966337250712,160,"ice_full",NA
"7672",2020,-170.512247917486,65.2500398638058,-39.4392540832758,157,-3.44515972222222,0.859506047453704,150,"ice_full",NA
"7673",2020,-169.550741450418,65.2562091497102,-46.3815709701132,149,-12.0881611111111,0.900577991452991,147,"ice_full",NA
"7674",2020,-168.356718543314,65.2606037669563,-46.9333203123453,149,-0.1631,0.858083071983274,154,"ice_full","14"
"7679",2020,-170.303500976851,65.6575481069447,-34.743544676833,157,1.77352589262593,0.665615268874644,160,"ice_full",NA
"7680",2020,-169.56993323253,65.7508451546686,-43.0584464810872,149,-4.34316805555555,0.867908536585366,153,"ice_full",NA
"7681",2020,-168.39592200641,65.7164139495268,-45.2961309086529,157,7.36716709401709,0.81239016115352,161,"ice_full",NA
"7685",2021,-165.464576964476,54.7633440129324,-160.136233111703,117,46.7883361111111,0,0,"ice_free","1"
"7696",2021,-166.494296574905,55.2435228226696,-136.931165795073,157,39.3158347222222,0,0,"ice_free","4"
"7697",2021,-165.482509610809,55.2483629568296,-116.929583310499,133,51.5328166666667,0,0,"ice_free","4"
"7698",2021,-164.48473644751,55.2700894622502,-87.2852341536464,141,55.8237722222222,0,0,"ice_free","1"
"7707",2021,-167.482029497338,55.7737598894868,-133.068969122199,149,35.7738527777778,0,0,"ice_free","4"
"7708",2021,-166.453363157873,55.7632201509416,-126.168568208465,125,46.3242944444444,0,0,"ice_free","4"
"7709",2021,-165.455863642754,55.7582689863529,-108.324675549722,141,58.4327916666667,0,0,"ice_free","4"
"7710",2021,-164.477394623285,55.7422513531467,-95.731790632794,141,50.9368708333333,0,0,"ice_free","3"
"7711",2021,-163.558256285483,55.7494681974351,-84.9167772287633,125,55.2924013888889,0,0,"ice_free","1"
"7712",2021,-162.625853183124,55.80190395645,-59.1921826637081,125,65.6500077099737,0,0,"ice_free","1"
"7722",2021,-167.470875800166,56.243340987479,-126.878277871198,133,48.7477777777778,0,0,"ice_free","4"
"7723",2021,-166.535742400905,56.2524012049762,-110.048291736915,133,58.9777111111111,0,0,"ice_free","4"
"7724",2021,-165.483239575921,56.2253883771531,-92.73066069209,133,60.1080138888889,0,0,"ice_free","3"
"7725",2021,-164.50992660715,56.2311658611063,-87.3907790789284,141,55.7692180555556,0,0,"ice_free","3"
"7726",2021,-163.516751957432,56.260863942861,-85.0716076096684,141,61.9852138888889,0,0,"ice_free","3"
"7727",2021,-162.463466032452,56.2669393512133,-76.0076344018351,125,68.4406402777778,0,0,"ice_free","1"
"7728",2021,-161.488298568264,56.2759101219507,-56.8062934106713,117,79.8503263888889,0,0,"ice_free","1"
"7733",2021,-172.54016954754,56.7887553603238,-158.740032784676,157,25.8113277777778,0,0,"ice_free","8"
"7735",2021,-170.467450016144,56.6757754929142,-104.715641317842,69,52.8025277777778,0,0,"ice_free","5"
"7736",2021,-169.444161725156,56.7484325771864,-74.7037622984702,149,58.7087916666667,0,0,"ice_free","5"
"7737",2021,-168.51813462125,56.757065883972,-94.2450729193262,133,62.8192236111111,0,0,"ice_free","3"
"7738",2021,-167.495544668832,56.7294975143188,-94.1911026590318,133,65.2458,0,0,"ice_free","3"
"7739",2021,-166.552846065787,56.7196385651351,-83.8331967690508,69,73.7502625,0,0,"ice_free","3"
"7740",2021,-165.474302538408,56.7430105470212,-75.4618207629345,149,72.1525652777778,0,0,"ice_free","3"
"7741",2021,-164.494890189338,56.7539495331575,-73.1427530482841,149,59.3173069444444,0,0,"ice_free","3"
"7742",2021,-163.450835306439,56.7647481665833,-71.1895515983855,141,80.6082875,0,0,"ice_free","3"
"7743",2021,-162.459475734907,56.7456920072227,-67.5350416321876,125,81.9694583333333,0,0,"ice_free","3"
"7744",2021,-161.488419546736,56.7577187705934,-69.8484499030025,117,78.7732972222222,0,0,"ice_free","3"
"7745",2021,-160.516717611098,56.7655085206771,-61.2665787871522,117,77.1488013888889,0,0,"ice_free","3"
"7750",2021,-172.427810651513,57.2532696647612,-133.257185063526,69,26.3426666666667,0,0,"ice_free","8"
"7751",2021,-171.442943524554,57.2518918396728,-109.372221135597,69,60.0486819444444,0,0,"ice_free","6"
"7752",2021,-170.563318838574,57.2529214354101,-65.9060174007989,125,82.6223361111111,0,0,"ice_free","5"
"7753",2021,-169.437041998461,57.2526226595783,-66.82622563582,165,66.725475,0,0,"ice_free","6"
"7754",2021,-168.474582426468,57.2622386208033,-77.3909666622972,149,79.882825,0,0,"ice_free","3"
"7755",2021,-167.502633006393,57.2757720585705,-69.7356267195904,149,94.8421416666667,0,0,"ice_free","3"
"7756",2021,-166.52437556128,57.2737090418284,-74.5281012885924,85,86.8891097222222,0,0,"ice_free","3"
"7757",2021,-165.464698894223,57.2696849657657,-69.7897337225697,85,65.6318305555556,0,0,"ice_free","3"
"7758",2021,-164.48825426938,57.2575199805433,-68.5858263376102,141,54.8991930555556,0,0,"ice_free","3"
"7759",2021,-163.467655945086,57.2413643238875,-64.2322243749304,125,68.9056194444444,0,0,"ice_free","3"
"7760",2021,-162.461667806933,57.2553208457447,-55.4351152401586,125,58.2787736111111,0,0,"ice_free","2"
"7761",2021,-161.489788356265,57.2377521977677,-56.6399457052228,125,67.9135791666667,0,0,"ice_free","3"
"7762",2021,-160.500301317737,57.2421259505319,-61.6228799860312,117,67.4730694444444,0,0,"ice_free","3"
"7763",2021,-159.506830955071,57.2563129760315,-50.2510104377952,101,55.3281680555556,0,0,"ice_free","2"
"7767",2021,-172.378182020924,57.7654394347217,-124.861174147204,69,38.9160041666667,0,0,"ice_free","8"
"7768",2021,-171.427915351098,57.7212823040507,-88.7091848747162,69,77.8372069444444,0,0,"ice_free","6"
"7769",2021,-170.472778946002,57.7270845404647,-75.8501721632668,125,104.226838888889,0,0,"ice_free","6"
"7770",2021,-169.494755668565,57.7593257273423,-68.1369988039647,149,58.0937555555556,0,0,"ice_free","6"
"7771",2021,-168.501745701418,57.7661177472443,-75.6766351575311,149,90.2598708333333,0,0,"ice_free","6"
"7772",2021,-167.513979356122,57.7434399967086,-63.0861912246523,149,85.6152875,0,0,"ice_free","3"
"7773",2021,-166.492092064049,57.7605951764861,-61.3637286085322,149,77.1362444444444,0,0,"ice_free","3"
"7774",2021,-165.452862377641,57.7601672789958,-64.10374631613,149,49.0736444444444,0,0,"ice_free","3"
"7775",2021,-164.490354606561,57.7564636025959,-47.6770001431418,125,54.1068819444444,0,0,"ice_free","2"
"7776",2021,-163.494146946648,57.7637103639736,-49.3011169110961,125,43.4373152777778,0,0,"ice_free","2"
"7777",2021,-162.498387857685,57.7667754522783,-46.2375106420097,125,22.7287472222222,0.042504727772363,87,"ice_free","2"
"7778",2021,-161.467406222421,57.7625369365513,-39.8185706908011,125,39.5343513888889,0,0,"ice_free","2"
"7779",2021,-160.4698724171,57.7654826371772,-47.2930466169928,125,49.6782805555556,0,0,"ice_free","3"
"7780",2021,-159.489730926732,57.7516123079427,-45.1727308745619,93,41.5300138888889,0,0,"ice_free","2"
"7785",2021,-173.46645230859,58.244446036557,-128.119358921577,149,52.4832,0,0,"ice_free","8"
"7786",2021,-172.520272589651,58.2916237000586,-112.848944184,149,62.3377458333333,0,0,"ice_free","8"
"7787",2021,-171.466596123216,58.2950919405702,-98.2858035303356,149,98.9233611111111,0,0,"ice_free","6"
"7788",2021,-170.489149560335,58.2510744584065,-86.4074281520311,125,102.9705875,0,0,"ice_free","6"
"7789",2021,-169.53078617815,58.2786045967844,-79.06369789193,165,90.1493694444444,0,0,"ice_free","6"
"7790",2021,-168.470914112672,58.2441297545402,-72.9388897762265,149,96.1948,0,0,"ice_free","6"
"7791",2021,-167.46616076034,58.2567664879566,-56.6679886970508,149,64.5338444444444,0,0,"ice_free","6"
"7792",2021,-166.456407451994,58.2613318329198,-52.4696987158636,133,50.8600430555556,0.162420138888889,31,"ice_free","2"
"7793",2021,-165.506865816675,58.2460407313192,-47.7043454358485,125,40.3731777777778,0.0775810681216931,90,"ice_free","2"
"7794",2021,-164.482591721778,58.2606070746986,-41.7207429658278,125,23.1706263888889,0.119552595727238,94,"ice_free","2"
"7795",2021,-163.483736701825,58.2515128890608,-37.3604367542496,93,4.52218055555556,0.229865162037037,104,"ice_full","2"
"7807",2021,-173.540936391227,58.7677196848031,-118.813406974806,149,72.4948805555556,0,0,"ice_free","8"
"7808",2021,-172.464817640854,58.79240458154,-96.7142064448962,149,85.2470680555556,0,0,"ice_free","8"
"7809",2021,-171.460297329184,58.7412577018354,-95.7735701798202,149,118.532752777778,0,0,"ice_free","6"
"7810",2021,-170.467564511187,58.76168938833,-100.386559474606,133,95.6172805555556,0.208384501763668,37,"ice_free","6"
"7811",2021,-169.458374860788,58.7321596232142,-82.2744993341561,165,110.067183333333,0.210185313786008,36,"ice_free","6"
"7812",2021,-168.425484670218,58.7503664205887,-57.0464555948007,149,74.9960361111111,0.263040162037037,40,"ice_free","7"
"7813",2021,-167.51488704466,58.753404791837,-47.4859322066548,149,49.3902347222222,0.195874097614564,89,"ice_free","7"
"7814",2021,-166.477647603838,58.7543505823611,-42.2754728260143,117,21.2523555555556,0.300770965952932,94,"ice_free","7"
"7815",2021,-165.50348687776,58.7304043512091,-35.4515731587437,125,-0.674583333333334,0.354386146723647,134,"ice_full","2"
"7816",2021,-164.497865433168,58.7540352242141,-31.5801866503569,125,-9.83571805555556,0.449455492768095,132,"ice_full","2"
"7823",2021,-176.478579416915,59.2602414542582,-151.280098603494,125,13.28275,0,0,"ice_free","8"
"7824",2021,-175.478125275081,59.2221778684819,-130.440210193388,125,36.7640847222222,0,0,"ice_free","8"
"7825",2021,-174.569768116153,59.2513594865636,-123.734257754851,117,75.9072888888889,0,0,"ice_free","8"
"7826",2021,-173.453282250596,59.2748538228591,-121.285557267986,149,92.9181361111111,0,0,"ice_free","8"
"7827",2021,-172.473921718782,59.2588595868567,-101.208520978465,149,98.9230013888889,0,0,"ice_free","9"
"7828",2021,-171.532729293607,59.2802168409795,-77.2199219255422,125,114.589176388889,0.206747127914952,39,"ice_free","9"
"7829",2021,-170.450090151164,59.2399367987627,-70.4296617568998,133,96.9809083333333,0.218582986111111,50,"ice_free","6"
"7830",2021,-169.542059363927,59.2678224295692,-60.5941320413184,133,90.2211083333333,0.302877161949686,83,"ice_free","6"
"7831",2021,-168.426311959567,59.2575848327968,-47.3873923355029,117,46.7935722222222,0.404813027641612,98,"ice_full","7"
"7832",2021,-167.475793557692,59.2544030925992,-40.6024555147023,125,27.0861388888889,0.415325101435705,119,"ice_full","7"
"7833",2021,-166.499744142981,59.2460974908436,-32.7543121295533,117,-3.33415972222222,0.516778793238994,136,"ice_full","7"
"7835",2021,-164.55165264828,59.1707954663141,-23.9105304282442,125,-28.4169791666667,0.7703171875,130,"ice_full","2"
"7839",2021,-177.442307757486,59.755595919776,-167.388686713221,125,13.8142875,0.0337652859477124,115,"ice_full","8"
"7840",2021,-176.518249957368,59.7441201839744,-124.082538435689,117,14.5315486111111,0,0,"ice_free","8"
"7841",2021,-175.549277240714,59.7612477274736,-124.733303528225,149,63.2920638888889,0,0,"ice_free","8"
"7842",2021,-174.538996083352,59.7201700852103,-105.732876891883,149,93.9997277777778,0,0,"ice_free","8"
"7843",2021,-173.461462969098,59.7213559187186,-89.9159745643368,149,86.1181875,0.141435562015504,73,"ice_free","9"
"7844",2021,-172.418924479843,59.745515573453,-88.2048719829322,149,76.8937263888889,0.277001019620811,72,"ice_free","9"
"7845",2021,-171.527193685283,59.7562759926868,-71.5789574842263,133,87.7301444444444,0.384786844135802,76,"ice_free","9"
"7846",2021,-170.431742228097,59.7767034206229,-61.0911838864413,133,91.8884833333333,0.442526115859449,69,"ice_free","9"
"7847",2021,-169.471312333829,59.74437469856,-53.2217681549382,125,68.0091347222222,0.554510201629225,91,"ice_free","11"
"7848",2021,-168.48368887906,59.7449150612516,-44.1798561402802,117,32.1319638888889,0.653801291423002,106,"ice_full","7"
"7853",2021,-177.453779252412,60.2643872882302,-144.178336329629,125,-6.67583055555556,0.13835536511689,124,"ice_full","8"
"7854",2021,-176.401547517733,60.2364512087384,-136.685924986868,125,35.5447625,0.0930521476337448,120,"ice_full","8"
"7855",2021,-175.502361464757,60.26803985444,-117.462222993092,149,82.4342958333333,0.0987283950617284,63,"ice_free","8"
"7856",2021,-174.58501348739,60.2723028485932,-102.398045240949,133,86.1445777777778,0.221765221661055,74,"ice_free","9"
"7858",2021,-172.511495098062,60.1820090951486,-49.4281602874788,149,32.4275665550516,0.362262621252205,135,"ice_full","9"
"7859",2021,-171.424098249223,60.2035389920945,-59.5575284593796,133,58.5814763888889,0.476269814814815,105,"ice_free","9"
"7860",2021,-170.457547237853,60.2168287700284,-64.4366180012233,133,73.4729222222222,0.520809246746747,104,"ice_free","9"
"7861",2021,-169.531783550859,60.2251655091526,-47.4561444652908,133,46.5991236111111,0.691964150047483,108,"ice_free","11"
"7862",2021,-168.489630434868,60.2200734532812,-40.502029713402,117,28.5099347222222,0.741267897470641,112,"ice_full","11"
"7867",2021,-178.490346265151,60.7690163652618,-180.79150744725,125,0.855904166666667,0.218473326474623,120,"ice_full","8"
"7868",2021,-177.443032980954,60.7421617448263,-140.033681993013,125,2.59719027777778,0.307392298647854,135,"ice_full","8"
"7869",2021,-176.438088512666,60.7202884221591,-116.721045790899,149,37.0997625,0.321639736212069,137,"ice_full","8"
"7870",2021,-175.532470607074,60.7483196750227,-98.8612167923474,133,58.2451416666667,0.332805098963643,139,"ice_full","8"
"7871",2021,-174.597242831701,60.7422277523801,-80.4711723871846,133,54.4205166666667,0.412403411076171,136,"ice_full","9"
"7872",2021,-173.557394992274,60.7155136300251,-60.5100559211022,149,28.1033333333333,0.55315399691358,130,"ice_full","9"
"7873",2021,-172.529996597771,60.7498068274471,-58.9485417730037,149,26.8269340543941,0.674543157941595,134,"ice_full","9"
"7874",2021,-171.424181013012,60.7072538393664,-56.3875042976853,149,39.8604555555556,0.59786196201989,138,"ice_full","9"
"7875",2021,-170.470667403177,60.6786234379851,-54.1397022400834,133,40.8253597222222,0.658148483939186,138,"ice_full","9"
"7876",2021,-169.499652466924,60.7019126848515,-45.9090475481125,125,23.1341138888889,0.73935780211301,134,"ice_full","11"
"7877",2021,-168.499856605321,60.6545950503653,-37.9577154962075,125,17.1367291666667,0.747136309727938,138,"ice_full","11"
"7878",2021,-167.511860488317,60.7061393341806,-28.9362570055773,125,4.03953194444444,0.806147925569801,134,"ice_full","11"
"7882",2021,-178.458070229146,61.2307881637463,-161.160135661122,149,-8.78206805555556,0.368962437348317,147,"ice_full",NA
"7884",2021,-176.48064291051,61.1535367210976,-114.2560867105,149,13.3222513888889,0.593796756527914,143,"ice_full","8"
"7885",2021,-175.528892354141,61.1372704376538,-83.9444501256601,133,17.5627916666667,0.66203703493266,140,"ice_full","8"
"7886",2021,-174.586991212711,61.1363353596277,-85.7855210433894,133,17.0643111111111,0.751447076554748,137,"ice_full","10"
"7887",2021,-173.453566641129,61.1850931568202,-66.0679047102658,149,11.1105125,0.826154887071651,137,"ice_full","10"
"7888",2021,-172.566205908201,61.1831707175986,-55.6780983926615,133,11.0762861111111,0.835904498248248,141,"ice_full","10"
"7889",2021,-171.408559481488,61.151930584662,-59.5739347816934,149,12.6062430555556,0.787960715105602,151,"ice_full","9"
"7890",2021,-170.547512039694,61.1962185014687,-50.5135454822955,149,8.31645555555555,0.830027985517569,147,"ice_full","10"
"7891",2021,-169.534557022248,61.2282201437126,-44.2914839181287,149,6.33957361111111,0.893753472222222,139,"ice_full","11"
"7892",2021,-168.449855361606,61.2629074711253,-34.9930762496257,149,6.87101805555555,0.876251628943759,138,"ice_full","11"
"7893",2021,-167.555373930595,61.2110133781919,-26.29186228482,125,5.07685,0.886218457725402,129,"ice_full","11"
"7896",2021,-178.513837991828,61.708179936315,-139.027831496806,149,-22.7071305555556,0.609275351389427,153,"ice_full",NA
"7897",2021,-177.677654703011,61.6790694687803,-133.59541340336,149,-13.8517763888889,0.695184089069057,146,"ice_full",NA
"7898",2021,-176.501658349488,61.7779824793042,-104.584214344942,149,-10.6272222222222,0.781638525132275,142,"ice_full","8"
"7899",2021,-175.548865770022,61.7798705311631,-92.3876253279735,149,-6.31228472222222,0.829645496445106,142,"ice_full","10"
"7900",2021,-174.5813256532,61.6975496097941,-67.9401222457877,149,-1.78444722222222,0.866087800944549,143,"ice_full","10"
"7901",2021,-173.504746215235,61.7499974492452,-65.6239674926725,149,-1.33189444444444,0.917359061756711,139,"ice_full","10"
"7903",2021,-171.533622614543,61.7503446896871,-64.6482638888889,149,-13.8105111111111,0.852010390946502,165,"ice_full","10"
"7905",2021,-169.502088152937,61.7439933521966,-41.734938102034,149,-6.96721527777778,0.865035906756366,158,"ice_full","11"
"7906",2021,-168.400236964773,61.708141631766,-33.4268935651716,133,2.18813888888889,0.868037474712107,149,"ice_full","11"
"7907",2021,-167.451088889724,61.8016034206228,-25.0718652387951,125,13.4885930555556,0.890281495510662,129,"ice_full","11"
"7909",2021,-179.485936640334,62.2831931401403,-125.189704875766,149,-32.8967027777778,0.765569435185185,155,"ice_full",NA
"7911",2021,-177.540874469641,62.189145042246,-103.944974747475,149,-22.0893402777778,0.776880635245902,152,"ice_full",NA
"7912",2021,-176.497081332737,62.2467768480236,-96.9664855072464,149,-14.4516111111111,0.827272181964573,145,"ice_full",NA
"7913",2021,-175.420183410423,62.2799671648551,-81.269038647343,149,-6.12204305555556,0.820826104129924,156,"ice_full","10"
"7918",2021,-170.508099340762,62.3233812343929,-43.5995322286377,133,4.64420972222222,0.8432108017863,143,"ice_full","10"
"7919",2021,-169.53077118478,62.2983541846395,-37.899738908374,141,2.18938888888889,0.869166445162835,146,"ice_full","10"
"7920",2021,-168.453849956354,62.2592299325126,-31.7437626646403,141,-2.52919861111111,0.883645297673707,151,"ice_full","11"
"7921",2021,-167.39227750141,62.2245502309532,-24.8632347410273,141,24.5342666666667,0.841511195099967,143,"ice_full","11"
"7925",2021,-177.593878663616,62.7157897007318,-106.557613168724,149,-27.3229375,0.851106133318278,153,"ice_full",NA
"7926",2021,-176.352036479832,62.749300982601,-91.874434754522,149,-17.1609194444444,0.859737711242663,152,"ice_full",NA
"7927",2021,-175.446625344353,62.7116363273179,-84.0980888429752,149,-5.89529583333333,0.852593620345072,152,"ice_full",NA
"7928",2021,-174.44540347061,62.7557784717287,-79.8823145724258,133,2.24679722222222,0.860139059983897,145,"ice_full","10"
"7929",2021,-173.480701449108,62.7529873867772,-65.7059036370454,133,5.768575,0.88217460776749,138,"ice_full","10"
"7930",2021,-172.491754258677,62.7225376032764,-56.3083917868067,133,12.6105875,0.87440833110755,134,"ice_full","10"
"7931",2021,-171.424825926439,62.7972964553126,-45.098685349738,133,19.0146180555556,0.88634984726995,127,"ice_full","10"
"7932",2021,-170.492506756162,62.781205396561,-35.7671810854571,133,22.1178666666667,0.872279526201734,124,"ice_full","10"
"7933",2021,-169.536347637035,62.7862024696685,-30.0071820127678,141,21.842945187976,0.813388773148148,140,"ice_full","10"
"7934",2021,-168.666515931103,62.7945523308405,-29.5112458103322,141,9.55527638888889,0.864383915960452,148,"ice_full","10"
"7935",2021,-167.399317851803,62.7371808974574,-25.1346721758984,149,31.5279402777778,0.889823185350529,142,"ice_full","11"
"7943",2021,-174.417689485252,63.2263410118502,-79.0762992831541,149,-5.71813333333333,0.830553961503493,159,"ice_full",NA
"7947",2021,-170.618647242872,63.1628291247158,-23.3753908787944,165,34.1844836853543,0.546536334019204,165,"ice_full","12"
"7950",2021,-167.528942490922,63.2276925613746,-26.0722496316853,149,11.7904833333333,0.88569916235091,148,"ice_full","14"
"7951",2021,-166.531165845466,63.2014074190699,-22.5837436868687,149,15.2424902777778,0.868504463734568,150,"ice_full","14"
"7962",2021,-170.455873984142,63.8689606590729,-32.4993460965024,157,7.17646588022012,0.616602158224401,166,"ice_full","12"
"7966",2021,-166.489173539335,63.8617469740085,-26.0335012117027,149,-8.76816388888889,0.85360031167979,157,"ice_full","14"
"7971",2021,-176.528949529589,64.3050688996552,-85.1430457052797,157,-35.6591875,0.875886055831951,164,"ice_full",NA
"7973",2021,-174.359777520824,64.3533770143058,-58.3891566371642,157,-15.1802555555556,0.799521174726885,169,"ice_full",NA
"7974",2021,-173.44775423402,64.1863840906589,-41.4332611396084,149,-10.5682284431696,0.565227263959035,162,"ice_full",NA
"7975",2021,-172.465338279872,64.2161702528312,-37.7152455802604,157,8.30886160296486,0.670665027710192,167,"ice_full",NA
"7976",2021,-171.581814374258,64.30888768819,-42.5030597013912,157,0.626449999999999,0.783184064814815,155,"ice_full","12"
"7977",2021,-170.549999050896,64.224263668837,-42.5219705303646,149,5.07853194444444,0.826606927367942,152,"ice_full","12"
"7979",2021,-168.380146026006,64.2946724144986,-30.577860005598,157,-6.74977083333333,0.8340866450392,167,"ice_full","14"
"7980",2021,-167.40897433394,64.2892689497007,-25.8356955520113,165,-5.93540555555556,0.784120211017177,168,"ice_full","14"
"7989",2021,-176.510392866586,64.7867506578825,-62.2616939158605,157,-2.34961527777778,0.777324564071371,167,"ice_full",NA
"7990",2021,-175.469572125446,64.7174616787612,-46.9634818399245,149,-2.37141834393736,0.600751543209877,168,"ice_full",NA
"7993",2021,-171.572320359801,64.7457587709133,-39.8478821529881,149,3.89364444444444,0.78494859023983,152,"ice_full",NA
"7994",2021,-170.539063393068,64.7588934296013,-47.0307830823663,149,4.09850694444444,0.849992080896686,144,"ice_full","12"
"7995",2021,-169.693982556666,64.7215454829666,-47.3544446008938,149,6.51251388888889,0.865041948961156,153,"ice_full","12"
"7997",2021,-167.394734359842,64.8029516819617,-22.1785652430968,165,16.2110402777778,0.75884492481203,163,"ice_full","13"
"8002",2021,-176.455421044813,65.2599176471834,-27.9018418652542,149,25.3087540111297,0.642252714495071,169,"ice_full",NA
"8006",2021,-170.490130502021,65.2631903858924,-39.2793158419661,149,5.26890277777778,0.77876383744856,165,"ice_full",NA
"8014",2021,-169.506901789259,65.7501390602486,-40.5995294207291,149,-0.475876388888889,0.838750018226888,157,"ice_full",NA
"8015",2021,-168.442231075188,65.703491026714,-45.9855738453934,165,11.8491664141414,0.77433822485807,167,"ice_full",NA
"8019",2022,-165.458766628778,54.747116272325,-171.756074290097,133,-7.11951111111111,0,0,"ice_free","16"
"8030",2022,-166.455165704491,55.2437354080303,-135.826003643525,141,-1.47749861111111,0,0,"ice_free","4"
"8031",2022,-165.474774387693,55.222829523541,-117.40123713292,141,-3.15499583333333,0,0,"ice_free","4"
"8032",2022,-164.514662139838,55.2415535980363,-85.962772972455,133,0.125925000000001,0,0,"ice_free","1"
"8041",2022,-167.525456234085,55.7646323707998,-132.823610487312,141,1.83166527777778,0,0,"ice_free","4"
"8042",2022,-166.520242965307,55.7631241076244,-127.40620536822,141,2.95856527777778,0,0,"ice_free","4"
"8043",2022,-165.474792647333,55.7588858186798,-109.16261684529,133,8.00720138888889,0,0,"ice_free","4"
"8044",2022,-164.498937413609,55.7632294553269,-95.5434481040523,133,8.39065555555555,0,0,"ice_free","3"
"8045",2022,-163.506934462364,55.7511593922106,-83.7338316686287,133,5.78083888888889,0,0,"ice_free","1"
"8046",2022,-162.557527150298,55.7901791843207,-55.3604345740882,117,9.80160001093613,0.138525990903184,87,"ice_free","1"
"8056",2022,-167.528035712986,56.2411332686342,-128.195632310494,141,6.67659722222222,0,0,"ice_free","4"
"8057",2022,-166.513208143104,56.263983773869,-108.699143073253,141,12.9525375,0,0,"ice_free","4"
"8058",2022,-165.468488953057,56.2470276390666,-92.0386723372008,133,12.9654444444444,0,0,"ice_free","3"
"8059",2022,-164.492090048835,56.2632821844339,-86.5542663747791,133,6.43150972222222,0,0,"ice_free","3"
"8060",2022,-163.520496973218,56.2607038108962,-85.0205091617974,133,15.6416722222222,0,0,"ice_free","3"
"8061",2022,-162.472559176747,56.2378194071645,-75.8123070032404,133,23.2598763888889,0,0,"ice_free","1"
"8062",2022,-161.506321784105,56.254315665663,-55.407014037025,117,26.8296319444444,0.16333882611425,89,"ice_free","1"
"8067",2022,-172.483834585377,56.7572857343481,-178.693931241343,157,18.3352166666667,0,0,"ice_free","8"
"8068",2022,-171.507576780656,56.7425348079676,-144.27977955574,165,5.12608194444445,0,0,"ice_free","8"
"8069",2022,-170.454389641971,56.7437592277475,-100.609350957929,157,-16.4097638888889,0.0588906153549383,102,"ice_free","5"
"8070",2022,-169.455929071757,56.7467331216056,-71.5742006803802,149,-13.5434652777778,0.0709406775120028,102,"ice_free","5"
"8071",2022,-168.542045977568,56.742340039374,-95.1551728357339,149,-1.89317222222222,0,0,"ice_free","3"
"8072",2022,-167.488097968013,56.7668538573884,-91.1406851244491,149,-10.7332972222222,0,0,"ice_free","3"
"8073",2022,-166.492745650198,56.7473174555264,-81.3798481904628,141,-3.3597375,0,0,"ice_free","3"
"8074",2022,-165.506397924308,56.7456528378452,-75.6173673104612,141,-13.2896222222222,0,0,"ice_free","3"
"8075",2022,-164.483351230959,56.7284482770853,-73.7779791371655,133,-4.3302625,0,0,"ice_free","3"
"8076",2022,-163.505198805241,56.752446160209,-71.7983308398359,133,20.1582180555556,0.15420524691358,36,"ice_free","3"
"8077",2022,-162.500167529358,56.7624761648028,-67.0391409843843,133,29.4464375,0,0,"ice_free","3"
"8078",2022,-161.495849597796,56.7611010344343,-70.6046473503997,133,39.2607972222222,0,0,"ice_free","3"
"8079",2022,-160.508299751481,56.7605879828044,-60.4169266112616,117,40.0329680555556,0,12,"ice_free","3"
"8084",2022,-172.50241288483,57.2545410236001,-134.191450137024,165,9.56784027777778,0,0,"ice_free","8"
"8085",2022,-171.523792284776,57.2307057207721,-113.429111094395,109,-35.2519777777778,0.109126388888889,105,"ice_full","8"
"8086",2022,-170.527359387353,57.2287322053115,-62.7315760868139,109,-68.1834625,0.223537867996201,108,"ice_full","5"
"8087",2022,-169.444368459326,57.2117700603279,-66.5228955445267,125,-51.3079625,0.245349807599808,107,"ice_full","6"
"8088",2022,-168.508977305741,57.2437334476313,-76.80754104975,109,-41.7768972222222,0.206179824561404,106,"ice_full","3"
"8089",2022,-167.50763582234,57.2185476338795,-72.8462934665041,109,-39.9996291666667,0.200197033382066,106,"ice_full","3"
"8090",2022,-166.49053661736,57.2113858263022,-74.2980344126051,125,-24.9273138888889,0.195756350511696,106,"ice_full","3"
"8091",2022,-165.504533339647,57.2343012998544,-70.049173303899,101,-30.9481347222222,0.186165811644978,104,"ice_full","3"
"8092",2022,-164.468506822068,57.2173820957478,-68.2495672788726,101,-31.6336541666667,0.22209453295207,98,"ice_full","3"
"8093",2022,-163.475316113941,57.2370907475088,-63.5948152030204,109,-15.4686513888889,0.219604148582176,94,"ice_full","3"
"8094",2022,-162.492017242438,57.2458365557915,-56.0159718244349,133,36.7081833333333,0.391149266975309,50,"ice_free","2"
"8095",2022,-161.49609777875,57.2434220596552,-56.6005902197309,133,55.4650722222222,0.225177579365079,44,"ice_free","3"
"8096",2022,-160.495106820133,57.2501912417953,-61.4509764073263,133,48.8601875,0.189231224279835,39,"ice_free","3"
"8097",2022,-159.51364808486,57.2588512461226,-50.5399370968199,101,58.4141402777778,0.371434238215488,52,"ice_free","2"
"8101",2022,-172.537661521357,57.7441574833596,-120.733233650436,109,-23.1588916666667,0.166492552997076,106,"ice_full","8"
"8102",2022,-171.526513941367,57.7359577319177,-91.1206678051958,109,-67.6419944444444,0.302966004867047,108,"ice_full","6"
"8103",2022,-170.432499755876,57.7237980104754,-74.4546848931152,109,-69.7895152777778,0.39555275726676,109,"ice_full","6"
"8104",2022,-169.483313104884,57.731861459952,-66.6957893737769,109,-69.367425,0.446246809710351,108,"ice_full","6"
"8105",2022,-168.499261882107,57.7243322432717,-72.7448309135793,109,-65.8573513888889,0.447781264650727,109,"ice_full","6"
"8106",2022,-167.502198218671,57.7862710143351,-64.6997538710976,109,-46.7213791666667,0.421532143694327,109,"ice_full","3"
"8107",2022,-166.514636550908,57.7515524094347,-61.6356585073352,109,-34.0587555555556,0.414902560763889,110,"ice_full","3"
"8108",2022,-165.476502066083,57.7721131783549,-62.8628589347441,109,-32.1642375,0.41362165316358,110,"ice_full","3"
"8109",2022,-164.479066078409,57.7701815199523,-46.4999566631239,109,-30.6288819444444,0.410217473884141,108,"ice_full","2"
"8110",2022,-163.48047477603,57.7355131987918,-49.2243645513188,109,-10.7408444444444,0.381665432098765,105,"ice_full","2"
"8111",2022,-162.491114140578,57.7597469454563,-46.3642496160108,117,47.0328791666667,0.619091944444444,55,"ice_free","2"
"8112",2022,-161.478935832929,57.7513487478526,-39.2239696463381,117,48.5652194444444,0.51792077020202,52,"ice_free","2"
"8113",2022,-160.503608762892,57.7421170377201,-47.8979407161899,117,44.7940444444444,0.549146675084175,52,"ice_free","3"
"8114",2022,-159.51859404602,57.7302059489097,-46.313696957832,101,48.8751875,0.652160555555556,55,"ice_free","2"
"8119",2022,-173.54209530979,58.2785764178973,-120.666482659332,109,7.1478875,0.156667700617284,105,"ice_full","8"
"8120",2022,-172.527457041204,58.2443783801805,-117.454913950018,109,-47.8230180555556,0.344932979186451,108,"ice_full","8"
"8121",2022,-171.584439846797,58.2304967164205,-99.3673771480945,109,-62.3981319444444,0.459152263374486,111,"ice_full","6"
"8122",2022,-170.527494250505,58.2647084570581,-88.4787199713717,125,-53.3042388888889,0.533386313657407,110,"ice_full","6"
"8123",2022,-169.48684893144,58.2327396757928,-78.5759974530271,133,-58.8771583333333,0.552273341049383,108,"ice_free","6"
"8124",2022,-168.445826892733,58.2199545431466,-72.3770265474521,109,-51.3794361111111,0.55027689525463,110,"ice_full","6"
"8125",2022,-167.460926689452,58.24277640762,-56.5055024629736,109,-35.0767458333333,0.505005396288382,108,"ice_full","6"
"8126",2022,-166.465172740756,58.2693270567626,-51.7017475941046,109,-23.5922138888889,0.510848809947768,108,"ice_full","2"
"8127",2022,-165.517714139297,58.2529442015318,-47.7755957371707,109,-16.9323430555556,0.507387297453704,110,"ice_full","2"
"8128",2022,-164.507244447642,58.2485546585801,-42.063494110727,109,-9.15933888888889,0.507736935763889,110,"ice_full","2"
"8129",2022,-163.433040372128,58.2352060512203,-37.5430161073125,117,23.3470763888889,0.493085416666667,100,"ice_full","2"
"8130",2022,-162.49265566495,58.2308870753755,-39.7271694960623,109,39.6543152777778,0.483916509730069,89,"ice_full","2"
"8141",2022,-173.557526421011,58.7205309189118,-126.447025407113,109,-14.7548416666667,0.360234983380817,108,"ice_full","8"
"8142",2022,-172.501227349947,58.7513505427265,-103.336606158572,109,-45.2902930555556,0.504172049308344,113,"ice_full","8"
"8143",2022,-171.50344463665,58.7851479869178,-92.050549220757,125,-41.1166222222222,0.592882935147081,111,"ice_full","6"
"8144",2022,-170.467560222203,58.7392843753888,-102.531841039371,125,-37.1299763888889,0.63774525462963,110,"ice_full","6"
"8145",2022,-169.473310613197,58.7316031743132,-86.5683236597882,125,-34.8738583333333,0.623263888888889,110,"ice_full","6"
"8146",2022,-168.424632165799,58.8052347103861,-55.7834814218965,133,-13.61445,0.579611249604305,108,"ice_free","7"
"8147",2022,-167.500119546954,58.752606195634,-47.4353151490196,109,-4.44959166666667,0.515131692188984,108,"ice_full","7"
"8148",2022,-166.486066772434,58.7287767096525,-42.7207161025932,109,2.48364027777778,0.542902347459639,108,"ice_full","7"
"8150",2022,-164.531170029231,58.7765610882205,-31.2202974723989,109,21.8340041666667,0.545150755977497,109,"ice_full","2"
"8151",2022,-163.449584989737,58.7436638668883,-25.1302116286918,109,43.7857277777778,0.567447570433682,108,"ice_full","2"
"8157",2022,-176.477114590501,59.2369249307672,-150.309546145751,133,50.1093472222222,0.110993086836837,104,"ice_free","8"
"8158",2022,-175.494728906592,59.230748388567,-132.633852467978,109,7.99155,0.262954678362573,106,"ice_full","8"
"8159",2022,-174.50375578224,59.2439585537749,-113.749013595942,125,-20.1096208333333,0.431162451774691,110,"ice_full","8"
"8160",2022,-173.528250821348,59.2413210230359,-122.510099804206,109,-32.7376625,0.585892280140223,111,"ice_full","8"
"8161",2022,-172.534527682334,59.2348381636645,-96.5653480517181,125,-29.7901583333333,0.688025205761317,111,"ice_full","9"
"8162",2022,-171.504372507743,59.1961288413759,-68.8894753150692,125,-22.5190180555556,0.745397327707454,109,"ice_full","9"
"8163",2022,-170.532087237922,59.2429989648703,-74.1866527710118,125,-21.7383972222222,0.754637069425392,111,"ice_full","6"
"8164",2022,-169.468811758848,59.2185806299084,-60.1353353438253,133,-8.9394125,0.727862566416628,109,"ice_free","6"
"8165",2022,-168.443426967965,59.2244201016009,-46.905116774131,109,10.6470791666667,0.655659872534873,107,"ice_full","7"
"8166",2022,-167.50496085021,59.2422779489415,-40.8958183777783,109,13.6473888888889,0.593385950854701,108,"ice_full","7"
"8168",2022,-165.477093063272,59.2332399930235,-24.0722550332004,109,32.2540944444444,0.623131583694084,107,"ice_full","7"
"8169",2022,-164.502762293635,59.2233731861939,-23.0100618553373,93,50.0645486111111,0.62893195662768,106,"ice_full","2"
"8173",2022,-177.485558787245,59.7436240479717,-167.82196447336,165,27.9064055555556,0.18082712962963,105,"ice_free","8"
"8174",2022,-176.548209632258,59.7365579727637,-125.714560128206,125,14.5857847222222,0.313072631072631,107,"ice_full","8"
"8175",2022,-175.493711147088,59.7512903822772,-125.126863179445,125,-19.1564430555556,0.48834067688378,117,"ice_full","8"
"8176",2022,-174.489411809789,59.7403229862174,-106.374175158552,125,-28.40805,0.644089027245636,117,"ice_full","8"
"8177",2022,-173.54211059754,59.7351173314904,-99.1873521860099,125,-18.21525,0.737099454365079,114,"ice_full","9"
"8178",2022,-172.583562470257,59.7532723162689,-100.905021344537,125,-7.0989125,0.814199871556007,112,"ice_full","9"
"8179",2022,-171.490024944709,59.7183766358039,-73.8222341924281,125,-3.75440416666667,0.863665537488708,112,"ice_full","9"
"8180",2022,-170.412632876254,59.7546802793834,-59.3628731786916,125,-5.95943333333333,0.869790795038866,111,"ice_full","9"
"8181",2022,-169.516007290222,59.7521992392917,-52.0144783025455,109,8.83486388888889,0.846237702546296,110,"ice_full","11"
"8182",2022,-168.427903697057,59.7492456635238,-43.6953568573134,109,24.4135958333333,0.768461879748338,108,"ice_full","7"
"8187",2022,-177.505422822037,60.2409926219908,-143.669152597415,125,-7.30826111111111,0.488622838576528,113,"ice_full","8"
"8188",2022,-176.57733031026,60.1937863065786,-133.770102172296,125,-18.6088138888889,0.569816358024691,133,"ice_full","8"
"8189",2022,-175.503284906002,60.194073252094,-120.552320983271,125,-30.9281694444444,0.713364090819543,124,"ice_full","8"
"8190",2022,-174.495650907055,60.2071897253557,-106.308668441763,125,-16.6433736111111,0.792521512681159,122,"ice_full","9"
"8191",2022,-173.459922754111,60.2374012927332,-70.8452989650979,125,-4.08024444444445,0.793251654663923,120,"ice_full","9"
"8192",2022,-172.508536889359,60.2513261501045,-43.0931842417353,125,4.99227580373987,0.772627465780998,122,"ice_full","9"
"8193",2022,-171.531590517047,60.271932553966,-55.3432877613176,125,4.98755277777778,0.889712398037919,114,"ice_full","9"
"8194",2022,-170.495190432903,60.2935514678768,-61.5818870685236,133,0.484970833333332,0.890044913053297,112,"ice_free","9"
"8195",2022,-169.463855710009,60.3051443976844,-46.4696136887804,109,16.5990194444444,0.881687288279133,112,"ice_full","11"
"8196",2022,-168.468363331979,60.2412806851445,-40.1961897612735,109,33.9339625,0.846931611689815,110,"ice_full","11"
"8197",2022,-167.52615680568,60.2395822752652,-26.8621963174064,133,41.6018552253562,0.55452751572327,136,"ice_full","11"
"8201",2022,-178.517553091794,60.7379796227618,-185.775176244847,125,-20.1513527777778,0.646717089371981,122,"ice_full","8"
"8202",2022,-177.55340375519,60.6903974770015,-143.156182713251,125,-24.9745805555556,0.69060762742941,131,"ice_full","8"
"8203",2022,-176.583859105322,60.7039804968599,-125.98973452868,133,-29.8860361111111,0.778553218902865,136,"ice_full","8"
"8204",2022,-175.50816901336,60.7129658700918,-100.092125339886,125,-26.6153097222222,0.802505336934156,138,"ice_full","8"
"8205",2022,-174.476697809368,60.7370695105066,-79.6088191905266,125,-10.0802472222222,0.879360803289992,124,"ice_full","9"
"8206",2022,-173.460412774768,60.7097727515668,-55.2646735172812,125,5.43711805555555,0.83722506541868,122,"ice_full","9"
"8207",2022,-172.516019900969,60.7359894231987,-56.8463365077902,141,17.0478247338366,0.858222838667472,122,"ice_full","9"
"8208",2022,-171.462219302601,60.7394755338248,-57.1509815896388,133,12.7574347222222,0.889424424052028,114,"ice_full","9"
"8209",2022,-170.474861529092,60.7452128151176,-55.061424183354,117,12.8822347222222,0.887519653342367,112,"ice_full","9"
"8210",2022,-169.428432909699,60.7644134545516,-45.1474755103627,117,26.4785930555556,0.878631287151349,111,"ice_full","11"
"8211",2022,-168.507688000104,60.7702145904416,-37.5052875288252,125,44.9438819444444,0.859733581961591,111,"ice_full","11"
"8212",2022,-167.562563475015,60.7620422126012,-29.062597634088,133,48.5766152777778,0.777791087962963,110,"ice_free","11"
"8216",2022,-178.489251943729,61.2012675870067,-160.085847736224,133,-33.7344986111111,0.755294638388388,141,"ice_full",NA
"8218",2022,-176.475410117261,61.2350979536611,-110.835611922844,141,-22.5641375,0.820988771117609,144,"ice_full","8"
"8219",2022,-175.486932196735,61.1938897775965,-82.8782853940694,141,-20.1273125,0.798864023919753,150,"ice_full","10"
"8220",2022,-174.34478786763,61.259130039235,-72.8971206258458,133,-0.940931944444444,0.807368193594971,139,"ice_full","10"
"8221",2022,-173.544059107321,61.2738939232035,-65.7970368089765,133,20.3304083333333,0.86605091374269,125,"ice_full","10"
"8222",2022,-172.475406540855,61.2579216216909,-52.609784263561,125,22.3987513888889,0.876761217948718,121,"ice_full","10"
"8223",2022,-171.423104716903,61.2481091297982,-64.0801854434939,117,17.6871111111111,0.869102220117845,118,"ice_full","10"
"8224",2022,-170.499578959806,61.259690931112,-48.8468300027342,117,23.8605527777778,0.880981963734568,114,"ice_full","10"
"8225",2022,-169.433249748591,61.2669099021266,-43.3662230989957,117,34.5642611111111,0.872674062782295,112,"ice_full","11"
"8226",2022,-168.509223932256,61.2561310566191,-35.5743162735587,109,53.3542125,0.839519947416552,111,"ice_full","11"
"8227",2022,-167.475251061968,61.2232501986132,-25.341195420272,109,57.8217111111111,0.752910093735711,111,"ice_full","11"
"8232",2022,-176.569661703991,61.7109500118947,-107.251847953216,141,-21.2011805555556,0.866530414653784,145,"ice_full","8"
"8234",2022,-174.492337977241,61.7396950532977,-65.8114464128578,133,6.75131666666667,0.842434158805031,136,"ice_full","10"
"8235",2022,-173.451102380546,61.6939987833144,-65.6354313650002,133,23.3034180555556,0.825683459993012,136,"ice_full","10"
"8236",2022,-172.461864255457,61.7369856625635,-58.1350187988911,125,25.1006361111111,0.781014398572885,139,"ice_full","10"
"8237",2022,-171.522499241318,61.7625341288568,-62.1757985605547,125,21.204975,0.847909381091618,125,"ice_full","10"
"8238",2022,-170.49041648988,61.7384949765296,-48.6141842176748,125,25.3646791666667,0.856710698470209,122,"ice_full","10"
"8239",2022,-169.486463540303,61.7447226440595,-41.6299564548284,133,33.9400763888889,0.856834517657192,116,"ice_full","11"
"8240",2022,-168.522628446837,61.7580672655535,-34.3491771771772,125,46.2084861111111,0.823010709504685,113,"ice_full","11"
"8241",2022,-167.429380153277,61.7453129190439,-24.8100508603594,109,47.7330722222222,0.757566700960219,111,"ice_full","11"
"8243",2022,-179.518321280166,62.3239269186436,-127.150156391501,149,-25.8463902777778,0.866079880563337,149,"ice_full",NA
"8244",2022,-178.545017990258,62.2850730731839,-137.306807832423,149,-25.4204083333333,0.872307215771099,152,"ice_full",NA
"8245",2022,-177.48535922212,62.2204745620329,-103.408002536003,149,-25.9757638888889,0.884801398533951,150,"ice_full",NA
"8248",2022,-174.472770582452,62.2850886048946,-68.9412195228144,125,11.2544583333333,0.785661668305474,143,"ice_full","10"
"8249",2022,-173.559261256512,62.3227084556335,-60.452463738167,125,19.3702180555556,0.838462396069539,128,"ice_full","10"
"8250",2022,-172.427915808698,62.2611458082142,-48.5358998642323,125,20.471,0.836617139274691,126,"ice_full","10"
"8251",2022,-171.455279174741,62.2723940585041,-46.4771379476124,117,21.1303041666667,0.803679556530214,125,"ice_full","10"
"8252",2022,-170.501123031139,62.2438803536535,-44.286474933152,125,20.9880638888889,0.792725856232577,123,"ice_full","10"
"8253",2022,-169.496622931867,62.2578964563902,-38.0834827603584,165,22.592375,0.771357065803668,133,"ice_free","10"
"8254",2022,-168.500971653498,62.2352262237643,-32.2195287297528,165,28.8862875,0.843281182708872,116,"ice_free","11"
"8255",2022,-167.476237930669,62.2328042476501,-25.4371529446945,109,39.0491625,0.781587877229081,111,"ice_full","11"
"8257",2022,-179.529702568963,62.7634163835908,-106.374228222219,149,-7.43288472222222,0.912498247961264,139,"ice_full",NA
"8258",2022,-178.564165983495,62.8179051532516,-93.047394498653,141,-14.7459263888889,0.907691340953786,143,"ice_full",NA
"8259",2022,-177.509843845367,62.7877578258514,-110.634583333333,149,-17.3173472222222,0.887303143479614,149,"ice_full",NA
"8260",2022,-176.539008435314,62.7658580713473,-98.775092147986,149,-15.7835583333333,0.867389979338843,151,"ice_full",NA
"8262",2022,-174.508069476908,62.7306076687526,-81.632481982735,141,18.4219361111111,0.678980898291702,159,"ice_full","10"
"8263",2022,-173.495020626025,62.7088086600822,-64.7917667408174,125,20.6535402777778,0.755249839248971,138,"ice_full","10"
"8264",2022,-172.442227366678,62.7077066417929,-54.1322414033088,133,14.9961083333333,0.832300433412136,124,"ice_full","10"
"8265",2022,-171.449419514285,62.7309918298083,-45.3517626995535,125,19.3279513888889,0.8009776318438,122,"ice_full","10"
"8266",2022,-170.386662059882,62.7983253546314,-33.5522557387059,125,19.8937,0.756050285657998,124,"ice_full","10"
"8267",2022,-169.558956389797,62.7839472422025,-29.6087342335431,165,22.6847146498826,0.778322974537037,130,"ice_free","10"
"8268",2022,-168.521957174881,62.7505958786415,-29.3543047312637,125,22.5421166666667,0.817981091742252,128,"ice_full","11"
"8269",2022,-167.483427067723,62.7474754935878,-25.615610049964,125,30.9456486111111,0.791991775599129,115,"ice_full","11"
"8272",2022,-179.502644911857,63.2513136437176,-82.8700152092526,157,14.5672611111111,0.927329482519903,137,"ice_full",NA
"8273",2022,-178.541538559251,63.2617323819751,-94.2624136848713,149,-5.09795694444444,0.918004183656133,139,"ice_full",NA
"8274",2022,-177.458624659176,63.2568489693957,-102.272369812995,141,-2.27131805555555,0.887984364847303,144,"ice_full",NA
"8275",2022,-176.573348542571,63.3002609810938,-94.823967086641,149,-0.907387500000001,0.829803327546296,150,"ice_full",NA
"8278",2022,-173.557452726311,63.2505089917147,-80.3436787358622,125,20.5704875,0.784234552154195,128,"ice_full","12"
"8281",2022,-170.576924348288,63.1732502964621,-21.3203305345616,157,28.1250184742678,0.525090647370059,149,"ice_full","12"
"8283",2022,-168.534858125178,63.2008159340258,-24.7646259040817,133,22.5006875312578,0.766629944363223,144,"ice_full","12"
"8284",2022,-167.472517249384,63.2485504444988,-25.932031045208,125,22.6216291666667,0.69056136344678,141,"ice_full","14"
"8287",2022,-179.532684215601,63.7354292408856,-60.5141656602254,141,29.1220152777778,0.927097539741068,143,"ice_full",NA
"8288",2022,-178.533877604717,63.7179967290288,-71.7855824574575,141,8.05955,0.919012783151455,142,"ice_full",NA
"8289",2022,-177.519226904223,63.6962669560306,-86.2221427831812,141,0.360243055555557,0.8939349449047,144,"ice_full",NA
"8290",2022,-176.576969738727,63.7075763137223,-90.3078673270659,149,-4.23804444444444,0.833637731481481,149,"ice_full",NA
"8291",2022,-175.44014442509,63.7196480656077,-83.2896794338148,149,-2.22896388888889,0.769012626262626,151,"ice_full",NA
"8296",2022,-170.503862397732,63.8301504188461,-29.6473110536589,157,15.2781220510245,0.560946328596038,159,"ice_full","12"
"8298",2022,-168.491301140234,63.7591449269703,-28.8345588777062,165,19.9112097222222,0.716351974607183,162,"ice_full","14"
"8299",2022,-167.463565087925,63.7044915360497,-26.3369314433252,125,17.9830430555556,0.769596794711378,141,"ice_full","14"
"8302",2022,-179.496724373799,64.2292850900072,-54.0631520298302,149,18.1609430555556,0.930051043628374,148,"ice_full",NA
"8303",2022,-178.501171602614,64.2412345747125,-72.9354356890067,149,-1.07250277777778,0.922829195024797,147,"ice_full",NA
"8306",2022,-175.399337626497,64.1996727512995,-85.1960820287508,149,-13.0949263888889,0.814228984925008,151,"ice_full",NA
"8308",2022,-173.489018787098,64.2062834111417,-38.0369601930391,157,-3.50682658510754,0.505796467061324,152,"ice_full",NA
"8311",2022,-170.477192884606,64.2617993519249,-43.4280911924794,133,4.97005972222222,0.674794047890103,152,"ice_full","12"
"8312",2022,-169.536523213492,64.25343149128,-39.4705451700431,157,8.53053333333333,0.719020268299796,157,"ice_full","12"
"8313",2022,-168.384245940122,64.2777160343502,-30.3388704140063,157,13.5038055555556,0.712355386879127,159,"ice_full","14"
"8314",2022,-167.498047693361,64.2533976186087,-25.8732556258308,125,14.9037263888889,0.775662830075446,138,"ice_full","14"
"8320",2022,-179.571121326425,64.7907811733911,-52.9013751510118,157,-3.84684861111111,0.911619099119611,152,"ice_full",NA
"8321",2022,-178.380847388204,64.6799402318022,-70.3963258516319,149,-20.6826291666667,0.902380768518519,155,"ice_full",NA
"8324",2022,-175.543227813026,64.7493863759141,-43.6154004733072,157,-11.8920009868349,0.605512205387205,162,"ice_full",NA
"8326",2022,-172.115746188194,64.7137227340021,-28.5464831170612,157,5.85373681949001,0.327217642054448,147,"ice_full",NA
"8327",2022,-171.48212764099,64.724378823277,-39.4047029588889,157,7.80947777777778,0.730015245849298,146,"ice_full",NA
"8328",2022,-170.484280583839,64.7535019499838,-47.8948193990713,133,7.47131944444444,0.783720134350036,132,"ice_full","12"
"8329",2022,-169.536267319573,64.7455321325308,-46.8722751281036,141,7.87619444444444,0.755271525799304,147,"ice_full","12"
"8330",2022,-168.496403251392,64.7217516528065,-34.1777084139889,157,7.79247916666667,0.70310035083912,158,"ice_full","14"
"8333",2022,-179.375197717823,65.1226622471858,-49.9912144390912,165,-2.37438204407653,0.635804561163276,172,"ice_full",NA
"8336",2022,-176.456587469255,65.2641916396736,-27.5217830375143,157,-2.11180301156199,0.622433298452562,176,"ice_full",NA
"8339",2022,-171.496114340822,65.2501473524538,-31.0937290876303,157,18.9816986111111,0.761577472222222,155,"ice_full",NA
"8340",2022,-170.503191149346,65.2412843247591,-39.6108615716831,157,13.1617847222222,0.826376891915954,134,"ice_free",NA
"8341",2022,-169.57547338579,65.1956925136447,-47.5886820160023,141,9.5145125,0.852551974143955,136,"ice_full","12"
"8347",2022,-170.254324650595,65.6988560462584,-30.8510020751883,157,15.3604652145712,0.570223257797271,163,"ice_full",NA
"8348",2022,-169.611955265393,65.7685230217844,-42.2045201227271,141,9.25686666666667,0.860012593442066,139,"ice_full",NA
