14:0_percWT,TMTD_percWT,14:1_percWT,i15:0_percWT,ai15:0_percWT,15:0_percWT,15:1_percWT,i16:0_percWT,ai16:0?_percWT,pristanic?_percWT,16:0_percWT,16:1w11?_percWT,16:1w9?_percWT,16:1w7_percWT,16:1w5_percWT,i17:0_percWT,ai17:0_percWT,16:2w4_percWT,phytanic?_percWT,17:0_percWT,16:3w4?_percWT,17:1_percWT,16:4w3?_percWT,16:4w1_percWT,18:0_percWT,18:1w11?_percWT,18:1w9_percWT,18:1w7_percWT,18:1w6?_percWT,18:1w5?_percWT,18:2a_percWT,18:2b_percWT,18:2w6_percWT,18:2w4_percWT,18:3w6_percWT,19:0_percWT,18:3w4_percWT,18:3w3_percWT,18:4w3_percWT,18:4w1?_percWT,20:0_percWT,18:5w3_percWT,20:1w11?_percWT,20:1w9_percWT,20:1w7?_percWT,20:2a?_percWT,20:2b?_percWT,20:2w6_percWT,20:3w6_percWT,21:0_percWT,20:4w6_percWT,20:3w3_percWT,20:4w3_percWT,20:5w3_percWT,22:0_percWT,22:1w11(13)_percWT,22:1w9_percWT,22:1w7_percWT,22:2NMIDa?_percWT,22:2NMIDb?_percWT,21:5w3?_percWT,23:0_percWT,22:4w6?_percWT,22:5w6_percWT,22:4w3?_percWT,22:5w3_percWT,24:0_percWT,22:6w3_percWT,24:1(24:1n-9)_percWT,Bacterial_percWT,SFA_percWT,MUFA_percWT,PUFA_percWT,PUFA/SFA_percWT,Sum_N-3_PUFA_percWT,DHA/EPA__percWT,Diatom_freshness_percWT,Zooplankton_percWT,Nearshore_percWT,Diatom_Indicator_percWT,Diatom_to_Flagellate_percWT,Carnivory_benthic_pelagic_percWT,Storage_lipid_diatom_percWT,Membrane_lipid_diatom_percWT,vial_id,year,cruise,gis_station,total_benthic_cpue,area_swept,cpue,vessel,haul,sex,cw,ch_cc,crab_wgt,hepato_wwt,hepato_dwt,maturity,mid_latitude,mid_longitude,bottom_depth,gear_temperature,sample_region,lme,bsierp_region
2.49,0.05,0.09,0.2,0.01,0.65,0,0.29,0.06,0,12.42,0,0,14.53,0.18,0.58,0.71,0.86,0.36,0,0.75,0,0.1,0.45,2.54,0.41,9.64,8.64,0.44,0.09,0,0,0.81,0.38,0.2,0,0.36,0.1,1.03,0.13,0,0.1,3.02,1.43,7.79,0,0,0.65,0,0.03,2,0,0.42,15.8,0.07,0.47,0.76,0.52,0.19,0.63,0,0,0,0.62,0,1.93,0.01,3.9,0.09,2.51,20.48,48.12,31.4,1.53,23.37,0.25,0.07,14,0.91,1.17,0.69,1.12,14.06,4.05,2019-1,2019,201902,W-27,193.027395,0.01495924640185965,67622.14170589813,162,1,1,87.44,14.92,248.3,0.6304,0.1702,0,62.31661,-175.31904,80,0.2,7,NBS,10
2.97,0.07,0.1,0.39,0.02,0.71,0,0.51,0.1,0,12.69,0,0,14.88,0.25,0.77,1.11,0.9,0.33,0,0.71,0,0.14,0.52,2.65,0.56,8.88,6.55,0.47,0.1,0,0,0.84,0.42,0.15,0,0.36,0.19,1.07,0.14,0,0.28,3.47,1.36,6.67,0,0,0.55,0,0,1.97,0,0.4,15.71,0.06,0.59,1.13,0.55,0.18,0.47,0,0,0,0.58,0,1.99,0.03,4.19,0.26,3.61,22.41,45.82,31.76,1.42,23.98,0.27,0.08,13.77,1.03,1.17,0.66,1.36,13.85,3.75,2019-2,2019,201902,W-27,193.027395,0.01495924640185965,67622.14170589813,162,1,1,78.57,11.38,170.6,0.6854,0.1509,0,62.31661,-175.31904,80,0.2,7,NBS,10
2.36,0.05,0.09,0.34,0.01,0.66,0,0.46,0.09,0,12.52,0,0,12.74,0.22,0.74,1,0.82,0.35,0,0.67,0,0.11,0.38,2.78,0.54,10.52,8.02,0.53,0.1,0,0,0.9,0.34,0.16,0,0.38,0.16,0.92,0.14,0,0.05,3.56,1.47,7.14,0,0,0.6,0,0.03,2.18,0,0.34,15.19,0.06,0.46,1.06,0.77,0.18,0.55,0,0,0,0.5,0,2.13,0.01,4.36,0.24,3.3,21.47,47.47,31.07,1.45,23.25,0.29,0.07,14.46,1.06,1.02,0.65,1.31,13.81,3.48,2019-3,2019,201902,W-27,193.027395,0.01495924640185965,67622.14170589813,162,1,1,75.87,11.99,151.8,0.7067,0.1746,0,62.31661,-175.31904,80,0.2,7,NBS,10
NA,NA,NA,NA,NA,NA,NA,NA,NA,NA,NA,NA,NA,NA,NA,NA,NA,NA,NA,NA,NA,NA,NA,NA,NA,NA,NA,NA,NA,NA,NA,NA,NA,NA,NA,NA,NA,NA,NA,NA,NA,NA,NA,NA,NA,NA,NA,NA,NA,NA,NA,NA,NA,NA,NA,NA,NA,NA,NA,NA,NA,NA,NA,NA,NA,NA,NA,NA,NA,NA,NA,NA,NA,NA,NA,NA,NA,NA,NA,NA,NA,NA,NA,NA,2019-4,2019,201902,W-27,193.027395,0.01495924640185965,67622.14170589813,162,1,1,78.97,12.31,189.2,0.7634,0.1697,0,62.31661,-175.31904,80,0.2,7,NBS,10
NA,NA,NA,NA,NA,NA,NA,NA,NA,NA,NA,NA,NA,NA,NA,NA,NA,NA,NA,NA,NA,NA,NA,NA,NA,NA,NA,NA,NA,NA,NA,NA,NA,NA,NA,NA,NA,NA,NA,NA,NA,NA,NA,NA,NA,NA,NA,NA,NA,NA,NA,NA,NA,NA,NA,NA,NA,NA,NA,NA,NA,NA,NA,NA,NA,NA,NA,NA,NA,NA,NA,NA,NA,NA,NA,NA,NA,NA,NA,NA,NA,NA,NA,NA,2019-5,2019,201902,W-27,193.027395,0.01495924640185965,67622.14170589813,162,1,1,78.61,12.83,175.1,1.0278,0.2458,0,62.31661,-175.31904,80,0.2,7,NBS,10
NA,NA,NA,NA,NA,NA,NA,NA,NA,NA,NA,NA,NA,NA,NA,NA,NA,NA,NA,NA,NA,NA,NA,NA,NA,NA,NA,NA,NA,NA,NA,NA,NA,NA,NA,NA,NA,NA,NA,NA,NA,NA,NA,NA,NA,NA,NA,NA,NA,NA,NA,NA,NA,NA,NA,NA,NA,NA,NA,NA,NA,NA,NA,NA,NA,NA,NA,NA,NA,NA,NA,NA,NA,NA,NA,NA,NA,NA,NA,NA,NA,NA,NA,NA,2019-6,2019,201901,V-27,177.02249400000002,0.013912080357285,170569.63941107484,162,193,1,80.11,13.21,NA,0.9814,0.2139,0,61.99908,-175.17202,80,0.4,4,EBS,9
2.82,0.07,0.13,0.23,0.02,0.74,0,0.3,0.06,0,12.21,0,0,15.49,0.2,0.6,0.76,0.92,0.39,0,0.84,0,0.01,0.5,2.42,0.4,10.83,8.01,0.46,0.09,0,0,0.75,0.3,0.21,0,0.32,0.1,0.89,0.16,0,0,2.95,1.4,6.61,0,0,0.61,0,0.03,2.19,0,0.4,14.45,0.08,0.5,1.03,1.11,0.27,0.79,0.02,0,0.01,0.52,0,1.87,0.01,3.68,0.21,2.73,20.75,49.44,29.8,1.44,21.42,0.25,0.08,13.61,0.85,1.27,0.83,1.35,17.38,3.93,2019-7,2019,201901,V-27,177.02249400000002,0.013912080357285,170569.63941107484,162,193,1,83.34,13.34,NA,1.0267,0.2866,0,61.99908,-175.17202,80,0.4,4,EBS,9
NA,NA,NA,NA,NA,NA,NA,NA,NA,NA,NA,NA,NA,NA,NA,NA,NA,NA,NA,NA,NA,NA,NA,NA,NA,NA,NA,NA,NA,NA,NA,NA,NA,NA,NA,NA,NA,NA,NA,NA,NA,NA,NA,NA,NA,NA,NA,NA,NA,NA,NA,NA,NA,NA,NA,NA,NA,NA,NA,NA,NA,NA,NA,NA,NA,NA,NA,NA,NA,NA,NA,NA,NA,NA,NA,NA,NA,NA,NA,NA,NA,NA,NA,NA,2019-8,2019,201901,V-27,177.02249400000002,0.013912080357285,170569.63941107484,162,193,1,78.86,13.02,190.5,1.0815,0.2794,0,61.99908,-175.17202,80,0.4,4,EBS,9
NA,NA,NA,NA,NA,NA,NA,NA,NA,NA,NA,NA,NA,NA,NA,NA,NA,NA,NA,NA,NA,NA,NA,NA,NA,NA,NA,NA,NA,NA,NA,NA,NA,NA,NA,NA,NA,NA,NA,NA,NA,NA,NA,NA,NA,NA,NA,NA,NA,NA,NA,NA,NA,NA,NA,NA,NA,NA,NA,NA,NA,NA,NA,NA,NA,NA,NA,NA,NA,NA,NA,NA,NA,NA,NA,NA,NA,NA,NA,NA,NA,NA,NA,NA,2019-9,2019,201901,V-27,177.02249400000002,0.013912080357285,170569.63941107484,162,193,1,87.42,14.75,NA,1.1223,0.2368,0,61.99908,-175.17202,80,0.4,4,EBS,9
2.8,0.08,0.09,0.21,0.01,0.8,0,0.29,0.08,0,12.25,0,0,16.25,0.2,0.56,0.75,1.08,0.41,0,0.84,0.1,0.01,0.58,2.71,0.33,8.47,6.88,0.44,0.08,0,0,0.74,0.31,0.21,0,0.35,0.23,1.29,0.15,0,0.16,2.71,1.29,7.03,0,0,0.6,0,0,2.09,0,0.41,16.65,0.07,0.51,1.07,0.82,0.22,0.53,0,0,0,0.46,0,1.81,0.01,3.75,0.22,2.8,21.02,46.49,32.49,1.55,24.32,0.23,0.08,13.43,0.97,1.33,0.73,1.23,12.58,4.44,2019-10,2019,201901,V-27,177.02249400000002,0.013912080357285,170569.63941107484,162,193,1,91.84,13.01,219.2,1.3592,0.3829,0,61.99908,-175.17202,80,0.4,4,EBS,9
2.66,0.07,0.07,0.18,0.02,0.71,0,0.26,0.15,0,13.29,0,0,15.07,0.17,0.51,0.65,1.11,0.39,0,0.39,0,0.01,0.96,2.76,0.47,9.18,7.62,0.38,0.08,0,0,0.77,0.39,0.2,0,0.48,0.15,1.7,0,0,0.38,3.04,0.67,7.78,0,0,0.5,0,0.03,1.64,0,0.41,16.9,0.08,0.37,0.58,0.46,0.22,0.72,0,0,0,0.35,0,1.47,0.01,3.44,0.07,2.48,21.78,46.02,32.21,1.48,24.46,0.2,0.08,12.91,0.92,1.13,0.61,1.2,8.87,4.92,2019-11,2019,201902,V-24,2639.184729,0.01412747210032455,570605.7752409088,94,1,1,55.53,7.92,67.8,1.1139,0.2632,0,62.00723,-173.08002,58,0.8,7,NBS,10
5.99,0.02,0.24,0.18,0.02,0.43,0,0.19,0.15,0,13.06,0,0,6.74,0.2,0.54,0.24,0.64,0.29,0,0.44,0,0.01,0.27,2.36,0.19,13.03,4.38,0.67,0.09,0,0,1.8,0.14,0.11,0.13,0,0.66,0.69,0.09,0,0.93,8.79,2.53,1.64,0,0,0.67,0,0.03,1.15,0,0.31,10.78,0.06,6.91,1.54,0.42,0.27,0.17,0,0,0.03,0.22,0.02,1.59,0.02,7.4,0.54,1.75,23.7,47.92,28.38,1.2,22.39,0.69,0.06,21.83,2.46,0.52,0.31,2.97,9.73,1.46,2019-12,2019,201901,N-31,2611.952484,0.0138915643311522,1511.708796748466,162,177,2,54.64,0,52.4,0.7629,0.1961,0,59.32743,-177.05585,149,3.2,5,EBS,8
2.34,0.04,0.06,0.42,0.02,0.62,0,0,0.1,0,11.72,0,0,11.99,0.23,0.86,1.22,0.81,0.35,0,0.62,0,0.02,0.36,2.9,0.46,11.86,9.36,0.6,0.17,0,0,1.13,0.49,0.18,0,0.38,0.06,0.96,0.16,0,0.64,3.53,1.93,7.67,0,0,0.69,0,0.02,2.02,0,0.3,12.59,0.07,0.35,0.98,1.62,0.19,0.53,0,0,0,0.48,0,1.99,0.01,3.68,0.22,3.24,20.71,51.03,28.27,1.37,20.24,0.29,0.07,16.08,1.19,1.02,0.45,1.27,56.26,3.42,2019-13,2019,201902,W-27,193.027395,0.01495924640185965,67622.14170589813,162,1,1,85.09,15.04,230.6,1.0088,0.1771,0,62.31661,-175.31904,80,0.2,7,NBS,10
2.98,0.06,0.1,0.22,0.02,0.71,0,0.3,0.09,0,11.72,0,0.08,15.42,0.19,0.57,0.76,1.15,0.4,0,0.59,0,0.01,0.7,2.48,0.36,10.49,7.89,0.45,0.09,0,0,0.82,0.43,0.22,0,0.33,0.12,1.29,0.19,0,0.56,2.65,1.34,6.64,0,0,0.55,0,0.03,2.2,0,0.35,15.37,0.09,0.41,1.09,0.83,0.17,0.54,0,0,0.02,0.66,0.01,1.73,0.01,3.42,0.09,2.66,20.43,48.12,31.45,1.54,22.87,0.22,0.08,12.96,0.94,1.31,0.62,1.33,11.98,4.49,2019-14,2019,201902,W-27,193.027395,0.01495924640185965,67622.14170589813,162,1,1,93.94,13.48,224.8,0.9917,0.2046,0,62.31661,-175.31904,80,0.2,7,NBS,10
2.33,0.06,0.11,0.36,0.02,0.68,0,0.47,0.1,0,11.82,0,0,13.48,0.24,0.78,1.04,1,0.4,0,0.77,0,0.02,0.45,2.77,0.54,10.43,8.51,0.56,0.12,0,0,0.94,0.48,0.18,0,0.36,0.1,0.88,0.16,0,0.13,3.55,1.58,7.04,0,0,0.62,0,0.03,2.2,0,0.33,14.05,0.09,0.55,1.07,0.84,0.2,0.7,0,0,0.02,0.52,0,2.09,0.01,4.03,0.22,3.44,20.95,48.84,30.21,1.44,21.62,0.29,0.08,14.63,1.04,1.14,0.69,1.23,15.3,3.49,2019-15,2019,201902,W-27,193.027395,0.01495924640185965,67622.14170589813,162,1,1,79.23,13.57,199.4,1.1415,0.2166,0,62.31661,-175.31904,80,0.2,7,NBS,10
NA,NA,NA,NA,NA,NA,NA,NA,NA,NA,NA,NA,NA,NA,NA,NA,NA,NA,NA,NA,NA,NA,NA,NA,NA,NA,NA,NA,NA,NA,NA,NA,NA,NA,NA,NA,NA,NA,NA,NA,NA,NA,NA,NA,NA,NA,NA,NA,NA,NA,NA,NA,NA,NA,NA,NA,NA,NA,NA,NA,NA,NA,NA,NA,NA,NA,NA,NA,NA,NA,NA,NA,NA,NA,NA,NA,NA,NA,NA,NA,NA,NA,NA,NA,2019-16,2019,201902,W-27,193.027395,0.01495924640185965,67622.14170589813,162,1,1,80.69,14.25,208.7,0.9922,0.2586,0,62.31661,-175.31904,80,0.2,7,NBS,10
5.87,0.02,0.22,0.16,0.02,0.39,0,0,0.15,0,13.32,0,0,7.89,0.18,0.49,0.23,0.52,0.28,0,0.42,0,0.01,0.32,2.3,0.19,13.38,4.42,0.66,0.09,0,0,1.87,0.14,0.11,0.02,0,0.96,0.89,0.09,0,0.6,9,2.77,1.5,0,0,0.65,0,0.03,1.1,0,0.32,9.53,0.06,9,1.37,0.38,0.22,0.12,0,0,0,0.17,0,1.35,0.01,5.67,0.57,1.44,23.33,51.61,25.06,1.07,19.32,0.6,0.06,24.02,2.83,0.59,0.27,3.03,8.91,1.68,2019-17,2019,201901,N-31,2611.952484,0.0138915643311522,1511.708796748466,162,177,2,53.46,0,50.8,1.0287,0.2504,0,59.32743,-177.05585,149,3.2,5,EBS,8
NA,NA,NA,NA,NA,NA,NA,NA,NA,NA,NA,NA,NA,NA,NA,NA,NA,NA,NA,NA,NA,NA,NA,NA,NA,NA,NA,NA,NA,NA,NA,NA,NA,NA,NA,NA,NA,NA,NA,NA,NA,NA,NA,NA,NA,NA,NA,NA,NA,NA,NA,NA,NA,NA,NA,NA,NA,NA,NA,NA,NA,NA,NA,NA,NA,NA,NA,NA,NA,NA,NA,NA,NA,NA,NA,NA,NA,NA,NA,NA,NA,NA,NA,NA,2019-18,2019,201901,PO2423,2291.269765,0.0145501203732786,272172.1311167171,94,159,1,81.02,12.73,181.2,0.9145,0.0666,0,59.83477,-172.24578,76,2.3,4,EBS,9
2.07,0.06,0.1,0.19,0.01,0.67,0,0,0.14,0,9.98,0,0,12.33,0.2,0.62,0.77,1.11,0.34,0,0.33,0,0.02,0.51,2.72,0.51,7.15,7.99,0.44,0.13,0,0,1.2,0.58,0.24,0,0.55,0.09,1.25,0,0,0.55,3.57,0.94,9.87,0,0,0.75,0,0,2.2,0,0.49,18.43,0.09,0.38,0.98,1.27,0.25,0.63,0,0,0,0.59,0,2.2,0.01,4.36,0.13,2.41,17.67,45.99,36.34,2.06,27.39,0.24,0.08,17.01,1.29,1.24,0.44,0.9,9.84,4.23,2019-19,2019,201901,PO2423,2291.269765,0.0145501203732786,272172.1311167171,94,159,1,82.32,13.07,209.8,0.9893,0.2721,0,59.83477,-172.24578,76,2.3,4,EBS,9
NA,NA,NA,NA,NA,NA,NA,NA,NA,NA,NA,NA,NA,NA,NA,NA,NA,NA,NA,NA,NA,NA,NA,NA,NA,NA,NA,NA,NA,NA,NA,NA,NA,NA,NA,NA,NA,NA,NA,NA,NA,NA,NA,NA,NA,NA,NA,NA,NA,NA,NA,NA,NA,NA,NA,NA,NA,NA,NA,NA,NA,NA,NA,NA,NA,NA,NA,NA,NA,NA,NA,NA,NA,NA,NA,NA,NA,NA,NA,NA,NA,NA,NA,NA,2019-20,2019,201901,PO2423,2291.269765,0.0145501203732786,272172.1311167171,94,159,1,82.18,12.92,202.3,0.9261,0.0909,0,59.83477,-172.24578,76,2.3,4,EBS,9
1.55,0.05,0.02,0.23,0.01,0.57,0,0,0.17,0,10.12,0,0,8.29,0.2,1,1.03,1.28,0.58,0,0.55,0,0.08,0.32,3.33,0.59,6.21,6.78,0.7,0.22,0,0,0.86,0.5,0.19,0,0.35,0.2,0.57,0.17,0,1.28,2.88,1.18,5.03,0,0,0.91,0,0,3.88,0,0.28,22.64,0.19,0.74,1.2,1.2,0.18,0.69,0,0,0,0.62,0,2.73,0.1,7.08,0.45,3.01,18.94,35.7,45.36,2.39,34.86,0.31,0.11,12.24,1.06,0.82,0.54,0.92,14.6,3.2,2019-21,2019,201901,PO2423,2291.269765,0.0145501203732786,272172.1311167171,94,159,1,80.68,13.36,184.8,1.0241,0.1056,0,59.83477,-172.24578,76,2.3,4,EBS,9
0.94,0.04,0.05,0.18,0.11,0.39,0,0,0.11,0,9.4,0,0,6.07,0.17,0.77,0.74,0.73,0.41,0,0.38,0,0.03,0.09,3.82,0,10.93,10.19,0,0.21,0,0,0.88,0.55,0.22,0,0.28,0.27,0.23,0.2,0,2.67,3.74,3.15,8.76,0,0,1.2,0,0,3,0,0.23,14.32,0.26,0,2.56,1.38,0.21,0.75,0,0,0.46,0.61,0,2.44,0.11,5.29,0.45,2.32,17.28,47.68,35.04,2.03,25.49,0.37,0.07,19.6,1.14,0.65,0.23,1.07,26.35,2.71,2019-22,2019,201901,PO2423,2291.269765,0.0145501203732786,272172.1311167171,94,159,1,86.37,13.97,230.1,1.59,0.1385,0,59.83477,-172.24578,76,2.3,4,EBS,9
NA,NA,NA,NA,NA,NA,NA,NA,NA,NA,NA,NA,NA,NA,NA,NA,NA,NA,NA,NA,NA,NA,NA,NA,NA,NA,NA,NA,NA,NA,NA,NA,NA,NA,NA,NA,NA,NA,NA,NA,NA,NA,NA,NA,NA,NA,NA,NA,NA,NA,NA,NA,NA,NA,NA,NA,NA,NA,NA,NA,NA,NA,NA,NA,NA,NA,NA,NA,NA,NA,NA,NA,NA,NA,NA,NA,NA,NA,NA,NA,NA,NA,NA,NA,2019-23,2019,201901,PO2423,2291.269765,0.0145501203732786,272172.1311167171,94,159,1,85.96,14.03,235.4,0.9444,0.089,0,59.83477,-172.24578,76,2.3,4,EBS,9
1.3,0.06,0.03,0.18,0.11,0.56,0,0,0.09,0,10.01,0,0,7.21,0.17,0.98,0.9,0.77,0.76,0,0.59,0,0.1,0.32,4.04,0,6.58,8.63,0,0.22,0,0,0.82,0.55,0.29,0,0.33,0.24,0.48,0.18,0,1.96,2.55,1.09,4.49,0,0,0.84,0,0,4.91,0,0.27,23.28,0.22,0,0.81,1,0.11,0.44,0,0,0,0.77,0,2.95,0.12,7.25,0.48,2.82,19.33,33.25,47.42,2.45,36.52,0.31,0.09,9.94,1.06,0.72,0.37,0.76,15.05,3.21,2019-24,2019,201901,PO2524,2645.963026,0.00989135557344,125795.09256962893,94,158,1,80.18,12.79,184.2,1.1797,0.1215,0,59.83709,-172.89989,80,2.4,4,EBS,9
2.4,0.08,0.07,0.14,0.01,0.79,0,0.27,0.1,0,13.65,0,0,15.04,0.17,0.55,0.64,1.12,0.32,0,0.32,0,0.01,0.85,2.88,0.42,8.34,6.6,0.38,0.08,0,0,0.76,0.52,0.21,0,0.49,0.14,1.58,0,0,0.51,2.95,1.22,7.42,0,0,0.51,0,0.03,1.78,0,0.47,17.26,0.09,0.37,1.15,0.47,0.15,0.53,0,0,0.11,0.56,0,1.7,0.01,3.68,0.11,2.5,21.95,44.79,33.26,1.52,25.35,0.21,0.07,13.57,0.9,1.1,0.55,1.26,9.51,4.69,2019-25,2019,201902,V-24,2639.184729,0.01412747210032455,570605.7752409088,94,1,1,70.77,10.17,126.9,1.0229,0.2416,0,62.00723,-173.08002,58,0.8,7,NBS,10
2.37,0.09,0,0.3,0.18,0.68,0,0,0.16,0,12.66,0,0,7.17,0.2,1.61,1.42,0.9,1.01,0,0.75,0,0.16,0.13,5.93,0,9.51,10.85,0,0.27,0,0,1,0.6,0.24,0,0.37,0.26,0.35,0.36,0,1.83,5.01,1.54,4.36,0,0,1,0,0,6.53,0,0.3,0,0.26,0,2.07,2.22,0.25,0.6,0,0,0,0.88,0,3.58,0.16,8.88,0.98,4.36,26.84,44.17,29,1.08,15.37,NA,0.09,15.19,1.26,0.57,0.39,0.88,20.49,0,2019-26,2019,201901,PO2524,2645.963026,0.00989135557344,125795.09256962893,94,158,1,80.78,11.47,185.8,1.3577,0.1022,0,59.83709,-172.89989,80,2.4,4,EBS,9
3.85,0.07,0.08,0.15,0.01,0.55,0,0,0.1,0,12.37,0,0,12.25,0.24,0.4,0.41,1.39,0.38,0,0.46,0,0.01,0.37,2.64,0.36,10.4,9.35,0.7,0.08,0,0,2.47,0.35,0.28,0,0,0.22,0.76,0.12,0,0.51,2.96,1.37,5.81,0,0,0.68,0,0,1.52,0,0.38,14.86,0.11,0.53,0.76,0.86,0.13,0.48,0,0,0.03,0.24,0,1.35,0.05,6.28,0.26,1.63,21.1,46.01,32.89,1.56,24.38,0.42,0.08,12.29,2.7,0.99,0.47,1.11,16.07,2.37,2019-27,2019,201901,S-23,2864.920859,0.014252620501152,136558.0385615884,94,168,2,50.89,0,41.4,0.7042,0.2149,0,61.00078,-172.16231,64,1.9,4,EBS,9
3.74,0.07,0.08,0.12,0.01,0.56,0,0,0.22,0,12.84,0,0,13.05,0.27,0.36,0.38,2.05,0.35,0,0.46,0,0.01,0.28,2.4,0.49,9.96,9.08,0.71,0,0,0,2.92,0.45,0.28,0,0.17,0.2,0.56,0.17,0,0.2,3,0.78,4.93,0,0,0.67,0,0,1.5,0,0.25,14.95,0.09,0,1.08,1.28,0.12,0.39,0,0,0.12,0.31,0,1.17,0.05,6.6,0.28,1.65,21.2,44.97,33.83,1.6,23.94,0.44,0.1,11.06,3.12,1.02,0.57,1.1,23.2,2.26,2019-28,2019,201901,R-22,108.807972,0.0141907482154284,357176.8889880896,94,166,2,53.78,0,45.7,0.9808,0.2337,0,60.6571,-171.43228,63,2.2,4,EBS,9
3.42,0.06,0.07,0.16,0.01,0.62,0,0.22,0.1,0,12.4,0,0,11.86,0.22,0.44,0.44,1.28,0.36,0,0.52,0,0.01,0,2.81,0.31,9.77,9.22,0.62,0.07,0,0,1.94,0.36,0.23,0,0.25,0.21,0.75,0.09,0,0.43,3.59,1.38,7.32,0,0,0.64,0,0.03,1.57,0,0.31,14.05,0.08,0.65,0.86,0.7,0.12,0.89,0,0,0,0.3,0,1.35,0.04,6.59,0.26,1.99,21.2,46.89,31.91,1.51,23.72,0.47,0.07,14.5,2.15,0.96,0.42,1.06,15.76,2.13,2019-29,2019,201901,S-23,2864.920859,0.014252620501152,136558.0385615884,94,168,2,54.56,0,48.7,0.6917,0.2422,0,61.00078,-172.16231,64,1.9,4,EBS,9
4.39,0.09,0.1,0.12,0.01,0.74,0,0,0.03,0,13.02,0,0,15.6,0.19,0.55,0.54,0.89,0.31,0,0.57,0,0.02,0.57,2.81,0.29,8.51,5.75,0.28,0.07,0,0,2.45,0.23,0.3,0,0.25,0.2,0.85,0.18,0,0.2,2.3,0.86,5.41,0,0,0.59,0,0,2.21,0,0.3,18.66,0.08,0.34,0.56,0.39,0.12,0.35,0,0,0,0.38,0,1.88,0.02,5.24,0.18,1.99,22.72,40.83,36.46,1.6,27.35,0.28,0.07,9.87,2.65,1.2,0.44,1.48,18.41,3.56,2019-30,2019,201901,S-24,335.943917,0.0145410472330266,263874.80891232594,94,171,2,64,0,84.3,0.6515,0.1625,0,61.00004,-172.80977,66,2.3,4,EBS,9
NA,NA,NA,NA,NA,NA,NA,NA,NA,NA,NA,NA,NA,NA,NA,NA,NA,NA,NA,NA,NA,NA,NA,NA,NA,NA,NA,NA,NA,NA,NA,NA,NA,NA,NA,NA,NA,NA,NA,NA,NA,NA,NA,NA,NA,NA,NA,NA,NA,NA,NA,NA,NA,NA,NA,NA,NA,NA,NA,NA,NA,NA,NA,NA,NA,NA,NA,NA,NA,NA,NA,NA,NA,NA,NA,NA,NA,NA,NA,NA,NA,NA,NA,NA,2019-31,2019,201901,S-22,170.42632700000001,0.01444197857091,250671.82050055408,94,167,2,51.87,0,43.8,0.6212,0.1369,0,60.99637,-171.47555,60,2.1,4,EBS,9
NA,NA,NA,NA,NA,NA,NA,NA,NA,NA,NA,NA,NA,NA,NA,NA,NA,NA,NA,NA,NA,NA,NA,NA,NA,NA,NA,NA,NA,NA,NA,NA,NA,NA,NA,NA,NA,NA,NA,NA,NA,NA,NA,NA,NA,NA,NA,NA,NA,NA,NA,NA,NA,NA,NA,NA,NA,NA,NA,NA,NA,NA,NA,NA,NA,NA,NA,NA,NA,NA,NA,NA,NA,NA,NA,NA,NA,NA,NA,NA,NA,NA,NA,NA,2019-32,2019,201901,S-24,335.943917,0.0145410472330266,263874.80891232594,94,171,2,52.59,0,47.7,0.6538,0.1213,0,61.00004,-172.80977,66,2.3,4,EBS,9
4.24,0.12,0.08,0.13,0.01,0.59,0,0,0.18,0,12.42,0,0,14.31,0.3,0.38,0.48,1.88,0.37,0,0.51,0,0.01,0.36,2.47,0.41,8.37,8.45,0.59,0,0,0,3.23,0.35,0.32,0,0.21,0.25,0.82,0.18,0,0.1,3.21,0.73,5.3,0,0,0.78,0,0,1.47,0,0.28,15.5,0.12,0,0.88,0.83,0.19,0.55,0,0,0,0.25,0,1.25,0.04,6.21,0.27,1.79,21.56,43.71,34.73,1.61,24.43,0.4,0.09,10.94,3.48,1.15,0.51,0.99,17.45,2.49,2019-33,2019,201901,R-22,108.807972,0.0141907482154284,357176.8889880896,94,166,2,53.3,0,47.2,0.752,0.1208,0,60.6571,-171.43228,63,2.2,4,EBS,9
3.8,0.08,0.08,0.12,0.01,0.52,0,0.19,0.19,0,11.8,0,0,12.81,0.27,0.35,0.44,1.83,0.36,0,0.46,0,0.01,0.19,2.59,0.47,9.46,8.67,0.68,0.07,0,0,3.25,0.33,0.31,0.07,0.11,0.21,0.61,0.2,0,0.05,3.12,0.77,4.89,0,0,0.74,0,0.03,1.52,0,0.25,15.8,0.1,0.49,0.9,0.87,0.17,0.46,0,0,0.11,0.24,0,1.27,0.04,7.31,0.29,1.81,20.7,43.85,35.45,1.71,25.53,0.46,0.09,11.04,3.47,1.09,0.49,1.09,20.94,2.16,2019-34,2019,201901,R-22,108.807972,0.0141907482154284,357176.8889880896,94,166,2,50.14,0,42.1,0.5384,0.0816,0,60.6571,-171.43228,63,2.2,4,EBS,9
2.19,0.04,0.04,0.11,0.01,0.57,0,0,0.2,0,11.77,0,0,9.19,0.24,0.45,0.55,1.29,0.44,0,0.52,0,0.04,0.13,2.43,0.3,8.01,9.11,0.73,0.08,0,0,2.3,0.39,0.23,0,0.15,0.19,0.42,0.24,0,0.05,2.03,0.86,3.94,0,0,1.02,0,0.01,3.1,0,0.21,21.35,0.17,0.44,0.98,1.38,0.11,0.4,0,0,0,0.41,0.04,1.64,0.05,9.07,0.38,1.88,18.99,37.71,43.3,2.28,33.02,0.42,0.09,9.63,2.49,0.78,0.5,0.88,21.68,2.35,2019-35,2019,201901,S-22,170.42632700000001,0.01444197857091,250671.82050055408,94,167,2,53.3,0,49.4,0.5104,0.0869,0,60.99637,-171.47555,60,2.1,4,EBS,9
3.16,0.06,0.07,0.14,0.01,0.64,0,0,0.19,0,11.76,0,0,10.15,0.27,0.42,0.5,1.64,0.44,0,0.53,0,0.05,0.23,2.48,0.36,7.94,9.6,0.79,0.09,0,0,3.01,0.41,0.28,0,0.16,0.22,0.46,0.2,0,1.06,2.78,0.53,5.43,0,0,1.2,0,0,2.67,0,0.25,16.04,0.17,0,1.15,1.1,0.15,0.51,0,0,0.29,0.35,0,1.45,0.07,8.12,0.44,1.89,20.04,40.69,39.28,1.96,27.64,0.51,0.1,10.99,3.24,0.86,0.42,0.83,22.26,1.98,2019-36,2019,201901,S-22,170.42632700000001,0.01444197857091,250671.82050055408,94,167,2,50.64,0,42.2,0.8331,0.0858,0,60.99637,-171.47555,60,2.1,4,EBS,9
3.4,0.01,0.05,0.14,0.09,0.59,0,0.25,0.22,0,11.67,0,0,10.56,0.26,0.4,0.5,1.68,0.48,0,0.61,0,0.01,0.29,2.48,0.38,8.38,9.8,0.79,0.12,0,0,3.33,0.42,0.3,0,0.2,0.22,0.57,0.17,0,0,2.86,0.91,5.25,0,0,1.11,0,0.04,2.22,0,0.28,15.43,0.14,0.54,0.93,0.94,0.16,0.47,0,0,0.05,0.29,0,1.45,0.05,8.12,0.37,2.19,20.46,42.15,37.39,1.83,26.09,0.53,0.1,11.43,3.55,0.91,0.5,0.85,18.69,1.9,2019-37,2019,201901,S-22,170.42632700000001,0.01444197857091,250671.82050055408,94,167,2,50.51,0,41.4,0.5345,0.0917,0,60.99637,-171.47555,60,2.1,4,EBS,9
4.08,0.1,0.08,0.16,0.01,0.66,0,0.23,0.09,0,13.28,0,0,13.74,0.21,0.42,0.44,1.23,0.37,0,0.54,0,0.18,0.44,2.79,0.37,9.82,7.83,0.58,0.07,0,0,2.16,0.32,0.31,0,0.26,0.23,0.96,0,0,0,3.08,1.1,6.82,0,0,0.62,0,0.03,1.49,0,0.33,14.77,0.08,0.46,0.65,0.63,0.23,0.74,0,0,0,0.26,0,1.29,0.03,5.24,0.21,2.01,22.76,45.65,31.59,1.39,22.99,0.35,0.08,12.74,2.39,1.04,0.56,1.25,14.35,2.82,2019-38,2019,201901,S-23,2864.920859,0.014252620501152,136558.0385615884,94,168,2,54.81,0,53.1,0.8248,0.2438,0,61.00078,-172.16231,64,1.9,4,EBS,9
3.3,0.04,0.07,0.13,0.05,0.62,0,0,0.21,0,12.84,0,0,9.68,0.26,0.42,0.39,2.02,0.43,0,0.5,0,0.26,0.13,3.09,0.49,11.58,8.97,0.86,0.07,0,0,2.02,0.58,0.21,0,0.22,0.2,0.43,0.13,0,0,3.3,1.06,5.01,0,0,0.6,0,0,1.47,0,0.3,15.7,0.1,0,1,1,0.16,0.5,0,0,0,0.2,0,1.26,0.03,7.77,0.31,1.82,21.66,43.67,34.66,1.6,25.93,0.5,0.11,11.38,2.22,0.75,0.77,1.29,22.3,2.02,2019-39,2019,201901,S-23,2864.920859,0.014252620501152,136558.0385615884,94,168,2,52.41,0,46.9,1.1113,0.1653,0,61.00078,-172.16231,64,1.9,4,EBS,9
4.27,0.05,0.08,0.16,0.01,0.68,0,0,0.16,0,13.2,0,0,12.28,0.3,0.5,0.44,1.78,0.35,0,0.44,0,0.26,0.16,2.51,0.42,9.87,8.4,0.82,0.07,0,0,2.16,0.42,0.21,0,0.17,0.2,0.5,0.14,0,0,3.05,1.03,5.38,0,0,0.58,0,0,1.28,0,0.3,14.86,0.08,0.52,0.84,1.04,0.16,0.69,0,0,0,0.25,0,1.2,0.04,7.48,0.22,1.95,22.44,44.33,33.23,1.48,24.79,0.5,0.09,11.86,2.36,0.93,0.7,1.17,24.79,1.99,2019-40,2019,201901,S-23,2864.920859,0.014252620501152,136558.0385615884,94,168,2,50.19,0,43.6,0.7065,0.1169,0,61.00078,-172.16231,64,1.9,4,EBS,9
2.35,0.09,0.06,0.19,0.01,0.68,0,0.31,0.1,0,11.64,0,0,17.14,0.2,0.55,0.7,1,0.32,0,0.33,0,0.18,0.48,2.67,0.47,7.23,9.01,0.4,0.1,0,0,0.87,0.54,0.21,0,0.44,0.07,1.14,0,0,0.28,3.24,0.84,9.92,0,0,0.72,0,0.03,1.8,0,0.43,15.59,0.08,0.34,0.8,0.67,0.2,0.57,0,0,0,0.55,0,1.54,0.01,2.82,0.1,2.55,19.73,50.51,29.76,1.51,22.05,0.18,0.06,15.81,0.95,1.47,0.56,0.8,15.06,5.52,2019-41,2019,201902,V-24,2639.184729,0.01412747210032455,570605.7752409088,94,1,1,75.41,11.19,175,0.8136,0.2258,0,62.00723,-173.08002,58,0.8,7,NBS,10
4.1,0.07,0.11,0.39,0.02,0.83,0,0.38,0.37,0,13.13,0,0,9.24,0.28,0.86,0.93,1.29,0.71,0,0.83,0,0.44,0.44,3.25,0.39,11.46,7.49,0.67,0.14,0,0,0.96,0.52,0.23,0,0,0.17,0.47,0.14,0,0,5.6,1.6,4.88,0,0,0.62,0,0,1.81,0,0.2,11.96,0.13,3.13,1.17,0.71,0.21,1.67,0,0,0,0.27,0,1.71,0.05,3.59,0.36,3.79,25.22,47.23,27.55,1.09,18.54,0.3,0.12,17.09,1.13,0.7,1.21,1.53,19.68,3.33,2019-42,2019,201901,P-30,11606.270524000001,0.0146132749106355,578996.9614437403,94,187,1,84.84,12.83,226.6,0.955,0.2365,0,60.00062,-176.67745,142,1.9,5,EBS,8
1.39,0.04,0.05,0.45,0.24,0.55,0,0,0.17,0,9.53,0,0,6.4,0.22,1.16,1.18,0.95,0.66,0,0.64,0,0.67,0.2,3.36,0,7.61,10.48,0.85,0.28,0,0,1.07,0.69,0.28,0,0.4,0.29,0.36,0.16,0,1.02,4.72,1.71,6.59,0,0,1.15,0,0,3.42,0,0.22,15.18,0.18,2.28,1.85,1.74,0.31,1.07,0,0,0,0.64,0,2.29,0.09,4.69,0.56,3.75,18.99,45.33,35.68,1.88,24.72,0.31,0.13,18.89,1.36,0.67,0.57,0.73,18.02,3.23,2019-43,2019,201901,PO2524,2645.963026,0.00989135557344,125795.09256962893,94,158,1,85.51,14.19,252.1,1.1595,0.1066,0,59.83709,-172.89989,80,2.4,4,EBS,9
2.64,0.07,0.05,0.3,0.06,0.57,0,0,0.14,0,9.71,0,0,6.53,0.2,1.03,0.97,0.93,0.68,0,0.59,0,0.46,0.31,4.11,0,6.82,7.49,0,0,0,0,0.79,0.47,0.24,0,0.36,0.18,0.39,0.14,0,2.25,3.65,0.9,2.96,0,0,0.59,0,0,4.83,0,0.26,23.83,0.25,0,1.91,1.25,0.16,0.48,0,0,0,0.5,0,2.46,0.11,6.76,0.63,3.07,20.64,32.39,46.97,2.28,36.58,0.28,0.12,10.66,0.97,0.67,0.47,0.91,16.63,3.53,2019-44,2019,201901,PO2524,2645.963026,0.00989135557344,125795.09256962893,94,158,1,80.65,13.34,203.7,0.9043,0.0744,0,59.83709,-172.89989,80,2.4,4,EBS,9
1.41,0.08,0,0.29,0.16,0.56,0,0,0.11,0,10.82,0,0,5.77,0.18,1.04,1.02,0.64,0.67,0,0.54,0,0.68,0.21,4.2,0,7.66,7.65,0,0,0,0,0.8,0.44,0.18,0,0.24,0.32,0.34,0.25,0,1.02,2.26,1.23,3.08,0,0,0.79,0,0,4.91,0,0.24,21.18,0.28,0.91,1.19,4.34,0,0.26,0,0,0,0.64,0,2.75,0.11,7.93,0.6,3.18,20.77,34.87,44.37,2.14,34.46,0.37,0.11,13.01,1.12,0.53,0.58,1,16.81,2.67,2019-45,2019,201901,PO2524,2645.963026,0.00989135557344,125795.09256962893,94,158,1,82.32,13.17,203.1,0.8229,0.0603,0,59.83709,-172.89989,80,2.4,4,EBS,9
1.36,0.07,0.07,0.31,0.05,0.49,0,0,0.19,0,9.94,0,0,6.72,0.18,1.27,1.26,1.05,0.65,0,0.68,0,0.05,0.15,4.4,0.45,11.33,13.52,0.99,0.35,0,0,1.39,0.74,0.32,0,0,0.35,0,0.28,0,0.05,4.66,2.55,8.86,0,0,1.57,0,0,4.46,0,0.26,0,0.35,1.29,1.85,2.36,0.4,1.23,0,0,0.7,0.92,0,3.16,0.12,6.06,0.53,3.58,20.49,55.71,23.8,1.16,9.93,NA,0.1,21.58,1.74,0.68,0.62,0.84,NA,0,2019-46,2019,201901,PO2524,2645.963026,0.00989135557344,125795.09256962893,94,158,1,89.55,14.24,234.2,1.1409,0.0846,0,59.83709,-172.89989,80,2.4,4,EBS,9
2.04,0.06,0.07,0.21,0.16,0.61,0,0,0.11,0,11.63,0,0,9.13,0.21,1.11,1.15,0.86,0.75,0,0.8,0,0.26,0.6,3.84,0,7,9.25,0,0.22,0,0,0.87,0.64,0.21,0,0.3,0.25,0.78,0.18,0,0.95,3.42,1.02,4.37,0,0,0.58,0,0,3.63,0,0.29,20.04,0.17,0,0.87,0.88,0.13,0.61,0,0,0,0.66,0,2.41,0.12,6.06,0.5,3.35,21.95,36.94,41.11,1.87,31.04,0.3,0.11,10.56,1.12,0.79,0.6,0.76,11.78,3.31,2019-47,2019,201901,ON2524,2992.870135,0.0147545255114301,151220.62232848714,94,155,1,82.08,11.86,208.5,1.6886,0.164,0,59.50437,-172.88133,94,3,3,EBS,6
2.19,0.09,0.09,0.12,0.01,0.78,0,0.23,0.13,0,11.78,0,0,14.39,0.17,0.46,0.56,1.19,0.39,0,0.44,0,0.28,0.87,2.67,0.53,8.22,6.39,0.43,0.06,0,0,0.72,0.34,0.19,0,0.47,0.14,1.57,0,0,0.5,3.49,1.34,7.59,0,0,0.49,0,0.04,2.21,0,0.48,17.27,0.1,0.79,0.84,0.72,0.28,0.94,0,0,0.01,0.54,0,1.74,0.01,4.41,0.3,2.29,19.56,45.35,35.09,1.79,26.39,0.26,0.1,14.77,0.87,1.22,0.7,1.29,9.19,3.91,2019-48,2019,201902,V-24,2639.184729,0.01412747210032455,570605.7752409088,94,1,2,47.83,0,37.5,0.5121,0.1211,0,62.00723,-173.08002,58,0.8,7,NBS,10
2.54,0.1,0.1,0.13,0.01,0.82,0,0.23,0.08,0,13.13,0,0,16.08,0.16,0.44,0.5,1.06,0.35,0,0.37,0,0.2,0.86,2.82,0.45,9.47,6.91,0.31,0.06,0,0,0.85,0.34,0.19,0,0.45,0.14,1.57,0,0,0.46,3.22,1.15,7.7,0,0,0.51,0,0.03,1.85,0,0.41,15.67,0.09,0.42,0.79,0.58,0.23,0.77,0,0,0.11,0.43,0,1.24,0.01,3.41,0.2,2.21,21.28,47.59,31.13,1.46,23.1,0.22,0.08,13.86,0.99,1.22,0.62,1.37,10.26,4.6,2019-49,2019,201902,V-24,2639.184729,0.01412747210032455,570605.7752409088,94,1,2,51.55,0,47.7,0.5915,0.1787,0,62.00723,-173.08002,58,0.8,7,NBS,10
2.73,0.07,0.17,0.22,0.01,0.7,0,0.31,0.12,0,13.88,0,0,15.71,0.18,0.52,0.69,1.08,0.35,0,0.4,0,0.26,0.9,2.78,0.52,11.38,7.54,0.46,0.07,0,0,0.77,0.31,0.17,0,0.42,0.14,1.58,0,0,0.58,2.97,1.34,6.2,0,0,0.44,0,0.03,1.56,0,0.34,13.96,0.06,0.65,0.58,0.52,0.21,0.74,0,0,0,0.32,0,1.42,0.01,3.4,0.22,2.57,22.48,48.52,29,1.29,21.68,0.24,0.08,12.28,0.92,1.13,0.66,1.51,9.94,4.11,2019-50,2019,201902,V-24,2639.184729,0.01412747210032455,570605.7752409088,94,1,2,51.45,0,43,0.6835,0.1733,0,62.00723,-173.08002,58,0.8,7,NBS,10
3.06,0.1,0.1,0.12,0.01,0.84,0,0.21,0.1,0,13.95,0,0,18.21,0.16,0.41,0.5,1.25,0.32,0,1.08,0,0.04,1.33,2.65,0.36,9.3,6.39,0.24,0.05,0,0,0.61,0.35,0.18,0,0.44,0.12,2.16,0,0,0.43,2.7,0.89,6.37,0,0,0.35,0,0.03,1.61,0,0.42,15.47,0.07,0.41,0.65,0.53,0.19,0.61,0,0,0,0.35,0,1.1,0.01,2.93,0.24,2.2,22.39,46.6,31.01,1.39,22.67,0.19,0.1,11.55,0.73,1.31,0.86,1.46,8.45,5.28,2019-51,2019,201902,V-24,2639.184729,0.01412747210032455,570605.7752409088,94,1,2,49.08,0,39.6,0.4733,0.1323,0,62.00723,-173.08002,58,0.8,7,NBS,10
2.99,0.07,0.06,0.14,0.01,0.77,0,0,0.06,0,10.73,0,0,11.25,0.18,0.49,0.55,0.58,0.42,0,0.53,0,0.45,0.26,2.72,0.57,8.08,7.59,0.58,0.08,0,0,2.08,0.26,0.3,0,0.27,0.19,0.79,0.17,0,0.13,4.16,1.53,8.58,0,0,0.87,0,0.03,2.56,0,0.31,15.97,0.13,0.61,0.81,0.7,0.21,0.75,0,0,0,0.61,0,1.87,0.01,6.59,0.35,2.02,19.13,45.13,35.74,1.87,26.29,0.41,0.08,16.38,2.27,1.05,0.44,1.07,14.23,2.42,2019-52,2019,201902,V-24,2639.184729,0.01412747210032455,570605.7752409088,94,1,2,48.59,0,38.4,0.5756,0.1024,0,62.00723,-173.08002,58,0.8,7,NBS,10
2.62,0.1,0.1,0.11,0.01,0.76,0,0.22,0.05,0,15.33,0,0,17.35,0.16,0.44,0.45,0.9,0.29,0,0.41,0,0.1,0.74,2.45,0.35,9.86,5.87,0.36,0.05,0,0,0.67,0.28,0.15,0,0.37,0.12,1.4,0,0,0.6,2.66,0.86,6.38,0,0,0.35,0,0.02,1.7,0,0.45,15.95,0.08,0.4,0.87,0.99,0.19,0.51,0,0,0.12,0.36,0,1.18,0.01,4.03,0.22,2.04,22.94,46.47,30.59,1.33,23.84,0.25,0.06,12.16,0.79,1.13,0.6,1.68,12.36,3.96,2019-53,2019,201902,V-24,2639.184729,0.01412747210032455,570605.7752409088,94,1,2,43.24,0,28,0.6297,0.2076,0,62.00723,-173.08002,58,0.8,7,NBS,10
3.56,0.09,0.11,0.12,0.01,0.8,0,0.25,0.04,0,13.57,0,0,15.58,0.17,0.48,0.46,0.64,0.29,0,0.62,0,0.15,0.43,2.91,0.32,10.38,6.82,0.4,0.07,0,0,1.74,0.2,0.31,0,0.3,0.16,1.14,0.16,0,0.45,3.08,1.27,7.03,0,0,0.61,0,0.02,1.98,0,0.42,14.17,0.09,0.51,0.61,0.5,0.2,0.59,0,0,0,0.34,0,1.38,0.01,4.22,0.23,2.16,22.7,47.08,30.22,1.33,22.09,0.3,0.06,13,1.91,1.15,0.41,1.52,13.66,3.36,2019-54,2019,201902,V-24,2639.184729,0.01412747210032455,570605.7752409088,94,1,2,49.9,0,39.3,0.5319,0.1521,0,62.00723,-173.08002,58,0.8,7,NBS,10
3.11,0.11,0.1,0.12,0.02,0.8,0,0.23,0.03,0,15.51,0,0,15.37,0.15,0.45,0.4,0.68,0.34,0,0.36,0,0.35,0.5,3.25,0.29,11.53,6.95,0.35,0.08,0,0,1.21,0.22,0.24,0,0.28,0.11,1.24,0.13,0,0.24,2.86,1.48,7.48,0,0,0.48,0,0.02,1.53,0,0.35,12.8,0.07,0.47,0.88,0.82,0.13,0.38,0,0,0.2,0.32,0,1.11,0.01,3.71,0.17,2.04,24.46,48.97,26.57,1.09,19.9,0.29,0.06,14,1.32,0.99,0.51,1.66,12.38,3.45,2019-55,2019,201902,V-24,2639.184729,0.01412747210032455,570605.7752409088,94,1,2,48.16,0,38.9,0.5616,0.2141,0,62.00723,-173.08002,58,0.8,7,NBS,10
3.5,0.09,0.1,0.15,0.01,0.81,0,0.27,0.07,0,12.07,0,0,15.11,0.18,0.47,0.59,0.86,0.32,0,0.67,0,0.01,0.46,2.6,0.41,8.38,6.72,0.45,0.06,0,0,1.85,0.26,0.31,0,0.36,0.18,1.16,0.17,0,0.37,3.58,0.58,8.59,0,0,0.71,0,0.02,1.92,0,0.38,15.74,0.09,0.35,0.76,0.49,0.24,0.67,0,0,0.09,0.38,0,1.52,0.01,4.58,0.24,2.38,21.08,46.01,32.9,1.56,23.94,0.29,0.07,14.36,2.03,1.25,0.43,1.25,13.07,3.44,2019-56,2019,201902,V-24,2639.184729,0.01412747210032455,570605.7752409088,94,1,2,50.22,0,40.1,0.6405,0.13,0,62.00723,-173.08002,58,0.8,7,NBS,10
NA,NA,NA,NA,NA,NA,NA,NA,NA,NA,NA,NA,NA,NA,NA,NA,NA,NA,NA,NA,NA,NA,NA,NA,NA,NA,NA,NA,NA,NA,NA,NA,NA,NA,NA,NA,NA,NA,NA,NA,NA,NA,NA,NA,NA,NA,NA,NA,NA,NA,NA,NA,NA,NA,NA,NA,NA,NA,NA,NA,NA,NA,NA,NA,NA,NA,NA,NA,NA,NA,NA,NA,NA,NA,NA,NA,NA,NA,NA,NA,NA,NA,NA,NA,2019-57,2019,201902,V-24,2639.184729,0.01412747210032455,570605.7752409088,94,1,2,52.24,0,44.8,0.5479,0.1462,0,62.00723,-173.08002,58,0.8,7,NBS,10
2.75,0.09,0.08,0.08,0.01,0.69,0,0.17,0.05,0,14.02,0,0,15.74,0.14,0.35,0.39,0.98,0.29,0,0.35,0,0.12,0.79,2.87,0.39,9.89,6.48,0.39,0.06,0,0,0.79,0.29,0.18,0,0.37,0.12,1.77,0,0,0.22,2.86,1.04,7.07,0,0,0.36,0,0.02,1.68,0,0.41,16.9,0.06,0.39,0.51,0.41,0.15,0.53,0,0,0,0.36,0,1.32,0.01,4.79,0.23,1.74,21.84,45.69,32.47,1.49,25.65,0.28,0.07,12.28,0.91,1.12,0.6,1.53,8.91,3.53,2019-58,2019,201902,V-24,2639.184729,0.01412747210032455,570605.7752409088,94,1,2,42.88,0,24.8,0.5981,0.1333,0,62.00723,-173.08002,58,0.8,7,NBS,10
2.51,0.15,0.08,0.12,0.01,0.7,0,0,0.08,0,11.86,0,0,16.01,0.17,0.45,0.47,0.96,0.27,0,0.28,0,0.36,0.65,2.81,0.41,8.07,6.5,0.33,0.06,0,0,1.03,0.31,0.23,0,0.35,0.14,1.53,0.16,0,0.27,3.22,0.71,9.33,0,0,0.53,0,0.02,1.86,0,0.46,17.54,0.08,0.48,0.86,0.54,0.18,0.51,0,0,0.1,0.47,0,1.48,0.01,4.06,0.24,1.83,19.55,47.02,33.44,1.71,25.83,0.23,0.07,15.15,1.17,1.35,0.56,1.24,10.48,4.32,2019-59,2019,201902,V-24,2639.184729,0.01412747210032455,570605.7752409088,94,1,2,51.3,0,45.1,0.5809,0.1474,0,62.00723,-173.08002,58,0.8,7,NBS,10
3.63,0.11,0.11,0.12,0.02,0.76,0,0.23,0.06,0,14.02,0,0,16.4,0.17,0.45,0.44,0.98,0.29,0,0.3,0,0.27,0.81,3.06,0.33,9.41,6.51,0.36,0.07,0,0,1.27,0.28,0.26,0,0.36,0.14,1.54,0,0,0,3.03,1.33,7.4,0,0,0.53,0,0.03,1.69,0,0.36,14.75,0.07,0.56,0.82,0.53,0.18,0.54,0,0,0.09,0.4,0,1.21,0.02,3.48,0.25,2.07,23.3,47.27,29.43,1.26,21.75,0.24,0.07,13.67,1.41,1.17,0.61,1.45,10.63,4.24,2019-60,2019,201902,V-24,2639.184729,0.01412747210032455,570605.7752409088,94,1,2,56.04,0,56.1,0.784,0.2323,0,62.00723,-173.08002,58,0.8,7,NBS,10
3.34,0.1,0.11,0.11,0.01,0.69,0,0,0.06,0,12.9,0,0,17.66,0.17,0.4,0.44,1.09,0.27,0,0.93,0.07,0.38,1.08,2.36,0.47,8.29,6.13,0.37,0.05,0,0,0.81,0.34,0.2,0,0.47,0.12,1.91,0,0,0,2.79,0.97,6.47,0,0,0.48,0,0,1.65,0,0.45,17.76,0.06,0.47,0.72,0.72,0.13,0.49,0,0,0,0.28,0,1.11,0.03,3.73,0.32,1.79,20.79,45.8,33.4,1.61,25.45,0.21,0.1,12.16,0.93,1.37,0.9,1.35,9.25,4.77,2019-61,2019,201902,V-24,2639.184729,0.01412747210032455,570605.7752409088,94,1,2,51.76,0,44.5,0.5409,0.1504,0,62.00723,-173.08002,58,0.8,7,NBS,10
2.55,0.07,0.12,0.16,0.01,0.7,0,0.19,0.05,0,13.39,0,0,15.48,0.15,0.44,0.47,0.86,0.35,0,0.89,0,0.07,0.59,2.38,0.33,13.97,8.05,0.36,0.07,0,0,0.68,0.39,0.18,0,0.28,0.17,1.13,0.15,0,0,2.79,1.27,5.87,0,0,0.39,0,0,2.01,0,0.31,13.75,0.06,0.46,0.87,0.81,0.25,0.72,0,0,0,0.5,0,1.16,0.01,3.83,0.23,2.03,20.85,50.84,28.31,1.36,20.43,0.28,0.08,12.07,0.85,1.16,0.8,1.73,13.65,3.59,2019-62,2019,201902,W-27,193.027395,0.01495924640185965,67622.14170589813,162,1,2,53.71,0,47.3,0.5562,0.1544,0,62.31661,-175.31904,80,0.2,7,NBS,10
0.91,0.03,0,0.27,0.15,0.46,0,0,0.2,0,10.92,0,0,5.31,0.17,1.39,1.33,0.73,0.79,0,0.56,0,0.69,0.08,4.19,0,7.73,9.36,0,0.28,0,0,0.94,0.42,0.18,0,0,0.21,0.19,0.12,0,0.57,1.51,1.15,2.2,0,0,0.81,0,0,5.56,0,0.23,25.04,0.21,0,0.72,0.84,0.06,0.24,0,0,0,0.63,0,3.8,0.11,8.18,0.5,3.81,20.97,29.77,49.26,2.35,38.93,0.33,0.11,6.42,1.15,0.49,0.78,0.83,27.64,3.06,2019-63,2019,201901,PO2524,2645.963026,0.00989135557344,125795.09256962893,94,158,1,83.08,12.47,215.5,2.1214,0.1237,0,59.83709,-172.89989,80,2.4,4,EBS,9
2.03,0.07,0.09,0.24,0.01,0.71,0,0,0.06,0,11.14,0,0,14.18,0.19,0.59,0.73,0.95,0.45,0,0.82,0,0.28,0.44,2.66,0.47,9.19,8.45,0.45,0.09,0,0,0.83,0.54,0.23,0,0.35,0.19,1.04,0.17,0,0.33,3.57,0.95,9.13,0,0,0.67,0,0.04,2.2,0,0.36,14.72,0.09,0.65,1.4,0.91,0.25,1.17,0,0,0,0.43,0,1.72,0.04,3.47,0.26,2.34,18.85,49.98,31.17,1.65,22.11,0.24,0.09,16.61,1.02,1.27,0.68,1.09,13.68,4.25,2019-64,2019,201902,W-27,193.027395,0.01495924640185965,67622.14170589813,162,1,1,88.23,15.43,247.8,0.9601,0.2007,0,62.31661,-175.31904,80,0.2,7,NBS,10
3.82,0.05,0.13,0.33,0.02,0.6,0,0,0.07,0,15.39,0,0,7.66,0.21,0.88,0.56,0.68,0.48,0,0.56,0,0.3,0.02,4.32,0.38,15.34,6.89,0.86,0.15,0,0,0.97,0.17,0.18,0.38,0,0.24,0.23,0.15,0.43,0.29,7,2.76,4.39,0,0,1.07,0,0,1.34,0,0.16,6.2,0.12,4.25,1.69,0.98,0.59,0.66,0,0,0.02,0.23,0.02,1.2,0.05,3.78,0.7,2.46,27.52,53.4,19.08,0.69,12.43,0.61,0.06,21.07,1.22,0.5,0.69,2.23,32.9,1.64,2019-65,2019,201901,O-31,908.246803,0.0133047665657412,526.1272315761246,162,178,2,74.64,0,135.1,0.9321,0.3187,0,59.65589,-177.1321,176,3.3,5,EBS,8
NA,NA,NA,NA,NA,NA,NA,NA,NA,NA,NA,NA,NA,NA,NA,NA,NA,NA,NA,NA,NA,NA,NA,NA,NA,NA,NA,NA,NA,NA,NA,NA,NA,NA,NA,NA,NA,NA,NA,NA,NA,NA,NA,NA,NA,NA,NA,NA,NA,NA,NA,NA,NA,NA,NA,NA,NA,NA,NA,NA,NA,NA,NA,NA,NA,NA,NA,NA,NA,NA,NA,NA,NA,NA,NA,NA,NA,NA,NA,NA,NA,NA,NA,NA,2019-66,2019,201901,O-31,908.246803,0.0133047665657412,526.1272315761246,162,178,2,78.67,0,145.7,0.9085,0.1495,0,59.65589,-177.1321,176,3.3,5,EBS,8
3.62,0.04,0.1,0.2,0.02,0.59,0,0,0.09,0,13.25,0,1.47,5.65,0.2,0.8,0.41,0.84,0.48,0,0.55,0.02,1.02,0.1,4.11,0.42,15.04,5.64,0.78,0.12,0,0,1.84,0.15,0.18,0.15,0,0.61,0.48,0.19,0,0.19,4.82,2.38,3.35,0,0,1.04,0,0,1.93,0,0.26,10.42,0.09,2.82,1.54,1.22,0.58,0.42,0,0,0,0.31,0,2,0.03,7.01,0.43,2.13,23.88,45.99,30.13,1.26,21.99,0.67,0.11,16.13,2.45,0.43,0.69,2.67,11.82,1.49,2019-67,2019,201901,O-31,908.246803,0.0133047665657412,526.1272315761246,162,178,2,78.89,0,141.2,1.6331,0.3145,0,59.65589,-177.1321,176,3.3,5,EBS,8
4.01,0.05,0.11,0.18,0.03,0.55,0,0,0.1,0,12.55,0,1.54,4.46,0.17,0.72,0.37,0.83,0.43,0,0.44,0,0.08,0.14,4.5,0.3,13.52,4.96,0.64,0.13,0,0,1.64,0.15,0.18,0.14,0,0.57,0.52,0.09,0.48,0.07,5.79,2.56,3.4,0,0,1.1,0,0.05,1.93,0,0.3,11.63,0.12,3.63,1.99,0.81,0.56,0.46,0,0,0,0.27,0,2.12,0.04,7.91,0.7,1.95,24.32,44.71,30.97,1.27,23.19,0.68,0.07,18.18,2.21,0.36,0.47,2.73,8.56,1.47,2019-68,2019,201901,O-31,908.246803,0.0133047665657412,526.1272315761246,162,178,2,75.07,0,127.1,0.7911,0.2033,0,59.65589,-177.1321,176,3.3,5,EBS,8
2.48,0.06,0.12,0.25,0.02,0.6,0,0.29,0.06,0,13.13,0,0,15.41,0.16,0.53,0.67,0.8,0.32,0,0.74,0,0.29,0.39,2.36,0.66,14.78,7.65,0.45,0.08,0,0,0.76,0.26,0.17,0,0.3,0.14,0.83,0.19,0,0.27,3.26,1.22,5.37,0,0,0.4,0,0.03,1.94,0,0.25,13.36,0.08,0.51,0.65,0.66,0.21,0.83,0,0,0,0.45,0,1.28,0.02,4.04,0.24,2.43,20.9,51.23,27.87,1.33,20.45,0.3,0.07,11.68,0.89,1.17,0.76,1.93,18.51,3.31,2019-69,2019,201902,W-27,193.027395,0.01495924640185965,67622.14170589813,162,1,2,53.76,0,49.4,0.8057,0.2021,0,62.31661,-175.31904,80,0.2,7,NBS,10
5.52,0.01,0.11,0.15,0.02,0.28,0,0,0.23,0,9.94,0,0.95,3.22,0.17,0.41,0.22,0.77,0.19,0,0.24,0,0.2,0.26,2.35,0.06,9.09,2.63,0.84,0,0,0,0.82,0.22,0.11,0.11,0.09,0.28,0.44,0.09,0,0.66,13.08,3.3,1.26,0,0,0.76,0,0.04,1.67,0,0.38,10.56,0.13,12.56,2.47,1.03,0,0.07,0,0,0,0.48,0,1.62,0.04,8.74,1.14,1.32,19.66,51.9,28.44,1.45,22.87,0.83,0.09,33.68,1.1,0.32,0.55,3.45,7.35,1.21,2019-70,2019,201901,P-32,15264.770331,0.0128599786060482,388.803135150508,162,180,1,65.21,NA,82.6,0.9008,0.145,NA,60.00657,-177.89505,141,2.7,5,EBS,8
5.92,0.04,0.13,0.2,0.02,0.34,0,0,0.21,0,12.99,0,0,6.19,0.19,0.48,0.28,0.86,0.24,0,0.4,0,0.25,0.34,3.19,0.08,14.51,4.4,0.74,0.09,0,0,0.85,0.2,0.13,0.1,0.1,0.29,0.59,0,0.36,0.27,8.91,3.43,1.46,0,0,0.52,0,0,1.15,0,0.43,9.14,0.13,7.46,2.15,0.52,0.08,0.08,0,0,0.18,0.19,0,1.64,0.02,6.82,0.72,1.54,24.53,50.98,24.49,1,19.41,0.75,0.09,23.94,1.14,0.48,0.76,3.3,10.49,1.34,2019-71,2019,201901,P-32,15264.770331,0.0128599786060482,388.803135150508,162,180,2,72.8,0,114.7,0.8023,0.243,0,60.00657,-177.89505,141,2.7,5,EBS,8
2.64,0.05,0.13,0.25,0.01,0.68,0,0.3,0.05,0,12.88,0,0,14.41,0.17,0.56,0.69,0.81,0.36,0,0.85,0,0.29,0.45,2.51,0.41,13.06,8.39,0.47,0.08,0,0,0.75,0.31,0.18,0,0.29,0.14,0.88,0.2,0,0.34,3.44,0.61,6.83,0,0,0.42,0,0.03,2.03,0.01,0.33,13,0.1,0.52,0.86,0.8,0.21,0.77,0,0,0,0.6,0,1.57,0.01,3.95,0.31,2.55,21.13,50.48,28.39,1.34,20.51,0.3,0.08,13.06,0.89,1.12,0.78,1.56,16.35,3.29,2019-72,2019,201902,W-27,193.027395,0.01495924640185965,67622.14170589813,162,1,2,56.01,0,55.1,0.656,0.1419,0,62.31661,-175.31904,80,0.2,7,NBS,10
2.34,0.05,0.12,0.23,0.01,0.67,0,0,0.05,0,15.16,0,0,15,0.16,0.55,0.66,0.74,0.32,0,0.82,0,0.26,0.37,2.62,0.47,14.79,7.89,0.46,0.09,0,0,0.74,0.38,0.16,0,0,0.17,0.64,0.22,0,0.61,3.23,1.27,5.99,0,0,0.46,0,0.03,1.68,0,0.21,10.27,0.09,0.52,1.03,2.23,0.25,0.79,0,0,0.24,0.4,0,1.17,0.01,3.15,0.25,2.17,22.79,53.49,23.72,1.04,16.48,0.31,0.07,14.27,0.92,0.99,0.75,1.88,23.35,3.26,2019-73,2019,201902,W-27,193.027395,0.01495924640185965,67622.14170589813,162,1,2,54.33,0,49.3,0.5676,0.1383,0,62.31661,-175.31904,80,0.2,7,NBS,10
2.64,0.1,0.12,0.17,0.01,0.69,0,0,0.03,0,13.28,0,0,16.46,0.15,0.46,0.49,0.64,0.31,0,0.71,0,0.28,0.36,2.44,0.49,12.98,7.65,0.38,0.07,0,0,0.63,0.26,0.15,0,0.3,0.15,0.75,0.16,0,0.27,3.01,1.3,6.99,0,0,0.48,0,0.03,2.07,0,0.35,14.05,0.07,0.4,0.6,0.57,0.16,0.6,0,0,0,0.39,0,1.31,0.01,3.84,0.2,1.84,20.72,51.38,27.9,1.35,20.99,0.27,0.06,12.88,0.77,1.24,0.75,1.7,22.08,3.65,2019-74,2019,201902,W-27,193.027395,0.01495924640185965,67622.14170589813,162,1,2,57.59,0,51.8,0.6704,0.202,0,62.31661,-175.31904,80,0.2,7,NBS,10
2.73,0.07,0.09,0.26,0.03,0.5,0,0.32,0.11,0,13.39,0,0,13.27,0.19,0.87,0.73,1.07,0.4,0,0.4,0,0.36,0.68,2.87,0.54,10.59,8.27,0.74,0.16,0,0,0.8,0.5,0.17,0.1,0.29,0.17,1.06,0.14,0,0.37,2.62,1.47,4.2,0,0,0.43,0,0.04,1.73,0,0.38,15.69,0.08,0.66,0.8,1.25,0.31,0.76,0,0,0,0.34,0,2.07,0.04,4.68,0.21,2.82,22.52,45.06,32.42,1.44,24.78,0.3,0.09,11.01,0.97,0.99,0.72,1.28,12.53,3.35,2019-75,2019,201902,FF-01,9239.658067,0.01325117993467125,45227.542223006465,162,17,2,44.07,0,30.5,0.5572,0.1546,0,65.33502,-168.38779,53,3.9,9,NBS,13
3.41,0.07,0.1,0.33,0.04,0.57,0,0,0.2,0,13.72,0,0,13.89,0.2,0.97,0.71,1.21,0.51,0,0.44,0,0.42,0.62,3.24,0.8,10.14,10.57,0.64,0.21,0,0,1.01,0.61,0.23,0,0.35,0.13,1.14,0.16,0,0.93,3.35,1.58,6.01,0,0,0.53,0,0,1.23,0,0.27,10.7,0.09,0.55,0.83,1.12,0.34,1.15,0,0,0,0.22,0,1.2,0.05,2.94,0.26,2.82,23.9,50.26,25.83,1.08,17.73,0.28,0.09,13.44,1.15,1.01,0.59,0.96,12.2,3.63,2019-76,2019,201902,FF-01,9239.658067,0.01325117993467125,45227.542223006465,162,17,2,43.64,0,26.2,0.5437,0.1287,0,65.33502,-168.38779,53,3.9,9,NBS,13
2.37,0.04,0.08,0.32,0.04,0.43,0,0.34,0.17,0,12.58,0,0,12.71,0.17,0.88,0.79,1.17,0.31,0,0.4,0,0.42,0.7,2.82,0.53,10.6,7.57,0.69,0.17,0,0,0.75,0.31,0.24,0,0.45,0.14,0.93,0.17,0,0.15,2.6,1.55,4.11,0,0,0.56,0,0.05,2.33,0,0.29,15.86,0.11,0.75,0.87,1.09,0.43,0.8,0,0,0,0.35,0.08,2.25,0.05,6.08,0.33,2.96,21.3,43.83,34.87,1.64,26.2,0.38,0.1,10.97,0.89,1.01,0.85,1.4,13.63,2.61,2019-77,2019,201902,FF-01,9239.658067,0.01325117993467125,45227.542223006465,162,17,2,43.2,0,24,0.641,0.1609,0,65.33502,-168.38779,53,3.9,9,NBS,13
4.01,0.08,0.12,0.3,0.03,0.43,0,0,0.4,0,13.29,0,0,10.08,0.2,0.76,0.7,1.75,0.33,0,0.88,0,0.45,1.43,3.02,0.37,10.14,7.07,0.62,0.15,0,0,0.64,0.66,0.14,0,0.37,0.1,1.02,0,0,0.75,3.51,1.6,4.08,0,0,0.35,0,0.03,1,0,0.29,16.46,0.12,2.11,1.14,0.93,0.3,0.79,0,0,0,0.25,0,1.53,0.03,4.81,0.36,2.62,23.52,42.51,33.97,1.44,25.4,0.29,0.16,13.37,0.74,0.76,1.23,1.43,9.93,3.42,2019-78,2019,201902,EE-19,4748.732927,0.01291385679046815,169244.79460026347,162,19,2,57.31,0,63.6,0.7926,0.2051,0,65.01169,-169.90252,50,2.8,9,NBS,13
2.92,0.08,0.07,0.22,0.03,0.32,0,0.22,0.23,0,11.39,0,0,10.17,0.15,0.66,0.57,2.36,0.24,0,1.08,0.05,0.27,2.43,2.82,0.33,9.91,7.33,0.51,0.17,0,0,0.64,0.68,0.16,0,0.44,0.12,1.54,0,0,0,1.85,1.5,3.8,0,0,0.32,0,0.02,1.02,0,0.56,23.22,0.09,0.33,0.56,0.77,0.18,0.44,0,0,0.06,0.34,0,1.48,0.02,5.25,0.07,2.31,19.83,37.57,42.6,2.15,32.45,0.23,0.22,8.81,0.76,0.89,1.72,1.35,6.6,4.42,2019-79,2019,201902,EE-19,4748.732927,0.01291385679046815,169244.79460026347,162,19,2,47.46,0,36.8,0.5494,0.1936,0,65.01169,-169.90252,50,2.8,9,NBS,13
2.9,0.08,0.1,0.16,0.02,0.33,0,0.25,0.19,0,11.83,0,0,9.43,0.15,0.62,0.54,2.06,0.28,0,1.1,0.04,0.35,2.53,2.8,0.41,11.17,7.51,0.48,0.14,0.02,0,0.63,0.6,0.17,0,0.45,0.1,1.34,0,0,0.09,2.34,2.04,3.96,0,0,0.48,0,0.04,1.06,0,0.46,20.4,0.11,0.83,0.72,0.77,0.44,0.5,0,0,0,0.32,0,1.54,0,4.79,0.31,2.16,20.16,40.41,39.43,1.96,29.06,0.23,0.22,10.67,0.73,0.8,1.78,1.49,7.02,4.26,2019-80,2019,201902,EE-19,4748.732927,0.01291385679046815,169244.79460026347,162,19,2,57.93,0,67.8,0.5286,0.197,0,65.01169,-169.90252,50,2.8,9,NBS,13
3.73,0.11,0.05,0.18,0.03,0.39,0,0,0.39,0,12.63,0,0,10.77,0.15,0.52,0.17,3.83,0.3,0,0.92,0.1,0.47,1.56,3.01,0.35,9.19,8.89,0,0,0,0,0.52,0.71,0.18,0,0.39,0.14,1.13,0,0,0,1.32,1.72,3.74,0,0,0.39,0,0,1.07,0,0.61,21.11,0.14,0,1.35,1.57,0.13,0.28,0,0,0.2,0.26,0,0.91,0.05,4.07,0.28,1.77,21.64,39.49,38.87,1.8,28.43,0.19,0.22,9.7,0.66,0.85,2.21,1.03,9.52,5.19,2019-81,2019,201902,EE-19,4748.732927,0.01291385679046815,169244.79460026347,162,19,2,46.03,0,33.6,0.4592,0.0888,0,65.01169,-169.90252,50,2.8,9,NBS,13
4.36,0.2,0.1,0.27,0.04,0.35,0,0.02,0.2,0,19.27,0,0,13.36,0.19,0.56,0.13,3.12,0.26,0,0.82,0.05,0.21,1.56,4.16,0.49,16.92,9.54,0.53,0,0,0,0.57,0.5,0.12,0,0.31,0.1,0.58,0,0.3,0,2.16,2.16,3.81,0,0,0.26,0,0,0.4,0,0.19,6.84,0.09,0.35,0.86,0.94,0.19,0.32,0,0,0.11,0.09,0,0.47,0.02,1.34,0.19,1.62,30.22,51.65,18.13,0.6,9.74,0.2,0.15,10.27,0.67,0.69,2.6,1.77,22.86,5.09,2019-82,2019,201902,EE-19,4748.732927,0.01291385679046815,169244.79460026347,162,19,2,44.15,0,27.6,0.4421,0.191,0,65.01169,-169.90252,50,2.8,9,NBS,13
3.44,0.09,0.06,0.18,0.03,0.45,0,0,0.22,0,13.69,0,0,11.51,0.18,0.59,0.41,2.17,0.33,0,0.8,0,0.34,1.18,3.08,0.5,10.32,8.82,0.61,0.15,0,0,0.6,0.7,0.15,0,0.4,0.12,1.04,0,0.38,0,2.3,1.76,5.16,0,0,0.37,0,0.02,1.02,0,0.46,17.71,0.11,0.44,0.59,0.78,0.22,0.71,0,0,0.04,0.29,0,1.12,0.01,4.31,0.07,1.88,23.02,43.25,33.73,1.47,25.08,0.24,0.15,11.02,0.71,0.84,1.49,1.17,11.06,4.11,2019-83,2019,201902,EE-19,4748.732927,0.01291385679046815,169244.79460026347,162,19,2,48.28,0,37.1,0.6682,0.1779,0,65.01169,-169.90252,50,2.8,9,NBS,13
2.92,0.04,0.05,0.22,0.02,0.4,0,0,0.37,0,11.16,0,0,7.55,0.24,0.86,0.81,3.25,0.41,0,0.24,0,0.57,1.04,3.05,0,7.36,7.03,0,0,0,0,0.63,0.7,0.14,0,0.4,0.14,0.7,0,0,0,3.63,1.69,5.71,0,0,0.67,0,0,1.55,0,0.34,21.12,0.14,0,1.25,1.39,0.4,1.12,0,0,0,0.35,0,3.44,0,6.56,0.34,2.68,20.39,36.24,43.37,2.13,32.87,0.31,0.21,13.67,0.78,0.68,1.87,1.05,10.75,3.22,2019-84,2019,201902,EE-19,4748.732927,0.01291385679046815,169244.79460026347,162,19,2,40.82,0,22.9,0.8721,0.133,0,65.01169,-169.90252,50,2.8,9,NBS,13
3.15,0.06,0.06,0.22,0.03,0.32,0,0,0.21,0,11.04,0,0,9.65,0.18,0.51,0.49,2.38,0.22,0,0.93,0.07,0.33,1.77,2.21,0.3,9.44,7.53,0.78,0.13,0,0,0.62,0.74,0.16,0,0.45,0.11,1.41,0,0,0.02,1.85,1.47,3.76,0,0,0.39,0,0.03,1.12,0,0.6,24.08,0.13,0.44,0.62,1.03,0.19,0.51,0.04,0,0.05,0.35,0,1.5,0.01,5.99,0.34,1.83,18.62,37.65,43.73,2.35,34.08,0.25,0.21,9.17,0.73,0.87,1.54,1.25,6.87,4.02,2019-85,2019,201902,EE-19,4748.732927,0.01291385679046815,169244.79460026347,162,19,2,45.46,0,31.1,0.6836,0.1618,0,65.01169,-169.90252,50,2.8,9,NBS,13
2.96,0.08,0.15,0.32,0.03,0.42,0,0,0.23,0,11.78,0,0,10.99,0.21,0.86,0.75,2.58,0.3,0,1.02,0.09,0.47,1.72,2.91,0.35,7.62,7.76,0.05,0.17,0,0,0.66,0.64,0.19,0,0.4,0.14,1.22,0,0,0,1.33,1.02,3.14,0,0,0.35,0,0.02,1.46,0,0.47,25.31,0.1,0.34,0.7,1.25,0.05,0.22,0,0,0.13,0.29,0,1.17,0.01,5.35,0.22,2.69,20.77,35.37,43.86,2.11,34.15,0.21,0.2,7.77,0.8,0.93,1.78,0.98,8.98,4.73,2019-86,2019,201902,EE-19,4748.732927,0.01291385679046815,169244.79460026347,162,19,2,38.37,0,21.9,0.4464,0.0949,0,65.01169,-169.90252,50,2.8,9,NBS,13
2.78,0.07,0.07,0.29,0.04,0.34,0,0.26,0.36,0,10.46,0,0,9.65,0.19,0.81,0.73,2.29,0.27,0,1.05,0.06,0.27,2.3,2.45,0.41,9.38,7.72,0.62,0.18,0,0,0.66,0.73,0.16,0,0.47,0.13,1.38,0,0,0.01,2,1.42,4.19,0,0,0.4,0,0.02,1.04,0,0.53,22.79,0.08,0.35,0.64,0.83,0.19,0.68,0,0,0.17,0.33,0,1.87,0.03,5.65,0.21,2.88,18.99,37.92,43.1,2.27,32.63,0.25,0.23,9.42,0.79,0.92,1.67,1.21,7,4.04,2019-87,2019,201902,EE-19,4748.732927,0.01291385679046815,169244.79460026347,162,19,2,47.75,0,35.3,0.7684,0.2007,0,65.01169,-169.90252,50,2.8,9,NBS,13
4.06,0.11,0.09,0.24,0.03,0.43,0,0,0.23,0,14.62,0,0,11.65,0.22,0.71,0.51,2.76,0.3,0,0.99,0.07,0.35,1.79,3.19,0.4,9.89,8.89,0.71,0.15,0,0,0.56,0.72,0.17,0,0.45,0.12,1.12,0,0.26,0,2.06,1.6,4.25,0,0,0.34,0,0.03,0.85,0,0.45,16.06,0.14,0.48,1.08,1.2,0.17,0.46,0,0,0.24,0.26,0,1.02,0.04,3.26,0.24,2.23,24.9,42.98,32.13,1.29,22.38,0.2,0.18,10.67,0.68,0.8,1.88,1.11,10.43,4.92,2019-88,2019,201902,EE-19,4748.732927,0.01291385679046815,169244.79460026347,162,19,2,45.15,0,30.1,0.7718,0.2152,0,65.01169,-169.90252,50,2.8,9,NBS,13
3.24,0.06,0.06,0.16,0.03,0.34,0,0.14,0.18,0,12.89,0,0,9.61,0.14,0.52,0.3,2.13,0.25,0,1.02,0.05,0.28,2.19,2.56,0.33,9.14,7.41,0.53,0.13,0,0,0.54,0.66,0.16,0,0.39,0.11,1.48,0,0,0.1,1.9,1.38,3.76,0,0,0.31,0,0.02,1.06,0,0.55,23.68,0.1,0.56,0.52,0.92,0.14,0.52,0,0,0,0.33,0,1.26,0.02,5.65,0.19,1.71,20.81,36.63,42.56,2.05,33.12,0.24,0.2,9.04,0.66,0.75,1.63,1.23,6.47,4.19,2019-89,2019,201902,EE-19,4748.732927,0.01291385679046815,169244.79460026347,162,19,2,41.52,0,23.8,0.4827,0.1461,0,65.01169,-169.90252,50,2.8,9,NBS,13
3.94,0.07,0.16,0.2,0.03,0.37,0,0.23,0.71,0,12,0,0,10.37,0.2,0.66,0.51,1.81,0.26,0,0.32,0,0.28,0.49,2.27,0.44,11.39,9.08,0.72,0.16,0,0,0.69,0.5,0.14,0.1,0.27,0.15,0.68,0,0,0,4.58,1.99,3.05,0,0,0.47,0,0.03,1.05,0,0.42,13.95,0.1,3.24,1.47,0.62,0.23,0.34,0,0,0,0.25,0,2.32,0.03,6.12,0.51,2.72,21.51,48,30.49,1.42,23.92,0.44,0.11,14.96,0.84,0.86,1.19,1.25,15.36,2.28,2019-90,2019,201902,AA-23,622.978541,0.014365230067056,72158.1335740092,162,42,2,44.92,0,29.4,0.6171,0.1303,0,63.6616,-172.72117,56,0.3,8,NBS,12
3.21,0.04,0.09,0.17,0.02,0.5,0,0,0.22,0,12.68,0,0,10.35,0.2,0.67,0.44,1.11,0.3,0,0.33,0,0.3,0.48,2.54,0.28,11.33,7.49,0.69,0.15,0,0,0.69,0.35,0.17,0,0.33,0.17,0.83,0.1,0.35,0,3.45,1.92,4.43,0,0,0.6,0,0.05,1.59,0,0.34,14.23,0.1,2.04,0.95,0.77,0.22,0.6,0,0,0.08,0.47,0.01,1.56,0.03,9.5,0.47,2.03,21.33,44.6,34.07,1.6,26.95,0.67,0.09,13.56,0.86,0.82,0.84,1.51,12.46,1.5,2019-91,2019,201902,AA-23,622.978541,0.014365230067056,72158.1335740092,162,42,2,39.11,0,20.7,0.5651,0.1339,0,63.6616,-172.72117,56,0.3,8,NBS,12
2.97,0.05,0.08,0.18,0.03,0.39,0,0,0.52,0,10.86,0,0,8.22,0.19,0.76,0.59,1.6,0.32,0,0.46,0,0.54,0.34,2.61,0.47,9.94,8.51,0.76,0,0,0,0.68,0.46,0.14,0.07,0.23,0.16,0.47,0.12,0,0,4.36,2.18,2.81,0,0,0.72,0,0.04,1.79,0,0.36,16.64,0.11,3.54,1.75,1.11,0.17,0.25,0,0,0,0.32,0,2.86,0.09,7.66,0.52,2.47,19.59,44.44,35.98,1.84,28.69,0.46,0.13,15.75,0.85,0.76,1.29,1.17,17.51,2.17,2019-92,2019,201902,AA-23,622.978541,0.014365230067056,72158.1335740092,162,42,2,46.98,0,33.7,0.6216,0.0749,0,63.6616,-172.72117,56,0.3,8,NBS,12
NA,NA,NA,NA,NA,NA,NA,NA,NA,NA,NA,NA,NA,NA,NA,NA,NA,NA,NA,NA,NA,NA,NA,NA,NA,NA,NA,NA,NA,NA,NA,NA,NA,NA,NA,NA,NA,NA,NA,NA,NA,NA,NA,NA,NA,NA,NA,NA,NA,NA,NA,NA,NA,NA,NA,NA,NA,NA,NA,NA,NA,NA,NA,NA,NA,NA,NA,NA,NA,NA,NA,NA,NA,NA,NA,NA,NA,NA,NA,NA,NA,NA,NA,NA,2019-93,2019,201902,AA-23,622.978541,0.014365230067056,72158.1335740092,162,42,2,48.55,0,37.6,0.9526,0.1584,0,63.6616,-172.72117,56,0.3,8,NBS,12
2.39,0.04,0.07,0.15,0.04,0.38,0,0,1.02,0,10.64,0,0,5.57,0.17,0.75,0.4,1.09,0.38,0,0.34,0,0.41,0.13,3.4,0.23,9.51,6.7,0.93,0,0,0,0.74,0.37,0.18,0,0.22,0.17,0.4,0.1,0,0,4.47,2.17,2.38,0,0,0.74,0,0,2.84,0,0.33,17.09,0.13,5.66,1.31,0.75,0.1,0.31,0,0,0,0.41,0,2.2,0.1,11.34,0.76,2.74,19.82,40.67,39.51,1.99,31.92,0.66,0.11,16.75,0.91,0.52,0.91,1.42,14.05,1.51,2019-94,2019,201902,AA-23,622.978541,0.014365230067056,72158.1335740092,162,42,2,45.03,0,27.8,1.1962,0.1239,0,63.6616,-172.72117,56,0.3,8,NBS,12
3.04,0.03,0.07,0.19,0.03,0.54,0,0,0.3,0,11.56,0,0,7.77,0.32,0.64,0.37,1.5,0.36,0,0.5,0,0.52,0.37,2.68,0.31,8.6,6.52,0.78,0,0,0,0.83,0.5,0.19,0,0.23,0.21,0.62,0.16,0,0,3.9,1.85,3.27,0,0,0.63,0,0,1.82,0,0.33,17.47,0.13,3.27,1.2,0.7,0.16,0.39,0.03,0,0,0.39,0,2.12,0.02,11.96,0.58,2.07,19.9,39.15,40.96,2.06,33.26,0.68,0.13,14.19,1.04,0.67,1.06,1.32,12.48,1.46,2019-95,2019,201902,AA-23,622.978541,0.014365230067056,72158.1335740092,162,42,2,43.22,0,30.4,0.6477,0.0773,0,63.6616,-172.72117,56,0.3,8,NBS,12
2.87,0.07,0.08,0.21,0.03,0.41,0,0,0.62,0,10.43,0,0,8.49,0.19,0.84,0.56,1.77,0.33,0,0.41,0,0.45,0.35,2.97,0.41,8.45,7.62,0.75,0.2,0,0,0.71,0.6,0.16,0.11,0.27,0.19,0.59,0.15,0,0,3.14,2.18,3.27,0,0,0.76,0,0.05,2.02,0,0.68,16.25,0.18,2.68,1.7,0.88,0.13,0.48,0,0,0,0.52,0,3.19,0.06,9.91,0.65,2.66,19.73,40.69,39.58,2.01,31.25,0.61,0.13,13.85,0.9,0.81,1.12,1.11,14.45,1.64,2019-96,2019,201902,AA-23,622.978541,0.014365230067056,72158.1335740092,162,42,2,50.09,0,40.6,0.6292,0.1023,0,63.6616,-172.72117,56,0.3,8,NBS,12
1.01,0.06,0.04,0.15,0,0.57,0,0,0.09,0,10.38,0,0.94,2.96,0.19,0.91,0.74,0.81,0.64,0,0.57,0,1.14,0.12,3.96,0,10.79,7.41,0,0.31,0,0,1.15,0.52,0.3,0.14,0.18,0.26,0.22,0.11,0,0,2.3,1.7,4.01,0,0,0.9,0,0,3.83,0,0.17,20.69,0.33,0,2,1.77,0.29,0.61,0,0,0.27,0.41,0,2.61,0.11,10.93,0.42,2.46,19.1,34.83,46.07,2.41,36.02,0.53,0.15,11.78,1.41,0.29,0.96,1.46,13.67,1.89,2019-97,2019,201901,QP2524,1848.579017,0.015728067046296,272251.0011812556,162,163,2,54.86,0,NA,0.893,0.0795,0,60.16502,-172.99523,60,2.9,4,EBS,9
2.93,0.06,0.08,0.16,0.02,0.45,0,0,0.32,0,11.6,0,0,9.63,0.17,0.6,0.39,1.49,0.32,0,0.31,0,0.31,0.45,2.47,0.3,11.6,7.45,0.73,0.17,0,0,0.74,0.48,0.17,0,0.34,0.19,0.78,0.09,0,0,3.79,3.03,3.78,0,0,0.65,0,0.04,1.39,0,0.41,14.46,0.08,3.29,1.38,0.74,0.24,0.39,0,0,0.05,0.36,0,2.22,0.01,8.33,0.56,1.94,19.45,46.7,33.85,1.74,26.7,0.58,0.11,16.01,0.93,0.83,0.92,1.56,12.39,1.74,2019-98,2019,201902,AA-23,622.978541,0.014365230067056,72158.1335740092,162,42,2,41.65,0,25,0.9324,0.2098,0,63.6616,-172.72117,56,0.3,8,NBS,12
2.93,0.12,0.07,0.24,0.04,0.39,0,0,1,0,11.42,0,0,9.2,0.23,0.91,0.68,2.05,0.35,0,0.28,0,0.43,0.4,2.92,0.57,9.57,9.15,0.78,0.23,0,0,0.73,0.56,0.19,0.09,0.29,0.15,0.52,0,0,0,2.82,1.69,2.28,0,0,0.74,0,0.04,1.77,0,0.5,16.52,0.12,2.53,1.3,0.82,0.21,0.28,0,0,0.03,0.42,0.03,3.31,0.01,7.6,0.5,3.27,21.27,41.74,36.99,1.74,29.06,0.46,0.13,11.44,0.88,0.81,1.29,1.05,17.64,2.17,2019-99,2019,201902,AA-23,622.978541,0.014365230067056,72158.1335740092,162,42,2,48.34,0,37.2,0.819,0.1211,0,63.6616,-172.72117,56,0.3,8,NBS,12
3.55,0.06,0.12,0.26,0.03,0.35,0,0,0.65,0,10.41,0,0,8.77,0.18,0.82,0.68,1.62,0.3,0,0.28,0,0.44,0.4,2.6,0.54,8.64,9.39,0.09,0.2,0,0,0.72,0.59,0.16,0,0.44,0.16,0.55,0.13,0,0,4.48,2.03,2.24,0,0,0.73,0,0,1.63,0,0.51,16.42,0.14,3.83,1.3,0.73,0.17,0.26,0,0,0,0.41,0,3.29,0.09,8.02,0.57,2.79,19.93,43.12,36.94,1.85,29.39,0.49,0.12,14.61,0.88,0.84,0.99,0.92,15.85,2.05,2019-100,2019,201902,AA-23,622.978541,0.014365230067056,72158.1335740092,162,42,2,46.14,0,33.1,0.6616,0.0956,0,63.6616,-172.72117,56,0.3,8,NBS,12
2.98,0.13,0.11,0.21,0.03,0.51,0,0,0.46,0,11.38,0,0,10.69,0.19,0.73,0.51,1.87,0.32,0,0.24,0,0.65,0.56,3.22,0,7.74,8.08,0,0,0,0,0.72,0.56,0.2,0.09,0.25,0,0.83,0.17,0,0,2.74,1.75,4.42,0,0,0.58,0,0,1.68,0,0.56,18.83,0.08,1.74,0.99,0.83,0.12,1.27,0,0,0,0.37,0,2.32,0,7.84,0.43,2.45,20.64,39.74,39.61,1.92,31.02,0.42,0.13,12.48,0.72,0.94,1.22,0.96,12.94,2.4,2019-101,2019,201902,AA-23,622.978541,0.014365230067056,72158.1335740092,162,42,2,41.34,0,25.3,0.6655,0.0968,0,63.6616,-172.72117,56,0.3,8,NBS,12
3.3,0.04,0.08,0.13,0.03,0.45,0,0,0.5,0,11.68,0,0,7.36,0.17,0.56,0.27,1.18,0.39,0,0.3,0,0.32,0.28,3.28,0,8.86,7.1,0,0,0,0,0.66,0.45,0.19,0,0.21,0.16,0.57,0.14,0.2,0,4.89,2.3,3.83,0,0,0.64,0,0,1.94,0,0.27,15.34,0.22,4.75,1.57,0.64,0.08,0.62,0,0,0,0.51,0,1.75,0.09,10.85,0.84,1.95,21.15,42.39,36.46,1.72,29.27,0.71,0.1,17.98,0.82,0.63,0.87,1.25,12.87,1.41,2019-102,2019,201902,AA-23,622.978541,0.014365230067056,72158.1335740092,162,42,2,42.58,0,22.8,0.4508,0.0974,0,63.6616,-172.72117,56,0.3,8,NBS,12
2.99,0.06,0.08,0.19,0.02,0.47,0,0,0.23,0,10.49,0,0,10.52,0.17,0.63,0.49,1.76,0.32,0,0.32,0,0.02,0.6,2.58,0.46,9.31,8.81,0.89,0.11,0,0,0.8,0.65,0.21,0,0.38,0.16,0.89,0.13,0,0,4.1,1.91,5.94,0,0,0.68,0,0,1.57,0,0.38,16.04,0.08,1.73,1.05,0.64,0.25,0.85,0,0,0,0.46,0,2.55,0.03,6.66,0.34,2.03,18.61,46.06,35.34,1.9,26.69,0.42,0.11,15.36,0.96,1,0.84,1.06,11.78,2.41,2019-103,2019,201902,AA-23,622.978541,0.014365230067056,72158.1335740092,162,42,2,57.94,0,65,1.3231,0.2877,0,63.6616,-172.72117,56,0.3,8,NBS,12
NA,NA,NA,NA,NA,NA,NA,NA,NA,NA,NA,NA,NA,NA,NA,NA,NA,NA,NA,NA,NA,NA,NA,NA,NA,NA,NA,NA,NA,NA,NA,NA,NA,NA,NA,NA,NA,NA,NA,NA,NA,NA,NA,NA,NA,NA,NA,NA,NA,NA,NA,NA,NA,NA,NA,NA,NA,NA,NA,NA,NA,NA,NA,NA,NA,NA,NA,NA,NA,NA,NA,NA,NA,NA,NA,NA,NA,NA,NA,NA,NA,NA,NA,NA,2019-104,2019,201902,AA-23,622.978541,0.014365230067056,72158.1335740092,162,42,2,48.8,0,35.1,0.9236,0.2553,0,63.6616,-172.72117,56,0.3,8,NBS,12
2.93,0.07,0.08,0.27,0.03,0.44,0,0,0.74,0,10.42,0,0,9.78,0.21,0.9,0.77,1.95,0.37,0,0.34,0.06,0.45,0.47,2.73,0,8.62,8.3,0,0,0,0,0.71,0.49,0.19,0.09,0.26,0,0.6,0,0,0,3.72,1.54,3.21,0,0,0.63,0,0,1.95,0,0.4,18.26,0.14,2.72,1.55,0.78,0.22,0.37,0,0,0.03,0.43,0,3.26,0.05,7.92,0.53,3.21,19.95,41.12,38.94,1.95,30.9,0.43,0.14,13.53,0.71,0.94,1.42,1.04,16.24,2.31,2019-105,2019,201902,AA-23,622.978541,0.014365230067056,72158.1335740092,162,42,2,55.67,0,69.2,0.5605,0.0885,0,63.6616,-172.72117,56,0.3,8,NBS,12
2.18,0.04,0.05,0.22,0.02,0.5,0,0,0.57,0,11.3,0,0,9.98,0.17,0.74,0.69,1.55,0.54,0,0.8,0,0.43,0.47,2.77,0,7.76,8.27,0,0,0,0,0.87,0.64,0.26,0,0.37,0.22,0.83,0.15,0,0.25,4.88,1.98,6.29,0,0,0.7,0,0,1.96,0,0.39,15.01,0.12,3.62,1.04,0.7,0.22,1.01,0,0,0,0.59,0,2.28,0.06,6.1,0.42,2.73,19.74,45.16,35.1,1.78,25.51,0.41,0.13,18.51,1.1,0.88,0.9,0.94,12.09,2.46,2019-106,2019,201902,AA-23,622.978541,0.014365230067056,72158.1335740092,162,42,2,50.81,0,46.4,0.7676,0.1425,0,63.6616,-172.72117,56,0.3,8,NBS,12
2.68,0.05,0.06,0.23,0.02,0.52,0,0,0.33,0,12.43,0,0,8.97,0.17,0.68,0.57,1.07,0.42,0,0.63,0,0.36,0.38,3.03,0.46,10.37,7.61,0.71,0.16,0,0,0.68,0.57,0.16,0,0.41,0.16,0.62,0,0,0,4.56,1.96,6.46,0,0,0.68,0,0,1.74,0,0.35,14.11,0.1,2.33,1.4,0.72,0.26,0.91,0,0,0,0.45,0,2.33,0.04,6.65,0.46,2.35,21.11,46.39,32.5,1.54,24.57,0.47,0.1,17.42,0.84,0.72,0.94,1.36,14.58,2.12,2019-107,2019,201902,AA-23,622.978541,0.014365230067056,72158.1335740092,162,42,2,51.14,0,53.1,0.4744,0.1335,0,63.6616,-172.72117,56,0.3,8,NBS,12
2.2,0.05,0.07,0.18,0.02,0.46,0,0,0.8,0,10.04,0,0,5.41,0.21,0.82,0.76,1.91,0.41,0,0.44,0,0.65,0.14,3.06,0.39,9.88,7.19,0.71,0,0,0,0.66,0.5,0.17,0,0.29,0.11,0.31,0.09,0,0,6.1,2.31,3.4,0,0,0.73,0,0,1.89,0,0.29,15.51,0.15,6.56,1.3,1.43,0.32,0.5,0,0,0,0.4,0,2.5,0.07,7.8,0.82,3.04,19.03,45.77,35.21,1.85,27.17,0.5,0.17,21.09,0.77,0.54,1.47,1.37,17.43,1.99,2019-108,2019,201902,AA-23,622.978541,0.014365230067056,72158.1335740092,162,42,2,51.55,0,49.4,0.527,0.0743,0,63.6616,-172.72117,56,0.3,8,NBS,12
3.16,0.04,0.08,0.2,0.02,0.47,0,0,0.31,0,12.02,0,0,10.4,0.16,0.6,0.51,1.54,0.32,0,0.26,0,0.34,0.68,2.66,0.5,8.93,7.72,0.72,0.14,0,0,0.66,0.58,0.19,0,0.39,0.15,0.91,0.12,0,0,4.52,1.84,5.44,0,0,0.63,0,0,1.4,0,0.41,16.24,0.12,2.57,1.33,0.69,0.28,0.65,0,0,0.02,0.34,0,2.05,0.07,6.17,0.42,2.11,20.52,45.46,34.02,1.66,26.27,0.38,0.11,16.39,0.81,0.86,0.94,1.16,11.47,2.63,2019-109,2019,201902,AA-23,622.978541,0.014365230067056,72158.1335740092,162,42,2,49.67,0,46,1.0054,0.1958,0,63.6616,-172.72117,56,0.3,8,NBS,12
3.47,0.07,0.07,0.15,0.02,0.4,0,0,0.45,0,10.57,0,0,9.19,0.16,0.57,0.42,1.59,0.36,0,0.55,0,0.46,0.59,2.68,0.36,8.03,7.24,0.55,0,0,0,0.75,0.6,0.19,0,0.3,0.21,1.14,0,0,0,5.52,2.04,4.38,0,0,0.53,0,0,1.28,0,0.46,16.49,0.13,3.92,2.1,0.95,0.23,0.85,0,0,0,0.28,0,2.78,0.05,6.41,0.46,2,19.32,44.98,35.7,1.85,27.96,0.39,0.14,18.91,0.96,0.87,1,1.11,8.03,2.57,2019-110,2019,201902,AA-23,622.978541,0.014365230067056,72158.1335740092,162,42,2,54.7,0,65.7,1.5483,0.2247,0,63.6616,-172.72117,56,0.3,8,NBS,12
2.61,0.05,0.06,0.21,0.02,0.48,0,0,0.42,0,12.26,0,0,9.97,0.19,0.75,0.58,2.22,0.36,0,0.3,0,0.46,0.57,2.84,0.43,8.26,7.51,0.63,0.12,0,0,0.85,0.67,0.2,0,0.4,0.14,0.77,0.13,0,0,3.69,1.7,5.3,0,0,0.69,0,0.04,1.68,0,0.43,17,0.1,2.14,0.75,1.1,0.09,1.14,0,0,0,0.29,0,2.67,0.05,6.31,0.38,2.46,20.77,42.22,37.02,1.78,27.78,0.37,0.14,14.68,0.99,0.81,1.12,1.1,12.9,2.69,2019-111,2019,201902,AA-23,622.978541,0.014365230067056,72158.1335740092,162,42,2,51.82,0,49.8,0.5115,0.1097,0,63.6616,-172.72117,56,0.3,8,NBS,12
2.98,0.05,0.07,0.19,0.02,0.45,0,0,1.01,0,10.31,0,0,9.24,0.22,0.74,0.54,1.89,0.35,0,0.28,0,0.38,0.44,2.58,0.46,8.7,6.96,0.65,0.15,0,0,0.68,0.51,0.17,0,0.32,0.16,0.8,0,0,0,4.91,1.86,4.52,0,0,0.71,0,0.04,1.54,0,0.45,15.84,0.09,3.7,1.22,1.17,0.36,0.65,0,0,0,0.35,0,3.05,0.06,7.5,0.61,2.96,19.44,44.44,36.12,1.86,28.19,0.47,0.13,17.39,0.84,0.9,1.13,1.25,11.54,2.11,2019-112,2019,201902,AA-23,622.978541,0.014365230067056,72158.1335740092,162,42,2,51.02,0,48.6,0.4361,0.1171,0,63.6616,-172.72117,56,0.3,8,NBS,12
2.99,0.09,0.06,0.11,0.02,0.27,0,0,0.17,0,12.67,0,0,8.94,0.12,0.51,0.11,2.82,0.19,0,1.28,0.06,0.33,3.34,2.93,0.21,10.03,6.21,0.42,0.11,0,0,0.49,0.56,0.16,0,0.37,0.1,1.79,1.02,0.4,0,1.09,1.32,2.51,0,0,0.22,0,0.02,0.91,0,0.55,26.07,0.08,0.25,0.5,0.8,0.11,0.22,0,0,0.03,0.22,0.02,1.01,0.02,5.03,0.15,1.24,20.56,32.79,46.66,2.27,34.91,0.19,0.26,6.47,0.59,0.71,1.72,1.61,4.98,5.19,2019-113,2019,201902,EE-19,4748.732927,0.01291385679046815,169244.79460026347,162,19,2,54.18,0,59.1,0.5302,0.2137,0,65.01169,-169.90252,50,2.8,9,NBS,13
2.81,0.06,0.08,0.14,0.02,0.48,0,0,0.16,0,13.55,0,0,9.61,0.18,0.76,0.52,1.84,0.35,0,0.25,0,0.36,1.07,3.37,0.24,10.14,7.19,0.71,0.16,0,0,0.57,0.58,0.15,0,0.32,0.14,0.88,0,0,0,2.47,2.19,5.27,0,0,0.57,0,0.05,1.4,0,0.33,18.51,0.13,0.92,0.88,0.96,0.37,0.56,0,0,0,0.35,0,1.64,0.06,6.2,0.43,2.09,22.46,41.42,36.11,1.61,28.06,0.34,0.13,12.68,0.71,0.71,1.33,1.41,10.91,2.98,2019-114,2019,201902,EE-19,4748.732927,0.01291385679046815,169244.79460026347,162,19,2,64.06,0,115.6,0.5842,0.1498,0,65.01169,-169.90252,50,2.8,9,NBS,13
3.11,0.07,0.08,0.13,0.02,0.32,0,0.14,0.17,0,16.37,0,0,11.11,0.13,0.53,0.16,2.41,0.27,0,0.92,0,0.29,2.01,3.49,0.2,13.56,8.46,0.41,0.13,0,0,0.54,0.54,0.15,0,0.3,0.09,1.1,0,0,0.01,1.63,1.49,3.76,0,0,0.21,0,0.02,0.82,0,0.32,16.51,0.1,0.27,0.67,0.8,0.09,0.58,0,0,0.24,0.23,0,0.89,0.01,3.96,0.17,1.48,24.92,42.86,32.22,1.29,23.17,0.24,0.17,8.62,0.63,0.68,2.06,1.6,10.1,4.17,2019-115,2019,201902,EE-19,4748.732927,0.01291385679046815,169244.79460026347,162,19,2,67.22,0,112.9,1.2918,0.3646,0,65.01169,-169.90252,50,2.8,9,NBS,13
3.01,0.08,0.06,0.12,0.03,0.3,0,0,0.17,0,12.71,0,0,9.49,0.13,0.6,0.26,2.64,0.22,0,1.2,0.05,0.31,3.25,3.02,0.23,9.62,6.28,0.48,0.13,0,0,0.53,0.56,0.17,0,0.36,0.11,1.55,0,0.25,0.01,1.2,1.2,2.66,0,0,0.25,0,0.02,1.06,0,0.48,25.64,0.11,0.42,0.52,0.74,0.14,0.27,0,0,0,0.22,0,1.21,0.03,5.73,0.19,1.54,20.93,33.39,45.67,2.18,35.03,0.22,0.25,6.74,0.64,0.75,2.24,1.53,6.14,4.47,2019-116,2019,201902,EE-19,4748.732927,0.01291385679046815,169244.79460026347,162,19,2,65.6,0,112.3,0.9736,0.2892,0,65.01169,-169.90252,50,2.8,9,NBS,13
3.28,0.08,0.06,0.19,0.03,0.36,0,0,0.31,0,11.94,0,0,9.65,0.24,0.65,0.46,3.1,0.25,0,0.99,0.04,0.25,2.21,2.42,0.23,9.48,7.28,1.1,0.16,0,0,0.63,0.74,0.18,0,0.42,0.1,1.36,0,0,0.01,1.81,1.68,3.99,0,0,0.39,0,0.03,1.06,0,0.46,21.31,0.13,0.66,0.79,0.79,0.25,0.55,0,0,0.18,0.3,0,2.05,0.04,5.07,0.25,2.05,20.16,38.22,41.62,2.06,30.62,0.24,0.23,9.72,0.72,0.81,1.91,1.3,7.08,4.2,2019-117,2019,201902,EE-19,4748.732927,0.01291385679046815,169244.79460026347,162,19,2,62.09,0,102.5,1.0122,0.2453,0,65.01169,-169.90252,50,2.8,9,NBS,13
3.43,0.08,0.08,0.31,0.04,0.42,0,0,0.39,0,15.64,0,0,11.82,0.21,0.88,0.76,1.99,0.38,0,1.03,0,0.37,1.57,3.44,0.36,10.87,7.62,0.68,0.19,0,0,0.76,0.63,0.2,0,0.43,0.11,1.13,0,0.2,0,2.76,1.45,3.64,0,0,0.3,0,0,0.92,0,0.3,15.46,0.09,1.44,0.66,0.55,0.22,0.53,0,0,0,0.23,0,1.42,0.02,3.8,0.22,2.79,26.06,42.55,31.39,1.2,22.58,0.25,0.15,10.5,0.87,0.76,1.52,1.43,10.5,4.07,2019-118,2019,201902,EE-19,4748.732927,0.01291385679046815,169244.79460026347,162,19,2,53.56,0,63.3,0.8905,0.2577,0,65.01169,-169.90252,50,2.8,9,NBS,13
3.7,0.13,0.06,0.12,0.03,0.26,0,0,0.25,0,12.92,0,0,10.73,0.13,0.54,0.07,3.6,0.18,0,1.37,0.07,0.27,3.62,2.7,0.14,9.37,6.56,0.42,0.11,0,0,0.5,0.58,0.18,0,0.41,0.1,1.9,0,0.27,0.02,0.65,1.33,2.48,0,0,0.19,0,0,0.8,0,0.61,25.86,0.1,0.24,0.61,0.65,0.06,0.11,0,0,0.17,0.18,0,0.72,0.02,3.85,0.06,1.33,21.28,33.62,45.1,2.12,33.33,0.15,0.27,5.97,0.6,0.83,2.4,1.43,5.66,6.71,2019-119,2019,201902,EE-19,4748.732927,0.01291385679046815,169244.79460026347,162,19,2,56.68,0,73.6,1.3093,0.4049,0,65.01169,-169.90252,50,2.8,9,NBS,13
3.49,0.16,0.08,0.21,0.03,0.72,0,0,0.25,0,13.09,0,0,18.87,0.21,0.61,0.54,1.71,0.38,0.01,0.46,0,0.28,1.03,2.85,0.51,8.05,7.5,0.41,0,0,0,0.73,0.45,0.24,0,0.41,0.15,1.38,0,0.25,0,2.67,1.25,5.53,0,0,0.5,0,0.04,1.33,0,0.39,15.59,0.07,0.54,0.71,0.55,0.26,0.61,0.03,0,0.02,0.25,0,1.26,0.02,3.06,0.23,2.38,22.73,47.12,30.15,1.33,22.14,0.2,0.1,11.25,0.88,1.44,1.03,1.07,13.64,5.1,2019-120,2019,201902,Y-24,118.79803600000001,0.01454845822763025,109059.03946486037,162,49,2,59.58,0,82.8,0.7027,0.2106,0,63.0105,-173.29301,70,-0.6,8,NBS,12
3.5,0.16,0.09,0.21,0.04,0.65,0,0,0.28,0,14.36,0,0,20.42,0.19,0.5,0.52,1.92,0.29,0.02,0.36,0,0.18,1.56,2.61,0.33,10.24,7.36,0.35,0,0,0,0.74,0.47,0.24,0,0.39,0.14,1.65,0,0,0,1.88,0.94,4.24,0,0,0.32,0,0.03,1.11,0,0.4,15.47,0.07,0.37,0.43,0.35,0.14,0.38,0.04,0,0,0.2,0,0.87,0.02,2.91,0.08,2.21,23.25,47.29,29.46,1.27,21.65,0.19,0.1,8.22,0.88,1.42,1.11,1.39,12.38,5.31,2019-121,2019,201902,Y-24,118.79803600000001,0.01454845822763025,109059.03946486037,162,49,2,53.26,0,55.2,0.9669,0.3269,0,63.0105,-173.29301,70,-0.6,8,NBS,12
3.79,0.15,0.09,0.19,0.03,0.75,0,0,0.29,0,14.96,0,0,20.8,0.2,0.55,0.47,1.68,0.33,0.01,0.36,0,0.24,1.05,2.78,0.47,8.83,6.15,0.34,0,0,0,0.57,0.4,0.2,0,0.36,0.13,1.47,0,0.12,0,2.58,1.08,5.37,0,0,0.4,0,0.03,1.07,0,0.33,14.19,0.05,0.77,0.6,0.45,0.23,0.5,0,0,0.21,0.19,0,0.92,0.02,2.99,0.28,2.28,24.52,48,27.48,1.12,20.26,0.21,0.08,10.85,0.69,1.39,1.07,1.44,14.19,4.74,2019-122,2019,201902,Y-24,118.79803600000001,0.01454845822763025,109059.03946486037,162,49,2,53.51,0,56.8,1.0115,0.2582,0,63.0105,-173.29301,70,-0.6,8,NBS,12
2.68,0.11,0.07,0.18,0.02,0.6,0,0,0.24,0,12.85,0,0,17.18,0.18,0.54,0.46,1.45,0.34,0,0.35,0,0.29,1.12,2.7,0.37,8.94,7.19,0.38,0,0,0,0.74,0.45,0.25,0,0.37,0.16,1.67,0,0,0,2.91,1.29,5.22,0,0,0.43,0,0.03,1.3,0,0.4,16.81,0.08,1.26,0.74,0.46,0.29,0.81,0.03,0,0,0.27,0,1.48,0.01,3.99,0.29,2.05,20.85,46.47,32.68,1.57,24.85,0.24,0.1,11.87,0.9,1.34,0.88,1.24,10.29,4.21,2019-123,2019,201902,Y-24,118.79803600000001,0.01454845822763025,109059.03946486037,162,49,2,56.51,0,63,0.9762,0.2639,0,63.0105,-173.29301,70,-0.6,8,NBS,12
3.44,0.14,0.08,0.2,0.03,0.66,0,0,0.28,0,12.29,0,0,19.78,0.21,0.48,0.51,1.8,0.25,0.02,1.09,0,0.19,1.5,2.14,0.36,8.04,5.87,0.39,0,0,0,0.73,0.54,0.25,0,0.46,0.16,1.89,0,0,0,2.19,1.05,4.54,0,0,0.47,0,0.03,1.23,0,0.47,18.37,0.06,0.61,0.55,0.43,0.21,0.43,0.08,0,0,0.27,0,1.21,0.01,3.75,0.24,2.18,20.53,44.35,35.12,1.71,26.13,0.2,0.12,9.37,0.89,1.61,1.14,1.37,10.46,4.9,2019-124,2019,201902,Y-24,118.79803600000001,0.01454845822763025,109059.03946486037,162,49,2,56.63,0,67.8,0.8546,0.2349,0,63.0105,-173.29301,70,-0.6,8,NBS,12
4.06,0.15,0.08,0.17,0.02,0.73,0,0.16,0.19,0,14.95,0,0,23.89,0.22,0.52,0.47,1.45,0.3,0.01,0.37,0,0.15,1.18,2.47,0.46,7.65,6.26,0.28,0,0,0,0.67,0.43,0.23,0,0.43,0.14,1.68,0,0,0,2.07,0.88,4.81,0,0,0.36,0,0.02,1.18,0,0.41,15.04,0.06,0.36,0.7,0.36,0.12,0.27,0.02,0,0.14,0.19,0,0.81,0.02,2.22,0.2,2.27,24.29,48.21,27.5,1.13,20.48,0.15,0.07,9.18,0.81,1.6,0.88,1.22,14.21,6.76,2019-125,2019,201902,Y-24,118.79803600000001,0.01454845822763025,109059.03946486037,162,49,2,59.99,0,73.9,0.9546,0.2613,0,63.0105,-173.29301,70,-0.6,8,NBS,12
4.11,0.15,0.08,0.14,0.02,0.74,0,0.14,0.15,0,13.69,0,0,24.05,0.19,0.43,0.36,1.64,0.25,0.01,1.02,0,0.15,1.36,2.06,0.41,6.74,5.49,0.31,0,0,0,0.68,0.43,0.25,0,0.45,0.14,1.94,0,0,0,1.85,0.82,4.83,0,0,0.36,0,0.02,1.19,0,0.47,17.62,0.06,0.28,0.42,0.26,0.15,0.32,0.02,0,0,0.27,0,0.88,0.01,2.5,0.08,2.01,22.35,45.8,31.85,1.43,23.72,0.14,0.1,8.45,0.82,1.76,1.07,1.23,12.37,7.05,2019-126,2019,201902,Y-24,118.79803600000001,0.01454845822763025,109059.03946486037,162,49,2,55.59,0,61.4,0.835,0.1522,0,63.0105,-173.29301,70,-0.6,8,NBS,12
2.63,0.07,0.12,0.26,0.03,0.44,0,0.29,0.17,0,11.81,0,0,11.56,0.17,0.76,0.66,1.75,0.36,0,1.12,0,0.34,1.37,2.31,0.33,10.46,8.06,0.54,0.1,0,0,0.76,0.53,0.2,0,0.45,0.17,1.19,0,0,0,2.36,1.43,4.08,0,0,0.54,0,0.04,1.64,0,0.42,19.14,0.13,0.51,0.72,0.78,0.3,0.59,0.02,0,0.01,0.45,0.02,1.72,0.03,5.82,0.23,2.62,20,41.47,38.53,1.93,28.84,0.3,0.16,9.89,0.93,0.98,1.4,1.3,9.74,3.29,2019-127,2019,201902,FF-18,601.501987,0.0121191759469935,4703.2900792351675,162,18,2,50.97,0,56.1,0.4873,0.1529,0,65.22397,-168.90444,53,2.1,9,NBS,13
2.62,0.06,0.09,0.21,0.03,0.46,0,0.24,0.23,0,15.02,0,0,12.39,0.15,0.68,0.56,1.47,0.36,0,0.29,0,0.34,0.9,3.27,0.63,11.96,8.68,0.6,0.16,0,0,0.68,0.51,0.16,0,0.35,0.14,0.92,0,0,0,2.85,1.54,4.78,0,0,0.42,0,0.03,1.19,0,0.3,14.47,0.07,0.47,0.76,0.82,0.24,0.72,0.02,0,0,0.29,0,1.8,0.01,4.9,0.19,2.41,23.84,46.07,30.1,1.26,22.87,0.34,0.1,11.22,0.81,0.83,1.09,1.38,13.5,2.95,2019-128,2019,201902,FF-18,601.501987,0.0121191759469935,4703.2900792351675,162,18,2,51.1,0,46.4,0.8719,0.2534,0,65.22397,-168.90444,53,2.1,9,NBS,13
NA,NA,NA,NA,NA,NA,NA,NA,NA,NA,NA,NA,NA,NA,NA,NA,NA,NA,NA,NA,NA,NA,NA,NA,NA,NA,NA,NA,NA,NA,NA,NA,NA,NA,NA,NA,NA,NA,NA,NA,NA,NA,NA,NA,NA,NA,NA,NA,NA,NA,NA,NA,NA,NA,NA,NA,NA,NA,NA,NA,NA,NA,NA,NA,NA,NA,NA,NA,NA,NA,NA,NA,NA,NA,NA,NA,NA,NA,NA,NA,NA,NA,NA,NA,2019-129,2019,201902,FF-18,601.501987,0.0121191759469935,4703.2900792351675,162,18,2,60.58,0,90.2,0.8614,0.215,0,65.22397,-168.90444,53,2.1,9,NBS,13
3.12,0.12,0.06,0.19,0.03,0.49,0,0,0.16,0,15.67,0,0,14.87,0.16,0.61,0.49,2.01,0.36,0,1.07,0.07,0.39,1.42,3.1,0.34,9.8,9.18,0.49,0.13,0,0,0.73,0.51,0.2,0,0.39,0.13,1.3,0,0,0,1.89,1.33,5.34,0,0,0.38,0,0.03,1.01,0,0.42,14.67,0.11,0.31,0.6,0.85,0.07,0.97,0,0,0.14,0.21,0,0.84,0.01,3.04,0.19,2.03,24.49,45.63,29.88,1.22,20.79,0.21,0.14,10.33,0.85,0.95,1.5,1.07,11.4,4.82,2019-130,2019,201902,DD-18,4337.889566,0.00730541876231475,148051.40474346993,162,33,2,54.18,0,67,0.3993,0.1535,0,64.66013,-169.12056,44,2.2,9,NBS,13
3.33,0.12,0.07,0.24,0.03,0.44,0,0.21,0.2,0,17.1,0,0,14.17,0.16,0.63,0.49,1.91,0.3,0,0.99,0,0.2,1.48,3.5,0.28,12.58,9.29,0.64,0.16,0,0,0.7,0.48,0.18,0,0.38,0.06,1.1,0,0.35,0,1.44,1.91,4.42,0,0,0.33,0,0.02,0.73,0,0.37,12.51,0.11,0.39,0.61,0.65,0.15,0.5,0,0,0,0.18,0,0.94,0.02,2.76,0.2,2.25,27.09,46.96,25.94,0.96,17.94,0.22,0.13,9.42,0.75,0.83,1.58,1.35,12.82,4.54,2019-131,2019,201902,DD-18,4337.889566,0.00730541876231475,148051.40474346993,162,33,2,55.15,0,58.4,0.7923,0.3371,0,64.66013,-169.12056,44,2.2,9,NBS,13
4.38,0.19,0.09,0.22,0.03,0.44,0,0.03,0.14,0,19.9,0,0,15.88,0.17,0.5,0.54,1.74,0.38,0,0.72,0,0.28,0.74,4.26,0.43,13.83,11.93,0.71,0.1,0,0,0.77,0.5,0.17,0,0.3,0.11,0.69,0,0.35,0,1.61,2.06,4.97,0,0,0.28,0,0,0.46,0,0.22,5.79,0.1,0.43,0.51,0.66,0.27,0.5,0,0,0,0.05,0,0.34,0.02,1.02,0.2,1.9,31.47,53.58,14.95,0.48,8.46,0.18,0.09,10.23,0.88,0.8,1.37,1.16,22.96,5.7,2019-132,2019,201902,DD-18,4337.889566,0.00730541876231475,148051.40474346993,162,33,2,49.98,0,44.2,0.7262,0.3108,0,64.66013,-169.12056,44,2.2,9,NBS,13
2.42,0.08,0.15,0.18,0.01,0.74,0,0,0.04,0,14.08,0,0,15.91,0.15,0.48,0.56,0.76,0.36,0,0.79,0,0.3,0.41,2.51,0.44,13.31,8.55,0.4,0.07,0,0,0.7,0.3,0.16,0,0,0.17,0.76,0.32,0,0,3.15,1.2,7.02,0,0,0.46,0,0,2.18,0,0.25,12.25,0.07,0,0.77,0.69,0.29,0.89,0,0,0.03,0.42,0,1.24,0.03,3.73,0.22,2.02,21.56,52.03,26.41,1.22,18.71,0.3,0.07,12.84,0.87,1.13,0.94,1.56,21.07,3.28,2019-133,2019,201902,W-26,451.948441,0.0141509820878085,208473.85302972078,162,2,2,57.21,0,63.6,0.7668,0.1829,0,62.33512,-174.57173,71,-0.5,7,NBS,10
2.79,0.07,0.12,0.17,0.01,0.71,0,0,0.07,0,13.94,0,0,15.89,0.15,0.43,0.5,0.96,0.36,0,0.86,0,0.24,0.47,2.48,0.36,15.42,8.87,0.39,0.07,0,0,0.72,0.39,0.2,0,0,0.18,0.77,0.27,0,0,2.83,1.45,6.48,0,0,0.4,0,0,1.75,0,0.24,11.71,0.07,0.44,0.76,0.72,0.17,0.69,0,0,0,0.43,0,1.02,0.01,2.88,0.07,1.89,21.61,54.02,24.37,1.13,17.04,0.25,0.08,12.68,0.9,1.14,1,1.74,20.52,4.06,2019-134,2019,201902,W-26,451.948441,0.0141509820878085,208473.85302972078,162,2,2,55.51,0,57,0.8562,0.213,0,62.33512,-174.57173,71,-0.5,7,NBS,10
NA,NA,NA,NA,NA,NA,NA,NA,NA,NA,NA,NA,NA,NA,NA,NA,NA,NA,NA,NA,NA,NA,NA,NA,NA,NA,NA,NA,NA,NA,NA,NA,NA,NA,NA,NA,NA,NA,NA,NA,NA,NA,NA,NA,NA,NA,NA,NA,NA,NA,NA,NA,NA,NA,NA,NA,NA,NA,NA,NA,NA,NA,NA,NA,NA,NA,NA,NA,NA,NA,NA,NA,NA,NA,NA,NA,NA,NA,NA,NA,NA,NA,NA,NA,2019-135,2019,201902,W-26,451.948441,0.0141509820878085,208473.85302972078,162,2,2,56.16,0,58,0.7661,0.1977,0,62.33512,-174.57173,71,-0.5,7,NBS,10
2.81,0.06,0.14,0.2,0.01,0.66,0,0.27,0.07,0,12.95,0,0,14.9,0.16,0.53,0.63,0.92,0.34,0,0.76,0,0.24,0.55,2.65,0.43,13.37,8.34,0.45,0.09,0,0,0.78,0.37,0.17,0,0.28,0.17,0.91,0.14,0,0,2.93,1.46,6.27,0,0,0.45,0,0.03,1.87,0,0.27,13.84,0.08,0.43,0.73,0.74,0.19,0.6,0.05,0,0.05,0.43,0,1.4,0.01,3.6,0.22,2.37,21.3,50.67,28.04,1.32,20.48,0.26,0.08,12.57,0.95,1.15,0.87,1.6,16.43,3.84,2019-136,2019,201902,W-26,451.948441,0.0141509820878085,208473.85302972078,162,2,2,58.07,0,65.7,0.7012,0.2449,0,62.33512,-174.57173,71,-0.5,7,NBS,10
NA,NA,NA,NA,NA,NA,NA,NA,NA,NA,NA,NA,NA,NA,NA,NA,NA,NA,NA,NA,NA,NA,NA,NA,NA,NA,NA,NA,NA,NA,NA,NA,NA,NA,NA,NA,NA,NA,NA,NA,NA,NA,NA,NA,NA,NA,NA,NA,NA,NA,NA,NA,NA,NA,NA,NA,NA,NA,NA,NA,NA,NA,NA,NA,NA,NA,NA,NA,NA,NA,NA,NA,NA,NA,NA,NA,NA,NA,NA,NA,NA,NA,NA,NA,2019-137,2019,201902,W-26,451.948441,0.0141509820878085,208473.85302972078,162,2,2,59.29,0,64.9,1.0347,0.2058,0,62.33512,-174.57173,71,-0.5,7,NBS,10
2.65,0.05,0.12,0.19,0.01,0.64,0,0,0.05,0,14.39,0,0,15.82,0.15,0.49,0.55,0.71,0.33,0,0.65,0,0.28,0.36,2.53,0.46,13.4,8.83,0.4,0.08,0,0,0.67,0.39,0.17,0,0.31,0.16,0.75,0.19,0,0,3.1,1.49,7.37,0,0,0.51,0,0,1.76,0,0.29,12.44,0.07,0.25,0.5,0.69,0.1,0.55,0,0,0,0.41,0,1.2,0.01,3.18,0.26,1.95,21.98,52.93,25.09,1.14,18.3,0.26,0.06,13.4,0.83,1.1,0.76,1.52,21.06,3.92,2019-138,2019,201902,W-26,451.948441,0.0141509820878085,208473.85302972078,162,2,2,55.81,0,54.9,0.6845,0.174,0,62.33512,-174.57173,71,-0.5,7,NBS,10
2.69,0.06,0.13,0.23,0.03,0.69,0,0,0.06,0,15.29,0,0,16.47,0.18,0.53,0.69,0.85,0.37,0,0.74,0.09,0.27,0.57,2.91,0.47,13.62,8.18,0.38,0.09,0,0,0.74,0.4,0.17,0,0,0.09,1.11,0.19,0,0,2.81,1.31,6.57,0,0,0.39,0,0,1.65,0,0.28,11.71,0.07,0.35,0.54,0.54,0.16,0.61,0,0,0,0.36,0,1.13,0.02,3.03,0.2,2.31,23.63,51.92,24.45,1.03,17.61,0.26,0.07,12.13,0.83,1.08,0.9,1.66,14.9,3.87,2019-139,2019,201902,W-26,451.948441,0.0141509820878085,208473.85302972078,162,2,2,60.71,0,74.4,0.5842,0.1451,0,62.33512,-174.57173,71,-0.5,7,NBS,10
2.62,0.07,0.14,0.18,0.01,0.66,0,0,0.05,0,12.41,0,0,15.01,0.16,0.48,0.56,0.9,0.34,0,0.52,0,0.26,0.54,2.66,0.4,13.49,7.55,0.37,0.08,0,0,0.71,0.27,0.17,0,0.28,0.16,0.94,0.15,0,0,3.04,1.48,6.67,0,0,0.46,0,0,2.18,0,0.32,14.94,0.06,0.41,0.82,0.68,0.18,0.65,0.01,0,0,0.59,0,1.38,0.01,3.77,0.23,1.95,20.12,50.51,29.37,1.46,21.78,0.25,0.07,13.1,0.88,1.21,0.83,1.79,16.02,3.97,2019-140,2019,201902,W-26,451.948441,0.0141509820878085,208473.85302972078,162,2,2,57.33,0,60.5,0.9285,0.3194,0,62.33512,-174.57173,71,-0.5,7,NBS,10
2.75,0.06,0.13,0.19,0.01,0.66,0,0,0.04,0,13.45,0,0,15.82,0.15,0.47,0.52,0.87,0.28,0,0.5,0,0.25,0.49,2.59,0.39,15.16,8.42,0.37,0.07,0,0,0.69,0.26,0.16,0,0.27,0.15,0.85,0.13,0,0,2.71,1.35,5.53,0,0,0.39,0,0.03,1.82,0,0.31,13.83,0.06,0.37,0.77,0.75,0.15,0.53,0.02,0,0.05,0.42,0,1.14,0.01,3.35,0.23,1.9,21.12,52.24,26.64,1.26,19.9,0.24,0.07,11.5,0.84,1.18,0.84,1.8,18.71,4.13,2019-141,2019,201902,W-26,451.948441,0.0141509820878085,208473.85302972078,162,2,2,55.78,0,52.8,0.5308,0.171,0,62.33512,-174.57173,71,-0.5,7,NBS,10
2.75,0.07,0.14,0.16,0.01,0.69,0,0.21,0.04,0,13.09,0,0,16.76,0.14,0.41,0.49,0.92,0.28,0,0.5,0,0.25,0.54,2.51,0.17,14.99,7.13,0.31,0.07,0.02,0,0.69,0.23,0.17,0,0.25,0.03,1.11,0.13,0.28,0,2.35,1.17,5.56,0,0,0.37,0,0.02,1.94,0,0.33,14.84,0.06,0.25,0.76,0.79,0.17,0.43,0.01,0,0.01,0.59,0,1.12,0.02,3.57,0.1,2.01,21.1,50.69,28.21,1.34,21.26,0.24,0.07,10.88,0.72,1.28,0.84,2.1,15.04,4.16,2019-142,2019,201902,W-26,451.948441,0.0141509820878085,208473.85302972078,162,2,2,60.03,0,74.2,0.7351,0.2402,0,62.33512,-174.57173,71,-0.5,7,NBS,10
2.92,0.06,0.15,0.21,0.01,0.75,0,0,0.08,0,12.43,0,0,14.72,0.18,0.54,0.65,0.94,0.37,0,0.8,0,0.29,0.52,2.66,0.43,11.88,8.18,0.48,0.09,0,0,0.77,0.3,0.17,0,0,0.15,1.08,0.17,0,0,3.46,1.4,6.98,0,0,0.49,0,0,2.06,0,0.3,14.01,0.08,0.48,0.91,0.99,0.2,0.64,0,0,0,0.59,0,1.43,0.02,3.72,0.28,2.24,20.78,50.6,28.62,1.38,20.97,0.27,0.09,14.22,0.91,1.18,0.97,1.45,13.64,3.77,2019-143,2019,201902,W-26,451.948441,0.0141509820878085,208473.85302972078,162,2,2,57.71,0,61.4,0.9754,0.2233,0,62.33512,-174.57173,71,-0.5,7,NBS,10
NA,NA,NA,NA,NA,NA,NA,NA,NA,NA,NA,NA,NA,NA,NA,NA,NA,NA,NA,NA,NA,NA,NA,NA,NA,NA,NA,NA,NA,NA,NA,NA,NA,NA,NA,NA,NA,NA,NA,NA,NA,NA,NA,NA,NA,NA,NA,NA,NA,NA,NA,NA,NA,NA,NA,NA,NA,NA,NA,NA,NA,NA,NA,NA,NA,NA,NA,NA,NA,NA,NA,NA,NA,NA,NA,NA,NA,NA,NA,NA,NA,NA,NA,NA,2019-144,2019,201902,W-26,451.948441,0.0141509820878085,208473.85302972078,162,2,2,57.9,0,59.9,0.7927,0.2082,0,62.33512,-174.57173,71,-0.5,7,NBS,10
2.55,0.05,0.13,0.19,0.01,0.67,0,0,0.08,0,13.41,0,0,14.61,0.16,0.51,0.64,0.77,0.38,0,0.82,0,0.22,0.42,2.44,0.3,13.38,8.77,0.41,0.09,0,0,0.84,0.49,0.17,0,0,0.19,0.78,0.25,0,0,3.32,1.16,7.35,0,0,0.55,0,0,2.23,0,0.24,13,0.07,0.36,0.71,0.59,0.13,1.02,0,0,0.08,0.46,0,1.31,0.02,3.51,0.19,2.11,21.03,51.52,27.45,1.31,19.24,0.27,0.07,13.48,1.02,1.09,0.83,1.52,18.79,3.71,2019-145,2019,201902,W-26,451.948441,0.0141509820878085,208473.85302972078,162,2,2,59.34,0,57,1.0696,0.2555,0,62.33512,-174.57173,71,-0.5,7,NBS,10
3.21,0.06,0.17,0.18,0.02,0.79,0,0.25,0.05,0,16.98,0,0,20.06,0.16,0.51,0.59,1.01,0.38,0,0.94,0,0.27,0.6,2.86,0.28,4.87,4.58,0.43,0.08,0,0,0.8,0.32,0.19,0,0.28,0.19,1.02,0.18,0,0,3.01,1.37,6.84,0,0,0.47,0,0.03,2.1,0,0.31,14.86,0.08,0.47,0.86,0.81,0.23,0.66,0.02,0,0,0.54,0,1.19,0.01,3.57,0.24,2.4,26.02,44.23,29.75,1.14,21.42,0.24,0.07,13.36,0.99,1.18,0.95,1.06,19.72,4.16,2019-146,2019,201902,W-26,451.948441,0.0141509820878085,208473.85302972078,162,2,2,56.35,0,53.9,0.7523,0.2223,0,62.33512,-174.57173,71,-0.5,7,NBS,10
3.68,0.19,0.1,0.2,0.04,0.52,0,0,0.52,0,12.68,0,0,16.37,0.22,0.61,0.54,1.75,0.35,0,0.92,0.09,0.31,1.07,2.58,0.46,8.51,7.26,0.56,0,0,0,0.74,0.48,0.21,0,0.44,0,1.42,0,0.18,0,3.36,1.52,3.46,0,0,0.61,0,0.03,1.06,0,0.45,15.29,0.1,2.39,0.8,1.25,0.28,0.35,0,0,0,0.23,0,1.31,0.02,4.15,0.36,2.51,22.22,46.71,31.08,1.4,22.92,0.27,0.12,12.78,0.74,1.29,1.23,1.17,11.56,3.69,2019-147,2019,201902,ZZ-24,249.872683,0.0145769275375977,129981.0769528085,162,46,1,59.43,8.34,71.8,1.1738,0.3271,0,63.33692,-173.40604,71,0,8,NBS,12
2.8,0.12,0.09,0.12,0.02,0.54,0,0,0.35,0,11.59,0,0,15.98,0.16,0.4,0.3,1.54,0.34,0.01,0.99,0,0.23,1.37,2.38,0.34,7.42,7.03,0.46,0,0,0,0.68,0.51,0.25,0,0.35,0.15,1.9,0,0,0,3.16,1.06,4.31,0,0,0.33,0,0.03,1.36,0,0.45,19.51,0.07,2.24,0.75,0.42,0.19,0.64,0.03,0,0.01,0.37,0,1.56,0.01,4.76,0.33,1.73,19.05,43.76,37.19,1.95,28.59,0.24,0.13,11.94,0.83,1.38,1.07,1.06,8.4,4.1,2019-148,2019,201902,ZZ-24,249.872683,0.0145769275375977,129981.0769528085,162,46,1,56.35,6.6,59.8,0.6835,0.1912,0,63.33692,-173.40604,71,0,8,NBS,12
3.27,0.17,0.09,0.18,0.03,0.62,0,0,0.25,0,12.73,0,0,18.99,0.21,0.59,0.53,1.78,0.31,0.01,0.37,0,0.31,1.05,2.47,0.45,8.48,7.79,0.48,0,0,0,0.74,0.53,0.23,0,0.43,0.14,1.54,0,0.14,0,2.45,1.08,4.03,0,0,0.43,0,0.03,1.18,0,0.49,16.77,0.09,0.95,0.9,0.6,0.2,0.47,0,0,0.09,0.23,0,1.35,0.02,3.48,0.22,2.21,21.45,46.74,31.81,1.48,24.09,0.21,0.1,10.02,0.88,1.49,0.98,1.09,12.31,4.82,2019-149,2019,201902,ZZ-24,249.872683,0.0145769275375977,129981.0769528085,162,46,1,54.5,7.13,62.9,0.6489,0.2011,0,63.33692,-173.40604,71,0,8,NBS,12
3.64,0.1,0.1,0.16,0.03,0.48,0,0,0.28,0,12.66,0,0,13.45,0.17,0.54,0.42,1.76,0.33,0,0.33,0,0.31,1.03,2.9,0.39,11.49,7.8,0.59,0.16,0,0,0.71,0.38,0.21,0,0.34,0.16,1.17,0,0.32,0,3.8,2.07,4.8,0,0,0.48,0,0.03,1.12,0,0.37,13.49,0.09,2.2,0.82,0.51,0.2,0.51,0.02,0,0.01,0.3,0,1.46,0.01,4.89,0.43,1.9,21.99,48.78,29.23,1.33,21.87,0.36,0.12,14.21,0.86,1.06,1.16,1.47,11.45,2.76,2019-150,2019,201902,ZZ-24,249.872683,0.0145769275375977,129981.0769528085,162,46,2,54.37,0,52.6,0.5085,0.208,0,63.33692,-173.40604,71,0,8,NBS,12
3.51,0.13,0.12,0.15,0.03,0.56,0,0,0.38,0,12.07,0,0,16.63,0.17,0.5,0.44,1.64,0.36,0,0.97,0.09,0.28,1.27,2.56,0,7.53,6.75,0,0,0,0,0.71,0.48,0.23,0,0.38,0,1.79,0,0.16,0,3,1.09,4.03,0,0,0.39,0,0.02,1.35,0,0.46,18.55,0.08,2.08,1.08,0.88,0.18,0.41,0,0,0,0.26,0,1.41,0.02,4.43,0.37,2.14,20.97,43.82,35.21,1.68,26.92,0.24,0.13,12.15,0.71,1.38,1.16,1.11,9.27,4.18,2019-151,2019,201902,ZZ-24,249.872683,0.0145769275375977,129981.0769528085,162,46,1,56.1,7.16,63.6,0.5707,0.1708,0,63.33692,-173.40604,71,0,8,NBS,12
NA,NA,NA,NA,NA,NA,NA,NA,NA,NA,NA,NA,NA,NA,NA,NA,NA,NA,NA,NA,NA,NA,NA,NA,NA,NA,NA,NA,NA,NA,NA,NA,NA,NA,NA,NA,NA,NA,NA,NA,NA,NA,NA,NA,NA,NA,NA,NA,NA,NA,NA,NA,NA,NA,NA,NA,NA,NA,NA,NA,NA,NA,NA,NA,NA,NA,NA,NA,NA,NA,NA,NA,NA,NA,NA,NA,NA,NA,NA,NA,NA,NA,NA,NA,2019-152,2019,201902,ZZ-24,249.872683,0.0145769275375977,129981.0769528085,162,46,2,50.24,0,42.9,0.575,0.1759,0,63.33692,-173.40604,71,0,8,NBS,12
3.34,0.13,0.09,0.16,0.03,0.54,0,0,0.26,0,11.7,0,0,14.34,0.16,0.51,0.37,2.07,0.33,0,0.93,0,0.34,1.21,2.95,0.45,9.3,7.05,0.49,0,0,0,0.74,0.53,0.24,0,0.34,0.14,1.51,0,0,0,3,1.56,4.73,0,0,0.46,0,0.03,1.36,0,0.39,17.33,0.07,1.63,0.85,0.52,0.24,0.64,0.07,0,0,0.24,0,1.58,0.01,4.71,0.31,1.86,20.44,44.48,35.08,1.72,26.07,0.27,0.15,12.29,0.88,1.23,1.3,1.32,9.52,3.68,2019-153,2019,201902,ZZ-24,249.872683,0.0145769275375977,129981.0769528085,162,46,2,57.46,0,59.3,0.6889,0.1607,0,63.33692,-173.40604,71,0,8,NBS,12
3.82,0.11,0.12,0.16,0.03,0.43,0,0.2,0.4,0,12.58,0,0,16.41,0.18,0.58,0.52,1.53,0.32,0,0.9,0,0.31,1.19,2.52,0.46,9.14,7.7,0.59,0.16,0,0,0.68,0.48,0.2,0,0.35,0.12,1.38,0,0.29,0,3.35,1.24,3.68,0,0,0.35,0,0.02,1.13,0,0.38,15.47,0.08,2.26,0.63,0.56,0.27,0.55,0.03,0,0.02,0.35,0,1.51,0.01,3.95,0.33,2.32,22.07,46.8,31.13,1.41,23.13,0.26,0.12,11.71,0.8,1.3,1.23,1.19,11.93,3.92,2019-154,2019,201902,ZZ-24,249.872683,0.0145769275375977,129981.0769528085,162,46,1,59.85,7.56,80.2,1.055,0.3942,0,63.33692,-173.40604,71,0,8,NBS,12
3.26,0.15,0.08,0.15,0.02,0.57,0,0,0.25,0,12.26,0,0,15.95,0.17,0.53,0.4,1.37,0.39,0,0.86,0,0.34,1.04,3.11,0.48,8.89,6.78,0.47,0,0,0,0.66,0.49,0.22,0,0.39,0.16,1.44,0.16,0,0,2.91,1.27,4.72,0,0,0.49,0,0.02,1.38,0,0.44,17.05,0.08,1.3,0.94,0.55,0.23,0.58,0,0,0.18,0.29,0,1.77,0.01,4.46,0.28,1.93,21.21,44.78,34.01,1.6,25.67,0.26,0.11,11.7,0.83,1.3,1.03,1.31,11.07,3.82,2019-155,2019,201902,ZZ-24,249.872683,0.0145769275375977,129981.0769528085,162,46,2,57.26,0,63.2,0.6496,0.1839,0,63.33692,-173.40604,71,0,8,NBS,12
3.57,0.13,0.09,0.11,0.03,0.53,0,0.13,0.22,0,11.63,0,0,17.41,0.18,0.4,0.33,1.71,0.29,0,1.04,0,0.2,1.72,2.58,0.28,7.17,6.41,0.42,0.16,0,0,0.69,0.51,0.25,0,0.4,0.16,2.07,0.69,0,0,2.53,0.99,3.91,0,0,0.39,0,0.02,1.23,0,0.46,18.99,0.07,1.16,0.78,0.38,0.16,0.48,0.02,0,0,0.39,0,1.48,0.02,4.72,0.31,1.75,20.05,42.18,37.77,1.88,28.1,0.25,0.14,9.76,0.86,1.5,0.98,1.12,8.43,4.03,2019-156,2019,201902,ZZ-24,249.872683,0.0145769275375977,129981.0769528085,162,46,2,54.65,0,52.7,0.7356,0.1844,0,63.33692,-173.40604,71,0,8,NBS,12
3.02,0.12,0.08,0.15,0.02,0.52,0,0.15,0.29,0,11.19,0,0,14.27,0.18,0.48,0.39,1.59,0.32,0,0.94,0,0.32,1.27,2.98,0.31,8.34,6.41,0.45,0.18,0,0,0.71,0.5,0.24,0,0.39,0.18,1.74,0,0,0,2.59,1.19,3.84,0,0,0.43,0,0.03,1.41,0,0.54,19.16,0.08,1.41,0.84,0.51,0.21,0.44,0,0,0.11,0.5,0,1.92,0.02,6.59,0.44,1.99,19.76,41.04,39.2,1.98,30.46,0.34,0.14,10.38,0.89,1.27,1.1,1.3,8.18,2.91,2019-157,2019,201902,ZZ-24,249.872683,0.0145769275375977,129981.0769528085,162,46,2,51.17,0,47.2,0.6304,0.148,0,63.33692,-173.40604,71,0,8,NBS,12
1.12,0.1,0.08,0.15,0.1,0.74,0,0,0.08,0,11.59,0,0,5.07,0.36,0.06,0.76,0.69,0.83,0,0.82,0,1.04,0.07,4.16,0,7.99,8.37,0,0.16,0,0,1.37,0.28,0.3,0,0,0.25,0.12,0.16,0,0,1.66,1.01,3.2,0,0.83,0,0,0,5.29,0,0.15,24.46,0.38,0,0,2.44,0,0.26,0,0,0.4,0.47,0,2.78,0.2,9.2,0.42,1.89,20.26,30.77,48.97,2.42,38.01,0.38,0.13,8.31,1.62,0.44,1.06,0.95,42.13,2.66,2019-158,2019,201901,Q-21,573.04314,0.0140845790630259,119741.31867577978,94,133,1,84.01,12.75,204.8,1.4572,0.1373,0,60.32928,-170.6645,62,2.6,4,EBS,9
0.83,0.06,0.05,0.11,0.09,0.46,0,0,0.18,0,9.55,0,0,3.78,0.13,0.69,0.78,1.21,0.68,0,0.53,0,0.86,0.13,4.22,0,8.67,10.13,0,0.21,0,0,1.27,0.42,0.32,0,0,0.27,0.18,0.17,0,0,2.87,2.43,7.22,0,0,1.17,0,0,4.3,0,0.18,19.05,0.37,0,1.97,1.76,0.19,0.6,0,0,0,0.67,0,2.6,0.26,7.88,0.5,2.31,18.28,39.71,42,2.3,31.02,0.41,0.17,16.25,1.54,0.4,1.04,0.86,21.32,2.42,2019-159,2019,201901,Q-21,573.04314,0.0140845790630259,119741.31867577978,94,133,1,78.61,11.71,168.2,1.4669,0.0811,0,60.32928,-170.6645,62,2.6,4,EBS,9
NA,NA,NA,NA,NA,NA,NA,NA,NA,NA,NA,NA,NA,NA,NA,NA,NA,NA,NA,NA,NA,NA,NA,NA,NA,NA,NA,NA,NA,NA,NA,NA,NA,NA,NA,NA,NA,NA,NA,NA,NA,NA,NA,NA,NA,NA,NA,NA,NA,NA,NA,NA,NA,NA,NA,NA,NA,NA,NA,NA,NA,NA,NA,NA,NA,NA,NA,NA,NA,NA,NA,NA,NA,NA,NA,NA,NA,NA,NA,NA,NA,NA,NA,NA,2019-160,2019,201901,Q-21,573.04314,0.0140845790630259,119741.31867577978,94,133,1,84.69,11.99,211.7,1.4069,0.1135,0,60.32928,-170.6645,62,2.6,4,EBS,9
0.97,0.06,0.06,0.09,0,0.59,0,0,0.11,0,12.38,0,0,5.19,0.16,0.68,0.7,0.73,0.84,0,0.63,0.15,1.17,0.08,4.49,0,8.45,9.09,0,0.15,0,0,1.5,0.39,0.34,0.14,0,0.38,0.16,0.16,0,0,1.73,0.95,4.14,0,0,0.77,0,0,4.67,0,0.15,21.7,0.41,0,2.63,1.46,0.09,0.36,0,0,0,0.49,0,1.94,0.18,8.07,0.41,2.33,21.63,34.58,43.79,2.02,33.57,0.37,0.13,10.91,1.88,0.42,0.89,0.93,33.32,2.69,2019-161,2019,201901,Q-21,573.04314,0.0140845790630259,119741.31867577978,94,133,1,80.02,11.85,193.5,0.8798,0.1296,0,60.32928,-170.6645,62,2.6,4,EBS,9
1.99,0.07,0,0.22,0.17,0.74,0,0,0.26,0,11.88,0.09,0,6.61,0.25,0.81,1.06,1.62,0.72,0,0.7,0,0.95,0.09,3.76,0,7.93,10.05,0,0.19,0,0,1.9,0.51,0.28,0,0.22,0.36,0.29,0.23,0,0,2.32,1.22,4.06,0,1.01,0,0,0,3.45,0,0.21,19.08,0.36,0.42,1.01,1.13,0.17,0.42,0,0,0,0.45,0,2.45,0.13,7.59,0.57,3.26,22.18,35.83,41.99,1.89,30.93,0.4,0.15,10.15,2.26,0.56,0.89,0.79,23.09,2.51,2019-162,2019,201901,Q-21,573.04314,0.0140845790630259,119741.31867577978,94,133,1,83.66,12.29,188,0.5902,0.067,0,60.32928,-170.6645,62,2.6,4,EBS,9
2.6,0.05,0.11,0.29,0.02,0.63,0,0,0.09,0,12.62,0,0,14.88,0.21,0.72,0.98,0.96,0.4,0,0.79,0,0.26,0.5,2.94,0.56,12.09,8.82,0.53,0.11,0,0,0.86,0.45,0.2,0,0,0.11,0.95,0.2,0,0,3.4,1.39,6.69,0,0,0.58,0,0,1.88,0,0.3,12.77,0.08,0.53,0.9,0.62,0.12,0.65,0,0,0,0.4,0.05,1.88,0.04,3.5,0.29,2.73,21.47,51.11,27.42,1.28,19.82,0.27,0.08,13.52,0.97,1.18,0.9,1.37,15.66,3.65,2019-163,2019,201902,W-27,193.027395,0.01495924640185965,67622.14170589813,162,1,1,78.37,11.96,182.9,0.7455,0.1372,0,62.31661,-175.31904,80,0.2,7,NBS,10
2.29,0.07,0.1,0.25,0.18,0.76,0,0,0.05,0,11.79,0,0,14.35,0.21,0.65,0.87,0.8,0.34,0,0.66,0.09,0.33,0.42,2.87,0,7.89,5.97,0,0.09,0,0,0.76,0.29,0.17,0,0.32,0.18,1.02,0.21,0,0,3.63,1.7,7.16,0,0,0.75,0,0,2.49,0,0.45,18.89,0.07,0,1.45,1.09,0.23,0.43,0,0,0,0.67,0,2.02,0,4.68,0.31,2.85,20.19,44.04,35.77,1.77,27.58,0.25,0.08,15.03,0.94,1.22,0.74,1.32,14.03,4.03,2019-164,2019,201902,W-27,193.027395,0.01495924640185965,67622.14170589813,162,1,1,77.43,12.53,170.1,0.9133,0.1516,0,62.31661,-175.31904,80,0.2,7,NBS,10
2.7,0.06,0.09,0.25,0.02,0.68,0,0,0.09,0,11.78,0,0,14.24,0.21,0.68,0.89,1.03,0.4,0,0.42,0.1,0.27,0.65,2.88,0.46,9.11,7.1,0,0.11,0,0,0.84,0.45,0.21,0,0.37,0.24,1.32,0.16,0,0,3.45,1.4,7.2,0,0,0.58,0,0,2.24,0,0.43,16.52,0.08,0.42,1.09,0.88,0.15,0.6,0,0,0,0.61,0,2.08,0.01,4.19,0.27,2.7,20.52,46.12,33.36,1.63,25.05,0.25,0.08,14.44,1.08,1.21,0.66,1.28,10.82,3.95,2019-165,2019,201902,W-27,193.027395,0.01495924640185965,67622.14170589813,162,1,1,84.43,12.49,223.4,1.0083,0.2145,0,62.31661,-175.31904,80,0.2,7,NBS,10
0.89,0.05,0,0.09,0,0.33,0,0,0.05,0,11.24,0,0,3.51,0.09,0.86,0.64,0.45,0.87,0,0.48,0.09,0.93,0,3.94,0,9.42,9.45,0,0.2,0,0,1.13,0.32,0.2,0,0,0.13,0.11,0.14,0,0,1.26,1.18,0,0,0,0.72,0,0,5.74,0,0.11,25.03,0.24,0,2,2.25,0,0.13,0.99,0,0,0.74,0,2.18,0.17,10.99,0.62,2.07,19.39,30.07,50.54,2.61,40.49,0.44,0.11,6.69,1.26,0.31,0.91,1,31.37,2.28,2019-166,2019,201901,P-21,976.856988,0.01323881807263125,43684.886130099534,94,134,1,85.46,12.13,208.3,0.8845,0.068,0,60.01924,-170.63711,64,2.7,4,EBS,9
NA,NA,NA,NA,NA,NA,NA,NA,NA,NA,NA,NA,NA,NA,NA,NA,NA,NA,NA,NA,NA,NA,NA,NA,NA,NA,NA,NA,NA,NA,NA,NA,NA,NA,NA,NA,NA,NA,NA,NA,NA,NA,NA,NA,NA,NA,NA,NA,NA,NA,NA,NA,NA,NA,NA,NA,NA,NA,NA,NA,NA,NA,NA,NA,NA,NA,NA,NA,NA,NA,NA,NA,NA,NA,NA,NA,NA,NA,NA,NA,NA,NA,NA,NA,2019-167,2019,201901,P-21,976.856988,0.01323881807263125,43684.886130099534,94,134,1,96.18,14.49,294.3,1.037,0.1994,0,60.01924,-170.63711,64,2.7,4,EBS,9
1.3,0.03,0,0.14,0.1,0.52,0,0,0.13,0,10.53,0,0,4.52,0.14,0.71,0.73,1.08,0.63,0,0.54,0,0.9,0.1,3.61,0,9.8,9,0,0.19,0,0,1.21,0.38,0.23,0,0.21,0.25,0.18,0.2,0,0,2.08,1.62,4.12,0,0,0.95,0,0,4.85,0,0.16,22.07,0.24,0.7,0.83,0.99,0.13,0.35,0,0,0,0.58,0,2.81,0.1,9.61,0.47,2.32,18.77,34.45,46.78,2.49,35.97,0.44,0.15,10.33,1.46,0.43,0.99,1.09,25.02,2.3,2019-168,2019,201901,P-21,976.856988,0.01323881807263125,43684.886130099534,94,134,1,92.53,13.89,247.7,0.6161,0.0742,0,60.01924,-170.63711,64,2.7,4,EBS,9
0.88,0.06,0,0.17,0.14,0.65,0,0,0.05,0,11.15,0,0,3.97,0.15,0.96,0.92,0.5,0.8,0,0.66,0,1.14,0,3.92,0,8.35,7.73,0,0.17,0,0,1.24,0.25,0.31,0.23,0,0.25,0.13,0.21,0,0,1.2,1.06,2.23,0,0.8,0,0,0,5.9,0,0.14,25.25,0.26,0.26,2.54,1.36,0.07,0.18,0,0,0,0.52,0,2.88,0.08,9.6,0.67,2.89,20.26,29.7,50.04,2.47,39.4,0.38,0.13,8.65,1.49,0.36,0.96,1.08,31.73,2.63,2019-169,2019,201901,P-21,976.856988,0.01323881807263125,43684.886130099534,94,134,1,85.29,13.28,198.8,0.79,0.127,0,60.01924,-170.63711,64,2.7,4,EBS,9
1.44,0.04,0,0.19,0.02,0.56,0,0,0.13,0,12.08,0,0,5.06,0.2,0.02,0.83,1.12,0.61,0,0.54,0,0.75,0.14,3.36,0.29,9.21,8.44,0,0,0,0,1.34,0.37,0.21,0,0.18,0.15,0.16,0.2,0,0,1.58,0.96,3.25,0,0,0.81,0,0,4.14,0,0.18,23.15,0.26,0.49,1.65,1.17,0.15,0.4,0,0,0.35,0.45,0,2.33,0.09,10.52,0.44,1.76,19.63,32.73,47.64,2.43,37.24,0.45,0.13,9.09,1.49,0.42,0.98,1.09,32.26,2.2,2019-170,2019,201901,P-21,976.856988,0.01323881807263125,43684.886130099534,94,134,1,83.62,12.86,190.9,0.7841,0.1046,0,60.01924,-170.63711,64,2.7,4,EBS,9
5.19,0.09,0.11,0.16,0.03,1.03,0,0.22,0.14,0,13.08,0,0,13.83,0.24,0.66,0.54,1.09,0.55,0,1.28,0,0.64,0.5,3.29,0.53,8.82,7.2,0.33,0.09,0,0,3.24,0.31,0.43,0,0.3,0.32,0.94,0.18,0,0,2.35,1.2,4.63,0,0,1.34,0,0,1.15,0,0.36,13.07,0.1,0.4,0.99,0.56,0.27,0.67,0,0,0,0.27,0,1.22,0.04,5.83,0.19,2.78,25.13,41.47,33.4,1.33,22.38,0.45,0.11,10.13,3.56,1.06,0.61,1.23,14.66,2.24,2019-171,2019,201901,N-19,8131.876574,0.0135584762909112,17862.499797440272,94,126,2,52.34,0,47.6,0.8538,0.2245,0,59.34803,-169.22843,50,4.1,3,EBS,6
5.73,0.08,0.14,0.16,0.04,0.96,0,0.22,0.13,0,13.13,0,0,13.67,0.21,0.61,0.52,0.97,0.49,0,1.09,0,0.61,0.47,3.23,0.52,9.23,7.57,0.31,0.1,0,0,3.26,0.31,0.43,0,0.29,0.31,0.99,0.15,0.37,0,2.21,1.32,4.53,0,0,1.41,0,0.05,1.29,0,0.36,13.14,0.08,0.35,0.45,0.43,0.26,0.64,0.02,0,0,0.26,0,1.13,0.04,5.57,0.15,2.64,25.82,41.21,32.97,1.28,22.12,0.42,0.1,9.3,3.57,1.04,0.55,1.22,13.87,2.36,2019-172,2019,201901,N-19,8131.876574,0.0135584762909112,17862.499797440272,94,126,2,54.38,0,47.4,0.5434,0.1878,0,59.34803,-169.22843,50,4.1,3,EBS,6
5.23,0.09,0.13,0.17,0.04,1.06,0,0.26,0.18,0,14.49,0,0,15.14,0.22,0.7,0.58,1.07,0.5,0,1.32,0,0.6,0.51,3.19,0.44,9.66,7.42,0.3,0.09,0,0,3.1,0.28,0.42,0,0.27,0.33,1.06,0.18,0,0,2.06,1.07,4.27,0,0,1.24,0,0.05,1.26,0,0.35,12.36,0.07,0.25,0.31,0.34,0.23,0.56,0.02,0,0,0.25,0,1.15,0.02,5.01,0.14,2.98,26.63,41.82,31.55,1.18,20.88,0.41,0.1,8.3,3.44,1.04,0.62,1.3,14.33,2.47,2019-173,2019,201901,N-19,8131.876574,0.0135584762909112,17862.499797440272,94,126,2,57.96,0,61.9,1.0046,0.2697,0,59.34803,-169.22843,50,4.1,3,EBS,6
4.63,0.1,0.12,0.12,0.02,0.83,0,0,0.13,0,11.96,0,0,13.62,0.22,0.58,0.49,1,0.42,0,1.11,0,0.58,0.6,2.84,0.44,8.87,6.73,0,0.08,0,0,3.17,0.28,0.4,0,0.26,0.34,1.34,0.21,0.15,0,1.88,1.13,4.01,0,0,1.26,0,0,1.42,0,0.39,17.04,0.06,0,0.64,0.55,0.25,0.53,0,0,0,0.29,0,1.25,0,7.47,0.17,2.17,22.35,38.45,39.2,1.75,28.42,0.44,0.11,8.2,3.51,1.14,0.55,1.32,10.15,2.28,2019-174,2019,201901,N-19,8131.876574,0.0135584762909112,17862.499797440272,94,126,2,54.51,0,50.7,0.6936,0.2372,0,59.34803,-169.22843,50,4.1,3,EBS,6
4.87,0.1,0.08,0.16,0.03,0.97,0,0,0.14,0,11.04,0,0,11.33,0.25,0.8,0.61,1.04,0.58,0,1.08,0,0.69,0.59,3.45,0,5.51,6.59,0,0.11,0,0,3.07,0.34,0.43,0,0.3,0.42,1.16,0.2,0,0,2.45,1.18,5.49,0,0,1.64,0,0,1.51,0,0.45,18.43,0.1,0,0.54,0.57,0.26,0.6,0,0,0.05,0.29,0,1.83,0,8.48,0.19,2.71,22.85,34.28,42.87,1.88,31.47,0.46,0.13,10.22,3.48,1.03,0.57,0.84,9.76,2.17,2019-175,2019,201901,N-19,8131.876574,0.0135584762909112,17862.499797440272,94,126,1,80.59,11.05,176.1,0.8755,0.1737,0,59.34803,-169.22843,50,4.1,3,EBS,6
2.77,0.07,0.14,0.24,0.02,0.7,0,0,0.11,0,10.97,0,0,14.26,0.2,0.63,0.79,1.04,0.42,0,0.86,0,0.36,0.54,2.77,0.44,9.54,8.92,0.47,0.11,0,0,0.84,0.5,0.25,0,0,0.24,1.01,0.2,0,0,3.47,1.48,7.72,0,0,0.71,0,0,2.18,0,0.35,14.37,0.07,0.68,1.28,0.86,0.23,1.14,0,0,0,0.5,0,1.88,0.04,3.34,0.28,2.48,19.6,49.85,30.54,1.56,21.55,0.23,0.1,15.5,1.08,1.3,0.92,1.07,14.09,4.3,2019-176,2019,201902,W-27,193.027395,0.01495924640185965,67622.14170589813,162,1,1,88.29,12.31,235.2,1.6996,0.2134,0,62.31661,-175.31904,80,0.2,7,NBS,10
3.22,0.09,0.08,0.2,0.03,0.45,0,0.21,0.34,0,15.37,0,0,13.57,0.16,0.67,0.55,2.18,0.34,0,1.25,0.06,0.31,1.86,3.07,0.33,10.23,8.48,0.04,0.16,0,0,0.71,0.58,0.21,0,0.37,0.12,1.31,0,0,0,2.7,1.28,3.9,0,0,0.23,0,0,0.92,0,0.35,16.25,0.08,0.97,0.58,0.55,0.15,0.63,0,0,0.06,0.29,0,0.97,0.01,3.4,0.12,2.52,24.65,43.22,32.13,1.3,22.7,0.21,0.16,9.99,0.83,0.88,1.7,1.21,10.38,4.78,2019-177,2019,201902,EE-18,4746.653277,0.0140194151399808,92835.47187987632,162,20,1,56.47,7.24,69.1,1.0054,0.2723,0,65.01249,-169.11489,49,2.3,9,NBS,13
2.97,0.09,0.07,0.2,0.03,0.42,0,0.18,0.24,0,16.11,0,0,13.89,0.16,0.61,0.47,1.89,0.33,0,1.14,0,0.23,1.62,3.46,0.31,11.53,9.02,0.43,0.17,0,0,0.66,0.53,0.2,0,0.37,0.12,1.28,0,0,0,1.85,1.45,4.13,0,0,0.21,0,0.01,0.85,0,0.34,15.48,0.08,0.28,0.43,0.59,0.1,0.69,0,0,0.03,0.35,0,0.91,0.01,3.4,0.11,2.15,25.21,44.4,30.38,1.21,21.75,0.22,0.14,8.72,0.78,0.86,1.55,1.28,10.85,4.55,2019-178,2019,201902,EE-18,4746.653277,0.0140194151399808,92835.47187987632,162,20,1,62.66,8.96,85.8,0.7301,0.193,0,65.01249,-169.11489,49,2.3,9,NBS,13
3.33,0.12,0.07,0.18,0.03,0.47,0,0,0.17,0,12.15,0,0,12.35,0.21,0.66,0.35,2.3,0.36,0,1.29,0.08,0.34,2.04,2.73,0.33,8.13,8.45,0.48,0.15,0,0,0.65,0.61,0.23,0,0.49,0.11,1.6,0,0.4,0,2.33,1.51,4.91,0,0,0.4,0,0.03,1.36,0,0.5,19.22,0.09,0.37,0.77,0.77,0.29,0.76,0,0,0.12,0.28,0,1.16,0.01,4.04,0.22,1.94,21.07,41.13,37.79,1.79,26.96,0.21,0.19,10.66,0.76,1.02,1.61,0.96,7.7,4.76,2019-179,2019,201902,EE-18,4746.653277,0.0140194151399808,92835.47187987632,162,20,1,66.29,11.23,116.2,1.0169,0.2774,0,65.01249,-169.11489,49,2.3,9,NBS,13
2.89,0.1,0.1,0.24,0.04,0.4,0,0.24,0.3,0,12.28,0,0,12.19,0.2,0.67,0.62,2.11,0.31,0,1.25,0.06,0.24,2.03,2.72,0.43,10.27,8.18,0.74,0.17,0,0,0.74,0.68,0.19,0,0.52,0.15,1.36,0,0,0,2.4,1.55,4.1,0,0,0.39,0,0.03,1.01,0,0.44,17.91,0.09,0.52,0.78,0.87,0.24,0.54,0,0,0.12,0.32,0,1.5,0.03,4.53,0.2,2.58,20.97,42.76,36.26,1.73,26.12,0.25,0.19,10.22,0.89,0.99,1.54,1.25,8.94,3.95,2019-180,2019,201902,EE-18,4746.653277,0.0140194151399808,92835.47187987632,162,20,2,56.27,0,55.1,0.6082,0.1836,0,65.01249,-169.11489,49,2.3,9,NBS,13
2.86,0.1,0.08,0.16,0.03,0.39,0,0.16,0.18,0,12.19,0,0,12.93,0.14,0.61,0.44,2.11,0.31,0,1.37,0,0.24,2.11,3,0.29,10.11,9.32,0.04,0.16,0,0,0.73,0.6,0.24,0,0.42,0.14,1.7,0,0,0,2.02,1.56,4.6,0,0,0.32,0,0.02,1.19,0,0.47,18.74,0.07,0.48,0.57,0.5,0.18,0.77,0,0,0.05,0.3,0,1.05,0.01,3.84,0.08,1.97,20.53,42.89,36.58,1.78,26.18,0.21,0.19,9.74,0.87,1.06,1.52,1.08,7.61,4.88,2019-181,2019,201902,EE-18,4746.653277,0.0140194151399808,92835.47187987632,162,20,2,49.02,0,41.7,0.7711,0.2397,0,65.01249,-169.11489,49,2.3,9,NBS,13
3.04,0.12,0.08,0.15,0.03,0.36,0,0.12,0.18,0,13.23,0,0,13.02,0.14,0.5,0.23,2.5,0.26,0,1.54,0.07,0.24,2.64,3.02,0.19,10.88,8.42,0.38,0.12,0,0,0.59,0.56,0.22,0,0.46,0.13,1.84,0,0,0.01,1.27,1.48,3.61,0,0,0.23,0,0.02,1.04,0,0.53,19.74,0.09,0.3,0.66,0.57,0.03,0.43,0,0,0.14,0.26,0,0.83,0.01,3.41,0.11,1.63,21.34,41.3,37.36,1.75,26.73,0.17,0.21,7.89,0.71,0.98,1.82,1.29,7.07,5.8,2019-182,2019,201902,EE-18,4746.653277,0.0140194151399808,92835.47187987632,162,20,2,49.5,0,41.8,0.5153,0.1877,0,65.01249,-169.11489,49,2.3,9,NBS,13
3.07,0.13,0.08,0.17,0.04,0.37,0,0,0.23,0,11.84,0,0,13.71,0.16,0.56,0.15,2.59,0.32,0,1.58,0.09,0.28,2.66,2.77,0.31,8.8,8.74,0.3,0.11,0,0,0.77,0.62,0.25,0,0.45,0.13,1.91,0,0,0,1.74,1.38,3.86,0,0,0.26,0,0.02,1.14,0,0.52,20.61,0.07,0.56,0.68,0.53,0.17,0.61,0,0,0,0.28,0,0.88,0.02,3.4,0.09,1.61,19.76,41.12,39.12,1.98,27.74,0.17,0.22,8.74,0.9,1.16,1.73,1.01,7.18,6.05,2019-183,2019,201902,EE-18,4746.653277,0.0140194151399808,92835.47187987632,162,20,2,55.49,0,55,0.6205,0.2012,0,65.01249,-169.11489,49,2.3,9,NBS,13
3.71,0.1,0.1,0.17,0.1,0.41,0,0.16,0.33,0,14.18,0,0,12.62,0.16,0.58,0.33,2.26,0.31,0,1.3,0,0.2,2.11,2.96,0.26,11.03,8.43,0.59,0.11,0,0,0.7,0.56,0.2,0,0.42,0.05,1.32,0.73,0,0,2.84,1.7,3.73,0,0,0.31,0,0.02,0.87,0,0.4,15.4,0.08,1.83,0.6,0.53,0.18,0.49,0,0,0,0.23,0,0.93,0,3.02,0.3,2.08,23.46,44.85,31.69,1.35,21.32,0.2,0.18,11.24,0.74,0.89,1.48,1.31,9.53,5.1,2019-184,2019,201902,EE-18,4746.653277,0.0140194151399808,92835.47187987632,162,20,2,57.94,0,69.9,0.8346,0.2963,0,65.01249,-169.11489,49,2.3,9,NBS,13
2.24,0.09,0.08,0.25,0.15,0.54,0,0.36,0.24,0,10.02,0,0,5.22,0.31,0.94,0.98,1.39,0.55,0,0.59,0,0.8,0.31,3.32,0.75,9.32,7.96,1,0.19,0,0,0.86,0.42,0.21,0,0.32,0.15,0.32,0.12,0,0,3.37,1.41,4.06,0,0,0.74,0,0,3.64,0,0.2,19.05,0.36,0.33,1.09,3.02,0.35,0.7,0,0,0,0.4,0,2.12,0,8.77,0.41,3.47,20.05,38.51,41.45,2.07,31.41,0.46,0.17,13.28,1.01,0.52,1.29,1.17,16.15,2.17,2019-185,2019,201901,QP2524,1848.579017,0.015728067046296,272251.0011812556,162,163,2,50.19,0,38.4,0.5894,0.0607,0,60.16502,-172.99523,60,2.9,4,EBS,9
2.56,0.07,0.14,0.19,0.13,0.71,0,0.22,0.06,0,13.36,0,0,16.09,0.16,0.51,0.56,0.86,0.33,0,0.65,0,0.32,0.46,2.57,0.34,14.68,8.51,0.43,0.09,0,0,0.72,0.27,0.17,0,0.29,0.11,0.85,0.18,0,0,2.57,1.34,5.47,0,0,0.47,0,0.03,2.13,0,0.29,12.94,0.08,0.33,0.71,0.68,0.21,0.54,0,0,0,0.45,0,1.31,0.04,3.63,0.2,2.38,21.43,51.72,26.85,1.25,19.45,0.28,0.07,11.1,0.83,1.2,0.88,1.73,18.83,3.56,2019-186,2019,201902,W-27,193.027395,0.01495924640185965,67622.14170589813,162,1,2,58.03,0,49.2,0.8277,0.1922,0,62.31661,-175.31904,80,0.2,7,NBS,10
3.36,0.1,0.11,0.23,0.16,0.85,0,0.32,0.12,0,14.13,0,0,18.62,0.21,0.68,0.83,1.15,0.42,0,0.73,0,0.31,0.54,2.92,0.47,11.71,7.9,0.49,0.09,0,0,0.78,0.39,0.2,0,0.37,0.12,0.9,0.22,0,0,3.1,1.36,6.44,0,0,0.48,0,0.02,1.6,0,0.27,9.74,0.09,0.64,0.9,1.48,0.21,0.59,0,0,0,0.28,0,0.95,0,2.1,0.32,3.18,24.23,53.83,21.94,0.91,14.38,0.22,0.08,13.92,0.9,1.32,0.92,1.48,20.78,4.64,2019-187,2019,201902,W-27,193.027395,0.01495924640185965,67622.14170589813,162,1,1,83.49,12.11,211,0.6746,0.148,0,62.31661,-175.31904,80,0.2,7,NBS,10
3.08,0.03,0.11,0.11,0.08,0.87,0,0.4,0.04,0,11.03,0,0,7.49,0.18,1.11,0.72,0.7,0.58,0,0.59,0,1.02,0.03,4.26,0.98,9.36,5.78,0.65,0.13,0,0,1.02,0.23,0.24,0,0.34,0.26,0.52,0.17,0,0,3.23,1.71,5.17,0,0,1.27,0,0.11,1.81,0,0.4,16.59,0.21,0.2,0.31,0.97,0.54,0.65,0,0,0,0.26,0,1.86,0,12.3,0.29,3.34,22.64,36.57,40.79,1.8,32.96,0.74,0.11,11.59,1.28,0.68,0.85,1.62,14.49,1.35,2019-188,2019,201901,M-19,7173.04846,0.0131243644317885,6095.533266832498,94,127,1,80.47,12.32,196.2,0.994,0.1952,0,59.01471,-169.16542,54,4.4,3,EBS,6
1.31,0,0,0.28,0.13,0.55,0,0.32,0.08,0,9.23,0,0.83,2.69,0.15,0.97,0.77,0.75,0.76,0,0.63,0,1.52,0,4.45,1.27,9.76,7.34,0.89,0.22,0,0,0.95,0.33,0.29,0,0,0.15,0.14,0.1,0,0,2.37,1.25,3.66,0,0,1.23,0,0.1,3.86,0,0.31,22.07,0.32,0.3,0.46,1.16,0.23,0.45,0,0,0,0.33,0,2.76,0.12,11.5,0.66,3.1,19.39,33,47.61,2.46,38.45,0.52,0.18,9.19,1.1,0.29,1.48,1.33,19.23,1.92,2019-189,2019,201901,M-19,7173.04846,0.0131243644317885,6095.533266832498,94,127,1,82.24,11.11,201.9,2.0646,0.1585,0,59.01471,-169.16542,54,4.4,3,EBS,6
2.42,0.03,0.07,0.14,0.11,0.9,0,0.47,0.06,0,9.66,0,0,5.12,0.16,1.33,0.92,0.83,0.71,0,0.65,0,1.23,0.05,4.47,1.11,9.25,6.08,0.81,0.27,0,0,1.03,0.28,0.33,0,0.41,0.13,0.27,0.18,0,0,3.44,1.9,5.68,0,0,1.34,0,0.15,2.59,0,0.3,15.4,0.51,0.34,0.43,1.98,0.58,0.78,0,0,0,0.33,0,2.34,0.07,11.85,0.54,3.92,21.94,37.19,40.87,1.86,31.51,0.77,0.16,13.77,1.16,0.53,1.05,1.52,19.11,1.3,2019-190,2019,201901,M-19,7173.04846,0.0131243644317885,6095.533266832498,94,127,1,94.11,14.06,291.8,0.7763,0.144,0,59.01471,-169.16542,54,4.4,3,EBS,6
3,0.03,0.11,0.14,0.08,0.81,0,0.39,0.04,0,12.34,0,0,8.64,0.15,1.07,0.73,0.69,0.5,0,0.57,0,0.86,0.06,4.16,0.79,11.98,5.98,0.6,0.15,0,0,1.01,0.22,0.24,0,0.36,0.24,0.48,0.18,0,0,3.23,1.8,5.1,0,0,1.18,0,0.11,1.63,0,0.38,13.99,0.2,0.26,0.31,0.85,0.5,0.67,0,0,0,0.31,0,1.72,0,10.92,0.25,3.26,23.6,40.19,36.21,1.53,28.59,0.78,0.09,11.54,1.25,0.7,0.8,2,17.9,1.28,2019-191,2019,201901,M-19,7173.04846,0.0131243644317885,6095.533266832498,94,127,1,85.44,13.76,214.4,0.9807,0.2096,0,59.01471,-169.16542,54,4.4,3,EBS,6
3.09,0.03,0.08,0.12,0.09,0.87,0,0.46,0.09,0,10.93,0,0,7.66,0.17,1.09,0.72,0.69,0.46,0,0.64,0,0.89,0.06,3.8,0.83,9.81,5.71,0.64,0.14,0,0,1.17,0.23,0.25,0,0.34,0.25,0.5,0.17,0,0,3.22,1.72,5.55,0,0,1.63,0,0.09,1.98,0,0.4,15.6,0.13,0.27,0.35,0.88,0.56,0.75,0,0,0,0.29,0,1.88,0.05,12.46,0.22,3.43,22.01,37.26,40.73,1.85,31.97,0.8,0.11,11.99,1.41,0.7,0.78,1.72,15.3,1.25,2019-192,2019,201901,M-19,7173.04846,0.0131243644317885,6095.533266832498,94,127,1,83.95,12.91,213.2,0.6669,0.114,0,59.01471,-169.16542,54,4.4,3,EBS,6
1.92,0,0,0.4,0.28,0.76,0,0.42,0.18,0,9.31,0,0,5.81,0.26,1.09,0.84,0.82,0.79,0,0.59,0,1.03,0.21,4.09,0.7,6.41,7.47,0.81,0.22,0,0,0.85,0.54,0.21,0,0,0.19,0.3,0.19,0,0,3.78,0.54,5.53,0,0,0.67,0,0.07,3.9,0,0.19,21.89,0.14,0.25,0.71,2.17,0.29,0.76,0,0,0,0.39,0,3.38,0,8.14,0.5,3.97,20.3,35.17,44.54,2.19,35.12,0.37,0.15,12.99,1.04,0.62,1.17,0.86,19.54,2.69,2019-193,2019,201901,JI2019,18772.049118,0.01305736867904535,120734.9190139632,94,120,1,84.88,12.43,216.9,0.5542,0.0715,0,57.83261,-169.36258,66,3.9,2,EBS,5
2.12,0,0,0.49,0.23,0.72,0,0.47,0.16,0,9.39,0,0,5.44,0.21,1.15,1.04,1.03,0.71,0,0.56,0,0.94,0.17,3.78,0.83,7.94,7.7,0.96,0.25,0.09,0,0.85,0.51,0.25,0,0,0.14,0.23,0.12,0,0,4.15,1.13,4.49,0,0,0.78,0,0.07,3.98,0,0.18,20.58,0.2,0.54,0.93,1.17,0.26,0.75,0,0,0,0.43,0,2.51,0,8.45,0.92,4.26,20.52,36.68,42.8,2.09,33.02,0.41,0.15,12.41,0.99,0.58,1.23,1.03,24.11,2.44,2019-194,2019,201901,JI2019,18772.049118,0.01305736867904535,120734.9190139632,94,120,1,87.76,12.5,237.8,0.6742,0.1077,0,57.83261,-169.36258,66,3.9,2,EBS,5
2.46,0.09,0.11,0.27,1.02,0.6,0,0.52,0.13,0.02,9.16,0,0,7.37,0.22,0.81,0.85,0.94,0.65,0,0.41,0,0.83,0.59,3.54,0.56,7.68,7.42,0.74,0.15,0,0,0.99,0.69,0.28,0,0.37,0.1,0.53,0.13,0,0,3.41,1.03,4.06,0,0,0.63,0,0.11,3.4,0,0.19,21.09,0.5,0.45,1.12,2.19,0.24,0.7,0,0,0,0.36,0,2,0.06,7.41,0.8,4.2,20.78,37.3,41.91,2.02,32.16,0.35,0.14,12.25,1.09,0.8,0.9,1.04,13.86,2.85,2019-195,2019,201901,JI2019,18772.049118,0.01305736867904535,120734.9190139632,94,120,1,93.1,14.07,297.4,0.9057,0.1388,0,57.83261,-169.36258,66,3.9,2,EBS,5
2.11,0.08,0.1,0.26,0.7,0.69,0,0.51,0.13,0,9.02,0,0,6.62,0.25,0.83,0.78,1.04,0.6,0,0.49,0,0.91,0.36,3.28,0.67,7.6,7.58,0.8,0.15,0,0,0.95,0.63,0.25,0,0.38,0.1,0.36,0.13,0,0,3.77,1.07,4.81,0,0,0.63,0,0.08,2.85,0,0.2,20.69,0.38,0.36,0.79,4,0,0.78,0,0,0,0.34,0,2.17,0,8.19,0.49,3.92,19.45,39.07,41.48,2.13,32.63,0.4,0.15,14.8,1.05,0.73,1,1,18.37,2.53,2019-196,2019,201901,JI2019,18772.049118,0.01305736867904535,120734.9190139632,94,120,1,86.29,13.78,222,0.6779,0.11,0,57.83261,-169.36258,66,3.9,2,EBS,5
1.57,0,0.17,0.23,3.43,0.6,0,0,0.17,0.03,10.02,0,0,8.89,0.28,0.58,1.2,1.04,0.45,0,0.65,0,0.84,0.22,2.91,0.45,11.22,8.45,0.57,0.14,0,0,0.98,0.54,0.26,0,0.39,0.08,0.35,0.14,0,0,2.48,1.4,3.59,0,0,0.91,0,0.13,2.28,0,0.21,17.65,0.56,0.3,0.79,2.21,0.32,0.46,0,0,0,0.26,0,1.72,0.07,6.9,0.92,6.21,21.96,41.86,36.19,1.65,27.75,0.39,0.13,10.77,1.05,0.89,1.01,1.33,25.5,2.56,2019-197,2019,201901,L-20,8119.046467,0.0136777921669719,14860.297445578051,94,123,1,85.52,13.79,219,0.6689,0.092,0,58.66099,-169.78121,66,3.1,3,EBS,6
1.82,0,0.16,0.33,3.31,0.69,0,0,0.07,0.05,8.8,0,0,7.34,0.33,0.85,1.42,1.01,0.57,0,0.72,0,1.2,0.12,4.05,0.66,9.15,7.17,0.72,0.14,0,0,1.06,0.54,0.35,0,0,0.1,0.3,0.14,0,0,3.11,1.34,3.89,0,0,0.82,0,0.16,2.78,0,0.21,18.61,0.79,0.33,0.98,2.36,0.42,0.49,0,0,0,0.34,0,2.05,0.08,6.98,1.08,6.66,22.98,38.77,38.25,1.66,29.46,0.38,0.16,12.02,1.16,0.83,1.22,1.28,24.23,2.66,2019-198,2019,201901,L-20,8119.046467,0.0136777921669719,14860.297445578051,94,123,1,82.5,13.05,212.1,1.0211,0.1487,0,58.66099,-169.78121,66,3.1,3,EBS,6
2.03,0,0.09,0.3,2.94,0.67,0,0,0.14,0,9.77,0,0,7.8,0.36,0.77,1.42,1.08,0.58,0,0.67,0,0.76,0.2,3.28,0.42,9.57,9.68,0.79,0.12,0,0,1.08,0.57,0.27,0,0.4,0.2,0.29,0.14,0,0,2.34,1.11,2.88,0,0,0.67,0,0.07,3.19,0,0.21,19.08,0.24,0.26,0.62,0.92,0.18,0.3,0,0,0,0.29,0,2.01,0.07,8.72,0.45,6.24,22.28,37.41,40.31,1.81,31.27,0.46,0.13,8.13,1.28,0.8,0.92,0.99,26.82,2.19,2019-199,2019,201901,L-20,8119.046467,0.0136777921669719,14860.297445578051,94,123,1,85.05,12.63,167.5,0.7048,0.1111,0,58.66099,-169.78121,66,3.1,3,EBS,6
1.8,0,0.22,0.27,9.17,0.85,0,0,0.22,0.05,5.92,0,0,9.69,0.51,0.54,1.94,0.97,0.43,0,0.48,0,0.88,0.52,4.13,0.18,7.36,7.36,0.51,0.1,0,0,0.93,0.66,0.4,0,0.38,0.15,0.5,0.44,0.85,0,1.69,1.37,2.48,0,0,0.8,0,0.21,2.11,0,0.34,19.37,0.76,0.27,1.11,1.61,0.17,0.27,0,0,0,0.23,0,1.33,0.09,5.62,1.76,12.99,27.23,36.23,36.54,1.34,28.18,0.29,0.15,8.53,1.08,1.64,0.82,1,19.29,3.45,2019-200,2019,201901,L-20,8119.046467,0.0136777921669719,14860.297445578051,94,123,1,97.48,13.63,266.4,0.8224,0.1929,0,58.66099,-169.78121,66,3.1,3,EBS,6
1.7,0,0.15,0.29,6.6,0.75,0,0,0.2,0,7.22,0,0,7.85,0.51,0.86,1.77,0.85,0.61,0,0.68,0,1.03,0.24,3.59,0.42,8.33,7.88,0.71,0.16,0,0,1.01,0.51,0.38,0,0.38,0.08,0.24,0,0,0,2.39,1.25,2.62,0,0,0.83,0,0.16,2.92,0,0.21,19.19,0.76,0.17,0.81,3.75,0,0.28,0,0,0,0.24,0,1.9,0.1,6.09,1.31,10.48,24.63,38.3,37.08,1.51,28.75,0.32,0.15,10.98,1.1,1.09,1.07,1.06,32.48,3.15,2019-201,2019,201901,L-20,8119.046467,0.0136777921669719,14860.297445578051,94,123,1,91.61,13.85,271.6,1.1562,0.0723,0,58.66099,-169.78121,66,3.1,3,EBS,6
0.85,0,0,0.14,0.15,0.5,0,0.27,0,0,11.2,0,0,4.93,0.17,1.01,0.89,0.16,0.94,0,0.92,0,1.22,0,4.2,0.34,8.11,8.96,0.83,0.23,0,0,1.7,0.25,0.38,0,0,0.25,0.11,0.13,0,0,1.2,0.83,1.61,0,0,1.17,0,0,6.43,0,0,21.81,0.36,0,0.78,3.23,0,0,0,0,0,0.45,0,1.64,0,11.07,0.59,2.96,20.51,31.8,47.69,2.33,36.1,0.51,0.12,7.65,1.95,0.44,0.81,0.91,44.01,1.97,2019-202,2019,201901,Q-20,2373.273403,0.0134606455643187,77917.33873300937,94,132,1,83.1,13.84,179.4,0.683,0.0845,0,60.32774,-170.02717,52,2.9,4,EBS,9
1.25,0,0.11,0.4,3.77,0.69,0,0,0.21,0.05,8.79,0,0,6.52,0.34,1,1.64,1.32,0.77,0,0.64,0,1.06,0.22,3.51,0.44,7.55,8.6,0.72,0.19,0,0,0.98,0.66,0.3,0,0,0.06,0.28,0.12,0,0,3.01,1.44,4.38,0,0,0.84,0,0.16,3.63,0,0.21,18.37,0.65,0.39,1.06,1.89,0.27,0.72,0,0,0,0.47,0,2.25,0.11,7.01,0.98,7.71,22.99,37.6,39.41,1.71,29.25,0.38,0.17,12.16,1.04,0.74,1.36,0.88,23.06,2.62,2019-203,2019,201901,J-18,17667.363861,0.0129736505923596,360535.5899406321,94,98,1,81.68,12.43,184.5,0.9734,0.1859,0,58.01197,-168.44416,70,3.5,2,EBS,5
2.4,0.06,0.05,0.21,0.46,0.55,0,0.38,0.15,0,8.12,0,0,4.61,0.18,0.8,0.84,1.44,0.55,0,0.55,0,1.26,0.1,3.9,1.07,8.65,7.7,0.81,0.14,0.08,0,1.07,0.61,0.28,0,0.44,0.13,0.37,0.1,0,0,5,1.69,5.31,0,0,0.89,0,0.12,3.15,0,0.29,18.72,0.29,0.75,1.16,1.91,0.35,0.89,0,0,0,0.42,0,1.97,0,7.72,1.33,3.38,18.82,40.37,40.81,2.17,30.46,0.41,0.21,15.82,1.2,0.57,1.09,1.12,12.33,2.42,2019-204,2019,201901,J-18,17667.363861,0.0129736505923596,360535.5899406321,94,98,1,84.5,13.54,214.7,0.6913,0.0996,0,58.01197,-168.44416,70,3.5,2,EBS,5
2.09,0,0.08,0.22,0.9,0.59,0,0.51,0.16,0,11.59,0,0,7.86,0.22,0.79,0.83,1.32,0.53,0,0.51,0,0.94,0.24,3.78,0.64,9.74,7.72,0.67,0.12,0.06,0,1.04,0.54,0.23,0,0.38,0.07,0.55,0.13,0,0,3.56,1.41,5.22,0,0,0.74,0,0.12,2.26,0,0.29,16.91,0.35,0.62,0.9,1.56,0.31,0.97,0,0,0,0.42,0,1.85,0.07,6.72,0.68,4,22.52,40.99,36.49,1.62,27.34,0.4,0.13,13.26,1.11,0.68,1.01,1.26,14.33,2.52,2019-205,2019,201901,J-18,17667.363861,0.0129736505923596,360535.5899406321,94,98,1,84.12,12.94,215.4,1.3343,0.2931,0,58.01197,-168.44416,70,3.5,2,EBS,5
2.21,0,0.11,0.27,1.16,0.69,0,0.64,0.07,0.02,10.26,0,0,6.87,0.3,0.98,1.06,1.01,0.65,0,0.68,0,0.91,0.25,3.61,0.7,8.29,7.35,0.74,0.16,0,0,1.08,0.59,0.29,0,0.4,0.13,0.44,0.13,0,0,3.6,1.61,5.62,0,0,0.85,0,0.13,2.26,0,0.24,17.12,0.51,0.46,0.9,2.41,0.35,0.84,0,0,0,0.35,0,2.07,0.08,7.85,0.72,4.86,22.34,39.82,37.84,1.69,28.76,0.46,0.14,14.6,1.21,0.67,0.93,1.13,15.68,2.18,2019-206,2019,201901,J-18,17667.363861,0.0129736505923596,360535.5899406321,94,98,1,92.71,14.74,279.4,1.3803,0.2051,0,58.01197,-168.44416,70,3.5,2,EBS,5
1.58,0,0,0,1.22,0,0,0.64,0,0.89,6.42,0,0,5.05,0.67,1.44,1.93,1.82,0,0,0.76,0,5.29,0,4.81,1.05,3.74,4.91,0,0,0,0,0.69,0,0,0,0,0,0,0,0,0,4.77,0.74,2.51,0,0,0,0,1.07,3.38,0,0,19.22,10.1,0,0,2.81,0,0,0,0,0,0,0,4.11,0,2.55,5.81,5.23,30.1,32.08,37.82,1.26,31.17,0.13,0.39,10.84,0.69,0.79,11.46,0.76,NA,7.53,2019-207,2019,201901,J-18,17667.363861,0.0129736505923596,360535.5899406321,94,98,1,85.68,14.16,224.9,1.0687,0.4995,0,58.01197,-168.44416,70,3.5,2,EBS,5
NA,NA,NA,NA,NA,NA,NA,NA,NA,NA,NA,NA,NA,NA,NA,NA,NA,NA,NA,NA,NA,NA,NA,NA,NA,NA,NA,NA,NA,NA,NA,NA,NA,NA,NA,NA,NA,NA,NA,NA,NA,NA,NA,NA,NA,NA,NA,NA,NA,NA,NA,NA,NA,NA,NA,NA,NA,NA,NA,NA,NA,NA,NA,NA,NA,NA,NA,NA,NA,NA,NA,NA,NA,NA,NA,NA,NA,NA,NA,NA,NA,NA,NA,NA,2019-208,2019,201901,J-20,12583.962078,0.012972170667555,8171.3386846751155,94,121,1,87.46,13.24,277.6,0.8844,0.1111,0,57.98737,-169.68823,70,3.3,2,EBS,5
2.06,0.06,0.07,0.19,0.17,0.56,0,0.27,0.15,0,10.36,0,0,9.58,0.2,0.76,0.69,1.19,0.61,0,0.35,0,0.52,0.93,3.19,0.41,7.5,8.67,0.62,0.12,0,0,0.94,0.8,0.19,0,0.36,0.1,0.88,0.16,0,0,3.12,0.79,6.97,0,0,0.62,0,0.04,2.46,0,0.31,19.6,0.1,0.34,0.96,0.7,0.25,0.99,0,0,0,0.44,0,2.46,0.05,6.86,0.28,2.8,19.26,40.33,40.41,2.1,30.73,0.35,0.13,12.88,1.04,0.92,0.87,0.86,10.9,2.86,2019-209,2019,201901,J-20,12583.962078,0.012972170667555,8171.3386846751155,94,121,1,91.81,15.44,289.8,1.207,0.1523,0,57.98737,-169.68823,70,3.3,2,EBS,5
NA,NA,NA,NA,NA,NA,NA,NA,NA,NA,NA,NA,NA,NA,NA,NA,NA,NA,NA,NA,NA,NA,NA,NA,NA,NA,NA,NA,NA,NA,NA,NA,NA,NA,NA,NA,NA,NA,NA,NA,NA,NA,NA,NA,NA,NA,NA,NA,NA,NA,NA,NA,NA,NA,NA,NA,NA,NA,NA,NA,NA,NA,NA,NA,NA,NA,NA,NA,NA,NA,NA,NA,NA,NA,NA,NA,NA,NA,NA,NA,NA,NA,NA,NA,2019-210,2019,201901,J-20,12583.962078,0.012972170667555,8171.3386846751155,94,121,1,84.23,12.94,217.8,1.0576,0.1359,0,57.98737,-169.68823,70,3.3,2,EBS,5
2.18,0,0.11,0.18,1.85,0.65,0,0,0.12,0,10.97,0,0,11.08,0.27,0.68,0.83,1.13,0.59,0,0.41,0,0.62,1.01,3.22,0.55,7.45,8.19,0.55,0.09,0,0,0.82,0.79,0.24,0,0.37,0.05,0.9,0.16,0.34,0,2.92,0.84,4.73,0,0,0.45,0,0.07,2.72,0,0.27,19.87,0.18,0.3,0.68,0.6,0.13,0.91,0,0,0,0.36,0,1.93,0.06,6.11,0.48,4.32,21.93,38.82,39.25,1.79,29.75,0.31,0.12,10.06,0.87,1.01,0.95,0.91,12.26,3.25,2019-211,2019,201901,J-20,12583.962078,0.012972170667555,8171.3386846751155,94,121,1,88.26,14,243.5,0.6743,0.1919,0,57.98737,-169.68823,70,3.3,2,EBS,5
1.87,0.06,0.08,0.17,0.17,0.69,0,0.29,0.15,0,11.14,0,0,9.31,0.23,0.69,0.44,1.26,0.59,0,0.39,0,0.64,0.93,3.6,0.51,8.8,8.01,0.63,0.11,0,0,0.81,0.75,0.27,0,0.4,0.11,1.06,0.14,0,0,2.91,1.1,5.02,0,0,0.42,0,0,2.39,0,0.26,19.79,0.43,0.3,0.68,2.35,0.33,0.82,0,0,0,0.34,0,1.92,0,6.46,0.18,2.6,20.28,40.22,39.5,1.95,30.25,0.33,0.13,12.36,0.93,0.84,0.9,1.1,8.74,3.06,2019-212,2019,201901,J-20,12583.962078,0.012972170667555,8171.3386846751155,94,121,1,90.62,13.83,267.7,2.1291,1.1981,0,57.98737,-169.68823,70,3.3,2,EBS,5
1.97,0.05,0.09,0.2,0.1,0.58,0,0.3,0.11,0,12,0,0,9.98,0.19,0.88,0.66,1.2,0.56,0,0.35,0,0.5,0.98,3.58,0.45,9.51,8.42,0.6,0.24,0,0,0.88,0.82,0.19,0,0.47,0.07,1.05,0.12,0,0,3.05,1.37,5.48,0,0,0.43,0,0.03,2.49,0,0.29,18.04,0.08,0.28,0.64,0.69,0.1,0.96,0,0,0,0.41,0,2.39,0.03,5.85,0.25,2.83,21.14,41.25,37.61,1.78,28.2,0.32,0.12,11.52,0.95,0.83,0.84,1.13,9.46,3.08,2019-213,2019,201901,I-20,22830.7364,0.01389706856684685,7699.465501326053,94,119,1,90.67,14.5,269.6,1.1619,0.2136,0,57.66851,-169.66866,70,3.9,2,EBS,5
2.07,0.04,0.33,0.34,0.2,0.59,0,0.44,0.11,0,11.7,0,0,8.75,0.23,0.99,0.8,1.19,0.54,0,0.46,0,0.48,0.63,3.4,0.58,10.1,8.23,0.64,0.23,0,0,0.84,0.72,0.18,0,0.52,0.07,0.68,0,0,0,3.27,1.31,4.4,0,0,0.61,0,0.03,2.47,0,0.27,17.85,0.2,0.38,0.69,1.09,0.23,0.66,0,0,0,0.43,0,2.58,0.05,7.16,0.25,3.48,21.51,40.48,38.02,1.77,29.09,0.4,0.12,11.14,0.91,0.75,0.91,1.23,12.78,2.49,2019-214,2019,201901,I-20,22830.7364,0.01389706856684685,7699.465501326053,94,119,1,84.33,11.97,180.6,1.1703,0.3014,0,57.66851,-169.66866,70,3.9,2,EBS,5
2.07,0.06,0.12,0.32,0.17,0.76,0,0.42,0.15,0,13.84,0,0,10.47,0.23,0.97,0.79,1.42,0.63,0,0.37,0,0.6,0.59,3.9,0.53,11.08,9.28,0.65,0.22,0.05,0,0.87,0.75,0.22,0,0.5,0.11,0.61,0.14,0,0,3.72,1.31,5.71,0,0,0.58,0,0.05,2,0,0.2,12.79,0.2,0.43,0.61,1,0.32,1.03,0,0,0,0.35,0,1.93,0.05,4.66,0.23,3.58,24.35,45.58,30.07,1.23,20.89,0.36,0.11,12.78,0.97,0.76,0.92,1.19,17.28,2.74,2019-215,2019,201901,I-20,22830.7364,0.01389706856684685,7699.465501326053,94,119,1,82.83,12.25,191.1,0.9109,0.2287,0,57.66851,-169.66866,70,3.9,2,EBS,5
2.22,0.05,0.12,0.37,0.22,0.65,0,0.44,0.15,0,11.5,0,0,8.67,0.22,1.05,0.82,1.44,0.57,0,0.48,0,0.48,0.66,3.72,0.51,9.7,8.47,0.85,0.26,0,0,0.94,0.73,0.21,0,0.54,0.11,0.64,0.12,0,0,3.99,1.75,5.68,0,0,0.78,0,0.05,2.54,0,0.23,15.1,0.09,0.62,0.73,0.82,0.3,0.93,0,0,0,0.44,0,2.71,0.05,5.94,0.34,3.7,21.95,42.72,35.32,1.61,25.2,0.39,0.13,13.58,1.05,0.75,0.93,1.15,13.57,2.54,2019-216,2019,201901,I-20,22830.7364,0.01389706856684685,7699.465501326053,94,119,1,84.02,11.85,197.7,1.0367,0.2309,0,57.66851,-169.66866,70,3.9,2,EBS,5
1.66,0,0.09,0.22,2.09,0.6,0,0,0.13,0.02,9.74,0,0,7.23,0.29,0.72,0.97,0.93,0.58,0,0.49,0,0.82,0.51,3.45,0.5,8.98,8.31,0.62,0.12,0.06,0,0.93,0.67,0.26,0,0.35,0.1,0.53,0.11,0,0,3,0.97,4.49,0,0,0.55,0,0.08,3.01,0,0.2,20.25,0.29,0.27,0.73,1.85,0.24,0.85,0,0,0,0.39,0,1.92,0.09,8.13,0.59,4.74,20.64,38.04,41.32,2,31.95,0.4,0.14,11.3,1.04,0.74,0.91,1.08,13.54,2.49,2019-217,2019,201901,K-20,11728.934241,0.0126671679615195,29116.625840947425,94,122,1,95.86,14.05,235.8,0.9353,0.2264,0,58.3313,-169.72593,69,3.2,3,EBS,6
1.37,0,0.39,0.57,0.47,0.64,0,0.66,0.05,0,9.61,0,0,5.58,0.25,1.34,1.27,0.56,0.86,0,0.59,0,0.95,0.25,4.41,0.35,7.02,8.76,0.98,0.23,0,0,0.79,0.51,0.22,0,0,0.19,0.31,0.17,0,0,2.5,0.93,3.14,0,0,0.89,0,0,4.62,0,0.16,20.8,0,0.18,0.68,3.32,0,0.45,0,0,0,0.57,0,3.43,0,8.67,0.3,4.99,21.24,34.62,44.14,2.08,34.51,0.42,0.13,10.75,0.97,0.58,1.08,0.8,17.8,2.4,2019-218,2019,201901,K-20,11728.934241,0.0126671679615195,29116.625840947425,94,122,1,90.82,14.98,264,1.5535,0.2224,0,58.3313,-169.72593,69,3.2,3,EBS,6
2.17,0,0.15,0.21,1.82,0.59,0,0,0.13,0,10.48,0,0,8.68,0.31,0.7,0.79,1.25,0.55,0,0.39,0,0.58,0.69,3.15,0.38,8.98,8.71,0.66,0.11,0,0,0.88,0.73,0.22,0,0.4,0.2,0.67,0.45,0,0,2.77,0.94,4.18,0,0,0.55,0,0.05,2.51,0,0.26,19.25,0.48,0.23,0.76,1.75,0.16,0.67,0,0,0,0.33,0,1.81,0.06,7.84,0.36,4.24,21.19,38.98,39.83,1.88,30.6,0.41,0.13,10.63,1.08,0.83,0.82,1.03,13.02,2.45,2019-219,2019,201901,K-20,11728.934241,0.0126671679615195,29116.625840947425,94,122,1,81.06,12.38,202.1,2.0193,0.1964,0,58.3313,-169.72593,69,3.2,3,EBS,6
2.07,0.06,0.06,0.17,0.51,0.48,0,0.39,0.11,0,10.36,0,0,6.82,0.23,0.7,0.51,1.19,0.57,0,0.36,0,0.76,0.48,3.86,0.33,9.31,7.85,0.69,0.14,0,0,0.71,0.59,0.2,0,0.32,0.22,0.56,0.15,0,0,3.2,1.7,4.08,0,0,0.51,0,0.05,3.7,0,0.33,18.27,0.47,1.71,0.97,2.72,0,0.48,0,0,0,0.34,0,2.49,0.07,7.76,0.39,2.87,20.38,40.2,39.43,1.93,30.39,0.42,0.14,14.39,0.93,0.66,1.02,1.19,12.15,2.35,2019-220,2019,201901,K-20,11728.934241,0.0126671679615195,29116.625840947425,94,122,1,79.86,12.48,185.4,1.9955,0.1902,0,58.3313,-169.72593,69,3.2,3,EBS,6
1.99,0.08,0.32,0.53,1.02,0.71,0,0.83,0.05,0,10.47,0,0,8.44,0.32,1.3,1.33,0.91,0.81,0,0.68,0,0.84,0.5,3.47,0.59,8.05,8.42,0.94,0.25,0,0,1.03,0.74,0.29,0,0,0.18,0.36,0.15,0.37,0,3.61,0.47,5.84,0,0,0.73,0,0.07,3.25,0,0.18,16.71,0.18,0.33,0.61,0.7,0.27,1.03,0,0,0,0.4,0,2.53,0,6.63,0.48,5.78,23.22,39.37,37.42,1.61,27.43,0.4,0.13,11.55,1.21,0.81,1.05,0.96,23.14,2.52,2019-221,2019,201901,K-20,11728.934241,0.0126671679615195,29116.625840947425,94,122,1,91.25,13.94,282,1.1216,0.1332,0,58.3313,-169.72593,69,3.2,3,EBS,6
0.96,0,0,0.2,0,0.42,0,0.48,0,0,11.63,0,0,3.32,0,1.39,1.22,0.58,0.86,0,0.56,0,1.43,0,5.65,0.45,9.25,8.52,1.07,0.27,0,0,0.82,0.27,0.18,0,0,0.2,0,0,0,0,1.03,0.92,1.64,0,0,0.71,0,0,4.73,0,0,19.33,1.18,0,0,10.08,0,0,0,0,0,0.37,0,1.72,0,7.83,0.74,3.72,23.99,37.3,38.71,1.61,30.51,0.4,0.15,13.67,1.02,0.29,1.76,1.08,NA,2.47,2019-222,2019,201901,K-18,11094.029582000001,0.01362034595265465,78697.41442148069,94,97,1,85.82,12.84,194.8,1.3251,0.0621,0,58.33599,-168.46255,66,3.4,3,EBS,6
2.28,0,0,0.24,0,0.55,0,0.43,0,0,10.3,0,0.85,2.96,0,1.06,1,0.69,0.75,0,0.53,0,1.38,0,4.8,0.9,8.71,6.66,0.91,0.2,0,0,0.97,0.35,0.31,0,0,0.24,0,0,0,0,3.62,0.91,2.36,0,0,0.69,0,0,5.05,0,0,21.02,0.31,0,0,7.19,0,0.42,0,0,0,0.27,0,1.97,0,8.26,0.85,3.28,21.73,36.13,42.15,1.94,32.86,0.39,0.16,14.08,1.2,0.29,1.4,1.31,NA,2.55,2019-223,2019,201901,K-18,11094.029582000001,0.01362034595265465,78697.41442148069,94,97,1,80.4,12.75,184,2.6589,0.1472,0,58.33599,-168.46255,66,3.4,3,EBS,6
1.74,0,0,0,0,0.45,0,0.33,0,0,10.86,0,0,3.09,0,1.01,0.8,0.6,0.79,0,0.55,0,1.63,0,5.06,0.85,9.54,7.59,0.86,0,0,0,0.73,0.24,0,0,0,0,0,0,0,0,2.35,0.86,1.44,0,0,0.75,0,0,5.02,0,0,23.51,0.42,0.23,0,6.92,0,0,0,0,0,0.28,0,1.57,0,8.91,1.02,2.58,21.45,34.74,43.81,2.04,35.63,0.38,0.17,11.8,0.73,0.28,2.88,1.26,NA,2.64,2019-224,2019,201901,K-18,11094.029582000001,0.01362034595265465,78697.41442148069,94,97,1,89.42,13.99,252.6,0.8055,0.126,0,58.33599,-168.46255,66,3.4,3,EBS,6
1.3,0,0,0.21,0.12,0.56,0,0.55,0,0,10.82,0,0,3.51,0.18,0.89,0.78,0.63,0.75,0,0.55,0,1.71,0,4.14,0.72,9.06,8.61,0.97,0.17,0,0,0.93,0.34,0.23,0,0,0.1,0.11,0,0,0,1.35,0.96,1.67,0,0,0.77,0,0,6.05,0,0.17,24.45,0.4,0.25,0.56,2.28,0,0.12,0,0,0,0.42,0,2.09,0.12,9.71,0.71,3.12,20.65,30.98,48.37,2.34,38.34,0.4,0.17,7.07,1.03,0.32,1.69,1.05,32.63,2.52,2019-225,2019,201901,K-18,11094.029582000001,0.01362034595265465,78697.41442148069,94,97,1,82.47,12.43,149.7,0.8685,0.1604,0,58.33599,-168.46255,66,3.4,3,EBS,6
2.5,0,0.08,0.19,0.15,0.72,0,0.36,0.11,0,10.85,0,0,7.81,0.22,1.05,0.75,1.02,0.72,0,0.61,0,0.52,0.15,3.71,0.57,9.31,8.53,0.77,0.22,0,0,0.8,0.54,0.25,0,0.32,0.11,0.31,0.12,0,0,3.36,1.45,6.38,0,0,0.72,0,0.08,2.55,0,0.2,16.23,0.16,0.27,0.58,0.75,0.28,0.89,0,0,0,0.39,0,2.14,0,9.91,0.31,3.33,21.35,40.61,38.04,1.78,29.42,0.61,0.11,12.79,0.91,0.72,0.94,1.09,24.9,1.64,2019-226,2019,201901,QP2423,2548.0801610000003,0.015320143092177,4634.4214654401685,162,162,1,83.01,13.02,197.7,1.1621,0.1783,0,60.16258,-172.34322,58,3.6,4,EBS,9
1.83,0.04,0.07,0.22,0.39,0.52,0,0.47,0.09,0,10.55,0,1.35,4.34,0.21,0.83,0.76,0.85,0.52,0,0.7,0,0.38,0.1,3.57,0.38,14.88,8.23,0.87,0.16,0,0,1.08,0.44,0.26,0,0.41,0.13,0.23,0.14,0.37,0,4.34,4.61,5.5,0,0,1.65,0,0.07,2.37,0,0.24,8.69,0.14,2.86,0.95,1.35,0.43,0.45,0,0,0,0.32,0,2.3,0.06,7.32,0.98,3.28,20.43,51.07,28.49,1.39,19.28,0.84,0.11,19.61,1.21,0.41,0.76,1.81,18.86,1.19,2019-227,2019,201901,D-05,2148.331329,0.0142379046373641,632.11548533494,162,60,1,92.4,12.98,325.8,1.8661,0.3858,0,55.98287,-165.1891,96,4.9,1,EBS,4
2.07,0.04,0.17,0.2,0.14,0.64,0,0.27,0.06,0,13.3,0,0,10.59,0.17,0.76,0.6,0.67,0.47,0,0.77,0,0.35,0.2,3.38,0.54,12.91,8.22,0.59,0.12,0,0,0.87,0.36,0.18,0,0.32,0.1,0.36,0.17,0,0,3.08,1.19,5.69,0,0,0.42,0,0.05,2.07,0,0.17,14.92,0.08,0.27,0.48,0.73,0.24,1.01,0,0,0,0.4,0,2.17,0.03,7.24,0.15,2.68,22.09,44.92,32.99,1.49,25.3,0.49,0.08,11.45,0.97,0.8,0.84,1.57,29.15,2.06,2019-228,2019,201901,M-21,5585.306228,0.0126761594668335,11044.354590702538,162,127,1,84.9,14.29,250.8,1.2561,0.2233,0,59.00371,-170.48058,70,3,3,EBS,6
2.39,0.05,0.1,0.28,0.21,0.64,0,0.43,0.13,0,11.17,0,1.68,6.5,0.21,1.1,0.75,1.51,0.63,0,0.42,0,0.56,0.67,4.05,0.55,8.84,7.1,0.7,0.25,0,0,0.92,0.59,0.21,0,0.44,0.16,0.72,0.13,0,0,2.85,1.45,4.65,0,0,0.53,0,0.05,2.46,0,0.27,18.38,0.33,0.49,0.8,1.27,0.25,0.76,0,0,0,0.42,0,3.19,0.05,7.34,0.38,3.55,22.27,37.82,39.91,1.79,30.62,0.4,0.14,11.51,1.08,0.58,0.99,1.24,9.01,2.5,2019-229,2019,201901,IH2120,4750.104462,0.01229069824056525,3986.7547832454547,162,114,1,84.81,13.2,218,1.9758,0.3006,0,57.50171,-169.98718,69,4.4,2,EBS,5
1.67,0.04,0.18,0.32,0.18,0.68,0,0.36,0.08,0,12.77,0,0,10.33,0.21,0.96,0.82,0.67,0.57,0,0.83,0,0.46,0.17,3.39,0.46,11.39,8.34,0.72,0.21,0,0,0.87,0.41,0.18,0,0,0.17,0.35,0.16,0,0,3.61,1.28,6.07,0,0,0.59,0,0.04,2.62,0,0.17,14.14,0.22,0.3,0.66,0.97,0.29,0.99,0,0,0,0.54,0,2.82,0.04,6.47,0.23,3.41,22.16,44.95,32.89,1.48,24.57,0.46,0.08,12.88,1.04,0.81,1,1.37,29.91,2.19,2019-230,2019,201901,M-21,5585.306228,0.0126761594668335,11044.354590702538,162,127,1,96.31,15.59,331.1,1.6127,0.312,0,59.00371,-170.48058,70,3,3,EBS,6
1.98,0.03,0.32,0.33,0.4,0.59,0,0.46,0.09,0,11.32,0,0,9.5,0.2,0.94,0.86,0.82,0.55,0,0.71,0,0.54,0.19,3.53,0.72,11.5,8.22,0.76,0.14,0,0,0.94,0.4,0.19,0,0,0.19,0.32,0.17,0,0,3.9,1.27,5.94,0,0,0.62,0,0.06,2.57,0,0.16,15.2,0.15,0.34,0.65,0.65,0.24,0.95,0,0,0,0.44,0,2.7,0,6.89,0.39,3.67,21.29,44.5,34.21,1.61,25.99,0.45,0.1,12.75,1.12,0.84,1.02,1.4,29.75,2.2,2019-231,2019,201901,M-21,5585.306228,0.0126761594668335,11044.354590702538,162,127,1,85.12,14.8,235.5,1.2713,0.1973,0,59.00371,-170.48058,70,3,3,EBS,6
2.37,0.04,0.1,0.23,0.18,0.72,0,0.37,0.05,0,9.66,0,1.17,4.94,0.21,1.14,0.76,0.55,0.66,0,0.62,0,0.51,0.1,3.82,0.88,9.26,7.12,0.87,0.26,0,0,0.88,0.33,0.24,0,0,0.18,0.21,0.13,0,0,3.22,1.45,5.39,0,0,0.7,0,0.07,3.16,0,0.18,17.56,0.22,0.23,0.65,2.57,0.35,1,0,0,0,0.44,0,2.79,0,11.14,0.32,3.46,20.3,38.63,41.06,2.02,32.58,0.63,0.1,13.5,1.06,0.51,0.9,1.3,23.3,1.58,2019-232,2019,201901,M-21,5585.306228,0.0126761594668335,11044.354590702538,162,127,1,87.07,13.04,250.7,1.9036,0.2107,0,59.00371,-170.48058,70,3,3,EBS,6
1.87,0.06,0.14,0.23,0.2,0.54,0,0.29,0.06,0,13.27,0.14,0,10.91,0.16,0.84,0.67,0,0.73,0.55,0.92,0,0.48,0.38,3.11,0.72,12.27,9.33,0.13,0.6,0.21,0,0.84,0.17,0,0,0,0.17,0.55,0.35,0.24,0,3.64,1.7,5.38,0,0,0,0,0,2.18,0.05,0,13.83,0,0.22,0.59,1.27,0.38,0.74,0.37,0,0,0,0,2.5,0,5.81,0.25,3.39,22.67,47.43,29.9,1.32,23.75,0.42,0.07,12.8,1.01,0.82,0.78,1.31,19.98,2.38,2021-AKK-1,2021,202101,I-19,10567.033173,0.01251090207164655,1039.093738049624,162,100,1,96.68,18.45,357,0.2963,0.1243,0,57.67209,-169.03364,69,3.6,2,EBS,5
2.1,0.02,0.06,0.19,0.1,0.38,0,0.25,0.12,0,10.5,0,0,6.58,0.13,0.78,0.56,0.71,0.35,0,0.41,0,0.25,0.01,3.19,0.2,11.87,7.12,0.68,0.27,0,0,0.73,0.47,0.15,0,0.33,0.09,0.36,0.09,0,0.42,6.31,3.54,5.77,0,0,1,0,0.05,2.85,0,0.41,11.89,0.12,4.55,1.36,0.85,0.17,0.4,0,0,0,0.47,0,3,0.06,6.98,0.75,2.38,18.76,50.02,31.21,1.66,23.41,0.59,0.07,22.38,0.82,0.63,0.53,1.67,18.11,1.7,2021-AKK-10,2021,202101,QP2726,2474.908022,0.01391238269810895,7690.990272611179,162,142,1,77.29,12.8,184,0.2535,0.0505,0,60.17669,-174.34747,99,1.9,4,EBS,9
2.35,0.04,0.06,0.17,0.09,0.31,0,0.16,0.15,0,10.78,0,0,10.64,0.15,0.48,0.4,1.46,0.25,0,0.28,0,0.29,0.35,2.29,0.3,12.43,10.38,0.62,0.09,0.01,0,0.75,0.6,0.2,0,0.31,0.08,0.73,0.1,0,1.29,2.32,2.37,6.27,0,0,0.62,0.15,0.03,1.44,0,0.51,15.66,0.28,0.81,0.72,1.43,0.3,0.64,0.01,0,0,0.27,0,1.64,0.06,5.65,0.23,1.77,17.85,48.81,33.34,1.87,25.86,0.36,0.1,13.92,0.82,0.99,0.59,1.2,14.64,2.77,2021-AKK-100,2021,202102,CC-20,1213.664176,0.0126596552147967,31570.401659348685,162,27,2,53.1,0,48,0.3712,0.1203,0,64.28089,-170.67872,34,0.6,9,NBS,13
1.84,0.03,0.05,0.15,0.08,0.49,0,0.27,0.11,0,10.87,0,0,9.64,0.19,0.76,0.61,0.87,0.34,0,0.49,0,0.41,0.25,2.86,0.42,8.45,8.57,1.3,0.16,0,0,0.55,0.42,0.19,0,0.19,0.08,0.32,0.29,0,0.56,2.81,1.81,6.16,0,0,0.97,0,0.06,2.63,0,0.25,17.81,0.14,0.62,1.08,1.19,0.4,0.6,0,0,0,0.35,0,3.9,0,7.21,0.21,2.47,18.62,42.64,38.74,2.08,30.54,0.4,0.09,13.66,0.63,0.89,0.78,0.99,30.26,2.47,2021-AKK-101,2021,202102,CC-20,1213.664176,0.0126596552147967,31570.401659348685,162,27,1,53.24,9.65,58,0.5619,0.1521,0,64.28089,-170.67872,34,0.6,9,NBS,13
2,0.04,0.05,0.26,0.27,0.35,0,0.31,0.19,0,10.77,0,0,8.46,0.18,0.7,0.53,1.52,0.4,0,0.3,0,0.33,0.39,2.76,0.46,10.77,10.62,0.75,0.15,0,0,1.05,0.69,0.24,0,0.35,0.1,0.64,0.36,0,1.25,2.25,2.32,6.39,0,0,0.9,0,0.05,1.67,0,0.42,16.95,0.23,0.46,0.63,0.92,0.39,0.51,0,0,0,0.31,0,1.98,0.09,6.09,0.23,2.61,18.94,44.62,36.43,1.92,27.76,0.36,0.12,12.96,1.15,0.79,0.54,1.01,13.22,2.79,2021-AKK-102,2021,202102,CC-20,1213.664176,0.0126596552147967,31570.401659348685,162,27,2,46.72,0,32,0.3315,0.0969,0,64.28089,-170.67872,34,0.6,9,NBS,13
1.51,0.02,0.05,0.16,0.08,0.34,0,0.26,0,0,10.44,0.04,0,5.89,0.13,0.64,0.54,1.14,0.45,0,0.41,0,0.64,0.07,3.13,0.38,10.05,8.65,0.89,0.2,0,0,0.7,0.44,0.18,0,0.25,0,0.28,0.02,0,4.41,4.18,2.8,6.95,0,0,1.11,0.11,0.06,2.12,0.12,0.17,14.87,0.19,2.7,0.82,1.11,0.31,0.47,0,0,0,0.37,0,1.84,0.08,6.69,0.54,2.04,17.91,45.36,36.73,2.05,29.01,0.45,0.12,18.54,0.7,0.56,0.36,1.16,21.36,2.22,2021-AKK-103,2021,202102,CC-20,1213.664176,0.0126596552147967,31570.401659348685,162,27,2,48.77,0,40,0.1609,0.0404,0,64.28089,-170.67872,34,0.6,9,NBS,13
1.84,0.03,0.04,0.18,0.13,0.58,0,0.36,0.26,0,10.25,0,0,10.96,0.17,0.93,0.76,1.04,0.39,0,0.4,0,0.36,0.17,3.42,0.52,6.35,7.12,0.78,0.17,0,0,0.63,0.44,0.2,0,0.27,0.06,0.38,0.16,0,2.64,4.35,2.07,9.76,0,0,0.67,0,0.03,2.26,0,0.31,15.85,0.12,0.95,0.89,0.75,0.23,0.49,0,0,0,0.44,0,3.18,0.1,5.22,0.34,3.19,19.36,45.22,35.42,1.83,28,0.33,0.08,18.76,0.69,1.07,0.41,0.89,28.74,3.04,2021-AKK-104,2021,202102,CC-20,1213.664176,0.0126596552147967,31570.401659348685,162,27,2,51.27,0,44,0.2609,0.0671,0,64.28089,-170.67872,34,0.6,9,NBS,13
3.66,0.08,0.14,0.36,0.19,0.62,0,0.38,0.22,0,11.98,0,0,13.64,0.41,0.91,0.9,2.97,0.42,0,0.33,0,0.46,1,2.62,0.49,5,7.48,1.86,0.1,0,0,0.54,0.55,0.2,0,0,0.1,0.71,0.19,0,2.23,2.11,0.97,2.92,0,0,0.49,0,0,1.9,0,0.28,18.57,0.19,0.55,0.99,1.21,0.17,0.41,0,0,0,0.23,0,3.12,0.07,4.8,0.29,3.58,22.6,38.16,39.24,1.74,30.27,0.26,0.15,8.75,0.64,1.14,1.05,0.67,19.22,3.87,2021-AKK-105,2021,202102,CC-20,1213.664176,0.0126596552147967,31570.401659348685,162,27,2,43.52,0,29,0.3464,0.0917,0,64.28089,-170.67872,34,0.6,9,NBS,13
2.15,0.05,0.13,0.29,0.14,0.58,0,0.24,0.23,0,12.71,0.06,0,11.54,0.19,0.72,0.66,0.46,0.54,0,0.33,0.57,0.3,0.58,2.98,0.18,7.71,8.4,0.53,0.3,0.04,0,0.93,0.61,0.2,0,0.47,0.04,0.71,0.07,0,0.22,3.66,1.6,6.74,0,0.75,0,0.14,0.03,2.03,0.22,0,17.77,0,0.78,0.68,0.55,0.21,0.74,0.03,0,0,0.47,0,2.09,0.03,5.41,0.22,3.44,21.35,43.83,34.82,1.63,26.78,0.3,0.06,14.01,0.97,0.91,0.51,0.92,16.24,3.28,2021-AKK-106,2021,202102,CC-19,550.175854,0.012580480403964,217375.6503875896,162,28,1,51.34,7.33,50,0.2701,0.115,0,64.31672,-169.83788,39,0.3,9,NBS,13
2.16,0.07,0.07,0.17,0.14,0.67,0,0.25,0.17,0,13.69,0,0,15.84,0.16,0.68,0.51,0.75,0.29,0,0.15,0,0.15,0.3,3.67,0.32,10.53,6.12,0.58,0.08,0,0,0.54,0.25,0.18,0,0.25,0.13,0.56,0.1,0,0.23,2.81,1.57,7.59,0,0,0.52,0.18,0.03,1.78,0,0.35,15.59,0.07,0.42,0.59,0.58,0.13,0.26,0,0,0,0.36,0,2.39,0.05,4.79,0.17,2.6,22.64,47.43,29.93,1.32,24.18,0.31,0.04,13.55,0.68,1.16,0.61,1.72,28.45,3.26,2021-AKK-107,2021,202102,CC-19,550.175854,0.012580480403964,217375.6503875896,162,28,1,52.68,7.68,44,0.4736,0.188,0,64.31672,-169.83788,39,0.3,9,NBS,13
2.75,0.06,0.08,0.17,0.09,0.29,0,0.14,0.11,0,12,0,0,13.61,0.14,0.39,0.28,1.34,0.21,0,0.2,0,0.23,0.88,2.28,0.18,11.85,9.86,0.43,0.1,0,0,0.64,0.47,0.23,0,0.32,0.16,1.52,0.48,0,0.92,1.4,1.82,4.13,0,0,0.64,0,0.02,1.21,0,0.54,18.35,0.12,0.42,0.57,1.26,0.13,0.3,0,0,0,0.23,0,0.98,0.04,5.26,0.21,1.46,18.93,46.06,35.01,1.85,27.96,0.29,0.09,9.6,0.8,1.13,0.56,1.2,8.95,3.49,2021-AKK-108,2021,202102,CC-19,550.175854,0.012580480403964,217375.6503875896,162,28,2,49.91,0,42,0.2917,0.1029,0,64.31672,-169.83788,39,0.3,9,NBS,13
2.71,0.08,0.08,0.22,0.11,0.38,0,0.23,0.21,0,12.06,0,0,14.07,0.17,0.6,0.56,1.4,0.28,0,0.31,0,0.25,0.98,2.45,0.46,12.15,9.36,0.68,0.1,0.05,0,0.76,0.47,0.22,0,0.37,0.07,1.18,0.09,0,0.44,1.99,1.87,4.48,0,0,0.6,0,0.03,1.33,0,0.4,16.27,0.12,0.42,0.48,0.62,0.17,0.4,0,0,0,0.27,0,1.75,0.05,5.02,0.16,2.32,20.09,47.09,32.82,1.63,25.39,0.31,0.1,9.86,0.83,1.17,0.8,1.3,11.89,3.24,2021-AKK-109,2021,202102,CC-19,550.175854,0.012580480403964,217375.6503875896,162,28,2,46.67,0,33,0.16,0.0618,0,64.31672,-169.83788,39,0.3,9,NBS,13
2.7,0.03,0.09,0.23,0.11,0.47,0,0.25,0.05,0,11.6,0,0,8.73,0.15,0.79,0.51,0.68,0.41,0,0.55,0,0.28,0.16,3.66,0.41,13.58,7.15,0.7,0.25,0,0,0.68,0.33,0.16,0,0.37,0.18,0.44,0.08,0,0.33,4.02,2.72,4.34,0,0,0.92,0,0.03,2.66,0,0.3,14.22,0.06,1.6,0.98,0.5,0.16,0.52,0.09,0,0,0.4,0,2.85,0.03,7,0.48,2.4,20.93,45.7,33.37,1.59,25.68,0.49,0.08,14.16,0.86,0.75,0.65,1.9,19.97,2.03,2021-AKK-11,2021,202101,QP2726,2474.908022,0.01391238269810895,7690.990272611179,162,142,1,81.18,14.07,211,0.3258,0.1226,0,60.17669,-174.34747,99,1.9,4,EBS,9
2.63,0.05,0.08,0.2,0.12,0.42,0,0.23,0.13,0,12.01,0,0,12.85,0.17,0.68,0.56,1.23,0.32,0,0.32,0,0.34,0.81,2.71,0.31,10.7,9.07,0.6,0.1,0,0,0.77,0.48,0.22,0,0.31,0.12,1.27,0.1,0,0.41,2,1.93,4.33,0,0,0.57,0,0.02,1.51,0,0.37,16.19,0.33,0.82,0.64,1.38,0.15,0.49,0,0,0,0.51,0,2.01,0.05,6.18,0.22,2.32,20.44,45.19,34.37,1.68,26.9,0.38,0.1,11.09,0.89,1.07,0.73,1.18,10.1,2.62,2021-AKK-110,2021,202102,CC-19,550.175854,0.012580480403964,217375.6503875896,162,28,2,47.34,0,35,0.6405,0.2364,0,64.31672,-169.83788,39,0.3,9,NBS,13
3.18,0.09,0.08,0.14,0.04,0.36,0,0.13,0.09,0,13.53,0,0,16.31,0.14,0.4,0.26,1.41,0.23,0,0.18,0,0.23,1.39,3.25,0.24,0,9.88,0.44,0.1,0.03,0,0.68,0.45,0.27,0,0.38,0.17,2.02,0.57,0,0.58,1.41,2.12,4.35,0,0,0.48,0,0.03,1.39,0,0.59,22.9,0.15,0.44,0.64,0.67,0.17,0.17,0.05,0,0,0.25,0.08,1.27,0.05,5.38,0.18,1.41,21.91,37.03,41.06,1.87,33.26,0.23,0.1,9.65,0.85,1.21,0.62,0,8.09,4.26,2021-AKK-111,2021,202102,CC-19,550.175854,0.012580480403964,217375.6503875896,162,28,2,52.97,0,45,0.253,0.0992,0,64.31672,-169.83788,39,0.3,9,NBS,13
3,0.08,0.09,0.23,0.11,0.32,0,0.18,0.22,0,11.5,0.07,0,13.62,0.16,0.51,0.46,0,1.38,0.21,0,0,0.23,0.97,2.08,0.25,11.47,9.81,0.13,0.5,0.11,0,0.62,0.2,0,0,0.37,0,1.28,0.68,0.18,0.25,1.46,1.66,3.61,0,0,0,0,0,1.2,0.05,0,20.9,0,0.45,0.47,0.64,0.14,0.19,0.91,0,0,0.04,0.11,1.4,0,5.35,0.16,2.24,20.45,44.55,35,1.71,30.48,0.26,0.04,8.29,0.62,1.18,0.34,1.17,10.62,3.91,2021-AKK-112,2021,202102,CC-19,550.175854,0.012580480403964,217375.6503875896,162,28,2,46.29,0,28,0.3211,0.1394,0,64.31672,-169.83788,39,0.3,9,NBS,13
1.37,0,0,0.26,0.07,0.48,0,0.28,0.12,0,11.18,0,0,7.13,0.14,0.82,0.73,1.04,0.53,0,0.48,0,0.94,0.19,3.54,0.49,6.8,7.87,1.15,0.19,0,0,0.6,0.35,0.25,0,0.21,0.11,0.39,0.28,0,2.08,2.33,1.19,4.1,0,0,1,0,0.05,3.39,0,0.18,22.43,0.2,0.89,0.51,0.91,0.34,0.34,0,0,0,0.34,0,3.11,0.13,8.13,0.38,2.75,19.74,34.07,46.19,2.34,37.37,0.36,0.13,9.93,0.71,0.64,0.62,0.86,18.34,2.76,2021-AKK-113,2021,202102,CC-19,550.175854,0.012580480403964,217375.6503875896,162,28,2,46.96,0,34,0.3114,0.0665,0,64.31672,-169.83788,39,0.3,9,NBS,13
3.09,0.08,0.06,0.14,0.06,0.32,0,0.1,0.17,0,10.75,0,0,12.62,0.14,0.4,0.2,1.38,0.23,0,0.15,0,0.29,1.07,2.3,0.44,9.65,9.22,0.44,0.1,0,0,0.6,0.49,0.23,0,0.33,0.11,1.62,0.6,0,0.68,1.83,1.84,4.44,0,0,0.58,0,0.02,1.09,0,0.56,21.58,0.11,0.96,0.62,0.72,0.4,0.3,0,0,0,0.2,0,1.62,0.04,4.81,0.2,1.39,18.02,43.28,38.7,2.15,31.27,0.22,0.11,10.41,0.7,1.17,0.62,1.05,7.77,4.48,2021-AKK-114,2021,202102,CC-19,550.175854,0.012580480403964,217375.6503875896,162,28,2,48.03,0,37,0.4163,0.1486,0,64.31672,-169.83788,39,0.3,9,NBS,13
2.16,0.04,0.06,0.11,0.06,0.63,0,0.3,0.09,0,10.53,0.07,0,18.38,0.19,0.73,0.65,0,0.86,0.22,0.61,0,0.22,0.5,2.06,0.55,9.26,7.67,0.15,0.32,0.06,0,0.67,0.27,0,0,0.25,0,0.67,0.54,0,0.37,3.5,1.13,7.59,0,0,0,0,0,1.73,0,0,17.35,0,0.3,0.67,0.91,0.21,0.68,0.67,0,0,0.06,0,1.61,0,4.18,0.12,2.8,18.46,50.87,30.67,1.66,25.08,0.24,0.04,14.1,0.67,1.75,0.47,1.21,27.51,4.15,2021-AKK-115,2021,202102,DD-19,2583.38998,0.013149971562519,382212.8531688783,162,29,2,54.73,0,48,0.2261,0.0762,0,64.65693,-169.90694,47,0.3,9,NBS,13
2.68,0.05,0.08,0.15,0.07,0.37,0,0.15,0.2,0,11.78,0,0,10.68,0.15,0.46,0.25,1.48,0.24,0,0.23,0,0.29,1.3,2.55,0.4,11.01,8.03,0.59,0.09,0,0,0.62,0.6,0.17,0,0.33,0.05,1.26,0.56,0,0.8,2.29,1.76,4.84,0,0,0.52,0,0.03,1.46,0,0.58,20.02,0.12,0.73,0.62,0.87,0.2,0.54,0,0,0,0.31,0,1.44,0.04,5.73,0.22,1.64,19.14,42.36,38.5,2.01,30.18,0.29,0.13,11.12,0.67,0.91,0.75,1.37,8.46,3.49,2021-AKK-116,2021,202102,DD-19,2583.38998,0.013149971562519,382212.8531688783,162,29,2,57.04,0,55,0.4027,0.1352,0,64.65693,-169.90694,47,0.3,9,NBS,13
2.54,0.08,0.1,0.16,0.1,0.4,0,0.18,0.18,0,11.72,0,0,11.18,0.14,0.56,0.34,1.44,0.27,0,0.26,0,0.33,1.21,2.55,0.36,11.24,8.17,0.45,0.09,0,0,0.62,0.54,0.18,0,0.35,0.06,1.13,0.55,0,0.65,2.6,1.99,5.22,0,0,0.53,0,0.03,1.5,0,0.49,18.84,0.11,0.83,0.62,0.89,0.26,0.54,0,0,0,0.39,0.04,1.63,0.04,5.06,0.24,1.92,19.27,44.15,36.58,1.9,28.22,0.27,0.12,12.16,0.68,0.95,0.79,1.38,9.9,3.73,2021-AKK-117,2021,202102,DD-19,2583.38998,0.013149971562519,382212.8531688783,162,29,2,53.57,0,44,0.4747,0.1841,0,64.65693,-169.90694,47,0.3,9,NBS,13
2.86,0.06,0.09,0.17,0.1,0.37,0,0.18,0.25,0,10.59,0.05,0,11.54,0.16,0.57,0.49,0,2.08,0.26,0,0,0.25,1.4,2.34,0.42,9.36,7.91,0.12,0.6,0.08,0,0.64,0.22,0,0,0.35,0,1.17,0.72,0.13,0.37,2.75,1.6,5.25,0,0,0,0,0,1.34,0.07,0,20.84,0,0.97,0.64,0.94,0.26,0.63,1.02,0,0,0.04,0.1,1.77,0,5.6,0.23,2.4,20.46,42.64,36.9,1.8,31.2,0.27,0.07,12.16,0.64,1.09,0.46,1.18,9.86,3.72,2021-AKK-118,2021,202102,DD-19,2583.38998,0.013149971562519,382212.8531688783,162,29,1,59.35,9.82,70,0.5296,0.1738,0,64.65693,-169.90694,47,0.3,9,NBS,13
2.43,0.08,0.07,0.15,0.1,0.45,0,0.18,0.15,0,12.43,0,0,11.74,0.17,0.52,0.34,1.39,0.33,0,0.32,0,0.28,1.02,2.6,0.56,10.06,7.89,0.51,0.08,0,0,0.65,0.53,0.19,0,0.31,0.02,1.28,0,0,0.47,2.65,1.41,5.42,0,0,0.46,0,0.03,1.51,0,0.44,18.99,0.09,0.58,0.6,1.11,0.27,0.63,0,0,0,0.36,0,1.58,0.05,6.39,0.16,1.89,19.93,43,37.07,1.86,29.45,0.34,0.11,11.76,0.67,0.94,0.87,1.28,9.17,2.97,2021-AKK-119,2021,202102,DD-19,2583.38998,0.013149971562519,382212.8531688783,162,29,1,50.79,7.9,49,0.28,0.1029,0,64.65693,-169.90694,47,0.3,9,NBS,13
2.55,0.02,0.05,0.36,0.21,0.52,0,0.4,0.19,0,8.47,0,0,5.92,0.22,1.04,0.94,1,0.47,0,0.58,0,0.34,0.12,3.01,0.26,8.1,7.4,0.83,0.33,0,0,1.02,0.57,0.24,0,0.37,0.23,0.38,0.1,0,0.49,7.23,3.31,7.17,0,0,1.19,0,0.05,2.55,0,0.33,10.52,0.1,4.62,1.5,3.4,0.49,1.15,0,0,0.14,0.55,0,2.99,0.09,5.22,0.64,3.67,18.44,50.99,30.57,1.66,20.5,0.5,0.12,27.24,1.24,0.7,0.6,1.09,15.49,2.01,2021-AKK-12,2021,202101,QP2726,2474.908022,0.01391238269810895,7690.990272611179,162,142,1,85.75,16.97,255,0.3044,0.0674,0,60.17669,-174.34747,99,1.9,4,EBS,9
2.64,0.06,0.07,0.15,0.09,0.44,0,0.18,0.15,0,11.87,0,0,11.45,0.16,0.59,0.39,1.2,0.36,0,0.36,0,0.36,0.84,2.66,0.6,9.83,8.66,0.59,0.08,0,0,0.69,0.55,0.2,0,0.33,0.08,0.93,0.43,0,0.81,3.1,1.61,6.09,0,0,0.47,0,0.03,1.49,0,0.4,17.97,0.11,0.82,0.6,0.83,0.29,0.83,0,0,0,0.35,0,1.8,0.04,5.2,0.2,2,19.76,44.68,35.56,1.8,27.55,0.29,0.1,13.06,0.76,0.96,0.68,1.13,12.34,3.46,2021-AKK-120,2021,202102,DD-19,2583.38998,0.013149971562519,382212.8531688783,162,29,2,60.6,0,68,0.3998,0.1318,0,64.65693,-169.90694,47,0.3,9,NBS,13
2.57,0.05,0.1,0.16,0.09,0.38,0,0.17,0.13,0,11.58,0,0,10.17,0.14,0.54,0.32,1.31,0.34,0,0.28,0,0.27,1.09,2.57,0.49,10.6,7.5,0.5,0.09,0,0,0.59,0.4,0.17,0,0.31,0.07,1.04,0.47,0,1.24,3.39,1.83,5.86,0,0,0.61,0,0.03,1.45,0,0.39,18.37,0.13,0.99,0.63,1.37,0.33,0.96,0,0,0,0.3,0.05,1.63,0.05,5.69,0.22,1.79,19.1,43.87,37.03,1.94,28.77,0.31,0.12,14.06,0.66,0.88,0.68,1.41,9.77,3.23,2021-AKK-121,2021,202102,DD-19,2583.38998,0.013149971562519,382212.8531688783,162,29,2,57.34,0,55,0.4469,0.1443,0,64.65693,-169.90694,47,0.3,9,NBS,13
2.47,0.05,0.09,0.13,0.07,0.34,0,0.15,0.22,0,12.13,0,0,10.7,0.14,0.48,0.28,1.32,0.28,0,0.23,0,0.32,1.23,2.8,0.38,11.85,8.02,0.5,0.09,0,0,0.62,0.53,0.18,0,0.33,0.05,1.15,0.52,0,0.64,2.54,1.71,4.67,0,0,0.48,0.11,0.03,1.43,0,0.45,19.51,0.12,1.09,0.55,0.64,0.21,0.53,0,0,0,0.29,0,1.27,0.04,5.8,0.25,1.67,19.6,43.23,37.17,1.9,29.19,0.3,0.12,11.21,0.67,0.88,0.77,1.48,9.31,3.36,2021-AKK-122,2021,202102,DD-19,2583.38998,0.013149971562519,382212.8531688783,162,29,2,53.65,0,49,0.2388,0.0883,0,64.65693,-169.90694,47,0.3,9,NBS,13
2.81,0.14,0.09,0.09,0.05,0.69,0,0.21,0.06,0,13.05,0,0,17.38,0.21,0.51,0.31,1,0.37,0,0.31,0,0.19,0.73,2.65,0.94,6.05,7.72,0.45,0.05,0,0,0.6,0.48,0.28,0,0.2,0.04,0.86,0.15,0,0.74,3.82,0.36,7.16,0,0,0.26,0,0,1.42,0,0.28,18.41,0.08,0.48,0.52,0.52,0.07,1.39,0,0,0,0.36,0,1.48,0,3.84,0.15,1.91,21,45.9,33.1,1.58,25.86,0.21,0.07,12.87,0.64,1.33,0.66,0.78,20.12,4.79,2021-AKK-123,2021,202102,DD-19,2583.38998,0.013149971562519,382212.8531688783,162,29,2,50.47,0,41,0.1991,0.061,0,64.65693,-169.90694,47,0.3,9,NBS,13
2.25,0.13,0.05,0.07,0.03,0.74,0,0.22,0.05,0,12.1,0,0,15.67,0.15,0.55,0.41,0.56,0.31,0,0.32,0,0.24,0.37,2.64,0.69,7.18,6.63,0.35,0.06,0,0,0.56,0.31,0.27,0,0.26,0.06,0.73,0.07,0,1.06,3.73,0.58,8.35,0,0,0.39,0,0,1.88,0,0.35,20.16,0.09,0.63,0.6,0.72,0.19,0.6,0,0,0,0.44,0,1.42,0,4.56,0.17,2.08,19.61,45.58,34.81,1.78,28.58,0.23,0.05,14.62,0.62,1.3,0.45,1.08,21.51,4.43,2021-AKK-124,2021,202102,DD-19,2583.38998,0.013149971562519,382212.8531688783,162,29,2,50.42,0,40,0.2381,0.0721,0,64.65693,-169.90694,47,0.3,9,NBS,13
3.05,0.07,0.07,0.18,0.09,0.44,0,0.19,0,0,11.66,0.06,0,10.54,0.17,0.62,0.36,1.8,0.31,0,0.4,0,0.28,1.12,2.93,0.31,10.77,9.12,0.69,0.1,0.06,0,0.74,0.63,0.21,0,0.38,0.12,1.22,0.56,0,0.77,0,2.59,0,0,0,0.66,0.14,0.04,1.73,0.24,0.49,21.83,0.13,0.87,0.68,0.92,0.22,0.58,0.02,0,0,0.39,0.03,1.91,0.05,6.18,0.31,1.89,20.14,37.18,42.68,2.12,33.09,0.28,0.14,5.05,0.86,0.9,0.77,1.18,8.61,3.53,2021-AKK-125,2021,202102,DD-19,2583.38998,0.013149971562519,382212.8531688783,162,29,2,49.69,0,37,0.4972,0.1734,0,64.65693,-169.90694,47,0.3,9,NBS,13
2.86,0.06,0.08,0.21,0.11,0.62,0,0.24,0.16,0,10.58,0,0,10.46,0.22,0.68,0.53,1.01,0.37,0,0.35,0,0.34,0.37,2.6,0.67,6.73,7.59,0.61,0.09,0,0,0.63,0.5,0.23,0,0.28,0.15,0.73,0.13,0,2.64,4.1,1.43,7.44,0,0,0.77,0,0.04,2.06,0,0.29,17.04,0.33,1.52,0.8,2.03,0.44,0.8,0,0,0,0.38,0,1.96,0.09,5.36,0.33,2.54,19.45,44.09,36.46,1.87,28.51,0.31,0.09,17.32,0.79,0.99,0.39,0.89,14.35,3.18,2021-AKK-126,2021,202102,DD-19,2583.38998,0.013149971562519,382212.8531688783,162,29,2,51.79,0,44,0.2087,0.0612,0,64.65693,-169.90694,47,0.3,9,NBS,13
2.03,0.04,0.04,0.08,0.04,0.83,0,0.23,0.06,0,10.48,0,0,13.11,0.2,0.6,0.42,0.87,0.43,0,0.41,0,0.31,0.42,2.41,1.16,5.61,8.83,0.5,0.05,0,0,0.7,0.46,0.29,0,0.18,0.05,0.69,0.16,0,0.67,4.68,0.32,8.15,0,0,0.3,0,0,2.26,0,0.24,18.3,0,0.37,0.59,0.87,0.09,2.14,0,0,0,0.53,0,2.39,0,6.26,0.14,2.27,17.66,44.64,37.7,2.14,28.91,0.34,0.08,14.99,0.75,1.25,0.63,0.64,19.09,2.93,2021-AKK-127,2021,202102,DD-19,2583.38998,0.013149971562519,382212.8531688783,162,29,2,46.09,0,31,0.246,0.0723,0,64.65693,-169.90694,47,0.3,9,NBS,13
2.92,0.09,0.13,0.17,0.05,0.27,0,0.16,0.3,0,13.16,0,0,14.12,0.12,0.49,0.3,1.88,0.18,0,1.06,0.03,0.27,2.35,2.35,0.2,11.6,8.06,0.42,0.06,0.05,0,0.54,0.44,0.22,0,0.34,0.04,1.52,0.72,0,0.46,2.24,1.45,2.95,0,0,0.3,0.1,0.02,1.01,0,0.42,18.48,0.07,1.45,0.43,0.41,0.17,0.23,0,0,0,0.22,0.01,0.86,0.03,3.87,0.2,1.78,20.57,43.86,35.57,1.73,25.93,0.21,0.17,8.93,0.58,1.07,1.28,1.44,9.27,4.77,2021-AKK-128,2021,202102,FF-18,14190.049540999998,0.012565926060732,9072.15269682712,162,33,2,51.19,0,49,0.3188,0.1182,0,65.2529,-168.94758,52,2.2,9,NBS,13
2.44,0.07,0.09,0.32,0.16,0.36,0,0.34,0.25,0,12.7,0,0,14.4,0.17,0.73,0.85,1.34,0.26,0,0.31,0,0.28,1.73,2.29,0.3,8.77,9,0.47,0.08,0,0,0.75,0.54,0.25,0,0.27,0.15,1.35,0.49,0,0.47,2.93,1.04,3.03,0,0,0.27,0,0.01,1.23,0,0.34,19.16,0.05,1.52,0.44,0.44,0.08,0.7,0,0,0,0.28,0.09,1.58,0,4.57,0.26,3.02,20.85,42.95,36.2,1.74,27.98,0.24,0.12,9.4,0.9,1.13,0.86,0.97,10.69,4.2,2021-AKK-129,2021,202102,FF-18,14190.049540999998,0.012565926060732,9072.15269682712,162,33,1,58.62,9.91,73,0.2416,0.0764,0,65.2529,-168.94758,52,2.2,9,NBS,13
2.9,0.04,0.08,0.19,0.02,0.57,0,0.28,0.2,0,10.79,0,0,7.24,0.2,0.86,0.69,1.14,0.51,0,0.39,0,0.38,0.75,2.94,0.4,7.79,6.59,0.71,0.27,0,0,0.76,0.72,0.16,0,0.24,0.18,0.6,0.11,0,1.34,4.77,1.91,6.12,0,0,0.64,0,0.03,2.07,0,0.25,17.97,0.09,3.01,1.34,1.15,0.13,1.04,0,0,0,0.55,0,2.41,0.05,5.94,0.54,2.8,20.16,42.11,37.73,1.87,29.05,0.33,0.13,18.3,0.93,0.67,0.65,1.18,12.1,3.02,2021-AKK-13,2021,202101,Q-26,129.688408,0.01460145154763295,24381.137645024843,162,141,1,78.89,13.77,194,0.3279,0.0762,0,60.34057,-174.07043,90,2.1,4,EBS,9
2.4,0.06,0.08,0.16,0.1,0.35,0,0.17,0.21,0,13,0,0,13.32,0.14,0.56,0.37,1.39,0.26,0,0.63,0,0.32,1.53,2.44,0.25,10.33,8.34,0.43,0.08,0,0,0.66,0.51,0.23,0,0.26,0.14,1.45,0.5,0,0.32,2.41,1.11,4.3,0,0,0.28,0,0.02,1.24,0,0.35,19.56,0.06,0.73,0.46,0.79,0.19,0.78,0,0,0,0.29,0,1.25,0.04,4.98,0.19,1.92,20.19,42.96,36.85,1.83,28.36,0.25,0.13,9.8,0.79,1.03,0.95,1.24,9.21,3.93,2021-AKK-130,2021,202102,FF-18,14190.049540999998,0.012565926060732,9072.15269682712,162,33,1,58.55,9.64,76,0.3156,0.1095,0,65.2529,-168.94758,52,2.2,9,NBS,13
3.11,0.08,0.15,0.46,0.26,0.36,0,0.45,0.5,0,12.76,0,0,14.09,0.2,0.91,1.03,1.37,0.24,0,0.5,0,0.26,1.21,2.2,0.47,10.12,8.35,0.51,0.11,0,0,0.84,0.5,0.18,0.08,0.23,0.15,1.08,0.49,0,0.44,3.49,1.24,2.71,0,0,0.31,0,0.02,1.09,0,0.3,16.37,0.07,2.11,0.48,0.84,0.15,0.51,0,0,0,0.23,0,1.55,0,4.52,0.32,3.98,22.53,45.2,32.26,1.43,24.66,0.28,0.11,10.87,0.99,1.1,0.86,1.21,13.11,3.62,2021-AKK-131,2021,202102,FF-18,14190.049540999998,0.012565926060732,9072.15269682712,162,33,1,52.75,8.6,60,0.4841,0.1505,0,65.2529,-168.94758,52,2.2,9,NBS,13
2.36,0.08,0.07,0.11,0.04,0.35,0,0.12,0.15,0,13.11,0,0,14.4,0.16,0.47,0.26,1.63,0.27,0,1.02,0,0.24,1.87,2.47,0.32,7.61,9.21,0.42,0.06,0,0,0.59,0.56,0.28,0,0.24,0.12,1.88,0.59,0.2,0,2.22,0.82,3.98,0,0,0.21,0,0,1.12,0,0.37,20.71,0.07,0.48,0.45,1.1,0.05,0.93,0,0,0,0.28,0,1.24,0,4.6,0.14,1.5,20.04,41.43,38.53,1.92,29.16,0.22,0.15,9.05,0.72,1.1,1.11,0.83,7.65,4.5,2021-AKK-132,2021,202102,FF-18,14190.049540999998,0.012565926060732,9072.15269682712,162,33,1,55.79,9.49,67,0.2719,0.0916,0,65.2529,-168.94758,52,2.2,9,NBS,13
2.93,0.08,0.11,0.42,0.26,0.35,0,0.41,0.47,0,12.67,0,0,14.96,0.22,0.91,1.02,1.83,0.23,0,0.29,0,0.22,1.63,2.2,0.41,10.13,8.69,0.56,0.13,0,0,0.76,0.42,0.21,0.07,0.28,0.01,1.34,0.61,0,0.38,2.52,1.27,2.95,0,0,0.34,0,0,0.99,0,0.34,16.64,0.09,0.94,0.49,0.85,0.21,0.49,0,0,0,0.27,0.08,1.97,0,4.13,0.21,3.83,22.11,44.44,33.46,1.51,25.13,0.25,0.12,9.02,0.78,1.18,0.99,1.17,11.13,4.03,2021-AKK-133,2021,202102,FF-18,14190.049540999998,0.012565926060732,9072.15269682712,162,33,1,58.73,9.44,74,0.3365,0.1006,0,65.2529,-168.94758,52,2.2,9,NBS,13
2.8,0.07,0.09,0.22,0.15,0.39,0,0.2,0,0,13.04,0,0,12.65,0.2,0.56,0.41,1.39,0.26,0,0.27,0,0.27,1.74,2.59,0.27,10,7.81,0.47,0.07,0,0,0.57,0.46,0.23,0.03,0.15,0.08,1.57,0.54,0,0.47,3.05,1.22,3.41,0,0,0.45,0,0.03,1.71,0,0.33,18.75,0.09,1.27,0.51,0.55,0.32,1.17,0,0,0,0.27,0,1.41,0.05,5.12,0.24,1.92,20.89,41.82,37.3,1.79,28,0.27,0.12,10.02,0.66,0.97,0.9,1.28,8.08,3.67,2021-AKK-134,2021,202102,FF-18,14190.049540999998,0.012565926060732,9072.15269682712,162,33,1,56.56,8.92,69,0.3518,0.1115,0,65.2529,-168.94758,52,2.2,9,NBS,13
2.95,0.08,0.11,0.21,0.12,0.36,0,0.25,0,0,14.29,0,0,14.96,0.17,0.64,0.51,1.67,0.26,0,0.27,0,0.35,1.62,2.31,0.59,9.28,7.5,0.44,0.06,0,0,0.63,0.47,0.24,0,0.25,0.12,1.25,0.12,0,0.44,3.45,0.98,3.59,0,0,0.23,0,0.01,1.09,0,0.3,17.25,0.08,1.69,0.45,0.83,0.22,0.77,0,0,0,0.26,0.15,1.27,0,4.56,0.3,2.09,22.07,44.39,33.54,1.52,25.69,0.26,0.12,11,0.75,1.05,1.11,1.24,12.01,3.78,2021-AKK-135,2021,202102,FF-18,14190.049540999998,0.012565926060732,9072.15269682712,162,33,1,55.95,9.39,68,0.1495,0.0462,0,65.2529,-168.94758,52,2.2,9,NBS,13
2.69,0.07,0.08,0.15,0.1,0.36,0,0.18,0.24,0,12.83,0,0,15.79,0.15,0.51,0.5,1.45,0.27,0,0.27,0,0.29,1.43,2.41,0.29,9.92,9.66,0.34,0.06,0,0,0.65,0.49,0.25,0,0.21,0.01,1.97,0.43,0,0.27,2.51,0.99,4.74,0,0,0.24,0,0.01,1.17,0,0.32,17.24,0.14,0.53,0.48,0.62,0.08,0.98,0.02,0,0,0.28,0,1.18,0.03,3.96,0.16,2.04,20.49,46.31,33.2,1.62,25.26,0.23,0.11,9.86,0.67,1.23,0.8,1.03,8.02,4.36,2021-AKK-136,2021,202102,FF-18,14190.049540999998,0.012565926060732,9072.15269682712,162,33,1,58.66,8.39,74,0.3854,0.1387,0,65.2529,-168.94758,52,2.2,9,NBS,13
2.82,0.08,0.11,0.13,0.08,0.35,0,0.15,0.16,0,12.59,0,0,15.61,0.16,0.48,0.33,1.43,0.27,0,1.14,0,0.21,2.23,2.34,0.27,7.88,8.9,0.33,0.05,0,0,0.63,0.52,0.27,0,0.26,0.14,2.04,0.63,0,0.39,1.98,0.77,3.66,0,0,0.2,0,0.01,1.2,0,0.41,21.05,0.05,0.53,0.4,0.49,0.07,0.78,0,0,0,0.25,0,1.07,0,3.91,0.16,1.69,19.85,41.32,38.83,1.96,29.21,0.19,0.15,7.84,0.78,1.24,1.02,0.89,7.65,5.39,2021-AKK-137,2021,202102,FF-18,14190.049540999998,0.012565926060732,9072.15269682712,162,33,1,67.03,11.6,116,0.3206,0.1087,0,65.2529,-168.94758,52,2.2,9,NBS,13
2.72,0.09,0.11,0.18,0.1,0.37,0,0.2,0.25,0,12.25,0,0,12.88,0.14,0.56,0.39,1.48,0.26,0,0.28,0,0.29,1.52,2.78,0.3,10.72,9.1,0.45,0.08,0.04,0,0.65,0.5,0.24,0,0.31,0.05,1.42,0.52,0,0.48,3,1.48,4.81,0,0,0.33,0.09,0.02,1.15,0,0.36,17.17,0.08,1.18,0.49,0.75,0.09,0.84,0,0,0,0.31,0.04,1.18,0.04,4.64,0.23,2.05,20.3,45.72,33.99,1.67,25.64,0.27,0.12,11.71,0.7,1.05,0.85,1.18,9.07,3.7,2021-AKK-138,2021,202102,FF-18,14190.049540999998,0.012565926060732,9072.15269682712,162,33,2,54.26,0,54,0.3016,0.1023,0,65.2529,-168.94758,52,2.2,9,NBS,13
3.38,0.08,0.11,0.19,0.1,0.41,0,0.19,0.29,0,11.48,0,0,14.05,0.19,0.54,0.35,1.48,0.22,0,0.22,0,0.28,1.72,2.21,0.4,9.29,7.11,0.55,0.06,0,0,0.6,0.49,0.23,0,0.31,0.14,1.2,0.67,0,0.75,3.54,1.66,3.97,0,0,0.33,0,0.03,1.18,0,0.43,18.63,0.07,2.06,0.57,0.59,0.16,0.53,0,0,0,0.27,0,1.28,0.04,5.02,0.36,2.07,19.57,44.52,35.91,1.83,27.73,0.27,0.13,12.39,0.73,1.22,0.84,1.31,11.7,3.71,2021-AKK-139,2021,202102,FF-18,14190.049540999998,0.012565926060732,9072.15269682712,162,33,2,54.08,0,56,0.1026,0.0323,0,65.2529,-168.94758,52,2.2,9,NBS,13
2.36,0.06,0.07,0.25,0.2,0.73,0,0.42,0.28,0,10.27,0,0,9.98,0.26,1.02,0.73,1.78,0.49,0,0.43,0,0.52,1.07,3.29,0.52,7.84,5.8,0.53,0.35,0,0,0.83,0.63,0.22,0,0.46,0.09,1.17,0,0,0.92,3.21,1.68,6.08,0,0,0.58,0,0,2.16,0,0.37,17.66,0.17,0.86,0.99,1.16,0.39,0.81,0,0,0,0.64,0,2.25,0.18,6.78,0.49,3.62,20.44,39.79,39.77,1.95,29.76,0.38,0.16,13.97,0.93,0.97,0.88,1.35,8.55,2.6,2021-AKK-14,2021,202101,R-26,255.358203,0.0139041419426712,7048.259461394185,162,140,1,84.14,14.66,206,0.2316,0.0637,0,60.67,-174.12725,87,2.3,4,EBS,9
2.93,0.08,0.1,0.22,0.15,0.37,0,0.23,0,0,12.47,0,0,12.99,0.17,0.64,0.44,1.65,0.2,0,0.24,0,0.34,1.73,2.42,0.5,10.41,7.09,0.51,0.08,0,0,0.56,0.49,0.19,0,0.32,0.02,1.37,0.63,0,0.47,3.01,1.49,3.68,0,0,0.35,0,0.03,1.1,0,0.37,18.49,0.09,1.67,0.56,0.94,0.24,0.65,0.02,0,0,0.32,0,1.48,0.05,5.11,0.33,2.04,20.31,43.55,36.15,1.78,27.66,0.28,0.13,11.36,0.58,1.04,0.98,1.47,9.51,3.62,2021-AKK-140,2021,202102,FF-18,14190.049540999998,0.012565926060732,9072.15269682712,162,33,2,51.93,0,44,0.1648,0.0547,0,65.2529,-168.94758,52,2.2,9,NBS,13
1.05,0.02,0.04,0.26,0.02,0.41,0,0.31,0.1,0,8.98,0,0,5.2,0.18,1.05,0.94,0.79,0.45,0,0.59,0,0.44,0.01,2.78,0.28,13.17,9.19,0.87,0.43,0,0,1.13,0.67,0.2,0,0.41,0.24,0.25,0.09,0,0.39,3.89,3.48,8.11,0,0,1.52,0,0.07,2.48,0,0.46,11.32,0.1,1.78,1.31,1.08,0.49,1.03,0.03,0,0,0.66,0,3.18,0.06,7.48,0.54,3.09,16.61,49.55,33.85,2.04,23.78,0.66,0.11,19.65,1.37,0.58,0.54,1.43,20.83,1.51,2021-AKK-15,2021,202101,P-26,1489.460341,0.01438681347000315,5421.631423986408,162,143,1,76.53,13.8,155,0.3281,0.0973,0,60.00067,-173.97722,100,1.9,4,EBS,9
2.45,0.05,0.08,0.15,0.07,0.52,0,0.17,0.04,0,12.14,0,0,10.42,0.15,0.59,0.44,0.84,0.5,0,0.62,0,0.35,0.62,2.98,0.26,12.28,8.96,0.5,0.2,0,0,0.85,0.47,0.2,0,0.32,0.09,0.94,0,0,0.25,2.6,2.34,5.77,0,0,0.5,0,0.03,2.11,0,0.35,16.01,0.05,0.89,0.74,0.58,0.12,1.02,0.01,0,0,0.41,0.05,1.94,0.02,5.67,0.27,1.99,20.22,46.03,33.75,1.67,25.67,0.35,0.1,12.93,0.95,0.86,0.77,1.37,11.06,2.82,2021-AKK-16,2021,202101,P-26,1489.460341,0.01438681347000315,5421.631423986408,162,143,1,83.03,15.52,219,0.394,0.1938,0,60.00067,-173.97722,100,1.9,4,EBS,9
1.66,0.06,0.12,0.33,0.12,0.52,0,0.36,0.04,0,13.3,0,0,8.93,0.24,0.97,0.7,0.61,0.45,0,0.75,0,0.12,0.17,3.35,0.49,14.84,7.95,0.91,0.27,0,0,0.91,0.25,0.15,0,0.32,0.22,0.29,0.19,0,0.22,2.26,2.24,3.87,0,0,0.69,0,0,2.13,0,0.27,13.28,0.08,0.49,0.56,1.03,0.34,0.51,0,0,0,0.45,0,2.56,0,9.06,0.36,3.04,21.94,44.56,33.49,1.53,26.01,0.68,0.07,10.45,1.13,0.67,0.64,1.87,30.91,1.47,2021-AKK-17,2021,202101,P-26,1489.460341,0.01438681347000315,5421.631423986408,162,143,1,79.92,12.58,157,0.2889,0.1063,0,60.00067,-173.97722,100,1.9,4,EBS,9
2.24,0.05,0.13,0.39,0.03,0.72,0,0.5,0.06,0,10.46,0,0,9.74,0.29,1.15,1.01,1.01,0.6,0,0.93,0,0.41,0.42,3.12,0.56,8.87,7.99,0.86,0.21,0,0,0.86,0.38,0.19,0,0.48,0.07,0.58,0,0,0.37,3.57,1.72,4.37,0,0,0.85,0,0.04,3.28,0,0.36,15.98,0.12,1.18,0.61,0.63,0.3,0.58,0,0,0,0.6,0,3.25,0.07,7.43,0.39,3.85,20.55,41.12,38.32,1.86,28.46,0.46,0.12,12.08,0.94,0.93,0.94,1.11,16.81,2.15,2021-AKK-18,2021,202101,L-24,5568.931359,0.0134158600542252,2236.159283023512,162,153,1,94.51,17.76,345,0.3927,0.1212,0,58.67781,-172.36717,101,2.8,6,EBS,8
5.61,0.04,0.15,0.27,0.03,0.5,0,0.23,0.1,0,10.31,0,0,5.96,0.2,0.61,0.26,0.79,0.32,0,0.57,0.03,0.51,0.3,2.52,0.44,11.59,4.7,0.76,0.1,0,0,0.99,0.24,0.13,0,0.37,0.24,0.56,0,0,0.42,11.73,2.53,2.53,0,0,1.06,0,0.06,1.4,0,0.47,10.68,0.11,8.01,1.51,0.97,0.59,0.4,0,0,0,0.26,0.05,1.58,0.04,5.36,0.8,2.04,21.03,52.01,26.96,1.28,19.87,0.5,0.12,27.28,1.23,0.58,0.73,2.47,10.69,1.99,2021-AKK-19,2021,202101,O-31,631.541792,0.0141704479387746,846.832792572802,162,179,1,72.57,10.3,115,0.2914,0.1232,0,59.66375,-177.14101,175,1.8,5,EBS,8
2.27,0.04,0.14,0.33,0.02,0.57,0,0.38,0.04,0,11.48,0,0,9.49,0.18,0.94,0.71,0.54,0.51,0,0.92,0,0.14,0.17,3.24,0.56,13.06,8.19,0.75,0.24,0,0,1.03,0.36,0.18,0,0.56,0.12,0.48,0,0,0.21,3.78,1.84,4.46,0,0,0.82,0,0.04,2.77,0,0.35,13.64,0.06,0.89,0.49,0.65,0.3,0.63,0.02,0,0,0.54,0.01,2.74,0.02,7.87,0.26,2.98,20.64,44.98,34.38,1.67,25.57,0.58,0.08,12.1,1.15,0.83,0.6,1.59,19.93,1.73,2021-AKK-2,2021,202101,F-19,1564.967022,0.0141930788929083,775.0256362977203,162,106,1,89.77,15.22,277,0.2596,0.0832,0,56.6657,-168.91527,100,3.7,2,EBS,5
2.71,0.07,0.13,0.31,0.2,0.68,0,0.3,0.13,0,11.85,0.1,0,11.83,0.24,0.75,0.75,0,1.05,0.5,0.98,0,0.35,0.59,2.82,0.46,10.38,8.16,0.13,0.58,0.22,0,0.96,0.2,0,0,0.5,0.21,0.76,0.23,0.28,0,3.75,1.81,5.44,0,0,0,0,0,1.98,0.15,0,16.66,0.1,1.04,0.27,0.72,0.49,0.7,0.57,0,0,0.05,0.08,2.11,0.05,4.4,0.24,3.62,22.55,45.27,32.19,1.43,25.29,0.26,0.07,13.03,1.18,1,0.62,1.27,15.55,3.78,2021-AKK-20,2021,202101,Q-31,4684.982268,0.01436445540980505,24992.2457731986,162,184,1,90.8,17.6,284,0.3518,0.1537,0,60.32376,-177.3797,146,1.5,5,EBS,8
3.35,0.06,0.12,0.28,0.19,0.68,0,0.27,0.13,0,10.42,0,0,10.07,0.24,0.67,0.66,1.03,0.49,0,0.57,0,0.45,0.51,2.55,0.39,9.41,6.91,0.59,0.21,0,0,0.91,0.39,0.22,0,0.51,0.1,0.71,0,0,0.32,5.94,2.13,5.55,0,0,0.82,0,0.04,2.04,0,0.38,15.89,0.07,2.91,0.92,0.96,0.41,0.73,0.02,0,0.1,0.46,0.02,1.93,0.04,4.9,0.36,2.88,19.91,46.71,33.38,1.68,24.7,0.31,0.11,18.42,1,0.97,0.81,1.36,14.27,3.24,2021-AKK-21,2021,202101,Q-31,4684.982268,0.01436445540980505,24992.2457731986,162,184,1,97.26,20.1,342,0.3249,0.1458,1,60.32376,-177.3797,146,1.5,5,EBS,8
3.31,0.06,0.14,0.23,0.15,0.59,0,0.21,0.08,0,11.63,0,0,10.89,0.2,0.59,0.55,0.85,0.45,0,0.51,0,0.37,0.56,2.71,0.33,10.65,7.69,0.5,0.21,0.01,0,0.9,0.51,0.21,0,0.49,0.04,0.99,0.31,0,0.29,4.97,1.97,5.32,0,0,0.85,0,0.03,1.89,0,0.4,15.98,0.08,1.9,0.85,0.83,0.27,0.75,0.02,0,0,0.39,0.01,1.65,0.05,4.31,0.27,2.4,20.72,46.72,32.56,1.57,24.06,0.27,0.09,15.84,0.93,0.94,0.61,1.38,10.95,3.71,2021-AKK-22,2021,202101,Q-31,4684.982268,0.01436445540980505,24992.2457731986,162,184,1,100.07,19.62,401,0.369,0.1843,0,60.32376,-177.3797,146,1.5,5,EBS,8
2.96,0.06,0.1,0.24,0.02,0.64,0,0.21,0.09,0,11.2,0,0,11.57,0.18,0.57,0.56,1.01,0.5,0,0.55,0,0.45,0.59,3.04,0.4,9.85,8.3,0.48,0.14,0,0,0.94,0.44,0.23,0,0.46,0.1,0.9,0,0,0.31,4.22,1.71,5.76,0,0,0.85,0,0.03,2,0,0.39,16.98,0.07,1.26,0.82,0.66,0.24,0.75,0.02,0,0,0.42,0.01,1.74,0.03,4.61,0.31,2.33,20.21,45.78,34.01,1.68,25.52,0.27,0.1,14.44,1.03,1.03,0.77,1.19,12.83,3.69,2021-AKK-23,2021,202101,R-31,11723.594798999999,0.014138214966612,12589.991057594938,162,185,1,92.37,18.93,317,0.3225,0.1263,1,60.66455,-177.50949,147,1.8,5,EBS,8
3.37,0.05,0.15,0.29,0.13,0.56,0,0.23,0.04,0,10.84,0,0,9.7,0.17,0.66,0.55,0.78,0.43,0,0.82,0,0.42,0.42,2.57,0.39,12.21,7.58,0.55,0.22,0.01,0,0.91,0.36,0.17,0,0.44,0.03,0.65,0.21,0,0.27,6.17,1.97,5.05,0,0,0.72,0,0.03,1.99,0,0.36,14.92,0.06,2.33,1.15,1.06,0.2,0.66,0.02,0,0,0.41,0.02,1.73,0.04,4.62,0.34,2.45,19.85,49.04,31.11,1.57,23.02,0.31,0.11,17.73,0.93,0.89,0.8,1.61,14.94,3.23,2021-AKK-24,2021,202101,R-31,11723.594798999999,0.014138214966612,12589.991057594938,162,185,1,86.61,16.12,262,0.4002,0.1918,0,60.66455,-177.50949,147,1.8,5,EBS,8
3.12,0.05,0.08,0.27,0.14,0.61,0,0.24,0.15,0,10.58,0.07,0,9.79,0.19,0.68,0.62,0,1.09,0.47,0.52,0,0.4,0.64,2.71,0.38,9.79,7.64,0.11,0.53,0.2,0,0.88,0.22,0,0,0.49,0,0.89,0.15,0.34,0,4.83,2.01,6.16,0,0,0,0,0.03,1.92,0.14,0,17.29,0,1.85,1.05,0.95,0.44,0.79,0.69,0,0,0.09,0,2.24,0,5.08,0.39,3.19,21.11,45.82,33.06,1.57,26.73,0.29,0.07,16.85,0.88,0.93,0.55,1.28,10.99,3.4,2021-AKK-25,2021,202101,R-31,11723.594798999999,0.014138214966612,12589.991057594938,162,185,1,88.56,18.78,272,0.3574,0.145,1,60.66455,-177.50949,147,1.8,5,EBS,8
2.96,0.09,0.1,0.17,0.12,0.62,0,0.15,0.06,0,11.14,0,0,19.53,0.18,0.49,0.46,0.88,0.36,0,0.58,0,0.23,0.46,2.27,0.36,11.19,8.74,0.42,0.1,0,0,0.71,0.43,0.29,0,0.31,0.19,0.73,0.17,0,0.81,2.19,1.39,5.39,0,0,0.53,0,0.03,1.95,0,0.29,13.08,0.07,0.51,0.73,1.59,0.26,0.63,0,0,0,0.47,0,1.41,0.05,3.92,0.2,2.07,19.04,52.62,28.34,1.49,20.65,0.3,0.07,11.8,0.9,1.75,0.59,1.28,26.79,3.33,2021-AKK-26,2021,202102,W-27,325.218933,0.0136408902594624,26757.78435698558,162,2,2,57.41,0,58,0.3025,0.0956,0,62.33486,-175.27563,79,-0.6,7,NBS,10
3.01,0.07,0.12,0.19,0.12,0.56,0,0.14,0.1,0,11.51,0,0,21.49,0.18,0.44,0.46,1.03,0.31,0,0.61,0,0.21,0.62,2,0.24,12.37,8.81,0.37,0.09,0,0,0.76,0.41,0.26,0,0.25,0.13,0.91,0.15,0,0.49,1.85,1.19,4.6,0,0,0.45,0,0.02,1.76,0,0.25,13.38,0.09,0.33,0.58,0.55,0.21,0.7,0,0,0,0.46,0,1.15,0.01,3.82,0.16,2.01,19.03,52.95,28.02,1.47,20.34,0.29,0.07,9.11,0.89,1.87,0.73,1.4,23.57,3.5,2021-AKK-27,2021,202102,W-27,325.218933,0.0136408902594624,26757.78435698558,162,2,2,57.59,0,60,0.2567,0.0658,0,62.33486,-175.27563,79,-0.6,7,NBS,10
2.91,0.05,0.15,0.2,0.13,0.59,0,0.15,0.08,0,11.69,0,0,20.4,0.17,0.44,0.47,0.94,0.31,0,0.71,0,0.23,0.55,1.97,0.23,14,9.2,0.4,0.09,0,0,0.81,0.42,0.26,0,0.26,0.13,0.87,0.19,0,0.54,1.74,1.32,4.25,0,0,0.43,0,0.02,1.77,0,0.24,12.85,0.06,0.32,0.52,0.45,0.17,0.59,0,0,0,0.42,0,1.24,0.04,3.87,0.15,2.05,19.11,53.39,27.5,1.44,19.98,0.3,0.07,8.59,0.94,1.75,0.7,1.52,23.44,3.32,2021-AKK-28,2021,202102,W-27,325.218933,0.0136408902594624,26757.78435698558,162,2,2,55.27,0,56,0.3627,0.131,0,62.33486,-175.27563,79,-0.6,7,NBS,10
2.46,0.07,0.08,0.14,0.11,0.56,0,0.13,0.15,0,11.71,0,0,20.7,0.2,0.38,0.42,1,0.37,0,0.58,0,0.21,0.7,2.19,0.34,9.74,9.25,0.34,0.08,0,0,0.75,0.49,0.31,0,0.28,0.09,1.22,0.13,0,0.4,2.48,1.22,5.78,0,0,0.4,0,0.02,1.54,0,0.3,14.99,0.05,0.59,0.67,0.61,0.08,0.85,0,0,0,0.35,0,1.1,0.03,3.2,0.16,1.89,18.79,52.24,28.96,1.54,21.51,0.21,0.07,11.37,0.84,1.77,0.68,1.05,17,4.68,2021-AKK-29,2021,202102,X-26,169.012922,0.0138434125460796,45653.48304807834,162,4,2,53.86,0,47,0.2226,0.0686,0,62.6591,-174.62102,73,-1.7,7,NBS,10
5.31,0.03,0.05,0.08,0.01,0.23,0,0.07,0,0,8.42,0,0,3.93,0.21,0.17,0.06,0.91,0.13,0,0.43,0.05,0.18,0.64,1.55,0.06,4.9,1.65,0.69,0,0,0,0.63,0.3,0.13,0.01,0.05,0.62,3.18,0.44,0.02,0.37,18.89,2.8,0.37,0,0,0.22,0,0.02,1.14,0,0.65,11.55,0.04,16.04,0.85,0.59,0.11,0.03,0,0,0.09,0.13,0,1.6,0.01,8.61,0.73,0.67,16.16,51.81,32.03,1.98,26.77,0.75,0.15,39.54,1.26,0.47,0.38,2.97,1.24,1.34,2021-AKK-3,2021,202101,E-21,2141.192395,0.0151980825328794,2171.326542582466,162,110,1,102.55,17.95,354,0.3604,0.0951,0,56.34038,-170.04649,109,4.2,1,EBS,4
2.74,0.06,0.1,0.21,0.13,0.57,0,0.2,0.16,0,11.16,0,0,18.86,0.21,0.46,0.56,1.01,0.37,0,0.56,0,0.23,0.65,2.18,0.4,9.38,9.78,0.42,0.09,0,0,0.83,0.48,0.27,0,0.27,0.09,1.18,0.17,0,0.39,2.57,1.2,5.78,0,0,0.43,0,0.02,1.52,0,0.31,15.18,0.07,0.52,0.59,0.66,0.09,0.88,0,0,0,0.34,0,1.32,0.02,4.14,0.18,2.29,18.91,50.74,30.36,1.61,22.85,0.27,0.07,11.33,0.92,1.69,0.66,0.96,15.95,3.67,2021-AKK-30,2021,202102,X-26,169.012922,0.0138434125460796,45653.48304807834,162,4,2,55.57,0,51,0.9023,0.3067,0,62.6591,-174.62102,73,-1.7,7,NBS,10
2.41,0.05,0.09,0.16,0.11,0.54,0,0.17,0.11,0,10.95,0,0,18.1,0.2,0.46,0.49,0.92,0.32,0,0.54,0,0.21,0.63,2.01,0.34,10.23,9.36,0.4,0.09,0,0,0.81,0.47,0.26,0,0.29,0.08,1.16,0.11,0,0.4,2.51,1.61,5.5,0,0,0.51,0,0.03,1.85,0,0.34,16.03,0.07,0.56,0.71,0.68,0.18,0.69,0,0,0,0.33,0,1.56,0.02,4.16,0.17,2.06,17.91,50.53,31.55,1.76,23.95,0.26,0.07,11.57,0.88,1.65,0.64,1.09,15.56,3.86,2021-AKK-31,2021,202102,X-26,169.012922,0.0138434125460796,45653.48304807834,162,4,2,52.81,0,48,0.2256,0.0786,0,62.6591,-174.62102,73,-1.7,7,NBS,10
2.55,0.1,0.05,0.11,0.02,0.72,0,0.23,0.12,0,13.14,0,0,18.05,0.18,0.46,0.42,1.15,0.33,0,0.39,0,0.18,0.46,2.91,0.76,6.97,7.34,0.29,0.08,0,0,0.54,0.39,0.24,0,0.31,0.05,1.35,0.15,0,0,3.64,0.99,7.42,0,0,0.52,0,0.02,1.49,0,0.4,17.92,0.07,0.32,0.47,0.48,0.15,0.52,0.04,0,0,0.3,0.1,1.49,0.06,3.45,0.16,2.07,21.26,47.18,31.56,1.48,24.98,0.19,0.07,13.3,0.58,1.37,0.72,0.95,13.39,5.2,2021-AKK-32,2021,202102,Y-23,456.261516,0.01446771019492095,13340.051563083893,162,12,1,58,10.42,63,0.3566,0.1278,0,63.00331,-172.56412,61,-1.7,8,NBS,12
2.52,0.09,0.07,0.13,0.09,0.62,0,0.17,0.1,0,11.43,0,0,19.25,0.18,0.42,0.42,1,0.3,0,0.42,0,0.11,0.84,2.26,0.46,7.62,7.08,0.35,0.07,0,0,0.71,0.46,0.28,0,0.37,0.03,1.82,0.2,0,0.46,2.47,1.21,6.28,0,0,0.5,0,0.02,1.63,0,0.47,19.05,0.06,0.36,0.57,0.41,0.13,0.49,0,0,0,0.36,0,1.45,0.05,3.98,0.17,1.96,18.69,46.55,34.76,1.86,27.37,0.21,0.07,11.29,0.73,1.68,0.55,1.08,10.58,4.79,2021-AKK-33,2021,202102,Y-23,456.261516,0.01446771019492095,13340.051563083893,162,12,1,49.62,6.94,30,0.3823,0.1293,0,63.00331,-172.56412,61,-1.7,8,NBS,12
2.61,0.11,0.1,0.12,0.1,0.6,0,0.16,0.17,0,12.4,0,0,18.04,0.17,0.45,0.29,1.18,0.26,0,0.39,0,0.25,0.99,2.22,0.5,9.5,6.46,0.41,0.07,0,0,0.62,0.29,0.25,0,0.3,0.14,1.64,0.16,0,0.59,2.49,1.08,4.28,0,0,0.34,0,0.03,1.68,0,0.37,18.9,0.09,0.55,0.49,0.56,0.16,0.48,0,0,0,0.28,0,1.57,0.05,4.79,0.28,1.89,19.67,44.96,35.37,1.8,28.25,0.25,0.08,9.44,0.76,1.46,0.71,1.47,11.03,3.95,2021-AKK-34,2021,202102,Y-23,456.261516,0.01446771019492095,13340.051563083893,162,12,2,42.14,0,10,0.3769,0.1253,0,63.00331,-172.56412,61,-1.7,8,NBS,12
3.34,0.09,0.11,0.13,0.08,0.57,0,0.18,0.1,0,12.71,0,0,19.93,0.18,0.56,0.45,1.09,0.25,0,0.35,0,0.29,1.06,2.73,0.36,8.85,6.89,0.44,0.07,0,0,0.55,0.29,0.24,0,0.26,0.14,1.54,0.13,0,0.42,1.84,1.21,4.36,0,0,0.38,0,0.02,1.72,0,0.32,17.52,0.06,0.43,0.41,0.59,0.15,0.42,0,0,0,0.24,0,1.67,0.02,4.1,0.17,2.07,21.28,45.84,32.88,1.55,26.01,0.23,0.08,8.84,0.69,1.57,0.78,1.28,12.92,4.27,2021-AKK-35,2021,202102,Y-23,456.261516,0.01446771019492095,13340.051563083893,162,12,2,53.59,0,37,0.3109,0.1082,0,63.00331,-172.56412,61,-1.7,8,NBS,12
1.47,0.03,0.02,0.37,0.16,0.56,0,0.29,0.1,0,10.02,0,0,9.6,0.17,0.75,0.82,0.68,0.47,0,0.65,0,0.39,0.14,3.33,0.37,7,8.43,0.67,0.13,0,0,0.75,0.53,0.24,0,0.32,0.19,0.56,0.23,0,1.62,3.34,1.91,7.9,0,0,1.18,0,0.03,3.32,0,0.32,18.42,0.24,0.77,0.86,0.93,0.2,0.7,0,0,0,0.58,0,2.73,0.07,5.12,0.31,3.05,18.72,42.41,38.88,2.08,29.35,0.28,0.09,15.71,0.94,0.96,0.42,0.83,17.08,3.6,2021-AKK-36,2021,202102,Y-23,456.261516,0.01446771019492095,13340.051563083893,162,12,1,55.28,8.89,39,0.3526,0.0874,0,63.00331,-172.56412,61,-1.7,8,NBS,12
2.74,0.1,0.04,0.08,0.05,0.76,0,0.15,0.1,0,12.64,0,0,21.61,0.19,0.43,0.39,1.1,0.3,0,0.32,0,0.18,1.09,2.37,0.42,5.52,4.83,0.32,0.05,0,0,0.59,0.29,0.28,0,0.31,0.14,2.04,0.19,0,0.31,2.1,0.7,4.92,0,0,0.35,0,0.01,1.78,0,0.43,21.91,0.3,0.36,0.53,0.66,0.1,0.32,0,0,0,0.3,0,1.38,0.04,3.72,0.15,1.97,20.47,42.4,37.13,1.81,30.11,0.17,0.07,9.27,0.73,1.71,0.65,1.14,10.61,5.89,2021-AKK-37,2021,202102,Y-23,456.261516,0.01446771019492095,13340.051563083893,162,12,1,52.75,8.33,34,0.3769,0.1185,0,63.00331,-172.56412,61,-1.7,8,NBS,12
3.37,0.1,0.1,0.13,0.08,0.59,0,0.18,0.17,0,12.53,0,0,20.45,0.17,0.53,0.47,1.38,0.29,0,0.32,0,0.16,1.32,2.54,0.31,7.9,6.17,0.45,0.07,0,0,0.63,0.29,0.29,0,0.28,0.16,1.7,0.26,0,0.54,1.88,1.29,4.23,0,0,0.36,0,0.02,1.69,0,0.36,18.33,0.05,0.64,0.48,0.36,0.15,0.39,0,0,0,0.27,0,1.86,0,3.55,0.15,2.15,21.04,44.65,34.3,1.63,26.66,0.19,0.09,8.88,0.79,1.63,0.76,1.28,12.05,5.16,2021-AKK-38,2021,202102,Y-23,456.261516,0.01446771019492095,13340.051563083893,162,12,2,49.43,0,26,0.3496,0.1145,0,63.00331,-172.56412,61,-1.7,8,NBS,12
2.76,0.06,0.08,0.14,0.07,0.57,0,0.18,0,0,11.57,0,0,15.5,0.15,0.61,0.45,0.82,0.31,0,0.43,0,0.31,0.5,2.85,0.57,9.68,7.12,0.61,0.09,0,0,0.62,0.28,0.23,0,0.27,0.02,1.21,0.16,0,0.38,2.59,2.05,4.78,0,0,0.5,0.13,0.03,2.48,0,0.4,17.33,0.07,1.16,0.54,0.56,0.17,0.57,0.01,0,0,0.36,0.01,2.44,0.02,5,0.2,2.02,19.68,45.67,34.64,1.76,27.11,0.29,0.07,11.67,0.64,1.34,0.65,1.36,12.78,3.46,2021-AKK-39,2021,202102,Y-23,456.261516,0.01446771019492095,13340.051563083893,162,12,2,50.28,0,22,0.265,0.0713,0,63.00331,-172.56412,61,-1.7,8,NBS,12
2.58,0.02,0.05,0.2,0.01,0.35,0,0.43,0.22,0,10.55,0,0,3.49,0.2,0.73,0.7,1.35,0.35,0,0.39,0.01,0.47,0.01,2.68,0.15,11.89,6.63,0.77,0.14,0,0,0.93,0.3,0.21,0,0,0.2,0.3,0.15,0,0.56,6.26,3.04,2.8,0,0,1.42,0,0.06,3.37,0,0.22,13.22,0.15,6.78,1.32,0.93,0.33,0.38,0,0,0,0.29,0,2.46,0.07,8.97,0.92,2.65,19.1,45.38,35.52,1.86,26.4,0.68,0.13,21.13,1.13,0.33,0.84,1.79,11.57,1.47,2021-AKK-4,2021,202101,F-22,1820.3480559999998,0.0159104838138972,3456.8401968995818,162,112,1,92.16,17.05,320,0.3442,0.0804,0,56.65739,-170.73806,115,3.9,6,EBS,8
2.31,0.09,0.09,0.13,0.08,0.58,0,0.19,0.17,0,14.26,0,0,18.39,0.17,0.55,0.45,0.88,0.28,0,0.4,0,0.24,0.7,2.81,0.33,11.84,7.02,0.36,0.07,0,0,0.64,0.28,0.21,0,0.27,0.14,1.25,0.16,0,0.38,2.31,1.19,4.74,0,0,0.33,0,0.02,1.57,0,0.3,15.49,0.17,0.5,0.44,0.73,0.12,0.37,0,0,0,0.24,0,1.52,0.02,4.06,0.18,2.15,22.1,48.34,29.56,1.34,23.39,0.26,0.06,9.9,0.78,1.29,0.67,1.69,14.72,3.81,2021-AKK-40,2021,202102,Y-23,456.261516,0.01446771019492095,13340.051563083893,162,12,2,51.45,0,25,0.3566,0.1275,0,63.00331,-172.56412,61,-1.7,8,NBS,12
2.48,0.04,0.07,0.19,0.15,0.54,0,0.22,0.09,0,11.78,0,0,18.53,0.21,0.47,0.6,0.97,0.36,0,0.47,0,0.21,0.63,2.3,0.35,9.13,9,0.33,0.09,0,0,0.74,0.47,0.29,0,0.36,0.04,1.71,0.11,0,0.43,2.23,1.25,6.02,0,0,0.53,0,0.02,1.81,0,0.38,16.12,0.07,0.25,0.86,0.54,0.16,0.48,0,0,0,0.33,0.1,1.53,0.02,3.77,0.18,2.27,19.33,49.04,31.63,1.64,24.28,0.23,0.07,11.15,0.77,1.57,0.55,1.02,10.84,4.28,2021-AKK-41,2021,202102,Y-24,231.654484,0.0139751596738776,33559.545003028186,162,13,1,63.74,10.75,98,0.3087,0.103,0,63.004,-173.21533,69,-1.7,8,NBS,12
3.13,0.09,0.12,0.22,0.14,0.63,0,0.24,0.17,0,13.43,0,0,21.48,0.21,0.53,0.59,1.04,0.29,0,0.45,0,0.17,1.03,2.12,0.45,9.16,6.84,0.4,0.06,0,0,0.68,0.28,0.25,0,0.29,0.15,1.42,0.16,0,0.44,2.37,0.86,4.16,0,0,0.29,0,0.01,1.59,0,0.29,15.94,0.05,0.46,0.46,0.52,0.14,0.51,0,0,0,0.24,0.06,1.34,0.04,3.84,0.14,2.52,21.69,47.7,30.61,1.41,23.64,0.24,0.07,8.82,0.83,1.6,0.73,1.34,15.13,4.15,2021-AKK-42,2021,202102,Y-24,231.654484,0.0139751596738776,33559.545003028186,162,13,2,56.99,0,47,0.3463,0.1172,0,63.004,-173.21533,69,-1.7,8,NBS,12
2.69,0.08,0.09,0.13,0.08,0.64,0,0.17,0.21,0,12.35,0,0,19.69,0.18,0.47,0.43,1.08,0.26,0,0.38,0,0.22,0.83,2.42,0.33,8.49,6.4,0.41,0.07,0,0,0.64,0.29,0.28,0,0.32,0.15,1.63,0.18,0,0.33,2.38,1.18,4.97,0,0,0.34,0,0.02,1.86,0,0.36,18.42,0.06,0.81,0.47,0.35,0.1,0.44,0,0,0,0.29,0,1.58,0.02,4.18,0.28,2.12,20.03,46.1,33.87,1.69,26.86,0.23,0.07,10.17,0.79,1.59,0.66,1.33,12.06,4.41,2021-AKK-43,2021,202102,Y-24,231.654484,0.0139751596738776,33559.545003028186,162,13,1,51.12,8.22,54,0.3475,0.1168,0,63.004,-173.21533,69,-1.7,8,NBS,12
2.26,0.05,0.09,0.15,0.07,0.52,0,0.15,0.04,0,13.5,0,0,16.75,0.16,0.41,0.4,0.87,0.36,0,0.54,0,0.21,0.75,2.74,0.23,12.17,9.38,0.39,0.07,0,0,0.79,0.35,0.3,0,0.27,0.09,1.25,0.09,0,0.2,2.17,1.62,5.02,0,0,0.38,0,0.02,1.7,0,0.32,14.38,0.06,0.39,0.64,0.6,0.06,0.77,0,0,0,0.34,0,1.38,0.03,4.36,0.16,1.73,20.74,49.84,29.41,1.42,22.19,0.3,0.07,10.43,0.88,1.24,0.71,1.3,13.37,3.3,2021-AKK-44,2021,202102,Y-24,231.654484,0.0139751596738776,33559.545003028186,162,13,2,46.88,0,38,0.3126,0.1247,0,63.004,-173.21533,69,-1.7,8,NBS,12
3.03,0.1,0.08,0.15,0.14,0.64,0,0.21,0.1,0,12.66,0,0,18.93,0.19,0.54,0.5,1.05,0.28,0,0.35,0,0.28,0.9,2.61,0.55,8.17,6,0.39,0.07,0,0,0.61,0.32,0.25,0,0.27,0.11,1.9,0.14,0,0.42,2.44,1.18,4.83,0,0,0.42,0,0.03,1.57,0,0.4,18.49,0.07,0.48,0.47,0.57,0.2,0.51,0,0,0,0.28,0,1.55,0,4.3,0.24,2.28,21.07,44.59,34.34,1.63,27.45,0.23,0.08,9.97,0.72,1.49,0.64,1.36,9.96,4.3,2021-AKK-45,2021,202102,Y-24,231.654484,0.0139751596738776,33559.545003028186,162,13,1,51.48,8.55,53,0.3592,0.1125,0,63.004,-173.21533,69,-1.7,8,NBS,12
2.24,0.09,0.09,0.14,0.07,0.6,0,0.16,0.07,0,11.91,0,0,16.16,0.16,0.4,0.39,0.94,0.33,0,0.44,0,0.2,0.65,2.7,0.42,9.78,8.68,0.42,0.08,0,0,0.73,0.48,0.26,0,0.35,0.03,1.54,0.34,0,0.39,2.54,1.78,6.05,0,0,0.56,0,0.02,1.6,0,0.44,17.03,0.07,0.52,0.66,0.55,0.13,0.53,0.02,0,0,0.37,0.06,1.28,0.02,4.3,0.22,1.81,19.2,48.13,32.67,1.7,25.28,0.25,0.07,12.1,0.76,1.36,0.54,1.13,10.49,3.96,2021-AKK-46,2021,202102,Y-24,231.654484,0.0139751596738776,33559.545003028186,162,13,2,44.63,0,30,0.2393,0.0828,0,63.004,-173.21533,69,-1.7,8,NBS,12
2.29,0.08,0.07,0.1,0.07,0.59,0,0.16,0.1,0,11.97,0,0,17.86,0.16,0.45,0.41,0.89,0.27,0,0.39,0,0.25,0.72,2.53,0.33,8.77,6.7,0.37,0.06,0,0,0.63,0.31,0.25,0,0.31,0.16,1.64,0.11,0,0.4,2.25,1.46,4.99,0,0,0.47,0,0.02,1.86,0,0.38,19.56,0.08,0.65,0.54,0.53,0.16,0.47,0,0,0,0.27,0,1.75,0.05,4.83,0.23,1.89,19.18,44.98,35.84,1.87,28.98,0.25,0.07,10.41,0.79,1.49,0.59,1.31,10.87,4.05,2021-AKK-47,2021,202102,Y-24,231.654484,0.0139751596738776,33559.545003028186,162,13,1,51.83,8.9,51,0.3342,0.1126,0,63.004,-173.21533,69,-1.7,8,NBS,12
2.7,0.06,0.09,0.13,0.07,0.49,0,0.13,0.09,0,12.68,0,0,16.45,0.16,0.37,0.35,0.94,0.31,0,0.39,0,0.25,0.7,2.7,0.28,11.01,8.67,0.45,0.08,0,0,0.71,0.35,0.25,0,0.27,0.08,1.33,0.1,0,0.38,2.07,1.78,4.68,0,0,0.5,0,0.02,1.66,0,0.36,16.2,0.09,0.71,0.6,0.58,0.13,0.51,0.02,0,0,0.35,0,1.31,0.04,5.19,0.2,1.63,20.24,47.8,31.96,1.58,25.11,0.32,0.07,10.42,0.79,1.3,0.66,1.27,12.41,3.12,2021-AKK-48,2021,202102,Y-24,231.654484,0.0139751596738776,33559.545003028186,162,13,2,44.64,0,32,0.3214,0.123,0,63.004,-173.21533,69,-1.7,8,NBS,12
2.79,0.08,0.1,0.15,0.08,0.45,0,0.14,0.14,0,12.28,0,0,17.81,0.17,0.39,0.4,1.22,0.3,0,0.5,0,0.2,1.05,2.61,0.33,10.86,9.1,0.38,0.07,0.01,0,0.8,0.34,0.29,0,0.21,0.02,1.86,0.11,0,0.3,2.01,1.35,4.59,0,0,0.39,0.13,0.02,1.33,0,0.35,16.01,0.15,0.38,0.54,0.67,0.12,0.48,0.01,0,0,0.34,0,1.13,0.04,4.23,0.18,1.75,20.02,48.55,31.43,1.57,24.11,0.26,0.09,9.55,0.82,1.45,0.75,1.19,9.57,3.79,2021-AKK-49,2021,202102,Y-25,43.631122999999995,0.0151352592001281,42087.15500522176,162,14,2,53.16,0,50,0.392,0.1547,0,63.00044,-173.98169,73,-1.7,8,NBS,12
3.13,0.03,0.13,0.29,0.02,0.58,0,0.32,0.05,0,10.08,0,0,8.41,0.25,0.82,0.63,0.7,0.47,0,0.74,0,0.31,0.22,2.76,0.41,10.01,7.93,0.82,0.13,0,0,1.06,0.5,0.2,0,0,0.31,0.81,0.11,0,0.29,5.76,2.27,4.77,0,0,0.83,0,0.04,2.56,0,0.33,13.36,0.07,3.1,0.92,1.06,0.34,0.73,0,0,0,0.42,0,2.67,0.03,7.79,0.42,2.71,19.33,46.37,34.3,1.77,25.88,0.58,0.1,17.88,1.37,0.83,0.6,1.26,10.33,1.72,2021-AKK-5,2021,202101,F-22,1820.3480559999998,0.0159104838138972,3456.8401968995818,162,112,1,95.73,16.75,324,0.3883,0.1069,0,56.65739,-170.73806,115,3.9,6,EBS,8
3.21,0.09,0.1,0.13,0.09,0.48,0,0.15,0.15,0,13.01,0,0,22.89,0.2,0.44,0.44,1.33,0.26,0,0.35,0,0.16,1.29,2.21,0.3,8.67,7.85,0.35,0.06,0,0,0.69,0.35,0.3,0,0.24,0.14,1.9,0.14,0,0.27,1.54,0.92,3.77,0,0,0.27,0,0.01,1.37,0,0.33,16.62,0.06,0.24,0.43,0.45,0.1,0.39,0,0,0,0.25,0.08,1.23,0.04,3.48,0.16,1.89,20.79,47.93,31.28,1.5,24.21,0.21,0.08,7.35,0.83,1.76,0.77,1.1,12.03,4.78,2021-AKK-50,2021,202102,Y-25,43.631122999999995,0.0151352592001281,42087.15500522176,162,14,1,53.18,8.12,54,0.3827,0.1386,0,63.00044,-173.98169,73,-1.7,8,NBS,12
2.74,0.06,0.12,0.14,0.08,0.43,0,0.15,0.09,0,11.14,0,0,19.95,0.17,0.39,0.41,0.94,0.24,0,0.42,0,0.26,0.9,2.13,0.26,11.51,9.19,0.35,0.06,0,0,0.74,0.38,0.26,0,0.18,0.02,1.83,0.21,0.18,0,1.71,1.36,4.15,0,0,0.34,0,0.03,1.51,0,0.29,16.17,0.08,0.36,0.52,0.61,0.13,0.46,0,0,0,0.35,0.07,1.51,0.05,4.24,0.14,1.69,18.35,50.45,31.2,1.7,24.39,0.26,0.07,8.71,0.76,1.79,0.7,1.25,10.92,3.82,2021-AKK-51,2021,202102,Y-25,43.631122999999995,0.0151352592001281,42087.15500522176,162,14,2,46.82,0,34,0.2196,0.0785,0,63.00044,-173.98169,73,-1.7,8,NBS,12
2.37,0.05,0.08,0.24,0.16,0.53,0,0.23,0.08,0,11.92,0,0,18.59,0.22,0.48,0.69,0.99,0.39,0,0.54,0,0.25,0.72,2.21,0.34,9.89,10.22,0.39,0.09,0,0,0.82,0.45,0.3,0,0.28,0.1,1.3,0.19,0,0.48,2.27,1.1,5.23,0,0,0.4,0,0.03,1.6,0,0.24,15.41,0.04,0.2,0.63,0.55,0.11,0.81,0,0,0,0.35,0,1.47,0,3.85,0.15,2.42,19.42,49.94,30.64,1.58,23.09,0.25,0.08,9.98,0.92,1.56,0.64,0.97,14.34,4.01,2021-AKK-52,2021,202102,Y-25,43.631122999999995,0.0151352592001281,42087.15500522176,162,14,1,51.07,7.22,49,0.3187,0.0945,0,63.00044,-173.98169,73,-1.7,8,NBS,12
2.9,0.09,0.12,0.08,0.04,0.43,0,0.12,0.09,0,12.78,0,0,18.51,0.16,0.46,0.24,1.15,0.27,0,0.33,0,0.26,0.92,2.45,0.46,10.85,7.91,0.54,0.08,0,0,0.59,0.28,0.26,0,0.24,0.12,1.3,0.13,0,0.41,1.99,1.39,3.88,0,0,0.41,0,0.02,1.66,0,0.34,16.59,0.08,0.47,0.47,0.71,0.26,0.44,0,0,0,0.25,0,1.61,0,4.74,0.16,1.47,20.04,47.68,32.28,1.61,25.36,0.29,0.08,8.91,0.7,1.45,0.8,1.37,14.23,3.5,2021-AKK-53,2021,202102,ZZ-24,565.332812,0.01345770933053085,30168.581444906646,162,15,2,51.47,0,40,0.2394,0.0737,0,63.33903,-173.35745,71,-1.6,8,NBS,12
2.52,0.09,0.1,0.13,0.08,0.41,0,0.11,0.06,0,12.73,0,0,17.15,0.15,0.36,0.24,1.02,0.3,0,0.51,0,0.23,0.87,2.85,0.2,13.06,9.74,0.38,0.08,0,0,0.74,0.34,0.29,0,0.3,0.18,1.37,0.4,0,0.31,1.32,1.64,3.97,0,0,0.33,0,0.02,1.48,0,0.4,15.91,0.08,0.26,0.49,0.54,0.11,0.37,0,0,0,0.23,0,1.13,0.04,4.24,0.14,1.38,20,49.24,30.76,1.54,23.76,0.27,0.08,8.23,0.91,1.35,0.67,1.34,12.5,3.75,2021-AKK-54,2021,202102,Y-25,43.631122999999995,0.0151352592001281,42087.15500522176,162,14,2,45.67,0,31,0.3183,0.1455,0,63.00044,-173.98169,73,-1.7,8,NBS,12
3.13,0.07,0.08,0.12,0.07,0.56,0,0.16,0.07,0,13.21,0,0,22.31,0.19,0.39,0.42,1,0.27,0,0.35,0,0.21,0.86,2.1,0.41,8.04,6.77,0.34,0.05,0,0,0.64,0.36,0.28,0,0.27,0.14,1.95,0.13,0,0.38,1.85,0.76,3.95,0,0,0.34,0,0.02,1.66,0,0.36,19.19,0.05,0.2,0.37,0.32,0.1,0.41,0,0,0,0.24,0,1.15,0,3.63,0.11,1.78,20.63,45.73,33.64,1.63,27.01,0.19,0.06,7.43,0.78,1.69,0.59,1.19,11.45,5.29,2021-AKK-55,2021,202102,Y-25,43.631122999999995,0.0151352592001281,42087.15500522176,162,14,1,54.6,8.98,61,0.443,0.1561,0,63.00044,-173.98169,73,-1.7,8,NBS,12
2.63,0.05,0.09,0.14,0.1,0.49,0,0.13,0.13,0,11.92,0,0.07,18.09,0.19,0.38,0.47,1.06,0.36,0,0.57,0,0.26,0.68,2.22,0.3,11.95,10.03,0.41,0.08,0,0,0.83,0.47,0.28,0,0.28,0.1,1.29,0.15,0,0.37,2.31,1.25,5.4,0,0,0.42,0,0.02,1.38,0,0.27,14.2,0.06,0.45,0.67,0.51,0.19,0.8,0,0,0,0.37,0,1.27,0.04,3.68,0.17,1.84,19.12,51.96,28.92,1.51,21.44,0.26,0.08,10.59,0.93,1.52,0.68,1.19,13.98,3.86,2021-AKK-56,2021,202102,Y-25,43.631122999999995,0.0151352592001281,42087.15500522176,162,14,2,51.14,0,43,0.3578,0.1183,0,63.00044,-173.98169,73,-1.7,8,NBS,12
2.79,0.06,0.1,0.13,0.12,0.52,0,0.11,0.1,0,12.02,0,0.09,19.03,0.19,0.34,0.39,1.05,0.35,0,0.54,0,0.17,0.95,2.16,0.29,11.96,9.15,0.34,0.06,0.02,0,0.78,0.41,0.29,0,0.22,0.08,1.48,0.14,0,0.32,1.77,1.05,4.31,0,0,0.33,0,0.02,1.48,0,0.28,16.29,0.05,0.43,0.62,0.45,0.08,0.66,0.02,0,0,0.32,0.1,1.18,0.03,3.61,0.13,1.71,19.21,50,30.8,1.6,23.54,0.22,0.08,8.65,0.86,1.58,0.72,1.31,12.85,4.51,2021-AKK-57,2021,202102,Y-25,43.631122999999995,0.0151352592001281,42087.15500522176,162,14,1,54.3,7.24,53,0.3228,0.1171,0,63.00044,-173.98169,73,-1.7,8,NBS,12
2.29,0.05,0.09,0.14,0.11,0.49,0,0.13,0.09,0,12.13,0,0,19.03,0.18,0.35,0.43,0.89,0.34,0,0.52,0,0.17,0.64,2.21,0.27,12.22,10.92,0.37,0.07,0,0,0.79,0.44,0.27,0,0.2,0.09,1.09,0.18,0,0.42,2.38,1.27,5.21,0,0,0.31,0,0.02,1.42,0,0.24,13.81,0.06,0.75,0.7,0.58,0.08,0.83,0,0,0,0.28,0.06,1.03,0.03,3.12,0.18,1.74,18.88,54.23,26.89,1.42,20.03,0.23,0.07,10.9,0.88,1.57,0.64,1.12,17.52,4.42,2021-AKK-58,2021,202102,Y-25,43.631122999999995,0.0151352592001281,42087.15500522176,162,14,2,50.24,0,41,0.373,0.1281,0,63.00044,-173.98169,73,-1.7,8,NBS,12
3.06,0.07,0.08,0.12,0.09,0.46,0,0.11,0.1,0,11.45,0,0,19.72,0.19,0.34,0.29,1.09,0.35,0,0.44,0,0.24,0.82,2.26,0.27,11.43,9.63,0.38,0.08,0,0,0.83,0.41,0.31,0,0.22,0.04,1.32,0.14,0,0.51,1.99,1.3,4.96,0,0,0.38,0,0.02,1.54,0,0.27,14.42,0.06,0.38,0.58,0.49,0.07,0.62,0,0,0,0.36,0,1.14,0.04,4.39,0.18,1.51,18.8,51.65,29.55,1.57,22.32,0.3,0.08,9.69,0.87,1.72,0.68,1.19,14.96,3.29,2021-AKK-59,2021,202102,Y-25,43.631122999999995,0.0151352592001281,42087.15500522176,162,14,2,46.48,0,32,0.2553,0.0836,0,63.00044,-173.98169,73,-1.7,8,NBS,12
1.76,0.03,0.06,0.36,0.27,0.65,0,0.52,0.21,0,8.26,0,0,6.47,0.26,1.21,1.09,1.21,0.67,0,0.59,0,0.34,0.21,3.13,0.41,7.48,6.72,0.82,0.34,0,0,1.08,0.55,0.21,0,0.41,0.22,0.4,0,0,0.47,5.39,2.71,6.22,0,0,2,0,0,3.35,0,0.37,16.15,0.11,2.38,1.3,1.17,0.6,1.04,0,0,0,0.63,0,3.25,0.05,6.42,0.46,4.31,18.33,42.19,39.49,2.15,27.61,0.4,0.14,19.17,1.29,0.78,0.7,1.11,16.01,2.51,2021-AKK-6,2021,202101,N-22,2126.952574,0.01544321388383235,12626.905349290499,162,124,1,95.03,18.2,340,0.3624,0.1254,0,59.33329,-171.19173,76,2.4,3,EBS,6
2.71,0.07,0.09,0.15,0.1,0.5,0,0.12,0.08,0,12,0.05,0,16.74,0.16,0.36,0.41,0,1.09,0.4,0.53,0,0.26,0.82,2.49,0.34,13.44,10.74,0.15,0.47,0.09,0,0.87,0.32,0,0,0.34,0.2,1.19,0.28,0.21,0,1.85,1.6,4.81,0,0,0,0,0,1.53,0.09,0,14.15,0,0.23,0.64,0.6,0.19,0.64,0.48,0,0,0,0,1.4,0,4.06,0,2.11,20.67,51.92,27.41,1.33,21.81,0.29,0.05,9.74,1.07,1.4,0.49,1.25,14.1,3.49,2021-AKK-60,2021,202102,Y-25,43.631122999999995,0.0151352592001281,42087.15500522176,162,14,2,50.42,0,40,0.2448,0.1039,0,63.00044,-173.98169,73,-1.7,8,NBS,12
2.63,0.07,0.12,0.1,0.04,0.37,0,0.08,0.06,0,12.92,0,0,15.74,0.12,0.33,0.17,1.01,0.25,0,0.3,0,0.25,0.79,2.99,0.34,13.8,8.63,0.44,0.08,0,0,0.67,0.29,0.26,0,0.26,0.16,1.24,0.08,0,0.3,1.49,2.03,3.88,0,0,0.38,0,0.02,1.52,0,0.37,16.57,0.07,0.51,0.5,0.71,0.13,0.31,0,0,0,0.27,0,1.3,0.03,4.87,0.18,1.15,20.13,48.56,31.32,1.56,25.06,0.29,0.08,9.11,0.83,1.22,0.72,1.6,12.72,3.4,2021-AKK-61,2021,202102,ZZ-24,565.332812,0.01345770933053085,30168.581444906646,162,15,2,47.37,0,35,0.3599,0.1492,0,63.33903,-173.35745,71,-1.6,8,NBS,12
2.64,0.07,0.08,0.15,0.08,0.46,0,0.12,0.08,0,12.15,0.05,0,15.59,0.16,0.43,0.41,0,1.03,0.39,0.43,0,0.26,0.87,2.9,0.3,11.53,10.27,0.15,0.53,0.1,0,0.87,0.33,0,0,0,0,1.24,0.28,0.26,0,1.88,1.77,4.83,0,0,0,0,0,1.54,0.08,0,16.18,0,0.39,0.7,0.63,0.22,0.66,0.5,0,0,0,0,1.84,0,4.41,0.17,2.12,21.16,49.05,29.79,1.41,24.51,0.27,0.05,10.22,0.87,1.28,0.55,1.12,12.54,3.67,2021-AKK-62,2021,202102,ZZ-24,565.332812,0.01345770933053085,30168.581444906646,162,15,2,44.46,0,29,0.23,0.0976,0,63.33903,-173.35745,71,-1.6,8,NBS,12
2.55,0.09,0.08,0.08,0.05,0.57,0,0.12,0.09,0,11.67,0,0,18.65,0.17,0.41,0.24,1,0.29,0,0.32,0,0.23,0.87,2.44,0.45,6.71,6.8,0.4,0.06,0,0,0.61,0.45,0.29,0,0.22,0.14,1.72,0.27,0,0.62,2.86,1.15,5.42,0,0,0.49,0,0,1.71,0,0.37,19.92,0,1.22,0.54,0.94,0.08,0.81,0,0,0,0.3,0,1.47,0,3.95,0.13,1.55,18.6,45.57,35.83,1.93,28.42,0.2,0.07,12.13,0.75,1.6,0.56,0.99,10.84,5.05,2021-AKK-63,2021,202102,ZZ-24,565.332812,0.01345770933053085,30168.581444906646,162,15,1,51.53,8.53,51,0.3401,0.107,0,63.33903,-173.35745,71,-1.6,8,NBS,12
2.77,0.09,0.08,0.1,0.06,0.5,0,0.13,0.12,0,12.61,0,0,17.45,0.15,0.41,0.26,1.23,0.31,0,0.34,0,0.31,0.9,2.58,0.48,9.05,7.81,0.37,0.07,0,0,0.64,0.32,0.3,0,0.22,0.05,1.48,0.16,0,0.61,2.53,1.06,4.88,0,0,0.34,0,0.03,1.6,0,0.3,18.3,0.08,0.64,0.46,0.52,0.2,0.84,0,0,0,0.29,0,1.28,0.04,4.47,0.2,1.58,20.08,45.76,34.17,1.7,26.79,0.24,0.08,10.1,0.69,1.38,0.74,1.16,11.81,4.09,2021-AKK-64,2021,202102,ZZ-24,565.332812,0.01345770933053085,30168.581444906646,162,15,1,50.74,7.63,45,0.4201,0.137,0,63.33903,-173.35745,71,-1.6,8,NBS,12
2.61,0.07,0.08,0.12,0.05,0.42,0,0.11,0.05,0,13.65,0,0,16.41,0.13,0.35,0.3,0.76,0.25,0,0.3,0,0.19,0.53,3.15,0.37,13.54,8.21,0.38,0.07,0,0,0.64,0.28,0.24,0,0.29,0.01,1.3,0.09,0,0.24,1.8,1.78,4.45,0,0,0.4,0,0.02,1.38,0,0.38,15.73,0.06,0.42,0.48,0.6,0.13,0.41,0.02,0,0,0.35,0,1.36,0.03,4.88,0.13,1.4,21.24,48.85,29.92,1.41,24.11,0.31,0.06,9.53,0.65,1.2,0.58,1.65,12.67,3.22,2021-AKK-65,2021,202102,ZZ-24,565.332812,0.01345770933053085,30168.581444906646,162,15,2,44.15,0,28,0.3747,0.1638,0,63.33903,-173.35745,71,-1.6,8,NBS,12
2.56,0.1,0.08,0.1,0.05,0.57,0,0.13,0.08,0,11.52,0,0,19.04,0.17,0.44,0.24,0.97,0.3,0,0.3,0,0.24,0.91,2.57,0.49,8.18,6.12,0.4,0.06,0,0,0.57,0.29,0.28,0,0.25,0.14,1.6,0.24,0,0.54,2.2,1.26,4.84,0,0,0.41,0,0,1.87,0,0.42,20.25,0.05,0.61,0.52,0.74,0.12,0.51,0,0,0,0.32,0,1.77,0,4.35,0.24,1.6,18.7,44.95,36.35,1.94,29.3,0.21,0.07,10.16,0.72,1.65,0.62,1.34,11.94,4.65,2021-AKK-66,2021,202102,ZZ-24,565.332812,0.01345770933053085,30168.581444906646,162,15,1,52.62,8.32,52,0.3427,0.1085,0,63.33903,-173.35745,71,-1.6,8,NBS,12
2.49,0.06,0.14,0.12,0.05,0.35,0,0.14,0.09,0,13.72,0,0,16.51,0.12,0.47,0.34,0.8,0.21,0,0.33,0,0.2,0.58,3.02,0.27,15.64,8.75,0.58,0.13,0,0,0.5,0.24,0.2,0,0.25,0.11,0.84,0.14,0,0.29,1.9,1.8,3.39,0,0,0.4,0,0.02,1.58,0,0.27,13.83,0.1,0.74,0.43,0.55,0.12,0.2,0,0,0,0.31,0.03,1.69,0.02,4.71,0.18,1.57,21.22,51.14,27.64,1.3,21.98,0.34,0.06,8.82,0.61,1.2,0.74,1.79,19.68,2.93,2021-AKK-67,2021,202102,ZZ-24,565.332812,0.01345770933053085,30168.581444906646,162,15,2,46.18,0,33,0.3373,0.1152,0,63.33903,-173.35745,71,-1.6,8,NBS,12
2.71,0.09,0.19,0.13,0.06,0.44,0,0.16,0.12,0,14.37,0,0,15.94,0.14,0.45,0.41,0.88,0.26,0,0.37,0,0.28,0.67,2.84,0.52,13.26,9.07,0.47,0.09,0,0,0.62,0.26,0.21,0,0.26,0.07,0.9,0.15,0,0.29,2.46,1.74,4.2,0,0,0.48,0,0,1.48,0,0.3,13.51,0.08,0.59,0.44,1.05,0.21,0.46,0,0,0,0.28,0,1.37,0,4.51,0.18,1.77,22.12,50.32,27.56,1.25,21.23,0.33,0.07,10.47,0.69,1.11,0.8,1.46,17.8,2.99,2021-AKK-68,2021,202102,ZZ-24,565.332812,0.01345770933053085,30168.581444906646,162,15,2,41.08,0,41,0.3638,0.1142,0,63.33903,-173.35745,71,-1.6,8,NBS,12
3.06,0.1,0.12,0.14,0.09,0.46,0.01,0.17,0.1,0,11.7,0,0,18.52,0.16,0.56,0.49,1.18,0.29,0,0.38,0,0.34,0.84,2.53,0.41,11.04,8.89,0.6,0.09,0,0,0.69,0.31,0.27,0,0.27,0.03,1.21,0.18,0,0.4,1.87,1.52,3.53,0,0,0.5,0,0.02,1.87,0,0.32,15.12,0.09,0.6,0.49,0.53,0.13,0.42,0,0,0.05,0.29,0,1.67,0.04,5.09,0.22,2.03,19.86,48.6,31.54,1.59,24.18,0.34,0.08,8.54,0.72,1.58,0.82,1.24,15.32,2.97,2021-AKK-69,2021,202102,ZZ-24,565.332812,0.01345770933053085,30168.581444906646,162,15,2,46.23,0,32,0.3318,0.1001,0,63.33903,-173.35745,71,-1.6,8,NBS,12
1.13,0.03,0.07,0.31,0.22,0.57,0,0.48,0.13,0,9.65,0,0,7.37,0.21,1.25,1.14,0.9,0.7,0,0.55,0,0.18,0.31,3.1,0.4,8.2,8.84,0.85,0.3,0,0,1.03,0.69,0.19,0,0.4,0.21,0.56,0.12,0,0.36,3.52,2.03,7.69,0,0,1.2,0,0.04,3.24,0,0.3,15.58,0.09,0.69,1.18,1.35,0.42,1.08,0,0,0,0.73,0,3.26,0.04,6.74,0.35,4.1,18.89,43.05,38.06,2.01,27.2,0.43,0.1,16.46,1.24,0.76,0.55,0.93,13.21,2.31,2021-AKK-7,2021,202101,O-22,2194.99339,0.01482556569224445,4991.3778358360305,162,125,1,88.87,15.44,280,0.2446,0.0657,0,59.66137,-171.25106,73,2.4,3,EBS,6
1.4,0.07,0.05,0.21,0.2,0.55,0,0.15,0.04,0,11.1,0,0.08,12.67,0.15,0.51,0.56,0.4,0.46,0,0.4,0,0.53,0.2,3.34,0.38,9.14,11.99,0.87,0.11,0,0,0.64,0.46,0.21,0,0.27,0.18,0.74,0.27,0,0.96,1.23,0.98,1.69,0,0,0.64,0,0,3.66,0,0.45,18.37,0.13,0,0.53,2.09,0,0.34,0,0,0,0.61,0,2.61,0,7.22,0.13,2.22,18.73,42.11,39.16,2.09,31.05,0.39,0.06,6.52,0.82,1.14,0.41,0.76,17.21,2.54,2021-AKK-70,2021,202102,ZZ-24,565.332812,0.01345770933053085,30168.581444906646,162,15,2,45.43,0,33,0.3204,0.0592,0,63.33903,-173.35745,71,-1.6,8,NBS,12
NA,NA,NA,NA,NA,NA,NA,NA,NA,NA,NA,NA,NA,NA,NA,NA,NA,NA,NA,NA,NA,NA,NA,NA,NA,NA,NA,NA,NA,NA,NA,NA,NA,NA,NA,NA,NA,NA,NA,NA,NA,NA,NA,NA,NA,NA,NA,NA,NA,NA,NA,NA,NA,NA,NA,NA,NA,NA,NA,NA,NA,NA,NA,NA,NA,NA,NA,NA,NA,NA,NA,NA,NA,NA,NA,NA,NA,NA,NA,NA,NA,NA,NA,NA,2021-AKK-71,2021,202102,ZZ-22,1704.08989,0.0141334323254586,27311.12946320172,162,18,2,48.39,0,37,0.355,0.1012,0,63.24515,-171.99726,59,-1.5,8,NBS,12
2.95,0.08,0.07,0.08,0.05,0.66,0,0.16,0.05,0,12.8,0,0,19.16,0.15,0.45,0.38,0.87,0.31,0,0.35,0,0.35,0.75,2.31,0.59,8.18,6.25,0.27,0.05,0,0,0.59,0.32,0.24,0,0.28,0.12,1.73,0.2,0,0.27,2.88,0.94,5.69,0,0,0.35,0,0.02,1.61,0,0.37,17.91,0.07,0.65,0.4,0.52,0.15,0.6,0,0,0,0.28,0,1.53,0.04,4.76,0.16,1.83,20.4,45.97,33.63,1.65,27.04,0.27,0.07,11.09,0.71,1.5,0.62,1.31,11.1,3.76,2021-AKK-72,2021,202102,ZZ-22,1704.08989,0.0141334323254586,27311.12946320172,162,18,1,55.12,9.36,55,0.4163,0.1216,0,63.24515,-171.99726,59,-1.5,8,NBS,12
2.28,0.06,0.05,0.06,0.04,0.48,0,0.12,0.08,0,12.07,0,0,15.34,0.19,0.48,0.24,0.91,0.34,0,0.28,0,0.45,0.54,2.69,0.39,7.89,8.05,0.43,0.07,0,0,0.54,0.48,0.26,0,0.22,0.05,1.4,0.41,0,0.84,2.19,1.15,5.38,0,0,0.51,0,0,2.24,0,0.37,19.42,0.07,0.3,0.54,1.22,0.09,1.08,0,0,0,0.29,0,1.36,0,5.8,0.25,1.5,19.01,43.45,37.55,1.98,29.71,0.3,0.07,10.78,0.59,1.27,0.52,0.98,10.92,3.35,2021-AKK-73,2021,202102,ZZ-22,1704.08989,0.0141334323254586,27311.12946320172,162,18,2,47.03,0,30,0.3355,0.0761,0,63.24515,-171.99726,59,-1.5,8,NBS,12
1.83,0.04,0,0.11,0.08,1.03,0,0.33,0,0,13.54,0,0,10.06,0.18,0.76,0.88,0.45,0.49,0,0.51,0,0.69,0.13,3.95,0.71,8.5,7.45,0.68,0.13,0,0,0.49,0.32,0.19,0,0.45,0.14,0.42,0.23,0,1.66,2.67,1.26,4.15,0,0,0.82,0,0.05,4.64,0,0.24,17.77,0.5,0.4,0.48,2.19,0,0.2,0,0,0,0.53,0,2.05,0,5.26,0.38,3.17,23.56,39.26,37.18,1.58,28.23,0.3,0.07,11.17,0.62,0.74,0.46,1.14,24.07,3.38,2021-AKK-74,2021,202102,ZZ-22,1704.08989,0.0141334323254586,27311.12946320172,162,18,1,52.13,8.83,41,0.3088,0.0585,0,63.24515,-171.99726,59,-1.5,8,NBS,12
2.81,0.11,0.1,0.15,0.08,0.67,0,0.22,0.1,0,12.42,0,0,21.92,0.18,0.47,0.53,1.09,0.32,0,0.37,0,0.19,0.8,2.46,0.74,5.49,7.33,0.36,0.05,0,0,0.59,0.44,0.26,0,0.41,0.05,1.76,0.52,0,0.24,2.86,0.73,5.56,0,0,0.44,0,0,1.64,0,0.45,18.26,0.04,0.25,0.39,0.29,0.07,0.58,0,0,0,0.33,0,1.34,0,3.45,0.08,2.21,20.38,46.34,33.29,1.63,25.74,0.19,0.07,10.09,0.64,1.77,0.57,0.75,12.44,5.29,2021-AKK-75,2021,202102,ZZ-22,1704.08989,0.0141334323254586,27311.12946320172,162,18,2,47.44,0,36,0.344,0.0955,0,63.24515,-171.99726,59,-1.5,8,NBS,12
2.77,0.11,0.06,0.06,0.03,0.88,0,0.19,0.06,0,12.67,0,0,20.67,0.17,0.42,0.3,0.96,0.26,0,0.27,0,0.23,0.76,2.62,0.6,4.12,3.86,0.22,0.05,0,0,0.57,0.32,0.26,0,0.44,0.14,1.78,0.23,0,0.51,2.78,0.69,6.61,0,0,0.44,0,0,1.96,0,0.53,22.75,0.1,0.28,0.48,0.47,0.13,0.38,0,0,0,0.42,0.04,1.28,0,3.9,0.17,1.94,20.47,41.24,38.29,1.87,31.17,0.17,0.06,11.32,0.71,1.63,0.52,1.07,11.58,5.83,2021-AKK-76,2021,202102,ZZ-22,1704.08989,0.0141334323254586,27311.12946320172,162,18,2,53.99,0,53,0.3618,0.0993,0,63.24515,-171.99726,59,-1.5,8,NBS,12
2.85,0.11,0.06,0.08,0.03,0.61,0,0.17,0.1,0,12.18,0,0,19.99,0.17,0.4,0.25,1.2,0.2,0,0.2,0,0.18,1.26,2.56,0.5,5.9,5.2,0.24,0.05,0,0,0.55,0.42,0.26,0,0.35,0.12,1.94,0.23,0,0.29,2.45,0.83,5.92,0,0,0.42,0,0,1.62,0,0.49,21.82,0.04,0.26,0.42,0.57,0.1,0.25,0,0,0,0.27,0,1.56,0.06,4.09,0.18,1.64,19.65,42.74,37.61,1.91,30.49,0.19,0.08,10.45,0.67,1.64,0.68,1.13,10.3,5.33,2021-AKK-77,2021,202102,ZZ-22,1704.08989,0.0141334323254586,27311.12946320172,162,18,2,48.05,0,35,0.3084,0.0932,0,63.24515,-171.99726,59,-1.5,8,NBS,12
NA,NA,NA,NA,NA,NA,NA,NA,NA,NA,NA,NA,NA,NA,NA,NA,NA,NA,NA,NA,NA,NA,NA,NA,NA,NA,NA,NA,NA,NA,NA,NA,NA,NA,NA,NA,NA,NA,NA,NA,NA,NA,NA,NA,NA,NA,NA,NA,NA,NA,NA,NA,NA,NA,NA,NA,NA,NA,NA,NA,NA,NA,NA,NA,NA,NA,NA,NA,NA,NA,NA,NA,NA,NA,NA,NA,NA,NA,NA,NA,NA,NA,NA,NA,2021-AKK-78,2021,202102,ZZ-22,1704.08989,0.0141334323254586,27311.12946320172,162,18,2,48.75,0,39,0.3387,0.0659,0,63.24515,-171.99726,59,-1.5,8,NBS,12
2.66,0.1,0.09,0.08,0.04,0.67,0,0.19,0.1,0,12.74,0,0,17.27,0.18,0.56,0.39,0.83,0.25,0,0.39,0,0.27,0.56,2.47,0.37,10.47,6.37,0.48,0.08,0,0,0.53,0.23,0.21,0,0.26,0.05,1.15,0.13,0,0.5,2.8,1.49,6.33,0,0,0.46,0,0.03,1.85,0,0.35,16,0.08,0.44,0.39,0.8,0.31,0.41,0,0,0,0.3,0,1.8,0,5.34,0.17,2.03,20.36,47.71,31.93,1.57,25.46,0.33,0.06,12.24,0.58,1.35,0.67,1.64,15.06,3,2021-AKK-79,2021,202102,ZZ-22,1704.08989,0.0141334323254586,27311.12946320172,162,18,2,45.06,0,32,0.3258,0.094,0,63.24515,-171.99726,59,-1.5,8,NBS,12
2.83,0.08,0.05,0.14,0.02,0.51,0,0.18,0.22,0,11.71,0,0,18.9,0.23,0.57,0.58,1.42,0.53,0,0.3,0,0.28,0.92,2.44,0.29,6.14,9.3,0.39,0.2,0,0,0.76,0.53,0.28,0,0.24,0.07,0.98,0.16,0,0.72,2.53,1.24,6.93,0,0,0.53,0,0.03,1.49,0,0.27,15.58,0.09,0.43,0.82,0.59,0.1,1.19,0.02,0,0,0.3,0,1.55,0.04,4.03,0.26,2.23,19.95,48.33,31.73,1.59,23.5,0.26,0.09,12.55,0.83,1.61,0.78,0.66,19.28,3.87,2021-AKK-8,2021,202101,T-25,235.99064099999998,0.0141581945345808,1977.65328987472,162,137,1,76.87,13.44,140,0.327,0.0929,0,61.32218,-173.58191,74,0.2,4,EBS,9
1.67,0,0.04,0.16,0.07,0.41,0,0.32,0.16,0,7.67,0,1.03,4.09,0.11,1.01,0.79,0.92,0.4,0,0.37,0,0.56,0.03,3.62,0.48,8.06,8.09,0.96,0.18,0,0,0.57,0.38,0.22,0,0.2,0.22,0.2,0,0,3.55,4.04,2.26,5.77,0,0,1.12,0,0.06,3.61,0,0.14,20.8,0.2,1.9,0.76,1.27,0.24,0.75,0,0,0,0.29,0,3.52,0,6.33,0.36,2.93,16.55,39.41,44.03,2.66,35.32,0.3,0.13,16,0.79,0.53,0.35,1,20.8,3.28,2021-AKK-80,2021,202102,BB-22,1141.608284,0.01390997679986475,8411.228982145938,162,22,2,51.59,0,31,0.3244,0.07,0,64.01035,-171.79476,50,-0.9,9,NBS,13
1.32,0.02,0.06,0.15,0.14,0.55,0,0.31,0.23,0,10.2,0,0,6.91,0.1,0.99,0.64,0.67,0.4,0,0.46,0,0.46,0.04,3.69,0.33,10.87,7.21,0.76,0.21,0,0,0.59,0.4,0.2,0,0.21,0.18,0.14,0,0,0.29,4.01,3,7.51,0,0,0.92,0,0.06,3.66,0,0.19,15.78,0.18,2.17,0.83,0.79,0.19,0.41,0,0,0,0.4,0,3.18,0.1,7.3,0.56,3,18.98,45.33,35.69,1.88,27.53,0.46,0.09,18.32,0.76,0.68,0.81,1.51,48.28,2.16,2021-AKK-81,2021,202102,BB-22,1141.608284,0.01390997679986475,8411.228982145938,162,22,1,53.09,8.19,54,0.2944,0.0708,0,64.01035,-171.79476,50,-0.9,9,NBS,13
NA,NA,NA,NA,NA,NA,NA,NA,NA,NA,NA,NA,NA,NA,NA,NA,NA,NA,NA,NA,NA,NA,NA,NA,NA,NA,NA,NA,NA,NA,NA,NA,NA,NA,NA,NA,NA,NA,NA,NA,NA,NA,NA,NA,NA,NA,NA,NA,NA,NA,NA,NA,NA,NA,NA,NA,NA,NA,NA,NA,NA,NA,NA,NA,NA,NA,NA,NA,NA,NA,NA,NA,NA,NA,NA,NA,NA,NA,NA,NA,NA,NA,NA,NA,2021-AKK-82,2021,202102,BB-22,1141.608284,0.01390997679986475,8411.228982145938,162,22,1,50.56,9.29,43,0.3643,0.0604,0,64.01035,-171.79476,50,-0.9,9,NBS,13
1.73,0.03,0.04,0.13,0.05,0.42,0,0.18,0.12,0,8.6,0,0,8.77,0.14,0.76,0.45,0.51,0.4,0,0.43,0,0.42,0.02,3.39,0.26,8.87,10.77,0.82,0.18,0,0,0.7,0.52,0.29,0,0.2,0.09,0.48,0.17,0,0.98,3.01,3.02,5.12,0,0,0.88,0,0.04,3.18,0,0.28,16.28,0.3,2.32,0.86,1.57,0.18,0.71,0,0,0,0.28,0,3.53,0,7.23,0.27,2.11,16.61,46.03,37.36,2.25,29.29,0.44,0.07,15.9,0.79,1.02,0.4,0.82,18.19,2.25,2021-AKK-83,2021,202102,BB-22,1141.608284,0.01390997679986475,8411.228982145938,162,22,1,50.93,9.04,52,0.226,0.0543,0,64.01035,-171.79476,50,-0.9,9,NBS,13
1.98,0,0,0.14,0.07,0.32,0,0.21,0.21,0,10.41,0,0,7.15,0.2,0.89,0.63,1.18,0.5,0,0.46,0,0.88,0.11,3.95,0.61,10.01,7.22,1.15,0.18,0,0,0.49,0.22,0.22,0.09,0.08,0.06,0.25,0.27,0,2.2,1.7,1.43,1.96,0,0,0.65,0,0,5.2,0,0.17,20.28,0.78,0.55,0.6,2.57,0.29,0.14,0,0,0,0.22,0,2.82,0,7.8,0.51,2.48,20.19,35.82,43.99,2.18,34.47,0.38,0.13,8.8,0.55,0.69,0.69,1.39,28.76,2.6,2021-AKK-84,2021,202102,BB-22,1141.608284,0.01390997679986475,8411.228982145938,162,22,2,46.61,0,33,0.3336,0.0714,0,64.01035,-171.79476,50,-0.9,9,NBS,13
0.84,0,0,0.08,0,0.3,0,0.21,0,0,8.29,0,1.06,2.75,0.09,1.11,1.01,0.83,0.61,0,0.44,0,1.06,0.13,4.7,0.34,7.8,7.6,1.05,0.23,0,0,0.47,0.23,0.31,0,0,0.18,0.08,0,0,4.23,1.62,1.79,1.68,0,0,0.8,0,0,6.18,0,0,23.84,0,0.97,0.46,4.35,0,0,0,0,0,0.19,0,3.45,0,8.2,0.44,2.72,17.17,32.22,50.62,2.95,41.04,0.34,0.17,10.87,0.64,0.33,0.45,1.03,33.61,2.91,2021-AKK-85,2021,202102,BB-22,1141.608284,0.01390997679986475,8411.228982145938,162,22,2,50.49,0,47,0.3603,0.0803,0,64.01035,-171.79476,50,-0.9,9,NBS,13
1.74,0.02,0.03,0.22,0.08,0.4,0,0.34,0.2,0,8.71,0,0,7.49,0.13,1,0.76,0.78,0.44,0,0.39,0,0.6,0.03,3.88,0.38,8.34,6.81,0.98,0.22,0,0,0.63,0.31,0.25,0,0.22,0.15,0.26,0.2,0,2.82,3.44,3.08,5.46,0,0,1.02,0,0.05,3.59,0,0.24,17.82,0.24,2.34,0.74,1.36,0.25,0.35,0,0,0,0.28,0,4.03,0.06,6.48,0.36,3,18.15,41.16,40.7,2.24,32.39,0.36,0.1,16.42,0.77,0.86,0.37,1.22,29.01,2.75,2021-AKK-86,2021,202102,BB-22,1141.608284,0.01390997679986475,8411.228982145938,162,22,2,51.61,0,48,0.3494,0.0816,0,64.01035,-171.79476,50,-0.9,9,NBS,13
2.46,0.06,0.11,0.21,0.11,0.45,0,0.29,0.27,0,10.73,0,0,11.8,0.14,1.01,0.63,0.83,0.31,0,0.47,0,0.4,0.17,3.68,0.22,12.37,7.82,0.88,0.19,0,0,0.55,0.24,0.22,0.07,0.18,0.11,0.3,0.19,0,1.8,2.53,2.92,4.88,0,0,0.63,0.09,0.03,2.81,0,0.2,13.03,0.09,1.76,0.7,0.85,0.17,0.57,0,0,0,0.26,0,3.53,0.06,5.32,0.28,2.98,20.48,47.44,32.07,1.57,24.69,0.41,0.08,13.64,0.66,1.1,0.52,1.58,38.85,2.45,2021-AKK-87,2021,202102,BB-22,1141.608284,0.01390997679986475,8411.228982145938,162,22,2,46.69,0,32,0.3487,0.0966,0,64.01035,-171.79476,50,-0.9,9,NBS,13
0.57,0,0.08,0.08,0.07,0.2,0,0.21,0.09,0,7.87,0,0,4.34,0.1,1.05,0.79,1.04,0.47,0,0.3,0,0.95,0.1,4.23,0.34,6.66,8.25,0.99,0.21,0,0,0.43,0.34,0.27,0,0.13,0.22,0.12,0,0,6.68,1.07,1.6,1.29,0,0,0.86,0,0,5.42,0,0.14,24.82,1.12,0.43,0.52,3.81,0,0,0,0,0,0.21,0,3.44,0.12,7.62,0.39,2.49,16.87,30.06,53.07,3.15,43.98,0.31,0.16,8.72,0.65,0.55,0.29,0.81,37.51,3.25,2021-AKK-88,2021,202102,BB-22,1141.608284,0.01390997679986475,8411.228982145938,162,22,2,50.18,0,39,0.3613,0.0767,0,64.01035,-171.79476,50,-0.9,9,NBS,13
2.12,0.05,0.07,0.15,0.08,0.74,0,0.35,0.1,0,11.87,0,0,13.41,0.17,0.83,0.62,0.84,0.35,0,0.43,0,0.23,0.25,3.5,0.56,9.36,7.16,0.45,0.1,0,0,0.7,0.34,0.2,0,0.33,0.05,0.88,0.15,0,1.92,5.05,0.9,0,0,0,0.71,0.21,0.03,2.56,0,0.45,18.59,0.12,1.15,0.82,0.81,0.17,0.45,0.01,0,0,0.58,0.04,2.59,0.07,6.04,0.3,2.88,20.98,40.3,38.72,1.85,30.79,0.32,0.06,8.73,0.75,1.13,0.38,1.31,15.2,3.08,2021-AKK-89,2021,202102,CC-21,1907.1926019999999,0.012403600817586,76613.785301174,162,26,2,56.93,0,58,0.3604,0.1046,0,64.23399,-171.10594,40,0.3,9,NBS,13
1.89,0.05,0.03,0.2,0.03,0.71,0,0.38,0.22,0,10.4,0,0,8.23,0.22,1.01,0.87,1.69,0.74,0,0.37,0,0.56,0.85,3.2,0.34,6.26,6.38,0.57,0,0,0,0.81,0.77,0.22,0,0.32,0.24,0.85,0,0,2.63,2.95,1.54,6.61,0,0,0.7,0,0.04,2.51,0,0.31,21.13,0.14,0.93,1.09,0.77,0.13,0.93,0,0,0,0.62,0,2.03,0.07,5.95,0.51,3.43,19.95,36.44,43.61,2.19,33.69,0.28,0.16,13.9,1.05,0.79,0.59,0.98,9.63,3.55,2021-AKK-9,2021,202101,R-26,255.358203,0.0139041419426712,7048.259461394185,162,140,1,77.04,12.91,164,0.3781,0.0959,0,60.67,-174.12725,87,2.3,4,EBS,9
1.45,0.04,0.04,0.17,0.09,0.61,0,0.26,0.1,0,10.88,0,0,9.22,0.14,0.72,0.58,0.63,0.46,0,0.49,0,0.46,0.02,3.47,0.44,8.02,7.97,0.61,0.11,0,0,0.68,0.43,0.24,0,0.29,0.11,0.38,0.15,0,1.46,3.81,2.01,8.74,0,0,0.82,0,0.03,2.37,0,0.27,17.13,0.51,0.59,0.88,1.64,0.33,0.57,0,0,0,0.44,0,2.54,0.11,6.15,0.32,2.52,19.48,44.55,35.97,1.85,28.5,0.36,0.07,17.67,0.79,0.85,0.43,1.01,24.21,2.79,2021-AKK-90,2021,202102,CC-21,1907.1926019999999,0.012403600817586,76613.785301174,162,26,2,55.87,0,59,0.3562,0.0848,0,64.23399,-171.10594,40,0.3,9,NBS,13
1.61,0.03,0.04,0.14,0.1,0.46,0,0.18,0.13,0,11.98,0,0,7.78,0.13,0.58,0.49,0.99,0.52,0,0.61,0,0.49,0.13,2.78,0.57,10.07,8.42,0.72,0.09,0.04,0,0.65,0.55,0.17,0,0.3,0.06,0.39,0.1,0,0.92,4.39,2.06,8.41,0,0,0.85,0.11,0.03,1.79,0,0.27,15.33,0.17,0.61,0.59,1.28,0.59,0.88,0,0,0,0.46,0.01,2.36,0.05,7.37,0.19,2.09,19.25,45.35,35.41,1.84,27.2,0.48,0.1,17.34,0.7,0.65,0.7,1.2,19.77,2.08,2021-AKK-91,2021,202102,CC-21,1907.1926019999999,0.012403600817586,76613.785301174,162,26,1,57.44,9.54,66,0.2361,0.0574,0,64.23399,-171.10594,40,0.3,9,NBS,13
0.55,0,0,0,0,0.47,0,0.32,0,0,9.88,0,0,5.4,0.12,1.02,0.85,0.81,0.63,0,0.5,0,1.2,0.1,5.05,0.39,7.1,9.15,0.96,0.21,0,0,0.59,0.3,0.24,0,0,0,0.15,0,0,0.54,1.83,1.02,2.71,0,0,0.66,0,0,7.06,0,0.18,26.9,0,0.35,0.47,0.93,0,0.18,0,0,0,0.4,0,2.58,0,7.94,0.28,2.66,18.78,30.91,50.31,2.68,39.48,0.3,0.14,7.3,0.59,0.55,1.44,0.78,36.01,3.39,2021-AKK-92,2021,202102,CC-21,1907.1926019999999,0.012403600817586,76613.785301174,162,26,1,51.94,8.39,49,0.2976,0.0553,0,64.23399,-171.10594,40,0.3,9,NBS,13
1.36,0.03,0.07,0.18,0.13,0.5,0,0.25,0.11,0,9.65,0,0,6.96,0.13,0.73,0.73,0.67,0.45,0,0.5,0,0.55,0.09,2.84,0.45,9.17,8.46,0.67,0.17,0,0,0.7,0.49,0.19,0,0.28,0.05,0.27,0.13,0,3.68,4.3,2.31,7.6,0,0,0.95,0,0.04,2.41,0,0.17,16.53,0.36,1.63,0.89,1.64,0.37,0.66,0,0,0,0.41,0,2.35,0.08,6.35,0.28,2.64,17.47,44.72,37.81,2.17,29.95,0.38,0.1,18.37,0.75,0.72,0.31,1.08,25.46,2.6,2021-AKK-93,2021,202102,CC-21,1907.1926019999999,0.012403600817586,76613.785301174,162,26,2,50.36,0,44,0.3732,0.0952,0,64.23399,-171.10594,40,0.3,9,NBS,13
1.61,0.02,0.04,0.15,0.1,0.39,0,0.24,0.11,0,9.73,0,0,6.9,0.13,0.74,0.62,1.23,0.36,0,0.34,0,0.46,0.1,3.14,0.35,9.25,9.96,0.72,0.18,0,0,0.61,0.53,0.2,0,0.23,0.05,0.28,0.14,0,3.6,3.08,2.25,7.17,0,0,0.95,0.17,0.05,2.29,0,0.26,16.95,0.32,0.92,0.89,1.54,0.26,0.51,0,0,0,0.34,0.02,2.85,0.09,6.28,0.32,2.35,17.67,43.7,38.63,2.19,30.75,0.37,0.11,15.84,0.66,0.71,0.38,0.93,24.65,2.7,2021-AKK-94,2021,202102,CC-21,1907.1926019999999,0.012403600817586,76613.785301174,162,26,2,49.83,0,40,0.3409,0.0889,0,64.23399,-171.10594,40,0.3,9,NBS,13
1,0.07,0.04,0.12,0.04,0.5,0,0.19,0.03,0,7.98,0,1.1,2.43,0.08,0.97,0.71,0.65,0.55,0,0.27,0,0.86,0.04,5.47,0.32,6.42,6.23,0.87,0.17,0,0,0.5,0.24,0.23,0,0.12,0.1,0.21,0,0,7.87,1.9,1.76,1.71,0,0,0.82,0,0.03,5.29,0,0.16,24.43,0.67,0.69,0.61,3.1,0,0,0,0,0,0.23,0,3.2,0.15,8.34,0.52,2.55,18.48,27.95,53.57,2.9,45.17,0.34,0.14,9.77,0.61,0.3,0.2,1.03,11.84,2.93,2021-AKK-95,2021,202102,CC-21,1907.1926019999999,0.012403600817586,76613.785301174,162,26,2,46.86,0,35,0.233,0.0547,0,64.23399,-171.10594,40,0.3,9,NBS,13
1.66,0.02,0.05,0.18,0.12,0.45,0,0.38,0.17,0,9.41,0,0,7.23,0.13,0.91,0.76,1.11,0.38,0,0.42,0,0.38,0.11,3.25,0.35,9.66,8.15,0.83,0.2,0,0,0.64,0.47,0.21,0,0.24,0.15,0.28,0.16,0,3.21,3.08,3.76,6.97,0,0,0.99,0,0.06,2.6,0,0.25,15.44,0.13,2,0.91,1.53,0.43,0.59,0,0,0,0.32,0,2.77,0.07,6.06,0.36,2.97,17.95,45.22,36.83,2.05,28.54,0.39,0.11,18.26,0.79,0.77,0.38,1.18,25.5,2.55,2021-AKK-96,2021,202102,CC-21,1907.1926019999999,0.012403600817586,76613.785301174,162,26,2,44.55,0,34,0.3382,0.0829,0,64.23399,-171.10594,40,0.3,9,NBS,13
1.88,0.03,0.09,0.2,0.1,0.53,0,0.33,0.09,0,10.17,0,0,10.72,0.14,0.82,0.93,0.75,0.38,0,0.58,0,0.37,0.12,2.13,0.25,11.32,8.03,0.85,0.17,0,0,0.6,0.33,0.2,0,0.22,0.08,0.3,0.24,0,3.45,1.91,2.18,5.54,0,0,0.77,0,0.03,3.08,0,0.16,17.1,0.36,0.51,0.46,1.24,0,0.22,0.04,0,0,0.28,0,2.5,0.07,6.85,0.28,3.01,18.06,43.7,38.24,2.12,30.85,0.4,0.08,11.84,0.68,1.05,0.34,1.41,35.3,2.5,2021-AKK-97,2021,202102,CC-20,1213.664176,0.0126596552147967,31570.401659348685,162,27,2,49.06,0,37,0.3847,0.0976,0,64.28089,-170.67872,34,0.6,9,NBS,13
0.82,0,0,0.17,0.11,0.36,0,0.19,0.08,0,10.05,0,0,4.87,0.16,0.75,1,0.75,0.58,0,0.45,0,1.5,0,4.69,0.54,6.67,9.02,0.98,0.19,0,0,0.56,0.31,0.29,0,0.2,0.09,0.15,0.2,0.31,0,2.28,1.39,3.38,0,0,1.08,0,0.07,4.49,0,0.13,20.01,2.22,1.02,0,7.72,0,0.44,0,0,0,0.25,0,2.35,0.16,6.66,0.33,2.65,21.55,38.56,39.9,1.85,30.89,0.33,0.15,15.79,0.65,0.48,1.51,0.74,33.19,3,2021-AKK-98,2021,202102,CC-20,1213.664176,0.0126596552147967,31570.401659348685,162,27,2,54.3,0,47,0.2346,0.0452,0,64.28089,-170.67872,34,0.6,9,NBS,13
2.66,0.07,0.05,0.18,0.15,0.45,0,0.23,0.36,0,10.75,0,0,11.77,0.17,0.61,0.55,1.8,0.33,0,0.25,0,0.33,0.33,2.82,0.77,8.05,8.83,0.59,0.1,0,0,0.61,0.5,0.2,0,0.29,0.08,0.7,0.15,0,1.72,2.93,1.84,6.56,0,0,0.75,0,0.04,1.55,0,0.41,17.71,0.32,0.39,0.69,1.21,0.33,0.76,0,0,0,0.37,0,2.14,0.05,5.35,0.16,2.52,19.55,44.12,36.33,1.86,28.43,0.3,0.11,13.61,0.7,1.1,0.64,0.91,16.8,3.31,2021-AKK-99,2021,202102,CC-20,1213.664176,0.0126596552147967,31570.401659348685,162,27,2,55.07,0,51,0.2924,0.0767,0,64.28089,-170.67872,34,0.6,9,NBS,13
2.25,0.06,0.09,0.32,0.16,0.66,0,0.41,0.25,0,10.99,0,0,8.85,0.22,0.95,0.86,1.49,0.65,0,0.38,0,0.49,0.63,3.61,0.58,6.96,8.7,0.71,0.26,0,0,0.9,0.7,0.24,0,0.46,0.1,0.76,0.37,0,0.71,3.83,0.74,7.56,0,0,0.88,0,0.05,2,0,0.29,17.69,0.14,0.46,0.83,0.74,0.27,1.17,0,0,0,0.43,0,1.96,0,5.81,0.4,3.61,21.36,40.93,37.71,1.77,27.8,0.33,0.13,14.16,1,0.81,0.71,0.8,11.68,3.04,2021-VA-1,2021,202101,N-20,38333.052856,0.0145007528107365,2827.4394119485437,94,104,1,73.57,14.42,164,0.313,0.0736,0,59.32582,-169.88594,61,3.1,3,EBS,6
0.9,0,0.03,0.25,0.18,0.35,0,0.33,0,0,10.12,0,0,4.58,0.2,0.87,0.74,0.42,0.74,0,0.57,0,1.28,0.1,4.39,0.32,7.12,9.34,1.16,0.39,0,0,0.7,0.41,0.28,0,0.3,0.17,0.29,0.12,0,1.04,0.62,0.76,1.17,0,0,1.32,0,0.05,6.65,0,0.27,23.21,0.26,0,0.21,3.65,0,0.1,0,0,0,0.58,0,2.42,0,10.79,0.25,2.71,19.16,29.8,51.04,2.66,39.46,0.46,0.14,6.42,0.87,0.45,0.72,0.76,15.93,2.15,2021-VA-10,2021,202101,N-20,38333.052856,0.0145007528107365,2827.4394119485437,94,104,1,78.88,15.53,188,0.3471,0.0632,0,59.32582,-169.88594,61,3.1,3,EBS,6
3.77,0,0.12,0.18,0.08,0.69,0.06,0,0,0,11.81,0.38,0,12.01,0,0.51,0.37,1.12,0.61,0,0.59,0.46,0.2,1.25,2.42,0.29,8.45,7.6,0,0.38,0.13,0,0.92,0.68,0,0.16,0.24,0.13,0.84,0.12,0.37,0,4.77,1.55,5.78,0,0,0.41,0.1,0,1.35,0.13,0.28,17.55,0,2.94,0.71,0,0.41,0.04,0.76,0,0.33,0.28,0,1.56,0,3.79,0.33,2.34,20.98,45.82,33.2,1.58,25.23,0.22,0.12,15.75,1.05,1.02,1.03,1.11,14.32,4.63,2021-VA-100,2021,202101,T-28,1396.386989,0.0116611986968532,7632.148487789411,94,189,1,81.47,14.71,198,0.3013,0.0957,0,61.34088,-175.72779,98,1.5,4,EBS,9
3.87,0.01,0.1,0.4,0.21,0.62,0.06,0.32,0.28,0,10.22,0.04,0,25.72,0.31,0.81,0.75,0.59,0.32,0,0.27,0.32,0.26,0.42,2.44,0.28,7.46,7.05,0.11,0.45,0.25,0,0.68,0.39,0,0.1,0.33,0.15,0.53,0.17,0.27,0,2.27,1.61,4.76,0.23,0,0.61,0.15,0.03,1.4,0.16,0.3,12.81,0,0.48,0.69,0,0.51,0.13,0.53,0,0.58,0.39,0,1.49,0.03,3.79,0.53,3.77,20.69,52.22,27.1,1.31,20.01,0.3,0.04,9.81,0.84,2.52,0.61,1.06,48.92,3.38,2021-VA-101,2021,202101,U-27,2415.3878059999997,0.015346038860724,21438.757127223795,94,191,1,86.61,16.78,208,0.3379,0.1005,0,61.65579,-175.08604,85,0.3,4,EBS,9
5.6,0,0.13,0.17,0.11,0.5,0.04,0.16,0.25,0,10.82,0.03,0,10.15,0.16,0.53,0.38,1.03,0.49,0,0.48,0.38,0.34,0.91,2.37,0.15,7.96,7.14,0,0.45,0.13,0,0.85,0.64,0,0.08,0.22,0.13,0.8,0.12,0.51,0,6.55,1.71,5.09,0,0,0.44,0.1,0.02,1.44,0.12,0.27,16.46,0,5.08,0.72,0,0.46,0.03,0.67,0,0.45,0.26,0,1.66,0.02,3.84,0.42,2.52,22,46.18,31.82,1.45,24.28,0.23,0.12,19.14,0.97,0.94,0.96,1.12,12.76,4.29,2021-VA-102,2021,202101,T-28,1396.386989,0.0116611986968532,7632.148487789411,94,189,1,92.31,17.6,276,0.3199,0.1036,0,61.34088,-175.72779,98,1.5,4,EBS,9
3.56,0.01,0.11,0.4,0.23,0.66,0,0.35,0.27,0,10.32,0.05,0,25.81,0.31,0.84,0.77,0.62,0,0.37,0.27,0,0.26,0.43,2.66,0.31,6.64,7.37,0.1,0.48,0.25,0,0.68,0.4,0,0.1,0.34,0.15,0.52,0.17,0.5,0,2.4,1.5,5.71,0.22,0,0.63,0.14,0.02,1.38,0.13,0.3,12.51,0,0.39,0.68,0,0.46,0.16,0.51,0,0.67,0.38,0,1.68,0.03,3.71,0.07,3.89,21.09,51.91,27,1.28,19.77,0.3,0.04,10.67,0.84,2.5,0.63,0.9,49.73,3.37,2021-VA-103,2021,202101,U-27,2415.3878059999997,0.015346038860724,21438.757127223795,94,191,1,90.77,18.45,302,0.3526,0.1085,1,61.65579,-175.08604,85,0.3,4,EBS,9
3.77,0.01,0.08,0.23,0.15,0.63,0,0.28,0.24,0,11.84,0.06,0,15.05,0.23,0.74,0.54,0.62,0,0.39,0.37,0,0.26,0.63,2.95,0.34,8.94,6.68,0.08,0.51,0.24,0,0.75,0.49,0,0.1,0.33,0.17,0.86,0.2,0,0.6,3.94,1.87,6.02,0,0,0.62,0.13,0.03,1.52,0.17,0.33,15.09,0,1.88,0.86,0,0.47,0.13,0.62,0,0.49,0.35,0,1.65,0.02,4.12,0.35,3.19,21.91,46.89,31.2,1.42,23.86,0.27,0.06,14.57,0.92,1.27,0.52,1.34,17.51,3.66,2021-VA-104,2021,202101,T-27,35.727773,0.01418279609780715,5922.6685218288885,94,190,1,87.91,15.98,NA,0.3207,0.0838,0,61.3181,-175.00914,87,1.2,4,EBS,9
3.71,0.05,0.12,0.19,0.1,0.56,0,0.18,0.1,0,11.98,0.06,0,11.04,0.16,0.57,0.49,0,0.85,0.45,0.73,0,0.28,0.59,2.57,0.29,11,7.53,0.11,0.46,0.19,0,0.75,0.18,0,0,0.37,0.16,0.63,0.2,0.23,0,4.03,2.02,5.92,0,0,0.48,0.11,0.01,1.7,0.15,0,16.58,0,1.84,0.74,0.63,0.26,0.75,0.7,0,0,0.27,0,2.07,0,4.59,0.27,2.63,22.02,46.24,31.73,1.44,25.15,0.28,0.06,15.19,0.91,0.92,0.65,1.46,17.56,3.61,2021-VA-105,2021,202101,R-29,6159.228370000001,0.014630001326325,29746.57351649869,94,187,1,91.25,17.83,NA,0.3431,0.1662,0,60.66565,-176.20071,119,1.9,5,EBS,8
2.04,0.05,0.12,0.28,0.13,0.56,0,0.23,0.09,0,12.06,0.07,0,10.58,0.18,0.69,0.62,0,0.98,0.52,0.81,0,0.28,0.57,2.83,0.38,11.63,7.97,0.12,0.54,0.28,0,0.93,0.18,0,0,0.48,0.19,0.57,0.22,0.24,0,3.25,1.94,6.51,0.11,0,0,0,0,1.93,0.1,0,17.19,0,0.77,0.69,0.48,0.27,0.74,0.68,0,0,0,0,2.44,0,5.26,0.23,3.12,21.33,45.45,33.22,1.56,26.71,0.31,0.07,13.63,1.12,0.88,0.58,1.46,18.59,3.27,2021-VA-106,2021,202101,S-29,3746.837362,0.0140027161303062,6855.812765655255,94,188,1,86.66,16.5,NA,0.3077,0.1511,0,60.97676,-176.26886,113,1.6,5,EBS,8
5.12,0.04,0.16,0.21,0.11,0.54,0,0.19,0.32,0,11.37,0.06,0,8.64,0.17,0.58,0.5,0,1.04,0.42,0.68,0,0.33,0.48,2.45,0.3,10.63,6.23,0.1,0.54,0.19,0,0.7,0.16,0,0,0,0.16,0.49,0.18,0.32,0,6.85,2.29,4.78,0.03,0,0.57,0,0,1.6,0.06,0,14.82,0,4.96,0.81,0.31,0.34,0.57,0.59,0,0,0.15,0.1,2.34,0,5,0.42,2.86,23.2,47.26,29.54,1.27,23.89,0.34,0.07,20,0.86,0.76,0.79,1.71,17.69,2.96,2021-VA-107,2021,202101,R-29,6159.228370000001,0.014630001326325,29746.57351649869,94,187,1,81.06,15.14,216,0.449,0.2016,0,60.66565,-176.20071,119,1.9,5,EBS,8
3.31,0.05,0.17,0.31,0.15,0.55,0,0.29,0.27,0,11.87,0.07,0,10.18,0.2,0.76,0.67,0.84,0.42,0,0.17,0.51,0.28,0.33,2.7,0.14,11.6,7.26,0.55,0.29,0.04,0,0.84,0.47,0.08,0,0.43,0.03,0.59,0,0,0.22,5.35,1.29,5.9,0,0.6,0,0.12,0.02,1.81,0.23,0,15.06,0.02,2.59,0.62,0.59,0.23,0.62,0.03,0,0,0.47,0,2.23,0.03,5.27,0.28,3.52,21.41,47.59,31,1.45,23.94,0.35,0.07,16.34,0.87,0.86,0.6,1.6,17.15,2.86,2021-VA-108,2021,202101,Q-28,6520.532297,0.01431919816639125,9846.920083202891,94,176,1,85.87,18.34,294,0.3819,0.1929,1,60.33854,-175.38804,111,2,5,EBS,8
3.33,0.03,0.04,0.46,0.29,0.77,0.04,0.57,0.27,0,10.41,0.1,0,12.41,0.3,1.07,0.87,0,0.48,0,0.35,0.39,0.44,0.5,2.99,0.37,6.43,7.28,0.16,0.6,0.34,0,0.85,0.69,0,0.1,0.4,0.17,0.76,0.26,0.5,0,3.26,1.87,4.63,0.25,0,0.69,0.13,0,1.86,0.15,0.4,17.6,0,1.83,0.84,0,0.57,0.15,0.78,0,0.97,0.41,0,2.34,0.02,6,0.23,4.71,22.13,40.79,37.08,1.68,28.66,0.34,0.05,12.44,1.02,1.19,0.37,0.88,16.24,2.93,2021-VA-109,2021,202101,T-27,35.727773,0.01418279609780715,5922.6685218288885,94,190,1,80.31,13.91,190,0.3291,0.0851,0,61.3181,-175.00914,87,1.2,4,EBS,9
2.93,0.04,0.52,0.64,0.44,0.65,0,0.64,0.15,0,10.04,0,0,8.92,0.27,1.35,1.34,1.27,0.63,0,0.56,0,0.5,0.43,3.25,0.76,9.27,9.22,1.05,0.34,0,0,0.98,0.7,0.21,0,0,0.16,0.52,0.14,0,1.34,4.02,1.68,5.19,0,0,1.05,0,0.05,2.41,0,0.26,14.35,0.14,0.5,0.67,0.69,0.32,0.79,0,0,0,0.58,0,2.45,0.05,5.16,0.38,5.21,22.34,43.49,34.17,1.53,24.73,0.36,0.13,12.75,1.14,0.89,0.68,1.01,17.17,2.78,2021-VA-11,2021,202101,L-20,4901.876082,0.0131611532165982,21882.580900037585,94,106,1,91.8,18,294,0.3709,0.0954,0,58.66873,-169.78651,67,3.7,3,EBS,6
5.77,0.02,0.13,0.11,0.06,0.45,0,0.1,0.09,0,10.44,0.02,0,10.68,0.14,0.41,0.28,1.13,0.48,0,0.59,0.39,0.24,1.25,2.1,0.21,6.47,6.17,0.46,0.07,0,0,0.73,0.59,0.16,0,0,0.02,1.1,0.11,0.14,0.44,7.49,1.39,4.46,0,0.34,0,0.07,0.02,1.23,0.12,0.23,18,0,6.08,0.64,0.48,0.05,1.27,0,0,0.04,0.24,0,1.62,0.01,4.22,0.4,1.91,20.49,45.72,33.79,1.65,26,0.23,0.13,20.55,0.75,1.02,1.01,1.05,9.7,4.26,2021-VA-110,2021,202101,T-28,1396.386989,0.0116611986968532,7632.148487789411,94,189,1,82.01,15.97,202,0.322,0.1045,0,61.34088,-175.72779,98,1.5,4,EBS,9
3.16,0.05,0.07,0.22,0.13,0.64,0,0.27,0.25,0,10.46,0.07,0,13.61,0.23,0.79,0.55,0.63,0.39,0,0.38,0.36,0.34,0.68,2.71,0.53,7.96,6.64,0.55,0.26,0,0,0.7,0.49,0.17,0,0,0.08,0.93,0.18,0,0.62,3.8,1.91,6.18,0,0.7,0,0.13,0.03,1.78,0.22,0.5,17.66,0,1.45,0.87,0.64,0.28,0.59,0,0,0,0.42,0,2.01,0.04,5.32,0.37,3.23,19.7,45.5,34.8,1.77,27.68,0.3,0.08,14.86,0.78,1.3,0.64,1.2,14.66,3.32,2021-VA-111,2021,202101,T-27,35.727773,0.01418279609780715,5922.6685218288885,94,190,1,94.01,16.45,NA,0.3635,0.1059,0,61.3181,-175.00914,87,1.2,4,EBS,9
3.21,0.02,0.08,0.12,0.07,0.47,0,0.12,0.13,0,11.17,0.03,0,10.8,0.14,0.46,0.32,1.09,0.51,0,0.53,0.43,0.27,1.11,2.5,0.18,8.99,7.77,0.41,0.12,0.03,0,0.8,0.64,0.19,0,0.26,0.03,1.04,0.13,0.1,0.26,4.86,1.52,6.23,0,0.49,0,0.1,0.02,1.4,0.19,0,17.97,0,3.11,0.74,0.48,0.06,1.1,0,0,0,0.37,0,1.86,0.03,4.62,0.32,2.13,19.26,46.21,34.53,1.79,26.24,0.26,0.12,16.93,0.83,0.97,0.89,1.16,10.37,3.89,2021-VA-112,2021,202101,T-28,1396.386989,0.0116611986968532,7632.148487789411,94,189,1,93.18,18.11,298,0.301,0.1106,0,61.34088,-175.72779,98,1.5,4,EBS,9
3.14,0.12,0.1,0.27,0.15,0.55,0,0.21,0.27,0,9.88,0.05,0,21.29,0.25,0.68,0.62,1.07,0.4,0,0.3,0.45,0.31,0.53,2.45,0.33,7.83,8.32,0.42,0.21,0.03,0,0.63,0.46,0.2,0,0,0.09,0.64,0.2,0,0.52,2.1,1.46,5.06,0.6,0,0,0.13,0.03,1.76,0.25,0.33,15.13,0,0.42,0.53,0.6,0.41,0.59,0.04,0,0,0.47,0,1.86,0.03,5.08,0.16,3.2,18.8,49.58,31.62,1.68,24.24,0.34,0.07,10.17,0.71,2.15,0.79,0.94,33.52,2.98,2021-VA-113,2021,202101,U-27,2415.3878059999997,0.015346038860724,21438.757127223795,94,191,1,94.88,17.64,320,0.4638,0.134,0,61.65579,-175.08604,85,0.3,4,EBS,9
3.6,0.05,0.17,0.28,0.19,0.6,0,0.31,0.24,0,11.78,0.09,0,9.23,0.22,0.91,0.77,0,1.03,0.46,0.71,0,0.38,0.28,2.74,0.43,10.55,6.61,0.12,0.64,0.25,0,0.88,0.15,0,0,0.41,0.19,0.43,0.2,0.32,0,5.68,2.46,4.72,0.1,0,0,0,0,1.99,0.12,0,13.15,0,3.53,0.88,0.99,0.66,0.79,0.56,0,0,0.25,0,2.72,0,5.74,0.4,3.77,23.29,46.73,29.98,1.29,23.3,0.44,0.06,18.26,1.07,0.78,0.55,1.6,21.42,2.29,2021-VA-114,2021,202101,P-28,1496.7114920000001,0.0137356474306392,7644.342979114581,94,177,1,94.06,17.01,NA,0.3198,0.1583,0,60.01147,-175.26673,117,2.3,5,EBS,8
4.25,0.04,0.12,0.21,0.1,0.51,0,0.18,0.19,0,10.53,0,0,10.01,0.17,0.57,0.53,0.57,0.48,0,0.36,0.45,0.35,0.67,2.42,0.32,8.75,7.18,0.54,0.13,0,0,0.79,0.58,0.08,0,0,0.07,0.67,0.11,0,0.56,5.71,1.86,5.64,0.55,0,0,0.1,0.02,1.52,0.16,0.26,15.58,0,4.09,0.71,1.13,0.6,0.99,0,0,0,0.3,0,3.17,0,4.78,0.31,2.75,20.05,47.12,32.83,1.64,25.59,0.31,0.09,19.13,0.86,0.95,0.68,1.22,14.94,3.26,2021-VA-115,2021,202101,T-28,1396.386989,0.0116611986968532,7632.148487789411,94,189,1,90.57,17.67,278,0.327,0.0954,0,61.34088,-175.72779,98,1.5,4,EBS,9
3.35,0.04,0.08,0.19,0.11,0.53,0,0.18,0.18,0,11.79,0.06,0,9.67,0.17,0.66,0.5,0,1,0.46,0.72,0,0.27,0.55,2.7,0.29,11.14,6.92,0.1,0.54,0.25,0,0.83,0.18,0,0,0.38,0,0.59,0.18,0.29,0,4.27,2.43,5.66,0.07,0,0,0,0,1.73,0.06,0,16.42,0,2.86,0.86,0.68,0.35,0.65,0.69,0,0,0.03,0.02,2.35,0,5.59,0.41,2.81,21.98,46.13,31.89,1.45,25.99,0.34,0.07,16.76,0.83,0.82,0.64,1.61,16.28,2.94,2021-VA-116,2021,202101,R-29,6159.228370000001,0.014630001326325,29746.57351649869,94,187,1,70.75,12.94,138,0.3835,0.167,0,60.66565,-176.20071,119,1.9,5,EBS,8
2.66,0.04,0.06,0.2,0.11,0.55,0,0.26,0.27,0,9.61,0,0,9.09,0.18,0.66,0.56,1.12,0.55,0,0.28,0.46,0.46,0.46,2.85,0.5,9.45,7.76,0.63,0.27,0,0,0.87,0.66,0.14,0,0,0.12,0.65,0.17,0,0.7,4.75,2.21,7.24,0.82,0,0,0.12,0,1.83,0.19,0.29,15.94,0,2.27,0.8,0.54,0.08,1.14,0,0,0,0.52,0,2.58,0,6.01,0.31,3.06,18.31,46.51,35.17,1.92,26.95,0.38,0.11,17.81,1,0.95,0.7,1.22,13.95,2.65,2021-VA-117,2021,202101,T-27,35.727773,0.01418279609780715,5922.6685218288885,94,190,1,86.54,16.34,NA,0.3614,0.1054,0,61.3181,-175.00914,87,1.2,4,EBS,9
2.92,0.02,0.06,0.21,0.13,0.56,0,0.24,0.22,0,10.37,0.06,0,13.27,0.22,0.71,0.6,1.39,0.37,0,0.33,0.37,0.28,0.58,2.66,0.34,9.2,6.99,0.57,0.25,0.04,0,0.76,0.52,0.19,0,0,0.09,0.93,0.13,0,0.49,3.02,2.02,5.98,0,0.71,0,0.14,0.02,1.75,0.25,0.41,17.75,0,1.29,0.8,0.59,0.24,0.56,0,0,0,0.48,0,2.22,0.04,5.32,0.31,3.04,19.08,45.33,35.58,1.86,27.75,0.3,0.1,13.7,0.86,1.28,0.82,1.32,14.26,3.33,2021-VA-118,2021,202101,T-27,35.727773,0.01418279609780715,5922.6685218288885,94,190,1,92.79,15.82,NA,0.3534,0.1145,0,61.3181,-175.00914,87,1.2,4,EBS,9
3.93,0.02,0.08,0.21,0.12,0.57,0,0.24,0.21,0,9.87,0.06,0,11.26,0.22,0.7,0.55,1.23,0.4,0,0.28,0.38,0.32,0.49,2.47,0.33,7.72,6.39,0.63,0.25,0.04,0,0.76,0.51,0.18,0,0,0.04,0.83,0.15,0,0.88,5.88,2.21,6,0,0.68,0,0.11,0.03,1.75,0.18,0.3,15.65,0,3.66,0.9,0.65,0.28,0.8,0,0,0,0.42,0,2.14,0,5.65,0.4,2.99,19.33,47.01,33.66,1.74,25.98,0.36,0.1,19.28,0.8,1.14,0.68,1.21,13.63,2.77,2021-VA-119,2021,202101,T-27,35.727773,0.01418279609780715,5922.6685218288885,94,190,1,89.61,17.97,300,0.3643,0.0975,0,61.3181,-175.00914,87,1.2,4,EBS,9
2.94,0.03,0.55,0.57,0.42,0.61,0,0.61,0.18,0,10.6,0,0,9.98,0.27,1.23,1.2,1.13,0.48,0,0.53,0,0.43,0.38,3,0.59,9.5,9.89,0.85,0.29,0,0,0.95,0.63,0.23,0,0.59,0.13,0.66,0.17,0,0.74,3.64,1.93,5.85,0,0,0.94,0,0.07,1.7,0,0.29,12.81,0.31,0.69,0.69,1.64,0.45,0.83,0,0,0,0.59,0,2.02,0.06,4.74,0.39,4.81,22.32,46.76,30.93,1.39,21.83,0.37,0.11,14.44,1.08,0.94,0.6,0.96,15.16,2.7,2021-VA-12,2021,202101,L-20,4901.876082,0.0131611532165982,21882.580900037585,94,106,1,91.84,17.74,294,0.3177,0.0874,0,58.66873,-169.78651,67,3.7,3,EBS,6
3.92,0.02,0.1,0.17,0.09,0.52,0,0.16,0.15,0,10.3,0.04,0,9.41,0.16,0.5,0.36,0.71,0.45,0,0.28,0.46,0.28,0.48,2.52,0.23,10.16,7.06,0.5,0.14,0,0,0.84,0.48,0.18,0,0,0.07,0.58,0.06,0.04,0.24,6.74,1.95,5.69,0,0.71,0,0.13,0.02,1.84,0.22,0.38,16.2,0,4.17,0.87,0.56,0.23,0.4,0.02,0,0,0.44,0,2,0.03,5.34,0.42,2.41,19.26,48.65,32.09,1.67,25.32,0.33,0.08,19.97,0.91,0.91,0.71,1.44,16.32,3.04,2021-VA-120,2021,202101,Q-28,6520.532297,0.01431919816639125,9846.920083202891,94,176,1,92.31,13,290,0.3282,0.1395,0,60.33854,-175.38804,111,2,5,EBS,8
2.99,0.1,0.06,0.18,0.1,0.51,0,0.2,0.18,0,9.67,0.02,0,22.29,0.23,0.58,0.59,0.56,0.39,0,0.28,0.32,0.25,0.52,2.3,0.23,6.61,8.56,0.38,0.13,0.02,0,0.76,0.48,0.23,0,0,0.08,0.54,0.27,0,0.28,2.53,1.59,6.94,0,0.74,0,0.14,0,1.7,0.14,0.29,13.78,0,0.56,0.75,2.02,0,0.82,0,0,0,0.7,0,2.44,0.02,3.8,0.14,2.66,17.81,53.36,28.83,1.62,21.61,0.28,0.05,14.39,0.84,2.31,0.61,0.77,40.9,3.63,2021-VA-121,2021,202101,U-26,2182.192496,0.01413347868244125,11249.884304671143,94,192,1,88.64,15.22,256,0.3135,0.0745,0,61.66716,-174.47995,77,-0.2,4,EBS,9
2.9,0.01,0.08,0.15,0.07,0.56,0,0.16,0.13,0,10.26,0.04,0,22.45,0.19,0.42,0.34,0.92,0.26,0,0.37,0.34,0.16,0.83,2.25,0.44,7.19,7.08,0.36,0.07,0.02,0,0.67,0.36,0.29,0,0,0.02,1.41,0.14,0,0.52,2.39,0.38,6.55,0,0.63,0,0.17,0.02,1.59,0.19,0.44,17.57,0,0.31,0.47,0.38,0.16,0.6,0,0,0,0.45,0,1.87,0.02,4.25,0.09,2.17,17.56,48.81,33.63,1.92,26.42,0.24,0.06,10.49,0.69,2.19,0.66,1.01,15.91,4.13,2021-VA-122,2021,202101,V-26,1768.415706,0.0143457350607549,22236.57405138316,94,193,2,51.91,0,52,0.3085,0.0999,0,62.01599,-174.49611,73,-0.6,4,EBS,9
2.81,0.05,0.1,0.16,0.09,0.53,0,0.15,0.15,0,11.2,0.03,0,20.33,0.19,0.47,0.35,0.94,0.28,0,0.37,0.4,0.18,0.87,2.16,0.26,10.13,7.73,0.38,0.09,0.02,0,0.73,0.31,0.25,0,0,0.09,1.03,0.17,0,0.79,2.22,1.33,5.66,0,0.51,0,0.13,0,1.54,0.16,0.29,16.14,0,0.23,0.53,0.47,0.19,0.53,0,0,0,0.42,0,1.4,0.03,4.44,0,2.28,18.41,50.09,31.49,1.71,24.51,0.28,0.07,10.45,0.83,1.81,0.69,1.31,19.64,3.64,2021-VA-123,2021,202101,V-26,1768.415706,0.0143457350607549,22236.57405138316,94,193,2,56.09,0,58,0.345,0.1158,0,62.01599,-174.49611,73,-0.6,4,EBS,9
2.82,0.02,0.08,0.14,0.08,0.53,0,0.15,0.14,0,10.96,0.03,0,20.63,0.19,0.45,0.34,0.9,0.26,0,0.35,0.36,0.16,0.8,2.21,0.27,9.91,7.88,0.37,0.09,0.02,0,0.73,0.41,0.26,0,0,0.08,1.02,0.17,0,0.65,2.3,1.25,6.09,0,0.58,0,0.14,0,1.6,0.11,0.31,16.33,0,0.24,0.56,0.44,0.19,0.57,0,0,0,0.41,0,1.31,0.03,4.07,0,2.18,18.11,50.72,31.16,1.72,24.04,0.25,0.07,10.9,0.82,1.88,0.66,1.26,20.26,4.02,2021-VA-124,2021,202101,V-26,1768.415706,0.0143457350607549,22236.57405138316,94,193,2,53.58,0,48,0.3188,0.1041,0,62.01599,-174.49611,73,-0.6,4,EBS,9
3.16,0.07,0.08,0.16,0.08,0.63,0,0.15,0.15,0,10.88,0.04,0,18.99,0.18,0.39,0.34,0.94,0.34,0,0.4,0.55,0.17,0.77,2.42,0.26,9.66,8.29,0.37,0.08,0.03,0,0.77,0.42,0.28,0,0.32,0.09,1.11,0.1,0,0.48,2.21,1.57,5.1,0,0.55,0,0.15,0.02,1.89,0.2,0.35,16.2,0,0.68,0.58,0.49,0.13,0.43,0,0,0,0.41,0.02,1.4,0.03,4.3,0.12,2.45,18.82,49.27,31.91,1.7,24.31,0.27,0.07,10.64,0.87,1.75,0.63,1.16,17.17,3.77,2021-VA-125,2021,202101,V-26,1768.415706,0.0143457350607549,22236.57405138316,94,193,2,52.48,0,48,0.3101,0.1183,0,62.01599,-174.49611,73,-0.6,4,EBS,9
2.53,0.02,0.08,0.2,0.11,0.53,0,0.19,0.16,0,10.68,0.03,0,17.97,0.2,0.54,0.44,0.48,0.31,0,0.29,0.39,0.16,0.62,2.48,0.23,10.53,8.2,0.46,0.13,0.02,0,0.83,0.42,0.26,0,0,0.11,0.85,0.19,0,0.55,2.77,1.76,6.85,0,0.58,0,0.14,0.03,1.65,0.14,0.27,14.72,0,0.39,0.62,0.74,0.31,0.72,0,0,0,0.54,0,1.88,0.04,4.67,0,2.56,18.26,51.34,30.4,1.67,23.35,0.32,0.05,13.11,0.93,1.68,0.48,1.28,21.03,3.15,2021-VA-126,2021,202101,V-26,1768.415706,0.0143457350607549,22236.57405138316,94,193,2,49.59,0,44,0.3548,0.109,0,62.01599,-174.49611,73,-0.6,4,EBS,9
2.34,0.06,0.08,0.19,0.11,0.56,0,0.17,0.22,0,10.93,0.04,0,16.15,0.19,0.44,0.43,0.85,0.4,0,0.4,0.56,0.26,0.66,2.81,0.27,11.52,9.96,0.42,0.12,0.04,0,0.76,0.49,0.31,0,0.34,0.06,1.28,0.06,0,0.21,2.3,1.53,5.54,0,0.54,0,0.15,0.02,1.79,0.19,0.45,15.11,0,0.26,0.68,0.52,0.11,0.54,0,0,0,0.4,0,1.58,0.02,4.59,0,2.69,18.72,50.11,31.17,1.67,23.74,0.3,0.07,10.82,0.81,1.48,0.61,1.16,12.58,3.29,2021-VA-127,2021,202101,V-26,1768.415706,0.0143457350607549,22236.57405138316,94,193,2,51.43,0,48,0.3226,0.1363,0,62.01599,-174.49611,73,-0.6,4,EBS,9
3.53,0.03,0.11,0.3,0.16,0.58,0,0.27,0.23,0,11.25,0.04,0,22.6,0.23,0.55,0.69,0.97,0.28,0,0.35,0.44,0.23,0.62,2.15,0.23,9.37,8.07,0.46,0.08,0.03,0,0.79,0.42,0.26,0,0,0.08,0.84,0.11,0,0.46,2.29,1.03,4.63,0,0.46,0,0.15,0.02,1.43,0.12,0.3,14.73,0,0.52,0.52,0.45,0.19,0.45,0,0,0,0.37,0,1.39,0.02,4.12,0,3.22,20.07,51.07,28.86,1.44,22.26,0.28,0.06,9.44,0.86,2.01,0.73,1.16,27.01,3.57,2021-VA-128,2021,202101,V-26,1768.415706,0.0143457350607549,22236.57405138316,94,193,2,49.26,0,44,0.332,0.0959,0,62.01599,-174.49611,73,-0.6,4,EBS,9
3.62,0.01,0.06,0.2,0.1,0.54,0,0.2,0.16,0,9.81,0.03,0,28.34,0.26,0.58,0.48,1.22,0.42,0,0.45,0.29,0.3,0.83,2.03,0.27,3.81,8.91,0.35,0.12,0.02,0,0.73,0.43,0.25,0,0,0.07,0.75,0.35,0,0.59,2.04,0.26,5.87,0,0.51,0,0.11,0,1.35,0,0.25,15.44,0,0.25,0.39,0.51,0.24,0.84,0,0,0,0.5,0,1.52,0,3.35,0,2.54,18.15,51.75,30.1,1.66,22.28,0.22,0.07,9.32,0.79,2.89,0.88,0.43,37.9,4.61,2021-VA-129,2021,202101,U-26,2182.192496,0.01413347868244125,11249.884304671143,94,192,1,88.35,15.62,234,0.3495,0.087,0,61.66716,-174.47995,77,-0.2,4,EBS,9
2.77,0.07,0.06,0.25,0.18,0.6,0,0.27,0.21,0,10.03,0,0,9.9,0.25,0.76,0.63,1.74,0.5,0,0.46,0,0.44,0.86,3.14,0.5,7.15,7.94,0.82,0.18,0.04,0,1.33,0.63,0.3,0,0.39,0.13,1.25,0.12,0,0.89,2.54,1.42,6.16,0,0,0.99,0.12,0.04,1.7,0,0.37,18.74,0.17,0.41,0.56,1.07,0.32,0.89,0,0,0,0.53,0,2.32,0.03,6.59,0.27,2.89,19.65,39.21,41.14,2.09,30.73,0.35,0.15,12.15,1.47,0.99,0.69,0.9,7.93,2.84,2021-VA-13,2021,202101,O-20,4106.894747,0.01471867465374735,5774.976483929491,94,103,1,73.35,13.76,146,0.3216,0.0918,0,59.6737,-169.91835,57,3.1,3,EBS,6
2.49,0.02,0.09,0.18,0.1,0.59,0,0.18,0.16,0,11.08,0.03,0,17.93,0.19,0.52,0.4,0.47,0.3,0,0.28,0.47,0.27,0.53,2.38,0.33,11.04,7.99,0.45,0.11,0.02,0,0.77,0.44,0.24,0,0,0.09,0.77,0.19,0,0.6,2.71,1.65,6.73,0,0.63,0,0.12,0,1.73,0.17,0.26,15,0,0.47,0.55,0.68,0.31,0.8,0,0,0,0.4,0,1.62,0.03,4.44,0,2.59,18.42,51.42,30.15,1.64,23.22,0.3,0.05,12.8,0.87,1.62,0.49,1.38,23.23,3.38,2021-VA-130,2021,202101,V-26,1768.415706,0.0143457350607549,22236.57405138316,94,193,2,46.84,0,36,0.3208,0.095,0,62.01599,-174.49611,73,-0.6,4,EBS,9
3.16,0.09,0.07,0.38,0.22,0.51,0,0.31,0.39,0,9.66,0.07,0,17.54,0.29,0.87,0.8,1.28,0.41,0,0.25,0.37,0.31,0.41,2.46,0.31,6.8,7.71,0.57,0.3,0.04,0,0.75,0.57,0.08,0,0,0.03,0.67,0.25,0,0.35,3.41,1.76,5.04,0,0.72,0,0.17,0.02,1.7,0.17,0.36,15.98,0,1.72,0.72,0.58,0.28,0.7,0,0,0,0.57,0,2.45,0.03,5.12,0.25,3.83,19.3,47.5,33.2,1.72,25.43,0.32,0.08,13.24,0.78,1.82,0.83,0.88,26.3,3.12,2021-VA-131,2021,202101,U-27,2415.3878059999997,0.015346038860724,21438.757127223795,94,191,1,91.95,17.73,274,0.2023,0.0597,0,61.65579,-175.08604,85,0.3,4,EBS,9
3.33,0.13,0.23,0.52,0.25,0.49,0,0.37,0.55,0.01,8.71,0.06,0,28.37,0.35,0.94,1,0.96,0.39,0,0.26,0.31,0.31,0.45,2.29,0.32,4.5,8.54,0.6,0.28,0.06,0,0.66,0.43,0.19,0,0,0.08,0.49,0.22,0,0.58,1.82,1,2.8,0,0.69,0,0.18,0.02,1.65,0.12,0.33,15.63,0,0.35,0.46,0.46,0.09,0.31,0.02,0,0,0.37,0,2.11,0,4.23,0.14,4.42,19,50.58,30.42,1.6,23.9,0.27,0.05,6.89,0.73,3.26,0.74,0.53,57.46,3.7,2021-VA-132,2021,202101,U-27,2415.3878059999997,0.015346038860724,21438.757127223795,94,191,1,92.47,16.56,248,0.3189,0.081,0,61.65579,-175.08604,85,0.3,4,EBS,9
3.44,0.03,0.08,0.2,0.1,0.57,0,0.21,0.14,0,11.38,0.04,0,23.23,0.19,0.46,0.42,0.99,0.24,0,0.46,0.32,0.12,1.04,2.56,0.3,7.84,6.36,0.34,0.06,0.03,0,0.61,0.3,0.23,0,0.32,0.05,1.3,0.11,0,0.36,2.23,1.05,5.17,0,0.49,0,0.13,0.02,1.5,0.13,0.41,17.12,0,0.37,0.44,0.37,0.15,0.48,0,0,0.02,0.34,0,1.51,0.02,3.63,0,2.42,19.79,48.4,31.81,1.61,24.64,0.21,0.07,9.63,0.65,2.04,0.79,1.23,17.88,4.72,2021-VA-133,2021,202101,V-26,1768.415706,0.0143457350607549,22236.57405138316,94,193,2,51.79,0,44,0.3207,0.1258,0,62.01599,-174.49611,73,-0.6,4,EBS,9
2.93,0.07,0.09,0.28,0.17,0.54,0,0.25,0.09,0,12.4,0.08,0,18.45,0.2,0.6,0.68,0,1,0.35,0.48,0,0.18,0.68,3.08,0.5,11.51,8.85,0.16,0.35,0.12,0,0.87,0.25,0,0,0,0,1.09,0.41,0.16,0.14,2.47,1.56,5.1,0,0,0,0,0,1.39,0.06,0,14.09,0,0.33,0.57,0.89,0.33,0.47,0.51,0,0,0.08,0,1.59,0,3.42,0.16,2.94,22.59,51.26,26.15,1.16,21.07,0.24,0.04,10.92,0.87,1.49,0.47,1.3,16.93,4.12,2021-VA-134,2021,202101,V-26,1768.415706,0.0143457350607549,22236.57405138316,94,193,2,55.44,0,62,0.3405,0.1275,0,62.01599,-174.49611,73,-0.6,4,EBS,9
2.58,0.01,0.06,0.2,0.09,0.5,0,0.2,0.17,0,10.26,0.02,0,16.16,0.19,0.58,0.57,0.56,0.46,0,0.35,0.38,0.27,0.59,2.48,0.23,9.03,9.06,0.41,0.21,0.02,0,0.82,0.57,0.19,0,0,0.09,0.55,0.16,0,0.62,2.95,1.68,7.17,0,0.66,0,0.13,0.02,1.79,0.18,0.31,16.07,0,0.62,0.75,0.59,0.04,1.23,0,0,0,0.5,0,2,0.02,4.5,0.13,2.69,18.16,49.63,32.21,1.77,24.6,0.28,0.06,13.74,0.91,1.58,0.58,1,29.23,3.57,2021-VA-135,2021,202101,U-26,2182.192496,0.01413347868244125,11249.884304671143,94,192,1,92.23,16.69,NA,0.3432,0.0977,0,61.66716,-174.47995,77,-0.2,4,EBS,9
2.22,0.05,0.09,0.25,0.13,0.53,0,0.22,0.32,0,10.96,0.04,0,14.92,0.2,0.54,0.64,0.89,0.4,0,0.34,0.53,0.32,0.52,2.76,0.22,12.59,10.21,0.49,0.12,0.04,0,0.93,0.52,0.29,0,0.33,0.06,1.14,0.08,0,0.32,2.38,1.56,5.4,0,0.66,0,0.17,0.02,1.88,0.16,0.35,14.19,0,0.34,0.61,0.65,0.17,0.58,0,0,0,0.47,0.02,1.61,0.02,4.56,0,3.15,19.05,50.36,30.59,1.61,22.72,0.32,0.07,10.94,0.99,1.36,0.56,1.23,13.13,3.11,2021-VA-136,2021,202101,V-26,1768.415706,0.0143457350607549,22236.57405138316,94,193,2,46.17,0,36,0.3048,0.1238,0,62.01599,-174.49611,73,-0.6,4,EBS,9
2.72,0.01,0.06,0.22,0.11,0.47,0,0.22,0.17,0,10,0.03,0,21.28,0.21,0.56,0.52,1.1,0.4,0,0.33,0.36,0.25,0.6,2.25,0.26,8.1,8.99,0.39,0.14,0.02,0,0.77,0.47,0.23,0,0,0.08,0.63,0.21,0,0.4,2.65,1.43,6.28,0,0.65,0,0.12,0.02,1.6,0.17,0.27,15.14,0,0.48,0.57,0.52,0.2,0.79,0,0,0,0.58,0,1.64,0.03,4.28,0,2.64,17.7,51.78,30.52,1.72,22.87,0.28,0.07,11.94,0.85,2.13,0.81,0.9,33.56,3.53,2021-VA-137,2021,202101,U-26,2182.192496,0.01413347868244125,11249.884304671143,94,192,1,90.81,16.75,NA,0.3079,0.0937,0,61.66716,-174.47995,77,-0.2,4,EBS,9
3.42,0.01,0.08,0.14,0.08,0.55,0,0.14,0.11,0,10.71,0.03,0,22.33,0.2,0.41,0.32,0.96,0.24,0,0.36,0.34,0.14,0.83,2.03,0.24,8.2,6.96,0.29,0.08,0.02,0,0.66,0.39,0.26,0,0,0.07,1.01,0.2,0,0.64,2.28,1.29,5.8,0,0.57,0,0.13,0.02,1.5,0.22,0.33,17.25,0,0.25,0.51,0.66,0.24,0.55,0,0,0,0.39,0,1.4,0.03,4.14,0,2.07,18.21,49.54,32.25,1.77,25.21,0.24,0.06,10.79,0.74,2.09,0.7,1.18,22.02,4.17,2021-VA-138,2021,202101,V-26,1768.415706,0.0143457350607549,22236.57405138316,94,193,2,55.61,0,56,0.3342,0.1064,0,62.01599,-174.49611,73,-0.6,4,EBS,9
2.82,0.1,0.07,0.4,0.22,0.54,0,0.3,0.35,0,9.31,0.05,0,23.69,0.3,0.84,0.78,1.13,0.35,0,0.29,0.35,0.31,0.5,2.17,0.27,6.57,7.42,0.48,0.29,0.03,0,0.71,0.44,0.18,0,0,0.07,0.61,0.14,0,0.47,2.36,1.28,5.12,0,0.63,0,0.16,0.02,1.63,0.21,0.39,15.9,0,0.42,0.63,0.52,0.23,0.55,0.05,0,0,0.45,0,1.91,0.03,4.89,0.07,3.78,18.23,49.9,31.87,1.75,24.79,0.31,0.06,10.34,0.78,2.55,0.84,0.89,39.04,3.25,2021-VA-139,2021,202101,U-27,2415.3878059999997,0.015346038860724,21438.757127223795,94,191,1,90.34,17.14,288,0.3762,0.1134,0,61.65579,-175.08604,85,0.3,4,EBS,9
2.86,0.15,0.12,0.35,0.83,0.62,0,0.53,0.26,0,10.91,0,0,10.68,0.29,1,1.08,1.31,0.48,0,0.69,0,0.73,1.32,3.52,0.4,6.48,6.82,0.55,0.26,0,0,0.74,0.68,0.2,0,0.49,0.06,1.29,0.6,0,0.62,2.12,1.36,3.75,0,0,0.61,0,0.08,1.49,0,0.35,21.45,0.49,0.23,0.65,1.23,0.29,0.51,0,0,0,0.36,0,1.62,0.09,5.73,0.68,4.66,23.25,35.62,41.14,1.77,31.85,0.27,0.16,9.34,0.8,0.98,0.86,0.95,8.31,3.74,2021-VA-14,2021,202101,K-20,6400.780089,0.01297932976006425,7088.193435309142,94,107,1,92.74,16.5,266,0.6096,0.1727,0,58.33916,-169.72913,69,3.1,3,EBS,6
2.53,0.01,0.05,0.19,0.1,0.47,0,0.21,0.17,0,9.51,0.03,0,19.8,0.22,0.6,0.6,1.01,0.42,0,0.34,0.33,0.26,0.62,2.2,0.21,7.32,9.56,0.41,0.2,0.03,0,0.8,0.53,0.21,0,0,0.09,0.67,0.18,0,0.54,2.49,1.51,6.8,0,0.7,0,0.15,0.02,1.69,0.2,0.32,16.06,0,0.36,0.61,0.58,0.21,0.92,0.04,0,0,0.53,0,1.91,0.03,4.45,0,2.68,17.07,50.47,32.46,1.9,24.55,0.28,0.07,12.34,0.89,2.08,0.73,0.77,29.33,3.61,2021-VA-140,2021,202101,U-26,2182.192496,0.01413347868244125,11249.884304671143,94,192,1,82.23,12.79,194,0.3357,0.0893,0,61.66716,-174.47995,77,-0.2,4,EBS,9
2.89,0.07,0.08,0.16,0.06,0.56,0,0.14,0.14,0,10.08,0.04,0,17.86,0.17,0.41,0.34,0.93,0.37,0,0.4,0.5,0.13,0.81,2.47,0.22,9.5,9.75,0.4,0.08,0.04,0,0.84,0.49,0.31,0,0.34,0.1,1.15,0.11,0,0.43,2.47,1.39,5.91,0,0.52,0,0.17,0.02,1.67,0.17,0.42,15.7,0,0.32,0.78,0.65,0.16,0.59,0,0,0,0.41,0,1.49,0.03,4.75,0,2.3,17.72,50.14,32.14,1.81,24.35,0.3,0.07,11.54,0.94,1.77,0.59,0.97,15.58,3.3,2021-VA-141,2021,202101,V-25,2252.2296499999998,0.013597919960526,3750.5736280291503,94,194,2,47.3,0,38,0.3083,0.1127,0,61.98327,-173.75066,63,-0.3,4,EBS,9
3.17,0.01,0.07,0.14,0.07,0.52,0,0.17,0.13,0,11.24,0.04,0,22.37,0.21,0.46,0.35,0.99,0.31,0,0.44,0.33,0.16,0.98,2.09,0.21,6.75,8.54,0.37,0.07,0.03,0,0.67,0.47,0.23,0,0,0.06,1.26,0.18,0,0.52,2.26,0.16,5.98,0,0.41,0,0.09,0.02,1.53,0.12,0.34,17.09,0,0.28,0.41,0.45,0.02,0.79,0,0,0,0.36,0,1.39,0.01,4.73,0,2.16,18.69,48.48,32.83,1.76,25.65,0.28,0.07,9.53,0.73,1.99,0.76,0.79,17.78,3.62,2021-VA-142,2021,202101,U-25,656.619163,0.0144351550563066,2008.984308577284,94,195,2,44.36,0,30,0.3082,0.1041,0,61.67059,-173.66495,69,0.3,4,EBS,9
2.35,0.02,0.05,0.17,0.09,0.61,0,0.17,0.13,0,10.9,0.02,0,18.75,0.2,0.52,0.42,1.03,0.41,0,0.37,0.39,0.26,0.63,2.4,0.43,6.73,8.62,0.39,0.08,0.02,0,0.75,0.53,0.22,0,0.25,0.09,1.1,0.2,0,0.84,2.91,0.29,8.11,0,0.6,0,0.11,0.02,1.76,0.17,0.3,15.68,0,0.34,0.54,0.6,0.25,1.17,0,0,0,0.53,0,1.73,0.02,4.73,0,2.5,18.23,48.44,33.33,1.83,24.9,0.3,0.07,12.78,0.84,1.72,0.57,0.78,17.12,3.32,2021-VA-143,2021,202102,U-24,987.768434,0.0157233683725074,5087.96830963278,94,1,1,52.4,9.51,NA,0.308,0.0993,0,61.67323,-173.07778,66,1.1,7,NBS,10
NA,NA,NA,NA,NA,NA,NA,NA,NA,NA,NA,NA,NA,NA,NA,NA,NA,NA,NA,NA,NA,NA,NA,NA,NA,NA,NA,NA,NA,NA,NA,NA,NA,NA,NA,NA,NA,NA,NA,NA,NA,NA,NA,NA,NA,NA,NA,NA,NA,NA,NA,NA,NA,NA,NA,NA,NA,NA,NA,NA,NA,NA,NA,NA,NA,NA,NA,NA,NA,NA,NA,NA,NA,NA,NA,NA,NA,NA,NA,NA,NA,NA,NA,NA,2021-VA-144,2021,202101,U-25,656.619163,0.0144351550563066,2008.984308577284,94,195,2,46.55,0,34,0.1933,0.036,0,61.67059,-173.66495,69,0.3,4,EBS,9
3.07,0.01,0.07,0.15,0.07,0.53,0,0.15,0.13,0,11.28,0.03,0,19.95,0.18,0.43,0.35,1.03,0.3,0,0.44,0.34,0.15,0.91,2.4,0.3,8.29,8.8,0.33,0.07,0.02,0,0.65,0.46,0.19,0,0.3,0.07,1.26,0.16,0,0.52,2.99,1.11,6.14,0,0.44,0,0.09,0.02,1.47,0.15,0.34,15.33,0,0.86,0.46,0.47,0.19,0.97,0,0,0,0.37,0,1.34,0.02,3.84,0,2.16,18.92,50.38,30.7,1.62,22.99,0.25,0.07,12.02,0.71,1.77,0.7,0.94,15.83,3.99,2021-VA-145,2021,202102,U-24,987.768434,0.0157233683725074,5087.96830963278,94,1,2,46.21,0,32,0.1305,0.053900000000000003,0,61.67323,-173.07778,66,1.1,7,NBS,10
3.11,0.01,0.07,0.15,0.08,0.52,0,0.14,0.1,0,10.83,0.02,0,21.13,0.19,0.46,0.33,1.05,0.34,0,0.51,0.39,0.14,1,2.18,0.18,7.99,9.37,0.35,0.07,0.03,0,0.75,0.5,0.23,0,0.25,0.09,1.32,0.19,0,0.73,2.17,0.29,6.53,0,0.4,0,0.09,0.01,1.53,0.13,0.31,15.27,0,0.27,0.48,0.62,0.19,0.95,0,0,0,0.41,0,1.28,0.01,4.2,0,2.16,18.28,50.15,31.57,1.73,23.46,0.27,0.08,10.37,0.84,1.95,0.66,0.85,16.02,3.64,2021-VA-146,2021,202102,U-24,987.768434,0.0157233683725074,5087.96830963278,94,1,2,47.69,0,34,0.3198,0.1136,0,61.67323,-173.07778,66,1.1,7,NBS,10
2.94,0.02,0.06,0.18,0.09,0.58,0,0.18,0.13,0,10.39,0.03,0,21.51,0.21,0.5,0.36,1,0.34,0,0.38,0.41,0.14,0.81,2.08,0.45,6.97,8.74,0.35,0.07,0.02,0,0.74,0.48,0.2,0,0.26,0.08,1.18,0.2,0,0.76,2.89,0.2,7.08,0,0.47,0,0.09,0.02,1.5,0.16,0.31,15.52,0,0.34,0.45,0.53,0.03,1.28,0,0,0,0.45,0,1.35,0.02,4.44,0,2.43,17.83,50.31,31.86,1.79,23.95,0.29,0.07,11.49,0.82,2.07,0.59,0.8,18.24,3.49,2021-VA-147,2021,202102,U-24,987.768434,0.0157233683725074,5087.96830963278,94,1,2,43.21,0,28,0.3198,0.1089,0,61.67323,-173.07778,66,1.1,7,NBS,10
2.55,0.01,0.06,0.18,0.1,0.57,0,0.16,0.13,0,10.33,0.03,0,20.64,0.21,0.49,0.43,1.02,0.37,0,0.43,0.42,0.17,0.83,2.26,0.19,7.68,9.29,0.41,0.09,0.02,0,0.79,0.53,0.23,0,0.28,0.09,1.18,0.14,0,0.62,2.3,0.35,6.93,0,0.51,0,0.12,0.02,1.66,0.16,0.36,16.33,0,0.35,0.51,0.41,0.04,0.91,0,0,0,0.43,0,1.53,0.01,4.14,0,2.48,17.61,49.86,32.52,1.85,24.58,0.25,0.07,10.85,0.88,2,0.63,0.83,17.56,3.94,2021-VA-148,2021,202102,U-24,987.768434,0.0157233683725074,5087.96830963278,94,1,1,62.4,11.21,90,0.3186,0.1135,0,61.67323,-173.07778,66,1.1,7,NBS,10
2.76,0.01,0.05,0.17,0.08,0.62,0,0.18,0.13,0,10.45,0.03,0,21.11,0.21,0.49,0.38,1.04,0.35,0,0.41,0.35,0.19,0.87,2.29,0.28,6.17,8.41,0.39,0.07,0.03,0,0.71,0.52,0.22,0,0,0.08,1.29,0.17,0,0.57,2.67,0.3,7.3,0,0.55,0,0.14,0.02,1.61,0.16,0.38,17.01,0,0.56,0.49,0.49,0.2,0.87,0.02,0,0,0.48,0,1.49,0.02,4.17,0,2.41,17.95,48.88,33.17,1.85,25.36,0.24,0.07,11.81,0.79,2.02,0.7,0.73,16.37,4.08,2021-VA-149,2021,202102,U-24,987.768434,0.0157233683725074,5087.96830963278,94,1,1,55.49,10.01,NA,0.3116,0.0929,0,61.67323,-173.07778,66,1.1,7,NBS,10
2.68,0.07,0.22,0.5,0.26,0.62,0,0.51,0.19,0,12.04,0,0,10.39,0.26,1.19,1.08,1.52,0.49,0,0.51,0,0.44,0.68,3.17,0.48,10.28,8.35,0.96,0.33,0,0,0.87,0.62,0.19,0,0.62,0.1,0.72,0.44,0,0.63,2.88,1.28,4.11,0,0,0.79,0,0.04,2.06,0,0.32,15.65,0.17,0.32,0.53,0.88,0.3,0.61,0,0,0,0.49,0,2.19,0,5.67,0.32,4.34,22.99,41.6,35.41,1.54,25.71,0.36,0.12,10,0.97,0.86,0.75,1.23,14.4,2.76,2021-VA-15,2021,202101,M-20,9284.736035,0.0137065999703787,15612.91643897647,94,105,1,87.73,17.03,246,0.3468,0.0938,0,58.99643,-169.83571,63,3.5,3,EBS,6
2.63,0.02,0.09,0.16,0.07,0.58,0,0.16,0.12,0,10.89,0.04,0,21.04,0.2,0.44,0.34,1.01,0.33,0,0.52,0.35,0.09,1.09,2.36,0.23,7.45,8.83,0.32,0.07,0.03,0,0.67,0.49,0.2,0,0.32,0.06,1.5,0.13,0,0.54,2.72,0.16,6.91,0,0.45,0,0.09,0.02,1.37,0.13,0.4,16.57,0,0.27,0.43,0.42,0.03,0.97,0.04,0,0,0.43,0,1.14,0.01,4.1,0,2.22,18.12,49.53,32.35,1.78,24.57,0.25,0.08,10.92,0.73,1.93,0.68,0.84,14.02,4.04,2021-VA-150,2021,202102,U-24,987.768434,0.0157233683725074,5087.96830963278,94,1,2,43.45,0,28,0.3031,0.1171,0,61.67323,-173.07778,66,1.1,7,NBS,10
2.53,0.07,0.04,0.19,0.12,0.56,0,0.2,0.2,0,10.72,0.02,0,18.47,0.24,0.68,0.63,0.54,0.48,0,0.32,0.31,0.35,0.49,2.53,0.29,5.15,9.65,0.42,0.11,0,0,0.8,0.52,0.24,0,0,0.12,0.97,0.33,0,1.93,2.54,0.38,8.03,0,0.74,0,0.14,0,2,0.15,0.26,15.2,0,0.41,0.56,0.76,0.31,1.45,0,0,0,0.54,0,1.74,0.03,4.56,0,2.89,18.94,47.38,33.69,1.78,25.28,0.3,0.05,12.68,0.92,1.72,0.35,0.53,19.14,3.33,2021-VA-151,2021,202102,U-24,987.768434,0.0157233683725074,5087.96830963278,94,1,1,56.11,10,NA,0.3432,0.0778,0,61.67323,-173.07778,66,1.1,7,NBS,10
3.09,0.03,0.08,0.23,0.13,0.58,0,0.21,0.21,0,11.4,0.05,0,22.21,0.2,0.47,0.46,0.96,0.28,0,0.41,0.42,0.17,0.89,2.32,0.3,9.29,7.73,0.36,0.06,0.02,0,0.67,0.32,0.25,0,0.3,0.06,1.12,0.13,0,0.33,2.35,0.9,4.94,0,0.49,0,0.13,0.02,1.64,0.18,0,16.1,0,0.35,0.46,0.38,0.19,0.69,0.05,0,0,0.35,0,1.41,0.02,3.59,0,2.7,19.44,50.1,30.46,1.57,23.02,0.22,0.07,9.38,0.74,1.95,0.75,1.2,19.82,4.48,2021-VA-152,2021,202101,V-26,1768.415706,0.0143457350607549,22236.57405138316,94,193,2,53.19,0,50,0.305,0.1231,0,62.01599,-174.49611,73,-0.6,4,EBS,9
2.74,0.02,0.07,0.21,0.12,0.62,0,0.23,0.14,0,10.93,0.03,0,20.89,0.22,0.56,0.51,1.05,0.36,0,0.45,0.38,0.09,0.95,2.47,0.28,6.69,8.36,0.38,0.08,0.03,0,0.75,0.53,0.21,0,0.32,0.07,1.21,0.15,0,0.47,2.82,0.91,5.98,0,0.53,0,0.12,0.03,1.76,0.19,0,16.46,0,0.54,0.52,0.4,0.02,0.8,0.06,0,0,0.45,0,1.73,0.01,4.11,0,2.78,18.96,48.54,32.5,1.71,24.39,0.25,0.07,11.17,0.81,1.91,0.68,0.8,17.34,4.01,2021-VA-153,2021,202102,U-24,987.768434,0.0157233683725074,5087.96830963278,94,1,1,52.21,8.61,54,0.3488,0.1349,0,61.67323,-173.07778,66,1.1,7,NBS,10
3.3,0.04,0.08,0.21,0.11,0.59,0,0.21,0.21,0,11.46,0.05,0,24.77,0.22,0.46,0.44,0.92,0.26,0,0.39,0.34,0.19,0.88,2.36,0.3,6.99,7.21,0.35,0.07,0.02,0,0.63,0.29,0.26,0,0.34,0.05,1,0.14,0,0.27,2.28,0.28,5.7,0,0.58,0,0.16,0,1.48,0.14,0.34,16.39,0,0.22,0.39,0.44,0.23,0.5,0.04,0,0,0.37,0,1.37,0.02,3.68,0,2.56,19.67,49.67,30.67,1.56,23.47,0.22,0.06,9.29,0.69,2.16,0.79,0.97,24.86,4.45,2021-VA-154,2021,202101,V-26,1768.415706,0.0143457350607549,22236.57405138316,94,193,2,52.27,0,44,0.3225,0.1114,0,62.01599,-174.49611,73,-0.6,4,EBS,9
1.85,0.02,0.04,0.23,0.11,0.56,0,0.26,0.22,0,9.69,0.03,0,17.02,0.2,0.63,0.67,0.43,0.36,0,0.22,0.38,0.26,0.36,2.29,0.25,6.52,9.04,0.51,0.09,0.03,0,0.75,0.57,0.2,0,0,0.13,0.89,0.26,0,1.39,3.04,0.29,8.04,0,0.89,0,0.15,0,2.24,0.17,0.41,17.8,0,0.6,0.66,0.6,0.17,0.71,0,0,0,0.58,0,2.02,0.01,5.16,0,3.07,16.91,47.29,35.8,2.12,28.24,0.29,0.04,13.22,0.89,1.76,0.3,0.72,19.09,3.45,2021-VA-155,2021,202102,U-24,987.768434,0.0157233683725074,5087.96830963278,94,1,1,51.24,8.71,NA,0.2786,0.0767,0,61.67323,-173.07778,66,1.1,7,NBS,10
3.03,0.02,0.07,0.15,0.07,0.63,0,0.17,0.1,0,11.25,0.03,0,20.22,0.19,0.47,0.35,1.03,0.34,0,0.49,0.41,0.07,1.03,2.33,0.27,8.02,8.89,0.31,0.07,0.02,0,0.72,0.52,0.2,0,0.29,0.08,1.33,0.16,0,0.46,1.4,0.21,7.78,0,0.48,0,0.09,0.02,1.46,0.13,0.36,15.65,0,0.38,0.49,0.5,0.03,1.27,0.06,0,0,0.52,0,1.33,0.02,4.02,0,2.36,18.96,49.23,31.81,1.68,23.49,0.26,0.08,10.76,0.8,1.8,0.69,0.9,15.17,3.89,2021-VA-156,2021,202102,U-24,987.768434,0.0157233683725074,5087.96830963278,94,1,2,52.05,0,NA,0.3315,0.116,0,61.67323,-173.07778,66,1.1,7,NBS,10
2.43,0.07,0.08,0.16,0.09,0.58,0,0.16,0.12,0,11.53,0.04,0,16.04,0.17,0.38,0.43,0,1.14,0.36,0.55,0,0.13,0.79,2.69,0.29,12.51,9.42,0.11,0.37,0.1,0,0.82,0.29,0,0.01,0.42,0.21,1.34,0.29,0.23,0,2.1,2.23,5.57,0,0,0.55,0,0.01,1.61,0.11,0,14.82,0,0.45,0.66,0.56,0.18,0.39,0.52,0,0,0.01,0.1,1.47,0.02,4.11,0.18,2.28,20.41,50.78,28.81,1.41,22.81,0.28,0.05,11.56,1.03,1.39,0.42,1.33,11.97,3.61,2021-VA-157,2021,202101,V-26,1768.415706,0.0143457350607549,22236.57405138316,94,193,2,52.52,0,52,0.1773,0.0814,0,62.01599,-174.49611,73,-0.6,4,EBS,9
2.48,0.03,0.11,0.22,0.1,0.6,0,0.21,0.16,0,11.27,0.04,0,18.13,0.19,0.45,0.47,0.89,0.31,0,0.4,0.49,0.07,0.76,2.66,0.18,10.39,8.72,0.38,0.09,0.03,0,0.86,0.54,0.3,0,0.46,0.03,1.61,0.08,0,0.21,2.89,1.41,6.33,0,0.65,0,0.21,0.01,1.6,0.19,0,15.62,0,0.43,0.62,0.44,0.08,0.44,0,0,0,0.43,0,1.2,0.02,3.5,0,2.7,19,50.84,30.16,1.59,22.43,0.22,0.07,12.12,0.89,1.61,0.51,1.19,11.25,4.47,2021-VA-158,2021,202101,V-26,1768.415706,0.0143457350607549,22236.57405138316,94,193,2,52.93,0,50,0.3456,0.1579,0,62.01599,-174.49611,73,-0.6,4,EBS,9
2.84,0.01,0.1,0.21,0.1,0.54,0,0.19,0.18,0,11.52,0.04,0,18.94,0.18,0.5,0.47,0.5,0.34,0,0.33,0.51,0.18,0.66,2.61,0.22,11.31,9.1,0.43,0.09,0.03,0,0.77,0.42,0.23,0,0.27,0.1,0.83,0.16,0,0.53,2.21,1.65,5.27,0,0.57,0,0.11,0.02,1.58,0.18,0.25,14.04,0,0.41,0.57,0.59,0.18,0.6,0,0,0,0.44,0,1.53,0.02,4.33,0,2.69,19.55,51.64,28.81,1.47,21.96,0.31,0.05,10.71,0.87,1.64,0.5,1.24,22.88,3.24,2021-VA-159,2021,202101,V-25,2252.2296499999998,0.013597919960526,3750.5736280291503,94,194,2,46.89,0,32,0.3457,0.1144,0,61.98327,-173.75066,63,-0.3,4,EBS,9
2.48,0.09,0.09,0.4,0.44,0.7,0,0.55,0.37,0,10.41,0,0,8.49,0.28,1.21,1.15,1.52,0.61,0,0.33,0,0.56,0.63,3.54,0.53,7.45,8.88,0.79,0.35,0,0,1.03,0.76,0.27,0,0.5,0.13,0.82,0.15,0,1.78,3.19,1.75,6.21,0,0,0.95,0,0.06,1.85,0,0.29,16.2,0.19,0.47,0.61,0.77,0.35,0.89,0,0,0,0.51,0,2.01,0,6.09,0.35,4.81,22.19,40.2,37.61,1.7,27.87,0.38,0.14,13,1.16,0.82,0.56,0.84,10.35,2.66,2021-VA-16,2021,202101,L-20,4901.876082,0.0131611532165982,21882.580900037585,94,106,1,95.31,17.71,304,0.3256,0.0758,0,58.66873,-169.78651,67,3.7,3,EBS,6
2.93,0.02,0.09,0.18,0.08,0.62,0,0.18,0.15,0,10.42,0.03,0,22.62,0.19,0.48,0.39,0.97,0.28,0,0.34,0.35,0.26,0.55,2.07,0.5,7.52,7.75,0.37,0.07,0.02,0,0.61,0.42,0.19,0,0.31,0.07,0.98,0.22,0,0.79,2.88,0.24,6.89,0,0.48,0,0.1,0.02,1.57,0.12,0.32,15.54,0,0.48,0.48,0.53,0.26,0.9,0.05,0,0,0.49,0,1.4,0.02,4.19,0,2.42,17.83,51,31.17,1.75,23.73,0.27,0.06,11.5,0.68,2.17,0.58,0.97,23.02,3.71,2021-VA-160,2021,202101,V-25,2252.2296499999998,0.013597919960526,3750.5736280291503,94,194,2,47.07,0,NA,0.3461,0.105,0,61.98327,-173.75066,63,-0.3,4,EBS,9
2.62,0.02,0.07,0.15,0.08,0.59,0,0.15,0.12,0,10.81,0.03,0,20.94,0.2,0.48,0.35,1.04,0.38,0,0.5,0.37,0.18,1.02,2.33,0.22,6.6,9.47,0.34,0.07,0.02,0,0.69,0.5,0.21,0,0.25,0.07,1.35,0.2,0,0.96,3.32,0,6.6,0,0.44,0,0.08,0,1.49,0.09,0.32,16.09,0,0.26,0.45,0.49,0.18,1.06,0,0,0,0.41,0,1.31,0,4.02,0,2.3,18.08,49.43,32.49,1.8,24.4,0.25,0.08,11.13,0.76,1.94,0.65,0.7,15.47,4,2021-VA-161,2021,202102,U-24,987.768434,0.0157233683725074,5087.96830963278,94,1,2,41.99,0,34,0.3036,0.1044,0,61.67323,-173.07778,66,1.1,7,NBS,10
2.73,0.02,0.08,0.13,0.06,0.56,0,0.17,0.11,0,10.97,0.03,0,21.09,0.19,0.43,0.34,1.09,0.31,0,0.57,0.34,0.09,1.2,2.28,0.31,7.43,8.94,0.3,0.06,0.02,0,0.66,0.39,0.19,0,0.31,0.06,1.46,0.12,0,0.57,3.78,0,6.41,0,0.45,0,0.09,0.02,1.45,0.18,0,16.16,0,0.31,0.43,0.45,0.02,1.15,0.04,0,0.03,0.34,0,1.2,0.01,3.91,0,2.13,18.13,50.15,31.72,1.75,23.66,0.24,0.08,11.39,0.71,1.92,0.78,0.83,14.49,4.14,2021-VA-162,2021,202102,U-24,987.768434,0.0157233683725074,5087.96830963278,94,1,2,43.14,0,32,0.313,0.1301,0,61.67323,-173.07778,66,1.1,7,NBS,10
2.71,0.02,0.08,0.16,0.07,0.55,0,0.17,0.12,0,11.46,0.03,0,22.08,0.2,0.46,0.36,1.03,0.33,0,0.51,0.39,0.15,1.07,2.16,0.28,7.6,9.55,0.35,0.07,0.02,0,0.7,0.51,0.21,0,0.28,0.07,1.38,0.19,0,0.57,3.24,0,5.84,0,0.4,0,0.08,0.01,1.37,0.13,0,15.35,0,0.27,0.39,0.36,0.02,0.97,0,0,0,0.43,0,1.17,0,4.06,0,2.3,18.6,50.74,30.66,1.65,22.88,0.26,0.08,10.1,0.77,1.93,0.7,0.8,16.03,3.78,2021-VA-163,2021,202102,U-24,987.768434,0.0157233683725074,5087.96830963278,94,1,2,44.07,0,26,0.1579,0.0604,0,61.67323,-173.07778,66,1.1,7,NBS,10
2.22,0.02,0.05,0.15,0.07,0.58,0,0.17,0.14,0,11.26,0.02,0,17.23,0.19,0.51,0.39,0.59,0.47,0,0.4,0.44,0.21,0.75,2.32,0.35,7.75,10.04,0.4,0.08,0.03,0,0.79,0.53,0.2,0,0.22,0.11,1.2,0.2,0,1.09,2.96,0.33,8.15,0,0.56,0,0.08,0,1.52,0.13,0.27,14.96,0,0.46,0.25,0.61,0.02,1.64,0,0,0,0.43,0,1.35,0.02,5.09,0,2.44,18.3,49.33,32.37,1.77,24.41,0.34,0.06,12.76,0.9,1.53,0.45,0.77,14.39,2.94,2021-VA-164,2021,202102,U-24,987.768434,0.0157233683725074,5087.96830963278,94,1,2,44.04,0,26,0.3192,0.099,0,61.67323,-173.07778,66,1.1,7,NBS,10
2.94,0.02,0.12,0.18,0.08,0.6,0,0.16,0.12,0,11.45,0.02,0,20.43,0.21,0.5,0.35,1.11,0.41,0,0.53,0.44,0.17,1.08,2.14,0.26,7.13,9.87,0.46,0.07,0.03,0,0.8,0.54,0.21,0,0.24,0.09,1.27,0.16,0,0.68,2.78,0.2,7.19,0,0.47,0,0.07,0,1.44,0.13,0,14.03,0,0.55,0.5,0.46,0.01,1.42,0,0,0,0.4,0,1.2,0.02,4.26,0,2.43,18.96,50.7,30.35,1.6,21.84,0.3,0.08,11.68,0.9,1.78,0.71,0.72,16.12,3.29,2021-VA-165,2021,202102,U-24,987.768434,0.0157233683725074,5087.96830963278,94,1,2,44.05,0,28,0.1736,0.0611,0,61.67323,-173.07778,66,1.1,7,NBS,10
3.08,0.02,0.1,0.18,0.08,0.63,0,0.23,0.15,0,11.81,0.14,0,17.22,0.2,0.6,0.42,0.78,0.35,0,0.56,0.35,0.31,1.32,2.71,0.53,8.14,8.13,0.41,0.08,0.04,0,0.92,0.38,0.22,0,0.3,0.05,1.44,0.18,0,0.48,3.07,0.92,5.67,0,0.59,0,0.06,0,1.75,0.16,0.47,16.5,0,0.25,0.39,0.39,0.2,0.87,0.05,0,0,0.28,0,1.6,0.02,4.24,0,2.64,20.28,45.98,33.74,1.66,25.3,0.26,0.09,10.7,0.97,1.46,0.74,1,11.94,3.89,2021-VA-166,2021,202102,U-23,715.8831829999999,0.0145934860185576,38018.34320425365,94,6,2,56.45,0,60,0.3109,0.1005,0,61.66467,-172.29238,61,0.5,7,NBS,10
2.63,0.02,0.06,0.19,0.14,0.59,0,0.21,0.17,0,10.55,0.03,0,18.1,0.27,0.66,0.58,1.25,0.45,0,0.45,0.34,0.24,1.06,2.52,0.27,5.16,9.06,0.49,0.09,0.03,0,0.96,0.59,0.25,0,0.28,0.07,1.35,0.22,0,0.37,2.4,1.68,6.55,0,0.72,0,0.14,0,1.73,0.17,0.42,16.59,0,0.69,0.64,0.5,0.21,1.15,0,0,0,0.37,0,1.9,0,4.43,0,2.87,18.72,46.34,34.94,1.87,25.55,0.27,0.09,12.47,1.03,1.72,0.73,0.57,13.4,3.74,2021-VA-167,2021,202102,U-23,715.8831829999999,0.0145934860185576,38018.34320425365,94,6,1,77.04,16.63,NA,0.3114,0.0862,1,61.66467,-172.29238,61,0.5,7,NBS,10
2.79,0.02,0.08,0.15,0.08,0.63,0,0.19,0.13,0,11.59,0.04,0,20.78,0.23,0.51,0.41,1.29,0.38,0,0.69,0.33,0.26,1.53,2.57,0.28,5.47,8.43,0.38,0.07,0.02,0,0.9,0.58,0.25,0,0.27,0.06,1.76,0.18,0,0.36,1.62,0.3,4.67,0,0.72,0,0.11,0.02,1.82,0.12,0,18.69,0,0.2,0.4,0.36,0.03,1.06,0,0,0,0.36,0,1.37,0,4.46,0,2.43,19.47,43.65,36.89,1.89,27.07,0.24,0.1,7.55,0.96,1.79,0.86,0.65,11.8,4.19,2021-VA-168,2021,202102,U-23,715.8831829999999,0.0145934860185576,38018.34320425365,94,6,2,54.11,0,56,0.3387,0.1012,0,61.66467,-172.29238,61,0.5,7,NBS,10
2.64,0.03,0.07,0.27,0.19,0.7,0,0.27,0.2,0,10.95,0.04,0,18.71,0.29,0.72,0.84,0.71,0.51,0,0.42,0.49,0.35,0.68,2.53,0.38,6.57,9.85,0.5,0.11,0.03,0,0.93,0.6,0.25,0,0.34,0.12,1.02,0.2,0,0.91,2.66,1.38,6.8,0,0.72,0,0.12,0.03,1.6,0.21,0.35,14.18,0,0.37,0.48,0.51,0.25,1.15,0,0,0,0.31,0,1.66,0,3.77,0,3.68,19.88,49.21,30.9,1.55,22.58,0.27,0.07,12.2,1.05,1.71,0.49,0.67,18.29,3.76,2021-VA-169,2021,202102,U-23,715.8831829999999,0.0145934860185576,38018.34320425365,94,6,1,78.37,14.81,NA,0.3114,0.0792,0,61.66467,-172.29238,61,0.5,7,NBS,10
2.52,0.08,0.08,0.36,0.25,0.69,0,0.42,0.29,0,12.13,0,0,10.62,0.28,1.06,0.96,1.56,0.53,0,0.55,0,0.5,0.82,3.59,0.48,8.75,8.63,0.69,0.3,0,0,0.88,0.68,0.2,0,0.51,0.09,0.95,0.41,0,0.34,3.24,1.5,6.11,0,0,0.68,0.08,0.04,1.37,0,0.27,15.72,0.23,0.29,0.57,0.88,0.38,0.86,0,0,0,0.52,0,1.84,0.05,4.93,0.25,4.03,23.21,42.66,34.14,1.47,24.64,0.31,0.13,12.58,0.97,0.87,0.85,1.01,11.16,3.19,2021-VA-17,2021,202101,L-21,5266.087708,0.013591330854816,7725.512764100944,94,128,1,88.47,14.77,240,0.3352,0.1103,0,58.662350000000004,-170.43126,74,3.1,3,EBS,6
2.44,0.02,0.06,0.2,0.13,0.73,0,0.22,0.2,0,12.08,0.04,0,17.9,0.26,0.66,0.64,1.15,0.64,0,0.58,0.42,0.52,1.01,3.02,0.36,4.69,9.1,0.48,0.09,0.03,0,0.91,0.6,0.28,0,0,0.08,1.37,0.23,0,0.57,1.89,0,6.06,0,0.56,0,0.1,0,1.9,0.18,0.32,18.13,0,0.3,0.45,0.24,0.04,1.54,0.04,0,0,0.31,0,1.75,0,4.5,0,3.21,20.99,42.31,36.7,1.75,27.46,0.25,0.1,8.93,0.99,1.48,0.8,0.52,13.04,4.03,2021-VA-170,2021,202102,U-23,715.8831829999999,0.0145934860185576,38018.34320425365,94,6,1,73.21,12.93,124,0.322,0.0866,0,61.66467,-172.29238,61,0.5,7,NBS,10
2.65,0.04,0.08,0.25,0.17,0.66,0,0.24,0.2,0,11.24,0.04,0,18.54,0.24,0.65,0.73,1.1,0.48,0,0.44,0.44,0.41,0.72,2.85,0.33,7.36,8.57,0.48,0.08,0.04,0,0.87,0.54,0.12,0,0.4,0.08,1.11,0.15,0,0.42,2.49,1.34,5.82,0,0.81,0,0.12,0,1.68,0.22,0,16.09,0,0.28,0.41,0.55,0.27,0.85,0.05,0,0,0.3,0,1.92,0,4.1,0,3.35,20.17,47.05,32.78,1.63,24.38,0.25,0.08,10.9,0.95,1.65,0.72,0.86,16.76,3.93,2021-VA-171,2021,202102,U-23,715.8831829999999,0.0145934860185576,38018.34320425365,94,6,1,87.59,16.7,242,0.3129,0.1004,0,61.66467,-172.29238,61,0.5,7,NBS,10
2.72,0.01,0.07,0.17,0.08,0.69,0,0.22,0.17,0,14.27,0.06,0,18.49,0.22,0.69,0.51,1.1,0.43,0,0.58,0.35,0.46,1.07,3.08,0.21,6.5,7.64,0.47,0.08,0.03,0,0.84,0.39,0.21,0,0.22,0.05,1.44,0.15,0,0.37,2.72,0,5.73,0,0.45,0,0.08,0,1.44,0.09,0.31,16.35,0,0.15,0.34,0.31,0.02,1.18,0,0,0,0.26,0,1.52,0,5.03,0,2.86,23.02,43.33,33.65,1.46,25.61,0.31,0.09,9.25,0.9,1.3,0.87,0.85,12.88,3.25,2021-VA-172,2021,202102,U-23,715.8831829999999,0.0145934860185576,38018.34320425365,94,6,2,60.03,0,70,0.3041,0.0863,0,61.66467,-172.29238,61,0.5,7,NBS,10
3.16,0.02,0.08,0.24,0.15,0.63,0,0.22,0.19,0,11.43,0.04,0,21.36,0.26,0.6,0.57,0.87,0.44,0,0.56,0.44,0.27,1.1,2.35,0.31,6.38,9.16,0.49,0.08,0.03,0,0.9,0.53,0.25,0,0.32,0.08,1.38,0.17,0,0.66,2.23,0.21,6.18,0,0.52,0,0.1,0,1.52,0.16,0.37,15.48,0,0.25,0.39,0.35,0.03,1,0,0,0,0.32,0,1.48,0,3.7,0,3.04,20.01,48.2,31.79,1.59,23.57,0.24,0.08,9.61,0.97,1.87,0.65,0.7,15.52,4.19,2021-VA-173,2021,202102,U-23,715.8831829999999,0.0145934860185576,38018.34320425365,94,6,1,78.76,15.21,180,0.3161,0.0912,0,61.66467,-172.29238,61,0.5,7,NBS,10
2.79,0.02,0.08,0.24,0.16,0.63,0,0.24,0.21,0,10.84,0.05,0,18.85,0.24,0.63,0.74,0.69,0.43,0,0.45,0.47,0.34,0.7,2.29,0.31,7.97,8.71,0.49,0.09,0.03,0,0.96,0.48,0.24,0,0.35,0.09,1.04,0.17,0,0.55,2.48,1.72,6.53,0,0.77,0,0.1,0.02,1.74,0.2,0.36,14.52,0,0.58,0.5,0.62,0.25,0.98,0.05,0,0,0.33,0,1.6,0,4.04,0,3.33,19.26,49.68,31.06,1.61,22.79,0.28,0.07,12.43,1.06,1.74,0.56,0.92,18.04,3.59,2021-VA-174,2021,202102,U-23,715.8831829999999,0.0145934860185576,38018.34320425365,94,6,1,76.33,14.43,152,0.3347,0.0943,0,61.66467,-172.29238,61,0.5,7,NBS,10
2.29,0.04,0.06,0.25,0.16,0.65,0,0.24,0.33,0,10.59,0.03,0,13.2,0.24,0.73,0.81,0.57,0.67,0,0.33,0.39,0.59,0.58,3.15,0.39,4.64,8.02,0.53,0.1,0.04,0,0.95,0.53,0.15,0,0.28,0.11,1.07,0.2,0,1.29,2.58,1.12,6.04,0,0.92,0,0.11,0,2.62,0.19,0.28,21,0,0.41,0.4,0.72,0.28,1.19,0,0,0,0.33,0,1.99,0,5.62,0,3.55,19.9,38.87,41.23,2.07,32.15,0.27,0.08,11.28,1.06,1.25,0.45,0.58,12.39,3.73,2021-VA-175,2021,202102,U-23,715.8831829999999,0.0145934860185576,38018.34320425365,94,6,1,70.87,13.44,NA,0.3158,0.0698,0,61.66467,-172.29238,61,0.5,7,NBS,10
3.3,0.04,0.09,0.24,0.13,0.61,0,0.3,0.2,0,10.99,0.21,0,11.82,0.19,0.74,0.61,0.37,0.38,0,0.39,0.39,0.43,0.72,3.37,0.89,10.76,8.81,0.58,0.09,0.05,0,0.89,0.4,0.09,0,0.4,0.07,0.74,0.12,0,0.77,4.38,1.41,6.89,0,0.73,0,0.11,0.04,1.86,0.19,0.35,14.09,0,0.4,0.6,0.74,0.12,0.95,0.04,0,0,0.31,0,2.26,0.03,4.31,0,3.23,20.99,48.25,30.76,1.47,23.27,0.31,0.08,14.42,0.96,1.08,0.54,1.22,15.88,3.27,2021-VA-176,2021,202102,U-22,2267.646719,0.01427753985752985,275684.002235451,94,5,2,54.31,0,52,0.3005,0.0975,0,61.66059,-171.53327,54,0.6,7,NBS,10
3.71,0.02,0.05,0.19,0.08,0.71,0,0.27,0.27,0,10.13,0.1,0,10.85,0.21,0.59,0.59,1.3,0.32,0,0.26,0.36,0.37,0.4,2.25,0.73,7.38,8.94,0.56,0.08,0.04,0,1.44,0.52,0.25,0,0.27,0.07,0.68,0.22,0,0.41,3.77,0,5.74,0,1.31,0,0.14,0.04,2.93,0.13,0.26,19.7,0,0.22,0.39,0.64,0,0.43,0,0,0,0.35,0,1.94,0,7.38,0,3.06,19.18,40.02,40.8,2.13,30.94,0.37,0.1,10.76,1.52,1.07,0.59,0.83,16.03,2.67,2021-VA-177,2021,202102,U-22,2267.646719,0.01427753985752985,275684.002235451,94,5,1,52.44,8.09,50,0.3579,0.0832,0,61.66059,-171.53327,54,0.6,7,NBS,10
2.51,0.03,0.07,0.17,0.1,0.59,0,0.2,0.16,0,11.65,0.02,0,17.68,0.23,0.58,0.49,1.14,0.49,0,0.45,0.38,0.24,0.94,2.52,0.22,7.04,10.02,0.43,0.1,0.03,0,0.98,0.62,0.24,0,0.28,0.08,1.28,0.17,0,0,2.33,0.25,8.45,0,0.75,0,0.12,0,1.53,0.17,0.35,15.63,0,0.28,0.54,0.49,0.02,0.99,0,0,0,0.3,0,1.46,0,4.23,0,2.68,19.49,48.53,31.98,1.64,23.44,0.27,0.09,12.33,1.06,1.52,0.75,0.7,13.84,3.7,2021-VA-178,2021,202102,U-23,715.8831829999999,0.0145934860185576,38018.34320425365,94,6,1,75.18,14.37,NA,0.485,0.1365,0,61.66467,-172.29238,61,0.5,7,NBS,10
2.8,0.01,0.07,0.19,0.09,0.61,0,0.23,0.18,0,11.16,0.07,0,13.75,0.18,0.56,0.62,0.54,0.38,0,0.36,0.5,0.44,0.58,2.42,0.35,9.77,9.37,0.49,0.07,0.03,0,1.02,0.57,0.23,0,0.36,0.09,1.06,0.11,0,0,2.55,1.75,6.23,0,0.76,0,0.14,0.02,1.91,0.19,0.34,16.49,0,0.45,0.59,0.43,0.24,0.93,0.06,0,0,0.32,0,1.92,0,5.4,0,2.99,19.29,46.61,34.1,1.77,26,0.33,0.07,11.99,1.11,1.23,0.56,1.04,12.94,3.05,2021-VA-179,2021,202102,U-22,2267.646719,0.01427753985752985,275684.002235451,94,5,1,55.68,9.21,NA,0.3315,0.1074,0,61.66059,-171.53327,54,0.6,7,NBS,10
2.98,0.13,0.14,0.32,0.45,0.67,0,0.43,0.23,0,13.88,0,0,11.02,0.25,1.01,0.91,1.13,0.46,0,0.43,0,0.52,1.02,3.99,0.31,11.01,7.39,0.56,0.29,0,0,0.78,0.55,0.18,0,0.41,0.07,0.93,0.4,0,0.79,2.31,1.81,4.96,0,0,0.59,0,0.07,1.15,0,0.23,14.28,0.47,0.22,0.48,1.72,0.39,0.61,0,0,0,0.97,0,1.03,0,4.61,0.44,4.02,26.01,42.93,31.07,1.19,22.45,0.32,0.11,11.5,0.85,0.79,0.75,1.49,11.84,3.09,2021-VA-18,2021,202101,K-20,6400.780089,0.01297932976006425,7088.193435309142,94,107,1,94.32,18.32,270,0.2981,0.0965,0,58.33916,-169.72913,69,3.1,3,EBS,6
1.85,0.03,0.04,0.29,0.17,0.71,0,0.37,0.3,0,11.57,0.08,0,13.25,0.26,0.85,0.84,0.37,0.52,0,0.2,0.54,0.34,0.34,3.09,0.89,6.05,8.48,0.62,0.09,0.03,0,1.06,0.59,0.22,0,0.36,0.09,0.83,0.17,0,0,5.07,0,8.57,0,0.95,0,0.13,0,2.2,0.22,0.34,15.65,0,0.36,0.48,0.78,0.24,1.66,0,0,0,0.32,0,2.05,0,5.51,0,4.06,20.58,45.55,33.86,1.65,25.03,0.35,0.05,15.26,1.15,1.15,0.37,0.71,15.89,2.84,2021-VA-180,2021,202102,U-22,2267.646719,0.01427753985752985,275684.002235451,94,5,1,51.87,8.85,NA,0.3044,0.0786,0,61.66059,-171.53327,54,0.6,7,NBS,10
3.17,0.04,0.11,0.26,0.13,0.61,0,0.3,0.2,0,12.49,0.18,0,13.29,0.21,0.68,0.61,1.09,0.34,0,0.3,0.4,0.53,0.47,3.25,0.59,10.96,8.59,0.49,0.07,0.04,0,0.92,0.32,0.19,0,0.33,0.07,0.69,0.09,0,0,5.28,0,6.2,0,0.78,0,0.12,0.03,1.77,0.16,0.27,14.66,0,0.31,0.46,0.65,0.26,0.82,0.07,0,0,0.26,0,1.8,0.02,4.08,0,3.2,22.13,47.79,30.07,1.36,22.32,0.28,0.08,12.91,0.98,1.06,0.91,1.28,19.37,3.59,2021-VA-181,2021,202102,U-22,2267.646719,0.01427753985752985,275684.002235451,94,5,2,55.21,0,52,0.3137,0.1045,0,61.66059,-171.53327,54,0.6,7,NBS,10
3.68,0.04,0.06,0.31,0.18,0.76,0,0.42,0.25,0,9.14,0.16,0,12.66,0.27,0.77,0.84,1.69,0.41,0,0.23,0.46,0.52,0.38,2.82,1.63,5.38,9.26,0.51,0.06,0.05,0,1.07,0.61,0.24,0,0.36,0.06,0.71,0.16,0,0,5.05,0,6.61,0,0.81,0,0.16,0,1.88,0.09,0.27,18.32,0,0.22,0.3,0.37,0.29,1.04,0,0,0,0.25,0,2.69,0.03,5.49,0,3.99,19.65,43,37.35,1.9,28.15,0.3,0.11,12.56,1.13,1.39,0.87,0.58,17.81,3.34,2021-VA-182,2021,202102,U-22,2267.646719,0.01427753985752985,275684.002235451,94,5,1,52.65,8.9,54,0.3116,0.0869,0,61.66059,-171.53327,54,0.6,7,NBS,10
2.26,0.03,0.07,0.23,0.12,0.67,0,0.27,0.19,0,11.64,0.07,0,14.17,0.2,0.62,0.67,0.93,0.51,0,0.39,0.52,0.41,0.63,2.96,0.44,7.31,8.13,0.53,0.07,0.03,0,1.17,0.62,0.27,0,0.31,0.02,1.15,0.22,0,0,4.21,0,6.39,0,0.84,0,0.11,0.02,2.4,0.17,0,17.82,0,0.27,0.4,0.51,0.28,1.03,0,0,0,0.34,0,2.1,0.01,5.28,0,3.29,20.2,43.29,36.51,1.81,26.95,0.3,0.08,11.78,1.2,1.22,0.63,0.9,12.36,3.37,2021-VA-183,2021,202102,U-22,2267.646719,0.01427753985752985,275684.002235451,94,5,2,52.47,0,48,0.3179,0.0848,0,61.66059,-171.53327,54,0.6,7,NBS,10
3.23,0.03,0.08,0.23,0.13,0.59,0,0.25,0.13,0,11.6,0.14,0,15.06,0.21,0.61,0.5,0.67,0.34,0,0.47,0.38,0.18,1.13,3.15,0.51,10.41,8.21,0.51,0.08,0.03,0,0.97,0.41,0.23,0,0.38,0.01,1.6,0.11,0,0,4.47,0,6.26,0,0.65,0,0.12,0.03,1.57,0.17,0,15.73,0,0.28,0.42,0.47,0.2,0.75,0.06,0,0,0.33,0,1.78,0,4.13,0,2.83,20.81,47.5,31.69,1.52,23.67,0.26,0.08,11.9,0.98,1.3,0.66,1.27,9.42,3.81,2021-VA-184,2021,202102,U-22,2267.646719,0.01427753985752985,275684.002235451,94,5,2,55.83,0,56,0.3203,0.1202,0,61.66059,-171.53327,54,0.6,7,NBS,10
2.69,0.04,0.09,0.26,0.13,0.73,0,0.33,0.2,0,11.9,0.06,0,18.48,0.28,0.68,0.62,1.17,0.36,0,0.55,0.37,0.17,1.19,2.68,0.19,6.85,6.79,0.43,0.06,0.02,0,1.06,0.45,0.23,0,0.4,0.3,1.59,0.12,0,0,3.08,0,5.96,0,0.62,0,0.12,0.02,1.72,0.1,0,18.57,0,0.19,0.37,0.35,0.15,0.7,0,0,0,0.35,0,1.51,0,4.74,0,3.32,20.64,43.55,35.81,1.74,26.97,0.26,0.09,9.95,1.36,1.55,0.74,1.01,11.6,3.91,2021-VA-185,2021,202102,U-22,2267.646719,0.01427753985752985,275684.002235451,94,5,2,50.23,0,42,0.2977,0.0953,0,61.66059,-171.53327,54,0.6,7,NBS,10
2.47,0.06,0.08,0.5,0.32,0.63,0,0.56,0.4,0,12.41,0.09,0,14.39,0.28,1.02,1.24,0.37,0.38,0,0.3,0.49,0.3,0.48,2.87,0.54,10.38,8.61,0.53,0.1,0.03,0,1,0.45,0.19,0,0.38,0.07,1.04,0.14,0,0,4.5,0,4.9,0,0.74,0,0.14,0.04,1.7,0.13,0.33,14.26,0,0.35,0.46,0.49,0.24,0.7,0,0,0,0.4,0,2.27,0,5.22,0,5.16,22.9,46.19,30.91,1.35,23.63,0.37,0.05,10.7,1.07,1.16,0.44,1.2,13.83,2.73,2021-VA-186,2021,202102,Y-18,1965.704115,0.0130325869358487,79948.30689630446,94,23,2,43.71,0,28,0.1625,0.0488,0,62.86545,-168.82581,40,-0.2,8,NBS,12
3.58,0.01,0.09,0.15,0.06,0.58,0,0.17,0.1,0,13,0.03,0,20.29,0.22,0.52,0.36,1.22,0.35,0,0.68,0.29,0.24,1.6,2.79,0.17,6.68,7.91,0.41,0.06,0.03,0,0.82,0.55,0.23,0,0.25,0.2,1.71,0.17,0,0,2.66,0,5.64,0,0.4,0,0.08,0,1.23,0.1,0,16.49,0,0.19,0.34,0.26,0.01,1.05,0.03,0,0,0.25,0,1.13,0,4.65,0,2.22,21.65,45.23,33.11,1.53,24.54,0.28,0.1,9.08,1.03,1.56,0.95,0.84,11.88,3.55,2021-VA-187,2021,202102,U-23,715.8831829999999,0.0145934860185576,38018.34320425365,94,6,2,58.3,0,66,0.2992,0.0975,0,61.66467,-172.29238,61,0.5,7,NBS,10
1.97,0.03,0.05,0.28,0.15,0.58,0,0.31,0.24,0,10.64,0.03,0,11.5,0.23,0.72,0.76,1.25,0.5,0,0.18,0.43,0.32,0.3,3.31,0.33,9.06,10.73,0.67,0.12,0.03,0,1.39,0.58,0.24,0,0.3,0.2,0.63,0.17,0,1.35,3.55,1.84,8.84,0,1.37,0,0.15,0,1.98,0.19,0.29,12.64,0,0.43,0.55,0.72,0.2,1.01,0,0,0,0.35,0,1.85,0,4.46,0,3.46,19.48,49.09,31.43,1.61,21.93,0.35,0.08,15.93,1.58,1.08,0.42,0.84,18.27,2.84,2021-VA-188,2021,202102,U-22,2267.646719,0.01427753985752985,275684.002235451,94,5,1,57.64,9.7,NA,0.3308,0.0875,0,61.66059,-171.53327,54,0.6,7,NBS,10
3.04,0.04,0.09,0.3,0.16,0.71,0,0.37,0.25,0,11.36,0.09,0,15.17,0.25,0.75,0.82,0.59,0.42,0,0.34,0.46,0.43,0.54,2.61,0.52,7.16,8.23,0.59,0.07,0.04,0,1.14,0.56,0.25,0,0.38,0.1,1.14,0.19,0,0,4.65,0,6.4,0,0.79,0,0.12,0,1.94,0.21,0.38,16.56,0,0.43,0.52,0.62,0.18,0.65,0,0,0,0.42,0,1.96,0,4.97,0,3.83,20.84,45.26,33.9,1.63,25.77,0.3,0.07,12.62,1.24,1.34,0.5,0.87,13.3,3.33,2021-VA-189,2021,202102,U-22,2267.646719,0.01427753985752985,275684.002235451,94,5,2,50.35,0,42,0.3097,0.09,0,61.66059,-171.53327,54,0.6,7,NBS,10
2.99,0.07,0.1,0.27,0.21,0.62,0,0.36,0.16,0,12.58,0,0,11.4,0.27,0.89,0.67,1.31,0.42,0,0.36,0,0.36,1.19,3.27,0.38,9.27,7.03,0.54,0.25,0,0,0.72,0.49,0.17,0,0.44,0.2,1.32,0.52,0,0.31,2.16,1.34,4.67,0,0,0.53,0,0.03,1.2,0,0.34,19.72,0.15,0.2,0.39,0.51,0.28,0.59,0,0,0,0.46,0,1.54,0.04,6.66,0.03,3.17,22.73,38.54,38.72,1.7,30.46,0.34,0.12,9.27,0.92,0.91,0.77,1.32,8.62,2.96,2021-VA-19,2021,202101,L-21,5266.087708,0.013591330854816,7725.512764100944,94,128,1,88.85,17.43,258,0.3126,0.1076,0,58.662350000000004,-170.43126,74,3.1,3,EBS,6
2.3,0.03,0.06,0.26,0.19,0.58,0,0.26,0.21,0,11.2,0.04,0,16.33,0.25,0.72,0.8,0.62,0.49,0,0.33,0.49,0.32,0.56,2.62,0.27,8.63,10.36,0.53,0.09,0.03,0,1.01,0.57,0.09,0,0.34,0.1,0.85,0.16,0,0,2.85,1.83,6.8,0,0.79,0,0.12,0,1.74,0.22,0,12.72,0,1.08,0.63,0.57,0.29,1.26,0,0,0,0.42,0,1.85,0,5.13,0,3.5,19.65,50.83,29.51,1.5,21.19,0.4,0.06,13.77,1.11,1.46,0.58,0.83,19.16,2.48,2021-VA-190,2021,202102,U-23,715.8831829999999,0.0145934860185576,38018.34320425365,94,6,1,83.74,16.19,228,0.3139,0.0858,0,61.66467,-172.29238,61,0.5,7,NBS,10
2.5,0.02,0.08,0.12,0.04,0.58,0,0.21,0.14,0,12.98,0.07,0,16.79,0.16,0.62,0.39,1.05,0.28,0,0.41,0.32,0.2,1,2.79,0.26,8.91,7.88,0.37,0.05,0.04,0,0.55,0.38,0.21,0,0.27,0.04,1.37,0.12,0,0,3.71,0,6.22,0,0.46,0,0.13,0,1.65,0.1,0,17.73,0,0.33,0.51,0.36,0.17,0.63,0.04,0,0,0.33,0,1.64,0,4.79,0,2.41,20.66,46.02,33.32,1.61,25.91,0.27,0.08,11.12,0.59,1.29,0.89,1.13,12.26,3.7,2021-VA-191,2021,202102,BB-19,15775.111434999999,0.0118874563416939,361173.59900967753,94,27,2,49.56,0,36,0.2374,0.0807,0,63.98062,-169.77538,35,2.7,9,NBS,13
3.03,0.02,0.07,0.16,0.05,0.63,0,0.24,0.15,0,13.44,0.08,0,14.52,0.16,0.54,0.42,0.53,0.37,0,0.36,0.38,0.3,0.63,3.06,0.56,9.35,8.53,0.37,0.06,0.03,0,0.69,0.5,0.23,0,0.21,0.02,1.68,0.04,0,0,4.53,0,6.24,0,0.43,0,0.12,0,1.79,0.11,0,15.8,0,0.33,0.47,0.36,0.17,0.87,0.02,0,0,0.34,0,1.64,0,5.35,0,2.57,22.12,46.01,31.87,1.44,24.93,0.34,0.06,11.93,0.7,1.08,0.54,1.1,8.64,2.96,2021-VA-192,2021,202102,AA-18,5030.877193,0.0128600130093435,143247.78199381015,94,25,1,53.69,8.96,NA,0.3069,0.1045,0,63.68096,-168.96346,36,1.5,8,NBS,12
2.84,0.03,0.08,0.31,0.17,0.75,0,0.42,0.25,0,12.44,0.05,0,12.64,0.22,0.84,0.82,0,0.46,0,0.31,0.54,0.29,0.56,3.14,0.32,8.38,7.61,0.61,0.07,0.03,0,0.86,0.36,0.22,0,0.29,0.02,1.12,0.13,0,0,4.97,0,6.45,0,0.56,0,0.11,0,2.45,0.15,0,16.41,0,0.49,0.6,0.41,0.16,0.72,0.02,0,0,0.42,0,2.48,0,6.41,0,4.1,22.47,43.43,34.1,1.52,26.91,0.39,0.04,12.92,0.88,1.02,0.38,1.1,11.29,2.56,2021-VA-193,2021,202102,AA-18,5030.877193,0.0128600130093435,143247.78199381015,94,25,1,51.75,8.78,NA,0.3216,0.1021,0,63.68096,-168.96346,36,1.5,8,NBS,12
1.87,0.02,0.08,0.21,0.1,0.66,0,0.31,0.26,0,11.61,0.07,0,13.44,0.2,0.8,0.82,0.37,0.43,0,0.29,0.45,0.37,0.5,3.07,0.42,7.6,9.12,0.67,0.07,0.04,0,0.73,0.52,0.22,0,0.29,0.03,1.28,0.18,0,0.78,3.65,1.66,7.13,0,0.62,0,0.12,0,1.99,0.13,0.28,15.34,0,0.73,0.6,0.55,0.26,0.95,0,0,0,0.44,0,2.55,0.02,5.14,0,3.6,20.16,46.42,33.42,1.66,25.9,0.34,0.06,14.32,0.76,1.16,0.38,0.83,10.5,2.98,2021-VA-194,2021,202102,BB-19,15775.111434999999,0.0118874563416939,361173.59900967753,94,27,2,43.01,0,24,0.1633,0.0486,0,63.98062,-169.77538,35,2.7,9,NBS,13
2.7,0.01,0.08,0.1,0.03,0.6,0,0.2,0.14,0,16.22,0.07,0,18.01,0.15,0.57,0.3,1.01,0.34,0,0.49,0.38,0.15,1.24,3.52,0.17,0,8.5,0.39,0,0.02,0,0.64,0.37,0.23,0,0.28,0.05,1.57,0.11,0,0,4.47,0,7.29,0,0.33,0,0,0,1.83,0.06,0,18.62,0,0.2,0.44,0.31,0.12,0.73,0.03,0,0,0.38,0,1.53,0.02,5.02,0,2.31,24.74,40.45,34.81,1.41,27.03,0.27,0.08,12.71,0.69,1.11,0.89,0,11.46,3.71,2021-VA-195,2021,202102,BB-19,15775.111434999999,0.0118874563416939,361173.59900967753,94,27,1,57.54,10.62,72,0.3436,0.1351,0,63.98062,-169.77538,35,2.7,9,NBS,13
1.66,0.04,0.04,0.59,0.4,0.57,0,0.77,0.43,0,10.64,0.04,0,9.71,0.26,1.33,1.95,1.17,0.48,0,0.13,0.49,0.57,0.3,3.03,0.37,7.76,9.28,0.72,0.15,0.02,0,1.41,0.5,0.22,0,0.28,0.18,0.59,0.17,0,1.5,3.5,1.55,4.87,0,0.88,0,0.14,0,2.54,0.19,0.22,16.26,0,0.55,0.63,0.72,0.27,0.74,0,0,0,0.5,0,2.77,0.03,5.88,0,6.52,21.91,40.65,37.44,1.71,28.17,0.36,0.1,11.82,1.59,0.91,0.45,0.84,16.44,2.76,2021-VA-196,2021,202102,BB-19,15775.111434999999,0.0118874563416939,361173.59900967753,94,27,2,42.71,0,NA,0.132,0.0348,0,63.98062,-169.77538,35,2.7,9,NBS,13
1.21,0.02,0.02,0.18,0.05,0.57,0,0.2,0.47,0,9.75,0.03,0,8.09,0.15,0.64,0.55,0.79,0.65,0,0.11,0.34,0.68,0.2,3.72,0.3,5.84,8.85,0.62,0.09,0.03,0,0.72,0.44,0.11,0,0.24,0.16,0.64,0.17,0,1.56,4.67,0,6.87,0,1.51,0,0.15,0,3.29,0.16,0,19.79,0,0.8,0.56,0.95,0.5,1.37,0,0,0.13,0.45,0,2.57,0,8.06,0,2.99,18,38.17,43.82,2.43,33.62,0.41,0.09,13.85,0.88,0.83,0.44,0.66,12.68,2.45,2021-VA-197,2021,202102,BB-19,15775.111434999999,0.0118874563416939,361173.59900967753,94,27,2,49.08,0,36,0.3037,0.0665,0,63.98062,-169.77538,35,2.7,9,NBS,13
0.57,0.09,0,0.1,0.12,0.25,0,0.24,0.99,0,10.88,0.07,0,3.87,0.16,0.78,0.78,0.08,0.81,0,0,0.38,0.78,0,4.2,0.32,8.6,9.9,0.95,0.2,0.13,0,0.51,0.26,0.19,0,0.11,0.04,0.1,0,0,0.25,0,1.13,0.99,0,1.48,0,0.2,0,11.05,0.14,0.14,24.56,0,0,0.43,1.54,0,0,0,0,0,0.42,0,1.97,0,9.26,0,3.63,19.8,28.53,51.67,2.61,37.26,0.38,0.05,4.09,0.55,0.36,0.54,0.87,36.98,2.65,2021-VA-198,2021,202102,Y-01,3275.678977,0.012722531027151,29974.354881600706,94,24,1,45.89,9.41,38,0.2848,0.0522,1,62.99652,-168.20091,40,0.8,8,NBS,12
3.38,0.04,0.05,0.18,0.05,0.78,0,0.27,0.21,0,11.96,0.05,0,13.74,0.17,0.66,0.58,0.49,0.39,0,0.31,0.29,0.36,0.62,3.04,0.3,4.58,4.16,0.42,0.06,0.03,0,0.61,0.37,0.27,0,0.28,0.09,1.44,0.22,0,2.37,4.85,0,6.13,0,0.45,0,0.15,0,2.57,0.08,0,20.69,0,1.61,0.77,0.45,0,1,0,0,0,0.51,0,1.7,0.03,6.18,0,3.03,21.57,37.64,40.79,1.89,32.92,0.3,0.06,13.8,0.7,1.15,0.31,1.1,9.51,3.35,2021-VA-199,2021,202102,BB-01,10921.38004,0.012448021885992,111937.40039676658,94,29,2,42.74,0,24,0.3108,0.0784,0,64.0101,-168.3144,37,0.7,9,NBS,13
2.5,0.07,0.18,0.33,0.16,0.63,0,0.37,0.2,0,10.97,0,0,8.98,0.21,0.92,0.78,1.41,0.53,0,0.42,0,0.44,0.84,3.35,0.5,10.3,8.58,0.74,0.27,0,0,0.92,0.64,0.21,0,0.5,0.1,0.87,0.43,0,0.55,3.07,1.65,5.94,0,0,0.92,0,0.04,1.77,0,0.29,16.82,0.24,0.39,0.59,1.03,0.33,0.85,0,0,0,0.39,0,1.93,0.05,5.56,0.25,3.4,21.15,42.67,36.19,1.71,26.56,0.33,0.13,12.67,1.03,0.82,0.74,1.2,10.31,3.03,2021-VA-2,2021,202101,N-20,38333.052856,0.0145007528107365,2827.4394119485437,94,104,1,80.83,16.55,200,0.3421,0.0835,1,59.32582,-169.88594,61,3.1,3,EBS,6
3.17,0.08,0.11,0.25,0.18,0.68,0,0.3,0.23,0,12.12,0,0,11.66,0.24,0.8,0.68,1.69,0.47,0,0.44,0,0.52,1.09,3.09,0.53,8.9,6.71,0.75,0.16,0.05,0,1.19,0.42,0.25,0,0.47,0.19,1.15,0.13,0,0.62,2.36,1.17,4.46,0,0,0.63,0.09,0.04,1.67,0,0.31,18.84,0.1,0.32,0.52,0.79,0.3,0.69,0,0,0,0.39,0,1.94,0.04,5.8,0.2,3.12,22.24,38.89,38.87,1.75,29.38,0.31,0.13,9.62,1.38,0.96,0.83,1.33,10.13,3.25,2021-VA-20,2021,202101,O-20,4106.894747,0.01471867465374735,5774.976483929491,94,103,1,72.15,12.9,134,0.3177,0.0928,0,59.6737,-169.91835,57,3.1,3,EBS,6
3.71,0.03,0.12,0.24,0.13,0.64,0,0.31,0.18,0,12.91,0.06,0,14.48,0.18,0.68,0.67,0.81,0.33,0,0.32,0.39,0.17,0.77,3.17,0.24,9.83,6.32,0.41,0.06,0.03,0,0.63,0.28,0.19,0,0.29,0.01,1.38,0.16,0,0,5.28,0,5.72,0,0.5,0,0.11,0.01,1.73,0.13,0,15.23,0,1.68,0.61,0.39,0.28,0.64,0.03,0,0,0.43,0.03,1.85,0,5.26,0,3.22,23,45.75,31.25,1.36,24.08,0.35,0.07,13.68,0.64,1.12,0.7,1.55,10.51,2.9,2021-VA-200,2021,202102,AA-18,5030.877193,0.0128600130093435,143247.78199381015,94,25,2,54.78,0,50,0.3219,0.0972,0,63.68096,-168.96346,36,1.5,8,NBS,12
2.15,0.1,0.06,0.93,0.6,0.72,0,1.13,0.59,0,12.06,0.07,0,10.19,0.37,1.92,2.63,0.99,0.48,0,0.12,0.55,0.23,0.2,3.56,0.37,10.46,9.44,0.87,0.37,0.02,0,1.71,0.47,0.08,0,0.36,0.2,0.5,0.15,0,0.86,3.27,2.16,3.76,0,0.83,0,0.14,0,1.78,0.12,0.25,11.4,0,0.61,0.81,0.46,0.38,0.79,0,0,0,0.49,0,2.72,0,4.56,0,9.08,26.88,43.8,29.32,1.09,20.83,0.4,0.06,11.06,1.91,0.84,0.35,1.11,20.47,2.5,2021-VA-201,2021,202102,Y-01,3275.678977,0.012722531027151,29974.354881600706,94,24,2,42.89,0,NA,0.3274,0.0743,0,62.99652,-168.20091,40,0.8,8,NBS,12
2.11,0.03,0.09,0.32,0.16,0.57,0,0.34,0.27,0,12.78,0.04,0,11.9,0.17,0.72,0.77,0.26,0.38,0,0.21,0.53,0,0.35,3.18,0,13.87,9.25,0.5,0,0.02,0,0.99,0.43,0.21,0,0.29,0.1,0.79,0.1,0,0.77,3.11,1.64,6.09,0,0,0.66,0.09,0,2.29,0.14,0,13.03,0,0.46,0.48,0.6,0.26,0.93,0.03,0,0.04,0.33,0,1.68,0.02,5.65,0,3.68,21.64,48.72,29.64,1.37,22.18,0.43,0.03,12.38,1.09,0.93,0.22,1.5,15.14,2.31,2021-VA-202,2021,202102,BB-19,15775.111434999999,0.0118874563416939,361173.59900967753,94,27,2,50.43,0,42,0.3185,0.1057,0,63.98062,-169.77538,35,2.7,9,NBS,13
2.93,0.02,0.09,0.14,0.04,0.5,0,0.18,0.17,0,13.89,0.06,0,15.31,0.15,0.52,0.39,0.58,0.32,0,0.47,0.37,0.17,1.2,3.22,0.19,11.46,8.97,0.52,0,0.03,0,0.64,0.47,0.22,0,0.2,0.01,1.74,0.14,0,0.46,1.18,0,5.82,0,0.53,0,0.1,0.01,1.59,0.12,0,16.1,0,0.36,0.22,0.38,0.16,0.61,0,0,0,0.29,0,1.67,0.01,5.07,0,2.31,22.35,45.08,32.56,1.46,25.34,0.31,0.08,7.96,0.65,1.1,0.62,1.28,8.8,3.18,2021-VA-203,2021,202102,AA-18,5030.877193,0.0128600130093435,143247.78199381015,94,25,2,55.97,0,54,0.3025,0.109,0,63.68096,-168.96346,36,1.5,8,NBS,12
2.82,0.02,0.08,0.21,0.08,0.66,0,0.24,0.21,0,10.98,0.03,0,13.31,0.18,0.7,0.56,0.82,0.36,0,0.3,0.49,0.28,0.57,2.9,0.2,9.69,8.09,0.7,0.07,0.05,0,0.73,0.48,0.22,0,0.27,0.09,1.1,0.13,0,0.66,2.42,2.11,7.09,0,0.75,0,0.12,0,2.25,0.13,0,15.86,0,0.52,0.58,0.71,0.26,1.04,0,0,0,0.4,0,2.34,0,5.15,0,3.15,19.73,46.26,34,1.72,25.62,0.32,0.07,13.43,0.81,1.21,0.53,1.2,12.07,3.08,2021-VA-204,2021,202102,BB-19,15775.111434999999,0.0118874563416939,361173.59900967753,94,27,2,47.69,0,34,0.1961,0.0596,0,63.98062,-169.77538,35,2.7,9,NBS,13
3.15,0.02,0.07,0.27,0.1,0.69,0,0.33,0.41,0,13.25,0.05,0,11.84,0.24,0.75,0.73,0,0.43,0,0.19,0.43,0.54,0.31,2.93,0.27,8.02,8.23,0.73,0.08,0.03,0,0.69,0.31,0.21,0,0.21,0.06,0.56,0.14,0,0,4.35,0,5.06,0,0.58,0,0.1,0.03,2.43,0.13,0,16.95,0,1.19,0.58,0.53,0.12,0.59,0,0,0,0.48,0,2.22,0.03,8.34,0,3.73,23.13,41.68,35.18,1.52,28.79,0.49,0.04,11.72,0.75,0.89,0.47,0.97,21.15,2.03,2021-VA-205,2021,202102,AA-18,5030.877193,0.0128600130093435,143247.78199381015,94,25,1,52.26,8.86,52,0.2769,0.0782,0,63.68096,-168.96346,36,1.5,8,NBS,12
2.69,0.02,0.08,0.19,0.07,0.57,0,0.25,0.38,0,12.64,0.09,0,16.93,0.18,0.72,0.59,0.5,0.29,0,0.35,0.33,0.31,0.64,2.69,0.31,7.32,8.21,0.49,0.06,0.05,0,0.56,0.53,0.19,0,0.35,0.05,1.16,0.19,0,0.65,2.07,1.18,5.17,0,0.52,0,0.17,0,1.68,0.1,0,17.51,0,0.37,0.5,0.4,0.2,0.51,0,0,0,0.37,0,2.84,0.03,5.77,0,3.12,21.14,43.69,35.17,1.66,28.38,0.33,0.06,9.68,0.62,1.34,0.48,0.89,14.61,3.03,2021-VA-206,2021,202102,BB-19,15775.111434999999,0.0118874563416939,361173.59900967753,94,27,2,42.05,0,26,0.3057,0.0851,0,63.98062,-169.77538,35,2.7,9,NBS,13
2.32,0.06,0.05,0.11,0.04,0.87,0,0.29,0.12,0,14.01,0.05,0,15.55,0.18,0.71,0.53,0.52,0.51,0,0.39,0.44,0.31,0.62,3.09,0.44,5.94,7.71,0.33,0.04,0.02,0,0.63,0.5,0.22,0,0.24,0.05,1.32,0.17,0,0.22,4.97,0,7.39,0,0.34,0,0.11,0.02,2.12,0.05,0,16.88,0.02,0.29,0.55,0.33,0.15,0.67,0,0,0,0.51,0.02,1.75,0.04,5.19,0,3.11,22.73,44.25,33.02,1.45,25.81,0.31,0.06,13.53,0.68,1.11,0.54,0.77,11.79,3.25,2021-VA-207,2021,202102,AA-18,5030.877193,0.0128600130093435,143247.78199381015,94,25,1,55.14,10.81,70,0.3219,0.098,1,63.68096,-168.96346,36,1.5,8,NBS,12
0.56,0.08,0,0.08,0.06,0.21,0,0.14,1.28,0.03,9.99,0.04,0,4.56,0.14,0.47,0.84,0.17,0.53,0,0,0.47,1.25,0,4.13,0.29,8.74,9.9,1.02,0.17,0.07,0,0.54,0.26,0.1,0,0,0.03,0.18,0.18,0,0.37,0.8,1.06,0.73,0,0.93,0,0.12,0,7.19,0,0.18,21.22,0,0.21,0.51,1.28,0,0,0,0,0,0.51,0,2.5,0.19,15.68,0,3.54,18.59,29.93,51.48,2.77,41.4,0.74,0.09,4.6,0.57,0.46,0.82,0.88,25.76,1.35,2021-VA-208,2021,202102,Y-18,1965.704115,0.0130325869358487,79948.30689630446,94,23,2,42.8,0,26,0.3027,0.0417,0,62.86545,-168.82581,40,-0.2,8,NBS,12
3.1,0.03,0.09,0.18,0.09,0.63,0,0.27,0.16,0,12.64,0.06,0,17.18,0.17,0.56,0.47,0.99,0.27,0,0.45,0.29,0.17,1.11,2.8,0.25,8.07,6.84,0.29,0.05,0.02,0,0.59,0.45,0.22,0,0.24,0.01,1.94,0.15,0,0.8,3.58,0,6.04,0,0.47,0,0.15,0,1.59,0.11,0,18.19,0,0.29,0.42,0.34,0.21,0.86,0,0,0,0.32,0.04,1.64,0,4.14,0,2.65,21.2,43.95,34.85,1.64,27.03,0.23,0.08,10.67,0.6,1.36,0.61,1.18,8.86,4.39,2021-VA-209,2021,202102,BB-19,15775.111434999999,0.0118874563416939,361173.59900967753,94,27,2,52.2,0,44,0.3038,0.1046,0,63.98062,-169.77538,35,2.7,9,NBS,13
2.78,0.11,0.08,0.46,0.83,0.88,0,0.79,0.24,0,10.76,0,0,8.16,0.34,1.3,1.41,1.2,0.93,0,0.63,0,0.84,0.53,3.74,0.67,7.08,7.34,0.89,0.35,0,0,0.98,0.64,0.31,0,0.51,0.12,0.59,0.15,0,1.46,3.01,1.03,4.14,0,0,0.86,0,0.06,2.62,0,0.25,17.6,0.26,0.4,0.48,0.73,0.3,0.63,0,0,0,0.47,0,2.17,0.1,7.33,0.45,5.91,24.64,35.16,40.2,1.63,30.36,0.42,0.14,9.79,1.1,0.76,0.67,0.96,13.72,2.4,2021-VA-21,2021,202101,L-20,4901.876082,0.0131611532165982,21882.580900037585,94,106,1,90.17,17.64,270,0.3175,0.0761,0,58.66873,-169.78651,67,3.7,3,EBS,6
3.56,0.04,0.12,0.34,0.16,0.67,0,0.39,0.35,0,12.66,0.05,0,13.33,0.24,0.91,0.86,0,0.37,0,0.35,0.47,0.13,0.91,2.96,0.23,10.08,7.75,0.86,0,0.04,0,0.81,0.34,0.2,0,0.31,0.02,1.07,0.12,0,0,4.83,0,5.57,0,0.51,0,0.1,0,1.8,0.19,0,15.36,0,0.83,0.58,0.42,0.19,0.54,0.03,0,0,0.36,0,2.76,0,5.22,0,4.15,23.26,45.38,31.37,1.35,24.78,0.34,0.05,12.23,0.82,1.05,0.48,1.3,12.46,2.94,2021-VA-210,2021,202102,AA-18,5030.877193,0.0128600130093435,143247.78199381015,94,25,2,46.9,0,34,0.2874,0.0925,0,63.68096,-168.96346,36,1.5,8,NBS,12
3.45,0.02,0.09,0.14,0.04,0.61,0,0.22,0.13,0,12.39,0.13,0,13.71,0.21,0.62,0.47,0.41,0.33,0,0.32,0.39,0.36,0.6,2.95,0.5,8.69,6.41,0.6,0.05,0.03,0,0.57,0.35,0.18,0,0.29,0.05,1.1,0.14,0,0,4.77,0,7.01,0,0.46,0,0,0,1.76,0.14,0,19.1,0,0.5,0.58,0.42,0.31,0.61,0,0,0,0.33,0,2.11,0,5.33,0,2.63,21.39,44.06,34.55,1.62,28.19,0.28,0.06,13.29,0.62,1.11,0.63,1.36,12.46,3.58,2021-VA-211,2021,202102,AA-18,5030.877193,0.0128600130093435,143247.78199381015,94,25,2,51.49,0,44,0.3162,0.0936,0,63.68096,-168.96346,36,1.5,8,NBS,12
2.64,0.07,0.12,0.43,0.24,0.97,0,0.63,0.38,0,12.42,0.06,0,14.15,0.33,1.15,1.18,0.46,0.45,0,0.23,0.39,0.36,0.39,3.09,0.42,6.06,6.43,0.49,0.07,0.04,0,0.74,0.53,0.18,0,0.36,0.07,1.18,0.15,0,1.1,4.58,0,7.02,0,0.57,0,0.17,0,2.16,0.09,0.37,16.62,0,0.29,0.58,0.46,0.37,0.78,0,0,0,0.38,0,2.43,0,5.19,0,5.36,23.64,41.46,34.9,1.48,27.41,0.31,0.05,12.94,0.81,1.14,0.33,0.94,11.96,3.2,2021-VA-212,2021,202102,Y-01,3275.678977,0.012722531027151,29974.354881600706,94,24,2,43.04,0,28,0.1762,0.0424,0,62.99652,-168.20091,40,0.8,8,NBS,12
2.79,0.04,0.08,0.42,0.24,0.69,0,0.52,0.24,0,12.53,0.04,0,15.05,0.23,0.87,1.16,0.89,0.39,0,0.37,0.46,0,0.84,3.05,0.18,8.22,7.36,0.46,0,0.02,0,0.98,0.51,0.24,0,0.35,0.05,1.74,0.12,0,0,4.65,0,6.38,0,0,0.63,0,0,1.8,0.16,0,16.14,0,0.42,0.65,0.34,0.15,0.43,0.03,0,0.03,0.34,0,1.68,0.01,5.06,0,4.61,22.95,44.52,32.53,1.42,24.85,0.31,0.07,12.43,1.03,1.2,0.52,1.12,8.67,3.19,2021-VA-213,2021,202102,AA-18,5030.877193,0.0128600130093435,143247.78199381015,94,25,2,55.21,0,56,0.3398,0.112,0,63.68096,-168.96346,36,1.5,8,NBS,12
5.11,0.02,0.07,0.17,0.05,0.66,0,0.21,0.19,0,11.97,0.05,0,16.82,0.2,0.5,0.43,0.98,0.25,0,0.36,0.24,0.16,0.98,2.49,0.24,5.03,4.65,0.62,0.04,0.03,0,0.5,0.44,0.24,0,0.34,0.15,1.8,0.21,0,0.47,6.08,0,5.29,0,0.36,0,0.16,0,1.69,0.1,0,18.17,0,3.61,0,0.57,0,0.37,0,0,0,0.4,0,1.63,0,4.87,0,2.44,22.05,43.52,34.43,1.56,27.36,0.27,0.08,15.56,0.65,1.4,0.59,1.08,9.33,3.73,2021-VA-214,2021,202102,BB-01,10921.38004,0.012448021885992,111937.40039676658,94,29,2,42.12,0,22,0.2373,0.0643,0,64.0101,-168.3144,37,0.7,9,NBS,13
4.3,0,0.08,0.13,0.07,0.66,0,0.29,0.35,0,12.09,0.07,0,11,0.19,0.88,0.62,0,1.19,0.29,0.53,0,0.28,0.44,2.83,0.25,8.05,6.03,0.13,0.64,0.11,0,0.5,0.17,0,0,0,0,0.65,0.39,0,1.13,4.15,2.18,6.76,0,0,0,0,0,2.11,0.09,0,15.2,0,2.12,1.04,1.31,0.29,0.51,0.67,0,0,0.16,0,2.45,0,6.63,0,3.29,23.69,44,32.31,1.36,27.11,0.44,0.05,17.56,0.5,0.91,0.42,1.34,16.92,2.29,2021-VA-215,2021,202102,AA-18,5030.877193,0.0128600130093435,143247.78199381015,94,25,2,43.97,0,28,0.1942,0.0525,0,63.68096,-168.96346,36,1.5,8,NBS,12
2.84,0.02,0.08,0.15,0.05,0.52,0,0.18,0.11,0,12.63,0.06,0,13.8,0.14,0.55,0.43,0.84,0.33,0,0.46,0.41,0,1.15,3.31,0,12.96,8.75,0.46,0,0.04,0,0.73,0.36,0.22,0,0.29,0.04,1.55,0.09,0,0,2.52,2.07,5.76,0,0.62,0,0.09,0,1.67,0.22,0,14.73,0,0.24,0.47,0.19,0.17,0.68,0.04,0,0,0.37,0,1.82,0,4.79,0,2.38,21.11,47.92,30.97,1.47,23.2,0.32,0.08,11.26,0.77,1.09,0.74,1.48,8.92,3.08,2021-VA-216,2021,202102,BB-19,15775.111434999999,0.0118874563416939,361173.59900967753,94,27,2,55.59,0,54,0.2946,0.115,0,63.98062,-169.77538,35,2.7,9,NBS,13
1.99,0.12,0.04,0.62,0.43,0.82,0,0.88,0.67,0,11.7,0.09,0,10.65,0.44,1.56,1.75,0.44,0.57,0,0.2,0.38,0.5,0.32,3.51,0.57,5.18,6.32,0.6,0.08,0.05,0,0.69,0.36,0.1,0,0.34,0.13,0.86,0.2,0,1.69,3.28,0,2.82,0,0.88,0,0.18,0,3.54,0.13,0,22.02,0,0.36,0.21,0.43,0.21,0.52,0,0,0,0.42,0,3.47,0,6.67,0,7.11,24.62,31.46,43.92,1.78,35.47,0.3,0.06,7.1,0.83,0.91,0.33,0.82,12.32,3.3,2021-VA-217,2021,202102,Y-01,3275.678977,0.012722531027151,29974.354881600706,94,24,2,41.63,0,NA,0.3034,0.0554,0,62.99652,-168.20091,40,0.8,8,NBS,12
2.64,0.06,0.07,0.42,0.25,0.79,0,0.6,0.39,0,12.86,0.08,0,11.39,0.28,1.13,1.11,0.29,0.47,0,0.21,0.4,0.37,0.34,3.48,0.45,8.76,7.53,0.67,0.07,0.04,0,0.75,0.42,0.17,0,0.27,0.09,0.7,0.25,0,1.63,2.98,1.93,5.67,0,0.66,0,0.08,0,2.17,0.11,0.27,15.32,0,0.49,0.57,0.53,0.21,0.39,0,0,0,0.41,0,2.79,0,5.98,0,5.09,24.19,41.89,33.92,1.4,27.26,0.39,0.05,12.18,0.84,0.89,0.28,1.16,16.37,2.56,2021-VA-218,2021,202102,Y-01,3275.678977,0.012722531027151,29974.354881600706,94,24,2,43.57,0,30,0.3138,0.0653,0,62.99652,-168.20091,40,0.8,8,NBS,12
1.79,0.03,0.05,0.24,0.13,0.63,0,0.34,0.37,0,9.93,0.06,0,6.95,0.2,1.1,0.82,0,0.51,0,0,0.62,0.45,0.06,3.91,0.25,10.61,7.79,0.93,0,0.04,0,0.87,0.43,0.22,0,0.29,0.15,0.29,0.09,0,2.53,2.76,3.29,6.86,0,1.26,0,0.1,0,3.19,0.26,0,14.62,0,1.1,0.87,0.72,0.72,0.85,0,0,0,0.46,0,3.34,0,6.92,0,4.24,19.78,43.07,37.15,1.88,28.57,0.47,0.03,15.6,1.02,0.7,0.1,1.36,23.73,2.11,2021-VA-219,2021,202102,Y-01,3275.678977,0.012722531027151,29974.354881600706,94,24,2,43.68,0,26,0.1234,0.0272,0,62.99652,-168.20091,40,0.8,8,NBS,12
3.59,0.09,0.09,0.25,0.22,0.61,0,0.34,0.19,0,11.98,0,0,11.86,0.27,0.9,0.66,1.58,0.4,0,0.9,0,0.42,1.36,3.07,0.37,7.97,7.29,0.53,0.26,0.05,0,0.72,0.66,0.17,0,0.51,0.17,1.47,0.57,0,0.47,2.09,1.28,4.43,0,0,0.49,0.08,0.03,1.18,0,0.39,19.92,0.22,0.18,0.47,0.62,0.29,0.62,0,0,0,0.46,0.04,1.65,0.04,5.33,0.22,3.15,22.57,37.94,39.49,1.75,29.86,0.27,0.15,9.08,0.9,0.99,0.89,1.09,8.09,3.74,2021-VA-22,2021,202101,L-21,5266.087708,0.013591330854816,7725.512764100944,94,128,1,86.6,16.53,240,0.3107,0.1031,0,58.662350000000004,-170.43126,74,3.1,3,EBS,6
2.83,0.03,0.08,0.23,0.14,0.6,0,0.32,0.2,0,13.21,0.08,0,15.15,0.2,0.71,0.67,0.95,0.33,0,0.37,0.38,0.08,0.8,3.12,0.43,9.85,6.06,0.41,0.05,0.03,0,0.67,0.32,0.19,0,0.24,0.01,1.92,0.1,0,0,4.13,0,5.5,0,0.53,0,0.11,0,1.89,0.16,0,17.15,0,0.37,0.6,0.37,0.16,0.41,0.04,0,0,0.35,0.01,2.26,0,5.17,0,3.25,22.39,43.67,33.94,1.52,26.81,0.3,0.07,10.98,0.68,1.15,0.63,1.62,7.88,3.32,2021-VA-220,2021,202102,Y-18,1965.704115,0.0130325869358487,79948.30689630446,94,23,1,51.04,8.41,NA,0.3005,0.1095,0,62.86545,-168.82581,40,-0.2,8,NBS,12
3.21,0.08,0.13,0.78,0.46,0.69,0,0.8,0.48,0,13.02,0.1,0,12.27,0.4,1.21,1.64,0,0.44,0,0.12,0.78,0,0.14,2.71,0.31,10.58,8.22,0.75,0.07,0.03,0,1.22,0.42,0.09,0,0.41,0.16,0.41,0.16,0,0.45,5.71,0,3.53,0,0.62,0,0.1,0,2.21,0.22,0,12.33,0,1.79,0.56,0.16,0.35,0.74,0.02,0,0,0.38,0.03,2.93,0,5.57,0,6.85,25.53,45.36,29.11,1.14,22.12,0.45,0.01,11.75,1.37,0.94,0.08,1.29,30.06,2.21,2021-VA-222,2021,202102,AA-01,11182.124596,0.01286217779296725,98455.95593402667,94,30,2,43.59,0,30,0.3279,0.0954,0,63.68902,-168.26882,33,0.9,8,NBS,12
2.21,0.02,0.05,0.27,0.1,0.58,0,0.32,0.24,0,12.02,0.03,0,12.53,0.17,0.77,0.81,0.36,0.35,0,0.23,0.39,0,0.46,2.76,0.17,10.13,7.86,0.65,0,0.03,0,0.82,0.41,0.22,0,0.34,0.02,1.24,0.17,0,0,3.06,1.89,5.66,0,1.05,0,0.13,0,2.2,0.19,0,15.77,0,0.95,0.82,0.74,0.29,0.69,0.05,0,0,0.48,0.03,2.25,0.01,7.02,0,3.49,20.48,45.09,34.43,1.68,26.56,0.44,0.04,13.11,0.84,1.04,0.33,1.29,10.13,2.25,2021-VA-225,2021,202102,BB-01,10921.38004,0.012448021885992,111937.40039676658,94,29,2,45.26,0,30,0.233,0.0673,0,64.0101,-168.3144,37,0.7,9,NBS,13
2.23,0.04,0.1,0.37,0.24,0.67,0,0.42,0.34,0,13.66,0.06,0,14.43,0.27,0.82,0.96,0.27,0.5,0,0.19,0.69,0.46,0.28,2.96,0.33,10.34,8.5,0.53,0.06,0.04,0,0.88,0.31,0.1,0,0.39,0.1,0.65,0.11,0,0,3.52,0,4.5,0,0.56,0,0.09,0,2.5,0.13,0,15.6,0,0.32,0.35,0.34,0.21,0.8,0,0,0,0.36,0,2.56,0,5.86,0,4.51,23.21,44.35,32.44,1.4,25.36,0.38,0.04,9.03,0.97,1.06,0.47,1.22,22.09,2.66,2021-VA-226,2021,202102,ZZ-01,1314.156903,0.012980339992422,191392.1485454441,94,31,1,53.5,8.72,52,0.3115,0.0947,0,63.37205,-168.28373,29,0.4,8,NBS,12
2.75,0.04,0.1,0.4,0.27,0.69,0,0.46,0.36,0,11.96,0.07,0,11.92,0.28,0.92,0.93,0,0.41,0,0.13,0.6,0.38,0.23,3.11,0,12.37,7.55,0.67,0.07,0.05,0,1.1,0.27,0.07,0,0.33,0.31,0.71,0.07,0,0,4.91,0,4.13,0,0.76,0,0.11,0,2.49,0.26,0,13.37,0,0.83,0.47,0.39,0.2,0.49,0.04,0,0,0.39,0,3.24,0,8.35,0,4.63,22.3,44.35,33.35,1.5,26.66,0.62,0.03,10.73,1.41,1,0.25,1.64,16.81,1.6,2021-VA-228,2021,202102,ZZ-01,1314.156903,0.012980339992422,191392.1485454441,94,31,1,50.44,8,42,0.3222,0.1131,0,63.37205,-168.28373,29,0.4,8,NBS,12
2.37,0.07,0.3,0.47,0.77,0.56,0,0.61,0.16,0,10.95,0,0,9.15,0.26,1.09,1.13,1.18,0.52,0,0.25,0,0.63,0.44,3.55,0.59,10.16,9.44,0.79,0.31,0.07,0,0.95,0.67,0.21,0,0.58,0.08,0.68,0.11,0,0.92,3.82,1.66,5.24,0,0,0.81,0,0.07,1.91,0,0.3,14.68,0.29,0.47,0.74,1.1,0.34,0.75,0,0,0,0.5,0,1.72,0.05,4.98,0.53,4.79,22.67,44.57,32.77,1.45,23.98,0.34,0.11,13.04,1.03,0.84,0.59,1.08,13.55,2.95,2021-VA-23,2021,202101,M-20,9284.736035,0.0137065999703787,15612.91643897647,94,105,1,88.71,16.85,248,0.3207,0.0898,0,58.99643,-169.83571,63,3.5,3,EBS,6
2.69,0.03,0.06,0.25,0.08,0.77,0,0.37,0.35,0,11.65,0.07,0,11.84,0.21,0.78,0.82,0.76,0.49,0,0.28,0.43,0.49,0.45,3.13,0.54,6.58,6.4,0.49,0.05,0.04,0,0.74,0.35,0.13,0,0.39,0.07,1.45,0.19,0,0.59,4.5,0,6.35,0,0.8,0,0.14,0,2.23,0.23,0,18.57,0,0.5,0.5,0.66,0.44,0.61,0.04,0,0,0.44,0,2.69,0,7.33,0,3.84,21.39,39.18,39.43,1.84,31.44,0.4,0.08,12.51,0.81,1.02,0.5,1.03,8.15,2.53,2021-VA-231,2021,202102,BB-02,15830.890916,0.0127300904224098,244666.83005778698,94,34,1,47.86,7.88,38,0.3128,0.0881,0,64.029,-167.56952,35,3.5,9,NBS,13
2.77,0.05,0.11,0.45,0.31,0.81,0,0.52,0.4,0,12.22,0.08,0,13.69,0.31,1.03,1.14,0.74,0.48,0,0.27,0.65,0.49,0.38,2.8,0.43,8.78,7.29,0.53,0.06,0.04,0,0.94,0.29,0.2,0,0.44,0.08,0.69,0.13,0,0.6,3.68,0,4.61,0,0.67,0,0.13,0,2.66,0.13,0,15.57,0,0.6,0.53,0.44,0.44,1.46,0,0,0,0.43,0,2.4,0,6.02,0,5.32,22.99,41.79,35.22,1.53,25.99,0.39,0.07,9.85,1.02,1.12,0.55,1.2,19.77,2.58,2021-VA-235,2021,202102,ZZ-01,1314.156903,0.012980339992422,191392.1485454441,94,31,1,50.34,8.43,50,0.2886,0.0857,0,63.37205,-168.28373,29,0.4,8,NBS,12
4.36,0.02,0.06,0.17,0.05,0.64,0,0.22,0.22,0,12,0.07,0,16.89,0.19,0.62,0.46,1.17,0.3,0,0.52,0.3,0.17,1.43,2.8,0.22,5.98,5.26,0.74,0.06,0.04,0,0.61,0.34,0.24,0,0.3,0.01,2.45,0.21,0,0,4.62,0,4.65,0,0.59,0,0.14,0,2.1,0.15,0,19.64,0,0.68,0.13,0.24,0,0.15,0.01,0,0.02,0.32,0,1.91,0.01,5.52,0,2.68,21.87,40.09,38.03,1.74,29.86,0.28,0.1,10.32,0.62,1.41,0.79,1.14,6.9,3.55,2021-VA-236,2021,202102,BB-01,10921.38004,0.012448021885992,111937.40039676658,94,29,2,45,0,28,0.2932,0.0791,0,64.0101,-168.3144,37,0.7,9,NBS,13
4.02,0.02,0.11,0.15,0.06,0.63,0,0.22,0.09,0,13.44,0.05,0,19.42,0.17,0.49,0.42,0.98,0.2,0,0.49,0.3,0.05,1.27,2.39,0.19,8.16,4.85,0.27,0.04,0.02,0,0.47,0.27,0.22,0,0.32,0.13,1.88,0.15,0,0,4.26,0,5.25,0,0.29,0,0.13,0,1.31,0.08,0,17.39,0,1.38,0.49,0.28,0.12,0.24,0,0,0,0.28,0.05,1.55,0,4.98,0,2.36,22.13,45.21,32.66,1.48,26.11,0.29,0.08,11.65,0.6,1.45,0.8,1.68,10.32,3.49,2021-VA-237,2021,202102,BB-01,10921.38004,0.012448021885992,111937.40039676658,94,29,2,41.78,0,24,0.2999,0.1003,0,64.0101,-168.3144,37,0.7,9,NBS,13
3.07,0.1,0.14,0.26,0.35,0.58,0,0.37,0.22,0,11.75,0,0,11.16,0.23,0.84,0.65,1.26,0.35,0,0.73,0,0.46,1.29,3.2,0.29,8.62,6.9,0.5,0.25,0,0,0.68,0.64,0.18,0,0.45,0.18,1.5,0.52,0,0.57,2.12,1.55,4.59,0,0,0.51,0.08,0.06,1.02,0,0.35,20.27,0.28,0.23,0.46,1.27,0.33,0.56,0,0,0,0.37,0,1.35,0.05,5.88,0.38,3.28,22.14,38.68,39.19,1.77,30.56,0.29,0.14,10.22,0.85,0.95,0.79,1.25,7.43,3.45,2021-VA-24,2021,202101,K-20,6400.780089,0.01297932976006425,7088.193435309142,94,107,1,93.29,17.1,NA,0.3308,0.0975,0,58.33916,-169.72913,69,3.1,3,EBS,6
1.97,0.02,0.25,0.27,0.08,0.68,0,0.33,0.3,0,13.56,0.08,0,10.57,0.18,0.9,0.75,0.49,0.53,0,0.13,0.63,0.52,0.21,3.37,0.36,11.48,8.45,0.64,0,0.06,0,0.7,0.29,0.21,0,0.33,0.08,0.5,0.17,0,0,4.34,0,5.49,0,0.8,0,0.06,0,2.74,0.18,0,14.9,0,0.47,0.39,0.51,0.33,0.83,0,0,0,0.43,0,2.76,0,6.7,0,3.94,22.76,43.82,33.42,1.47,25.64,0.45,0.05,11.19,0.78,0.78,0.58,1.36,21.31,2.22,2021-VA-240,2021,202102,BB-02,15830.890916,0.0127300904224098,244666.83005778698,94,34,1,50.33,8.65,NA,0.3812,0.1097,0,64.029,-167.56952,35,3.5,9,NBS,13
2.84,0.08,0.19,0.57,0.54,0.75,0,0.67,0.23,0,11.53,0,0,8.89,0.3,1.22,1.22,1.5,0.58,0,0.58,0,0.46,0.37,3.81,0.74,9.41,7.74,0.92,0.3,0.08,0,0.95,0.62,0.21,0,0.61,0.11,0.58,0.14,0,0.84,4.09,1.35,4.85,0,0,0.94,0.13,0.06,2.21,0,0.22,14.27,0.18,0.47,0.57,1.05,0.43,0.73,0,0,0,0.5,0,2.16,0.07,5.75,0.39,5.19,24.34,41.27,34.39,1.41,24.38,0.4,0.12,12.38,1.06,0.77,0.7,1.22,15.28,2.48,2021-VA-25,2021,202101,L-20,4901.876082,0.0131611532165982,21882.580900037585,94,106,1,80.61,15.91,200,0.3315,0.0947,0,58.66873,-169.78651,67,3.7,3,EBS,6
2.61,0.11,0.07,0.33,0.76,0.54,0,0.44,0.35,0,10.05,0,0,9.72,0.25,0.82,0.91,1.39,0.41,0,0.34,0,0.66,1.08,3.34,0.34,7.13,6.5,0.51,0.24,0,0,0.78,0.74,0.24,0,0.48,0.18,1.25,0.14,0.53,0,2.86,1.57,5.1,0,0,0.71,0.11,0.11,1.8,0,0.37,21.32,0.28,0.48,0.72,0.63,0.16,0.78,0,0,0,0.48,0,1.96,0.09,6.3,0.91,4.15,21.68,37.04,41.27,1.9,32.03,0.3,0.15,11.37,0.96,0.97,0.91,1.1,7.8,3.38,2021-VA-26,2021,202101,K-20,6400.780089,0.01297932976006425,7088.193435309142,94,107,1,94.23,19.12,318,0.1519,0.0455,0,58.33916,-169.72913,69,3.1,3,EBS,6
3.06,0.1,0.1,0.23,0.41,0.64,0,0.35,0.2,0,12.64,0,0,10.77,0.24,0.84,0.65,1.21,0.43,0,0.71,0,0.57,1.26,3.79,0.29,8.52,6.37,0.47,0.26,0,0,0.68,0.52,0.21,0,0.4,0.16,1.31,0.49,0,0.56,2.01,1.51,4.53,0,0,0.53,0.08,0.09,1.26,0,0.35,20.88,0.26,0.15,0.5,0.58,0.27,0.54,0,0,0,0.29,0,1.27,0.06,5.89,0.51,3.32,23.75,36.8,39.44,1.66,31,0.28,0.14,9.28,0.84,0.85,0.87,1.34,8.2,3.54,2021-VA-27,2021,202101,K-20,6400.780089,0.01297932976006425,7088.193435309142,94,107,1,91.12,18.11,NA,0.3485,0.1121,0,58.33916,-169.72913,69,3.1,3,EBS,6
2.44,0.02,0.14,0.29,0.67,0.49,0,0.47,0.05,0,13.19,0.1,0,10.78,0.17,0.81,0.77,0,0.67,0.44,0.85,0,0.4,0.42,3.1,0.42,13.67,8.86,0.12,0.56,0.21,0,0.92,0.16,0,0,0,0.18,0.58,0.22,0.25,0,3.34,1.83,4.06,0,0,0.58,0,0,2.05,0.09,0,13.19,0,0.93,0.58,0.65,0.26,0.57,0.46,0,0,0.04,0.04,2.29,0,6.19,0.45,3.97,23.64,46.66,29.69,1.26,23.43,0.47,0.06,11.39,1.1,0.82,0.74,1.54,18.7,2.13,2021-VA-28,2021,202101,HG2019,7205.887799,0.0133272220047582,2251.0317596037,94,113,1,86.41,15.7,220,0.3406,0.1465,0,57.17713,-169.31361,73,4.1,2,EBS,5
2.46,0.02,0.08,0.51,0.39,0.59,0,0.49,0.07,0,9.78,0,0,7.74,0.22,1.06,1.04,0.86,0.55,0,0.73,0,0.38,0.18,3.64,0.64,9.88,9.65,0.83,0.29,0.06,0,1.06,0.76,0.23,0,0.53,0.05,0.53,0.19,0,1.29,3.96,2.04,7.33,0,0,1.14,0.14,0.04,2,0,0.28,13.59,0.1,0.51,0.67,1.87,0.45,0.87,0,0,0,0.54,0,2.11,0.07,5.13,0.37,4.13,20.8,46.09,33.11,1.59,23.37,0.38,0.11,16.38,1.11,0.79,0.46,1.02,14.59,2.65,2021-VA-29,2021,202101,L-20,4901.876082,0.0131611532165982,21882.580900037585,94,106,1,91.6,17.72,284,0.3448,0.0859,0,58.66873,-169.78651,67,3.7,3,EBS,6
2.62,0,0.42,0.63,0.19,0.68,0,0.67,0.09,0,10.65,0,0,8.24,0.28,1.4,1.22,1.49,0.63,0,0.61,0,0.29,0.58,3.14,0.66,9.36,7.62,1.12,0.4,0,0,1.08,0.68,0.27,0,0,0.15,0.65,0.2,0,1.07,3.28,1.27,4.01,0,0,1.09,0,0.04,2.8,0,0.29,17.45,0.14,0.2,0.47,1.51,0.33,0.4,0,0,0,0.46,0,2.61,0,6.37,0.19,4.88,22.09,39.03,38.88,1.76,28.88,0.37,0.13,10.74,1.23,0.77,0.73,1.23,12.61,2.74,2021-VA-3,2021,202101,M-20,9284.736035,0.0137065999703787,15612.91643897647,94,105,1,84.45,13.96,212,0.3592,0.0853,0,58.99643,-169.83571,63,3.5,3,EBS,6
1.66,0.03,0.05,0.33,0.16,0.57,0,0.42,0.14,0,11.06,0,0,7.45,0.21,1.09,0.98,0.95,0.61,0,0.24,0,0.49,0.34,3.95,0.38,7.63,8.62,0.83,0.32,0,0,0.85,0.61,0.22,0,0.43,0.08,0.67,0.14,0,1.01,2.29,1.24,4.52,0,0,1.34,0,0.03,3.06,0,0.3,20.23,0.3,0.18,0.5,2.91,0,0.48,0,0,0,0.51,0,2.14,0,7.25,0.24,3.7,21.33,37.35,41.31,1.94,32.15,0.36,0.1,11.64,0.93,0.67,0.5,0.88,11.15,2.79,2021-VA-30,2021,202101,N-20,38333.052856,0.0145007528107365,2827.4394119485437,94,104,1,86.27,15.7,206,0.3154,0.0739,0,59.32582,-169.88594,61,3.1,3,EBS,6
2.3,0.06,0.06,0.48,0.31,0.7,0,0.73,0.37,0,10.02,0,0,6.54,0.27,1.55,1.46,1.6,0.72,0,0.69,0,0.81,0.19,3.66,0.48,7.31,7.16,1.01,0.42,0,0,0.87,0.63,0.26,0,0.38,0.12,0.26,0.14,0,0.55,2.9,1.44,3.95,0,0,1.05,0.11,0.07,3.96,0,0.22,18.01,0.18,0.99,0.89,0.89,0.28,0.62,0,0,0,0.77,0,2.92,0.11,7.85,0.66,5.6,22.72,34.98,42.3,1.86,30.74,0.44,0.16,11.07,1,0.65,1.02,1.02,24.93,2.29,2021-VA-31,2021,202101,C-07,6459.317972,0.0143957253812526,69.46506504648174,94,42,1,89.65,15.65,270,0.3161,0.0659,0,55.71306,-163.98506,93,3.5,NA,NA,NA
1.49,0.02,0.04,0.18,0.15,0.5,0,0.28,0.1,0,10.07,0,0,8.13,0.2,0.91,0.81,0.88,0.51,0,0.26,0,0.55,0.45,2.94,0.27,9.67,9.05,0.67,0.2,0,0,1.03,0.68,0.2,0,0.31,0.1,0.77,0.11,0,0.72,2.79,2.54,7.84,0,0,0.83,0.11,0.04,2.46,0,0.32,15.84,0.2,0.59,0.92,1,0.13,1.53,0,0,0,0.57,0,2.71,0.04,6.99,0.28,2.92,18.24,44.19,37.57,2.06,28.02,0.44,0.1,15.69,1.12,0.81,0.55,1.07,10.51,2.27,2021-VA-32,2021,202101,S-23,3381.863706,0.0141766848480378,1269.690353770641,94,137,1,93.86,16.29,NA,0.3066,0.0729,0,61.00118,-172.13922,64,1.7,4,EBS,9
2.18,0.1,0.09,0.3,0.27,0.61,0,0.33,0.32,0,12.31,0,0,12.16,0.28,0.96,0.68,1.43,0.52,0,0.6,0,0.37,0.99,3.23,0.54,9.1,9.52,0.58,0.43,0.03,0,0.89,0.76,0.18,0,0.41,0.11,1,0.12,0,0.44,3.34,1.46,6.52,0,0,0.48,0.08,0.03,0.99,0,0.27,15.28,0.13,0.44,0.54,0.85,0.1,1.34,0,0,0,0.4,0,1.57,0.05,4.06,0.26,3.47,22.01,46.11,31.88,1.45,23.09,0.27,0.12,13.15,1,0.99,0.86,0.96,12.21,3.76,2021-VA-33,2021,202101,M-21,2279.62811,0.01310937946425855,23265.784687334202,94,129,1,83.67,17.06,236,0.3166,0.1074,1,58.98934,-170.47748,72,2.8,3,EBS,6
2.58,0.09,0.09,0.36,0.41,0.61,0,0.4,0.27,0,12.08,0,0,11.98,0.33,1.02,0.91,1.44,0.48,0,0.8,0,0.2,1.45,3.13,0.49,9.22,8.08,0.56,0.49,0.04,0,0.89,0.75,0.18,0,0.42,0.06,1.13,0.48,0.35,0,2.56,1.32,4.43,0,0,0.47,0,0.03,1.09,0,0.32,18.51,0.14,0.2,0.46,0.97,0.22,0.76,0,0,0,0.3,0,1.53,0,4.57,0.35,3.98,22.87,41.54,35.6,1.56,26.3,0.25,0.14,9.94,0.95,0.99,0.99,1.14,10.63,4.05,2021-VA-34,2021,202101,M-21,2279.62811,0.01310937946425855,23265.784687334202,94,129,1,86.17,16.5,214,0.3256,0.1165,0,58.98934,-170.47748,72,2.8,3,EBS,6
2.5,0.07,0.06,0.19,0.12,0.81,0,0.23,0.11,0,10.11,0,0,14.96,0.22,0.62,0.67,1.1,0.52,0,1.29,0,0.33,0.25,3.07,0.48,8.38,8.43,0.61,0.11,0.04,0,1.18,0.49,0.3,0,0.32,0.23,0.72,0.18,0,0.46,3.07,2.4,7.56,0,0,1.27,0.18,0.04,1.82,0,0.51,13.79,0.11,0.73,0.68,1.01,0.29,0.62,0,0,0,0.3,0,1.73,0.05,4.36,0.3,2.75,19.23,49.03,31.74,1.65,22.12,0.32,0.11,15.46,1.41,1.48,0.76,0.99,20.79,3.16,2021-VA-35,2021,202101,S-22,118.364819,0.015047540709927,3588.626277274379,94,136,1,84.31,15.32,NA,0.3097,0.0773,0,60.97536,-171.49696,61,1.7,4,EBS,9
2.55,0.09,0.11,0.33,0.46,0.54,0,0.46,0.3,0,12.07,0,0,11.22,0.29,0.97,0.91,1.74,0.41,0,0.74,0,0.44,1.11,3.15,0.46,9.61,8.38,0.64,0.29,0.05,0,0.91,0.72,0.18,0,0.53,0.03,1.42,0.56,0,0.53,2.47,1.35,4.4,0,0,0.59,0.08,0.04,1.14,0,0.32,17.89,0.13,0.21,0.5,0.45,0.19,0.66,0,0,0,0.42,0,1.6,0.04,5,0.3,3.97,22.45,40.7,36.85,1.64,27.23,0.28,0.15,9.39,0.93,0.93,0.82,1.15,7.9,3.58,2021-VA-36,2021,202101,L-21,5266.087708,0.013591330854816,7725.512764100944,94,128,1,85.02,16.03,238,0.2986,0.0933,0,58.662350000000004,-170.43126,74,3.1,3,EBS,6
2.25,0.04,0.14,0.33,0.13,0.66,0,0.37,0.04,0,11.34,0.1,0,10.7,0.18,0.92,0.72,0,0.55,0.38,0.75,0,0.34,0.18,3.11,0.47,12.37,7.96,0.15,0.67,0.22,0,0.9,0.13,0,0,0,0.16,0.47,0.42,0.18,0.09,4.12,2.07,4.95,0,0,0,0,0,3,0.1,0,14.22,0,1.11,0.71,1.26,0.51,0.7,0.5,0,0,0.36,0,2.65,0,6.03,0.31,3.54,21.01,47.26,31.73,1.51,24.56,0.42,0.05,14.23,1.06,0.94,0.54,1.55,22.65,2.36,2021-VA-37,2021,202101,J-23,13137.891085,0.0148162613501859,6276.8871176015755,94,150,1,87.9,15.27,248,0.3821,0.137,0,58.00583,-171.59305,98,3.3,2,EBS,5
1.57,0.07,0.04,0.32,0.24,0.58,0,0.41,0.28,0,9.29,0,0,8.36,0.25,1.15,1.17,1.39,0.54,0,0.48,0,0.58,0.38,2.86,0.63,8.41,8.07,0.84,0.26,0,0,0.96,0.54,0.25,0,0.66,0.05,0.45,0.48,0,0.51,3.39,2.04,6.43,0,0,1.38,0.12,0.07,2.31,0,0.4,16.18,0.19,0.53,0.74,2.61,0.56,0.81,0,0,0,0.56,0,3.25,0.07,5.82,0.45,4.16,18.82,43.06,38.12,2.03,27.25,0.36,0.14,15.75,1.01,0.9,0.73,1.04,18.59,2.78,2021-VA-38,2021,202101,Q-22,170.51616,0.01429758415034235,29010.0268435957,94,134,1,88.7,17.99,266,0.4644,0.1218,1,60.33417,-171.33298,67,2.3,4,EBS,9
1.9,0.03,0.05,0.44,0.23,0.57,0,0.41,0.17,0,8.8,0,0,6.25,0.22,1.05,0.97,1.18,0.52,0,0.41,0.02,0.56,0.41,2.91,0.4,9.63,9,0.88,0.28,0,0,0.99,0.65,0.2,0,0.33,0.06,0.48,0.15,0,1.9,3.68,2.35,6.12,0,0,1.77,0,0.06,2.88,0,0.27,14.6,0.32,1.39,1.04,1.91,0.4,0.87,0,0,0,0.61,0,2.45,0,6.71,0.54,3.87,18.38,43.76,37.87,2.06,27.03,0.46,0.14,16.49,1.05,0.71,0.54,1.07,13.04,2.18,2021-VA-39,2021,202101,PO2524,2255.136388,0.01035953748238365,23553.175073203893,94,142,1,89.76,16.4,276,0.4337,0.0938,0,59.83505,-172.90544,79,2,4,EBS,9
2.66,0.06,0.16,0.39,0.19,0.7,0,0.46,0.17,0,11.65,0,0,9.34,0.21,1.11,0.93,1.42,0.55,0,0.56,0,0.48,0.61,3.21,0.58,9.96,8.39,0.79,0.29,0,0,0.98,0.61,0.21,0,0.56,0.11,0.56,0.14,0,1.09,3.26,1.62,6.09,0,0,1.01,0,0.04,1.92,0,0.24,14.63,0.18,0.32,0.57,1.6,0.44,0.71,0,0,0,0.41,0,1.93,0,5.57,0.32,3.96,22.31,43.49,34.2,1.53,24.62,0.38,0.13,13.46,1.09,0.8,0.72,1.19,16.66,2.63,2021-VA-4,2021,202101,M-20,9284.736035,0.0137065999703787,15612.91643897647,94,105,1,87.83,16.69,238,0.3229,0.0782,0,58.99643,-169.83571,63,3.5,3,EBS,6
2.19,0.08,0.06,0.2,0.19,0.69,0,0.26,0.12,0,9.6,0,0,12.44,0.24,0.68,0.79,1.1,0.56,0,0.32,0,0.44,0.49,2.84,0.55,7.1,9.15,0.69,0.12,0,0,1.08,0.49,0.26,0,0.36,0.12,0.86,0.2,0,0.56,3.25,0.86,8.02,0,0,1.25,0,0.05,2.19,0,0.39,16.11,0.22,0.43,0.54,1.18,0.49,1.1,0,0,0.43,0.6,0,2.17,0.05,5.58,0.27,2.92,18.51,44.9,36.58,1.98,26.23,0.35,0.09,14.28,1.2,1.3,0.6,0.78,14.43,2.89,2021-VA-40,2021,202101,S-22,118.364819,0.015047540709927,3588.626277274379,94,136,1,78.81,14.72,NA,0.3247,0.093,0,60.97536,-171.49696,61,1.7,4,EBS,9
0.43,0.03,0,0.1,0.11,0.35,0,0.21,0,0,10.09,0,0,3.47,0.12,0.73,0.63,0.23,1.2,0,0.47,0,1.76,0.04,5.21,0.57,6.16,9.64,1.11,0.26,0,0,0.69,0.34,0.22,0,0.21,0.13,0.11,0.12,0,0.39,1.21,0.93,2.26,0,0,1.42,0,0,7.9,0,0.11,23.57,0.2,0.09,0.34,1.65,0.14,0.25,0,0,0,0.57,0,3.01,0,11.01,0.24,2.12,19.28,28.02,52.69,2.73,40.09,0.47,0.15,6.47,0.81,0.34,1.13,0.64,30.32,2.14,2021-VA-41,2021,202101,S-23,3381.863706,0.0141766848480378,1269.690353770641,94,137,1,70.37,13.38,144,0.3434,0.0635,0,61.00118,-172.13922,64,1.7,4,EBS,9
2.18,0.07,0.05,0.21,0.17,0.66,0,0.33,0.15,0,9.93,0,0,8.49,0.22,0.93,0.98,1.43,0.61,0,0.48,0,0.66,0.62,2.91,0.72,8.44,5.99,0.75,0.13,0,0,0.84,0.44,0.24,0,0.53,0.06,0.59,0.52,0,1.34,2.24,0.94,3.78,0,0,0.68,0.08,0.04,3.4,0,0.37,21.43,0.49,0.29,0.64,1.82,0.42,0.51,0,0,0,0.67,0,2.9,0.05,7.21,0.38,3.43,19.71,34.87,45.42,2.3,34.57,0.34,0.15,9.71,0.9,0.85,0.7,1.41,14.42,2.97,2021-VA-42,2021,202101,Q-22,170.51616,0.01429758415034235,29010.0268435957,94,134,1,87.42,16.62,232,0.3132,0.0737,0,60.33417,-171.33298,67,2.3,4,EBS,9
2.54,0.11,0.1,0.36,0.29,0.62,0,0.37,0.37,0,12.44,0,0,11.29,0.3,1.05,0.85,1.56,0.44,0,0.7,0,0.21,1.18,3.12,0.44,9.62,8.82,0.62,0.47,0.04,0,0.86,0.73,0.17,0,0.47,0.06,1.08,0.1,0,0.38,2.68,1.43,4.86,0,0,0.5,0.08,0.03,1.1,0.16,0.29,16.43,0.27,0.27,0.55,1.2,0.22,0.78,0,0,0,0.55,0,1.95,0.05,4.6,0.25,3.9,22.9,42.91,34.18,1.49,25.16,0.28,0.13,11,0.92,0.91,0.94,1.09,10.44,3.57,2021-VA-43,2021,202101,M-21,2279.62811,0.01310937946425855,23265.784687334202,94,129,1,81.27,15.67,206,0.3232,0.1106,0,58.98934,-170.47748,72,2.8,3,EBS,6
1.5,0.03,0.04,0.4,0.26,0.56,0,0.55,0.45,0,8.89,0,0,4.85,0.21,1.35,1.35,1.64,0.58,0,0.52,0,0.83,0.08,3.37,0.41,9.22,7.42,0.89,0.46,0,0,0.99,0.61,0.25,0,0.33,0.22,0.22,0.13,0,1.71,4.04,2.23,5.66,0,0,1.15,0.1,0.08,3.56,0,0.2,14.83,0.22,1.69,1.16,1.47,0.47,1.01,0,0,0,0.98,0,2.75,0.11,7.19,0.75,4.93,19.72,40.51,39.77,2.02,27.95,0.48,0.18,16.25,1.21,0.55,0.69,1.24,21.86,2.06,2021-VA-44,2021,202101,PO2524,2255.136388,0.01035953748238365,23553.175073203893,94,142,1,93.03,17.04,286,0.315,0.0734,0,59.83505,-172.90544,79,2,4,EBS,9
2.34,0.07,0.18,0.5,0.34,0.66,0,0.93,0.17,0,10.32,0,0,8.36,0.33,1.81,1.74,1.16,0.63,0,0.17,0,0.65,0.26,3.34,0.64,6.62,7.34,1.12,0.33,0,0,0.85,0.57,0.22,0,0.61,0.05,0.3,0.16,0,1.47,3.18,0.85,2.88,0,0,0.73,0.12,0.04,3.53,0,0.31,18.12,0.59,0.42,0.6,3.61,0,0.44,0,0,0,0.61,0.02,2.87,0.12,6.22,0.52,6.15,23.59,36.97,39.44,1.67,30,0.34,0.11,11.53,0.9,0.81,0.53,0.9,27.53,2.92,2021-VA-45,2021,202101,PO2524,2255.136388,0.01035953748238365,23553.175073203893,94,142,1,87.4,15.79,262,0.307,0.0689,0,59.83505,-172.90544,79,2,4,EBS,9
2.9,0.1,0.09,0.28,0.4,0.55,0,0.35,0.22,0,11.8,0,0,11.5,0.28,0.88,0.66,1.6,0.41,0,0.94,0,0.51,1.51,3.13,0.39,7.97,6.9,0.52,0.27,0,0,0.77,0.73,0.2,0,0.48,0.2,1.56,0.57,0,0.75,2.19,1.05,3.72,0,0,0.41,0.07,0.04,1.15,0,0.34,21.81,0.16,0.17,0.47,0.4,0.19,0.65,0,0,0,0.37,0,1.37,0.06,5.52,0.43,3.35,21.94,36.34,41.71,1.9,32.07,0.25,0.16,8,0.97,0.97,0.87,1.16,7.36,3.95,2021-VA-46,2021,202101,L-21,5266.087708,0.013591330854816,7725.512764100944,94,128,1,86.96,15.03,238,0.325,0.0944,0,58.662350000000004,-170.43126,74,3.1,3,EBS,6
2.6,0.11,0.11,0.43,0.33,0.69,0,0.45,0.39,0,12.75,0,0,11.15,0.37,1.24,0.98,1.69,0.53,0,0.35,0,0.43,1.18,3.41,0.62,8.11,7.45,0.6,0.56,0,0,0.87,0.73,0.17,0,0.54,0.18,1.08,0.56,0,0.41,2.61,1.02,3.72,0,0,0.39,0.07,0,1.16,0,0.29,18.71,0.13,0.18,0.46,1.6,0,0.76,0,0,0,0.52,0,1.92,0,5.18,0.19,4.5,24.03,38.77,37.2,1.55,28.2,0.28,0.13,9.6,1.05,0.87,0.8,1.09,10.36,3.61,2021-VA-47,2021,202101,M-21,2279.62811,0.01310937946425855,23265.784687334202,94,129,1,82.07,16.3,206,0.3572,0.107,0,58.98934,-170.47748,72,2.8,3,EBS,6
1.99,0.04,0.15,0.49,0.22,0.56,0,0.68,0.22,0,10.25,0,0,5.59,0.23,1.4,1.33,1.45,0.58,0,0.53,0,0.53,0.17,3.05,0.28,8.08,7.42,1.04,0.37,0,0,0.87,0.57,0.19,0,0.44,0.28,0.25,0.14,0,2.78,4.05,2.04,3.98,0,0,1.06,0.14,0.05,3.73,0,0.25,15.66,0.17,2.86,1,1.18,0.28,0.56,0,0,0,0.78,0,2.69,0.11,6.7,0.54,4.9,21.14,38.82,40.04,1.89,29.14,0.43,0.14,15.1,1.15,0.55,0.49,1.09,22.22,2.34,2021-VA-48,2021,202101,PO2524,2255.136388,0.01035953748238365,23553.175073203893,94,142,1,88.1,16.61,264,0.3135,0.0659,0,59.83505,-172.90544,79,2,4,EBS,9
3.09,0.1,0.32,0.53,0.25,0.81,0,0.79,0.24,0,9.35,0,0,8.32,0.34,1.36,1.14,1.67,0.55,0,0.25,0,0.52,0.56,2.97,0.72,5.84,6.17,0.92,0.27,0,0,0.64,0.55,0.19,0,0.45,0.07,0.45,0.37,0,0.55,2.56,1.05,2.85,0,0,0.66,0.07,0,2.91,0,0.32,19.43,1.35,0.51,0.68,5.24,0,0.47,0,0,0,0.97,0,3.16,0,7.06,0.37,5.13,22.52,36.16,41.32,1.83,31.56,0.36,0.14,12.9,0.7,0.89,0.92,0.95,18.42,2.75,2021-VA-49,2021,202101,PO2524,2255.136388,0.01035953748238365,23553.175073203893,94,142,1,92.21,18.07,292,0.6137,0.1331,0,59.83505,-172.90544,79,2,4,EBS,9
2.56,0.08,0.11,0.19,0.34,0.49,0,0.26,0.15,0,12.58,0,0,12.42,0.19,0.64,0.51,1.06,0.36,0,0.43,0,0.42,0.8,3.32,0.27,12.33,9.74,0.5,0.2,0.01,0,0.81,0.63,0.19,0,0.38,0.07,1.13,0.1,0,0.39,2.19,1.78,5.54,0,0,0.56,0.08,0.05,1.05,0,0.33,15.94,0.27,0.22,0.53,0.64,0.22,0.63,0,0,0,0.33,0,1.07,0.05,4.4,0.46,2.6,21.86,47.12,31.02,1.42,23.75,0.28,0.1,10.89,0.88,0.99,0.73,1.27,10.99,3.63,2021-VA-5,2021,202101,K-20,6400.780089,0.01297932976006425,7088.193435309142,94,107,1,93.36,18.15,288,0.3763,0.132,0,58.33916,-169.72913,69,3.1,3,EBS,6
2.05,0.06,0.04,0.3,0.24,0.58,0,0.43,0.33,0,9.36,0,0,8.19,0.27,1.11,1.2,1.74,0.51,0,0.35,0,0.68,0.52,2.97,0.72,7.23,6.76,0.86,0.27,0,0,0.93,0.57,0.22,0,0.61,0.06,0.56,0.51,0,0.51,3.25,1.71,4.99,0,0,1.31,0,0.06,2.87,0,0.44,19.34,0.26,0.7,0.8,1.51,0.43,0.67,0,0,0,0.68,0,3.23,0.09,6.36,0.59,4.19,19.55,37.88,42.58,2.18,31.17,0.33,0.16,12.95,0.99,0.88,0.83,1.07,14.63,3.04,2021-VA-50,2021,202101,Q-22,170.51616,0.01429758415034235,29010.0268435957,94,134,1,90.79,16.76,250,0.3106,0.0816,0,60.33417,-171.33298,67,2.3,4,EBS,9
1.87,0.05,0.03,0.24,0.26,0.53,0,0.42,0.38,0,9.9,0,0,7.49,0.24,1.28,1.36,1.3,0.68,0,0.44,0,0.69,0.39,3.52,0.78,7.07,7.41,1,0.29,0,0,0.89,0.52,0.26,0,0.55,0.15,0.49,0.51,0,1.71,2.78,1.4,4.32,0,0,1,0,0.05,3.2,0,0.38,20.03,0.14,0.71,0.7,0.87,0.22,0.53,0,0,0,0.67,0,3.49,0.09,6.14,0.56,4.47,20.77,35.65,43.58,2.1,33.1,0.31,0.14,10.77,1.04,0.76,0.55,0.95,15.18,3.26,2021-VA-51,2021,202101,Q-22,170.51616,0.01429758415034235,29010.0268435957,94,134,1,88.37,15.95,228,0.3161,0.0765,0,60.33417,-171.33298,67,2.3,4,EBS,9
2.25,0.06,0.07,0.2,0.12,0.65,0,0.26,0.1,0,11.29,0,0,11.38,0.24,0.76,0.48,1.3,0.49,0,0.67,0,0.36,1.12,3.02,0.36,7.81,8.67,0.53,0.17,0,0,0.98,0.82,0.18,0,0.37,0.07,1.16,0.34,0,0.43,3.23,0.72,7.79,0,0,0.58,0.11,0.03,1.44,0,0.38,18,0.28,0.32,0.64,1.03,0.05,1.27,0,0,0,0.42,0,1.54,0.04,5.12,0.31,2.57,20.03,43.26,36.71,1.83,27.06,0.28,0.13,13.73,1.05,1.01,0.79,0.9,9.84,3.52,2021-VA-52,2021,202101,P-21,807.025039,0.0147210003748203,4483.39095982162,94,132,1,82.81,14.45,NA,0.3047,0.0924,0,59.99164,-170.63108,65,3.3,4,EBS,9
1.34,0.04,0.03,0.3,0.22,0.5,0,0.39,0.23,0,9.45,0,0,7.82,0.25,1.11,1.19,1.18,0.63,0,0.23,0,0.59,0.24,3.49,0.57,7.7,9.06,0.82,0.26,0.05,0,0.97,0.7,0.24,0,0.48,0.05,0.56,0.11,0,0.93,3.27,1.9,7.28,0,0,1.18,0.13,0.05,2.63,0,0.37,16.47,0.13,0.62,0.79,1.53,0.38,1.12,0,0,0,0.67,0,3.26,0,6.07,0.41,3.94,19.07,42.3,38.63,2.03,28.31,0.37,0.11,15.39,1.03,0.83,0.55,0.85,13.86,2.71,2021-VA-53,2021,202101,Q-22,170.51616,0.01429758415034235,29010.0268435957,94,134,1,90.04,17.33,258,0.3293,0.0866,0,60.33417,-171.33298,67,2.3,4,EBS,9
1.78,0.07,0.04,0.36,0.3,0.63,0,0.46,0.41,0,9.93,0,0,8.83,0.26,1.2,1.31,1.85,0.57,0,0.46,0,0.6,0.45,3.09,0.56,7.41,7.85,0.92,0.25,0.04,0,0.96,0.61,0.25,0,0.61,0.19,0.58,0.15,0,0.88,2.97,1.78,5.69,0,0,1.1,0,0.07,2.79,0,0.4,16.92,0.21,0.87,0.77,1.37,0.45,0.83,0,0,0,0.65,0,3.23,0.09,5.4,0.56,4.67,20.48,40.12,39.4,1.92,28.19,0.32,0.15,13.45,1.15,0.89,0.79,0.94,15.23,3.13,2021-VA-54,2021,202101,Q-22,170.51616,0.01429758415034235,29010.0268435957,94,134,1,88.46,16.53,242,0.3961,0.0913,0,60.33417,-171.33298,67,2.3,4,EBS,9
2.4,0.05,0.08,0.16,0.1,0.67,0,0.21,0.11,0,11.65,0,0,12.22,0.23,0.67,0.45,1.32,0.52,0,0.57,0,0.4,0.9,3,0.39,8.78,9.92,0.56,0.13,0.04,0,1.1,0.76,0.23,0,0.34,0.09,1.09,0.14,0,0.47,2.89,1.58,7.25,0,0,0.71,0.09,0.03,1.37,0,0.33,15.59,0.26,0.43,0.63,0.95,0.29,1.19,0,0,0,0.36,0,1.51,0.05,4.49,0.27,2.37,20.31,46.31,33.38,1.64,23.97,0.29,0.12,13.72,1.2,1.05,0.75,0.89,11.26,3.47,2021-VA-55,2021,202101,P-21,807.025039,0.0147210003748203,4483.39095982162,94,132,1,85.5,15.44,NA,0.3342,0.1081,0,59.99164,-170.63108,65,3.3,4,EBS,9
2.39,0.1,0.09,0.53,0.4,0.66,0,0.55,0.52,0,11.93,0,0,10.94,0.4,1.49,1.21,1.71,0.57,0,0.66,0,0.42,0.96,3.2,0.64,7.41,7.97,0.69,0.66,0.04,0,1.06,0.81,0.18,0,0.61,0.07,0.94,0.53,0,0.45,2.88,1.13,4.08,0,0,0.52,0,0.03,1.16,0,0.33,18.1,0.13,0.21,0.49,0.41,0.16,0.74,0,0,0,0.65,0,2.47,0.04,5.58,0.08,5.35,23.75,38.1,38.15,1.61,28.36,0.31,0.14,9.21,1.13,0.92,0.8,0.93,11.69,3.25,2021-VA-56,2021,202101,M-21,2279.62811,0.01310937946425855,23265.784687334202,94,129,1,86.1,16.52,242,0.3192,0.1002,0,58.98934,-170.47748,72,2.8,3,EBS,6
2.42,0.04,0.08,0.13,0.08,0.56,0,0.18,0.08,0,11.13,0,0,13.32,0.22,0.56,0.36,1.07,0.44,0,0.63,0,0.32,1.02,2.86,0.26,9.18,9.6,0.47,0.11,0.04,0,1.12,0.78,0.23,0,0.34,0.08,1.37,0.35,0,0.4,2.39,1.41,6.6,0,0,0.54,0.1,0.03,1.39,0,0.45,17.58,0.12,0.29,0.53,0.91,0.07,1.14,0,0,0,0.35,0,1.52,0,4.53,0.21,1.96,19,45.58,35.42,1.86,26.25,0.26,0.11,12.12,1.2,1.2,0.65,0.96,9.75,3.88,2021-VA-57,2021,202101,P-21,807.025039,0.0147210003748203,4483.39095982162,94,132,1,81.6,14.66,198,0.3348,0.1169,0,59.99164,-170.63108,65,3.3,4,EBS,9
1.68,0.03,0.06,0.15,0.12,0.5,0,0.22,0.16,0,10.39,0,0,8.96,0.18,0.73,0.61,0.96,0.47,0,0.26,0,0.46,0.44,3.02,0.3,10.62,9.45,0.6,0.13,0,0,1.03,0.72,0.22,0,0.37,0.15,0.93,0.14,0,0.69,2.74,2.33,7.26,0,0,0.98,0.09,0.04,2.26,0.32,0.42,15.95,0.11,0.66,0.95,0.62,0.08,1.37,0,0,0,0.52,0,2.41,0.05,5.84,0.28,2.49,18.26,45.14,36.6,2,27.18,0.37,0.1,14.56,1.18,0.86,0.5,1.12,9.59,2.73,2021-VA-58,2021,202101,R-23,757.8138799999999,0.0139672195099437,1933.0977064388412,94,138,1,89.9,16.71,NA,0.308,0.0609,0,60.68044,-172.11475,61,1.9,4,EBS,9
3.24,0.05,0.09,0.15,0.1,0.66,0,0.21,0.08,0,11.38,0,0,12.33,0.25,0.66,0.43,1.2,0.52,0,0.62,0,0.43,1.1,3.14,0.33,7.03,7.68,0.57,0.13,0,0,1.39,0.57,0.27,0,0.33,0.07,1.36,0.1,0,0.49,2.4,1.4,6.42,0,0,0.73,0.09,0.03,1.75,0,0.37,19.27,0.1,0.33,0.52,0.69,0.24,0.86,0,0,0,0.44,0,1.51,0.03,5.6,0.27,2.3,20.78,40.45,38.77,1.87,29.09,0.29,0.12,11.76,1.46,1.08,0.73,0.92,9.07,3.44,2021-VA-59,2021,202101,P-21,807.025039,0.0147210003748203,4483.39095982162,94,132,1,85.27,14.66,NA,0.3338,0.107,0,59.99164,-170.63108,65,3.3,4,EBS,9
2.18,0.06,0.07,0.26,0.15,0.62,0,0.33,0.15,0,11.09,0,0,10.79,0.2,0.85,0.74,1.27,0.5,0,0.42,0,0.38,0.79,3.27,0.53,8.27,9.32,0.64,0.26,0,0,0.88,0.68,0.23,0,0.45,0.06,1.28,0.15,0,0.66,3.24,1.59,6.93,0,0,0.7,0,0.05,1.5,0,0.34,17.44,0.12,0.36,0.59,0.59,0.29,1.05,0,0,0,0.56,0,1.75,0.04,5.04,0.28,3.09,20.4,43.69,35.91,1.76,26.95,0.29,0.11,13.31,0.94,0.97,0.65,0.89,8.44,3.46,2021-VA-6,2021,202101,N-20,38333.052856,0.0145007528107365,2827.4394119485437,94,104,1,83.35,15.93,196,0.3024,0.0845,0,59.32582,-169.88594,61,3.1,3,EBS,6
2.61,0.11,0.09,0.41,0.49,0.63,0,0.46,0.25,0,12.53,0,0,10.53,0.32,1.22,1.01,1.42,0.49,0,0.52,0,0.52,0.92,3.35,0.57,9.05,8.36,0.69,0.52,0.05,0,0.89,0.74,0.2,0,0.5,0.09,0.92,0.49,0,0.55,2.56,1.39,4.5,0,0,0.6,0.08,0.05,1.25,0,0.32,17.08,0.22,0.32,0.55,0.72,0.22,0.61,0,0,0,0.51,0,1.87,0.06,5.04,0.49,4.47,23.91,40.68,35.41,1.48,26.4,0.3,0.13,10.05,0.98,0.84,0.76,1.08,11.45,3.39,2021-VA-60,2021,202101,M-21,2279.62811,0.01310937946425855,23265.784687334202,94,129,1,88.17,17.31,252,0.3325,0.101,0,58.98934,-170.47748,72,2.8,3,EBS,6
2.99,0.03,0.1,0.32,0.14,0.6,0,0.37,0.05,0,10.67,0,0,7.78,0.26,0.93,0.71,0.69,0.47,0,0.14,0,0.1,0.17,3.22,0.36,10.77,6.88,0.92,0.14,0,0,1.06,0.34,0.17,0,0.39,0.03,0.72,0.08,0,0.26,5.39,2.35,4.47,0,0,0.95,0.12,0.03,2.42,0,0.38,13.18,0.14,2.84,0.62,0.59,0.33,0.49,0,0,0,0.49,0.07,3.06,0.06,9.65,0.5,3.12,20.74,43.97,35.29,1.7,27.45,0.73,0.06,16.26,1.09,0.73,0.36,1.56,10.74,1.37,2021-VA-61,2021,202101,M-25,1612.993651,0.014457343432455,1106.7040134138283,94,165,1,95.84,17.7,NA,0.3344,0.1133,0,58.98877,-173.07986,107,2.7,5,EBS,8
3.75,0.04,0.1,0.23,0.11,0.56,0,0.21,0.2,0,10.38,0.04,0,9.35,0.19,0.62,0.55,0.92,0.53,0,0.34,0,0.32,0.65,2.58,0.19,10.09,6.99,0.48,0.24,0.01,0,0.85,0.59,0.19,0,0.35,0.12,0.68,0.23,0,0.23,4.92,1.89,6.08,0,0,0.64,0.12,0.03,1.89,0.23,0.38,17.01,0,2.86,0.79,0.57,0.09,1.11,0.02,0,0.01,0.55,0,2.05,0.04,5.49,0.34,2.48,19.83,45.13,35.05,1.77,26.52,0.32,0.1,17.12,0.97,0.9,0.69,1.44,13.74,3.1,2021-VA-62,2021,202101,S-28,3709.718554,0.0143244504999915,12007.441402384131,94,174,1,76.9,14.61,184,0.3428,0.1536,0,61.00998,-175.54969,102,1.5,5,EBS,8
3.29,0.04,0.11,0.18,0.09,0.51,0,0.16,0.11,0,11.31,0,0,10.4,0.18,0.51,0.38,0.88,0.51,0,0.41,0,0.19,0.83,2.64,0.28,10.16,7.41,0.49,0.16,0,0,0.84,0.6,0.15,0,0.27,0.03,0.86,0.09,0,0.38,4.81,1.7,6.05,0,0,0.55,0.13,0.02,1.68,0.22,0.3,17.48,0.06,2.77,0.7,0.73,0.08,1.11,0,0,0.05,0.34,0,1.84,0,4.65,0.29,1.93,19.8,46.23,33.97,1.72,25.96,0.27,0.1,16.75,0.87,0.92,0.72,1.37,12.08,3.76,2021-VA-63,2021,202101,S-28,3709.718554,0.0143244504999915,12007.441402384131,94,174,1,94.07,18.2,286,0.3226,0.1085,0,61.00998,-175.54969,102,1.5,5,EBS,8
2.06,0,0.06,0.42,0.19,0.6,0,0.46,0.12,0,8.05,0,0,4.12,0.32,0.99,0.98,1.14,0.76,0,0.48,0,1.23,0.18,4.8,1.09,4.7,5.02,0.78,0.2,0,0,0.68,0.4,0.22,0.16,0.16,0.06,0.28,0.09,0,3.2,4.19,1.63,2.62,0,0,1.46,0.06,0.06,4.47,0,0.19,24.16,0.33,1.51,0.58,1.82,0,0.3,0,0,0,0.58,0,2.69,0.17,8.57,0.61,3.76,20.15,29.25,50.61,2.51,40.39,0.35,0.2,12.35,0.74,0.51,0.59,0.94,14.53,2.82,2021-VA-64,2021,202101,N-26,3560.801138,0.0149145113304957,268.1951765875963,94,167,2,58.17,0,62,0.4553,0.0923,0,59.32609,-173.80514,111,2.6,5,EBS,8
3.97,0.03,0.04,0.1,0.08,0.39,0,0.19,0,0,10,0,0,4.22,0.17,0.74,0.53,1.07,0.53,0,0.15,0,0.37,0.27,2.91,0.24,6.41,4.59,0.73,0.2,0,0,0.56,0.4,0.15,0,0.24,0.09,0.42,0.09,0,0.65,10.1,2.55,3.45,0,0,0.84,0.09,0.05,3.06,0,0.2,15.56,0.17,9.81,1,2,0,0.54,0,0,0,0.39,0,1.93,0,6.91,0.84,2.04,19.68,46.35,33.97,1.73,26.12,0.44,0.11,28.91,0.65,0.42,0.71,1.4,10.14,2.25,2021-VA-65,2021,202101,R-27,914.172731,0.01460712459271725,17183.39556884059,94,172,1,80.97,15.04,216,0.3321,0.0699,0,60.6563,-174.82539,98,1.8,4,EBS,9
2.86,0.04,0.07,0.15,0.07,0.57,0,0.18,0.11,0,11.61,0,0,10.95,0.16,0.58,0.35,1.16,0.54,0,0.54,0,0.41,0.99,3.14,0.34,7.93,6.7,0.51,0.23,0,0,0.72,0.68,0.17,0,0.3,0.1,0.97,0.12,0,0.32,4.35,1.81,6.06,0,0,0.55,0.1,0.02,1.67,0.15,0.32,18.65,0.08,2.39,0.74,0.44,0.06,1.04,0,0,0,0.41,0.09,1.94,0.04,5.18,0.34,2.01,20.34,43.02,36.64,1.8,28.13,0.28,0.12,15.79,0.83,0.94,0.91,1.18,11.34,3.6,2021-VA-66,2021,202101,S-28,3709.718554,0.0143244504999915,12007.441402384131,94,174,1,91.41,16.21,262,0.3013,0.0923,0,61.00998,-175.54969,102,1.5,5,EBS,8
2.85,0.05,0.07,0.18,0.15,0.58,0,0.21,0.23,0,11.43,0,0,9.79,0.2,0.7,0.49,1.26,0.59,0,0.42,0,0.4,0.79,2.87,0.45,8.49,7.22,0.55,0.25,0,0,0.81,0.63,0.17,0,0.25,0.1,0.72,0.1,0,0.71,4.94,2,6.88,0,0,0.52,0.09,0.02,1.53,0,0.25,16.09,0.1,2.79,0.91,0.75,0.09,1.4,0,0,0,0.35,0,2.09,0.05,5.04,0.41,2.54,20.49,45.69,33.83,1.65,25.42,0.31,0.12,18.27,0.92,0.86,0.82,1.18,13.57,3.2,2021-VA-67,2021,202101,S-27,344.31785,0.0138148309880724,13101.86133701337,94,173,1,87.1,16.7,244,0.3173,0.0917,0,60.98117,-174.87678,92,1.7,4,EBS,9
2.38,0.05,0.11,0.32,0.14,0.58,0,0.34,0.07,0,11.56,0.09,0,10.95,0.19,0.92,0.77,0,0.72,0.48,0.78,0,0.36,0.39,3.05,0.51,10.49,8.98,0.13,0.69,0.23,0,1.04,0.19,0,0,0,0.22,0.82,0.39,0.25,0,3.72,1.74,5.92,0.07,0,0,0,0,2.24,0.08,0,15.72,0,0.87,0.31,0.93,0.59,0.99,0.46,0,0,0.12,0,2.56,0,5.18,0.28,3.63,21.64,45.91,32.45,1.5,25.4,0.33,0.06,13.49,1.26,0.95,0.53,1.17,13.37,3.03,2021-VA-68,2021,202101,I-23,9661.138381,0.0161050665196872,2607.874978265892,94,151,1,90.42,17.36,NA,0.4018,0.1666,0,57.6774,-171.52829,99,3.6,2,EBS,5
2.87,0.02,0.09,0.14,0.09,0.55,0,0.18,0.12,0,12.33,0,0,10.77,0.17,0.6,0.35,1.05,0.49,0,0.41,0,0.41,0.72,2.83,0.52,10.54,7.51,0.5,0.23,0,0,0.72,0.59,0.15,0,0.27,0.1,0.72,0.04,0,0.48,4.67,1.89,6.56,0,0,0.47,0.08,0.02,1.27,0.19,0.25,14.97,0.08,2.02,0.82,1.92,0,1.16,0,0,0,0.38,0,1.66,0.04,4.56,0.38,2.04,20.73,48.6,30.68,1.48,23.35,0.3,0.1,17.88,0.82,0.87,0.84,1.4,14.94,3.28,2021-VA-69,2021,202101,S-27,344.31785,0.0138148309880724,13101.86133701337,94,173,1,88.44,16.01,228,0.3081,0.1059,0,60.98117,-174.87678,92,1.7,4,EBS,9
2.51,0.03,0.35,0.62,0.32,0.61,0,0.6,0.08,0,10.2,0,0,9.07,0.26,1.28,1.2,1.04,0.53,0,0.21,0,0.48,0.39,3.17,0.57,9.57,9.86,0.91,0.33,0,0,1.02,0.69,0.21,0,0.65,0.14,0.68,0.12,0,0.92,3.64,1.65,5.74,0,0,1.02,0,0.05,2.25,0,0.31,14.74,0.32,0.45,0.76,1.24,0.31,0.79,0,0,0,0.56,0,2.16,0.05,5.02,0.34,4.72,21.58,44.73,33.69,1.56,24.44,0.34,0.1,13.48,1.16,0.89,0.48,0.97,13.35,2.94,2021-VA-7,2021,202101,M-20,9284.736035,0.0137065999703787,15612.91643897647,94,105,1,91.8,17.38,280,0.3198,0.0854,0,58.99643,-169.83571,63,3.5,3,EBS,6
2.48,0.04,0.11,0.25,0.1,0.49,0,0.25,0.05,0,11.14,0.08,0,11.76,0.18,0.78,0.6,0,0.87,0.46,0.78,0,0.33,0.56,2.97,0.44,10.37,10.03,0.13,0.64,0.21,0,0.98,0.25,0,0,0,0,1.33,0.26,0.28,0,3.43,1.83,5.74,0,0,0,0,0.03,2.04,0.11,0,15.46,0,0.83,0.25,0.81,0.63,0.93,0.41,0,0,0.09,0.02,2.32,0,5.51,0.34,2.98,20.8,46.97,32.23,1.55,25.49,0.36,0.07,12.88,0.98,1.06,0.55,1.03,8.86,2.8,2021-VA-70,2021,202101,I-23,9661.138381,0.0161050665196872,2607.874978265892,94,151,1,82.59,15.09,218,0.3182,0.1455,0,57.6774,-171.52829,99,3.6,2,EBS,5
3.04,0.05,0.21,0.46,0.19,0.62,0,0.42,0.04,0,10.38,0,0,10.02,0.21,0.99,0.81,0.65,0.46,0,0.85,0,0.45,0.11,3.33,0.75,11.74,7.59,0.83,0.25,0,0,0.9,0.18,0.18,0,0.51,0.11,0.4,0.08,0,0.24,5.42,1.87,3.79,0,0,0.79,0.13,0.04,2.96,0,0.29,14.05,0,1.64,0.59,0.49,0.21,0.53,0.02,0,0,0.59,0,2.63,0.03,6.46,0.39,3.55,20.88,45.79,33.32,1.6,24.65,0.46,0.09,13.8,1.01,0.97,0.79,1.55,24.96,2.17,2021-VA-71,2021,202101,I-23,9661.138381,0.0161050665196872,2607.874978265892,94,151,1,92.65,17.76,NA,0.4269,0.1574,0,57.6774,-171.52829,99,3.6,2,EBS,5
3.24,0.02,0.06,0.13,0.08,0.74,0,0.19,0.24,0,11.71,0,0,9.57,0.18,0.66,0.4,1.46,0.74,0,0.54,0,0.62,0.94,3.53,0.6,6,6.39,0.55,0.24,0,0,0.74,0.67,0.18,0,0.22,0.08,1.07,0.13,0,1.4,5.69,1.39,5.99,0,0,0.47,0.08,0.04,1.6,0,0.23,18.64,0.12,3.06,0.77,0,0,1.18,0,0,0,0.34,0,1.75,0,4.78,0.51,2.45,21.86,40.99,37.15,1.7,28.59,0.26,0.14,16.89,0.82,0.82,0.79,0.94,8.91,3.9,2021-VA-72,2021,202101,S-27,344.31785,0.0138148309880724,13101.86133701337,94,173,1,88.1,15.11,248,0.3653,0.0813,0,60.98117,-174.87678,92,1.7,4,EBS,9
2.16,0.02,0.16,0.29,0.98,0.41,0,0.59,0.04,0,10.35,0.08,0,8.59,0.19,0.73,0.88,0,0.75,0.36,0.68,0,0.35,0.33,2.66,0.5,14.27,9.94,0.03,0.72,0.21,0,1.04,0.15,0,0,0,0.18,0.62,0.36,0.28,0,3.57,2.29,4.7,0.1,0,0.71,0,0,2.04,0.08,0,15.45,0,0.8,0.81,0.63,0.27,0.65,0.46,0,0,0,0.08,2.36,0,5.64,0.47,4.28,20.5,47.74,31.76,1.55,25.22,0.37,0.07,12.8,1.22,0.83,0.53,1.44,13.76,2.74,2021-VA-73,2021,202101,J-23,13137.891085,0.0148162613501859,6276.8871176015755,94,150,1,88.57,16.62,264,0.3374,0.1483,0,58.00583,-171.59305,98,3.3,2,EBS,5
3.73,0.05,0.16,0.25,0.13,0.56,0,0.23,0.21,0,11.08,0.06,0,10.21,0.18,0.68,0.56,0.94,0.46,0,0.28,0,0,0.5,2.61,0.23,11.18,7.41,0.52,0.27,0.01,0,0.8,0,0.09,0,0.39,0.11,0.56,0.29,0.04,0.23,4.79,1.6,5.17,0,0,0.58,0.11,0.03,1.99,0.26,0.42,16.57,0.06,2.26,0.81,1.11,0.26,0.69,0.03,0,0,0.44,0.01,2.08,0.04,5.38,0.29,2.62,20.72,46.27,33.01,1.59,25.63,0.32,0.07,15.74,0.91,0.92,0.69,1.51,18.38,3.08,2021-VA-74,2021,202101,Q-28,6520.532297,0.01431919816639125,9846.920083202891,94,176,1,86.91,16.81,NA,0.39,0.1915,0,60.33854,-175.38804,111,2,5,EBS,8
5.07,0.01,0.1,0.14,0.08,0.52,0,0.13,0,0,10.12,0,0,8.8,0.16,0.5,0.3,1.07,0.53,0,0.4,0,0.34,0.77,2.28,0.32,8.05,6.82,0.49,0.21,0,0,0.75,0.64,0.17,0,0.27,0.1,0.68,0.08,0,0.47,6.59,1.99,6.01,0,0,0.53,0.09,0.02,1.5,0.17,0.26,16.42,0.07,4.98,0.74,1.22,0.3,1.09,0,0,0,0.32,0,1.86,0.03,5.01,0.4,1.67,19.81,46.89,33.3,1.68,25.32,0.31,0.12,21.54,0.85,0.87,0.81,1.18,12.87,3.28,2021-VA-75,2021,202101,S-28,3709.718554,0.0143244504999915,12007.441402384131,94,174,1,88.57,17.21,NA,0.3302,0.1075,0,61.00998,-175.54969,102,1.5,5,EBS,8
2,0.03,0.2,0.39,0.3,0.53,0,0.44,0.45,0,13.56,0.1,0,10.83,0.19,0.91,0.8,0.61,0.43,0,0.74,0,0,0.06,3.45,0.4,15.4,8.42,0.75,0.23,0.07,0,0.96,0.17,0.17,0,0.53,0.12,0.28,0.09,0,0.2,3.59,1.72,4.09,0,0,0.76,0.1,0.04,2.09,0,0.22,12.28,0,0.62,0,0,0.26,0.53,0.02,0,0,0.42,0,2.21,0.03,6.91,0.28,3.82,23.36,46.83,29.82,1.28,22.25,0.56,0.05,10.03,1.08,0.8,0.55,1.83,38.43,1.78,2021-VA-76,2021,202101,I-23,9661.138381,0.0161050665196872,2607.874978265892,94,151,1,84.43,14.19,NA,0.3592,0.1469,0,57.6774,-171.52829,99,3.6,2,EBS,5
1.97,0.02,0.04,0.33,0.19,0.68,0,0.34,0.07,0,11.08,0,0,6.2,0.22,0.88,0.91,0.86,0.92,0,1.01,0,0.68,0.15,3.01,0.62,8.89,7.5,0.71,0.34,0,0,0.9,0.61,0.22,0,0.37,0.19,0.31,0.06,0,0.38,4.66,1.48,5.8,0,0,0.91,0.09,0.03,3.18,0,0.19,17.19,0.08,1.34,0.61,0,0,1.54,0,0,0,0.72,0.03,2.85,0.04,8.39,0.19,3.39,20.55,38.6,40.84,1.99,30.22,0.49,0.13,13.89,1.09,0.56,0.88,1.18,19.69,2.05,2021-VA-77,2021,202101,R-28,3305.280553,0.01512279267043545,4033.646518162809,94,175,1,88.19,17.38,272,0.3324,0.0777,0,60.68122,-175.45864,107,1.7,5,EBS,8
2.78,0.02,0.14,0.23,0.11,0.55,0,0.22,0.07,0,10.97,0.08,0,13.46,0.2,0.66,0.56,0,0.95,0.51,0.93,0,0.31,0.74,2.51,0.47,8.63,10.47,0.12,0.51,0.11,0,0.96,0.24,0,0,0,0,1.61,0.24,0.22,0,3.34,1.46,5.16,0,0,0.44,0,0.02,2.02,0.09,0,16.47,0,1.05,0.35,0.68,0.64,0.95,0.4,0,0,0.22,0.08,1.96,0,4.81,0.27,2.92,20.39,46.4,33.21,1.63,25.73,0.29,0.07,12.04,0.96,1.23,0.62,0.82,8.33,3.42,2021-VA-78,2021,202101,J-23,13137.891085,0.0148162613501859,6276.8871176015755,94,150,1,82.17,15.3,NA,0.3338,0.1519,0,58.00583,-171.59305,98,3.3,2,EBS,5
3.88,0.06,0.1,0.16,0.13,0.6,0,0.2,0,0,11.67,0,0,10.48,0.19,0.62,0.45,1.31,0.58,0,0.56,0,0.45,1.07,2.76,0.59,6.94,6.42,0.48,0.18,0,0,0.67,0.63,0.17,0,0.27,0.13,0.97,0.11,0,1.03,5.74,1.43,5.6,0,0,0.41,0.08,0.02,1.38,0.12,0.24,18.69,0.08,3.32,0.78,0,0,1.24,0,0,0,0.3,0.09,1.56,0,4.64,0.42,2.17,21.23,42.67,36.1,1.7,27.9,0.25,0.13,16.87,0.8,0.9,0.85,1.08,10.78,4.03,2021-VA-79,2021,202101,S-27,344.31785,0.0138148309880724,13101.86133701337,94,173,1,85.24,16.81,256,0.3229,0.0848,0,60.98117,-174.87678,92,1.7,4,EBS,9
2.75,0.03,0.37,0.44,0.25,0.58,0,0.44,0.09,0,11.11,0,0,9.92,0.23,1.06,0.98,1.04,0.57,0,0.24,0,0.45,0.5,3.41,0.56,9.27,9.39,0.86,0.29,0.07,0,0.96,0.69,0.25,0,0.58,0.14,0.61,0.13,0,0.73,3.66,1.49,6.54,0,0,0.85,0,0.04,1.95,0,0.31,14.47,0.13,0.36,0.59,1.65,0.36,0.94,0,0,0,0.43,0,2.13,0,4.78,0.36,3.83,21.88,45.53,32.59,1.49,23.62,0.33,0.09,14.29,1.1,0.89,0.54,0.99,16.16,3.03,2021-VA-8,2021,202101,M-20,9284.736035,0.0137065999703787,15612.91643897647,94,105,1,84.61,16.26,224,0.3391,0.0977,0,58.99643,-169.83571,63,3.5,3,EBS,6
2.77,0.02,0.08,0.16,0.12,0.63,0,0.22,0.2,0,12.15,0,0,11.48,0.19,0.71,0.47,1.31,0.55,0,0.41,0,0.45,0.71,2.99,0.41,8.93,7.39,0.53,0.29,0.03,0,0.77,0.66,0.17,0,0.3,0.08,0.78,0.13,0,0.66,4.79,1.58,6.79,0,0,0.48,0.08,0.02,1.55,0.12,0.27,15.55,0.1,2.23,0.72,0,0.25,1.15,0,0,0,0.47,0.03,1.78,0.04,4.89,0.36,2.51,21.15,45.75,33.1,1.56,24.62,0.31,0.11,16.1,0.86,0.94,0.81,1.21,14.66,3.18,2021-VA-80,2021,202101,S-27,344.31785,0.0138148309880724,13101.86133701337,94,173,1,95.27,17.11,288,0.3534,0.1063,0,60.98117,-174.87678,92,1.7,4,EBS,9
4.43,0.02,0.18,0.28,0.12,0.48,0,0.28,0,0,10.95,0,0,8.69,0.21,0.75,0.58,0.86,0.38,0,0.12,0,0.29,0.15,3.01,0.29,11.72,7.17,0.81,0.1,0,0,0.88,0.13,0.17,0,0.33,0.27,0.58,0.06,0,0.27,7.37,2.32,3.55,0,0,0.61,0.09,0.03,2.03,0.25,0.32,11.86,0,4.8,0.65,0.42,0.16,0.51,0,0,0,0.38,0.02,2.31,0.02,7.26,0.46,2.5,21.35,48.76,29.89,1.4,23.41,0.61,0.07,19.12,1.15,0.79,0.53,1.64,15.02,1.63,2021-VA-81,2021,202101,I-23,9661.138381,0.0161050665196872,2607.874978265892,94,151,1,93.23,16.84,NA,0.3314,0.1285,0,57.6774,-171.52829,99,3.6,2,EBS,5
2.88,0.04,0.1,0.26,0.11,0.57,0,0.31,0.3,0.01,10.56,0.06,0,9.6,0.2,0.83,0.63,0.73,0.53,0,0.14,0.62,0.32,0.22,3.02,0.32,9.41,9.12,0.73,0.13,0,0,0.95,0.55,0.14,0,0,0.06,1.14,0.11,0,0.28,5.34,2.01,5.94,0.96,0,0.03,0.1,0.04,2.21,0.25,0.31,12.91,0.04,2.44,0.69,0.62,0.37,1,0,0,0,0.51,0,2.22,0.11,6.51,0.43,3.64,20.23,47.76,32.01,1.58,23.99,0.5,0.06,17.04,1.01,0.91,0.44,1.03,8.42,1.98,2021-VA-82,2021,202101,F-24,13764.242642,0.0080819900610075,1361.0509190144612,94,153,1,91.89,NA,336,0.3115,0.1141,NA,56.6693,-171.95965,126,4.1,6,EBS,8
2.12,0.03,0.09,0.24,0.17,0.56,0,0.29,0.27,0,12.43,0.08,0,10.47,0.22,0.89,0.79,0.42,0.51,0,0.31,0.58,0.39,0.53,2.81,0.37,11.21,8.36,0.59,0.17,0,0,1.03,0.62,0.11,0,0,0.04,0.95,0.07,0.05,0.19,3.47,1.93,6.01,0,0.61,0,0.08,0.03,1.84,0.21,0.36,15.58,0.05,0.5,0.58,0.81,0.38,1.03,0.02,0,0,0.55,0,2.45,0.04,5.41,0.11,3.8,21.3,45.53,33.17,1.56,25.59,0.35,0.07,13.29,1.07,0.84,0.55,1.34,11.07,2.88,2021-VA-83,2021,202101,Q-27,4874.504224,0.01437836162994,482359.6838431265,94,171,1,82.86,14.37,NA,0.3548,0.1631,0,60.31753,-174.70464,103,1.9,5,EBS,8
2.06,0.05,0.1,0.23,0.09,0.51,0,0.23,0.03,0,9.81,0.08,0,11.98,0.18,0.67,0.58,0,0.79,0.42,0.93,0,0.29,0.55,2.28,0.5,10.52,10.84,0.14,0.58,0.11,0,1,0.21,0,0,0,0,0.95,0.41,0.22,0,3.33,1.65,5.84,0,0,0,0,0,2,0.1,0,16.7,0,0.67,0.54,0.83,0.83,0.92,0.46,0,0,0.25,0.09,2.36,0,5.82,0.25,2.78,17.98,48.03,33.99,1.89,26.78,0.35,0.07,12.86,1,1.22,0.66,0.97,12.56,2.87,2021-VA-84,2021,202101,J-23,13137.891085,0.0148162613501859,6276.8871176015755,94,150,1,88.2,16,262,0.3618,0.1701,0,58.00583,-171.59305,98,3.3,2,EBS,5
1.66,0.06,0.14,0.28,0.1,0.44,0,0.28,0.15,0,11.42,0.06,0,12.1,0.16,0.72,0.6,0.66,0.48,0,0.36,0.53,0.12,0.55,2.82,0.24,11.09,10.72,0.58,0.13,0.05,0,0.98,0.56,0.18,0,0,0.03,1.28,0.09,0,0.26,2.61,1.46,5.45,0,0.57,0,0.09,0.02,2,0,0.38,17.08,0.05,0.3,0.51,0.9,0.29,0.84,0,0,0,0.52,0,1.92,0.02,4.95,0.15,3.11,19.1,47.16,33.75,1.77,26.01,0.29,0.07,11.24,1.01,1.06,0.49,1.03,9.47,3.45,2021-VA-85,2021,202101,J-23,13137.891085,0.0148162613501859,6276.8871176015755,94,150,1,96.1,19.31,NA,0.451,0.21,0,58.00583,-171.59305,98,3.3,2,EBS,5
3.3,0.02,0.1,0.19,0.13,0.62,0,0.21,0.19,0,12.17,0,0,11.54,0.2,0.65,0.56,1.18,0.57,0,0.44,0.48,0.3,0.73,3.03,0.53,9.39,7.7,0.52,0.23,0,0,0.74,0.62,0.17,0,0,0.1,0.73,0.15,0,0.59,5.11,1.84,6.55,0.53,0,0,0.09,0.02,1.38,0.13,0.26,14.95,0.09,2.66,0.76,1.03,0.33,0,0,0,0.1,0.29,0,1.57,0,3.94,0.29,3.03,21.77,48.93,29.3,1.35,22.56,0.26,0.1,17.95,0.84,0.95,0.86,1.22,15.75,3.79,2021-VA-86,2021,202101,S-27,344.31785,0.0138148309880724,13101.86133701337,94,173,1,94.41,17.11,302,0.3228,0.0959,0,60.98117,-174.87678,92,1.7,4,EBS,9
3.21,0.05,0.12,0.23,0.11,0.58,0,0.22,0.21,0,11.12,0.06,0,10.74,0.18,0.7,0.54,0.81,0.43,0,0.28,0.48,0.35,0.46,2.89,0.33,10.66,6.98,0.55,0.28,0,0,0.81,0.56,0.19,0,0,0.04,0.83,0.08,0,0.24,4.52,1.93,6.09,0,0.62,0,0.13,0.03,2.12,0.19,0.39,16.39,0.03,1.51,0.77,0.45,0.2,0.8,0.01,0,0,0.42,0,2.1,0.04,5.6,0.35,3.06,20.38,45.98,33.63,1.65,26.15,0.34,0.08,15.27,0.85,0.97,0.69,1.53,12.87,2.93,2021-VA-87,2021,202101,Q-27,4874.504224,0.01437836162994,482359.6838431265,94,171,1,83.53,15.69,228,0.3709,0.1692,0,60.31753,-174.70464,103,1.9,5,EBS,8
2.2,0.03,0.07,0.23,0.11,0.49,0,0.25,0.35,0,10.31,0.05,0,10.75,0.17,0.72,0.6,0.74,0.48,0,0.18,0.58,0.37,0.34,2.88,0.3,9.81,10.93,0.61,0.13,0.05,0,0.94,0.56,0.22,0,0,0.04,1.15,0.07,0,0.21,4.21,1.33,6.11,0,0.57,0,0.09,0.03,1.99,0.24,0.48,15.82,0.02,0.53,0.57,0.93,0.35,1,0.01,0,0,0.5,0,2.35,0.02,5.68,0.23,3.34,18.73,47.3,33.97,1.81,26.36,0.36,0.07,13.68,0.98,1.04,0.51,0.9,9.36,2.78,2021-VA-88,2021,202101,J-23,13137.891085,0.0148162613501859,6276.8871176015755,94,150,1,90.11,17.72,270,0.2452,0.1175,0,58.00583,-171.59305,98,3.3,2,EBS,5
1.98,0.04,0.09,0.26,0.12,0.6,0,0.29,0,0,10.53,0,0,9.21,0.21,0.91,0.65,0.71,0.53,0,0.14,0.74,0.62,0.15,3.2,0.52,12.22,9.53,0.88,0.26,0,0,1.06,0.42,0.27,0,0,0.14,0.62,0.07,0,0.27,4.7,2.6,0,1.09,0,0,0.14,0.11,2.81,0.48,0.36,15.98,0,0,0.76,4.73,0,0,0,0,0,0.54,0.17,0,0,8,0.3,3.56,19.2,46.75,34.05,1.77,26.64,0.5,0.08,12.79,1.19,0.87,0.57,1.28,14.85,2,2021-VA-89,2021,202101,F-24,13764.242642,0.0080819900610075,1361.0509190144612,94,153,1,92.21,NA,284,0.2657,0.1092,NA,56.6693,-171.95965,126,4.1,6,EBS,8
2.74,0.1,0.1,0.34,0.48,0.54,0,0.39,0.21,0,10.89,0,0,10.88,0.29,0.94,0.86,1.73,0.44,0,0.74,0,0.63,1.23,3.21,0.44,7.9,8.16,0.57,0.28,0.05,0,0.83,0.74,0.2,0,0.54,0.06,1.26,0.57,0,0.71,2.62,1.31,4.59,0,0,0.57,0.09,0.06,1.34,0,0.38,19.01,0.31,0.28,0.7,1.04,0.24,0.69,0,0,0,0.53,0,1.61,0.06,4.96,0.58,3.76,21.56,39.74,38.71,1.8,28.62,0.26,0.16,10.52,0.9,1,0.87,0.97,8.63,3.83,2021-VA-9,2021,202101,L-21,5266.087708,0.013591330854816,7725.512764100944,94,128,1,85.79,15.29,226,0.3394,0.1021,0,58.662350000000004,-170.43126,74,3.1,3,EBS,6
4.24,0,0.06,0.08,0,0.86,0,0.12,0.12,0,12.75,0.05,0,9.57,0.23,0.63,0.29,0,1,0.96,1.01,0,0.57,0.79,0,0.29,6.72,7.15,0,0.53,0,0,0.84,0.24,0,0,0,0,0.98,0.52,0.18,0,6.92,1.61,0,0,0,0,0,0,2.39,0,0,19.48,0,4.72,0.74,1.62,0,1.62,0.78,0,0,1.2,0,1.89,0,5.93,0.34,3.06,21.22,40.54,38.23,1.8,29.62,0.3,0.09,15.6,0.84,0.75,0.92,0.94,9.73,3.28,2021-VA-90,2021,202101,R-28,3305.280553,0.01512279267043545,4033.646518162809,94,175,1,93.37,17.21,306,0.3059,0.0772,0,60.68122,-175.45864,107,1.7,5,EBS,8
3.19,0.06,0.11,0.19,0.12,0.53,0,0.18,0.12,0,10.75,0.06,0,11.53,0.17,0.55,0.47,0,0.88,0.39,0.72,0,0.21,0.58,2.59,0.3,11.51,7.73,0.12,0.47,0.19,0,0.76,0.19,0,0,0.42,0,0.82,0.2,0.27,0,3.91,2.17,6.31,0,0,0,0,0,1.7,0.08,0,17.62,0,1.94,0.73,0.51,0.19,0.63,0.75,0,0,0.03,0.09,1.96,0,4.71,0.28,2.54,20.28,47.85,31.87,1.57,26.25,0.27,0.06,15.58,0.76,1.07,0.59,1.49,13.99,3.74,2021-VA-91,2021,202101,S-29,3746.837362,0.0140027161303062,6855.812765655255,94,188,1,92.83,16.83,NA,0.3409,0.1576,0,60.97676,-176.26886,113,1.6,5,EBS,8
3.33,0.05,0.13,0.24,0.11,0.57,0,0.24,0.21,0,12.3,0.05,0,11.13,0.17,0.67,0.58,0.48,0.44,0,0.29,0.51,0.32,0.48,2.8,0.12,12,7.34,0.5,0.23,0.05,0,0.79,0.52,0.1,0,0,0.03,0.62,0.08,0,0.25,4.52,1.48,5.53,0,0.67,0,0.11,0.03,2.03,0.23,0,16.03,0.02,2.01,0.7,0.45,0.2,0.59,0.03,0,0,0.51,0,2.05,0.03,4.71,0.32,3.14,21.62,47.21,31.17,1.44,24.27,0.29,0.06,14.69,0.81,0.9,0.65,1.63,17.89,3.4,2021-VA-92,2021,202101,R-30,6079.43505,0.015826343849514,8909.196043047546,94,186,1,78.6,15.11,204,0.3191,0.155,0,60.65664,-176.79445,129,1.9,5,EBS,8
2.93,0.06,0.15,0.3,0.17,0.65,0,0.32,0.15,0,13.45,0.09,0,12.59,0.21,0.85,0.74,0,0.98,0.47,0.85,0,0.34,0.43,2.68,0.44,12.24,8.07,0.14,0.6,0.3,0,0.89,0.15,0,0,0.46,0.2,0.5,0.24,0.23,0,4.04,1.83,5.89,0.12,0,0.6,0,0.03,2.03,0.1,0,9.86,0.07,1.52,0.35,0.4,0.32,0.93,0.69,0,0,0.05,0.08,2.56,0.03,5.39,0.25,3.65,24.12,48.79,27.09,1.12,19.72,0.55,0.06,14.02,1.08,0.94,0.59,1.52,25.11,1.83,2021-VA-93,2021,202101,Q-28,6520.532297,0.01431919816639125,9846.920083202891,94,176,1,82.22,17.61,264,0.4036,0.201,1,60.33854,-175.38804,111,2,5,EBS,8
3.26,0.05,0.17,0.34,0.2,0.56,0,0.34,0.32,0,12.02,0.07,0,10.04,0.22,0.93,0.8,0.93,0.46,0,0.14,0.63,0.39,0.28,2.76,0.23,12.05,6.97,0.65,0.3,0,0,0.87,0.35,0.17,0,0.42,0.1,0.4,0.07,0,0.27,5.48,1.85,4.15,0,0.76,0,0.08,0.03,1.97,0.26,0.32,12.76,0,3.15,0.7,0.6,0.35,0.76,0.02,0,0,0.47,0,2.45,0.04,5.73,0.31,4.12,22.13,47.56,30.31,1.37,22.7,0.45,0.07,15.93,0.97,0.84,0.66,1.73,25.19,2.23,2021-VA-94,2021,202101,P-28,1496.7114920000001,0.0137356474306392,7644.342979114581,94,177,1,89.92,17,282,0.3921,0.2008,0,60.01147,-175.26673,117,2.3,5,EBS,8
3.43,0.01,0.14,0.35,0.23,0.65,0,0.32,0.26,0,10.73,0.1,0,8.53,0.24,0.96,0.8,0,1.24,0.49,0.8,0,0.53,0.39,2.65,0.62,10.39,6.77,0.12,0.67,0.35,0,0.93,0.17,0,0,0,0.22,0.41,0.14,0.34,0,5.73,2.13,4.66,0.13,0,0.67,0,0.04,2.09,0.08,0,14.05,0,2.78,0.97,0.75,0.56,0.89,0.57,0,0,0.22,0.12,2.96,0,6.1,0.53,4.06,22.5,45.13,32.37,1.44,25.04,0.43,0.08,17.02,1.15,0.8,0.78,1.54,20.71,2.3,2021-VA-95,2021,202101,Q-28,6520.532297,0.01431919816639125,9846.920083202891,94,176,1,81.11,15.3,200,0.3631,0.1609,0,60.33854,-175.38804,111,2,5,EBS,8
2.99,0.01,0.09,0.19,0.11,0.61,0,0.2,0.08,0,11.32,0.07,0,9.55,0.17,0.68,0.49,0,0.88,0.45,0.75,0,0.37,0.47,2.79,0.48,11.34,6.53,0.11,0.54,0.23,0,0.77,0.16,0,0,0.4,0,0.58,0.17,0.35,0,3.82,2.3,5.65,0.02,0,0.63,0,0.02,2.19,0.1,0,17.09,0,1.51,0.48,0.82,0.86,0.66,0.69,0,0,0.31,0.1,2.56,0,5.92,0.34,2.81,21.17,43.79,35.04,1.66,27.42,0.35,0.07,14.58,0.77,0.84,0.69,1.74,16.43,2.88,2021-VA-96,2021,202101,Q-28,6520.532297,0.01431919816639125,9846.920083202891,94,176,1,75.9,13.51,166,0.3262,0.1429,0,60.33854,-175.38804,111,2,5,EBS,8
3.24,0.05,0.14,0.21,0.12,0.58,0,0.22,0.14,0,11.1,0.07,0,10.19,0.18,0.71,0.55,0,0.91,0.46,0.8,0,0.38,0.37,2.5,0.37,12.17,7.43,0.12,0.58,0.22,0,0.8,0.15,0,0,0,0.19,0.44,0.36,0.27,0,4.94,2.26,5.41,0.08,0,0,0,0,1.98,0.12,0,14.05,0,2.56,0.84,0.87,0.89,0.85,0.55,0,0,0.32,0.08,2.13,0,5.68,0.38,2.98,21.04,48.51,30.45,1.45,23.61,0.4,0.07,16.88,0.99,0.92,0.71,1.64,22.95,2.47,2021-VA-97,2021,202101,P-28,1496.7114920000001,0.0137356474306392,7644.342979114581,94,177,1,83.86,15.96,NA,0.3337,0.158,0,60.01147,-175.26673,117,2.3,5,EBS,8
3.93,0.02,0.11,0.2,0.09,0.51,0,0.15,0.15,0,10.21,0.03,0,9.6,0.17,0.54,0.39,1.13,0.5,0,0.41,0.43,0.36,0.79,2.42,0.25,8.18,6.98,0.51,0.14,0,0,0.86,0.63,0.09,0,0,0.08,0.68,0.12,0.02,0.7,6.31,1.89,6.11,0,0.54,0,0.1,0.02,1.54,0.15,0.27,16.47,0.05,4.39,0.75,0.94,0.33,1.03,0,0,0,0.32,0,1.93,0.03,5.03,0.44,2.45,19.23,47.23,33.54,1.74,25.65,0.31,0.12,20.39,0.94,0.94,0.85,1.17,14.1,3.28,2021-VA-98,2021,202101,T-28,1396.386989,0.0116611986968532,7632.148487789411,94,189,1,93.11,16.4,280,0.3874,0.1112,0,61.34088,-175.72779,98,1.5,4,EBS,9
3.6,0.05,0.13,0.24,0.12,0.59,0,0.22,0.22,0,11.28,0.07,0,10.36,0.19,0.61,0.58,0.92,0.49,0,0.38,0.5,0.35,0.54,2.75,0.26,9.76,7.16,0.48,0.14,0.04,0,0.86,0.58,0.19,0,0,0.08,0.65,0.06,0,0.25,4.99,1.52,5.73,0,0.71,0,0.13,0.03,2.07,0.27,0.41,16.89,0,2.32,0.68,0.58,0.27,0.87,0.02,0,0,0.79,0,2.03,0.02,4.65,0.3,3.08,20.82,45.17,34.01,1.63,25.6,0.27,0.09,15.84,0.94,0.92,0.81,1.36,15.98,3.64,2021-VA-99,2021,202101,R-30,6079.43505,0.015826343849514,8909.196043047546,94,186,1,91.37,17.9,308,0.3195,0.137,0,60.65664,-176.79445,129,1.9,5,EBS,8
3.15,0,0.08,0.23,0.14,0.59,0,0.24,0.18,0,12.36,0.08,0,19.39,0.2,0.47,0.6,1.05,0,0.28,0.36,0,0.14,0.94,2.53,0.39,9.54,7.23,0.13,0.45,0.08,0,0.67,0.26,0,0,0.36,0.14,1.47,0.38,0.15,0.16,2.11,1.08,4.87,0,0,0.35,0.13,0,1.58,0.03,0,18.1,0.07,0.22,0.47,0.34,0.17,0.4,0.6,0,0,0.03,0,1.4,0,3.66,0,2.71,22.02,46.58,31.4,1.43,25.69,0.2,0.04,9.09,0.81,1.57,0.41,1.32,13.2,4.94,2022-AKK-1,2022,202202,W-24,933.711211,0.01652750720665605,232464.78806269722,162,1,1,56.96,10.1,70,0.3463,0.1162,0,62.33188,-173.16956,59,-1.3,7,NBS,10
2.69,0.08,0.07,0.32,0.3,0.68,0,0.26,0.09,0,9.24,0.14,0,13.49,0.39,0.68,0.5,0.97,0,0.5,0.82,0,0.56,0.37,2.44,0.67,6.84,8.56,0.15,0.7,0.2,0,0.76,0.38,0,0,0.38,0.18,0.82,0.18,0,1.23,3.16,1.26,6.13,0,0,0.74,0.09,0.12,2.7,0,0,17.66,0.33,0.43,0.77,1.86,0.46,0.85,0.49,0,0,0,0,1.66,0,5.13,0.52,3.33,19.19,45.13,35.68,1.86,27.74,0.29,0.07,13.61,0.95,1.46,0.42,0.8,16.36,3.44,2022-AKK-10,2022,202202,W-24,933.711211,0.01652750720665605,232464.78806269722,162,1,2,43.78,0,28,0.3487,0.0943,0,62.33188,-173.16956,59,-1.3,7,NBS,10
2.71,0,0.07,0.09,0.06,0.62,0,0.14,0.07,0,11.91,0.06,0,21.69,0.16,0.3,0.35,0.93,0,0.23,0.29,0,0.14,0.93,2.31,0.39,8.03,7.01,0.14,0.23,0.06,0,0.56,0.25,0,0,0.34,0.13,1.55,0.35,0,0.51,2.5,0.97,6.65,0,0,0.39,0.15,0,1.57,0.04,0,17.9,0.11,0.21,0.44,0.54,0.27,0.45,0.59,0,0,0,0,0.95,0.04,3.37,0.25,1.86,19.86,49.35,30.79,1.55,25.18,0.19,0.04,11.32,0.7,1.82,0.36,1.15,14.04,5.31,2022-AKK-11,2022,202202,W-25,3403.484807,0.0152514735316515,918093.2505269716,162,2,2,45.29,0,33,0.3276,0.121,0,62.33338,-173.84636,64,-1.3,7,NBS,10
2.85,0.09,0.07,0.1,0.05,0.61,0,0.17,0.07,0,12,0.09,0,20.01,0.17,0.35,0.39,0.9,0,0.26,0.61,0,0.25,0.84,2.37,0.47,6.98,6.39,0.13,0.39,0.09,0,0.49,0.23,0,0,0.3,0.12,1.39,0.51,0,0.54,2.59,1.13,6.79,0,0,0.48,0.12,0,1.48,0,0,18.11,0.12,0.33,0.5,0.63,0.63,0.69,0.63,0,0,0,0,1.21,0,4.04,0.24,2,20.33,46.91,32.77,1.61,26.3,0.22,0.05,11.97,0.61,1.67,0.46,1.09,14.37,4.48,2022-AKK-12,2022,202202,W-25,3403.484807,0.0152514735316515,918093.2505269716,162,2,2,48.7,0,39,0.3346,0.115,0,62.33338,-173.84636,64,-1.3,7,NBS,10
2.53,0,0.07,0.08,0.05,0.58,0,0.13,0.08,0,11.69,0.07,0,20.79,0.16,0.3,0.35,0.92,0,0.25,0.7,0,0.13,0.99,2.22,0.36,7.56,7.55,0.12,0.34,0.06,0,0.52,0.25,0,0,0.33,0.14,1.66,0.61,0,0.5,2.58,1.01,7.1,0,0,0.38,0.15,0,1.46,0.04,0,18.21,0.07,0.28,0.47,0.38,0.14,0.54,0.62,0,0,0,0,1.09,0.03,3.26,0.09,1.82,19.29,48.92,31.8,1.65,25.65,0.18,0.05,11.81,0.65,1.78,0.45,1,12.53,5.58,2022-AKK-13,2022,202202,W-25,3403.484807,0.0152514735316515,918093.2505269716,162,2,2,46.46,0,34,0.3246,0.1196,0,62.33338,-173.84636,64,-1.3,7,NBS,10
2.97,0,0.08,0.1,0.06,0.66,0,0.13,0.06,0,10.87,0.08,0,20.59,0.16,0.33,0.37,0.93,0,0.25,0.35,0,0.19,0.85,2.11,0.42,7.78,6.94,0.14,0.38,0.08,0,0.54,0.26,0,0,0.35,0.13,1.49,0.37,0,0.49,2.75,1.11,7.03,0,0,0.39,0.15,0,1.54,0,0,18.4,0.11,0.28,0.52,0.76,0.3,0.52,0.62,0,0,0,0,1.14,0,3.6,0.28,1.95,18.93,49.31,31.76,1.68,26.07,0.2,0.04,12.45,0.66,1.89,0.37,1.12,13.78,5.1,2022-AKK-14,2022,202202,W-25,3403.484807,0.0152514735316515,918093.2505269716,162,2,2,47.32,0,38,0.3379,0.1242,0,62.33338,-173.84636,64,-1.3,7,NBS,10
3.12,0.07,0.07,0.13,0.09,0.64,0,0.22,0.09,0,10.55,0.16,0,18.69,0.19,0.48,0.55,0.88,0,0.3,0.33,0,0.23,0.54,2.43,0.71,6.05,7.66,0.17,0.6,0.13,0,0.54,0.24,0,0,0.35,0.15,1.06,0.35,0,1.09,3.21,1.04,6.47,0,0,0.59,0.1,0,1.73,0,0,18.06,0,0.41,0.48,0.84,0.36,0.65,0.67,0,0,0,0,1.69,0,4.68,0.2,2.51,19.55,46.93,33.53,1.72,27.63,0.26,0.04,12.45,0.69,1.77,0.28,0.79,17.63,3.86,2022-AKK-15,2022,202202,W-25,3403.484807,0.0152514735316515,918093.2505269716,162,2,2,48.22,0,37,0.3375,0.0894,0,62.33338,-173.84636,64,-1.3,7,NBS,10
3.06,0.05,0.06,0.14,0.1,0.64,0,0.18,0.09,0,10,0.11,0,16.54,0.18,0.44,0.44,0.85,0,0.3,0.58,0,0.29,0.44,2.14,0.76,6.8,8.15,0.12,0.49,0.1,0,0.57,0.24,0,0,0.32,0.15,1.05,0.2,0,0.74,4.16,0.71,8.94,0,0,0.49,0.13,0.05,1.78,0.08,0,17.4,0.14,0.47,0.63,0.79,0.28,0.88,0.65,0,0,0.02,0,1.48,0.05,4.22,0.35,2.32,18.65,49.28,32.07,1.72,26.04,0.24,0.05,15.7,0.72,1.65,0.39,0.83,15.72,4.13,2022-AKK-16,2022,202202,W-25,3403.484807,0.0152514735316515,918093.2505269716,162,2,2,46.38,0,35,0.323,0.1087,0,62.33338,-173.84636,64,-1.3,7,NBS,10
1.01,0,0,0.31,0.14,0.45,0,0.28,0.16,0,10.95,0,0,4.27,0.15,0.79,0.7,1.5,0,0.6,0.51,0,0.84,0.16,3.34,0.26,10.58,11.97,0,0.91,0.26,0,0.73,0.15,0,0,0.42,0.23,0.25,0.19,0.31,0.2,2.75,2.6,5.21,0,0,1.47,0.12,0,3.22,0,0,14.52,0.34,0.4,0.79,2.03,0.44,0.71,0.32,0,0,0,0,2.2,0,9.64,0.61,3.42,20.88,42.54,36.58,1.75,28.19,0.66,0.09,13.78,0.96,0.39,0.62,0.88,17.13,1.51,2022-AKK-161,2022,202201,P-20,3610.1855210000003,0.0145989654722175,6438.812406186336,162,120,1,84.28,15.07,234,0.3067,0.0687,0,59.99996,-169.97629,55,1,4,EBS,9
1.76,0.03,0.06,0.21,0.11,0.38,0,0.21,0.18,0,11.16,0.04,0,8.37,0.17,0.64,0.58,1.61,0,0.39,0.7,0,0.3,0.62,3.08,0.31,10.69,10.77,0.03,0.6,0.23,0,0.81,0.22,0,0,0.5,0.2,0.98,0.41,0.31,0.26,2.97,2.21,6.67,0.07,0,0.65,0.12,0.04,1.55,0.07,0,16.83,0.09,0.54,0.9,0.86,0.21,0.88,0.68,0,0,0.02,0,1.88,0.06,5.38,0.39,2.69,20.82,45.59,33.59,1.61,26.58,0.32,0.08,14.15,1.01,0.75,0.45,0.99,8.53,3.13,2022-AKK-162,2022,202201,N-21,1853.018409,0.01561344722004375,183796.20141258973,162,123,1,98.91,18.48,348,0.312,0.0862,0,59.32744,-170.53788,69,0.1,3,EBS,6
4.86,0.08,0.08,0.63,0.58,0.68,0,0.57,0.85,0,11.74,0.12,0,11.18,0.46,1.26,1.36,1.57,0,0.49,0.78,0,0.46,0.49,2.57,0.4,6.24,5.33,0.13,0.72,0.14,0,0.75,0.21,0,0,0.26,0.3,0.86,0.23,0,1.34,7.62,1.53,1.85,0,0,0.5,0.13,0,1.67,0.08,0,15.99,0.32,5.13,0.82,0.78,0,0.14,0.46,0,0,0.17,0,1.85,0,2.77,0.48,6.42,27.55,42.88,29.57,1.07,24.11,0.17,0.07,17.73,1.05,0.95,0.42,1.17,13.06,5.77,2022-AKK-163,2022,202201,Q-31,2894.577335,0.0168178829726754,1664.8944486944388,162,186,2,41.01,0,29,0.3287,0.0862,0,60.33585,-177.37448,149,1.6,5,EBS,8
3.04,0.04,0.1,0.21,0.09,0.59,0,0.18,0.13,0,12.14,0.06,0,10.97,0.15,0.52,0.36,0.79,0,0.7,0.93,0,0.42,0.54,2.85,0.53,10.74,8.04,0.09,0.43,0.1,0,0.77,0.17,0,0,0,0.17,0.51,0.28,0.23,0.18,5.76,1.6,5.86,0,0,0.48,0.07,0.03,1.85,0.06,0,13.57,0.1,2.56,0.91,0.64,0.11,1.99,0.68,0,0,0.02,0,1.73,0.05,4.5,0.4,2.76,22.04,48.84,29.12,1.32,21.82,0.33,0.08,17.34,0.94,0.9,0.87,1.34,21.48,3.02,2022-AKK-164,2022,202201,T-29,1367.828254,0.01515479123370465,28679.320836394865,162,192,2,46.06,0,32,0.3453,0.1273,0,61.33116,-176.30919,106,0.9,5,EBS,8
1.68,0.03,0.06,0.27,0.12,0.37,0,0.24,0.16,0,10.22,0.05,0,7.04,0.16,0.72,0.62,1.19,0,0.41,0.59,0,0.35,0.41,2.88,0.46,11.75,10.32,0.03,0.61,0.29,0,0.91,0.21,0,0,0.46,0.19,0.65,0.18,0.31,0.22,4.27,2.65,7.52,0.11,0,0.74,0.11,0.05,1.58,0.05,0,14.73,0.18,0.86,0.43,0.97,1.02,1.41,0.67,0,0,0.03,0,2.02,0.07,5.81,0.55,2.91,19.52,47.73,32.75,1.68,24.69,0.39,0.07,16.71,1.1,0.69,0.43,1.14,10.82,2.53,2022-AKK-165,2022,202201,M-21,3885.626929,0.01568123862187905,7269.8338918803875,162,124,1,93.41,17.06,231,0.3141,0.096,0,59.01035,-170.48345,71,0.1,3,EBS,6
2.82,0.08,0.07,0.19,0.1,0.57,0,0.18,0.12,0,10.47,0.04,0,16.52,0.18,0.52,0.54,0.94,0,0.54,0.78,0,0.3,0.63,2.73,0.32,8.03,9.64,0.11,0.43,0.12,0,0.72,0.28,0,0,0.29,0.17,0.94,0.39,0.19,0.23,2.71,1.27,6.37,0,0,0.65,0.16,0,1.78,0.07,0,16.27,0.13,0.47,0.57,0.97,0.32,1.17,0.48,0,0,0.04,0,1.84,0.03,4.36,0.17,2.77,20.15,47.85,32,1.59,24.66,0.27,0.06,12.35,0.89,1.58,0.55,0.83,17.66,3.73,2022-AKK-166,2022,202201,U-29,764.809982,0.0162692880258216,6208.015977078965,162,193,1,74.52,13.26,159,0.3124,0.1105,0,61.66493,-176.47266,105,0,5,EBS,8
3.23,0.05,0.14,0.24,0.08,0.58,0,0.17,0.08,0,12.57,0.05,0,12.57,0.15,0.53,0.36,0.7,0,0.69,0.99,0,0.4,0.65,2.73,0.47,10.86,8.15,0.11,0.43,0.1,0,0.76,0.17,0,0,0,0.17,0.56,0.27,0,0.61,4.63,1.37,5.3,0,0,0.33,0,0,1.76,0,0,14,0.13,1.67,0.74,0.79,0.11,2.15,0.66,0,0,0,0,1.76,0,4.72,0.24,2.73,22.13,47.68,30.18,1.36,22.87,0.34,0.07,14.52,0.93,1,0.77,1.33,22.6,2.97,2022-AKK-167,2022,202201,T-29,1367.828254,0.01515479123370465,28679.320836394865,162,192,2,57.73,0,66,0.3213,0.118,0,61.33116,-176.30919,106,0.9,5,EBS,8
3.21,0.05,0.1,0.18,0.09,0.56,0,0.15,0.09,0,10.95,0.05,0,11.27,0.14,0.5,0.35,0.79,0,0.71,0.88,0,0.4,0.56,2.74,0.53,10.64,8.22,0.1,0.43,0.12,0,0.76,0.19,0,0,0.38,0.18,0.58,0.3,0.2,0.32,5.46,1.86,5.91,0,0,0.43,0.05,0.03,1.8,0.07,0,13.66,0.12,2.17,1.04,0.79,0.67,2.03,0.62,0,0,0.04,0,1.64,0.04,4.48,0.39,2.64,20.77,49.08,30.15,1.45,21.95,0.33,0.08,17.22,0.93,1.03,0.65,1.3,19.47,3.05,2022-AKK-168,2022,202201,T-29,1367.828254,0.01515479123370465,28679.320836394865,162,192,2,52.02,0,47,0.3984,0.1445,0,61.33116,-176.30919,106,0.9,5,EBS,8
2.59,0.05,0.07,0.21,0.12,0.67,0,0.22,0.14,0,9.84,0.04,0,9.93,0.19,0.54,0.46,0.95,0,0.81,0.78,0,0.42,0.62,2.87,0.38,7.98,7.96,0.12,0.49,0.12,0,0.91,0.24,0,0,0,0.2,0.62,0.3,0,0.91,6.05,1.71,6.84,0,0,0.63,0.08,0,2.08,0.07,0,14.81,0.15,3.11,1.18,0.72,0.15,2.49,0.64,0,0,0,0,1.91,0.05,5.17,0.38,3.18,19.68,47.16,33.16,1.69,24.76,0.35,0.08,19.62,1.11,1.01,0.55,1,16.03,2.87,2022-AKK-169,2022,202201,T-29,1367.828254,0.01515479123370465,28679.320836394865,162,192,2,59.76,0,72,0.3105,0.0777,0,61.33116,-176.30919,106,0.9,5,EBS,8
3.35,0.07,0.08,0.13,0.08,0.52,0,0.13,0.11,0,12.25,0.06,0,20.98,0.16,0.32,0.38,1.1,0,0.28,0.32,0,0.14,0.97,2.21,0.35,9.49,7.46,0.16,0.26,0.05,0,0.6,0.27,0,0.01,0.32,0.14,1.72,0.37,0.13,0.18,1.71,0.97,4.72,0,0,0.29,0.14,0.02,1.48,0.06,0,18.12,0.1,0.23,0.41,0.47,0.18,0.37,0.58,0,0,0.03,0.26,1.07,0.01,3.52,0.12,1.95,21.19,47.63,31.18,1.47,25.79,0.19,0.04,8.5,0.74,1.71,0.39,1.27,12.17,5.15,2022-AKK-17,2022,202202,W-25,3403.484807,0.0152514735316515,918093.2505269716,162,2,1,54.25,9.4,62,0.3313,0.1345,0,62.33338,-173.84636,64,-1.3,7,NBS,10
2.08,0.04,0.05,0.31,0.28,0.52,0,0.4,0.19,0,9.1,0.09,0,5.36,0.22,0.8,0.7,1.18,0,0.44,0.67,0,0.37,0.62,2.94,0.39,10.17,7.18,0.04,0.87,0.2,0,0.76,0.2,0,0,0.46,0.22,0.46,0.31,0.28,0.45,5.48,2.99,3.95,0,0,1.15,0.12,0.06,2.95,0.15,0,14.24,0.26,3.91,0.97,1.12,0.86,0.47,0.49,0,0,0,0,2.35,0.06,9.44,0.61,3.64,19.65,43.42,36.93,1.88,28.16,0.66,0.1,18.43,0.99,0.59,0.54,1.42,11.73,1.51,2022-AKK-170,2022,202201,L-22,2328.3547829999998,0.015646566222837,8308.532245896742,162,126,1,90.57,17.17,337,0.3355,0.0906,0,58.66466,-171.0847,83,-0.4,3,EBS,6
2.93,0.04,0.1,0.2,0.09,0.5,0,0.21,0.13,0,10.09,0.06,0,8.43,0.16,0.52,0.57,1.01,0,0.53,0.84,0,0.44,0.57,2.65,0.34,10.49,8.03,0.1,0.5,0.18,0,0.78,0.18,0,0,0.37,0.17,0.69,0.31,0.25,0.14,5.96,2.08,5.91,0,0,0.71,0.09,0.03,1.73,0.12,0,15.16,0.18,3.33,0.97,1.1,0.47,1.23,0.64,0,0,0.03,0,2.07,0.05,5.17,0.39,2.75,19.98,47.94,32.08,1.6,24.6,0.34,0.09,19.35,0.95,0.84,0.66,1.31,12.26,2.93,2022-AKK-171,2022,202201,S-30,3069.0881090000003,0.015650712111474,19999.089994795217,162,190,1,99.08,18.71,364,0.3504,0.1243,0,61.00888,-176.96671,122,1.6,5,EBS,8
2.24,0.04,0.13,0.24,0.12,0.52,0,0.31,0.13,0,9.91,0.08,0,10.16,0.18,0.83,0.72,0.94,0,0.46,0.76,0,0.41,0.36,2.65,0.56,11.66,8.89,0.11,0.69,0.23,0,0.81,0.27,0,0,0.41,0.17,0.27,0.16,0.24,0.19,3.3,2.22,6.3,0,0,1.01,0.13,0.04,2.46,0.09,0,14.97,0.19,0.58,0.78,1.1,0.87,0.87,0.58,0,0,0.17,0,2.58,0.09,5.53,0.32,3.33,19.66,47.04,33.29,1.69,24.79,0.37,0.07,14.27,0.98,1.03,0.61,1.31,38.34,2.71,2022-AKK-172,2022,202201,N-24,2847.348622,0.015210524863644,2761.2459383560035,162,150,1,99.68,18.86,342,0.3135,0.0936,0,59.3343,-172.50217,88,-0.1,3,EBS,6
3.19,0.02,0.07,0.22,0.12,0.56,0,0.2,0.11,0,10.37,0.05,0,17.64,0.2,0.53,0.53,0.87,0,0.52,0.78,0,0.24,0.69,2.55,0.35,7.35,9.73,0.14,0.45,0.09,0,0.74,0.28,0,0,0.27,0.19,0.74,0.37,0.15,0.16,2.5,1.18,6.58,0.08,0,0.47,0.13,0,1.84,0.08,0,16.56,0.12,0.36,0.61,0.72,0.39,1.18,0.52,0,0,0,0,1.8,0.02,4.24,0.13,2.79,20.09,48.07,31.84,1.59,24.54,0.26,0.06,11.95,0.92,1.7,0.6,0.76,23.9,3.9,2022-AKK-173,2022,202201,U-29,764.809982,0.0162692880258216,6208.015977078965,162,193,1,72.52,13.68,145,0.3229,0.1094,0,61.66493,-176.47266,105,0,5,EBS,8
1.25,0,0,0.45,0.21,0.32,0,0.47,0.17,0,8.5,0,0,4.61,0.15,1.25,1.13,0.83,0,0.4,0.44,0,0.37,0,3.33,0.32,10.79,7.81,0,1.11,0.33,0,0.83,0.24,0,0,0,0.23,0,0.26,0.34,0.41,4.82,3.83,3.86,0,0,1.94,0.15,0,5.12,0,0,13.43,0.19,5.25,1.8,0.98,0,0.5,0.26,0,0,0,0,2.95,0,7.48,0.87,4.4,18.84,46.19,34.97,1.86,25.14,0.56,0.06,20.53,1.06,0.54,0.35,1.38,NA,1.8,2022-AKK-174,2022,202201,K-22,4202.926396,0.0134014223323332,2462.4251950020193,162,129,1,94.22,17.41,340,0.3083,0.06,0,58.33816,-171.01678,84,-0.6,3,EBS,6
4.08,0.06,0.08,0.53,0.45,0.68,0,0.4,0.4,0,9.78,0.09,0,8.74,0.34,0.92,0.95,1.24,0,0.49,0.86,0,0.36,0.49,2.48,0.65,7.52,6.61,0.11,0.61,0.11,0,0.84,0.19,0,0,0.54,0.25,0.89,0.39,0.26,0.22,8.26,1.53,3.49,0,0,0.65,0.09,0,1.72,0.16,0,16.42,0.17,3.35,1.28,1.07,0.24,0.52,0.6,0,0,0,0,1.75,0,5.6,0.45,4.84,22.9,44.17,32.92,1.44,26.26,0.34,0.08,18.97,1.09,0.89,0.5,1.14,9.83,2.93,2022-AKK-175,2022,202201,Q-31,2894.577335,0.0168178829726754,1664.8944486944388,162,186,2,32,0,43.7,0.3289,0.1256,0,60.33585,-177.37448,149,1.6,5,EBS,8
2.6,0.02,0.08,0.21,0.11,0.37,0,0.23,0.16,0,8.65,0.06,0,4.22,0.18,0.69,0.46,0.74,0,0.32,0.46,0,0.39,0.14,2.19,0.23,11.24,4.99,0.03,0.74,0.11,0,0.81,0.16,0,0,0.3,0.24,0.46,0.11,0.34,0.12,8.23,3.81,2.85,0,0,1.27,0.09,0.04,1.96,0.2,0,11.34,0.15,8.86,1.51,0.81,2.07,0.38,0.39,0,0,0.04,0,2.77,0.05,10.26,0.72,2.55,17.35,48.57,34.07,1.96,26.17,0.91,0.07,26.07,1.05,0.49,0.43,2.25,9.23,1.1,2022-AKK-177,2022,202201,J-25,4271.506634,0.0158223501517257,252.8069447106586,162,164,1,75.45,13.44,163,0.3281,0.1037,0,58.00653,-172.85404,109,2.7,6,EBS,8
1.6,0,0,0.35,0,0.53,0,0.57,0,0,10.11,0,0,6.12,0.19,1.28,1.2,1.18,0,0.81,0.49,0,0.79,0.22,4.66,0.33,6.51,8.23,0,1.06,0.42,0,1.12,0.34,0,0,0,0,0,0.19,0,0.57,2.54,2.46,4.59,0,0,0.94,0,0,5.23,0,0,20.6,0,1.27,0.61,2.06,0,0.31,0.53,0,0,0,0,3.07,0,6.93,0,4.74,22.29,35.96,41.75,1.87,32.49,0.34,0.08,13.52,1.12,0.61,0.57,0.79,NA,2.97,2022-AKK-178,2022,202201,PO2524,956.464983,0.0154902341503536,9877.190913638153,162,157,1,75.68,13.24,187,0.3381,0.0702,0,59.82958,-172.93313,80,-0.5,4,EBS,9
2.24,0.05,0.07,0.18,0.12,0.5,0,0.27,0.1,0,9.82,0.06,0,11.53,0.19,0.77,0.71,0.98,0,0.54,0.8,0,0.37,0.64,2.66,0.37,9.49,9.44,0.12,0.67,0.22,0,0.97,0.32,0,0,0.39,0.19,0.25,0.36,0.19,0.27,2.99,2.06,6.69,0,0,0.96,0.14,0.04,2.53,0.11,0,16.81,0.22,0.75,0.35,1,0.34,0.99,0.58,0,0,0,0,2.35,0.04,4.89,0.32,3.19,19.41,46.12,34.48,1.78,25.81,0.29,0.08,13.85,1.16,1.17,0.6,1.01,45.85,3.44,2022-AKK-179,2022,202201,O-24,1665.6463899999999,0.01493801723623275,7162.93188767163,162,151,1,89.51,16.56,265,0.3921,0.1152,0,59.6709,-172.57502,84,-0.5,3,EBS,6
2.37,0.08,0.05,0.12,0.07,0.65,0,0.15,0.08,0,11.15,0.05,0,18.81,0.17,0.34,0.43,1.03,0,0.33,0.43,0,0.17,0.71,2.21,0.46,7.85,7.93,0.12,0.37,0.07,0,0.66,0.28,0,0,0.34,0.16,1.5,0.33,0.07,0.12,2.67,0.7,7.19,0,0,0.48,0.15,0,1.99,0.03,0,17.3,0.24,0.19,0.46,0.86,1.5,1.05,0.57,0,0,0,0,1.29,0,3.58,0.11,2.16,19.31,47.98,32.72,1.69,24.73,0.21,0.04,12.07,0.82,1.69,0.38,0.99,12.52,4.83,2022-AKK-18,2022,202202,W-25,3403.484807,0.0152514735316515,918093.2505269716,162,2,1,52.92,9.12,54,0.3206,0.1193,0,62.33338,-173.84636,64,-1.3,7,NBS,10
2.82,0.02,0.09,0.16,0.07,0.63,0,0.11,0.11,0,11.08,0.04,0,12.35,0.14,0.44,0.24,0.9,0,0.79,1.1,0,0.39,0.91,2.7,0.46,8.85,8.43,0.1,0.39,0.09,0,0.77,0.27,0,0,0,0.19,0.78,0.29,0.19,0.19,3.76,1.35,6.07,0,0,0.36,0.07,0,2.1,0.06,0,17.88,0.08,1.17,0.74,0.51,0.1,2.08,0.83,0,0,0,0,1.8,0.03,4.64,0.27,2.55,20.37,44.73,34.9,1.71,26.77,0.26,0.09,13.6,0.96,1.11,0.93,1.05,15.89,3.85,2022-AKK-180,2022,202201,U-29,764.809982,0.0162692880258216,6208.015977078965,162,193,2,56.2,0,60,0.2967,0.0998,0,61.66493,-176.47266,105,0,5,EBS,8
3.15,0.04,0.06,0.22,0.13,0.48,0,0.2,0.11,0,8.91,0.06,0,7.13,0.16,0.76,0.56,0.9,0,0.54,0.66,0,0.37,0.43,3.16,0.32,10.23,7.87,0.03,0.67,0.21,0,0.81,0.2,0,0,0.4,0.19,0.65,0.2,0.44,0,6.29,2.39,5.22,0,0,0.73,0.09,0.04,1.8,0.11,0,15.08,0.12,3.48,1.37,0.87,0.93,1.11,0.58,0,0,0.04,0.06,3.03,0.06,5.89,0.45,2.99,19.81,46.61,33.58,1.69,25.96,0.39,0.08,19.62,1,0.8,0.55,1.3,11,2.56,2022-AKK-181,2022,202201,T-29,1367.828254,0.01515479123370465,28679.320836394865,162,192,1,113.18,22.52,591,0.3456,0.1107,0,61.33116,-176.30919,106,0.9,5,EBS,8
2.01,0.03,0.05,0.2,0.12,0.46,0,0.3,0.16,0,9.24,0.07,0,9.63,0.19,0.88,0.75,1.06,0,0.54,0.64,0,0.35,0.56,2.6,0.36,9.59,9.14,0.04,0.73,0.24,0,0.84,0.26,0,0,0.36,0.17,0.32,0.17,0.15,0.42,2.79,3.19,5.37,0,0,0.64,0.13,0,2.17,0.07,0,16.59,0.21,1.54,0.97,1.2,1.25,1.04,0.67,0,0,0.14,0,2.85,0.05,6.15,0.35,3.41,18.76,45.21,36.04,1.92,27.58,0.37,0.07,15.06,1.01,1.04,0.56,1.05,30.17,2.7,2022-AKK-182,2022,202201,O-24,1665.6463899999999,0.01493801723623275,7162.93188767163,162,151,1,83.96,16.71,252,0.3029,0.0876,0,59.6709,-172.57502,84,-0.5,3,EBS,6
2.72,0.06,0.14,0.17,0.09,0.58,0,0.18,0.16,0,10.9,0.06,0,10.01,0.15,0.49,0.59,1.19,0,0.63,1.13,0,0.48,1.04,3.03,0.29,8.85,8.35,0.11,0.44,0.17,0,0.74,0.21,0,0,0.39,0.16,1.11,0.18,0.25,0.16,3.59,1.51,5.49,0,0,0.6,0.08,0,2.16,0.11,0,18.57,0.13,1.46,0.7,1.03,0.42,1.42,0.64,0,0,0,0,1.98,0.08,4.57,0.24,2.89,21.26,42.43,36.31,1.71,27.79,0.25,0.11,13.77,0.9,0.92,0.85,1.06,9.02,4.06,2022-AKK-183,2022,202201,S-30,3069.0881090000003,0.015650712111474,19999.089994795217,162,190,1,107.01,21.31,451,0.3319,0.1015,0,61.00888,-176.96671,122,1.6,5,EBS,8
2.3,0.02,0.07,0.26,0.1,0.33,0,0.24,0.15,0,7.84,0.04,0,4.87,0.14,0.7,0.6,0.72,0,0.32,0.43,0,0.28,0.13,2.26,0.34,11.81,9.24,0.03,0.8,0.24,0,1.04,0.19,0,0,0,0.2,0.46,0.22,0.45,0,9.59,3.32,4.95,0.13,0,1.19,0.12,0.05,1.87,0.12,0,11.76,0.17,5.06,1.28,1.05,0.34,0.56,0.39,0,0,0.05,0,2.65,0.04,7.82,0.65,2.72,16.56,53.25,30.19,1.82,23.69,0.66,0.06,25.25,1.24,0.62,0.36,1.28,10.57,1.5,2022-AKK-184,2022,202201,K-21,7758.335566,0.0147477976263255,10883.981057176547,162,128,1,93.14,18.31,211,0.3584,0.114,0,58.33725,-170.38538,75,0,3,EBS,6
1.59,0.04,0.07,0.23,0.15,0.5,0,0.36,0.14,0,9.93,0.06,0,7.61,0.17,0.83,0.69,0.88,0,0.53,0.61,0,0.35,0.32,2.86,0.35,11.32,8.46,0.03,0.74,0.28,0,0.97,0.23,0,0,0.4,0.21,0.35,0.33,0.3,0.11,3.8,2.98,7.55,0,0,1.37,0.17,0.06,2.79,0.19,0,14.93,0.13,1.46,1.19,0.81,0.33,1.16,0.65,0,0,0,0,2.96,0,5.13,0.33,3.44,19.23,46.94,33.83,1.76,24.87,0.34,0.07,17.79,1.18,0.77,0.45,1.34,21.55,2.91,2022-AKK-185,2022,202201,O-24,1665.6463899999999,0.01493801723623275,7162.93188767163,162,151,1,75.34,12.28,159,0.3936,0.1163,0,59.6709,-172.57502,84,-0.5,3,EBS,6
2.29,0.04,0.1,0.24,0.15,0.5,0,0.31,0.17,0,10.83,0.08,0,7.95,0.2,0.87,0.62,0.94,0,0.43,0.64,0,0.31,0.24,2.89,0.42,12.4,7.12,0.05,0.73,0.21,0,0.8,0.15,0,0,0.41,0.18,0.56,0.35,0.4,0,4.86,2.77,4.35,0,0,0.89,0.08,0.04,2.29,0.17,0,12.96,0.29,2.47,0.8,1.09,0.56,0.65,0.62,0,0,0,0.04,2.43,0.09,8.45,0.51,3.28,21.1,45.91,32.99,1.56,25.72,0.65,0.06,16.35,0.99,0.73,0.45,1.74,14.22,1.53,2022-AKK-186,2022,202201,QP2625,616.092759,0.0161361840087327,373857.49609295576,162,153,1,94.9,19.13,374,0.3597,0.138,0,60.13564,-173.7605,88,-0.2,4,EBS,9
5.9,0.07,0,0.46,0.45,0.59,0,0.38,0.74,0,8.24,0.09,0,8.48,0.35,0.9,0.92,1.3,0,0.41,0.39,0,0.42,0.37,2.13,0.45,3.92,4.94,0.09,0.57,0.11,0,0.65,0.18,0,0,0.41,0,0.69,0.42,0,1.15,13.06,1.56,1.97,0,0,0.42,0.07,0,1.44,0,0,13.82,0,9.79,1.26,0.92,1.57,0.54,0.57,0,0,0.38,0,1.53,0,4.14,0.78,4.85,22.49,48.25,29.26,1.3,22.32,0.3,0.06,28.57,0.65,1.03,0.33,0.79,12.37,3.34,2022-AKK-188,2022,202201,Q-31,2894.577335,0.0168178829726754,1664.8944486944388,162,186,2,58.05,0,71,0.3591,0.0977,0,60.33585,-177.37448,149,1.6,5,EBS,8
NA,NA,NA,NA,NA,NA,NA,NA,NA,NA,NA,NA,NA,NA,NA,NA,NA,NA,NA,NA,NA,NA,NA,NA,NA,NA,NA,NA,NA,NA,NA,NA,NA,NA,NA,NA,NA,NA,NA,NA,NA,NA,NA,NA,NA,NA,NA,NA,NA,NA,NA,NA,NA,NA,NA,NA,NA,NA,NA,NA,NA,NA,NA,NA,NA,NA,NA,NA,NA,NA,NA,NA,NA,NA,NA,NA,NA,NA,NA,NA,NA,NA,NA,NA,2022-AKK-189,2022,202201,L-21,2400.577941,0.0154052492643621,18953.577120979517,162,127,1,98.65,18.66,310,0.3117,0.0842,0,58.66451,-170.43344,74,-0.1,3,EBS,6
2.69,0.07,0.06,0.2,0.11,0.63,0,0.25,0.05,0,11.08,0.06,0,19.21,0.19,0.43,0.57,0.83,0,0.27,0.64,0,0.17,0.58,2.21,0.44,7.99,7.59,0.11,0.4,0.09,0,0.68,0.25,0,0,0.33,0.15,1.34,0.5,0,0.4,2.66,1.26,7.07,0,0,0.51,0.17,0,1.53,0.04,0,18.22,0.08,0.36,0.5,0.44,0.19,0.58,0.66,0,0,0,0,1.4,0,3.75,0,2.53,19.48,48.33,32.19,1.65,26.13,0.21,0.04,12.29,0.83,1.73,0.37,1.05,14.3,4.86,2022-AKK-19,2022,202202,W-25,3403.484807,0.0152514735316515,918093.2505269716,162,2,1,63.85,11.36,89,0.3257,0.1062,0,62.33338,-173.84636,64,-1.3,7,NBS,10
2.31,0.05,0.11,0.23,0.11,0.57,0,0.35,0.13,0,10.15,0.09,0,12.2,0.21,0.72,0.64,1.12,0,0.44,0.74,0,0.35,0.65,2.43,0.57,8.34,8,0.12,0.64,0.19,0,0.69,0.27,0,0,0.44,0.14,0.42,0.21,0.17,0.25,2.73,1.67,5.71,0,0,0.72,0.16,0.05,2.19,0.08,0,19.19,0.15,0.46,0.72,0.92,0.85,0.84,0.65,0,0,0,0.04,2.19,0.03,6.36,0.28,3.18,19.63,42.76,37.61,1.92,29.67,0.33,0.07,12.21,0.83,1.2,0.67,1.04,29.26,3.01,2022-AKK-190,2022,202201,O-24,1665.6463899999999,0.01493801723623275,7162.93188767163,162,151,1,78.44,14.23,195,0.3258,0.1014,0,59.6709,-172.57502,84,-0.5,3,EBS,6
3.11,0.03,0.11,0.21,0.1,0.62,0,0.16,0.12,0,12.35,0.06,0,11.89,0.16,0.53,0.34,0.74,0,0.65,0.93,0,0.4,0.41,2.69,0.58,11.19,7.89,0.12,0.49,0.09,0,0.77,0.16,0,0,0,0.18,0.51,0.32,0,0.39,5.25,1.43,5.27,0,0,0.43,0.07,0.03,1.91,0.09,0,13.07,0.11,1.92,0.76,0.67,0.12,2.21,0.67,0,0,0.03,0.03,1.94,0.04,5.31,0.32,2.73,21.83,48.13,30.04,1.38,22.6,0.41,0.07,15.31,0.95,0.96,0.71,1.42,23.31,2.46,2022-AKK-191,2022,202201,T-29,1367.828254,0.01515479123370465,28679.320836394865,162,192,2,47.61,0,25,0.3261,0.1172,0,61.33116,-176.30919,106,0.9,5,EBS,8
1.79,0.03,0.07,0.18,0.13,0.44,0,0.27,0.14,0,10.25,0.05,0,9.55,0.18,0.83,0.67,0.95,0,0.42,0.66,0,0.35,0.45,2.42,0.32,10.95,9.13,0.03,0.75,0.23,0,0.87,0.23,0,0,0.35,0.19,0.39,0.13,0.15,0.33,2.64,2.6,6.31,0,0,0.77,0.13,0.03,2.33,0.12,0,16.85,0.08,0.84,0.8,0.53,0.14,1.15,0.64,0,0,0,0.03,2.75,0.04,7.04,0.3,3.07,18.8,45.06,36.13,1.92,28.7,0.42,0.07,13.73,1.06,0.93,0.54,1.2,24.7,2.39,2022-AKK-192,2022,202201,O-24,1665.6463899999999,0.01493801723623275,7162.93188767163,162,151,1,85.78,14.12,241,0.3844,0.1176,0,59.6709,-172.57502,84,-0.5,3,EBS,6
2.09,0.04,0.1,0.28,0.13,0.38,0,0.23,0.11,0,9.05,0.05,0,8.14,0.16,0.7,0.63,0.95,0,0.48,0.38,0,0.31,0.7,2.55,0.44,10.47,9.94,0.03,0.6,0.23,0,0.82,0.21,0,0,0.42,0.17,0.81,0.15,0.2,0.26,5.48,2.12,6.12,0.08,0,0.59,0.12,0.02,1.76,0.06,0,16.63,0.13,2.44,1.09,0.78,0.33,1.05,0.78,0,0,0.05,0.07,2.26,0.05,5.43,0.36,2.93,18.01,48.33,33.66,1.87,26.78,0.33,0.07,18.03,0.99,0.9,0.45,1.05,10.05,3.06,2022-AKK-193,2022,202201,L-21,2400.577941,0.0154052492643621,18953.577120979517,162,127,1,104.35,19.36,397,0.3282,0.0941,0,58.66451,-170.43344,74,-0.1,3,EBS,6
2.23,0.04,0.08,0.25,0.14,0.43,0,0.24,0.13,0,10.45,0.09,0,8.51,0.19,0.69,0.6,1.3,0,0.43,0.34,0,0.3,0.83,2.86,0.5,10.61,9.08,0.03,0.67,0.24,0,0.85,0.21,0,0,0.47,0.19,0.95,0.46,0.23,0.12,3.51,1.78,5.53,0,0,0.52,0.11,0.02,1.69,0.05,0,18.28,0.15,0.69,0.87,0.79,0.8,0.96,0.78,0,0,0.19,0,2.2,0.04,5.98,0.31,2.91,20.24,43.24,36.52,1.8,28.86,0.33,0.07,13.17,1.04,0.81,0.42,1.17,8.98,3.06,2022-AKK-194,2022,202201,L-21,2400.577941,0.0154052492643621,18953.577120979517,162,127,1,98.57,18.28,268,0.3774,0.1048,0,58.66451,-170.43344,74,-0.1,3,EBS,6
1.76,0.03,0.08,0.18,0.09,0.44,0,0.23,0.1,0,9.04,0.06,0,9.35,0.17,0.69,0.58,0.88,0,0.45,0.68,0,0.32,0.47,2.58,0.35,10.83,10.23,0.04,0.74,0.22,0,0.91,0.27,0,0,0.35,0.2,0.5,0.16,0.21,0.24,2.66,2.38,6.52,0,0,0.89,0.14,0.04,2.14,0.12,0,16.29,0.14,0.77,0.78,1.03,0.72,0.92,0.59,0,0,0.06,0.05,2.52,0.06,7.38,0.36,2.77,17.52,46.32,36.15,2.06,28.22,0.45,0.07,14.13,1.1,1.03,0.52,1.06,18.54,2.21,2022-AKK-195,2022,202201,O-24,1665.6463899999999,0.01493801723623275,7162.93188767163,162,151,1,80.79,19.49,194,0.3276,0.1065,1,59.6709,-172.57502,84,-0.5,3,EBS,6
3.22,0.02,0.07,0.36,0.25,0.72,0,0.36,0.26,0,10.68,0.13,0,9.89,0.32,0.91,0.75,1.23,0,0.54,0.55,0,0.41,0.67,2.86,0.5,9.11,7.26,0.04,0.73,0.22,0,0.85,0.22,0,0,0.69,0.21,0.95,0.61,0.33,0,4.91,1.96,3.73,0,0,0.76,0.12,0.04,2.51,0.14,0,15.02,0.15,2.61,1.11,0.87,0.54,0.6,0.51,0,0,0.07,0.03,2.58,0.04,5.42,0.34,4.15,22.72,43.59,33.69,1.48,25.28,0.36,0.07,15.19,1.06,0.93,0.44,1.25,10.41,2.77,2022-AKK-196,2022,202201,S-31,3436.4519539999997,0.0167529499598835,3163.621936847746,162,189,1,84.07,13.27,191,0.3233,0.1516,0,61.00789,-177.6324,135,1.5,5,EBS,8
3.17,0.04,0.08,0.18,0.08,0.6,0,0.12,0.09,0,11.32,0.05,0,11.3,0.15,0.48,0.28,0.77,0,0.8,0.91,0,0.42,0.57,2.85,0.55,9.05,8.07,0.09,0.43,0.11,0,0.84,0.26,0,0,0,0.18,0.56,0.26,0.21,0.31,5.22,1.47,6.45,0,0,0.4,0.05,0,1.92,0.07,0,14.7,0.12,2.08,0.99,0.69,0.13,2.63,0.72,0,0,0,0,1.78,0.1,4.84,0.42,2.63,21.21,47.1,31.69,1.49,23.58,0.33,0.08,16.91,1.02,1,0.75,1.12,20.21,3.04,2022-AKK-197,2022,202201,T-29,1367.828254,0.01515479123370465,28679.320836394865,162,192,2,51.71,0,45,0.3609,0.1175,0,61.33116,-176.30919,106,0.9,5,EBS,8
1.8,0.04,0.07,0.25,0.13,0.39,0,0.23,0.22,0,10.42,0.05,0,8.38,0.18,0.67,0.59,1.43,0,0.41,0.3,0,0.36,0.69,3.08,0.39,10.9,10.34,0.03,0.57,0.26,0,0.84,0.22,0,0,0.55,0.18,0.96,0.49,0.46,0,3.34,2.19,6.01,0.09,0,0.57,0.12,0.04,1.67,0.07,0,17.79,0.13,0.6,0.92,0.54,0.11,0.95,0.79,0,0,0.12,0,2.14,0.06,5.48,0.39,2.89,20.35,44.9,34.75,1.71,27.76,0.31,0.07,13.61,1.03,0.8,0.38,1.05,8.7,3.25,2022-AKK-198,2022,202201,L-21,2400.577941,0.0154052492643621,18953.577120979517,162,127,1,95.81,17.86,256,0.3774,0.119,0,58.66451,-170.43344,74,-0.1,3,EBS,6
1.96,0.04,0.06,0.19,0.11,0.39,0,0.19,0.21,0,10.4,0.05,0,8.5,0.18,0.62,0.53,1.77,0,0.46,0.83,0,0.38,0.8,2.95,0.37,9.81,10,0.03,0.58,0.26,0,0.9,0.23,0,0,0.46,0.18,0.91,0.48,0.29,0.18,3.59,2.05,6.29,0,0,0.59,0.12,0,1.9,0.08,0,17.45,0.15,0.77,1.01,0.6,0.12,1.09,0.74,0,0,0,0,2.01,0.06,5.7,0.36,2.7,20.32,44.25,35.42,1.74,27.63,0.33,0.1,14.32,1.09,0.82,0.56,0.98,9.33,3.06,2022-AKK-199,2022,202201,L-21,2400.577941,0.0154052492643621,18953.577120979517,162,127,1,96.21,17.5,220,0.3011,0.0844,0,58.66451,-170.43344,74,-0.1,3,EBS,6
3.07,0.07,0.06,0.19,0.13,0.58,0,0.22,0.2,0,11.46,0.07,0,19.78,0.2,0.53,0.58,1.18,0,0.32,0.37,0,0.24,0.71,2.36,0.35,7.31,6.81,0.14,0.49,0.1,0,0.61,0.25,0,0,0.29,0.14,1.16,0.24,0,0.51,2.23,1.22,5.22,0,0,0.5,0.15,0.03,1.85,0.07,0,18.69,0.1,0.51,0.35,0.55,0.17,0.5,0.62,0,0,0,0.19,1.74,0.03,4.46,0.1,2.76,21.05,45.38,33.57,1.59,27.82,0.24,0.04,10.08,0.75,1.73,0.4,1.07,17.02,4.19,2022-AKK-2,2022,202202,W-24,933.711211,0.01652750720665605,232464.78806269722,162,1,1,57.97,9.94,67,0.3336,0.1068,0,62.33188,-173.16956,59,-1.3,7,NBS,10
2.71,0.09,0.05,0.1,0.06,0.58,0,0.15,0.08,0,12.07,0.07,0,23.08,0.17,0.33,0.41,0.92,0,0.24,0.65,0,0.14,0.9,2.18,0.36,6.55,6.4,0.13,0.23,0.1,0,0.52,0.26,0,0,0.35,0.12,1.58,0.42,0,0.34,2.32,0.86,6.68,0,0,0.44,0.18,0,1.37,0,0,18.94,0.08,0.25,0.45,0.45,0.18,0.41,0.65,0,0,0,0,1.05,0.03,3.13,0.19,1.97,20.04,48.23,31.73,1.58,25.96,0.17,0.05,11.01,0.65,1.91,0.46,1.02,14.62,6.04,2022-AKK-20,2022,202202,W-25,3403.484807,0.0152514735316515,918093.2505269716,162,2,1,55.61,9.68,66,0.3306,0.1112,0,62.33338,-173.84636,64,-1.3,7,NBS,10
1.19,0,0.03,0.16,0.14,0.35,0,0.22,0.17,0,9.99,0.04,0,8.15,0.17,0.68,0.65,0.98,0,0.42,0.31,0,0.3,0.7,2.61,0.31,9.47,10.35,0.07,0.45,0.25,0,0.96,0.23,0,0,0.3,0.18,0.86,0.26,0.19,0.28,3.28,2.28,9.12,0,0,0.73,0.12,0,1.55,0.05,0,17.01,0.27,0.3,1.02,1.35,0.73,1.68,0.79,0,0,0,0,2.12,0,5.79,0.39,2.79,18.03,46.79,35.18,1.95,27.37,0.34,0.07,17.34,1.14,0.82,0.4,0.92,9.45,2.94,2022-AKK-200,2022,202201,N-21,1853.018409,0.01561344722004375,183796.20141258973,162,123,1,87.15,15.57,NA,0.3129,0.0694,0,59.32744,-170.53788,69,0.1,3,EBS,6
3.2,0.11,0.1,0.33,0.18,0.58,0,0.22,0.13,0,10.8,0.16,0,19.08,0.3,0.53,0.52,1.12,0,0.31,0.65,0,0.37,0.47,2.35,0.62,7.43,7.63,0.13,0.55,0.13,0,0.51,0.2,0,0,0.31,0.14,0.65,0.26,0,0.87,3.66,0.54,6.5,0,0,0.53,0.09,0.05,1.71,0.06,0,16.2,0.17,0.33,0.53,1.05,0.4,0.76,0.57,0,0,0,0,1.32,0,4.29,0.31,2.81,20.6,48.92,30.48,1.48,24.47,0.26,0.05,12.61,0.65,1.77,0.48,0.97,29.38,3.78,2022-AKK-21,2022,202202,W-26,1487.804902,0.0148925305403325,449856.8656183815,162,3,2,43.64,0,26,0.3074,0.1045,0,62.32656,-174.58062,71,-1.5,7,NBS,10
3.38,0.11,0.11,0.15,0.1,0.57,0,0.15,0.13,0,11.3,0.07,0,21.61,0.19,0.4,0.46,1.1,0,0.25,0.44,0,0.25,0.88,2,0.36,10.04,8.1,0.14,0.44,0.08,0,0.73,0.27,0,0,0.28,0.16,1.2,0.27,0,0.55,1.99,1.09,4.78,0,0,0.35,0.13,0,1.61,0,0,15.83,0.14,0.29,0.21,0.57,0.65,0.63,0.47,0,0,0,0,1.13,0,3.72,0.15,2.21,20.23,50.14,29.62,1.46,23.31,0.24,0.05,8.92,0.89,1.91,0.45,1.24,18.02,4.25,2022-AKK-22,2022,202202,W-26,1487.804902,0.0148925305403325,449856.8656183815,162,3,2,48.65,0,39,0.3069,0.1056,0,62.32656,-174.58062,71,-1.5,7,NBS,10
3.59,0.11,0.09,0.29,0.18,0.61,0,0.22,0.13,0,10.2,0.12,0,20.99,0.29,0.52,0.54,1.14,0,0.32,0.34,0,0.35,0.65,2.25,0.5,6.24,7.34,0.14,0.52,0.12,0,0.55,0.26,0,0,0.28,0.13,0.83,0.23,0,0.66,3.01,0.55,6.78,0,0,0.48,0.1,0.05,1.73,0.05,0,16.96,0.15,0.32,0.27,0.89,0.37,0.69,0.62,0,0,0,0,1.43,0.06,4.45,0.31,2.81,20.36,48.35,31.29,1.54,25.48,0.26,0.04,11.82,0.68,2.06,0.44,0.85,25.29,3.81,2022-AKK-23,2022,202202,W-26,1487.804902,0.0148925305403325,449856.8656183815,162,3,2,45.21,0,29,0.3294,0.1066,0,62.32656,-174.58062,71,-1.5,7,NBS,10
3.2,0.08,0.11,0.21,0.13,0.59,0,0.2,0.13,0,11.26,0.11,0,18.49,0.22,0.48,0.5,1.09,0,0.31,0.53,0,0.3,0.81,2.07,0.63,9.68,9.18,0.12,0.5,0.08,0,0.77,0.27,0,0,0.29,0.18,1.08,0.18,0,0.45,2.72,1.3,5.46,0,0,0.44,0.1,0.03,1.6,0.05,0,14.92,0.08,0.38,0.46,0.51,0.26,0.91,0.47,0,0,0.02,0,1.39,0.04,4.4,0.21,2.55,20.4,50.09,29.51,1.45,23.25,0.3,0.05,10.83,0.95,1.64,0.49,1.05,17.05,3.39,2022-AKK-24,2022,202202,W-26,1487.804902,0.0148925305403325,449856.8656183815,162,3,2,44.24,0,25,0.329,0.1159,0,62.32656,-174.58062,71,-1.5,7,NBS,10
3.87,0.13,0.09,0.36,0.25,0.51,0,0.2,0.11,0,9.92,0.11,0,20.4,0.33,0.57,0.51,1.04,0,0.33,0.32,0,0.42,0.55,2.51,0.6,6.79,7.75,0.16,0.55,0.15,0,0.55,0.29,0,0,0.33,0.13,0.7,0.24,0.21,0.43,3.34,0.68,6.45,0,0,0.53,0.14,0.06,1.82,0.03,0,16.76,0.17,0.29,0.66,1.13,0.19,0.47,0.56,0,0,0,0,1.11,0.05,3.71,0.41,2.83,20.79,49.76,29.45,1.42,23.85,0.22,0.04,12.56,0.68,2.06,0.46,0.88,29.15,4.51,2022-AKK-25,2022,202202,W-26,1487.804902,0.0148925305403325,449856.8656183815,162,3,2,46.75,0,31,0.3487,0.118,0,62.32656,-174.58062,71,-1.5,7,NBS,10
3.26,0.07,0.08,0.18,0.1,0.63,0,0.2,0.1,0,11.95,0.1,0,21.21,0.18,0.4,0.52,1.01,0,0.3,0.45,0,0.2,0.77,2.19,0.38,9.87,8.02,0.12,0.38,0.07,0,0.7,0.28,0,0,0.35,0.16,1.27,0.27,0.13,0.28,2.02,1.07,5.61,0,0,0.41,0.15,0.02,1.72,0.03,0,15.18,0.09,0.2,0.41,0.5,0.92,0.69,0.47,0,0,0.02,0,1.18,0.03,3.11,0.04,2.41,21.16,50.19,28.66,1.35,21.86,0.2,0.04,9.82,0.85,1.77,0.42,1.23,16.73,4.88,2022-AKK-26,2022,202202,W-26,1487.804902,0.0148925305403325,449856.8656183815,162,3,1,61.41,10.93,88,0.3263,0.1245,0,62.32656,-174.58062,71,-1.5,7,NBS,10
3.43,0.1,0.06,0.2,0.11,0.58,0,0.22,0.1,0,11.48,0.06,0,22.73,0.21,0.41,0.55,1.13,0,0.31,0.31,0,0.21,0.84,2.32,0.33,7.04,7,0.13,0.43,0.16,0,0.64,0.29,0,0,0.33,0.16,1.32,0.3,0,0.5,2.13,0.91,5.91,0,0,0.41,0.16,0,1.49,0,0,18.02,0.12,0.14,0.43,0.64,0.22,0.46,0.59,0,0,0,0,1.09,0,3.19,0.11,2.47,21.06,48.25,30.69,1.46,25.07,0.18,0.04,10.14,0.8,1.98,0.37,1.01,17.22,5.66,2022-AKK-27,2022,202202,W-26,1487.804902,0.0148925305403325,449856.8656183815,162,3,1,58.1,10.08,71,0.3143,0.1104,0,62.32656,-174.58062,71,-1.5,7,NBS,10
3.39,0.09,0.07,0.16,0.1,0.54,0,0.21,0.15,0,12.35,0.1,0,21.28,0.19,0.42,0.48,1.06,0,0.25,0.27,0,0.12,0.99,2.59,0.69,7.57,6.75,0.13,0.28,0.06,0,0.61,0.26,0,0,0.33,0.13,1.33,0.37,0.12,0.1,2.2,1.04,5.03,0,0,0.39,0.15,0,1.39,0.06,0,18.58,0.06,0.23,0.42,0.42,0.16,0.47,0.62,0,0,0.02,0,1.37,0.03,3.64,0.18,2.32,22.02,46.57,31.41,1.43,25.95,0.2,0.04,9.34,0.74,1.72,0.43,1.12,16.01,5.1,2022-AKK-28,2022,202202,W-26,1487.804902,0.0148925305403325,449856.8656183815,162,3,1,65.83,10.52,98,0.3409,0.1415,0,62.32656,-174.58062,71,-1.5,7,NBS,10
3.1,0.12,0.08,0.12,0.06,0.58,0,0.13,0.07,0,11.96,0.05,0,23.1,0.17,0.34,0.35,1.08,0,0.21,0.26,0,0.18,0.89,2.23,0.35,7.22,6.6,0.15,0.25,0.06,0,0.51,0.26,0,0,0.27,0.14,1.3,0.27,0,0.47,2.1,0.88,5.98,0,0,0.39,0.15,0,1.49,0.07,0,18.6,0.09,0.17,0.49,0.37,0.16,0.42,0.65,0,0,0,0,1.02,0.04,3.79,0.21,1.86,20.48,48.18,31.34,1.53,26.23,0.2,0.04,10,0.65,1.93,0.41,1.09,17.76,4.91,2022-AKK-29,2022,202202,W-26,1487.804902,0.0148925305403325,449856.8656183815,162,3,1,54.37,9.09,58,0.3136,0.1111,0,62.32656,-174.58062,71,-1.5,7,NBS,10
2.71,0.06,0.08,0.16,0.1,0.52,0,0.2,0.13,0,12.44,0.08,0,17.6,0.17,0.45,0.48,0.97,0,0.33,0.38,0,0.24,0.8,2.72,0.46,11.06,7.44,0.12,0.47,0.08,0,0.69,0.23,0,0,0.28,0.14,1.37,0.26,0.16,0.15,2.21,1.38,4.67,0,0,0.33,0.11,0,1.6,0.04,0,16.76,0.08,0.34,0.33,0.49,0.28,0.53,0.56,0,0,0,0,1.63,0,4.95,0.15,2.36,21.51,47.05,31.44,1.46,25.85,0.3,0.04,9.43,0.83,1.41,0.44,1.49,12.82,3.38,2022-AKK-3,2022,202202,W-24,933.711211,0.01652750720665605,232464.78806269722,162,1,1,56.79,10.65,69,0.375,0.1429,0,62.33188,-173.16956,59,-1.3,7,NBS,10
2.88,0.1,0.07,0.15,0.08,0.57,0,0.19,0.08,0,10.97,0.06,0,20.68,0.19,0.41,0.48,0.91,0,0.24,0.3,0,0.21,0.66,2.2,0.5,7.02,7.38,0.13,0.43,0.1,0,0.53,0.24,0,0,0.34,0.13,1.08,0.27,0,0.46,2.8,1.07,7.22,0,0,0.5,0.16,0,1.61,0,0,17.49,0.1,0.27,0.61,0.59,0.28,0.49,0.66,0,0,0,0,1.41,0,4.47,0.23,2.19,19.36,49.26,31.39,1.62,25.92,0.26,0.04,12.55,0.66,1.89,0.37,0.95,19.09,3.91,2022-AKK-30,2022,202202,W-26,1487.804902,0.0148925305403325,449856.8656183815,162,3,1,55.6,9.68,67,0.3211,0.1127,0,62.32656,-174.58062,71,-1.5,7,NBS,10
3.47,0.11,0.05,0.22,0.13,0.6,0,0.21,0.13,0,11.6,0.05,0,24.05,0.21,0.42,0.53,1.09,0,0.33,0.36,0,0.19,0.7,2.56,0.41,6.72,7.42,0.14,0.26,0.07,0,0.6,0.3,0,0,0.28,0.16,1.22,0.25,0.16,0.25,1.96,0.98,5.02,0,0,0.36,0.16,0,1.62,0.03,0,17.24,0.09,0.24,0.46,0.49,0.33,0.56,0.5,0,0,0.02,0,1.21,0.03,3.29,0.13,2.58,21.69,48.6,29.7,1.37,24.09,0.19,0.03,9.16,0.76,2.07,0.4,0.91,19.75,5.24,2022-AKK-31,2022,202202,W-27,803.949668,0.0162765133009413,139471.40815894,162,4,1,64.47,11.47,95,0.3549,0.1257,0,62.33041,-175.28957,78,-1.6,7,NBS,10
3.59,0.09,0.09,0.2,0.12,0.49,0,0.16,0.09,0,10.94,0.07,0,22.54,0.21,0.39,0.47,1.22,0,0.25,0.38,0,0.22,0.83,1.94,0.39,8.25,8.47,0.12,0.42,0.07,0,0.67,0.28,0,0,0.28,0.16,1.16,0.23,0.13,0.36,2.25,0.53,5.62,0,0,0.36,0.12,0,1.48,0.07,0,16.38,0.1,0.21,0.44,0.58,0.18,0.57,0.52,0,0,0.05,0,1.09,0.03,3.96,0.19,2.18,20.21,50.37,29.41,1.46,23.91,0.24,0.04,9.63,0.83,2.06,0.45,0.97,19.46,4.14,2022-AKK-32,2022,202202,W-27,803.949668,0.0162765133009413,139471.40815894,162,4,2,50.36,0,40,0.3312,0.1074,0,62.33041,-175.28957,78,-1.6,7,NBS,10
3.66,0.12,0.11,0.25,0.13,0.55,0,0.21,0.13,0,10.87,0.05,0,25.94,0.22,0.4,0.54,1.26,0,0.22,0.34,0,0.23,0.93,1.75,0.3,8.14,7.43,0.14,0.27,0.06,0,0.59,0.27,0,0,0.25,0.15,1.2,0.17,0.12,0.21,1.61,0.49,4.32,0,0,0.34,0.13,0,1.5,0.06,0,16.59,0.16,0.15,0.43,0.59,0.38,0.49,0.51,0,0,0.13,0,1.07,0.03,3.81,0,2.42,20.39,50.21,29.4,1.44,23.83,0.23,0.04,7.6,0.74,2.39,0.52,1.1,21.62,4.35,2022-AKK-33,2022,202202,W-27,803.949668,0.0162765133009413,139471.40815894,162,4,1,56.22,8.77,64,0.3168,0.0954,0,62.33041,-175.28957,78,-1.6,7,NBS,10
3.47,0.08,0.13,0.25,0.12,0.52,0,0.19,0.09,0,11.5,0.07,0,22.6,0.19,0.4,0.55,1.13,0,0.29,0.46,0,0.22,0.87,2,0.37,9.82,8.79,0.15,0.48,0.08,0,0.7,0.27,0,0,0.3,0.17,1.09,0.49,0.12,0.27,2.17,0.94,4.46,0,0,0.38,0.12,0,1.59,0.05,0,14.85,0.06,0.29,0.47,0.45,0.17,0.51,0.41,0,0,0.03,0,1.13,0,3.55,0.15,2.42,20.78,51.53,27.69,1.33,21.73,0.24,0.04,8.77,0.87,1.96,0.46,1.12,20.74,4.18,2022-AKK-34,2022,202202,W-27,803.949668,0.0162765133009413,139471.40815894,162,4,2,45.01,0,31,0.317,0.1092,0,62.33041,-175.28957,78,-1.6,7,NBS,10
3.33,0.1,0.07,0.2,0.11,0.57,0,0.19,0.09,0,11.33,0.06,0,24.38,0.2,0.43,0.52,1.05,0,0.3,0.7,0,0.22,0.68,1.94,0.34,8.07,8.27,0.14,0.3,0.07,0,0.63,0.3,0,0,0.26,0.17,1.07,0.19,0.13,0.25,1.96,0.55,5.44,0,0,0.37,0.14,0,1.63,0.04,0,15.81,0.09,0.24,0.44,0.46,0.35,0.67,0.45,0,0,0.03,0,1.25,0,3.27,0.15,2.41,20.37,51.08,28.55,1.4,22.53,0.21,0.04,9.09,0.8,2.15,0.54,0.98,22.75,4.83,2022-AKK-35,2022,202202,W-27,803.949668,0.0162765133009413,139471.40815894,162,4,1,56.18,9.3,60,0.3317,0.1083,0,62.33041,-175.28957,78,-1.6,7,NBS,10
3.39,0.07,0.12,0.24,0.14,0.47,0,0.2,0.1,0,11.17,0.06,0,22.89,0.21,0.38,0.57,1.17,0,0.29,0.42,0,0.23,1.05,1.96,0.36,10.34,7.76,0.16,0.5,0.07,0,0.67,0.27,0,0,0.24,0.17,1.15,0,0.14,0.37,2,0.98,3.95,0,0,0.36,0.1,0,1.48,0.04,0,15.54,0.09,0.26,0.48,0.69,0.27,0.44,0.44,0,0,0.12,0,1.1,0.02,4.1,0.21,2.38,20.4,50.96,28.64,1.4,23.14,0.26,0.05,8.35,0.83,2.05,0.58,1.33,19.95,3.79,2022-AKK-36,2022,202202,W-27,803.949668,0.0162765133009413,139471.40815894,162,4,2,45.13,0,29,0.314,0.1008,0,62.33041,-175.28957,78,-1.6,7,NBS,10
3.58,0.08,0.1,0.24,0.12,0.52,0,0.19,0.1,0,11.59,0.06,0,24.65,0.21,0.41,0.53,1.12,0,0.3,0.47,0,0.22,0.92,2.05,0.37,9.24,7.93,0.16,0.33,0.07,0,0.64,0.28,0,0,0.27,0.17,1.09,0.14,0.1,0.3,2.03,0.53,4.71,0,0,0.29,0.11,0,1.53,0.03,0,14.52,0.1,0.2,0.38,0.66,0.44,0.61,0.41,0,0,0.09,0,1.05,0.03,3.57,0.16,2.39,21.04,51.73,27.23,1.29,21.37,0.25,0.04,8.51,0.81,2.13,0.54,1.17,22.53,4.07,2022-AKK-37,2022,202202,W-27,803.949668,0.0162765133009413,139471.40815894,162,4,2,46.41,0,35,0.3125,0.0997,0,62.33041,-175.28957,78,-1.6,7,NBS,10
3.66,0.08,0.14,0.19,0.09,0.46,0,0.14,0.09,0,10.87,0.08,0,23.98,0.18,0.35,0.42,1.27,0,0.25,0.33,0,0.25,0.93,2,0.39,9.49,8.52,0.13,0.41,0.08,0,0.56,0.26,0,0,0.26,0.15,1.07,0.21,0.14,0.18,2.2,1.02,4.38,0,0,0.34,0.11,0,1.41,0.06,0,15.37,0.11,0.27,0.42,0.59,0.27,0.49,0.44,0,0,0.05,0,0.94,0.04,3.66,0.19,1.99,20.16,52.39,27.45,1.36,22.13,0.24,0.04,8.88,0.72,2.21,0.55,1.11,22.41,4.2,2022-AKK-38,2022,202202,W-27,803.949668,0.0162765133009413,139471.40815894,162,4,2,47.26,0,33,0.3221,0.1151,0,62.33041,-175.28957,78,-1.6,7,NBS,10
3.26,0.06,0.11,0.25,0.16,0.67,0,0.22,0.2,0,12.35,0.05,0,19.91,0.2,0.43,0.63,1.05,0,0.29,0.91,0,0.24,0.92,1.87,0.29,11.35,7.83,0.13,0.41,0.1,0,0.71,0.27,0,0,0.28,0.15,1.23,0,0,0.48,2.07,0.9,4.7,0,0,0.36,0.13,0.03,1.68,0,0,15.52,0.08,0.23,0.42,0.35,0.17,0.57,0.48,0,0,0,0.27,1.37,0,3.5,0.12,2.86,21.55,49.09,29.36,1.36,23.25,0.23,0.06,8.67,0.87,1.61,0.64,1.45,16.15,4.43,2022-AKK-39,2022,202202,X-25,309.749156,0.0154271909863764,398833.39328809414,162,6,1,55.76,8.73,61,0.3442,0.1121,0,62.65939,-173.95076,70,-1.5,7,NBS,10
3.16,0,0.06,0.17,0.1,0.6,0,0.22,0.16,0,10.94,0.11,0,19.93,0.19,0.45,0.51,1.04,0,0.31,0.32,0,0.21,0.86,2.45,0.62,7.31,6.74,0.13,0.4,0.07,0,0.6,0.25,0,0,0.33,0.14,1.51,0.59,0.13,0.21,2.35,1.1,5.45,0,0,0.35,0.14,0,1.83,0,0,19.43,0.1,0.33,0.42,0.56,0.25,0.62,0.64,0,0,0,0,1.53,0,3.93,0.15,2.52,20.33,45.85,33.82,1.66,27.61,0.2,0.04,10.21,0.74,1.82,0.37,1.08,13.17,4.95,2022-AKK-4,2022,202202,W-24,933.711211,0.01652750720665605,232464.78806269722,162,1,1,56.62,10.15,65,0.3419,0.1126,0,62.33188,-173.16956,59,-1.3,7,NBS,10
2.65,0.09,0.1,0.13,0.07,0.62,0,0.17,0.1,0,10.62,0.13,0,18.06,0.17,0.41,0.47,0.98,0,0.3,0.62,0,0.25,0.47,2.39,0.56,6.63,7.79,0.12,0.44,0.08,0,0.54,0.25,0,0,0.31,0.14,1.01,0.25,0,0.86,3.57,0.92,8.09,0,0,0.49,0.13,0,1.97,0,0,17.43,0.16,0.36,0.5,0.94,0.3,0.82,0.61,0,0,0.1,0.3,1.5,0.05,3.79,0.21,2.28,19.21,48.59,32.21,1.68,25.89,0.22,0.04,14.37,0.68,1.7,0.39,0.85,17.8,4.6,2022-AKK-40,2022,202202,X-25,309.749156,0.0154271909863764,398833.39328809414,162,6,2,46.74,0,33,0.3027,0.0987,0,62.65939,-173.95076,70,-1.5,7,NBS,10
2.78,0.07,0.07,0.19,0.12,0.41,0,0.23,0.33,0,11.76,0.09,0,13.89,0.18,0.58,0.57,1.86,0,0.38,1.07,0,0.31,1.69,2.56,0.41,7.89,8.34,0.09,0.49,0.08,0,0.62,0.24,0,0,0.34,0.15,1.39,0.66,0,0.62,2.22,1.15,4.1,0,0,0.32,0.11,0,1.34,0.05,0,20.02,0.09,0.38,0.4,0.72,0.29,0.74,0.79,0,0,0,0.24,1.7,0.03,4.71,0.17,2.8,21.94,40.59,37.46,1.71,29.98,0.24,0.11,8.98,0.77,1.18,0.75,0.95,10,4.25,2022-AKK-41,2022,202202,DD-18,4653.199455,0.0140402641200393,97680.13609106957,162,20,1,58.69,9.38,73,0.3326,0.1231,0,64.63831,-169.13645,44,1.8,9,NBS,13
3.2,0.1,0.06,0.1,0.05,0.27,0,0.09,0.17,0,10.69,0.04,0,14.02,0.15,0.37,0.07,2.57,0,0.2,1.09,0,0.25,2.25,2.19,0.29,8.55,7.74,0.09,0.49,0.07,0,0.5,0.27,0,0,0.33,0.13,1.74,0.89,0.2,0.19,0.93,1.49,3.08,0,0,0.26,0.13,0,1.07,0.07,0,24.55,0.14,0.31,0.31,0.6,0.28,0.23,1.06,0,0,0.07,0.14,1.22,0.03,4.47,0.16,1.32,20.44,38.3,41.26,2.02,33.82,0.18,0.13,6.72,0.64,1.31,0.87,1.1,8.07,5.49,2022-AKK-42,2022,202202,DD-18,4653.199455,0.0140402641200393,97680.13609106957,162,20,1,52.65,9.62,61,0.3002,0.1313,0,64.63831,-169.13645,44,1.8,9,NBS,13
2.45,0.05,0,0.18,0.08,0.38,0,0.28,0.14,0,10.1,0.04,0,11.94,0.16,0.52,0.63,1.56,0,0.31,0.78,0,0.38,0.99,2.35,0.34,8.89,10.88,0.09,0.53,0.1,0,0.72,0.26,0,0,0.33,0.14,0.94,0.68,0.17,0.15,1.94,1.3,4.74,0,0,0.56,0.16,0,1.8,0,0,19.94,0.17,0.1,0.51,1.36,0.28,0.61,0.91,0,0,0,0.21,1.57,0,6.14,0.18,2.52,19.38,43,37.63,1.94,30.37,0.31,0.09,9.95,0.86,1.18,0.65,0.82,12.72,3.25,2022-AKK-43,2022,202202,DD-18,4653.199455,0.0140402641200393,97680.13609106957,162,20,1,50.02,8.46,44,0.3008,0.0856,0,64.63831,-169.13645,44,1.8,9,NBS,13
3.31,0.1,0.08,0.23,0.14,0.39,0,0.22,0.25,0,9.92,0.05,0,13.19,0.19,0.55,0.64,2.41,0,0.28,1.1,0,0.34,1.78,1.97,0.33,7.84,8.03,0.04,0.61,0.09,0,0.69,0.26,0,0,0.35,0.16,1.37,0.73,0.17,0.21,2.06,1.36,3.87,0,0,0.43,0.09,0,1.37,0.04,0,21.68,0.09,0.51,0.29,0.73,0.19,0.59,0.97,0,0,0.05,0.25,1.54,0,5.66,0.2,2.7,20.67,39.39,39.94,1.93,32.22,0.26,0.12,8.82,0.85,1.33,0.84,0.98,9.66,3.83,2022-AKK-44,2022,202202,FF-18,5881.390063,0.0135616110725304,39414.17115866798,162,15,2,54.94,0,56,0.3343,0.1152,0,65.22116,-168.88522,53,1.6,9,NBS,13
3.1,0.06,0.11,0.2,0.1,0.4,0,0.19,0.45,0,10.99,0.07,0,10.92,0.16,0.53,0.46,1.83,0,0.24,1.03,0,0.3,1.41,2.14,0.35,9.54,6.74,0.03,0.62,0.09,0,0.67,0.19,0,0,0.41,0.14,1.17,0.62,0.2,0.09,3.37,2.2,4.27,0,0,0.41,0.09,0,1.26,0.08,0,18.62,0.11,2.9,0.87,0.71,0.37,0.58,0.8,0,0,0.1,0.3,1.62,0.03,5.28,0.49,2.58,21.03,43.35,35.62,1.69,28.39,0.28,0.11,14.32,0.82,0.99,0.81,1.42,9.31,3.53,2022-AKK-45,2022,202202,FF-18,5881.390063,0.0135616110725304,39414.17115866798,162,15,2,52.44,0,46,0.3054,0.0991,0,65.22116,-168.88522,53,1.6,9,NBS,13
2.37,0.09,0.08,0.27,0.29,0.41,0,0.28,0.38,0,11.97,0.07,0,16.6,0.22,0.66,0.72,1.14,0,0.36,1.03,0,0.38,1.21,2.51,0.44,8.05,10.26,0.11,0.47,0.12,0,0.7,0.34,0,0,0.3,0.16,1.27,0.2,0.14,0.14,2.88,1.16,3.98,0,0,0.3,0.09,0,1.38,0,0,16.7,0.12,0.62,0.63,0.74,0.33,0.94,0.55,0,0,0,0,1.33,0.03,4.29,0.21,3.38,21.75,46.52,31.73,1.46,24.81,0.26,0.08,10.01,0.86,1.39,0.81,0.78,13.07,3.89,2022-AKK-46,2022,202202,FF-18,5881.390063,0.0135616110725304,39414.17115866798,162,15,2,55.97,0,57,0.4383,0.139,0,65.22116,-168.88522,53,1.6,9,NBS,13
2.64,0.06,0.07,0.2,0.1,0.43,0,0.34,0.16,0,13.02,0.1,0,14.56,0.19,0.62,0.55,0.94,0,0.34,0.36,0,0.31,0.58,3.23,0.39,11.32,9.5,0.09,0.54,0.13,0,0.67,0.23,0,0,0.18,0.16,0.98,0.18,0.19,0,2.46,1.62,4.51,0,0,0.41,0.1,0,1.38,0.04,0,14.9,0.1,0.69,0.54,0.73,0.35,0.69,0.53,0,0,0,0.2,1.72,0.03,5.46,0.18,2.74,22.95,47.49,29.56,1.29,24.3,0.37,0.04,10.55,0.84,1.12,0.49,1.19,14.85,2.73,2022-AKK-47,2022,202202,FF-01,17055.211573,0.0135848158036569,107460.88582276003,162,14,1,55.86,9.45,67,0.3236,0.1269,0,65.34335,-168.42497,53,2.2,9,NBS,13
2.43,0.05,0.1,0.19,0.09,0.38,0,0.21,0.1,0,13.36,0.07,0,14.33,0.19,0.64,0.5,1.31,0,0.37,0.73,0,0.34,0.79,3.01,0.5,9.43,8.96,0.04,0.78,0.09,0,0.65,0.24,0,0,0.3,0.16,1.1,0.16,0.13,0.19,2.78,1.2,4.76,0,0,0.33,0.05,0,1.31,0.06,0,15.72,0.13,0.57,0.6,1.2,0.41,1.02,0.59,0,0,0.18,0.24,1.58,0,5.16,0.17,2.49,22.92,45.67,31.41,1.37,25.14,0.33,0.06,11.1,0.81,1.07,0.64,1.05,13.01,3.05,2022-AKK-48,2022,202202,FF-01,17055.211573,0.0135848158036569,107460.88582276003,162,14,1,51.63,8.12,51,0.3404,0.1211,0,65.34335,-168.42497,53,2.2,9,NBS,13
2.03,0.08,0,0.17,0.11,0.42,0,0.17,0.18,0,12.1,0.06,0,15.05,0.19,0.56,0.49,0.99,0,0.43,0.4,0,0.45,0.68,2.63,0.61,7.76,11.38,0.1,0.47,0.1,0,0.6,0.33,0,0,0.13,0.17,1.18,0.32,0.2,0,3.1,1.14,5.24,0,0,0.3,0.07,0,1.58,0,0,16.51,0,1.13,0.67,0.47,0.29,1.24,0.56,0,0,0,0,1.44,0,5.53,0.21,2.52,20.53,47.59,31.88,1.55,25.84,0.34,0.05,11.76,0.77,1.24,0.54,0.68,12.8,2.98,2022-AKK-49,2022,202202,FF-01,17055.211573,0.0135848158036569,107460.88582276003,162,14,1,57.26,9.66,70,0.3378,0.1001,0,65.34335,-168.42497,53,2.2,9,NBS,13
2.86,0.12,0.06,0.2,0.16,0.51,0,0.27,0.22,0,10.38,0.19,0,19.15,0.21,0.62,0.75,1.19,0,0.35,0.69,0,0.4,0.56,2.3,0.62,6.76,9.75,0.14,0.75,0.09,0,0.6,0.19,0,0,0.36,0.18,0.92,0.66,0,0.73,2.4,1.15,4.44,0,0,0.58,0.09,0,1.66,0,0,16.08,0.15,0.39,0.46,0.9,0.28,0.7,0.51,0,0,0,0,2.26,0.05,4.78,0.17,3.09,20.14,47.54,32.33,1.61,25.86,0.3,0.05,9.74,0.78,1.85,0.44,0.69,20.8,3.36,2022-AKK-5,2022,202202,W-24,933.711211,0.01652750720665605,232464.78806269722,162,1,2,45.48,0,35,0.3395,0.0971,0,62.33188,-173.16956,59,-1.3,7,NBS,10
2.67,0.05,0.05,0.28,0.16,0.47,0,0.33,0.21,0,10.85,0.05,0,12.85,0.3,0.8,0.77,0.96,0,0.46,0.71,0,0.35,0.47,2.8,0.48,7.29,9.65,0,0.78,0.12,0,0.65,0.31,0,0,0.29,0.19,0.92,0.12,0.23,0.13,3.42,1.69,5.55,0,0,0.5,0.09,0,2.1,0,0,16.26,0,1,1.06,0.84,0.34,1.18,0.56,0,0,0,0,2.19,0,6.21,0.28,3.49,21.05,45.27,33.68,1.6,26.81,0.38,0.06,13.55,0.84,1.18,0.56,0.76,13.96,2.62,2022-AKK-50,2022,202202,FF-01,17055.211573,0.0135848158036569,107460.88582276003,162,14,1,54.3,10.11,65,0.3319,0.0925,0,65.34335,-168.42497,53,2.2,9,NBS,13
3.01,0.11,0.06,0.18,0.06,0.43,0,0.18,0.17,0,11.8,0.07,0,14.52,0.19,0.49,0.37,1.75,0,0.26,0.93,0,0.29,1.26,2.32,0.29,8.75,8.23,0.11,0.47,0.08,0,0.77,0.29,0,0,0.35,0.21,1.32,0.68,0.15,0.24,1.89,1.4,3.67,0,0,0.36,0.12,0.02,1.39,0.07,0,19.83,0.08,0.79,0.58,0.43,0.16,0.38,0.73,0,0,0.07,0.11,1.19,0.03,6.06,0.22,2.13,21.4,41.68,36.92,1.72,30.06,0.31,0.09,8.76,0.99,1.23,0.63,1.06,10.97,3.27,2022-AKK-51,2022,202202,CC-18,17499.291845,0.0126744369696417,907238.4657040165,162,21,2,40.98,0,24,0.3252,0.1308,0,64.31985,-169.11643,41,1.1,9,NBS,13
2.96,0,0,0.21,0.14,0.57,0,0.24,0.25,0,10.21,0,0,14.76,0.22,0.49,1.17,1.88,0,0.32,0.68,0,0.32,0.8,1.58,0.27,8.2,6.61,0.11,0.51,0.09,0,0.84,0.22,0,0,0.26,0.24,0.87,0.34,0,1.12,2,1.19,4.6,0,0,0.55,0.14,0,1.76,0,0,19.8,0,0.72,0.59,2.72,0,0.25,0.78,0,0,0,0,1.32,0,7.11,0,3.4,20.03,42.49,37.48,1.87,31.57,0.36,0.07,11.81,1.09,1.45,0.45,1.24,16.91,2.79,2022-AKK-52,2022,202202,CC-18,17499.291845,0.0126744369696417,907238.4657040165,162,21,1,47.16,7.11,37,0.309,0.094,0,64.31985,-169.11643,41,1.1,9,NBS,13
2.89,0.09,0.04,0.19,0.12,0.36,0,0.19,0.35,0,10.1,0.04,0,15.49,0.2,0.5,0.77,2.24,0,0.27,0.77,0,0.31,1.11,1.87,0.33,6.4,7.55,0.11,0.59,0.09,0,0.62,0.28,0,0,0.36,0.13,1.18,0.67,0.16,0.22,1.92,1.03,4.27,0,0,0.42,0.14,0,1.39,0,0,23.32,0.12,0.29,0.52,0.77,0.24,0.54,0.93,0,0,0,0.32,1.69,0,5.39,0.14,2.75,20.21,39.7,40.09,1.98,33.47,0.23,0.08,8.81,0.75,1.53,0.62,0.85,13.17,4.33,2022-AKK-53,2022,202202,CC-18,17499.291845,0.0126744369696417,907238.4657040165,162,21,1,49.83,5.66,44,0.3104,0.1052,0,64.31985,-169.11643,41,1.1,9,NBS,13
2.51,0.06,0.07,0.09,0.04,0.55,0,0.14,0.09,0,13.51,0.06,0,17.33,0.15,0.42,0.35,0.99,0,0.3,0.8,0,0.15,0.99,2.84,0.38,8.57,7.19,0.11,0.25,0.07,0,0.53,0.28,0,0,0.38,0.13,1.35,0.57,0.11,0.14,2.47,1.12,6.24,0,0,0.27,0.15,0,1.48,0.03,0,18.64,0.05,0.3,0.38,0.27,0.14,0.43,0.74,0,0,0.02,0.33,1.19,0.04,4.03,0.18,1.97,22.08,45.07,32.85,1.49,26.74,0.22,0.06,10.8,0.66,1.28,0.56,1.19,12.84,4.62,2022-AKK-54,2022,202202,AA-18,8766.448987,0.0126212255677332,426172.5171722803,162,23,1,50.57,8.43,52,0.3076,0.1302,0,63.67053,-169.00176,35,4.6,8,NBS,12
2.72,0.06,0.06,0.17,0.11,0.63,0,0.28,0.11,0,12.3,0.09,0,19.06,0.19,0.54,0.6,1.1,0,0.29,0.82,0,0.14,1.07,2.58,0.46,6.74,6.57,0.14,0.26,0.08,0,0.61,0.31,0,0,0.42,0.15,1.49,0.44,0,0.55,2.66,1.21,5.68,0,0,0.43,0.18,0,1.39,0.02,0,19.29,0.08,0.44,0.48,0.42,0.16,0.41,0.74,0,0,0,0,1.29,0.02,3.78,0.19,2.74,21.59,44.65,33.75,1.56,27.43,0.2,0.06,10.9,0.76,1.55,0.5,1.03,12.79,5.11,2022-AKK-55,2022,202202,AA-18,8766.448987,0.0126212255677332,426172.5171722803,162,23,1,59.01,9.48,77,0.3547,0.1322,0,63.67053,-169.00176,35,4.6,8,NBS,12
3.11,0.05,0.05,0.09,0.05,0.76,0,0.24,0.1,0,11.92,0.07,0,18.18,0.21,0.53,0.49,1.22,0,0.28,0.67,0,0.22,0.83,2.64,0.48,5.04,5.36,0.13,0.39,0.09,0,0.47,0.26,0,0,0.35,0.15,1.43,0.62,0,1.1,2.72,1.21,6.52,0,0,0.42,0.18,0,1.58,0,0,19.78,0,0.59,0.79,0.71,0.21,0.29,0.81,0,0,0.07,0.24,1.25,0,4.75,0.29,2.54,21.47,42.76,35.77,1.67,29.74,0.24,0.05,12.55,0.62,1.53,0.39,0.94,12.76,4.16,2022-AKK-56,2022,202202,AA-18,8766.448987,0.0126212255677332,426172.5171722803,162,23,2,43.74,0,27,0.3068,0.0957,0,63.67053,-169.00176,35,4.6,8,NBS,12
2.47,0.05,0.07,0.13,0.08,0.6,0,0.24,0.07,0,13.95,0.09,0,18.04,0.16,0.5,0.48,0.94,0,0.27,0.76,0,0.14,1.05,2.78,0.42,8.69,6.11,0.14,0.25,0.07,0,0.55,0.25,0,0,0.39,0.12,1.42,0.42,0,0.28,2.6,1.03,5.95,0,0,0.27,0.14,0,1.46,0.01,0,18.36,0.11,0.37,0.48,0.36,0.15,0.3,0.79,0,0,0,0.13,1.35,0.04,3.98,0.17,2.37,22.7,44.93,32.37,1.43,26.57,0.22,0.06,10.79,0.67,1.29,0.56,1.42,12.74,4.62,2022-AKK-57,2022,202202,AA-18,8766.448987,0.0126212255677332,426172.5171722803,162,23,1,52.39,8.55,52,0.3704,0.1529,0,63.67053,-169.00176,35,4.6,8,NBS,12
3.18,0,0.06,0.37,0.29,0.56,0,0.68,0.23,0,9.46,0.06,0,10.28,0.24,0.83,1.24,1.47,0,0.34,0.39,0,0.4,0.74,2.49,0.47,6.72,5.76,0.14,0.75,0.15,0,0.93,0.32,0,0,0.38,0.26,0.83,0.2,0,2.31,3.32,2.69,4.58,0,0,0.58,0.12,0,1.95,0,0,17.2,0.3,2.36,1.36,1.19,0.36,0.4,0.59,0,0,0.1,0.23,2.04,0.12,7.39,0.6,4.53,21.54,40.59,37.87,1.76,31.26,0.43,0.07,15.5,1.19,1.09,0.29,1.17,12.37,2.33,2022-AKK-58,2022,202202,AA-18,8766.448987,0.0126212255677332,426172.5171722803,162,23,2,44.06,0,27,0.3296,0.0883,0,63.67053,-169.00176,35,4.6,8,NBS,12
3.3,0.05,0.09,0.28,0.16,0.59,0,0.36,0.18,0,11.95,0.07,0,15.47,0.22,0.74,0.75,0.9,0,0.28,0.33,0,0.21,0.74,2.92,0.36,9.22,6.77,0.13,0.53,0.16,0,0.72,0.21,0,0,0.38,0.18,1.14,0.29,0,0.54,2.78,1.77,5.43,0,0,0.4,0.14,0,1.81,0.07,0,17.01,0.08,0.91,0.81,0.36,0.14,0.24,0.65,0,0,0,0.28,1.78,0.05,4.8,0.24,3.34,22.59,45.15,32.25,1.43,26.67,0.28,0.04,12.06,0.9,1.29,0.35,1.36,13.53,3.54,2022-AKK-59,2022,202202,AA-18,8766.448987,0.0126212255677332,426172.5171722803,162,23,2,46.35,0,33,0.3199,0.1153,0,63.67053,-169.00176,35,4.6,8,NBS,12
3.11,0.08,0.1,0.19,0.12,0.6,0,0.21,0.16,0,9.97,0.23,0,14.25,0.22,0.5,0.72,1.24,0,0.35,0.64,0,0.47,0.28,2.25,1.68,7.42,9.15,0.13,0.66,0.09,0,0.53,0.15,0,0,0.3,0.18,0.45,0.21,0,1.33,3.87,1.17,6.05,0,0,0.61,0.05,0,1.71,0.05,0,16.27,0.2,0.6,0.51,1.45,0.37,1.31,0.56,0,0,0,0,1.77,0,5.24,0.22,2.86,19.71,47.73,32.57,1.65,26.32,0.32,0.05,13.65,0.71,1.43,0.43,0.81,31.63,3.1,2022-AKK-6,2022,202202,W-24,933.711211,0.01652750720665605,232464.78806269722,162,1,2,45.12,0,32,0.3243,0.0788,0,62.33188,-173.16956,59,-1.3,7,NBS,10
2.82,0.06,0,0.12,0.08,0.64,0,0.27,0.14,0,10.98,0.07,0,13.85,0.2,0.7,0.66,0.98,0,0.41,0.32,0,0.36,0.67,2.8,0.47,5.22,5.87,0.16,0.51,0.1,0,0.55,0.26,0,0,0.27,0.08,1.17,0.24,0,3.08,2.53,1.47,4.75,0.19,0,0.38,0.12,0,2.19,0,0,21.54,0.26,1.04,1.08,0.55,0,0.28,0.83,0,0,0,0,1.64,0.1,6.57,0.35,3.03,21.02,38.14,40.85,1.94,35.26,0.31,0.05,11.43,0.63,1.26,0.23,0.89,11.88,3.28,2022-AKK-60,2022,202202,AA-18,8766.448987,0.0126212255677332,426172.5171722803,162,23,2,44.57,0,29,0.3127,0.0809,0,63.67053,-169.00176,35,4.6,8,NBS,12
3.32,0.1,0.09,0.15,0.1,0.48,0,0.2,0.24,0,11.36,0.14,0,18.59,0.21,0.56,0.52,1.33,0,0.25,0.33,0,0.39,0.9,1.91,0.45,7.66,6.49,0.16,0.55,0.07,0,0.55,0.24,0,0,0.36,0.14,0.97,0.28,0.15,0.44,2.88,0.99,3.49,0,0,0.34,0.12,0,1.53,0,0,18.64,0.17,1.8,0.48,0.85,0.39,0.51,0.63,0,0,0.03,0.38,1.58,0.05,5.16,0.32,2.5,20.89,45.14,33.97,1.63,28.32,0.28,0.05,10.48,0.68,1.64,0.53,1.18,19.2,3.61,2022-AKK-61,2022,202202,ZZ-24,651.550342,0.01530637506832995,62909.14443827629,162,39,1,54.79,8.86,62,0.3247,0.0998,0,63.33898,-173.43322,71,-1.7,8,NBS,12
2.75,0.07,0.07,0.09,0.04,0.43,0,0.11,0.09,0,11.82,0.11,0,15.56,0.16,0.4,0.3,1.04,0,0.27,0.26,0,0.33,0.78,3.02,0.56,9.74,7.31,0.12,0.54,0.06,0,0.6,0.25,0,0,0.28,0.15,1.02,0.26,0.15,0.23,2.56,1.72,4.43,0,0,0.46,0.1,0,1.71,0.07,0,18.96,0.1,0.62,0.41,0.68,0.33,0.58,0.58,0,0,0.05,0,1.79,0.03,5.63,0.22,1.74,20.73,44.79,34.47,1.66,28.75,0.3,0.05,10.41,0.75,1.32,0.48,1.33,15.25,3.37,2022-AKK-62,2022,202202,ZZ-24,651.550342,0.01530637506832995,62909.14443827629,162,39,1,54.43,9.04,61,0.3138,0.1266,0,63.33898,-173.43322,71,-1.7,8,NBS,12
2.74,0.07,0.08,0.08,0.03,0.49,0,0.13,0.07,0,12.2,0.08,0,17.17,0.15,0.39,0.32,1,0,0.21,0.3,0,0.2,0.74,2.37,0.43,11.85,6.6,0.14,0.44,0.07,0,0.5,0.22,0,0,0.31,0.13,0.98,0.21,0,0.43,2.27,1.45,4.64,0,0,0.37,0.08,0,1.84,0.05,0,17.34,0.13,0.49,0.42,0.9,0.41,0.4,0.6,0,0,0.18,0.33,1.62,0.04,5.11,0.19,1.72,20.27,47.29,32.44,1.6,26.8,0.29,0.04,10.16,0.63,1.41,0.44,1.8,17.59,3.4,2022-AKK-63,2022,202202,ZZ-24,651.550342,0.01530637506832995,62909.14443827629,162,39,1,45.83,7.6,34,0.3298,0.1166,0,63.33898,-173.43322,71,-1.7,8,NBS,12
2.82,0.09,0.09,0.12,0.05,0.37,0,0.13,0.14,0,12,0.1,0,17.1,0.14,0.45,0.36,1.34,0,0.23,0.28,0,0.22,0.95,3.05,0.41,12.57,8.2,0.15,0.51,0.11,0,0.54,0.24,0,0,0.27,0.14,1.06,0.39,0.25,0,2.14,1.7,3.73,0,0,0.3,0.1,0,1.43,0.06,0,16.43,0.07,0.77,0.56,0.39,0.19,0.32,0.53,0,0,0.03,0,1.62,0.02,4.51,0.21,1.85,21.49,48.77,29.74,1.38,24.58,0.27,0.05,9.29,0.68,1.42,0.53,1.53,16.08,3.64,2022-AKK-64,2022,202202,ZZ-24,651.550342,0.01530637506832995,62909.14443827629,162,39,2,46.35,0,33,0.3333,0.1303,0,63.33898,-173.43322,71,-1.7,8,NBS,12
3.41,0.09,0.08,0.09,0.03,0.46,0,0.08,0.11,0,11.14,0.07,0,21.84,0.16,0.31,0.09,1.83,0,0.2,0.82,0,0.14,1.31,1.76,0.32,8.37,6.48,0.14,0.25,0.05,0,0.48,0.31,0,0,0.27,0.13,1.66,0.36,0.12,0.11,1.39,0.88,4.01,0,0,0.24,0.11,0,1.29,0,0,20.41,0.13,0.15,0.43,0.62,0.76,0.32,0.72,0,0,0.17,0,0.96,0.04,4.11,0.2,1.37,19.91,45.37,34.72,1.74,28.23,0.2,0.06,7.47,0.6,1.96,0.67,1.29,13.14,4.97,2022-AKK-65,2022,202202,ZZ-24,651.550342,0.01530637506832995,62909.14443827629,162,39,2,46.88,0,35,0.3135,0.1124,0,63.33898,-173.43322,71,-1.7,8,NBS,12
3.18,0.1,0.11,0.15,0.05,0.42,0,0.14,0.12,0,11.52,0.14,0,17.15,0.17,0.43,0.38,1.56,0,0.22,0.77,0,0.24,1.14,2.63,0.51,10.02,8.56,0.13,0.61,0.08,0,0.59,0.28,0,0,0.32,0.14,1.01,0.3,0.17,0.1,1.87,1.35,3.74,0,0,0.35,0.1,0,1.44,0.04,0,17.33,0.09,0.43,0.45,0.68,0.21,0.47,0.61,0,0,0.06,0.35,1.74,0,5.04,0.2,1.91,21.18,46.12,32.7,1.54,26.59,0.29,0.07,8.51,0.73,1.49,0.76,1.17,17.06,3.44,2022-AKK-66,2022,202202,ZZ-24,651.550342,0.01530637506832995,62909.14443827629,162,39,2,44.96,0,33,0.3144,0.1079,0,63.33898,-173.43322,71,-1.7,8,NBS,12
3.25,0.11,0.11,0.13,0.23,0.42,0,0.17,0.07,0,12.5,0.08,0,17.6,0.16,0.43,0.39,1.15,0,0.25,0.8,0,0.27,1.08,2.53,0.38,11.46,7.7,0.14,0.47,0.07,0,0.54,0.25,0,0,0.32,0.17,1.15,0.31,0.24,0,1.93,1.35,3.84,0,0,0.33,0.09,0,1.51,0.05,0,16.73,0.09,0.43,0.47,0.57,0.31,0.4,0.51,0,0,0.06,0,1.38,0.03,4.77,0.22,2.1,21.99,46.92,31.09,1.41,25.02,0.28,0.07,8.6,0.7,1.41,0.76,1.49,15.33,3.51,2022-AKK-67,2022,202202,ZZ-24,651.550342,0.01530637506832995,62909.14443827629,162,39,2,43.43,0,29,0.3379,0.122,0,63.33898,-173.43322,71,-1.7,8,NBS,12
2.29,0,0,0.17,0.11,0.44,0,0.24,0.5,0,11.56,0.1,0,9.12,0.2,0.81,0.59,2.17,0,0.43,0.59,0,0.43,0.18,2.81,0.5,8.67,6.67,0,0.74,0.12,0,0.54,0.21,0,0,0.34,0.22,0.5,0.35,0,0.8,3.67,1.65,3.57,0,0,0.51,0.08,0,1.98,0,0,15.75,0.23,2.88,0.83,1.5,0.93,0.59,0.41,0,0,0,0,3.22,0,9.15,0.61,3.3,22.37,40.72,36.91,1.65,30.49,0.58,0.05,14.1,0.77,0.79,0.39,1.3,18.12,1.72,2022-AKK-68,2022,202202,AA-23,1269.919007,0.0134775113425095,254336.92414624535,162,36,1,60.36,12.03,85,0.3189,0.0844,1,63.66676,-172.69469,55,-0.7,8,NBS,12
2.4,0,0,0.15,0.08,0.38,0,0.2,0.25,0,11.07,0.05,0,8.03,0.15,0.72,0.5,1.57,0,0.34,0.5,0,0.41,0.25,3.08,0.35,9.37,9.62,0,0.89,0.16,0,0.57,0.21,0,0,0.21,0.17,0.43,0.09,0,0.79,3.59,2.77,4.17,0,0,0.84,0.1,0,2.84,0.12,0,16.23,0.22,2.4,0.81,0.75,0.17,0.63,0.45,0,0,0,0,2.81,0,7.53,0.57,2.62,20.96,43.53,35.52,1.69,28.94,0.46,0.06,14.5,0.74,0.73,0.45,0.97,18.73,2.15,2022-AKK-69,2022,202202,AA-23,1269.919007,0.0134775113425095,254336.92414624535,162,36,1,54.2,10.55,61,0.3205,0.0777,0,63.66676,-172.69469,55,-0.7,8,NBS,12
2.18,0.12,0.09,0.21,0.15,0.69,0,0.26,0.1,0,10.77,0.2,0,15.26,0.2,0.6,0.7,0.87,0,0.35,0.74,0,0.43,0.36,2.22,0.87,8.57,9.02,0.13,0.64,0.13,0,0.61,0.25,0,0,0.39,0.19,0.57,0.31,0,0.99,3.52,0.57,7.06,0,0,0.66,0.12,0,2.02,0.06,0,16.19,0.22,0.6,0.41,1.03,0.54,1.47,0.47,0,0,0,0,1.92,0,3.86,0.15,3.05,19.43,48.29,32.28,1.66,24.69,0.24,0.05,13.19,0.8,1.42,0.44,0.95,26.94,4.19,2022-AKK-7,2022,202202,W-24,933.711211,0.01652750720665605,232464.78806269722,162,1,2,50.31,0,41,0.3185,0.0918,0,62.33188,-173.16956,59,-1.3,7,NBS,10
3.13,0.06,0.11,0.16,0.08,0.36,0,0.21,0.14,0,11.7,0.1,0,10.17,0.18,0.64,0.51,0.9,0,0.32,0.61,0,0.37,0.43,2.18,0.57,11.48,8.25,0.04,0.76,0.13,0,0.59,0.19,0,0,0.31,0.16,0.46,0.39,0.21,0.25,4.32,2.13,3.27,0,0,0.44,0.08,0,1.92,0.06,0,15.53,0.26,3,0.69,0.94,0.38,0.58,0.45,0,0,0,0.21,2.12,0,7.12,0.35,2.42,20.88,46.35,32.77,1.57,26.72,0.46,0.06,14.35,0.75,0.87,0.57,1.39,22.12,2.18,2022-AKK-70,2022,202202,AA-23,1269.919007,0.0134775113425095,254336.92414624535,162,36,1,55.56,8.75,59,0.3103,0.0971,0,63.66676,-172.69469,55,-0.7,8,NBS,12
2.79,0.05,0.08,0.13,0.05,0.46,0,0.18,0.13,0,11.83,0.14,0,12.36,0.16,0.53,0.39,1.35,0,0.25,0.33,0,0.36,0.7,2.72,0.48,10.23,7.86,0.12,0.55,0.08,0,0.63,0.19,0,0,0.3,0.18,0.88,0.26,0,0.8,3.09,1.66,5.78,0,0,0.46,0.11,0,1.46,0.07,0,16.76,0.15,1.17,0.59,1.04,0.33,0.93,0.61,0,0,0.06,0.23,2.04,0.04,5.57,0.27,2.13,21.07,45.58,33.35,1.58,27.5,0.33,0.05,13.32,0.81,1.04,0.42,1.3,14.03,3.01,2022-AKK-71,2022,202202,AA-23,1269.919007,0.0134775113425095,254336.92414624535,162,36,2,49.24,0,38,0.3691,0.131,0,63.66676,-172.69469,55,-0.7,8,NBS,12
2.76,0.06,0.08,0.14,0.05,0.49,0,0.2,0.12,0,11.06,0.16,0,12.47,0.17,0.58,0.44,1.47,0,0.34,0.72,0,0.32,0.75,2.87,0.52,9.25,9.52,0.04,0.82,0.08,0,0.69,0.18,0,0,0.35,0.18,0.87,0.21,0.13,0.22,3.19,1.61,6.12,0,0,0.54,0.08,0,1.49,0.06,0,15.26,0.17,0.78,0.54,1.53,0.35,0.82,0.54,0,0.09,0.09,0.14,2.33,0.04,5.66,0.22,2.36,20.91,47.04,32.05,1.53,25.6,0.37,0.07,13.78,0.87,1.13,0.64,0.97,14.26,2.7,2022-AKK-72,2022,202202,AA-23,1269.919007,0.0134775113425095,254336.92414624535,162,36,2,46.92,0,37,0.3224,0.0978,0,63.66676,-172.69469,55,-0.7,8,NBS,12
3.17,0.01,0.11,0.18,0.07,0.4,0,0.17,0.14,0,11.31,0.16,0,13.04,0.21,0.53,0.38,1.17,0,0.25,0.61,0,0.3,0.43,2.55,0.47,13.37,9.15,0.12,0.66,0.09,0,0.76,0.18,0,0,0.19,0.29,0.66,0.15,0.21,0,3.14,2.37,3.67,0,0,0.49,0.08,0,1.34,0.08,0,13.77,0.08,1.41,0.73,0.53,0.27,0.5,0.46,0,0,0.03,0.33,1.96,0.03,6.96,0.29,2.13,20.65,49.42,29.93,1.45,24.81,0.51,0.05,11.85,1.05,1.15,0.57,1.46,19.77,1.98,2022-AKK-73,2022,202202,AA-23,1269.919007,0.0134775113425095,254336.92414624535,162,36,2,45.09,0,30,0.3406,0.1322,0,63.66676,-172.69469,55,-0.7,8,NBS,12
3.04,0.06,0.06,0.16,0.09,0.39,0,0.13,0.14,0,11.58,0.08,0,12.81,0.2,0.49,0.32,1.91,0,0.29,0.24,0,0.42,0.66,2.86,0.4,8.86,10.24,0.14,0.72,0.1,0,0.77,0.28,0,0,0.27,0.23,0.9,0.21,0,0.56,2.59,1.58,4.16,0,0,0.45,0.08,0,1.52,0.07,0,17.05,0.11,0.94,0.66,0.54,0.08,0.79,0.57,0,0,0,0.2,1.67,0,6.86,0.45,2.02,21.6,44.42,33.99,1.57,28.54,0.4,0.05,10.47,1,1.11,0.4,0.87,14.28,2.49,2022-AKK-74,2022,202202,AA-23,1269.919007,0.0134775113425095,254336.92414624535,162,36,2,42.08,0,29,0.4618,0.1294,0,63.66676,-172.69469,55,-0.7,8,NBS,12
3.66,0.02,0.12,0.18,0.06,0.42,0,0.15,0.26,0,11.59,0.1,0,11.58,0.17,0.51,0.26,1.53,0,0.27,0.57,0,0.32,0.46,2.63,0.25,12.07,7.52,0.13,0.68,0.11,0,0.74,0.19,0,0,0.22,0.41,0.79,0,0,0.46,2.51,2.81,3.61,0,0,0.43,0.07,0.02,1.76,0.1,0,14.98,0.13,2.26,0.85,0.7,0.34,0.41,0.4,0,0,0.07,0.18,2.21,0.03,7.2,0.49,2.11,21.73,45.84,32.43,1.49,27.06,0.48,0.05,12.74,1.15,1,0.46,1.6,14.66,2.08,2022-AKK-75,2022,202202,AA-23,1269.919007,0.0134775113425095,254336.92414624535,162,36,2,40.16,0,23,0.3257,0.1029,0,63.66676,-172.69469,55,-0.7,8,NBS,12
3.13,0.07,0.06,0.13,0.09,0.37,0,0.18,0.13,0,11.84,0.2,0,13.46,0.24,0.58,0.39,2.41,0,0.27,0.54,0,0.47,0.75,2.75,0.35,7.3,8.1,0.04,0.79,0.08,0,0.71,0.22,0,0,0.23,0.17,0.77,0.55,0.18,0.32,2.38,1.01,3.05,0,0,0.38,0.11,0,1.35,0,0,20.46,0.23,1.21,0.58,0.8,0,0.45,0.77,0,0,0,0,2.69,0,6.27,0.4,2.14,22.74,39.97,37.29,1.64,31.92,0.31,0.06,9.03,0.88,1.14,0.57,0.9,17.53,3.26,2022-AKK-76,2022,202202,AA-23,1269.919007,0.0134775113425095,254336.92414624535,162,36,1,53.7,8.48,59,0.3816,0.101,0,63.66676,-172.69469,55,-0.7,8,NBS,12
2.93,0.05,0.05,0.17,0.11,0.41,0,0.22,0.38,0,10.54,0.14,0,10.18,0.25,0.71,0.58,1.75,0,0.33,0.59,0,0.46,0.46,2.51,0.63,7.12,7.94,0.05,0.96,0.15,0,0.66,0.23,0,0,0.36,0.16,0.87,0.31,0,1.47,3.28,1.52,3.59,0,0,0.51,0.12,0,1.67,0,0,18.5,0.18,2.27,0.7,1.48,0.31,0.69,0.72,0,0,0,0,2.48,0.09,7.66,0.52,2.91,20.97,40.66,38.37,1.83,32.32,0.41,0.07,12.84,0.82,0.97,0.36,0.9,11.67,2.41,2022-AKK-77,2022,202202,AA-23,1269.919007,0.0134775113425095,254336.92414624535,162,36,1,52.05,8.8,54,0.3628,0.0992,0,63.66676,-172.69469,55,-0.7,8,NBS,12
3.64,0.1,0.07,0.12,0.06,0.56,0,0.13,0.11,0,11.72,0.09,0,23.38,0.21,0.34,0.43,1.24,0,0.23,0.4,0,0.18,0.69,1.81,0.88,8.31,7.17,0.16,0.3,0.06,0,0.5,0.21,0,0,0.25,0.14,1.24,0.31,0,0.59,2.23,0.82,4.15,0,0,0.29,0.12,0,1.34,0,0,17.25,0,0.24,0.35,0.97,0.33,0.65,0.59,0,0,0.06,0,1.03,0,3.85,0.09,1.98,20.5,49.41,30.09,1.47,24.87,0.22,0.03,8.76,0.64,1.99,0.38,1.16,18.82,4.49,2022-AKK-78,2022,202202,Y-22,1631.943396,0.0149492376669075,23780.826683019895,162,43,2,47.45,0,41,0.3441,0.1012,0,63.00125,-171.84919,54,-1.2,8,NBS,12
3.24,0.13,0.06,0.09,0.05,0.57,0,0.11,0.1,0,11.77,0.08,0,22.21,0.17,0.29,0.32,1.03,0,0.23,0.26,0,0.2,0.74,2.15,0.61,6.71,7.5,0.14,0.28,0.06,0,0.57,0.26,0,0,0.4,0.14,1.77,0.43,0,0.44,2.4,1.09,6.22,0,0,0.42,0.15,0,1.14,0.05,0,16.16,0.09,0.4,0.41,0.39,0.18,0.57,0.5,0,0,0,0.09,0.85,0,5.64,0.18,1.75,20.15,48.85,31,1.54,25.83,0.35,0.03,10.91,0.7,1.89,0.3,0.9,12.56,2.86,2022-AKK-79,2022,202202,Y-22,1631.943396,0.0149492376669075,23780.826683019895,162,43,2,44.28,0,33,0.3261,0.1134,0,63.00125,-171.84919,54,-1.2,8,NBS,12
2.76,0.07,0.13,0.36,0.25,0.66,0,0.36,0.25,0,9.52,0.13,0,12.5,0.29,0.73,0.82,1.36,0,0.4,0.69,0,0.46,0.3,2.6,0.77,7.72,9.38,0.13,0.74,0.19,0,0.91,0.32,0,0,0.4,0.21,0.8,0,0,1.22,3.07,2.47,5.83,0,0,0.79,0.13,0.08,2.14,0.11,0,15.17,0.14,1.13,0.83,0.94,0.26,0.92,0.46,0,0,0,0,2.26,0,5.45,0.37,3.83,20.37,46.44,33.2,1.63,26.15,0.36,0.06,14.27,1.12,1.31,0.35,0.82,15.61,2.78,2022-AKK-8,2022,202202,W-24,933.711211,0.01652750720665605,232464.78806269722,162,1,2,45.45,0,31,0.3377,0.0912,0,62.33188,-173.16956,59,-1.3,7,NBS,10
3.37,0.09,0.08,0.09,0.05,0.41,0,0.1,0.11,0,11.93,0.13,0,18.46,0.17,0.38,0.13,1.68,0,0.25,0.77,0,0.25,1.32,2.8,0.56,9.81,7.56,0.11,0.42,0.07,0,0.6,0.28,0,0,0.27,0.14,1.37,0.37,0.18,0.14,1.91,1.73,4.59,0,0,0.33,0.12,0.03,1.07,0.04,0,16.91,0.12,0.52,0.54,0.59,0.16,0.37,0.65,0,0,0.06,0.04,1.24,0.04,4.3,0.22,1.5,21.74,47.38,30.88,1.42,25.09,0.25,0.07,9.88,0.74,1.55,0.72,1.3,13.48,3.93,2022-AKK-80,2022,202202,Y-22,1631.943396,0.0149492376669075,23780.826683019895,162,43,2,46.54,0,36,0.3196,0.1306,0,63.00125,-171.84919,54,-1.2,8,NBS,12
3.1,0.1,0.07,0.14,0.07,0.47,0,0.13,0.2,0,11.5,0.06,0,24.1,0.2,0.38,0.39,1.54,0,0.28,0.36,0,0.21,0.92,1.75,0.33,8.03,7.82,0.12,0.39,0.06,0,0.49,0.22,0,0,0.24,0.15,1.28,0.39,0.12,0.14,1.32,0.83,3.29,0,0,0.26,0.09,0,1.44,0,0,19.36,0.11,0.13,0.4,0.64,0.15,0.35,0.61,0,0,0,0,1.07,0,4.21,0,2.06,20.28,47.74,31.99,1.58,27.03,0.22,0.04,6.61,0.64,2.1,0.5,1.03,18.81,4.6,2022-AKK-81,2022,202202,Y-25,290.807337,0.01676890754938905,46352.5848485174,162,40,1,52.59,8.74,58,0.3326,0.1173,0,62.99305,-174.02492,74,-1.6,8,NBS,12
3.12,0.1,0.05,0.16,0.09,0.5,0,0.13,0.21,0,10.75,0,0,22.45,0.2,0.4,0.44,1.5,0,0.35,0.66,0,0.22,0.6,2.4,0.53,8.25,9.99,0.15,0.55,0.08,0,0.54,0.29,0,0,0.28,0.17,0.87,0.25,0.15,0.14,1.73,1.06,4.27,0,0,0.41,0.13,0,1.66,0,0,16.14,0.13,0,0.45,0.79,0.22,0.55,0.62,0,0,0,0,1.22,0,3.92,0.12,2.28,20.42,50.59,28.98,1.42,23.31,0.24,0.04,8.31,0.71,2.09,0.56,0.83,25.78,4.11,2022-AKK-82,2022,202202,Y-25,290.807337,0.01676890754938905,46352.5848485174,162,40,1,55.49,10.36,72,0.3149,0.0859,0,62.99305,-174.02492,74,-1.6,8,NBS,12
2.15,0.05,0.05,0.09,0.05,0.5,0,0.15,0.11,0,13.52,0.06,0,15.54,0.15,0.44,0.39,0.97,0,0.37,0.82,0,0.23,0.98,3.06,0.44,8.57,8.09,0.09,0.34,0.08,0,0.55,0.29,0,0,0.25,0.12,1.61,0.5,0.14,0.12,2.7,1.22,6.32,0,0,0.3,0.13,0,1.41,0,0,17.94,0.1,0.24,0.44,0.47,0.16,0.72,0.69,0,0,0,0.07,1.37,0.04,4.62,0.21,2.1,22.12,44.92,32.97,1.49,26.78,0.26,0.07,11.39,0.67,1.15,0.58,1.06,9.63,3.88,2022-AKK-83,2022,202202,BB-18,3755.65951,0.013260126249216,37617.59810013062,162,22,1,57.07,9.03,68,0.3389,0.1494,0,64.00589,-169.05189,35,3,9,NBS,13
3.05,0.06,0.06,0.09,0.03,0.51,0,0.15,0.08,0,13.16,0.06,0,18.13,0.15,0.38,0.31,0.98,0,0.22,0.66,0,0.13,0.96,2.86,0.32,8.48,6.53,0.09,0.37,0.09,0,0.48,0.26,0,0,0.36,0.14,1.39,0.56,0.16,0,2.28,1.89,5.99,0,0,0.33,0.16,0,1.29,0.04,0,17.87,0.06,1.02,0.61,0.37,0.12,0.25,0.71,0,0,0.02,0.02,1.18,0.02,4.31,0.21,1.76,22.1,46.56,31.34,1.42,25.79,0.24,0.05,12.16,0.62,1.38,0.53,1.3,13.08,4.15,2022-AKK-84,2022,202202,BB-18,3755.65951,0.013260126249216,37617.59810013062,162,22,1,48.91,7.44,36,0.3818,0.1744,0,64.00589,-169.05189,35,3,9,NBS,13
2.87,0.05,0.07,0.21,0.12,0.46,0,0.26,0.22,0,13.65,0.06,0,16.23,0.21,0.57,0.64,1.07,0,0.35,0.91,0,0.29,1.01,2.85,0.4,8.55,9.27,0.09,0.43,0.09,0,0.68,0.27,0,0,0.32,0.18,1.38,0.28,0.14,0.08,2.52,1.1,4.44,0,0,0.24,0.08,0,1.16,0,0,16.83,0.09,0.66,0.63,0.83,0.17,0.79,0.6,0,0,0,0,1.15,0,4.29,0.16,2.84,23.56,45.65,30.79,1.31,24.8,0.26,0.07,10.18,0.86,1.19,0.67,0.92,11.74,3.92,2022-AKK-85,2022,202202,BB-18,3755.65951,0.013260126249216,37617.59810013062,162,22,1,46.69,6.94,29,0.3675,0.147,0,64.00589,-169.05189,35,3,9,NBS,13
2.79,0.07,0.07,0.16,0.12,0.53,0,0.21,0.21,0,13.74,0.08,0,16.54,0.17,0.53,0.54,0.99,0,0.35,0.39,0,0.29,0.83,3.15,0.42,9.93,8.34,0.1,0.41,0.09,0,0.69,0.23,0,0,0.35,0.16,1.22,0.31,0.18,0.09,2.43,1.44,4.96,0,0,0.39,0.11,0,1.55,0.05,0,15.26,0.11,0.7,0.56,0.56,0.19,0.6,0.54,0,0,0.04,0,1.5,0.04,4.49,0.17,2.65,23.74,46.89,29.37,1.24,23.61,0.29,0.05,10.65,0.84,1.2,0.48,1.19,13.57,3.4,2022-AKK-86,2022,202202,BB-18,3755.65951,0.013260126249216,37617.59810013062,162,22,1,47.68,7.61,36,0.3838,0.1683,0,64.00589,-169.05189,35,3,9,NBS,13
2.74,0.05,0.1,0.36,0.19,0.52,0,0.39,0.28,0,13.25,0.09,0,13.91,0.22,0.69,0.8,0.97,0,0.35,0.69,0,0.28,0.52,2.88,0.55,10.28,7.84,0.09,0.55,0.16,0,0.8,0.18,0,0,0.35,0.23,0.96,0.42,0,0.36,3.03,1.5,4.56,0,0,0.38,0.12,0.03,1.31,0.06,0,15.27,0.1,1.19,0.77,0.77,0.18,0.47,0.58,0,0,0.02,0,1.66,0.03,5.72,0.22,3.58,23.64,45.66,30.7,1.3,25.1,0.37,0.05,11.82,1.02,1.05,0.43,1.31,14.42,2.67,2022-AKK-87,2022,202202,BB-18,3755.65951,0.013260126249216,37617.59810013062,162,22,1,44.72,6.84,29,0.3812,0.1524,0,64.00589,-169.05189,35,3,9,NBS,13
3.11,0.07,0,0.21,0.12,0.63,0,0.34,0.17,0,11.06,0.08,0,16.45,0.23,0.61,0.72,0.97,0,0.34,0.38,0,0.32,0.6,2.61,0.6,5.99,9.32,0.13,0.54,0.1,0,0.7,0.32,0,0,0.42,0.16,1,0.2,0,0.43,2.62,1.14,5.75,0,0,0.71,0.18,0,1.93,0,0,17.8,0.21,0.32,0.57,1.12,0.32,0.55,0.71,0,0,0,0,1.7,0,5.38,0.07,3.13,21.15,44.93,33.92,1.6,27.51,0.3,0.04,11.52,0.87,1.49,0.39,0.64,16.49,3.31,2022-AKK-88,2022,202202,BB-18,3755.65951,0.013260126249216,37617.59810013062,162,22,1,47.56,7.7,32,0.3272,0.0993,0,64.00589,-169.05189,35,3,9,NBS,13
2.82,0.05,0.06,0.21,0.1,0.51,0,0.34,0.15,0,12.98,0.07,0,14.62,0.18,0.56,0.58,1.01,0,0.37,0.4,0,0.24,0.6,3.26,0.45,8.83,9.09,0.09,0.5,0.09,0,0.75,0.24,0,0,0.34,0.19,1.2,0.25,0.14,0.27,3.24,1.83,5.34,0,0,0.47,0.12,0.03,1.49,0.07,0,14.89,0.08,1.33,0.69,0.64,0.17,0.68,0.56,0,0,0.03,0,1.6,0.04,4.96,0.21,2.82,23.22,47.17,29.6,1.27,23.97,0.33,0.04,13.07,0.94,1.13,0.38,0.97,12.23,3,2022-AKK-89,2022,202202,BB-18,3755.65951,0.013260126249216,37617.59810013062,162,22,1,45.91,7.24,32,0.3415,0.1569,0,64.00589,-169.05189,35,3,9,NBS,13
2.87,0.08,0.07,0.21,0.14,0.52,0,0.19,0.11,0,9.98,0.21,0,13,0.25,0.52,0.53,1.15,0,0.38,0.64,0,0.49,0.33,2.58,0.72,8.25,9.35,0.04,0.74,0.1,0,0.82,0.28,0,0,0.35,0.17,0.85,0.23,0,0.86,3.13,2.1,5.59,0,0,0.63,0.1,0.08,1.96,0.07,0,16.22,0.27,0.78,0.66,1.32,0.36,0.73,0.54,0,0,0,0,1.97,0.04,5.99,0.43,2.61,19.67,46.65,33.68,1.71,27.16,0.37,0.06,13.58,1,1.3,0.4,0.88,15.38,2.71,2022-AKK-9,2022,202202,W-24,933.711211,0.01652750720665605,232464.78806269722,162,1,2,43.03,0,25,0.3266,0.1,0,62.33188,-173.16956,59,-1.3,7,NBS,10
2.44,0.07,0.05,0.12,0.07,0.65,0,0.24,0.12,0,12.57,0.08,0,15.21,0.16,0.56,0.52,1.25,0,0.37,0.34,0,0.25,0.81,2.99,0.56,6.7,6.83,0.09,0.35,0.08,0,0.57,0.27,0,0,0.36,0.12,1.39,0.52,0.11,0.18,3.57,1.01,7.68,0,0,0.44,0.17,0,1.68,0,0,18.56,0.13,0.39,0.61,0.78,0.33,0.7,0.74,0,0,0,0.03,1.62,0.06,4.38,0.11,2.66,22.27,44.2,33.53,1.51,27.28,0.24,0.05,14.04,0.69,1.21,0.4,0.98,10.94,4.23,2022-AKK-90,2022,202202,BB-20,39232.247758,0.0130989800478174,86874.13415746148,162,31,1,51.19,10.6,52,0.3202,0.1121,1,63.97803,-170.55256,30,4.2,9,NBS,13
4.01,0.09,0.09,0.27,0.39,0.72,0,0.48,0.21,0,10.32,0.07,0,10.2,0.31,1.03,0.95,1.3,0,0.41,1.03,0,0.49,0.95,3.22,0.45,6.53,6.03,0,0.78,0.26,0,1.06,0.33,0,0,0.56,0,1.63,0.64,0.18,0.31,2.98,1.44,5.95,0,0,0.92,0.11,0,1.37,0.11,0,16.45,0.3,0.21,0.39,1.18,0.56,0.83,1.06,0,0,0,0,1.5,0,9.05,0.3,4.46,23.89,36.89,39.22,1.64,30.6,0.55,0.11,12.14,1.06,0.99,0.52,1.08,6.26,1.82,2022-VA-1,2022,202201,K-19,10939.217499,0.01376736639424575,726.3553328674125,94,110,2,59.11,0,NA,0.2925,0.0795,0,58.33895,-169.11492,68,0.9,3,EBS,6
3,0.06,0.12,0.3,0.15,0.6,0,0.37,0.2,0,9.59,0.17,0,10.49,0.24,0.93,0.8,1.42,0,0.56,0.77,0,0.35,0.55,2.58,0.75,9.37,8.07,0,0.93,0.23,0,0.82,0.19,0,0,0.52,0.18,0.25,0.43,0,0.66,3.49,2.29,6.01,0,0,0.93,0.13,0,1.9,0.12,0,15.99,0.18,0.73,0.67,0.92,0.56,0.76,0.63,0,0,0,0,2.55,0,6.14,0.38,3.9,20.73,44.63,34.65,1.67,26.87,0.38,0.08,14.1,1,1.09,0.51,1.16,41.9,2.6,2022-VA-10,2022,202201,N-23,2238.60739,0.0145612093133925,6043.45409134824,94,136,1,90.56,14.37,NA,0.3143,0.0876,0,59.33373,-171.84187,79,-0.5,3,EBS,6
3.4,0.14,0.1,0.22,0.12,0.51,0,0.22,0.27,0,11.02,0.06,0,22.18,0.22,0.55,0.56,1.04,0,0.37,0.41,0,0.18,0.83,2.13,0.4,7.93,9.82,0.13,0.34,0.1,0,0.77,0.26,0,0,0.27,0,0.99,0.32,0.13,0.32,0,0.59,5.91,0,0,0,0,0,1.5,0,0,16.75,0,0.43,0.52,0.7,0.24,0.88,0.54,0,0,0.06,0,1.57,0,3.86,0.13,2.83,20.68,49.47,29.85,1.44,24.21,0.23,0.04,8.15,0.77,2.01,0.47,0.81,22.37,4.33,2022-VA-100,2022,202201,T-27,214.652205,0.0161836593900333,44098.88040769817,94,192,2,49.8,0,42,0.311,0.1177,0,61.32121,-175.00831,87,-0.6,4,EBS,9
3.52,0.13,0.09,0.24,0.13,0.5,0,0.22,0.22,0,9.69,0.07,0,20.17,0.22,0.54,0.55,1.02,0,0.39,0.4,0,0.21,0.67,2.05,0.52,7.07,10.54,0.14,0.51,0.13,0,0.65,0.24,0,0,0.29,0,0.74,0.28,0,0.55,2.7,0.61,6.6,0,0,0.41,0.11,0,1.54,0.06,0,15.74,0.1,0.58,0.57,0.5,0.09,0.95,0.48,0,0,0,0,1.75,0,4.37,0.17,2.8,19.3,51.05,29.66,1.54,23.9,0.28,0.04,11.56,0.65,2.08,0.44,0.67,27.14,3.6,2022-VA-101,2022,202201,T-27,214.652205,0.0161836593900333,44098.88040769817,94,192,2,56.48,0,60,0.3225,0.1085,0,61.32121,-175.00831,87,-0.6,4,EBS,9
2.66,0.1,0.07,0.15,0.08,0.51,0,0.15,0.11,0,11.4,0.04,0,22.51,0.2,0.41,0.45,1,0,0.33,0.35,0,0.19,0.88,2.24,0.47,7.19,10.84,0.1,0.33,0.09,0,0.63,0.27,0,0,0.27,0,1.44,0.32,0.14,0.38,0,1.03,6.2,0,0,0,0,0,1.42,0.04,0,16.48,0,0.28,0.56,0.87,0.25,0.94,0.5,0,0,0,0,1.36,0,3.77,0,2.2,19.75,50.69,29.56,1.5,24.16,0.23,0.04,8.94,0.63,1.98,0.42,0.66,15.63,4.37,2022-VA-102,2022,202201,U-26,591.469659,0.0142289277097176,193499.45731466817,94,194,2,51.46,0,48,0.3188,0.1062,0,61.66746,-174.47425,76,-1.4,4,EBS,9
2.52,0.1,0.08,0.16,0.11,0.52,0,0.16,0.08,0,11.2,0.07,0,21.44,0.19,0.44,0.43,0.9,0,0.33,0.35,0,0.25,0.79,2.4,0.46,7.5,9.33,0.14,0.44,0.08,0,0.57,0.28,0,0,0.28,0,1.23,0.33,0.15,0.26,2.73,0.9,6.48,0,0,0.36,0,0,1.53,0.03,0,16.27,0,0.25,0.51,0.68,0.11,0.94,0.52,0,0,0,0,1.39,0,3.58,0.19,2.23,19.5,51.37,29.12,1.49,23.52,0.22,0.04,11.55,0.57,1.91,0.46,0.8,17.37,4.55,2022-VA-103,2022,202201,U-26,591.469659,0.0142289277097176,193499.45731466817,94,194,2,47.62,0,42,0.3015,0.1094,0,61.66746,-174.47425,76,-1.4,4,EBS,9
3.45,0.06,0.23,0.32,0.13,0.58,0,0.34,0.23,0,12.23,0.14,0,15.7,0.23,0.76,0.78,1,0,0.33,0.35,0,0.3,0.69,2.9,0.8,8.79,7.35,0.1,0.59,0.16,0,0.67,0.19,0,0,0.44,0,1.18,0.52,0.17,0.36,0,1.7,4.73,0,0,0,0.15,0,1.55,0,0,17.08,0,0.99,1.01,1.06,0.31,0.55,0.61,0,0,0,0,2.37,0,5.51,0.32,3.45,23.27,43.73,32.99,1.42,27.42,0.32,0.05,9.49,0.67,1.28,0.38,1.2,13.28,3.1,2022-VA-104,2022,202202,BB-02,10185.542612,0.01339783010350785,50799.9836347978,94,25,2,43.82,0,30,0.3433,0.1122,0,64.01357,-167.57013,33,3.6,9,NBS,13
3.6,0.08,0.07,0.15,0.06,0.67,0,0.19,0.09,0,12.99,0.07,0,18.22,0.2,0.53,0.42,1.12,0,0.31,0.41,0,0.18,0.81,2.86,0.61,7.4,6.58,0.13,0.71,0.11,0,0.57,0.28,0,0,0.35,0,0.93,0.24,0.12,0.23,2.69,1.45,5.47,0,0,0,0,0,1.34,0.06,0,17.6,0,0.91,0.52,0.71,0.34,0.43,0.67,0,0,0,0,2.16,0,4.12,0.23,2.41,23.19,45.97,30.84,1.33,25.95,0.23,0.04,11.76,0.57,1.4,0.52,1.12,19.54,4.27,2022-VA-105,2022,202202,BB-01,6274.013709,0.01302795444467055,199449.72336489536,94,24,1,51.48,10.55,58,0.31,0.1154,1,64.02313,-168.29402,35,3.5,9,NBS,13
2.14,0,0,0,0,0.39,0,0.3,0,0,10.93,0,0,7.55,0,1.01,0.73,0.29,0,0.62,0.55,0,0.96,0,0,0.33,7,10.88,0,1.17,0.26,0,0.77,0.32,0,0,0,0,0.74,0,0,2.69,2.31,2.42,0,0,0,0,0,0,3.97,0,0,21.99,0,1.53,1.48,1.01,0,0.43,0.44,0,0,0,0,2.45,0,12.35,0,3.05,16.41,35.68,47.91,2.92,41.6,0.56,0.08,8.75,0.77,0.69,0.32,0.64,10.24,1.78,2022-VA-106,2022,202202,CC-02,33409.338234,0.0125999182658085,150245.04921885912,94,22,1,54.22,9.53,NA,0.3143,0.062,0,64.34441,-167.5762,31,2.7,9,NBS,13
4.17,0.07,0.09,0.27,0.11,0.64,0,0.31,0.14,0,10.59,0.25,0,11.4,0.27,0.68,0.56,0.94,0,0.33,0.62,0,0.36,0.42,2.43,0.82,9.24,7.88,0.04,0.87,0.13,0,0.96,0.18,0,0,0.35,0,0.83,0.21,0.12,0.28,3.52,2.36,5.02,0,0,0,0,0,1.4,0.11,0,14.85,0,1.32,1.57,0.76,0.31,0.5,0.56,0,0,0,0,1.97,0,8.83,0.36,3.03,21.36,45.79,32.85,1.54,27.79,0.59,0.06,14.56,0.96,1.08,0.48,1.17,13.74,1.68,2022-VA-107,2022,202202,BB-02,10185.542612,0.01339783010350785,50799.9836347978,94,25,2,41,0,24,0.3069,0.1071,0,64.01357,-167.57013,33,3.6,9,NBS,13
3.44,0.06,0.09,0.23,0.1,0.59,0,0.25,0.15,0,12.81,0.13,0,13.41,0.22,0.59,0.5,0.87,0,0.35,0.63,0,0.33,0.58,2.78,0.64,9.81,7.09,0.11,0.6,0.1,0,0.82,0.19,0,0,0.3,0,0.97,0.17,0.15,0.25,3.19,1.72,4.53,0,0,0,0,0,1.23,0.11,0,15.6,0,1.45,1.07,0.75,0.37,0.4,0.61,0,0,0.06,0,1.94,0,7.35,0.32,2.76,22.86,45.13,32.01,1.4,27.15,0.47,0.05,12.71,0.82,1.05,0.55,1.38,13.76,2.12,2022-VA-108,2022,202202,BB-01,6274.013709,0.01302795444467055,199449.72336489536,94,24,2,40.63,0,NA,0.3081,0.1117,0,64.02313,-168.29402,35,3.5,9,NBS,13
3.91,0.08,0.06,0.12,0.05,0.61,0,0.18,0.16,0,12.72,0.07,0,18.15,0.21,0.45,0.39,1.07,0,0.22,0,0,0.21,0.87,2.8,0.39,6.12,4.26,0.11,0.42,0.08,0,0.44,0.29,0,0,0.29,0,1.2,0.56,0.13,0.24,2.94,1.27,5.25,0,0,0,0,0,1.39,0,0,20.25,0,1.83,0.96,0.46,0.04,0.18,0.75,0,0,0.11,0,1.42,0,5.84,0.39,2.2,22.92,42.9,34.18,1.49,29.92,0.29,0.03,12.72,0.44,1.43,0.35,1.44,15.1,3.47,2022-VA-109,2022,202202,BB-01,6274.013709,0.01302795444467055,199449.72336489536,94,24,2,41.98,0,24,0.3259,0.1141,0,64.02313,-168.29402,35,3.5,9,NBS,13
3.09,0.07,0.07,0.3,0.14,0.55,0,0.34,0.31,0,10.32,0.18,0,13.08,0.2,0.74,0.71,1.43,0,0.4,0.41,0,0.3,0.51,2.57,0.83,8.34,7.42,0.11,0.63,0.18,0,0.72,0.23,0,0,0.54,0.16,0.36,0.57,0,0.71,3.45,1.39,5.75,0,0,0.77,0.18,0,0,0.08,0,19.47,0.22,0.32,0.61,1.1,0.41,0.72,0.78,0,0,0,0,1.97,0,6.06,0.21,3.5,21.2,43.69,35.1,1.66,29.89,0.31,0.05,12.62,0.88,1.27,0.35,1.12,36.69,3.21,2022-VA-11,2022,202201,N-23,2238.60739,0.0145612093133925,6043.45409134824,94,136,1,74.13,10.66,NA,0.3711,0.1055,0,59.33373,-171.84187,79,-0.5,3,EBS,6
4.54,0.09,0.08,0.13,0.06,0.57,0,0.14,0.19,0,11.87,0.18,0,16.95,0.2,0.41,0.31,1.41,0,0.26,0,0,0.21,0.99,2.85,0.69,7.94,5.71,0.12,0.46,0.07,0,0.59,0.29,0,0,0.31,0,1.13,0.55,0.15,0.25,3.31,1.77,5.43,0,0,0,0,0,1.2,0.04,0,17.66,0,1.5,0.99,0.56,0.14,0.3,0.72,0,0,0.06,0,1.31,0,5.01,0.3,2.08,22.99,46.17,30.84,1.34,26.33,0.28,0.04,13.54,0.59,1.43,0.37,1.39,14.95,3.52,2022-VA-110,2022,202202,BB-02,10185.542612,0.01339783010350785,50799.9836347978,94,25,2,41.69,0,NA,0.3568,0.1325,0,64.01357,-167.57013,33,3.6,9,NBS,13
4.35,0.08,0.11,0.27,0.13,0.55,0,0.29,0.39,0,11.83,0.31,0,17.7,0.23,0.64,0.66,1.53,0,0.27,0.27,0,0.24,0.68,2.6,1.06,7.43,7.76,0.13,0.59,0.1,0,0.73,0.24,0,0,0.46,0,1.15,0.66,0,0.59,3.23,1.59,4.45,0,0,0,0,0,1.03,0.04,0,15.78,0,0.91,0.83,0.29,0.15,0.27,0.69,0,0,0.06,0,2.04,0,4.36,0.23,3.2,23.59,46.86,29.55,1.25,24.88,0.28,0.04,11.31,0.73,1.5,0.31,0.96,15.44,3.62,2022-VA-111,2022,202202,BB-02,10185.542612,0.01339783010350785,50799.9836347978,94,25,2,43.21,0,30,0.3195,0.1156,0,64.01357,-167.57013,33,3.6,9,NBS,13
2.73,0.15,0.09,0.59,0.53,0.7,0,0.88,0.86,0,13.83,0.18,0,21.04,0.52,1.37,1.74,1.11,0,0.52,0.98,0,0.39,0.78,0,0.58,6.37,6.49,0.19,0.7,0,0,1.04,0.31,0,0,0,0,0.89,0.37,1.35,0,0,0.86,1.98,0,0,0,0,0,2.18,0,0,17.38,0,0.53,0.44,0.69,0,0.23,0.52,0,0,0,0,2.78,0,5.15,0,7.19,26.36,40.65,32.99,1.25,27.11,0.3,0.06,4.5,1.04,1.52,0.83,0.98,23.54,3.37,2022-VA-112,2022,202202,AA-02,8028.832075,0.0130962446942877,33918.100216449864,94,26,2,53.39,0,NA,0.3785,0.1057,0,63.68443,-167.53972,28,4,9,NBS,13
3.62,0.07,0.1,0.39,0.13,0.61,0,0.4,0.23,0,11.58,0.14,0,13.9,0.22,0.76,0.79,0.97,0,0.34,0.63,0,0.23,0.49,2.98,0.72,9.86,8.62,0.1,0.64,0.16,0,0.72,0.2,0,0,0.48,0,0.79,0.52,0,0.52,3.33,2.04,4.55,0,0,0,0,0,1.35,0,0,14.45,0,0.98,1.02,0.53,0,0.24,0.65,0,0,0,0,2.34,0,6.29,0.3,3.65,22.87,47.06,30.07,1.31,25.26,0.43,0.05,12.45,0.72,1.2,0.4,1.14,17.6,2.3,2022-VA-113,2022,202202,BB-02,10185.542612,0.01339783010350785,50799.9836347978,94,25,2,43.15,0,NA,0.3029,0.0855,0,64.01357,-167.57013,33,3.6,9,NBS,13
4.27,0.07,0.09,0.26,0.11,0.74,0,0.27,0.3,0,11.9,0.09,0,14.97,0.24,0.61,0.57,1.07,0,0.3,0.32,0,0.31,0.7,0,0.4,8.37,5.66,0.13,0.65,0,0,0.65,0.23,0,0,0.39,0,1.03,0.25,0.81,0,4.02,2.43,4.94,0,0,0,0,0,1.43,0,0,16.64,0,2.92,1.65,0.65,0.13,0,0.71,0,0,0,0,1.62,0,6.61,0.46,3.17,21.28,47.68,31.04,1.46,26.92,0.4,0.05,16.6,0.65,1.26,0.52,1.48,14.53,2.52,2022-VA-114,2022,202202,BB-01,6274.013709,0.01302795444467055,199449.72336489536,94,24,2,43.33,0,28,0.3287,0.1021,0,64.02313,-168.29402,35,3.5,9,NBS,13
2.07,0,0,0.21,1.48,0.66,0,0.87,0.2,0,8.23,0.12,0,7.9,0.3,1.04,1.02,0.88,0,0.52,0.52,0,0.85,0.17,0,0.62,7.96,7.74,0,0.87,0.23,0,0.78,0.28,0,0,0,0,0.55,0.31,0,5.01,0,2.25,4.1,0,0,0,0,0,2.73,0,0,20.72,0,1.58,1.34,1.94,0,0.52,0.65,0,0,0,0,2.08,0,9.88,0.82,5.99,17.18,37.53,45.29,2.64,39.74,0.48,0.09,11.2,0.78,0.96,0.22,1.03,14.32,2.1,2022-VA-115,2022,202202,CC-02,33409.338234,0.0125999182658085,150245.04921885912,94,22,2,40.49,0,22,0.337,0.0867,0,64.34441,-167.5762,31,2.7,9,NBS,13
2.62,0.12,0.09,0.39,0.27,0.52,0,0.46,0.55,0,12.58,0.11,0,16.74,0.3,0.87,1.03,1.01,0,0.48,0.85,0,0.39,0.74,2.68,0.5,10.52,9.26,0.14,0.6,0.16,0,0.99,0.24,0,0,0,0,1.12,0.24,0,0.56,2.57,1.52,3.93,0,0,0,0,0,1.54,0,0,13.36,0,0.56,0.62,0.4,0.38,0.9,0.46,0,0,0,0,1.86,0,4.67,0.12,4.57,23.57,47.98,28.45,1.21,22.42,0.35,0.06,9.6,0.99,1.33,0.6,1.14,14.91,2.86,2022-VA-116,2022,202202,AA-02,8028.832075,0.0130962446942877,33918.100216449864,94,26,2,47.31,0,36,0.33,0.1246,0,63.68443,-167.53972,28,4,9,NBS,13
3.34,0.09,0,0.41,0.17,0.6,0,0.53,0.18,0,9.37,0.1,0,11.07,0.29,0.82,0.93,1.05,0,0.45,0.73,0,0.46,0.59,0,0.95,8.15,7.89,0,1.07,0.15,0,1.1,0.28,0,0,0.48,0,0.89,0.45,0,1.77,3.69,2.89,4.97,0,0,0,0,0,1.67,0,0,14.6,0,2.78,1.73,1.12,0.52,1.1,0.42,0,0,0,0,1.66,0,7.94,0.52,4.1,17.96,47.23,34.81,1.94,27.74,0.54,0.08,17.18,1.1,1.18,0.35,1.03,12.46,1.84,2022-VA-117,2022,202202,BB-02,10185.542612,0.01339783010350785,50799.9836347978,94,25,2,44.75,0,30,0.349,0.0933,0,64.01357,-167.57013,33,3.6,9,NBS,13
2.76,0.11,0.09,0.33,0.24,0.57,0,0.45,0.38,0,13.29,0.18,0,16.32,0.3,0.85,0.95,0.99,0,0.42,0.48,0,0.33,0.77,3.23,0.59,9.51,7.55,0.12,0.56,0.11,0,0.91,0.22,0,0,0,0,1.33,0.2,0.13,0.16,2.77,1.26,3.85,0,0,0,0,0,1.54,0.05,0,15.64,0,0.56,0.48,0.57,0.36,0.65,0.56,0,0,0,0,2.2,0,4.92,0.13,4.2,24.7,44.86,30.43,1.23,25.19,0.31,0.05,9.49,0.91,1.23,0.54,1.26,12.23,3.18,2022-VA-118,2022,202202,AA-02,8028.832075,0.0130962446942877,33918.100216449864,94,26,1,50.49,8.51,NA,0.416,0.1679,0,63.68443,-167.53972,28,4,9,NBS,13
3.74,0.06,0.14,0.29,0.12,0.63,0,0.33,0.33,0,12.07,0.12,0,17.06,0.24,0.68,0.68,1.19,0,0.33,0,0,0.33,0.9,2.79,0.57,6.96,6.99,0.13,0.57,0.15,0,0.65,0.25,0,0.02,0.46,0,1.52,0.58,0.15,0.37,2.69,1.74,4.3,0,0,0,0,0,1.26,0.07,0,17.09,0,1.05,1.16,0.54,0.22,0.26,0.69,0,0,0.03,0,1.98,0,5.51,0,3.39,23.41,44.27,32.32,1.38,27.55,0.32,0.04,11.48,0.65,1.41,0.31,1,11.26,3.1,2022-VA-119,2022,202202,BB-02,10185.542612,0.01339783010350785,50799.9836347978,94,25,2,42.02,0,24,0.2903,0.1029,0,64.01357,-167.57013,33,3.6,9,NBS,13
5.76,0.09,0.09,0.07,0.04,0.53,0,0.12,0.06,0,11.21,0,0,18.61,0.25,0.39,0.11,1.84,0,0.18,1.21,0,0.25,1.6,2,0.27,4.41,5.6,0.05,0.21,0.08,0,2.34,0.35,0,0,0.32,0,2.59,0.67,0,0.47,1.17,0.88,3.56,0,0,0.83,0.07,0,0.9,0,0,21.3,0.11,0,0.22,0.45,0.23,0.29,0.92,0,0,0.27,0,0.68,0,6.15,0.18,1.51,22.52,35.96,41.53,1.84,32.37,0.29,0.09,6.28,2.34,1.66,0.45,0.79,7.18,3.46,2022-VA-12,2022,202201,M-19,5291.9719780000005,0.01334221746820875,824.4506601852592,94,112,2,51.4,0,NA,0.326,0.1077,0,58.98863,-169.17239,54,1.6,3,EBS,6
4.19,0.05,0.08,0.21,0.1,0.59,0,0.22,0.21,0,11.69,0.1,0,12.37,0.23,0.58,0.51,0.94,0,0.37,0.3,0,0.28,0.5,2.76,0.53,7.34,5.37,0.11,0.62,0.1,0,0.79,0.19,0,0,0.34,0,0.86,0.19,0.7,0,4.54,2.19,5.76,0,0,0,0,0,1.43,0.06,0,16.36,0,2.34,1.28,0.81,0.31,0.81,0.68,0,0,0.06,0,2.15,0,7.42,0.39,2.78,23.1,44.09,32.81,1.42,27.81,0.45,0.04,16.93,0.79,1.06,0.44,1.37,14.44,2.21,2022-VA-120,2022,202202,BB-01,6274.013709,0.01302795444467055,199449.72336489536,94,24,2,40.65,0,26,0.4566,0.1503,0,64.02313,-168.29402,35,3.5,9,NBS,13
3,0.06,0.05,0.23,0.16,0.76,0,0.37,0.17,0,12.9,0.07,0,20.08,0.22,0.71,0.81,0.97,0,0.29,0.31,0,0.19,0.8,0,0.41,5.27,5.29,0.14,0.45,0.13,0,0.62,0.27,0,0,0.37,0,1.34,0,0,0.63,2.94,1.07,6.09,0,0,0,0,0,1.81,0,0,21.56,0,0.79,0.73,0.26,0,0.27,0.84,0,0,0,0,1.69,0,4.92,0,3.49,20.41,43.85,35.74,1.75,31.16,0.23,0.04,11.88,0.62,1.56,0.39,1,15.03,4.38,2022-VA-128,2022,202202,AA-01,15797.927533,0.0123563785045932,263429.9061646593,94,38,1,53.58,10.79,NA,0.3158,0.0946,1,63.66443,-168.27987,31,2.5,8,NBS,12
2.07,0.05,0,0.14,0.07,0.43,0,0.18,0.11,0,8.97,0.09,0,11.7,0.18,0.61,0.53,1.06,0,0.52,0.4,0,0.25,0.81,2.38,0.49,8.05,11.4,0.09,0.51,0.12,0,0.76,0.28,0,0,0.33,0.19,0.71,0.33,0.12,0.32,2.91,1.56,7.72,0,0,0.73,0.14,0,1.69,0.12,0,18.81,0,0.24,0.75,0.78,0.12,1.26,0.68,0,0,0.2,0,2.2,0,5.68,0.19,2.59,17.22,46.65,36.13,2.1,28.96,0.3,0.07,13.95,0.95,1.31,0.48,0.71,16.52,3.31,2022-VA-13,2022,202201,N-22,1761.418855,0.0147892139459064,5138.880286537238,94,137,1,82.5,12.78,186,0.3664,0.1054,0,59.32165,-171.17434,74,-0.2,3,EBS,6
2.73,0.08,0.12,0.51,0.4,0.75,0,0.64,0.35,0,14.78,0.22,0,15.46,0.34,1.17,1.4,1.11,0,0.42,0.82,0,0.41,0.7,0,0.72,11.17,8.34,0.11,0.61,0.18,0,0.92,0.17,0,0,0,0,1.17,0.24,0,0.67,3.59,1.12,0,0,0,0,0,0,1.74,0,0,16.35,0,0,0.43,1,0.22,0.52,0.65,0,0,0,0,2.43,0,5.24,0,5.63,24.33,43.23,32.44,1.33,26.92,0.32,0.06,6.14,0.92,1.05,0.58,1.34,13.22,3.12,2022-VA-130,2022,202202,Y-18,1792.98277,0.0122583670149237,646489.4957339738,94,27,2,52.88,0,52,0.3436,0.0971,0,62.86239,-168.82471,39,0.6,8,NBS,12
3.84,0.09,0.07,0.14,0.05,0.59,0,0.17,0.13,0,11.93,0.08,0,18.99,0.22,0.44,0.35,1.15,0,0.25,0,0,0.21,1.1,2.81,0.36,6.88,5.79,0.14,0.48,0,0,0.61,0.3,0,0,0.3,0,1.35,0.62,0.16,0.21,2.21,1.41,4.55,0,0,0,0,0,1.38,0.04,0,20.13,0,1.1,0.86,0.47,0.08,0.24,0.72,0,0,0,0,1.34,0,5.5,0.17,2.11,22.09,43.78,34.13,1.55,29.5,0.27,0.04,10.6,0.61,1.59,0.38,1.19,14.05,3.66,2022-VA-133,2022,202202,BB-01,6274.013709,0.01302795444467055,199449.72336489536,94,24,2,42.38,0,30,0.311,0.1085,0,64.02313,-168.29402,35,3.5,9,NBS,13
3.73,0.1,0.09,0.2,0.07,0.55,0,0.2,0.14,0,11.07,0.1,0,14.6,0.23,0.53,0.42,1.12,0,0.31,0,0,0.28,0.93,3,0.51,8.73,7.33,0.11,0.59,0.15,0,0.68,0.27,0,0,0.35,0,1.27,0.16,0.22,0.22,3.35,2.16,5.44,0,0,0,0,0,1.45,0.07,0,16.41,0,1.72,1.09,0.69,0.27,0.49,0.67,0,0,0.05,0,1.44,0,6.06,0.4,2.41,21.64,47.14,31.22,1.44,26.42,0.37,0.04,14.45,0.68,1.32,0.39,1.19,11.47,2.71,2022-VA-134,2022,202202,BB-01,6274.013709,0.01302795444467055,199449.72336489536,94,24,2,43.22,0,30,0.3409,0.1193,0,64.02313,-168.29402,35,3.5,9,NBS,13
2.71,0.08,0.1,0.38,0.25,0.55,0,0.45,0.28,0,13.27,0.1,0,16.4,0.27,0.79,0.95,1.11,0,0.33,0.8,0,0.28,0.69,2.76,0.48,9.65,7.72,0.13,0.57,0.18,0,0.79,0.2,0,0,0.42,0,1.2,0.52,0,0.54,2.41,1.27,3.94,0,0,0,0.12,0,1.54,0.07,0,15.48,0,0.54,0.58,0.6,0.32,0.48,0.52,0,0,0,0,2.1,0,4.92,0.16,3.99,23.92,44.93,31.15,1.3,25.1,0.32,0.06,9.34,0.79,1.24,0.46,1.25,13.7,3.15,2022-VA-135,2022,202202,AA-01,15797.927533,0.0123563785045932,263429.9061646593,94,38,1,50.29,8.59,52,0.2952,0.1103,0,63.66443,-168.27987,31,2.5,8,NBS,12
3.22,0.09,0.12,0.36,0.22,0.53,0,0.42,0.4,0,13.55,0.11,0,15.52,0.25,0.77,0.89,0.87,0,0.35,0.39,0,0.28,0.77,3.14,0.59,9.86,7.74,0.11,0.55,0.13,0,0.64,0.21,0,0,0.38,0,1.01,0.51,0.47,0,2.8,1.72,3.71,0,0,0,0,0,1.3,0,0,14.97,0,0.99,0.99,0.34,0.31,0.57,0.53,0,0,0,0,1.82,0,5.27,0.23,3.94,25.27,45.63,29.1,1.15,23.89,0.35,0.05,10.55,0.64,1.15,0.5,1.27,15.36,2.84,2022-VA-137,2022,202202,AA-01,15797.927533,0.0123563785045932,263429.9061646593,94,38,2,45.85,0,36,0.3226,0.0999,0,63.66443,-168.27987,31,2.5,8,NBS,12
3.89,0.08,0.12,0.34,0.2,0.63,0,0.38,0.26,0,11.9,0.16,0,15.26,0.26,0.77,0.81,1.16,0,0.32,0.37,0,0.3,0.78,2.8,0.64,8.54,6.79,0.12,0.61,0.16,0,0.79,0.2,0,0,0.37,0,1.02,0,0,0.81,3.08,1.71,4.51,0,0,0,0,0,1.37,0.04,0,16.01,0,1.32,1.17,0.69,0.28,0.54,0.58,0,0,0.04,0,1.9,0,5.71,0.22,3.71,23.53,45.21,31.26,1.33,26.37,0.36,0.05,12.5,0.79,1.28,0.43,1.26,15.02,2.8,2022-VA-138,2022,202202,AA-01,15797.927533,0.0123563785045932,263429.9061646593,94,38,2,51.82,0,48,0.3194,0.0975,0,63.66443,-168.27987,31,2.5,8,NBS,12
2.97,0.07,0.08,0.11,0.07,0.58,0,0.18,0.1,0,13.37,0.07,0,18.45,0.18,0.42,0.44,1.19,0,0.25,0,0,0.23,0.98,2.21,0.32,10.5,6.42,0.13,0.45,0.06,0,0.62,0.23,0,0,0.31,0,2.19,0.28,0.1,0.13,2.1,1.4,4.73,0,0,0,0,0,1.62,0.05,0,17.43,0,0.44,0.55,0.41,0.17,0.33,0.63,0,0,0.02,0,1.5,0,4.71,0.23,2.16,22.07,46.46,31.48,1.43,26.86,0.27,0.04,9.62,0.62,1.38,0.32,1.64,8.44,3.7,2022-VA-139,2022,202202,X-18,1241.546511,0.0127555389481179,145992.47805791633,94,28,1,61.99,10.11,92,0.3046,0.1113,0,62.66556,-168.8891,35,-0.1,7,NBS,10
3.41,0.16,0,0.16,0.74,0.57,0,0.36,0.18,0,11.15,0,0,10.03,0.31,0.58,0.83,1.81,0,0.36,1.05,0,0.8,1.08,2.83,0.39,7.02,6.27,0.12,0.5,0.24,0,1.49,0.31,0,0,0.5,0,1.84,0.72,0,0.86,2.02,1.5,3.06,0,0,0.94,0,0.11,1.74,0.16,0,20.61,0.27,0,0.54,0.48,0,0.27,1.05,0,0,0,0,0.97,0,8.87,0.72,3.79,23.53,32.98,43.49,1.85,35.16,0.43,0.12,7.6,1.49,0.9,0.49,1.12,5.46,2.32,2022-VA-14,2022,202201,K-01,13816.46472,0.0157000925023635,191.08167671931733,94,97,2,45.47,0,NA,0.3202,0.0946,0,58.31114,-167.83477,61,0.8,3,EBS,6
3.7,0.08,0.14,0.43,0.28,0.61,0,0.5,0.6,0,12.88,0.11,0,15.77,0.32,0.9,1.09,1.09,0,0.33,0.8,0,0.31,0.57,2.55,0.52,8.68,6.71,0.13,0.65,0.16,0,0.72,0.18,0,0,0.41,0,0.88,0.21,0,0.64,2.88,1.8,2.94,0,0,0,0,0,1.24,0,0,15.18,0,1.54,1.03,1.3,0.32,0.4,0.5,0,0,0,0,1.99,0,5.61,0.31,4.74,25.05,44.85,30.11,1.2,25.11,0.37,0.05,11.5,0.72,1.22,0.52,1.29,17.94,2.7,2022-VA-141,2022,202202,AA-01,15797.927533,0.0123563785045932,263429.9061646593,94,38,2,43.71,0,32,0.3369,0.1035,0,63.66443,-168.27987,31,2.5,8,NBS,12
3.68,0.11,0.11,0.41,0.26,0.6,0,0.49,0.46,0,11.05,0.24,0,14.72,0.3,0.9,1.05,1.07,0,0.31,0.66,0,0.31,0.52,2.69,0.78,8.74,7.35,0.12,0.62,0.19,0,0.94,0.23,0,0,0,0,0.81,0.21,0,0.57,3.84,2.4,4.49,0,0,0.56,0,0,1.51,0.07,0,14.25,0,1.66,1.05,0.53,0.4,0.63,0.61,0,0,0,0,2.29,0,4.9,0.31,4.47,23.07,47.26,29.67,1.29,23.81,0.34,0.05,13.97,0.94,1.33,0.5,1.19,18.11,2.91,2022-VA-142,2022,202202,AA-01,15797.927533,0.0123563785045932,263429.9061646593,94,38,2,46.35,0,38,0.3236,0.1095,0,63.66443,-168.27987,31,2.5,8,NBS,12
2.69,0.09,0.1,0.63,0.42,0.69,0,0.78,0.42,0,13.39,0.15,0,16.53,0.39,1.17,1.42,1.12,0,0.33,0.68,0,0.13,0.47,0,0.69,8.97,7.36,0.13,0.61,0,0,0.74,0.15,0,0,0.36,0,1,0.18,0,0.63,2.93,1.49,4.38,0,0,0,0,0,1.85,0,0,16.6,0,0.57,0.46,0.25,0.07,0.26,0.7,0,0,0,0,2.55,0,5.47,0,5.85,23.13,45.01,31.85,1.38,27.08,0.33,0.04,10.08,0.74,1.23,0.42,1.22,16.5,3.03,2022-VA-143,2022,202202,Y-18,1792.98277,0.0122583670149237,646489.4957339738,94,27,1,51.23,8.46,50,0.3429,0.1022,0,62.86239,-168.82471,39,0.6,8,NBS,12
2.89,0.08,0.1,0.62,0.44,0.69,0,0.86,0.47,0,13.17,0.13,0,15.15,0.37,1.16,1.45,1.54,0,0.36,0.39,0,0.19,0.79,0,0.44,9.11,7.28,0.12,0.6,0.17,0,0.82,0.18,0,0,0,0,1.24,0.46,0.44,0,2.42,1.51,3.75,0,0,0,0,0,1.88,0,0,16.86,0,0.46,0.69,0.87,0.25,0.33,0.64,0,0,0,0,2.75,0,5.89,0,6.04,24.15,43.01,32.84,1.36,27.56,0.35,0.05,9.7,0.82,1.15,0.48,1.25,12.21,2.86,2022-VA-144,2022,202202,Y-18,1792.98277,0.0122583670149237,646489.4957339738,94,27,2,51.39,0,46,0.3171,0.095,0,62.86239,-168.82471,39,0.6,8,NBS,12
2.92,0.06,0.11,0.44,0.25,0.53,0,0.5,0.26,0,14.5,0.1,0,17.46,0.26,0.83,1.02,0.8,0,0.31,0.7,0,0.18,0.5,2.67,0.5,11.14,7.64,0.13,0.58,0.17,0,0.78,0.18,0,0,0.42,0,0.91,0.27,0.13,0.18,2.46,1.27,3.71,0,0,0,0,0,1.35,0,0,14.77,0,0.39,0.59,0.51,0.17,0.26,0.52,0,0,0,0,1.82,0,4.62,0.12,4.15,25.22,46.96,27.81,1.1,23.01,0.31,0.04,8.92,0.78,1.2,0.48,1.46,19.23,3.19,2022-VA-145,2022,202202,AA-01,15797.927533,0.0123563785045932,263429.9061646593,94,38,1,50.06,8.14,NA,0.2988,0.116,0,63.66443,-168.27987,31,2.5,8,NBS,12
2.95,0.07,0.08,0.28,0.17,0.66,0,0.39,0.22,0,14.34,0.12,0,16.46,0.22,0.75,0.75,0.94,0,0.35,0.39,0,0.18,0.71,3.1,0.55,9.32,6.3,0.12,0.48,0.09,0,0.7,0.18,0,0,0.32,0,1.33,0.2,0,0.34,2.71,1.46,5.6,0,0,0,0,0,1.56,0.07,0,16.55,0,0.55,0.22,0.42,0.23,0.41,0.67,0,0,0,0,2.09,0,4.3,0.09,3.57,24.96,44.71,30.33,1.21,25.53,0.26,0.04,10.96,0.7,1.15,0.41,1.48,12.36,3.85,2022-VA-146,2022,202202,Y-18,1792.98277,0.0122583670149237,646489.4957339738,94,27,1,52.69,8.94,56,0.3194,0.125,0,62.86239,-168.82471,39,0.6,8,NBS,12
3.41,0.1,0.12,0.42,0.37,0.72,0,0.57,0.41,0,14.07,0.16,0,18.1,0.36,1.08,1.23,1.36,0,0.42,0,0,0.35,0.93,0,0.61,8.19,7.08,0.17,0.61,0,0,0.93,0.27,0,0,0.33,0,1.6,0.37,0,0.94,2.58,0.91,0,0,0,0,0,0,2.17,0,0,19.04,0,0,0.51,1.32,0,0.22,0.8,0,0,0,0,1.88,0,5.31,0,5.21,24.15,40.72,35.13,1.45,29.91,0.28,0.04,5.32,0.93,1.29,0.29,1.16,11.32,3.59,2022-VA-147,2022,202202,Y-18,1792.98277,0.0122583670149237,646489.4957339738,94,27,2,50.97,0,46,0.3218,0.0857,0,62.86239,-168.82471,39,0.6,8,NBS,12
3.32,0.06,0.07,0.27,0.2,0.65,0,0.38,0.3,0,11.08,0.08,0,16.96,0.28,0.76,0.82,1,0,0.34,0.35,0,0.34,0.72,0,0.51,5.53,5.67,0.15,0.59,0.12,0,0.71,0.3,0,0,0.31,0,1.32,0.27,0,1.4,3.06,2.24,5.01,0,0,0,0,0,1.78,0,0,19.64,0,1.64,1.27,0.46,0.21,0.48,0.71,0,0,0,0,1.87,0,6.47,0.28,3.71,19.17,43.82,37.01,1.93,31.75,0.33,0.05,13.69,0.71,1.53,0.32,0.97,12.84,3.04,2022-VA-148,2022,202202,AA-01,15797.927533,0.0123563785045932,263429.9061646593,94,38,2,56.06,0,60,0.3226,0.0776,0,63.66443,-168.27987,31,2.5,8,NBS,12
3.1,0.18,0.15,0.24,0.69,0.54,0,0.28,0.19,0,10.5,0.15,0,13.08,0.23,0.61,0.65,1.72,0,0.35,1.43,0,0.61,1.5,2.89,0.7,7.42,6.23,0.13,0.39,0.12,0,1.02,0.33,0,0,0.57,0.15,1.64,0.73,0.26,0.36,2.75,0.8,3.46,0,0,0.51,0.09,0.08,1.47,0,0,19.75,0.28,0.21,0.51,0.84,0.43,0.63,0.84,0,0,0.29,0,1.33,0.08,5.87,0.64,3.56,22.65,37.69,39.67,1.75,30.54,0.3,0.13,8.56,1.17,1.25,0.72,1.19,7.97,3.36,2022-VA-15,2022,202201,I-18,20840.70064,0.0144576781357008,3804.206974575452,94,94,2,49.17,0,NA,0.2689,0.0849,0,57.65536,-168.40507,70,1,2,EBS,5
3.77,0.08,0.1,0.1,0.06,0.58,0,0.14,0.09,0,14.36,0.06,0.08,19.42,0.2,0.39,0.37,1.43,0,0.26,0,0,0.22,1.35,2.06,0.34,10.08,5.35,0.12,0.4,0.06,0,0.55,0.23,0,0,0.26,0,2.62,0.26,0.1,0.2,2.21,0.97,4.38,0,0,0,0,0,1.43,0,0,17.3,0,0.22,0.49,0.57,0.14,0.27,0.64,0,0,0.05,0,1.28,0,4.16,0.17,2,23.81,45.17,31.02,1.3,26.41,0.24,0.04,8.84,0.55,1.35,0.38,1.88,7.41,4.16,2022-VA-150,2022,202202,X-18,1241.546511,0.0127555389481179,145992.47805791633,94,28,1,55.27,10.56,70,0.3173,0.1202,0,62.66556,-168.8891,35,-0.1,7,NBS,10
2.83,0.09,0.11,0.47,0.31,0.6,0,0.59,0.39,0,14.36,0.16,0,17.54,0.33,1,1.13,1.25,0,0.36,0.43,0,0.2,0.8,2.67,0.58,9.1,7.85,0.14,0.51,0.1,0,0.82,0.2,0,0,0.34,0,1.3,0.22,0,0.3,2.53,0.75,3.59,0,0,0,0,0,1.35,0,0,16.14,0,0.13,0.38,0.55,0.12,0.45,0.71,0,0,0,0,1.88,0,4.36,0,4.85,26.05,44.25,29.7,1.14,24.88,0.27,0.04,7.94,0.82,1.22,0.44,1.16,13.46,3.71,2022-VA-151,2022,202202,Y-18,1792.98277,0.0122583670149237,646489.4957339738,94,27,1,54.04,9,62,0.3381,0.1245,0,62.86239,-168.82471,39,0.6,8,NBS,12
3.65,0.14,0.05,0.11,0.04,0.25,0,0.08,0.17,0,10.9,0.02,0,19.34,0.17,0.27,0.07,2.88,0,0.13,0,0.06,0.19,2.55,2.08,0.1,7.23,8.24,0.12,0.41,0.08,0,0.52,0.33,0,0,0.31,0,1.84,0.89,0.22,0.12,0.58,0.9,2.48,0,0,0,0,0,1.03,0.05,0,24.6,0,0.12,0.4,0.42,0.02,0.08,0.94,0,0,0.06,0,0.71,0,3.92,0.12,1.18,20.99,40.77,38.24,1.82,32.38,0.16,0.08,4.9,0.52,1.77,0.67,0.88,10.52,6.28,2022-VA-152,2022,202202,CC-01,20141.912865000002,0.0118590438846297,41023.86201897347,94,23,1,54.58,9.07,NA,0.3307,0.1294,0,64.33917,-168.36378,39,4.2,9,NBS,13
3.65,0.07,0.12,0.3,0.15,0.58,0,0.34,0.29,0,12.8,0.1,0,16.51,0.25,0.65,0.68,1.09,0,0.29,0.32,0,0.16,0.74,2.62,0.56,9.3,6.51,0.13,0.57,0.1,0,0.8,0.19,0,0,0.4,0,1.25,0.55,0.4,0,3.1,1.7,4.18,0,0,0,0,0,1.21,0.07,0,15.55,0,1.42,0.91,0.3,0.05,0.2,0.67,0,0,0.04,0.08,1.77,0,5.98,0.24,3.29,23.93,45.91,30.15,1.26,25.54,0.38,0.04,11.62,0.8,1.29,0.37,1.43,13.17,2.6,2022-VA-153,2022,202202,BB-01,6274.013709,0.01302795444467055,199449.72336489536,94,24,2,40.31,0,24,0.3037,0.1079,0,64.02313,-168.29402,35,3.5,9,NBS,13
2.53,0.06,0.09,0.36,0.25,0.69,0,0.51,0.26,0,12.7,0.1,0,14.24,0.28,0.92,0.98,0.87,0,0.37,0.72,0,0.22,0.56,2.87,0.54,9.43,6.99,0.12,0.55,0.15,0,0.71,0.19,0,0,0.37,0,1.1,0.21,0.58,0,3.54,2.02,6.37,0,0,0,0,0,1.7,0.08,0,14.27,0,1.06,0.73,0.8,0.22,0.5,0.61,0,0,0,0,2.12,0,5.25,0.25,4.33,23.93,47.1,28.97,1.21,23.65,0.37,0.05,14.51,0.71,1.12,0.55,1.35,13,2.72,2022-VA-154,2022,202202,Y-18,1792.98277,0.0122583670149237,646489.4957339738,94,27,2,51.51,0,46,0.3224,0.1059,0,62.86239,-168.82471,39,0.6,8,NBS,12
2.41,0.06,0.06,0.38,0.26,0.7,0,0.52,0.2,0,12.94,0.13,0,14.4,0.27,0.89,1.04,0.94,0,0.44,0.71,0,0.27,0.58,2.89,0.68,6.83,7.36,0.11,0.5,0.09,0,0.75,0.24,0,0,0.39,0,1.27,0.17,0,0.35,3.67,1.41,5.98,0,0,0,0,0,1.95,0,0,18.09,0,0.71,0.59,0.59,0.25,0.77,0.76,0,0,0,0,1.12,0,5.1,0.18,4.44,23.67,43.47,32.86,1.39,26.96,0.28,0.05,12.96,0.75,1.11,0.48,0.93,11.37,3.55,2022-VA-155,2022,202202,Y-18,1792.98277,0.0122583670149237,646489.4957339738,94,27,1,52.97,9.42,58,0.304,0.0986,0,62.86239,-168.82471,39,0.6,8,NBS,12
2.74,0.09,0.13,0.62,0.46,0.68,0,0.78,0.37,0,13.73,0.14,0,18.24,0.38,1.16,1.52,0.99,0,0.33,0.51,0,0.2,0.81,0,0.61,10.11,6.83,0.14,0.58,0.14,0,0.72,0.14,0,0,0.2,0,1.4,0.26,0,0.68,2.68,1.15,3.72,0,0,0,0,0,1.58,0,0,15.83,0,0.49,0.52,0.84,0.21,0.28,0.6,0,0,0,0,1.93,0,4.49,0,5.91,23.46,46.56,29.97,1.28,25.12,0.28,0.04,9.41,0.72,1.33,0.43,1.48,13.07,3.53,2022-VA-156,2022,202202,Y-18,1792.98277,0.0122583670149237,646489.4957339738,94,27,2,55.44,0,60,0.3461,0.1007,0,62.86239,-168.82471,39,0.6,8,NBS,12
2.7,0.08,0.07,0.11,0.06,0.61,0,0.2,0.08,0,13.33,0.07,0,15.96,0.18,0.49,0.42,1.01,0,0.32,0.35,0,0.2,0.79,2.47,0.33,9.67,6.75,0.12,0.47,0.07,0,0.67,0.22,0,0,0.32,0,1.85,0.22,0.1,0.27,2.83,1.48,6.7,0,0,0,0,0,1.73,0.04,0,16.83,0,0.37,0.56,0.55,0.22,0.38,0.68,0,0,0.03,0,1.53,0,5.23,0.27,2.29,21.98,46.39,31.63,1.44,26.63,0.31,0.04,12.49,0.67,1.2,0.37,1.43,8.64,3.22,2022-VA-158,2022,202202,X-18,1241.546511,0.0127555389481179,145992.47805791633,94,28,1,55.41,12.2,72,0.3266,0.122,1,62.66556,-168.8891,35,-0.1,7,NBS,10
3.48,0.2,0.11,0.2,0.97,0.62,0,0.3,0.2,0,9.42,0.12,0,13.31,0.24,0.56,0.66,1.94,0,0.32,1.38,0,0.8,1.57,3.07,0.62,7.59,5.44,0.13,0.44,0.16,0,1,0.36,0,0,0.48,0.16,1.72,0.65,0.36,0.41,2.33,0.84,3.25,0,0,0.57,0.08,0.08,1.42,0,0,20.27,0.38,0.18,0.59,1.07,0.59,0.63,0.91,0,0,0.31,0,1.01,0,5.67,0.87,3.82,22.73,37.13,40.14,1.77,30.94,0.28,0.14,8.26,1.16,1.41,0.76,1.39,7.73,3.57,2022-VA-16,2022,202201,I-18,20840.70064,0.0144576781357008,3804.206974575452,94,94,2,49.47,0,NA,0.2707,0.0817,0,57.65536,-168.40507,70,1,2,EBS,5
2.72,0.08,0.08,0.47,0.34,0.61,0,0.59,0.39,0,13.22,0.11,0,15.72,0.34,1.05,1.28,1.23,0,0.42,0.44,0,0.32,0.81,0,0.56,8,9.5,0.13,0.58,0.12,0,0.97,0.26,0,0,0,0,1.53,0.24,0.65,0,2.64,0.89,4.18,0,0,0,0,0,1.7,0,0,18.21,0,0.26,0.48,0.97,0.19,0.66,0.69,0,0,0.11,0,0.98,0,5.31,0,5.14,23.04,44.44,32.52,1.41,27.04,0.29,0.05,9.41,0.97,1.19,0.51,0.84,10.28,3.43,2022-VA-160,2022,202202,Y-18,1792.98277,0.0122583670149237,646489.4957339738,94,27,1,50.53,8.66,54,0.307,0.0967,0,62.86239,-168.82471,39,0.6,8,NBS,12
3.15,0.06,0.05,0.11,0.06,0.56,0,0.18,0.15,0,9.88,0.14,0,13.82,0.21,0.57,0.48,1.32,0,0.51,0.89,0,0.3,0.86,2.91,0.66,6.86,8.9,0.12,0.52,0.14,0,0.91,0.3,0,0,0.42,0,1.01,0.49,0,0.77,3.34,2.07,8.08,0,0,0.57,0.13,0,0,0.09,0,16.99,0.12,0.91,0.74,0.73,0.49,1.08,0.76,0,0,0.26,0,1.56,0,4.77,0,2.61,20.06,47.15,32.79,1.63,26.26,0.28,0.08,15.86,0.91,1.4,0.51,0.77,13.74,3.56,2022-VA-17,2022,202201,P-22,1141.778273,0.0142794404938185,15686.889139456724,94,142,1,84.01,11.15,222,0.3803,0.1104,0,59.98028,-171.2998,68,-0.2,4,EBS,9
5.69,0.09,0.12,0.24,0.11,0.79,0,0.36,0.14,0,12.82,0.11,0,16.81,0.28,0.77,0.66,1.6,0,0.34,1.1,0,0.33,1.04,2.9,0.47,7.24,7.48,0.15,0.61,0.16,0,1.28,0.27,0,0,0.47,0.21,1.47,0.3,0.16,0.26,2.54,1.33,5.23,0,0,0.78,0.06,0,1.01,0,0,13.85,0,0.25,0.41,0.62,0.37,0.55,0.68,0,0,0,0,1.03,0,4.27,0.2,3.41,26.66,43.85,29.49,1.11,22.1,0.31,0.08,10.38,1.49,1.31,0.56,0.97,11.46,3.24,2022-VA-18,2022,202201,M-20,13442.757468,0.01444634633164635,761.4382036448386,94,117,2,53.74,0,NA,0.2703,0.0874,0,59.0026,-169.83127,63,0.9,3,EBS,6
3.07,0.07,0.06,0.1,0.06,0.58,0,0.17,0.13,0,9.87,0.13,0,13.9,0.2,0.55,0.42,1.35,0,0.52,0.9,0,0.3,0.87,2.67,0.68,6.75,8.1,0.1,0.47,0.15,0,0.85,0.23,0,0,0.44,0.19,1.07,0.46,0,0.72,3.58,1.45,7.53,0,0,0.62,0.12,0,1.94,0,0,18.26,0,0.39,0.82,0.48,0.14,1.06,0.74,0,0,0,0,1.78,0,4.82,0.1,2.54,19.57,44.76,35.67,1.82,27.88,0.26,0.08,14.25,1.04,1.41,0.51,0.83,12.99,3.79,2022-VA-19,2022,202201,P-22,1141.778273,0.0142794404938185,15686.889139456724,94,142,1,71.89,10.38,148,0.3733,0.1049,0,59.98028,-171.2998,68,-0.2,4,EBS,9
3.52,0,0.15,0.26,1.23,0.53,0,0.3,0.08,0.01,8.58,0.1,0,14.57,0.29,0.5,0.58,0.06,0,0.33,1.53,0.1,1.24,1.7,2.89,0,7.1,5.88,0.02,0.13,0,0.07,0.91,0.02,0.37,0,0.48,0.19,1.73,0.56,0,1.76,1.92,0.78,2.42,0,0.03,0.57,0.09,0,1.76,0.08,0.43,22.55,0,0.23,0.59,0.65,0.17,0.33,0.91,0,0,0.07,0.16,1.13,0,5.29,0.67,3.92,18.88,35.59,45.53,2.41,35.45,0.23,0.2,6.59,1.1,1.7,0.97,1.21,8.43,4.27,2022-VA-2,2022,202201,I-18,20840.70064,0.0144576781357008,3804.206974575452,94,94,2,50.31,0,NA,0.2795,0.0857,0,57.65536,-168.40507,70,1,2,EBS,5
3.91,0,0.13,0.33,1.45,0.48,0,0.41,0.21,0,7.18,0.07,0,13.81,0.35,0.64,0.75,1.62,0,0.35,1.22,0,1.02,1.27,3.32,0.61,6.24,5.18,0.13,0.53,0.22,0,1.22,0.42,0,0,0.44,0,1.81,0.67,0.41,0.94,2.43,0.85,2.18,0,0,0.7,0.08,0.14,1.81,0.1,0,21.24,0.64,0.36,0.76,1.05,0.29,0.36,0.91,0,0,0.31,0,1.27,0,5.61,1.58,4.63,21.85,36.25,41.9,1.92,32.9,0.26,0.14,7.62,1.22,1.92,0.61,1.2,7.65,3.78,2022-VA-20,2022,202201,IH1918,28599.468991,0.0145816081350786,205.73862445137152,94,93,2,50.38,0,NA,0.3022,0.0852,0,57.48975,-168.7529,72,1.3,2,EBS,5
3.12,0.11,0.06,0.19,0.12,0.56,0,0.23,0.66,0,10.93,0.12,0,15.9,0.22,0.66,0.55,1.51,0,0.44,0,0,0.28,1.09,2.77,0.5,6.78,7.83,0.13,0.5,0.11,0,0.74,0.28,0,0,0.45,0,0.92,0.63,0.19,0.39,2.64,1.48,5.83,0,0,0.53,0.15,0,1.36,0.08,0,18.43,0.12,0.65,0.59,0.41,0.19,0.82,0.79,0,0,0.21,0,1.76,0,4.77,0.22,3.4,22.15,43.85,34,1.53,27.43,0.26,0.05,11.6,0.74,1.45,0.39,0.87,17.31,3.86,2022-VA-21,2022,202201,O-22,1469.71153,0.0139526733302055,20712.87653344232,94,138,1,73,11.05,128,0.3243,0.1006,0,59.66689,-171.25353,71,-0.2,3,EBS,6
2.22,0,0,0.23,0.52,0.59,0,0.42,0.16,0,8.06,0.13,0,5.34,0.25,0.89,0.87,1.25,0,0.46,0.58,0,0.56,0.21,3.02,0.4,10.35,7.03,0,0.93,0.26,0,0.98,0.31,0,0,0.48,0.24,0.3,0.22,0.23,0.87,5.08,3.35,5.89,0,0,1.24,0.12,0,2.57,0.16,0,12.77,0.32,2.78,1.25,1.42,0.67,0.76,0.52,0,0,0.18,0,2.62,0,9.15,0.81,4.15,19.24,45,35.75,1.86,27.2,0.72,0.09,19.76,1.21,0.66,0.37,1.47,17.6,1.39,2022-VA-22,2022,202201,JI2120,7198.663193,0.0143734547870595,904.4450476655043,94,107,1,93.06,16.66,NA,0.3229,0.0679,0,57.82862,-169.97711,72,0.5,2,EBS,5
3.2,0.07,0.07,0.17,0.1,0.54,0,0.22,0.36,0,10.51,0.12,0,13.67,0.21,0.65,0.53,1.16,0,0.41,0,0,0.28,0.95,2.47,0.63,7.95,8.54,0.12,0.52,0.12,0,0.83,0.26,0,0,0.42,0,0.9,0.51,0.17,0.26,2.81,1.68,6.39,0,0,0.63,0.13,0,1.38,0.06,0,18.22,0,0.65,0.63,0.69,0.24,0.85,0.81,0,0,0.24,0,1.84,0,5.62,0.22,2.97,20.55,44.89,34.55,1.68,28,0.31,0.05,12.85,0.83,1.3,0.37,0.93,15.11,3.24,2022-VA-23,2022,202201,O-22,1469.71153,0.0139526733302055,20712.87653344232,94,138,1,73.13,10.12,124,0.3662,0.1154,0,59.66689,-171.25353,71,-0.2,3,EBS,6
5.82,0.1,0.12,0.17,0.1,0.75,0,0.23,0.12,0,11.87,0.12,0,15.69,0.34,0.56,0.61,1.42,0,0.35,0.97,0,0.36,0.99,2.49,0.61,6.91,6.68,0.13,0.53,0.15,0,2.09,0.32,0,0,0.33,0,1.57,0.25,0,0.52,2.67,1.11,5.21,0,0,0.93,0.1,0,1.16,0.14,0,14.64,0,0.22,0.36,0.74,0.4,0.64,0.74,0,0,0.34,0,1.09,0.04,6.02,0.19,2.89,24.63,41.62,33.75,1.37,25.09,0.41,0.08,10.31,2.09,1.32,0.44,1.03,9.97,2.43,2022-VA-24,2022,202201,N-20,7431.377933,0.014743351437738,14228.08110393819,94,116,2,50.48,0,NA,0.3066,0.108,0,59.32724,-169.88624,61,0.8,3,EBS,6
3.67,0.09,0.09,0.1,0.07,0.56,0,0.18,0.1,0,11.51,0.13,0,15.33,0.2,0.5,0.41,1.34,0,0.35,1.11,0,0.35,1.27,2.74,0.65,8.44,7.31,0.11,0.44,0.11,0,1.16,0.26,0,0,0.43,0,1.37,0.57,0.17,0.17,3.04,1.13,5.78,0,0,0.72,0.1,0.04,1.46,0.12,0,16.3,0,0.29,0.51,0.53,0.24,0.9,0.67,0,0,0.11,0,1.27,0,5.26,0.23,2.28,21.83,44.2,33.96,1.56,25.51,0.32,0.09,11.27,1.16,1.33,0.67,1.15,11.18,3.1,2022-VA-25,2022,202201,P-22,1141.778273,0.0142794404938185,15686.889139456724,94,142,2,57.41,0,NA,0.3637,0.1317,0,59.98028,-171.2998,68,-0.2,4,EBS,9
4.03,0.1,0.08,0.13,0.08,0.56,0,0.18,0.12,0,10.64,0.13,0,17.4,0.23,0.45,0.44,1.36,0,0.37,1.02,0,0.25,1.17,2.49,0.58,7.17,8.19,0.13,0.48,0.09,0,1.41,0.29,0,0,0.41,0,1.42,0.59,0.15,0.21,2.43,1.06,6.08,0,0,0.79,0.13,0,1.29,0.13,0,16.61,0.08,0.23,0.49,0.4,0.18,0.58,0.72,0,0,0,0,1.42,0,4.84,0.16,2.33,21.19,45.24,33.57,1.58,25.61,0.29,0.08,10.69,1.41,1.64,0.55,0.88,12.23,3.43,2022-VA-26,2022,202201,P-22,1141.778273,0.0142794404938185,15686.889139456724,94,142,1,70.75,10.18,124,0.3327,0.1208,0,59.98028,-171.2998,68,-0.2,4,EBS,9
5.19,0,0.07,0.07,0,0.53,0,0.12,0.07,0,11.82,0,0,17.29,0.24,0.45,0.11,1.98,0,0.23,0,0,0.31,1.32,2.4,0.32,5.69,6.22,0.09,0.14,0.1,0,2.37,0.36,0,0,0.28,0,2.22,0.32,0,0.81,1.27,0.94,3.64,0,0,0.79,0.07,0,1.1,0,0,20.64,0,0,0.26,0.93,0.3,0.35,0.87,0,0,0.41,0,0.79,0,6.29,0.2,1.59,22.99,37.3,39.71,1.73,31.94,0.3,0.05,7.03,2.37,1.46,0.25,0.92,7.79,3.28,2022-VA-27,2022,202201,M-19,5291.9719780000005,0.01334221746820875,824.4506601852592,94,112,2,46.02,0,NA,0.3016,0.0913,0,58.98863,-169.17239,54,1.6,3,EBS,6
2.97,0.05,0.08,0.32,0.18,0.55,0,0.43,0.21,0,10.49,0.16,0,10.23,0.23,0.96,0.83,1.27,0,0.49,0.66,0,0.29,0.41,2.96,0.75,9.85,8.92,0.05,0.84,0.19,0,0.77,0.21,0,0,0.47,0.18,0.37,0.44,0.18,0.39,3.71,2.14,5.49,0,0,0.89,0.14,0,2.25,0.15,0,15.27,0.12,0.77,0.83,0.82,0.25,0.67,0.53,0,0,0,0,2.47,0.05,5.6,0.47,3.97,22.06,45.34,32.6,1.48,25.24,0.37,0.06,13.76,0.95,0.98,0.45,1.1,27.45,2.73,2022-VA-28,2022,202201,PO2423,2587.166369,0.01429229508102,33492.30457994699,94,140,1,75.04,12.58,146,0.3194,0.0913,0,59.82478,-172.25274,75,-0.6,4,EBS,9
4.05,0.1,0.1,0.13,0.08,0.5,0,0.16,0.13,0,11.11,0.12,0,15.16,0.22,0.45,0.43,1.51,0,0.33,0.86,0,0.29,0.97,2.6,0.62,8.48,8.71,0.12,0.5,0.11,0,1.96,0.3,0,0,0.37,0,1.31,0.21,0,0.55,2.6,1.54,5.41,0,0,1.06,0.12,0.03,1.16,0.11,0,15.1,0,0.37,0.42,0.76,0.54,0.65,0.66,0,0,0.27,0,1.23,0,5.19,0.25,2.21,21.61,45.38,33.01,1.53,24.44,0.34,0.07,11.09,1.96,1.36,0.44,0.97,11.58,2.91,2022-VA-29,2022,202201,P-22,1141.778273,0.0142794404938185,15686.889139456724,94,142,2,56.36,0,58,0.361,0.1399,0,59.98028,-171.2998,68,-0.2,4,EBS,9
3.23,0,0.17,0.27,2.25,0.64,0,0.59,0.27,0,8.36,0.09,0,13.23,0.34,0.49,0.96,1.56,0,0.37,1.35,0,0.92,1.37,3.12,0.5,6.82,5.45,0.12,0.42,0.17,0,0.96,0.35,0,0,0.46,0.19,1.79,0.8,0.48,0.61,1.88,0.84,2.56,0,0,0.62,0.07,0.16,1.63,0,0,21.12,0.64,0,0.59,1.08,0.49,0.48,0.89,0,0,0,0,1.03,0,5.89,1.35,5.83,23.38,35.44,41.19,1.76,32.42,0.28,0.14,6.94,1.15,1.58,0.68,1.25,7.38,3.59,2022-VA-3,2022,202201,I-18,20840.70064,0.0144576781357008,3804.206974575452,94,94,2,52.4,0,NA,0.3103,0.092,0,57.65536,-168.40507,70,1,2,EBS,5
2.43,0.03,0.09,0.29,0.13,0.5,0,0.34,0.18,0,9.34,0.07,0,6.78,0.2,0.9,0.72,1.01,0,0.5,0.6,0,0.36,0.38,3.06,0.38,9.62,7.3,0.03,0.77,0.25,0,0.96,0.19,0,0,0.45,0.21,0.48,0.3,0.38,0,6.24,3.04,5.81,0,0,1.04,0.13,0.06,2.04,0.18,0,12.92,0.17,3.67,1.24,0.98,0.57,1.01,0.59,0,0,0,0,2.69,0.08,7.58,0.75,3.56,20.12,46.96,32.92,1.64,25,0.59,0.08,20.98,1.17,0.73,0.47,1.32,14.03,1.7,2022-VA-30,2022,202201,M-23,1888.310456,0.0140018327236557,16234.760440749686,94,135,1,92.7,18.74,328,0.3116,0.1128,0,58.99078,-171.77895,87,0.1,3,EBS,6
1.91,0,0,0.32,0.12,0.56,0,0.28,0,0,7.86,0,0,10.65,0.24,0.8,0.7,0.56,0,0.43,0.85,0,0.38,0.29,1.81,0.25,10.57,10.82,0,0.88,0.18,0,0.79,0.16,0,0,0.24,0.23,0.56,0.29,0.14,0.15,1.79,1.67,5.54,0,0,0.97,0,0,2.19,0.09,0,20.16,0,0.36,0.46,0.68,0.22,0.57,0.67,0,0,0.14,0,2.11,0,9.38,0,3.22,15.5,43.89,40.61,2.62,33.72,0.47,0.07,10.49,1.03,1.36,0.58,0.98,19.07,2.15,2022-VA-31,2022,202201,M-23,1888.310456,0.0140018327236557,16234.760440749686,94,135,1,71.72,11.92,138,0.3597,0.1198,0,58.99078,-171.77895,87,0.1,3,EBS,6
3.96,0.07,0.07,0.1,0.05,0.6,0,0.16,0.13,0,11.81,0.13,0,15.16,0.2,0.5,0.29,1.39,0,0.42,0,0,0.28,1.28,2.78,0.58,8.17,7.56,0.12,0.44,0.12,0,0.96,0.22,0,0,0.39,0,1.34,0.59,0.13,0.45,2.91,1.11,6.5,0,0,0.53,0.11,0,1.3,0,0,17.59,0.12,0.19,0.57,0.55,0.23,0.86,0.81,0,0,0.24,0,1.34,0,4.42,0.17,2.25,22.5,44.43,33.07,1.47,26.22,0.25,0.05,11.82,0.96,1.28,0.38,1.08,11.34,3.98,2022-VA-32,2022,202201,P-22,1141.778273,0.0142794404938185,15686.889139456724,94,142,1,73.24,10.9,NA,0.2984,0.1008,0,59.98028,-171.2998,68,-0.2,4,EBS,9
3.15,0.03,0.06,0.1,0.06,0.6,0,0.18,0.16,0,12,0.14,0,13.93,0.18,0.52,0.45,1.29,0,0.46,0.95,0,0.3,0.91,2.91,0.71,8.95,7.17,0.11,0.46,0.12,0,0.86,0.25,0,0,0.42,0,1.01,0.52,0.14,0.31,3.28,0.77,7.54,0,0,0.58,0.12,0,1.55,0.09,0,16.79,0,0.25,0.62,0.58,0.25,0.94,0.72,0,0,0.23,0,1.65,0,4.63,0,2.53,22.04,44.75,33.21,1.51,25.51,0.28,0.08,13.05,0.86,1.16,0.62,1.25,13.76,3.62,2022-VA-33,2022,202201,P-22,1141.778273,0.0142794404938185,15686.889139456724,94,142,1,79.32,12.53,174,0.3253,0.1014,0,59.98028,-171.2998,68,-0.2,4,EBS,9
3.1,0,0.12,0.09,0.05,0.53,0,0.17,0.03,0.01,11.73,0.13,0,17.13,0.22,0.45,0.23,0,0,0.32,1.03,0,0,1.69,2.47,0,9.43,7.06,0.01,0.09,0,0.04,0,0.06,0.24,0,0.41,0.2,1.65,0.48,1.6,0.8,2.14,0.94,4.08,0,0.03,0.54,0.1,0.03,1.35,0.11,0.42,18.58,0.06,0.2,0.34,0.3,0,0.58,0.76,0,0,0.03,0.11,0.98,0.04,5.28,0.19,1.87,20.91,42.38,36.7,1.75,28.88,0.28,0.12,8,0.2,1.46,1.02,1.34,10.4,3.52,2022-VA-34,2022,202201,P-22,1141.778273,0.0142794404938185,15686.889139456724,94,142,2,60.02,0,66,0.3154,0.1167,0,59.98028,-171.2998,68,-0.2,4,EBS,9
3.35,0.08,0.06,0.18,0.11,0.66,0,0.24,0.45,0,9.82,0.13,0,15.36,0.23,0.68,0.59,1.45,0,0.46,0.34,0,0.26,0.88,2.58,0.74,6.43,7.07,0.12,0.52,0.17,0,0.7,0.28,0,0,0.53,0.18,0.76,0.58,0.17,0.37,3.13,1.29,6.59,0,0,0.61,0.11,0,1.71,0.05,0,18.67,0.17,0.32,0.73,0.89,0.31,0.8,0.78,0,0,0.27,0,1.88,0.04,4.87,0.25,3.38,21.03,43.84,35.13,1.67,27.83,0.26,0.06,12.96,0.88,1.56,0.42,0.91,20.18,3.83,2022-VA-35,2022,202201,O-22,1469.71153,0.0139526733302055,20712.87653344232,94,138,1,74.69,11.27,144,0.3688,0.1116,0,59.66689,-171.25353,71,-0.2,3,EBS,6
3.71,0.09,0.07,0.14,0.08,0.58,0,0.18,0.19,0,10.35,0.14,0,14.99,0.22,0.5,0.46,1.46,0,0.44,0.97,0,0.29,0.98,2.65,0.71,6.89,7.56,0.12,0.55,0.1,0,1.01,0.27,0,0,0.46,0,0.97,0.56,0.13,0.27,3.04,1.09,6.42,0,0,0.64,0.14,0,1.58,0.1,0,18.37,0.09,0.36,0.62,0.47,0.23,0.83,0.73,0,0,0,0,1.7,0,5.3,0.19,2.57,21.04,43.44,35.52,1.69,27.74,0.29,0.08,11.99,1.01,1.45,0.61,0.91,15.38,3.47,2022-VA-36,2022,202201,P-22,1141.778273,0.0142794404938185,15686.889139456724,94,142,1,78.2,11.87,184,0.3473,0.1048,0,59.98028,-171.2998,68,-0.2,4,EBS,9
6.17,0.09,0.11,0.12,0.07,0.71,0,0.21,0.1,0,12.05,0.1,0,16.14,0.34,0.51,0.48,1.45,0,0.29,0.96,0,0.29,1.24,2.74,0.38,5.18,5.84,0.16,0.53,0.13,0,2.21,0.37,0,0,0.31,0,2.05,0.32,0,0.57,1.8,0.89,4.5,0,0,0.87,0.11,0,0.94,0.1,0,17.63,0,0,0.19,0.63,0.33,0.44,0.95,0,0,0.34,0,1.03,0,6.94,0.09,2.48,24.98,36.87,38.14,1.53,29.56,0.39,0.08,8.01,2.21,1.34,0.42,0.89,7.87,2.54,2022-VA-37,2022,202201,N-20,7431.377933,0.014743351437738,14228.08110393819,94,116,2,43.71,0,NA,0.2688,0.0903,0,59.32724,-169.88624,61,0.8,3,EBS,6
3.29,0.1,0.05,0.22,0.13,0.57,0,0.3,0.62,0,9.4,0.16,0,14.33,0.26,0.78,0.68,1.69,0,0.48,0.87,0,0.32,0.84,2.56,0.73,5.94,6.85,0.14,0.61,0.2,0,0.78,0.24,0,0,0.53,0.21,0.7,0.59,0,0.62,3.2,1.31,5.97,0,0,0.69,0.15,0,1.67,0.05,0,19.18,0,0.36,0.64,0.81,0.35,0.84,0.75,0,0,0.24,0,2.04,0,5.8,0.16,3.77,20.82,41.53,37.65,1.81,29.66,0.3,0.08,12.3,0.99,1.53,0.53,0.87,20.44,3.31,2022-VA-38,2022,202201,O-22,1469.71153,0.0139526733302055,20712.87653344232,94,138,1,85.92,13.37,202,0.308,0.0864,0,59.66689,-171.25353,71,-0.2,3,EBS,6
3.35,0.07,0.06,0.15,0.09,0.54,0,0.22,0.41,0,10.36,0.13,0,13.99,0.23,0.71,0.55,1.45,0,0.41,0,0,0.29,1.06,2.64,0.69,6.35,7.05,0.13,0.48,0.1,0,0.8,0.26,0,0,0.42,0,0.96,0.59,0,0.56,2.73,0.87,6.71,0,0,0.54,0.14,0,1.39,0.05,0,20.87,0.18,0.34,0.62,0.63,0.09,1.11,0.94,0,0,0,0.07,1.86,0,5.53,0.2,3.08,21.14,41.23,37.64,1.78,31.12,0.26,0.05,11.91,0.8,1.35,0.36,0.9,14.52,3.77,2022-VA-39,2022,202201,O-22,1469.71153,0.0139526733302055,20712.87653344232,94,138,1,78.46,11.95,176,0.3155,0.0937,0,59.66689,-171.25353,71,-0.2,3,EBS,6
1.31,0.03,0.05,0.15,0.11,0.35,0,0.17,0.1,0,11.37,0.04,0,7.75,0.14,0.58,0.5,0.84,0,0.53,0.38,0,0.25,0.75,3.61,0.35,11.93,9.77,0.07,0.44,0.29,0,0.91,0.21,0,0,0.35,0.19,0.76,0.15,0.32,0,3.11,2.21,7.66,0.08,0,0.47,0.1,0,1.51,0.06,0,17.96,0.09,0.3,0.74,0.55,0.11,1.41,0.77,0,0,0.04,0.05,1.94,0.04,5.76,0.28,2.48,20.09,45.41,34.51,1.72,27.75,0.32,0.07,14.57,1.11,0.68,0.48,1.22,10.2,3.12,2022-VA-4,2022,202201,N-19,3889.280431,0.0143473036177779,906.0936010228123,94,115,1,85.13,16.39,NA,0.3084,0.1082,0,59.34587,-169.22528,50,2.5,3,EBS,6
2.41,0.05,0.06,0.13,0.07,0.47,0,0.16,0.27,0,10.46,0.1,0,12.85,0.18,0.56,0.46,1.36,0,0.41,0.36,0,0.29,0.81,2.49,0.54,8.33,8.37,0.11,0.48,0.11,0,0.92,0.24,0,0,0.44,0.17,0.88,0.47,0.16,0.22,2.86,1.58,6.74,0,0,0.6,0.12,0,1.6,0.06,0,19.67,0.1,0.38,0.71,0.69,0.2,0.87,0.82,0,0,0.15,0,1.8,0,5.45,0.23,2.52,19.55,44.19,36.26,1.85,29.36,0.28,0.06,12.95,1.09,1.23,0.42,1,14.66,3.61,2022-VA-40,2022,202201,O-22,1469.71153,0.0139526733302055,20712.87653344232,94,138,1,77.42,11.01,164,0.3205,0.0979,0,59.66689,-171.25353,71,-0.2,3,EBS,6
3.33,0.05,0.07,0.14,0.07,0.57,0,0.18,0.11,0,11.01,0.08,0,14.13,0.18,0.51,0.45,1.15,0,0.45,0.44,0,0.31,0.87,2.52,0.54,8.09,9.31,0.1,0.47,0.12,0,0.78,0.18,0,0,0.3,0,1.13,0.16,0.15,0.28,3.11,1.35,7.06,0,0,0.53,0.09,0,1.73,0.09,0,16.26,0,0.46,0.64,0.48,0.09,1.43,0.72,0,0,0.16,0,1.55,0,5.77,0.23,2.49,20.69,46.3,33.01,1.59,26.11,0.36,0.06,13.1,0.78,1.28,0.55,0.87,12.5,2.82,2022-VA-41,2022,202201,Q-23,14041.844546,0.0130135724094684,1189789.816571397,94,149,2,54.39,0,52,0.3127,0.1079,0,60.34951,-172.06765,59,0.1,4,EBS,9
3.88,0.09,0.06,0.13,0.08,0.55,0,0.2,0.11,0,9.79,0.1,0,16.32,0.25,0.56,0.54,1.23,0,0.37,0,0,0.32,0.9,2.65,0.58,6.46,8.71,0.13,0.55,0.11,0,1.07,0.28,0,0,0.47,0.21,1.19,0.22,0.18,0.17,3.02,1.23,6.81,0,0,1.04,0.15,0.04,1.5,0.11,0,16.41,0.13,0.26,0.53,0.7,0.36,0.75,0.79,0,0,0.23,0,1.59,0.04,5.61,0.19,2.56,20.6,45.9,33.5,1.63,26.4,0.34,0.04,12.54,1.28,1.67,0.33,0.74,13.67,2.92,2022-VA-42,2022,202201,Q-22,723.924565,0.0138047175854676,10141.460637150574,94,143,1,76.53,12.17,172,0.3391,0.1005,0,60.32517,-171.3717,65,0,4,EBS,9
3.59,0.07,0.09,0.16,0.09,0.56,0,0.23,0.09,0,11.44,0.11,0,17.06,0.2,0.59,0.55,1.21,0,0.35,0.96,0,0.49,1.11,2.32,0.48,8.02,8.44,0.13,0.51,0.11,0,0.85,0.18,0,0,0.39,0,1.26,0.75,0.1,0.29,2.28,1.2,5.12,0,0,0.51,0.08,0,1.51,0.05,0,15.84,0.1,0.27,0.43,0.55,0.06,1.25,0.71,0,0,0.15,0,1.28,0.02,5.64,0.17,2.62,21.46,45.06,33.48,1.56,25.57,0.36,0.08,9.85,0.85,1.49,0.67,0.95,13.55,2.81,2022-VA-43,2022,202201,R-23,1338.208637,0.0146677708966041,166023.04311719222,94,148,2,51.15,0,NA,0.3141,0.103,0,60.68129,-172.11482,60,-0.2,4,EBS,9
2.68,0.1,0.08,0.15,0.09,0.49,0,0.18,0.14,0,10.85,0.06,0,18.21,0.21,0.53,0.46,1.01,0,0.38,0.36,0,0.27,0.95,2.33,0.5,7.86,9.45,0.13,0.45,0.14,0,0.64,0.23,0,0,0.27,0.17,1.13,0.18,0.15,0.08,2.57,1.04,6.14,0,0,0.33,0.09,0.03,1.45,0.09,0,16.85,0,0.34,0.5,0.45,0.1,1.39,0.56,0,0,0.12,0,1.57,0,5.34,0.14,2.41,19.56,48.14,32.3,1.65,26.05,0.32,0.05,11.04,0.81,1.68,0.55,0.83,16.13,3.15,2022-VA-44,2022,202201,R-26,286.614231,0.013987965863223,67629.99561553323,94,156,2,55.66,0,NA,0.3103,0.0991,0,60.67961,-174.14472,86,-0.5,4,EBS,9
3.05,0.03,0.06,0.16,0.13,0.53,0,0.23,0.19,0,10.1,0.06,0,16.04,0.21,0.64,0.63,1.1,0,0.49,0.41,0,0.3,0.83,2.29,0.63,6,9.16,0.14,0.47,0.1,0,0.7,0.28,0,0,0.29,0.16,0.87,0.45,0.13,0.26,2.82,0.59,6.68,0,0,0.41,0.11,0,1.8,0,0,18.82,0,0.31,0.59,0.72,0.14,1.48,0.63,0,0,0.22,0,2.26,0,5.18,0.14,3,19.7,44.61,35.69,1.81,28.47,0.28,0.05,11.71,0.86,1.59,0.49,0.65,18.49,3.63,2022-VA-45,2022,202201,R-26,286.614231,0.013987965863223,67629.99561553323,94,156,1,80.16,12.22,162,0.3382,0.0966,0,60.67961,-174.14472,86,-0.5,4,EBS,9
2.78,0.03,0.07,0.14,0.07,0.5,0,0.18,0.08,0,11.16,0.08,0,17.73,0.2,0.51,0.44,0.94,0,0.42,0.35,0,0.26,0.85,2.4,0.6,7.77,9.7,0.13,0.45,0.09,0,0.72,0.25,0,0,0.26,0.16,1.05,0.12,0,0.34,3.01,0.6,6.81,0,0,0.3,0.08,0.02,1.43,0.09,0,16.13,0.07,0.41,0.56,0.52,0.08,1.53,0.54,0,0,0.17,0.13,1.57,0,5.07,0.04,2.34,19.74,48.67,31.59,1.6,25.35,0.31,0.05,11.91,0.88,1.59,0.49,0.8,16.91,3.18,2022-VA-46,2022,202201,R-26,286.614231,0.013987965863223,67629.99561553323,94,156,2,49.03,0,40,0.3732,0.1467,0,60.67961,-174.14472,86,-0.5,4,EBS,9
3.43,0.08,0.09,0.19,0.11,0.55,0,0.24,0.1,0,10.6,0.11,0,15.55,0.21,0.61,0.58,1.22,0,0.38,0.97,0,0.48,1.06,2.2,0.52,8.77,8.49,0.13,0.52,0.12,0,0.89,0.18,0,0,0.43,0.2,1.24,0.71,0.12,0.19,2.36,1.48,5.36,0,0,0.57,0.08,0,1.55,0.1,0,15.83,0.09,0.38,0.53,0.55,0.09,1.37,0.69,0,0,0.21,0,1.35,0.02,5.97,0.18,2.76,20.53,45.2,34.27,1.67,26.04,0.38,0.09,10.65,1.08,1.47,0.64,1.03,12.55,2.65,2022-VA-47,2022,202201,R-23,1338.208637,0.0146677708966041,166023.04311719222,94,148,2,49.58,0,NA,0.3209,0.1219,0,60.68129,-172.11482,60,-0.2,4,EBS,9
3.42,0.09,0.11,0.21,0.13,0.52,0,0.24,0.12,0,11.23,0.09,0,17.31,0.22,0.59,0.61,1.24,0,0.32,1.02,0,0.46,1.14,2.12,0.48,9.11,8.84,0.14,0.49,0.1,0,0.77,0.17,0,0,0.39,0,1.17,0.76,0.12,0.2,2.12,1.27,4.72,0,0,0.45,0.07,0.03,1.47,0.06,0,15.09,0.13,0.29,0.45,0.66,0.07,1.3,0.69,0,0,0.29,0,1.28,0.03,5.43,0.16,2.75,21.16,46.46,32.38,1.53,24.38,0.36,0.08,9.51,0.77,1.54,0.74,1.03,14.82,2.78,2022-VA-48,2022,202201,R-23,1338.208637,0.0146677708966041,166023.04311719222,94,148,2,48.21,0,NA,0.3221,0.1142,0,60.68129,-172.11482,60,-0.2,4,EBS,9
2.65,0.07,0.05,0.14,0.1,0.53,0,0.19,0.14,0,10.91,0.06,0,19.03,0.23,0.5,0.53,1.19,0,0.53,0,0,0.34,1.31,2.43,0.43,5.4,9.75,0.14,0.46,0.08,0,0.72,0.27,0,0,0.31,0,1.42,0.22,0.13,0.19,2.34,0.43,6.09,0,0,0.36,0.09,0,1.76,0,0,19.07,0.06,0.21,0.51,0.32,0.12,1.35,0.67,0,0,0.14,0.06,1.39,0,4.59,0,2.66,20.11,45.44,34.45,1.71,27.73,0.24,0.05,9.89,0.72,1.74,0.52,0.55,13.39,4.16,2022-VA-49,2022,202201,R-23,1338.208637,0.0146677708966041,166023.04311719222,94,148,1,74.39,10.7,NA,0.3112,0.093,0,60.68129,-172.11482,60,-0.2,4,EBS,9
1.61,0,0.09,0.48,0.21,0.51,0,0.47,0.11,0,9.34,0.07,0,6.67,0.21,1.24,1.11,0.77,0,0.43,0.62,0,0.29,0.18,2.78,0.45,10.62,9.77,0,0.94,0.32,0,1.01,0.22,0,0,0,0.23,0.4,0.37,0.29,0.31,4.81,2.73,6.6,0.09,0,1.28,0.17,0,2.41,0.17,0,13.19,0.24,1.52,0.99,1.52,0.62,1.07,0.47,0,0,0,0,3.23,0,6.3,0.47,4.55,19.59,47.45,32.95,1.68,24.59,0.48,0.06,18.16,1.24,0.71,0.38,1.09,16.59,2.09,2022-VA-5,2022,202201,L-23,2697.565489,0.0139560687605196,111903.73355124217,94,134,1,76.8,15.33,186,0.3209,0.0896,1,58.66024,-171.7168,91,-0.2,3,EBS,6
2.47,0.06,0.06,0.16,0.08,0.57,0,0.21,0.1,0,10.77,0.11,0,12.47,0.19,0.57,0.49,0.96,0,0.43,0.76,0,0.34,0.64,2.66,0.74,9.61,9.77,0.1,0.49,0.11,0,0.95,0.18,0,0,0.31,0.19,0.93,0.39,0.28,0,3.49,1.39,7.28,0,0,0.56,0.09,0,1.8,0.11,0,15.17,0.1,0.44,0.59,0.62,0.08,1.52,0.69,0,0,0.18,0.04,1.69,0,5.82,0.18,2.61,19.9,47.54,32.56,1.64,24.98,0.38,0.07,13.82,1.14,1.16,0.57,0.98,13.48,2.61,2022-VA-50,2022,202201,Q-23,14041.844546,0.0130135724094684,1189789.816571397,94,149,2,50.95,0,42,0.3261,0.1108,0,60.34951,-172.06765,59,0.1,4,EBS,9
2.4,0.09,0.08,0.23,0.14,0.57,0,0.24,0.08,0,11.53,0.08,0,14.89,0.22,0.62,0.63,1.2,0,0.38,0,0,0.37,1.21,2.58,0.61,9.54,8.69,0.12,0.51,0.11,0,0.88,0.2,0,0,0.39,0,1.36,0.55,0,0.46,2.5,1.35,5.17,0,0,0.48,0.08,0,1.7,0,0,16.74,0,0.46,0.55,0.81,0.1,1.42,0.59,0,0,0.33,0,1.34,0.04,5.2,0.17,2.88,20.73,45.76,33.51,1.62,26.07,0.31,0.06,10.84,0.88,1.29,0.4,1.1,10.92,3.22,2022-VA-51,2022,202201,S-23,4073.492647,0.0137896716832875,103693.36651669347,94,147,2,52.25,0,46,0.3018,0.105,0,61.00486,-172.15955,62,-0.4,4,EBS,9
3.44,0.07,0.08,0.14,0.07,0.6,0,0.22,0.16,0,10.29,0.15,0,14.12,0.21,0.6,0.52,1.21,0,0.41,0.38,0,0.32,0.76,2.76,0.6,8.75,8.82,0.13,0.57,0.13,0,1.03,0.28,0,0,0.44,0,1.02,0.22,0.15,0.38,3.11,1.53,6.91,0,0,0.88,0.13,0.04,1.45,0.05,0,15.9,0,0.37,0.59,0.72,0.39,0.73,0.79,0,0,0.14,0,1.72,0,5.34,0.2,2.73,20.69,46.84,32.48,1.57,25.52,0.34,0.06,13.22,1.03,1.37,0.42,0.99,13.86,2.98,2022-VA-52,2022,202201,R-22,586.4959,0.013571120376594,2800.0635869046073,94,144,1,72.14,10.42,NA,0.3064,0.0907,0,60.65603,-171.43412,62,0.2,4,EBS,9
3.96,0.02,0.07,0.11,0.08,0.56,0,0.2,0.14,0,10.31,0.15,0,15.97,0.21,0.56,0.52,1.43,0,0.42,0,0,0.3,1.1,2.91,0.59,7.08,8.21,0.12,0.49,0.1,0,0.89,0.24,0,0,0.43,0,1.31,0.58,0.14,0.26,2.66,1.12,6.12,0,0,0.66,0.12,0,1.43,0.07,0,17.59,0,0.21,0.5,0.57,0.29,0.77,0.91,0,0,0.18,0,1.51,0,5.68,0.16,2.58,21.36,44.24,34.41,1.61,27.62,0.32,0.05,11.18,0.89,1.55,0.37,0.86,12.18,3.1,2022-VA-53,2022,202201,Q-22,723.924565,0.0138047175854676,10141.460637150574,94,143,1,83.19,11.75,220,0.3283,0.1071,0,60.32517,-171.3717,65,0,4,EBS,9
3.73,0.12,0.08,0.15,0.1,0.61,0,0.23,0.16,0,10.62,0.19,0,15.48,0.25,0.58,0.58,1.31,0,0.42,0,0,0.3,0.94,2.89,0.67,7.62,7.95,0.13,0.56,0.12,0,1,0.26,0,0,0.47,0,1.15,0.53,0,0.56,3.2,1.11,6.13,0,0,0.83,0.15,0.05,1.55,0.03,0,17.15,0.08,0.25,0.45,0.41,0.22,0.7,0.77,0,0,0,0,1.67,0,5.4,0.14,2.82,21.61,44.61,33.78,1.56,27.02,0.31,0.04,11.55,1,1.46,0.3,0.96,13.48,3.18,2022-VA-54,2022,202201,Q-22,723.924565,0.0138047175854676,10141.460637150574,94,143,1,84.07,12.55,216,0.3102,0.0974,0,60.32517,-171.3717,65,0,4,EBS,9
3.42,0.1,0.1,0.15,0.08,0.51,0,0.18,0.13,0,12.11,0.13,0,22.32,0.2,0.51,0.48,1.17,0,0.34,0.39,0,0.26,0.94,2.47,0.7,9.67,11.16,0.16,0.51,0.09,0,0.74,0.21,0,0,0.3,0.2,1.41,0.31,0.14,0.14,2.84,1.06,6.28,0,0,0.35,0,0,1.29,0,0,6.85,0,0.31,0.47,0.64,0.08,1.32,0.54,0,0,0.16,0,1.4,0,4.55,0.14,2.39,21.78,56.68,21.54,0.99,15.35,0.66,0.04,11.6,0.94,1.84,0.47,0.87,15.79,1.51,2022-VA-55,2022,202201,R-25,544.760502,0.0145482182792232,2062.108185635626,94,155,2,47.76,0,32,0.3092,0.1018,0,60.66665,-173.44639,64,3.2,4,EBS,9
2.53,0.05,0.05,0.14,0.1,0.52,0,0.22,0.12,0,9.54,0.06,0,16.97,0.22,0.6,0.58,1.02,0,0.54,0.33,0,0.34,0.79,2.28,0.45,4.98,10.33,0.14,0.48,0.13,0,0.63,0.28,0,0,0.23,0.17,0.88,0.43,0,0.62,2.65,0.74,7.01,0,0,0.44,0,0,1.65,0,0,19.1,0,0.37,0.64,0.75,0.12,1.33,0.69,0,0,0.15,0,1.99,0,5.46,0.14,2.82,18.25,45.98,35.77,1.96,29.26,0.29,0.05,12.15,0.79,1.78,0.43,0.48,19.23,3.5,2022-VA-56,2022,202201,R-26,286.614231,0.013987965863223,67629.99561553323,94,156,1,72.44,10.59,130,0.3151,0.0874,0,60.67961,-174.14472,86,-0.5,4,EBS,9
3.67,0.08,0.09,0.17,0.1,0.58,0,0.24,0.12,0,10.48,0.14,0,14.95,0.2,0.61,0.57,1.28,0,0.33,0.35,0,0.5,0.86,2.46,0.81,8.62,8.74,0.14,0.56,0.12,0,0.81,0.19,0,0,0.42,0,1.23,0.71,0.14,0.16,2.94,1.43,5.47,0,0,0.58,0.08,0.03,1.48,0.07,0,15.68,0,0.35,0.28,0.68,0.09,1.27,0.74,0,0,0.18,0,1.57,0,6.41,0.2,2.72,20.86,45.61,33.53,1.61,26.38,0.41,0.06,11.16,0.81,1.43,0.47,0.99,12.11,2.44,2022-VA-57,2022,202201,R-23,1338.208637,0.0146677708966041,166023.04311719222,94,148,2,48.21,0,36,0.3417,0.1134,0,60.68129,-172.11482,60,-0.2,4,EBS,9
1.6,0.03,0.06,0.28,0.18,0.53,0,0.4,0.14,0,10.07,0.08,0,6.06,0.2,1.1,0.94,0.95,0,0.44,0.58,0,0.3,0.15,2.92,0.38,11.79,8.41,0.03,1,0.28,0,0.99,0.15,0,0,0.47,0.21,0.35,0.33,0.25,0.21,3.13,3.73,5.3,0,0,1.3,0.13,0.06,2.84,0.12,0,13.46,0.18,1.5,1.11,1.37,0.81,0.69,0.49,0,0,0.1,0,3.22,0,7.97,0.63,4.01,20.06,44.78,35.16,1.75,26.33,0.59,0.06,16.14,1.21,0.6,0.35,1.4,17.45,1.69,2022-VA-58,2022,202201,O-23,899.851866,0.0149248049130708,51114.168958543436,94,139,1,71.07,12.97,150,0.3305,0.0975,0,59.66055,-171.86433,77,-0.7,3,EBS,6
2.36,0,0,0.15,0.09,0.51,0,0.19,0.13,0,10.08,0.07,0,13.94,0.22,0.69,0.55,1.2,0,0.59,0,0,0.5,0.75,2.78,0.51,4.57,10.65,0.13,0.53,0.13,0,0.74,0.27,0,0,0.3,0,1.3,0.3,0,0.42,2.93,1.36,7.79,0,0,0.56,0,0,2.49,0,0,17.38,0,0.41,0.79,0.53,0.1,1.98,0.67,0,0,0,0,1.95,0,6.19,0.21,2.89,19.31,44.64,36.05,1.87,28.41,0.36,0.05,13.8,0.74,1.38,0.36,0.43,10.72,2.81,2022-VA-59,2022,202201,S-23,4073.492647,0.0137896716832875,103693.36651669347,94,147,1,75.99,13.85,170,0.3873,0.0891,0,61.00486,-172.15955,62,-0.4,4,EBS,9
3.17,0.17,0.1,0.19,0.71,0.61,0,0.28,0.16,0,10.2,0.13,0,12.55,0.22,0.55,0.57,1.7,0,0.38,1.47,0,0.68,1.42,2.91,0.74,7.35,5.99,0.12,0.44,0.13,0,0.98,0.32,0,0,0.5,0.17,1.69,0.66,0.3,0.51,2.57,0.86,3.71,0,0,0.56,0.07,0.1,1.55,0,0,19.96,0.4,0.21,0.52,0.93,0.53,0.58,0.86,0,0,0.43,0,1.12,0,6.29,0.67,3.46,22.4,37.12,40.48,1.81,31.28,0.32,0.13,8.81,1.14,1.23,0.72,1.23,7.44,3.17,2022-VA-6,2022,202201,I-18,20840.70064,0.0144576781357008,3804.206974575452,94,94,2,53.77,0,NA,0.2087,0.0654,0,57.65536,-168.40507,70,1,2,EBS,5
3.02,0.07,0.06,0.12,0.07,0.63,0,0.2,0.16,0,10.31,0.17,0,15.1,0.21,0.57,0.49,1.34,0,0.41,0,0,0.33,0.88,2.76,0.64,7.36,7.69,0.13,0.55,0.13,0,0.91,0.22,0,0,0.49,0,1.01,0.6,0.15,0.39,3.66,1.43,7.01,0,0,0.73,0.09,0,1.59,0,0,17.74,0,0.46,0.74,0.84,0.33,0.79,0.73,0,0,0,0,1.75,0,4.7,0.27,2.64,20.29,46.33,33.39,1.65,26.65,0.27,0.04,14.14,0.91,1.46,0.32,0.96,14.99,3.77,2022-VA-60,2022,202201,Q-22,723.924565,0.0138047175854676,10141.460637150574,94,143,1,83.67,12.89,NA,0.3678,0.1023,0,60.32517,-171.3717,65,0,4,EBS,9
2.6,0.06,0.05,0.13,0.09,0.48,0,0.17,0.11,0,10.19,0.06,0,18.87,0.21,0.53,0.51,1.02,0,0.52,0,0,0.24,0.95,2.41,0.47,5.69,10.15,0.15,0.47,0.15,0,0.72,0.29,0,0,0.29,0.18,1.11,0.5,0.11,0.35,2.61,0.68,6.94,0,0,0.37,0,0,1.46,0,0,18.8,0,0.35,0.63,0.6,0.09,1.32,0.65,0,0,0.13,0,1.63,0,3.92,0,2.54,18.94,47.91,33.15,1.75,26.89,0.21,0.04,11.79,0.9,1.85,0.33,0.56,17.02,4.8,2022-VA-61,2022,202201,R-26,286.614231,0.013987965863223,67629.99561553323,94,156,1,76.71,11.31,158,0.3412,0.1109,0,60.67961,-174.14472,86,-0.5,4,EBS,9
3.11,0.11,0.09,0.14,0.1,0.48,0,0.2,0.14,0,10.71,0.12,0,19.09,0.2,0.51,0.49,1.16,0,0.37,0.36,0,0.25,0.92,2.26,0.73,8.48,9.69,0.16,0.51,0.09,0,0.74,0.19,0,0,0.28,0,1.26,0.32,0.11,0.29,2.77,1.06,5.7,0,0,0.39,0.08,0,1.31,0.03,0,15.22,0,0.36,0.44,0.64,0.08,1.37,0.53,0,0,0.16,0,1.44,0,4.65,0.13,2.42,19.87,50.16,29.96,1.51,23.66,0.31,0.05,10.96,0.74,1.78,0.48,0.88,15.19,3.27,2022-VA-62,2022,202201,S-25,390.88853,0.0150755928070506,279563.7481020918,94,154,2,48.69,0,NA,0.3292,0.118,0,60.99834,-173.48328,74,-0.8,4,EBS,9
4,0.1,0.07,0.08,0.05,0.54,0,0.16,0.1,0,10.66,0.15,0,16.89,0.23,0.45,0.43,1.28,0,0.36,0,0,0.24,1.2,2.75,0.58,7.15,7.66,0.14,0.47,0.1,0,1.02,0.27,0,0,0.41,0,1.47,0.23,0,0.46,2.73,1.11,6.09,0,0,0.69,0.13,0,1.28,0.04,0,18.21,0,0.21,0.44,0.65,0.31,0.71,0.82,0,0,0.15,0,1.37,0,5.23,0.12,2.17,20.96,44.7,34.34,1.64,27.84,0.29,0.05,11.24,1.02,1.58,0.36,0.93,11.5,3.48,2022-VA-63,2022,202201,Q-22,723.924565,0.0138047175854676,10141.460637150574,94,143,1,78.09,12.31,184,0.3374,0.1221,0,60.32517,-171.3717,65,0,4,EBS,9
2.6,0.07,0.05,0.13,0.09,0.52,0,0.17,0.15,0,10.43,0.05,0,16.54,0.21,0.55,0.53,1.11,0,0.54,0,0,0.41,0.96,2.49,0.46,5.37,9.94,0.15,0.49,0.1,0,0.82,0.25,0,0,0.27,0,1.33,0.23,0,0.46,2.63,1.33,6.82,0,0,0.42,0.08,0,1.91,0,0,18.1,0,0.55,0.64,0.4,0.1,1.54,0.7,0,0,0,0,1.74,0,5.38,0.18,2.68,19.38,45.81,34.81,1.8,28.12,0.3,0.05,12.37,0.82,1.59,0.4,0.54,12.46,3.36,2022-VA-64,2022,202201,S-23,4073.492647,0.0137896716832875,103693.36651669347,94,147,1,85.2,13.62,198,0.3328,0.0947,0,61.00486,-172.15955,62,-0.4,4,EBS,9
3.43,0.1,0.08,0.16,0.11,0.51,0,0.2,0.23,0,11.14,0.12,0,20.43,0.23,0.5,0.5,1.26,0,0.37,0,0,0.26,1.11,2.15,0.59,7.76,9.13,0.12,0.34,0.08,0,0.73,0.2,0,0,0.3,0,1.47,0.28,0.12,0.18,2.47,0.93,5.36,0,0,0.36,0.1,0,1.33,0,0,15.92,0,0.16,0.42,0.51,0.06,1.24,0.58,0,0,0.16,0,1.47,0,4.6,0.15,2.6,20.8,48.79,30.41,1.46,24.47,0.29,0.04,9.85,0.73,1.83,0.42,0.85,13.86,3.46,2022-VA-65,2022,202201,R-25,544.760502,0.0145482182792232,2062.108185635626,94,155,2,47.69,0,36,0.3123,0.1095,0,60.66665,-173.44639,64,3.2,4,EBS,9
3.05,0.11,0.11,0.35,0.24,0.71,0,0.38,0.25,0,11.85,0.13,0,17.85,0.36,0.81,0.89,1.43,0,0.36,0,0,0.36,1.02,2.15,0.67,8.17,7.65,0.19,0.62,0.11,0,0.98,0.25,0,0,0.44,0,1.49,0.72,0,0.73,2.31,0.98,3.72,0,0,0.42,0,0,1.33,0,0,15.92,0,0.23,0.34,1.09,0.3,0.9,0.58,0,0,0,0,1.48,0,5.81,0.16,3.98,22.57,44.57,32.86,1.46,26.37,0.36,0.04,8.67,0.98,1.51,0.29,1.07,11.95,2.74,2022-VA-66,2022,202201,S-23,4073.492647,0.0137896716832875,103693.36651669347,94,147,2,52.51,0,48,0.3213,0.0981,0,61.00486,-172.15955,62,-0.4,4,EBS,9
3.32,0.09,0.09,0.21,0.11,0.57,0,0.26,0.09,0,10.66,0.11,0,15.48,0.22,0.63,0.59,1.21,0,0.39,0.37,0,0.42,1.01,2.49,0.59,9.4,8.83,0.13,0.54,0.13,0,1.01,0.2,0,0,0.44,0,1.28,0.67,0.15,0.12,2.5,1.52,5.56,0,0,0.68,0.1,0,1.56,0.04,0,15.52,0,0.29,0.47,0.5,0.1,1.17,0.65,0,0,0.13,0,1.47,0,5.78,0.16,2.85,20.78,46.39,32.83,1.58,25.28,0.37,0.06,10.82,1.01,1.45,0.47,1.06,12.12,2.69,2022-VA-67,2022,202201,R-23,1338.208637,0.0146677708966041,166023.04311719222,94,148,2,47.35,0,34,0.3091,0.1227,0,60.68129,-172.11482,60,-0.2,4,EBS,9
3.15,0.11,0.09,0.26,0.17,0.57,0,0.31,0.19,0,11.9,0.17,0,17.42,0.29,0.65,0.69,1.32,0,0.31,0,0,0.31,1.14,2.31,0.68,8.45,7.82,0.15,0.55,0.11,0,0.86,0.19,0,0,0.41,0,1.57,0.7,0,0.69,2.34,0.99,4.07,0,0,0.48,0,0,1.4,0,0,17.17,0,0.22,0.49,0.35,0.08,0.55,0.64,0,0,0,0,1.41,0,6.09,0.15,3.16,21.95,44.24,33.82,1.54,27.89,0.35,0.05,8.46,0.86,1.46,0.32,1.08,11.09,2.82,2022-VA-68,2022,202201,S-23,4073.492647,0.0137896716832875,103693.36651669347,94,147,2,45.25,0,30,0.324,0.1152,0,61.00486,-172.15955,62,-0.4,4,EBS,9
3.4,0.09,0.1,0.13,0.08,0.49,0,0.17,0.17,0,11.78,0.11,0,21.83,0.19,0.46,0.42,1.16,0,0.3,0,0,0.25,1.12,2.29,0.65,8.52,9.16,0.14,0.42,0.1,0,0.56,0.22,0,0,0.29,0,1.48,0.25,0.13,0.2,2.19,1.03,4.92,0,0,0.26,0.07,0,1.02,0,0,15.06,0,0.32,0.37,0.62,0,1.25,0.52,0,0,0,0,1.35,0,4.27,0.1,2.22,21.06,50.67,28.27,1.34,23.13,0.28,0.04,9.45,0.56,1.85,0.44,0.93,14.78,3.53,2022-VA-69,2022,202201,R-25,544.760502,0.0145482182792232,2062.108185635626,94,155,2,49.78,0,NA,0.3136,0.0962,0,60.66665,-173.44639,64,3.2,4,EBS,9
5.09,0.09,0.1,0.16,0.11,0.65,0,0.19,0.12,0,13.14,0.09,0,14.51,0.28,0.57,0.46,1.39,0,0.3,0.94,0,0.41,1.05,2.86,0.52,7.82,6.42,0.04,0.33,0.13,0,2.44,0.35,0,0,0.36,0,1.65,0.54,0.17,0.11,2.44,1.08,4.89,0,0,0.94,0.09,0.04,1.1,0.11,0,15.82,0.11,0.19,0.36,0.52,0.28,0.56,0.78,0,0,0,0,0.91,0,6.12,0.22,2.57,25.47,39.83,34.7,1.36,25.91,0.39,0.08,9.49,2.44,1.1,0.43,1.22,8.79,2.58,2022-VA-7,2022,202201,N-20,7431.377933,0.014743351437738,14228.08110393819,94,116,2,48.03,0,NA,0.0603,0.025,0,59.32724,-169.88624,61,0.8,3,EBS,6
2.9,0.11,0.09,0.28,0.18,0.57,0,0.29,0.14,0,11.69,0.13,0,15.92,0.28,0.68,0.71,1.25,0,0.35,0,0,0.36,1.15,2.34,0.63,9.47,8.41,0.14,0.56,0.15,0,0.9,0.26,0,0,0.39,0,1.36,0.6,0,0.62,2.16,1.57,4.18,0,0,0.48,0,0,1.58,0,0,16.75,0,0.63,0.47,0.5,0,0.75,0.63,0,0,0,0,1.62,0,5.64,0.14,3.2,21.49,45.27,33.24,1.55,26.97,0.34,0.05,9.51,0.9,1.36,0.35,1.13,11.74,2.97,2022-VA-70,2022,202201,S-23,4073.492647,0.0137896716832875,103693.36651669347,94,147,2,51.16,0,46,0.3085,0.1067,0,61.00486,-172.15955,62,-0.4,4,EBS,9
3.06,0.09,0.1,0.24,0.14,0.61,0,0.26,0.13,0,11.87,0.13,0,17.34,0.27,0.55,0.61,1.28,0,0.33,0,0,0.3,1.09,2.14,0.72,10.11,7.9,0.13,0.53,0.1,0,0.96,0.19,0,0,0.37,0,1.47,0.2,0,0.43,2.4,1.25,4.42,0,0,0.69,0.11,0,1.67,0,0,15.87,0,0.3,0.35,0.47,0,0.69,0.54,0,0,0,0,1.46,0,5.98,0.17,2.87,21.31,46.58,32.11,1.51,26.05,0.38,0.04,9.19,0.96,1.46,0.37,1.28,11.81,2.65,2022-VA-71,2022,202201,S-23,4073.492647,0.0137896716832875,103693.36651669347,94,147,2,49.39,0,NA,0.3429,0.1127,0,61.00486,-172.15955,62,-0.4,4,EBS,9
2.35,0.06,0.05,0.12,0.09,0.49,0,0.18,0.12,0,9.98,0.06,0,15.53,0.2,0.53,0.49,1.04,0,0.5,0,0,0.24,1.01,2.39,0.45,6.41,10.14,0.1,0.39,0.13,0,0.62,0.28,0,0,0.29,0,1.09,0.22,0,0.68,2.59,1.14,6.9,0,0,0.37,0.11,0,1.49,0,0,21.03,0,0.36,0.71,0.57,0.1,1.24,0.78,0,0,0,0,1.75,0,4.5,0.15,2.51,18.33,45.73,35.94,1.96,30.07,0.21,0.05,12.27,0.62,1.56,0.38,0.63,14.25,4.67,2022-VA-72,2022,202201,R-26,286.614231,0.013987965863223,67629.99561553323,94,156,1,75.63,11.43,156,0.3065,0.096,0,60.67961,-174.14472,86,-0.5,4,EBS,9
3.54,0.1,0.08,0.19,0.11,0.54,0,0.24,0.17,0,11.2,0.09,0,17.22,0.24,0.58,0.55,1.27,0,0.33,0,0,0.36,0.8,2.35,0.51,8.5,8.57,0.13,0.53,0.11,0,1.44,0.27,0,0,0.41,0,1.25,0.64,0.13,0.24,2.63,1.41,5.41,0,0,0.83,0.12,0,1.43,0.08,0,15.16,0,0.34,0.55,0.48,0.09,0.83,0.66,0,0,0,0,1.28,0,5.75,0.25,2.7,21.3,46.94,31.77,1.49,24.8,0.38,0.04,10.82,1.44,1.54,0.26,0.99,13.76,2.64,2022-VA-73,2022,202201,R-23,1338.208637,0.0146677708966041,166023.04311719222,94,148,2,54.48,0,NA,0.3033,0.1212,0,60.68129,-172.11482,60,-0.2,4,EBS,9
3.23,0.06,0.06,0.13,0.09,0.6,0,0.22,0.16,0,9.87,0.15,0,15.52,0.24,0.61,0.53,1.28,0,0.41,0,0,0.26,0.85,2.58,0.62,6.51,8.63,0.11,0.49,0.12,0,0.81,0.24,0,0,0.4,0,1.11,0.52,0,0.6,3,1.39,7.11,0,0,0.67,0,0,1.38,0.03,0,17.86,0,0.34,0.62,0.93,0.63,0.94,0.81,0,0,0.04,0,1.75,0,5.29,0.18,2.74,19.76,45.91,34.32,1.74,27.72,0.3,0.04,13.39,0.81,1.57,0.29,0.75,14.04,3.38,2022-VA-74,2022,202201,Q-22,723.924565,0.0138047175854676,10141.460637150574,94,143,1,73.82,10.33,142,0.3534,0.0916,0,60.32517,-171.3717,65,0,4,EBS,9
2.69,0.07,0.05,0.16,0.11,0.5,0,0.18,0.21,0,10.4,0.05,0,18.81,0.22,0.58,0.55,1.12,0,0.5,0,0,0.26,0.99,2.45,0.45,5.35,10.41,0.14,0.43,0.1,0,0.73,0.3,0,0,0.29,0,1.1,0.3,0,0.58,2.45,0.62,7.04,0,0,0.37,0,0,1.34,0,0,18.83,0,0.29,0.62,0.59,0.1,1.4,0.64,0,0,0,0,1.61,0,4.04,0,2.78,19.51,47.52,32.97,1.69,27.06,0.21,0.04,11.6,0.73,1.81,0.37,0.51,17.11,4.67,2022-VA-75,2022,202201,R-26,286.614231,0.013987965863223,67629.99561553323,94,156,1,74.13,11.32,140,0.3344,0.102,0,60.67961,-174.14472,86,-0.5,4,EBS,9
3.89,0.08,0.09,0.18,0.1,0.58,0,0.21,0.12,0,10.74,0.13,0,14.77,0.2,0.57,0.53,1.24,0,0.39,0.39,0,0.48,0.83,2.4,0.94,8.48,8.61,0.11,0.51,0.12,0,0.88,0.17,0,0,0.41,0,0.92,0.69,0.15,0.37,3.36,1.5,6.4,0,0,0.61,0,0,1.43,0.04,0,14.89,0,0.18,0.53,0.73,0.1,1.62,0.77,0,0,0,0,1.35,0,5.95,0.24,2.68,21.19,46.78,32.03,1.51,24.78,0.4,0.06,12.7,0.88,1.38,0.47,0.98,16.01,2.5,2022-VA-76,2022,202201,R-23,1338.208637,0.0146677708966041,166023.04311719222,94,148,2,49.67,0,NA,0.3111,0.1073,0,60.68129,-172.11482,60,-0.2,4,EBS,9
2.28,0.05,0.05,0.13,0.1,0.44,0,0.2,0.12,0,9.55,0.06,0,13.68,0.21,0.63,0.59,0.92,0,0.51,0.4,0,0.26,0.69,2.22,0.52,7.39,9.32,0.09,0.44,0.15,0,0.66,0.22,0,0,0.29,0.18,0.77,0.19,0,0.83,3.04,1.54,7.05,0,0,0.48,0,0,1.78,0,0,19.05,0,0.57,0.79,1.04,0.61,1.33,0.71,0,0,0,0,2.17,0,5.51,0.18,2.73,17.75,45.96,36.29,2.04,29.47,0.29,0.05,14.03,0.84,1.43,0.41,0.79,17.85,3.46,2022-VA-77,2022,202201,R-26,286.614231,0.013987965863223,67629.99561553323,94,156,1,80.54,12.61,186,0.3028,0.0824,0,60.67961,-174.14472,86,-0.5,4,EBS,9
2.17,0.05,0.05,0.14,0.1,0.6,0,0.27,0.14,0,10.62,0.05,0,11.56,0.2,0.63,0.52,0.99,0,0.57,0.8,0,0.28,0.65,2.92,0.49,7.09,8.4,0.12,0.62,0.11,0,1.05,0.25,0,0,0.33,0.22,0.86,0.17,0.26,0,3.02,0.83,7.42,0,0,0.94,0,0,2.45,0.07,0,18.03,0,0.31,0.61,0.58,0.22,1.03,0.71,0,0,0,0,2.42,0,7.82,0.27,2.97,19.97,41.6,38.43,1.92,30.42,0.43,0.07,12.75,1.28,1.09,0.58,0.84,13.52,2.3,2022-VA-78,2022,202201,R-23,1338.208637,0.0146677708966041,166023.04311719222,94,148,1,75.86,14.24,180,0.3261,0.1165,0,60.68129,-172.11482,60,-0.2,4,EBS,9
NA,NA,NA,NA,NA,NA,NA,NA,NA,NA,NA,NA,NA,NA,NA,NA,NA,NA,NA,NA,NA,NA,NA,NA,NA,NA,NA,NA,NA,NA,NA,NA,NA,NA,NA,NA,NA,NA,NA,NA,NA,NA,NA,NA,NA,NA,NA,NA,NA,NA,NA,NA,NA,NA,NA,NA,NA,NA,NA,NA,NA,NA,NA,NA,NA,NA,NA,NA,NA,NA,NA,NA,NA,NA,NA,NA,NA,NA,NA,NA,NA,NA,NA,NA,2022-VA-79,2022,202201,PO2423,2587.166369,0.01429229508102,33492.30457994699,94,140,2,45.49,0,NA,0.3084,0.0994,0,59.82478,-172.25274,75,-0.6,4,EBS,9
1.68,0.03,0.07,0.23,0.28,0.41,0,0.31,0.13,0,9.99,0.08,0,6,0.19,0.81,0.65,0.77,0,0.45,0.58,0,0.4,0.26,3.22,0.36,13.65,9.13,0.03,0.77,0.31,0,1.05,0.17,0,0,0.45,0.2,0.53,0.13,0.36,0,3.36,2.85,5.54,0,0,0.92,0.11,0.06,2.08,0.11,0,15.3,0.15,0.83,0.78,0.78,0.49,0.65,0.6,0,0,0,0,2.27,0.03,8.93,0.51,3.27,19.54,44.94,35.52,1.82,28.34,0.58,0.07,14.15,1.25,0.6,0.43,1.5,11.32,1.71,2022-VA-8,2022,202201,M-19,5291.9719780000005,0.01334221746820875,824.4506601852592,94,112,1,91.56,16.92,NA,0.3848,0.1209,0,58.98863,-169.17239,54,1.6,3,EBS,6
3.41,0.11,0.09,0.13,0.06,0.55,0,0.16,0.12,0,11.17,0.11,0,20.48,0.2,0.46,0.4,1.2,0,0.32,0.37,0,0.23,0.89,2.2,0.67,8.27,10.07,0.14,0.48,0.1,0,0.69,0.19,0,0,0.27,0,1.19,0.27,0.13,0.12,2.73,0.98,6.11,0,0,0.31,0,0,1.18,0,0,14.27,0,0.28,0.43,0.65,0.07,1.33,0.49,0,0,0,0,1.32,0,4.6,0,2.19,20.41,51.71,27.88,1.37,22.22,0.32,0.04,11.18,0.69,1.83,0.52,0.82,17.16,3.1,2022-VA-80,2022,202201,R-25,544.760502,0.0145482182792232,2062.108185635626,94,155,2,46.87,0,36,0.3134,0.1083,0,60.66665,-173.44639,64,3.2,4,EBS,9
3.26,0.09,0.09,0.15,0.09,0.5,0,0.18,0.14,0,11.1,0.12,0,21.19,0.21,0.48,0.47,1.17,0,0.34,0,0,0.25,0.97,2.09,0.69,6.81,10.16,0.14,0.46,0.07,0,0.69,0.25,0,0,0.27,0,1.48,0.44,0.13,0.12,2.68,0.51,6.09,0,0,0.33,0,0,1.21,0,0,16.03,0,0.25,0.43,0.39,0.07,1.18,0.55,0,0,0,0,1.45,0,4.06,0.17,2.36,20.21,50.37,29.42,1.46,23.94,0.25,0.04,10.35,0.69,1.91,0.36,0.67,14.29,3.94,2022-VA-81,2022,202201,S-25,390.88853,0.0150755928070506,279563.7481020918,94,154,2,41.61,0,NA,0.3075,0.1073,0,60.99834,-173.48328,74,-0.8,4,EBS,9
3.64,0.1,0.09,0.16,0.09,0.54,0,0.19,0.16,0,11.19,0.09,0,20.16,0.21,0.51,0.48,1.16,0,0.32,0.36,0,0.29,0.96,1.98,0.46,8.68,9.26,0.14,0.47,0.1,0,0.74,0.19,0,0,0.3,0,1.28,0.25,0.13,0.22,2.22,1.11,5.49,0,0,0.41,0.09,0,1.46,0,0,14.77,0,0.29,0.44,0.59,0.07,1.1,0.57,0,0,0,0,1.29,0,5.08,0.14,2.44,20.66,49.81,29.53,1.43,23.51,0.34,0.05,10.12,0.74,1.8,0.52,0.94,15.78,2.91,2022-VA-82,2022,202201,S-25,390.88853,0.0150755928070506,279563.7481020918,94,154,2,47.69,0,30,0.317,0.1113,0,60.99834,-173.48328,74,-0.8,4,EBS,9
3.46,0.11,0.09,0.15,0.09,0.53,0,0.18,0.16,0,10.4,0.1,0,22.2,0.21,0.48,0.45,1.14,0,0.32,0,0,0.24,0.99,1.96,0.79,6.87,9.59,0.15,0.46,0.09,0,0.63,0.2,0,0,0.27,0,1.42,0.3,0.12,0.17,2.63,0.58,6.17,0,0,0.3,0,0,1.23,0,0,15.45,0,0.27,0.4,0.64,0.06,1.46,0.54,0,0,0,0,1.42,0,4.4,0.12,2.36,19.55,51.29,29.16,1.49,23.64,0.29,0.04,10.7,0.63,2.13,0.4,0.72,15.69,3.51,2022-VA-83,2022,202201,S-25,390.88853,0.0150755928070506,279563.7481020918,94,154,2,48.16,0,NA,0.3066,0.1182,0,60.99834,-173.48328,74,-0.8,4,EBS,9
3.51,0.12,0.1,0.12,0.08,0.51,0,0.17,0.13,0,10.97,0.08,0,22.41,0.2,0.44,0.42,1.14,0,0.3,0,0,0.18,1.21,2.28,0.73,6.91,9.24,0.12,0.31,0.08,0,0.64,0.25,0,0,0.28,0,1.47,0.32,0,0.46,2.56,0.46,6.21,0,0,0.29,0.06,0,1.16,0,0,15.86,0,0,0.4,0.36,0.06,1.24,0.54,0,0,0,0,1.3,0,4.35,0,2.17,20.18,50.09,29.73,1.47,24.14,0.27,0.04,9.99,0.64,2.04,0.4,0.75,15.29,3.65,2022-VA-84,2022,202201,S-25,390.88853,0.0150755928070506,279563.7481020918,94,154,2,50.44,0,NA,0.3427,0.1164,0,60.99834,-173.48328,74,-0.8,4,EBS,9
2.25,0.06,0.08,0.26,0.22,0.6,0,0.24,0.26,0,10.54,0.07,0,10.63,0.27,0.73,0.69,1.16,0,0.66,0.6,0,0.3,0.88,2.5,0.38,6.98,8.43,0.1,0.58,0.14,0,0.79,0.23,0,0,0.43,0.24,1.18,0.41,0.21,0.18,4.53,1.54,5.66,0,0,0,0.1,0,2.28,0.13,0,18.67,0,1.49,0.98,0.74,0.44,1.07,0.69,0,0,0,0,2.48,0.08,5.54,0.31,3.67,20.47,42.73,36.79,1.8,29.41,0.3,0.08,14.93,1.03,1.01,0.49,0.83,8.98,3.37,2022-VA-85,2022,202201,P-30,19812.435074999998,0.01517651079206625,3624.021407394385,94,179,1,87.2,16.43,280,0.3599,0.1444,0,60.0072,-176.71824,141,2,5,EBS,8
4.05,0,0.11,0.41,0.36,0.58,0,0.44,0.5,0,8.92,0.08,0,7.26,0.27,0.85,0.93,1.26,0,0.57,0.7,0,0.4,0.31,2.84,0.5,7.42,7.37,0,0.73,0.17,0,0.8,0.23,0,0,0.43,0.22,0.56,0.33,0.31,0.54,10.36,2.54,6.01,0,0,0,0,0,1.92,0.15,0,10.75,0,7.63,1.27,0.77,0.53,1.24,0.36,0,0,0,0,1.96,0,3.53,0.56,4.63,22.01,52.88,25.12,1.14,18.46,0.33,0.08,28.58,1.02,0.81,0.43,1.01,13.01,3.05,2022-VA-86,2022,202201,O-29,11684.287624,0.0150490375448259,1063.1909151891948,94,178,2,59.74,0,NA,0.3818,0.1305,0,59.666,-175.82968,136,1.9,5,EBS,8
1.47,0.03,0.04,0.14,0.07,0.37,0,0.13,0.09,0,10.44,0.04,0,8.26,0.13,0.5,0.45,0.7,0,0.61,0.69,0,0.33,0.5,3.31,0.4,12.22,10.5,0.02,0.51,0.22,0,0.87,0.22,0,0,0.36,0.22,0.65,0.13,0.31,0,3.7,2.67,7.11,0.07,0,0.64,0.11,0.02,1.67,0.1,0,16.18,0,1.3,0.35,0.83,0.12,1.15,0.81,0,0,0,0,2.3,0.05,5.59,0.28,2.35,18.7,48.37,32.93,1.76,26.19,0.35,0.07,15.96,1.09,0.79,0.57,1.16,12.67,2.89,2022-VA-87,2022,202201,S-29,3296.119948,0.01525469082286875,19438.957068566433,94,184,1,92.03,15.13,306,0.298,0.1251,0,60.99116,-176.27538,111,1.2,5,EBS,8
2.51,0.04,0.13,0.26,0.14,0.63,0,0.27,0.13,0,12.78,0.09,0,10.94,0.2,0.65,0.61,0.85,0,0.68,0.95,0,0.4,0.63,2.86,0.47,10.57,7.65,0.11,0.46,0.12,0,0.88,0.19,0,0,0,0,0.72,0.33,0,0.59,4.23,1.27,5.25,0,0,0,0,0,1.85,0.09,0,15.52,0,1.36,0.34,1.15,0.69,2.03,0.71,0,0,0.24,0,2.01,0,5.14,0.29,3.36,22.41,44.5,33.1,1.48,25.19,0.33,0.08,13.6,0.88,0.86,0.7,1.38,15.18,3.02,2022-VA-88,2022,202201,S-29,3296.119948,0.01525469082286875,19438.957068566433,94,184,2,46.51,0,38,0.3106,0.1046,0,60.99116,-176.27538,111,1.2,5,EBS,8
3.29,0.06,0.12,0.25,0.14,0.73,0,0.17,0.13,0,10.19,0.1,0,11.25,0.22,0.6,0.37,1.07,0,0.8,1.05,0,0.58,0.71,2.82,0.78,6.68,8.03,0.1,0.45,0.13,0,0.82,0.29,0,0,0,0.16,0.74,0.35,0,0.97,5.8,1.1,6.97,0,0,0.38,0.08,0,1.85,0,0,16.59,0,1.57,0.77,0.95,0.91,2.52,0.78,0,0,0,0,1.71,0,3.6,0.29,3.19,20.63,45.17,34.2,1.66,25.13,0.22,0.1,17.16,0.98,1.1,0.68,0.83,15.2,4.61,2022-VA-89,2022,202201,R-28,4153.0434159999995,0.0152135482718835,63836.188813023335,94,187,2,55.58,0,60,0.3181,0.1031,0,60.68487,-175.45661,106,1.1,5,EBS,8
3.79,0,0.13,0.24,0.23,0.65,0,0.35,0.12,0,11.29,0,0,10.29,0.27,0.81,0.76,1.68,0,0.5,1.15,0,0.51,1.33,3.17,0.55,6.08,6.01,0.14,0.71,0.23,0,0.84,0.31,0,0,0.5,0,1.66,0.77,0,0.98,2.5,0,4.44,0,0,0.67,0.11,0,1.56,0,0,21.21,0,0,0,0.39,0.37,0.71,1.1,0,0,0,0,1.59,0,9.28,0,3.66,23.59,31.51,44.9,1.9,36.34,0.44,0.12,7.33,0.84,0.91,0.57,1.01,6.19,2.29,2022-VA-9,2022,202201,K-19,10939.217499,0.01376736639424575,726.3553328674125,94,110,2,47.25,0,34,0.3463,0.0923,0,58.33895,-169.11492,68,0.9,3,EBS,6
3.25,0.06,0.12,0.21,0.12,0.64,0,0.13,0.1,0,11.45,0.09,0,10.64,0.17,0.51,0.43,0.98,0,0.83,1,0,0.43,0.71,3.4,0.68,9.01,8.08,0.11,0.45,0.11,0,0.83,0.29,0,0,0,0.17,0.67,0.35,0.18,0.61,5.37,1.41,6.86,0,0,0,0.07,0,1.8,0,0,14.98,0,1.66,0.68,0.84,1.07,2.17,0.67,0,0,0,0,1.72,0,3.61,0.28,2.98,22.3,46.44,31.26,1.4,22.84,0.24,0.09,16.82,1,0.93,0.71,1.11,15.97,4.15,2022-VA-90,2022,202201,R-28,4153.0434159999995,0.0152135482718835,63836.188813023335,94,187,2,60.22,0,72,0.3306,0.1135,0,60.68487,-175.45661,106,1.1,5,EBS,8
2.79,0.05,0.07,0.11,0.06,0.5,0,0.12,0.09,0,10.82,0.06,0,13.84,0.17,0.42,0.23,0.9,0,0.69,0.37,0,0.39,0.95,2.65,0.88,5.65,8.98,0.11,0.29,0.1,0,0.76,0.36,0,0,0,0.17,0.84,0.39,0,1.07,3.89,0.54,6.9,0,0,0,0,0,1.61,0,0,20.87,0,0.81,0.67,0.51,0.09,2.36,0.8,0,0,0,0,1.75,0,4.12,0.21,2.22,19.43,43.57,37,1.9,30,0.2,0.06,13.32,0.93,1.28,0.46,0.63,16.53,5.06,2022-VA-91,2022,202201,R-27,951.852946,0.014703665195736,44420.134796690516,94,190,2,51.43,0,NA,0.305,0.0956,0,60.65575,-174.81936,97,0.7,4,EBS,9
1.95,0.02,0.04,0.16,0.11,0.53,0,0.21,0.16,0,9.9,0.04,0,11.1,0.2,0.7,0.54,0.93,0,0.63,0.77,0,0.26,0.57,2.63,0.4,7.56,9.02,0.11,0.57,0.18,0,0.8,0.24,0,0,0.32,0.19,0.76,0.3,0.15,0.15,2.84,2.42,7.18,0,0,0.64,0.12,0,2.28,0.09,0,17.97,0,1,0.82,0.66,0.33,1.14,0.71,0,0,0,0,2.85,0,6.43,0.31,3.03,18.61,44.27,37.12,1.99,29.41,0.36,0.07,14.92,0.99,1.12,0.54,0.84,14.58,2.79,2022-VA-92,2022,202201,R-27,951.852946,0.014703665195736,44420.134796690516,94,190,1,65.17,13.49,NA,0.3321,0.1225,1,60.65575,-174.81936,97,0.7,4,EBS,9
1.65,0,0.05,0.12,0.08,0.47,0,0.13,0.1,0,9.45,0.04,0,7.85,0.14,0.54,0.47,0.78,0,0.59,0.75,0,0.33,0.54,2.63,0.53,10.54,9.36,0.08,0.47,0.2,0,0.77,0.24,0,0,0.34,0.22,0.65,0.31,0.2,0.7,3.65,2.92,7.75,0,0,0,0,0,1.98,0.1,0,17.71,0,1.43,1.05,1.09,0.38,1.38,0.88,0,0,0.28,0,2.31,0,5.48,0.3,2.5,17.2,47.25,35.55,2.07,28.39,0.31,0.08,17.89,0.99,0.83,0.47,1.13,12.02,3.23,2022-VA-93,2022,202201,S-27,1248.990623,0.0151737267491271,5469.981196595276,94,191,1,102.73,16.94,NA,0.3671,0.0917,0,60.98942,-174.88082,91,0,4,EBS,9
2.1,0.07,0.05,0.24,0.18,0.56,0,0.31,0.28,0,9.83,0.07,0,14.95,0.24,0.72,0.7,1.1,0,0.51,0.85,0,0.24,0.57,2.3,0.64,7.32,10.02,0.12,0.54,0.19,0,0.74,0.23,0,0,0.38,0.21,0.77,0.23,0.14,0.26,3.02,1.28,6.7,0,0,0.53,0,0.03,1.99,0.06,0,17.77,0,0.59,0.68,0.71,0.31,0.99,0.63,0,0,0,0.02,2.02,0,4.78,0.21,3.5,19.06,47.15,33.78,1.77,26.76,0.27,0.06,12.98,0.96,1.52,0.55,0.73,19.35,3.72,2022-VA-94,2022,202201,S-27,1248.990623,0.0151737267491271,5469.981196595276,94,191,1,79.32,11.05,NA,0.3073,0.1022,0,60.98942,-174.88082,91,0,4,EBS,9
2.61,0.05,0.07,0.17,0.15,0.56,0,0.21,0.19,0,9.79,0.1,0,10.04,0.2,0.67,0.61,0.94,0,0.58,0.82,0,0.32,0.58,2.41,0.72,9.77,8.13,0.1,0.52,0.17,0,0.68,0.18,0,0,0,0.18,0.62,0.33,0,0.75,3.91,2.26,6.15,0,0,0.51,0,0,1.93,0.07,0,17.4,0,1.61,0.91,1.35,0.49,1.18,0.74,0,0,0.13,0,2.28,0,5.47,0.38,3.15,18.95,46.21,34.84,1.84,27.83,0.31,0.08,16.19,0.85,1.02,0.59,1.2,16.07,3.18,2022-VA-95,2022,202201,S-27,1248.990623,0.0151737267491271,5469.981196595276,94,191,1,94.73,14.33,NA,0.3194,0.0857,0,60.98942,-174.88082,91,0,4,EBS,9
3.53,0.08,0.08,0.26,0.15,0.52,0,0.24,0.27,0,9.93,0.07,0,19.28,0.24,0.57,0.56,0.92,0,0.41,0.67,0,0.19,0.52,2.03,0.44,7.3,10.69,0.13,0.51,0.14,0,0.69,0.22,0,0,0.26,0,0.74,0.41,0.15,0.27,3.11,1.1,5.9,0,0,0,0,0,1.35,0.03,0,15.66,0,1.2,0.52,0.54,0.08,0.91,0.49,0,0,0,0,1.72,0,4.71,0.21,2.97,19.61,51.32,29.07,1.48,23.82,0.3,0.04,12.37,0.69,1.94,0.5,0.68,26.04,3.33,2022-VA-96,2022,202201,T-27,214.652205,0.0161836593900333,44098.88040769817,94,192,2,50.05,0,44,0.314,0.1058,0,61.32121,-175.00831,87,-0.6,4,EBS,9
2.98,0.09,0.08,0.2,0.11,0.48,0,0.21,0.17,0,10.83,0.06,0,18.55,0.19,0.51,0.53,0.9,0,0.4,0.43,0,0.22,0.79,2.53,0.43,9,10.14,0.12,0.47,0.11,0,0.73,0.24,0,0,0.29,0,0.86,0.25,0.16,0.17,2.8,1.07,6.21,0,0,0.39,0,0,1.55,0.06,0,15.3,0,0.46,0.54,0.63,0.08,1.2,0.48,0,0,0.02,0,1.58,0,4.22,0.16,2.62,20.11,50.93,28.96,1.44,22.89,0.28,0.05,11.72,0.73,1.71,0.54,0.89,21.55,3.63,2022-VA-97,2022,202201,T-27,214.652205,0.0161836593900333,44098.88040769817,94,192,2,50.8,0,46,0.366,0.1382,0,61.32121,-175.00831,87,-0.6,4,EBS,9
3.27,0.08,0.08,0.2,0.12,0.51,0,0.22,0.21,0,10.95,0.06,0,19.8,0.19,0.48,0.55,0.98,0,0.3,0.38,0,0.17,0.81,2.41,0.48,8.41,8.77,0.1,0.32,0.09,0,0.74,0.25,0,0,0.32,0,1.17,0.26,0.14,0.16,2.76,1.09,5.99,0,0,0.41,0.15,0.02,1.32,0.03,0,16.46,0,0.65,0.5,0.56,0.2,0.7,0.55,0,0,0.03,0.02,1.56,0,3.89,0.17,2.59,20.44,49.93,29.63,1.45,24,0.24,0.04,11.54,0.74,1.81,0.45,0.96,16.95,4.23,2022-VA-98,2022,202201,T-27,214.652205,0.0161836593900333,44098.88040769817,94,192,2,56.04,0,60,0.308,0.1214,0,61.32121,-175.00831,87,-0.6,4,EBS,9
2.58,0.11,0.07,0.22,0.12,0.58,0,0.22,0.1,0,9.73,0.09,0,17.31,0.2,0.65,0.62,0.94,0,0.42,0.71,0,0.27,0.48,2.34,0.61,7.99,11.2,0.14,0.53,0.15,0,0.7,0.23,0,0,0,0.19,0.6,0.41,0.16,0.13,3.2,0.72,7.4,0,0,0,0.11,0,1.63,0,0,14.77,0,0.44,0.64,1.15,0.31,1.16,0.46,0,0,0,0,1.98,0,5.02,0.18,2.94,18.8,51.88,29.32,1.56,23.42,0.34,0.05,13.55,0.89,1.78,0.61,0.71,28.92,2.94,2022-VA-99,2022,202201,T-27,214.652205,0.0161836593900333,44098.88040769817,94,192,2,52.34,0,50,0.3118,0.0992,0,61.32121,-175.00831,87,-0.6,4,EBS,9
NA,NA,NA,NA,NA,NA,NA,NA,NA,NA,NA,NA,NA,NA,NA,NA,NA,NA,NA,NA,NA,NA,NA,NA,NA,NA,NA,NA,NA,NA,NA,NA,NA,NA,NA,NA,NA,NA,NA,NA,NA,NA,NA,NA,NA,NA,NA,NA,NA,NA,NA,NA,NA,NA,NA,NA,NA,NA,NA,NA,NA,NA,NA,NA,NA,NA,NA,NA,NA,NA,NA,NA,NA,NA,NA,NA,NA,NA,NA,NA,NA,NA,NA,NA,23-393,2023,202301,E-02,893.606344,0.01529959062187545,130.72245195504692,134,86,1,82.08,18.16,246,0.3167,0.1309,1,56.34574,-167.05705,111,4.5,1,EBS,4
NA,NA,NA,NA,NA,NA,NA,NA,NA,NA,NA,NA,NA,NA,NA,NA,NA,NA,NA,NA,NA,NA,NA,NA,NA,NA,NA,NA,NA,NA,NA,NA,NA,NA,NA,NA,NA,NA,NA,NA,NA,NA,NA,NA,NA,NA,NA,NA,NA,NA,NA,NA,NA,NA,NA,NA,NA,NA,NA,NA,NA,NA,NA,NA,NA,NA,NA,NA,NA,NA,NA,NA,NA,NA,NA,NA,NA,NA,NA,NA,NA,NA,NA,NA,23-369,2023,202301,GF1918,3350.252262,0.0146560230459192,1364.6266751449173,134,100,1,72.77,16.68,174,0.3084,0.0932,1,56.81727,-168.60692,98,3.9,2,EBS,5
NA,NA,NA,NA,NA,NA,NA,NA,NA,NA,NA,NA,NA,NA,NA,NA,NA,NA,NA,NA,NA,NA,NA,NA,NA,NA,NA,NA,NA,NA,NA,NA,NA,NA,NA,NA,NA,NA,NA,NA,NA,NA,NA,NA,NA,NA,NA,NA,NA,NA,NA,NA,NA,NA,NA,NA,NA,NA,NA,NA,NA,NA,NA,NA,NA,NA,NA,NA,NA,NA,NA,NA,NA,NA,NA,NA,NA,NA,NA,NA,NA,NA,NA,NA,23-384,2023,202301,GF1918,3350.252262,0.0146560230459192,1364.6266751449173,134,100,1,90.85,20.21,342,0.3098,0.0985,1,56.81727,-168.60692,98,3.9,2,EBS,5
NA,NA,NA,NA,NA,NA,NA,NA,NA,NA,NA,NA,NA,NA,NA,NA,NA,NA,NA,NA,NA,NA,NA,NA,NA,NA,NA,NA,NA,NA,NA,NA,NA,NA,NA,NA,NA,NA,NA,NA,NA,NA,NA,NA,NA,NA,NA,NA,NA,NA,NA,NA,NA,NA,NA,NA,NA,NA,NA,NA,NA,NA,NA,NA,NA,NA,NA,NA,NA,NA,NA,NA,NA,NA,NA,NA,NA,NA,NA,NA,NA,NA,NA,NA,23-391,2023,202301,GF1918,3350.252262,0.0146560230459192,1364.6266751449173,134,100,1,71.41,15.38,154,0.3205,0.0945,1,56.81727,-168.60692,98,3.9,2,EBS,5
NA,NA,NA,NA,NA,NA,NA,NA,NA,NA,NA,NA,NA,NA,NA,NA,NA,NA,NA,NA,NA,NA,NA,NA,NA,NA,NA,NA,NA,NA,NA,NA,NA,NA,NA,NA,NA,NA,NA,NA,NA,NA,NA,NA,NA,NA,NA,NA,NA,NA,NA,NA,NA,NA,NA,NA,NA,NA,NA,NA,NA,NA,NA,NA,NA,NA,NA,NA,NA,NA,NA,NA,NA,NA,NA,NA,NA,NA,NA,NA,NA,NA,NA,NA,23-396,2023,202301,GF1918,3350.252262,0.0146560230459192,1364.6266751449173,134,100,1,78.78,17.56,184,0.3417,0.1215,1,56.81727,-168.60692,98,3.9,2,EBS,5
NA,NA,NA,NA,NA,NA,NA,NA,NA,NA,NA,NA,NA,NA,NA,NA,NA,NA,NA,NA,NA,NA,NA,NA,NA,NA,NA,NA,NA,NA,NA,NA,NA,NA,NA,NA,NA,NA,NA,NA,NA,NA,NA,NA,NA,NA,NA,NA,NA,NA,NA,NA,NA,NA,NA,NA,NA,NA,NA,NA,NA,NA,NA,NA,NA,NA,NA,NA,NA,NA,NA,NA,NA,NA,NA,NA,NA,NA,NA,NA,NA,NA,NA,NA,23-1,2023,202301,H-18,10234.640754,0.01409472774358605,1489.9188109224929,162,110,2,65.68,0,NA,0.3503,0.1214,0,57.33481,-168.36853,73,3.1,2,EBS,5
NA,NA,NA,NA,NA,NA,NA,NA,NA,NA,NA,NA,NA,NA,NA,NA,NA,NA,NA,NA,NA,NA,NA,NA,NA,NA,NA,NA,NA,NA,NA,NA,NA,NA,NA,NA,NA,NA,NA,NA,NA,NA,NA,NA,NA,NA,NA,NA,NA,NA,NA,NA,NA,NA,NA,NA,NA,NA,NA,NA,NA,NA,NA,NA,NA,NA,NA,NA,NA,NA,NA,NA,NA,NA,NA,NA,NA,NA,NA,NA,NA,NA,NA,NA,23-2,2023,202301,H-18,10234.640754,0.01409472774358605,1489.9188109224929,162,110,2,60.4,0,NA,0.3024,0.0942,0,57.33481,-168.36853,73,3.1,2,EBS,5
NA,NA,NA,NA,NA,NA,NA,NA,NA,NA,NA,NA,NA,NA,NA,NA,NA,NA,NA,NA,NA,NA,NA,NA,NA,NA,NA,NA,NA,NA,NA,NA,NA,NA,NA,NA,NA,NA,NA,NA,NA,NA,NA,NA,NA,NA,NA,NA,NA,NA,NA,NA,NA,NA,NA,NA,NA,NA,NA,NA,NA,NA,NA,NA,NA,NA,NA,NA,NA,NA,NA,NA,NA,NA,NA,NA,NA,NA,NA,NA,NA,NA,NA,NA,23-3,2023,202301,H-18,10234.640754,0.01409472774358605,1489.9188109224929,162,110,2,68.85,0,95,0.3122,0.1129,0,57.33481,-168.36853,73,3.1,2,EBS,5
NA,NA,NA,NA,NA,NA,NA,NA,NA,NA,NA,NA,NA,NA,NA,NA,NA,NA,NA,NA,NA,NA,NA,NA,NA,NA,NA,NA,NA,NA,NA,NA,NA,NA,NA,NA,NA,NA,NA,NA,NA,NA,NA,NA,NA,NA,NA,NA,NA,NA,NA,NA,NA,NA,NA,NA,NA,NA,NA,NA,NA,NA,NA,NA,NA,NA,NA,NA,NA,NA,NA,NA,NA,NA,NA,NA,NA,NA,NA,NA,NA,NA,NA,NA,23-4,2023,202301,H-18,10234.640754,0.01409472774358605,1489.9188109224929,162,110,2,64.26,0,85,0.3096,0.1038,0,57.33481,-168.36853,73,3.1,2,EBS,5
NA,NA,NA,NA,NA,NA,NA,NA,NA,NA,NA,NA,NA,NA,NA,NA,NA,NA,NA,NA,NA,NA,NA,NA,NA,NA,NA,NA,NA,NA,NA,NA,NA,NA,NA,NA,NA,NA,NA,NA,NA,NA,NA,NA,NA,NA,NA,NA,NA,NA,NA,NA,NA,NA,NA,NA,NA,NA,NA,NA,NA,NA,NA,NA,NA,NA,NA,NA,NA,NA,NA,NA,NA,NA,NA,NA,NA,NA,NA,NA,NA,NA,NA,NA,23-5,2023,202301,H-18,10234.640754,0.01409472774358605,1489.9188109224929,162,110,2,71.15,0,115,0.3158,0.1111,0,57.33481,-168.36853,73,3.1,2,EBS,5
NA,NA,NA,NA,NA,NA,NA,NA,NA,NA,NA,NA,NA,NA,NA,NA,NA,NA,NA,NA,NA,NA,NA,NA,NA,NA,NA,NA,NA,NA,NA,NA,NA,NA,NA,NA,NA,NA,NA,NA,NA,NA,NA,NA,NA,NA,NA,NA,NA,NA,NA,NA,NA,NA,NA,NA,NA,NA,NA,NA,NA,NA,NA,NA,NA,NA,NA,NA,NA,NA,NA,NA,NA,NA,NA,NA,NA,NA,NA,NA,NA,NA,NA,NA,23-41,2023,202301,H-20,5371.173317,0.01459429566221055,161789.9975888494,162,138,2,64.45,0,90,0.3233,0.1068,0,57.3367,-169.59332,64,1.7,2,EBS,5
NA,NA,NA,NA,NA,NA,NA,NA,NA,NA,NA,NA,NA,NA,NA,NA,NA,NA,NA,NA,NA,NA,NA,NA,NA,NA,NA,NA,NA,NA,NA,NA,NA,NA,NA,NA,NA,NA,NA,NA,NA,NA,NA,NA,NA,NA,NA,NA,NA,NA,NA,NA,NA,NA,NA,NA,NA,NA,NA,NA,NA,NA,NA,NA,NA,NA,NA,NA,NA,NA,NA,NA,NA,NA,NA,NA,NA,NA,NA,NA,NA,NA,NA,NA,23-42,2023,202301,H-20,5371.173317,0.01459429566221055,161789.9975888494,162,138,2,55.35,0,58,0.315,0.1225,0,57.3367,-169.59332,64,1.7,2,EBS,5
NA,NA,NA,NA,NA,NA,NA,NA,NA,NA,NA,NA,NA,NA,NA,NA,NA,NA,NA,NA,NA,NA,NA,NA,NA,NA,NA,NA,NA,NA,NA,NA,NA,NA,NA,NA,NA,NA,NA,NA,NA,NA,NA,NA,NA,NA,NA,NA,NA,NA,NA,NA,NA,NA,NA,NA,NA,NA,NA,NA,NA,NA,NA,NA,NA,NA,NA,NA,NA,NA,NA,NA,NA,NA,NA,NA,NA,NA,NA,NA,NA,NA,NA,NA,23-43,2023,202301,H-20,5371.173317,0.01459429566221055,161789.9975888494,162,138,2,52.13,0,50,0.2501,0.0944,0,57.3367,-169.59332,64,1.7,2,EBS,5
NA,NA,NA,NA,NA,NA,NA,NA,NA,NA,NA,NA,NA,NA,NA,NA,NA,NA,NA,NA,NA,NA,NA,NA,NA,NA,NA,NA,NA,NA,NA,NA,NA,NA,NA,NA,NA,NA,NA,NA,NA,NA,NA,NA,NA,NA,NA,NA,NA,NA,NA,NA,NA,NA,NA,NA,NA,NA,NA,NA,NA,NA,NA,NA,NA,NA,NA,NA,NA,NA,NA,NA,NA,NA,NA,NA,NA,NA,NA,NA,NA,NA,NA,NA,23-44,2023,202301,H-20,5371.173317,0.01459429566221055,161789.9975888494,162,138,2,51.84,0,48,0.3298,0.1353,0,57.3367,-169.59332,64,1.7,2,EBS,5
NA,NA,NA,NA,NA,NA,NA,NA,NA,NA,NA,NA,NA,NA,NA,NA,NA,NA,NA,NA,NA,NA,NA,NA,NA,NA,NA,NA,NA,NA,NA,NA,NA,NA,NA,NA,NA,NA,NA,NA,NA,NA,NA,NA,NA,NA,NA,NA,NA,NA,NA,NA,NA,NA,NA,NA,NA,NA,NA,NA,NA,NA,NA,NA,NA,NA,NA,NA,NA,NA,NA,NA,NA,NA,NA,NA,NA,NA,NA,NA,NA,NA,NA,NA,23-45,2023,202301,H-20,5371.173317,0.01459429566221055,161789.9975888494,162,138,2,51.43,0,46,0.287,0.1177,0,57.3367,-169.59332,64,1.7,2,EBS,5
NA,NA,NA,NA,NA,NA,NA,NA,NA,NA,NA,NA,NA,NA,NA,NA,NA,NA,NA,NA,NA,NA,NA,NA,NA,NA,NA,NA,NA,NA,NA,NA,NA,NA,NA,NA,NA,NA,NA,NA,NA,NA,NA,NA,NA,NA,NA,NA,NA,NA,NA,NA,NA,NA,NA,NA,NA,NA,NA,NA,NA,NA,NA,NA,NA,NA,NA,NA,NA,NA,NA,NA,NA,NA,NA,NA,NA,NA,NA,NA,NA,NA,NA,NA,23-12,2023,202301,I-18,11672.752789,0.01402415550589845,1497.4163678638306,162,111,2,49.26,0,40,0.3025,0.0994,0,57.67082,-168.39597,71,2.7,2,EBS,5
NA,NA,NA,NA,NA,NA,NA,NA,NA,NA,NA,NA,NA,NA,NA,NA,NA,NA,NA,NA,NA,NA,NA,NA,NA,NA,NA,NA,NA,NA,NA,NA,NA,NA,NA,NA,NA,NA,NA,NA,NA,NA,NA,NA,NA,NA,NA,NA,NA,NA,NA,NA,NA,NA,NA,NA,NA,NA,NA,NA,NA,NA,NA,NA,NA,NA,NA,NA,NA,NA,NA,NA,NA,NA,NA,NA,NA,NA,NA,NA,NA,NA,NA,NA,23-13,2023,202301,I-18,11672.752789,0.01402415550589845,1497.4163678638306,162,111,2,56.7,0,60,0.3034,0.0996,0,57.67082,-168.39597,71,2.7,2,EBS,5
NA,NA,NA,NA,NA,NA,NA,NA,NA,NA,NA,NA,NA,NA,NA,NA,NA,NA,NA,NA,NA,NA,NA,NA,NA,NA,NA,NA,NA,NA,NA,NA,NA,NA,NA,NA,NA,NA,NA,NA,NA,NA,NA,NA,NA,NA,NA,NA,NA,NA,NA,NA,NA,NA,NA,NA,NA,NA,NA,NA,NA,NA,NA,NA,NA,NA,NA,NA,NA,NA,NA,NA,NA,NA,NA,NA,NA,NA,NA,NA,NA,NA,NA,NA,23-14,2023,202301,I-18,11672.752789,0.01402415550589845,1497.4163678638306,162,111,2,56.16,0,60,0.3084,0.1087,0,57.67082,-168.39597,71,2.7,2,EBS,5
NA,NA,NA,NA,NA,NA,NA,NA,NA,NA,NA,NA,NA,NA,NA,NA,NA,NA,NA,NA,NA,NA,NA,NA,NA,NA,NA,NA,NA,NA,NA,NA,NA,NA,NA,NA,NA,NA,NA,NA,NA,NA,NA,NA,NA,NA,NA,NA,NA,NA,NA,NA,NA,NA,NA,NA,NA,NA,NA,NA,NA,NA,NA,NA,NA,NA,NA,NA,NA,NA,NA,NA,NA,NA,NA,NA,NA,NA,NA,NA,NA,NA,NA,NA,23-15,2023,202301,I-18,11672.752789,0.01402415550589845,1497.4163678638306,162,111,2,56.08,0,60,0.316,0.0995,0,57.67082,-168.39597,71,2.7,2,EBS,5
NA,NA,NA,NA,NA,NA,NA,NA,NA,NA,NA,NA,NA,NA,NA,NA,NA,NA,NA,NA,NA,NA,NA,NA,NA,NA,NA,NA,NA,NA,NA,NA,NA,NA,NA,NA,NA,NA,NA,NA,NA,NA,NA,NA,NA,NA,NA,NA,NA,NA,NA,NA,NA,NA,NA,NA,NA,NA,NA,NA,NA,NA,NA,NA,NA,NA,NA,NA,NA,NA,NA,NA,NA,NA,NA,NA,NA,NA,NA,NA,NA,NA,NA,NA,23-16,2023,202301,I-18,11672.752789,0.01402415550589845,1497.4163678638306,162,111,2,63.35,0,70,0.2665,0.0518,0,57.67082,-168.39597,71,2.7,2,EBS,5
NA,NA,NA,NA,NA,NA,NA,NA,NA,NA,NA,NA,NA,NA,NA,NA,NA,NA,NA,NA,NA,NA,NA,NA,NA,NA,NA,NA,NA,NA,NA,NA,NA,NA,NA,NA,NA,NA,NA,NA,NA,NA,NA,NA,NA,NA,NA,NA,NA,NA,NA,NA,NA,NA,NA,NA,NA,NA,NA,NA,NA,NA,NA,NA,NA,NA,NA,NA,NA,NA,NA,NA,NA,NA,NA,NA,NA,NA,NA,NA,NA,NA,NA,NA,23-28,2023,202301,I-20,29703.141648,0.01425212340269025,4560.723912040399,162,136,2,67.99,0,110,0.3041,0.0994,0,57.65951,-169.65312,71,1.8,2,EBS,5
NA,NA,NA,NA,NA,NA,NA,NA,NA,NA,NA,NA,NA,NA,NA,NA,NA,NA,NA,NA,NA,NA,NA,NA,NA,NA,NA,NA,NA,NA,NA,NA,NA,NA,NA,NA,NA,NA,NA,NA,NA,NA,NA,NA,NA,NA,NA,NA,NA,NA,NA,NA,NA,NA,NA,NA,NA,NA,NA,NA,NA,NA,NA,NA,NA,NA,NA,NA,NA,NA,NA,NA,NA,NA,NA,NA,NA,NA,NA,NA,NA,NA,NA,NA,23-29,2023,202301,I-20,29703.141648,0.01425212340269025,4560.723912040399,162,136,2,46.43,0,35,0.3032,0.1113,0,57.65951,-169.65312,71,1.8,2,EBS,5
NA,NA,NA,NA,NA,NA,NA,NA,NA,NA,NA,NA,NA,NA,NA,NA,NA,NA,NA,NA,NA,NA,NA,NA,NA,NA,NA,NA,NA,NA,NA,NA,NA,NA,NA,NA,NA,NA,NA,NA,NA,NA,NA,NA,NA,NA,NA,NA,NA,NA,NA,NA,NA,NA,NA,NA,NA,NA,NA,NA,NA,NA,NA,NA,NA,NA,NA,NA,NA,NA,NA,NA,NA,NA,NA,NA,NA,NA,NA,NA,NA,NA,NA,NA,23-30,2023,202301,I-20,29703.141648,0.01425212340269025,4560.723912040399,162,136,2,52.92,0,55,0.3094,0.1026,0,57.65951,-169.65312,71,1.8,2,EBS,5
NA,NA,NA,NA,NA,NA,NA,NA,NA,NA,NA,NA,NA,NA,NA,NA,NA,NA,NA,NA,NA,NA,NA,NA,NA,NA,NA,NA,NA,NA,NA,NA,NA,NA,NA,NA,NA,NA,NA,NA,NA,NA,NA,NA,NA,NA,NA,NA,NA,NA,NA,NA,NA,NA,NA,NA,NA,NA,NA,NA,NA,NA,NA,NA,NA,NA,NA,NA,NA,NA,NA,NA,NA,NA,NA,NA,NA,NA,NA,NA,NA,NA,NA,NA,23-31,2023,202301,I-20,29703.141648,0.01425212340269025,4560.723912040399,162,136,2,49.16,0,40,0.3114,0.1016,0,57.65951,-169.65312,71,1.8,2,EBS,5
NA,NA,NA,NA,NA,NA,NA,NA,NA,NA,NA,NA,NA,NA,NA,NA,NA,NA,NA,NA,NA,NA,NA,NA,NA,NA,NA,NA,NA,NA,NA,NA,NA,NA,NA,NA,NA,NA,NA,NA,NA,NA,NA,NA,NA,NA,NA,NA,NA,NA,NA,NA,NA,NA,NA,NA,NA,NA,NA,NA,NA,NA,NA,NA,NA,NA,NA,NA,NA,NA,NA,NA,NA,NA,NA,NA,NA,NA,NA,NA,NA,NA,NA,NA,23-32,2023,202301,I-20,29703.141648,0.01425212340269025,4560.723912040399,162,136,2,49.46,0,45,0.2149,0.0785,0,57.65951,-169.65312,71,1.8,2,EBS,5
NA,NA,NA,NA,NA,NA,NA,NA,NA,NA,NA,NA,NA,NA,NA,NA,NA,NA,NA,NA,NA,NA,NA,NA,NA,NA,NA,NA,NA,NA,NA,NA,NA,NA,NA,NA,NA,NA,NA,NA,NA,NA,NA,NA,NA,NA,NA,NA,NA,NA,NA,NA,NA,NA,NA,NA,NA,NA,NA,NA,NA,NA,NA,NA,NA,NA,NA,NA,NA,NA,NA,NA,NA,NA,NA,NA,NA,NA,NA,NA,NA,NA,NA,NA,23-38,2023,202301,I-20,29703.141648,0.01425212340269025,4560.723912040399,162,136,2,47.89,0,38,0.3214,0.1082,0,57.65951,-169.65312,71,1.8,2,EBS,5
NA,NA,NA,NA,NA,NA,NA,NA,NA,NA,NA,NA,NA,NA,NA,NA,NA,NA,NA,NA,NA,NA,NA,NA,NA,NA,NA,NA,NA,NA,NA,NA,NA,NA,NA,NA,NA,NA,NA,NA,NA,NA,NA,NA,NA,NA,NA,NA,NA,NA,NA,NA,NA,NA,NA,NA,NA,NA,NA,NA,NA,NA,NA,NA,NA,NA,NA,NA,NA,NA,NA,NA,NA,NA,NA,NA,NA,NA,NA,NA,NA,NA,NA,NA,23-39,2023,202301,I-20,29703.141648,0.01425212340269025,4560.723912040399,162,136,2,45.06,0,NA,0.2326,0.0779,0,57.65951,-169.65312,71,1.8,2,EBS,5
NA,NA,NA,NA,NA,NA,NA,NA,NA,NA,NA,NA,NA,NA,NA,NA,NA,NA,NA,NA,NA,NA,NA,NA,NA,NA,NA,NA,NA,NA,NA,NA,NA,NA,NA,NA,NA,NA,NA,NA,NA,NA,NA,NA,NA,NA,NA,NA,NA,NA,NA,NA,NA,NA,NA,NA,NA,NA,NA,NA,NA,NA,NA,NA,NA,NA,NA,NA,NA,NA,NA,NA,NA,NA,NA,NA,NA,NA,NA,NA,NA,NA,NA,NA,23-40,2023,202301,I-20,29703.141648,0.01425212340269025,4560.723912040399,162,136,2,45.6,0,32,0.103,0.0319,0,57.65951,-169.65312,71,1.8,2,EBS,5
NA,NA,NA,NA,NA,NA,NA,NA,NA,NA,NA,NA,NA,NA,NA,NA,NA,NA,NA,NA,NA,NA,NA,NA,NA,NA,NA,NA,NA,NA,NA,NA,NA,NA,NA,NA,NA,NA,NA,NA,NA,NA,NA,NA,NA,NA,NA,NA,NA,NA,NA,NA,NA,NA,NA,NA,NA,NA,NA,NA,NA,NA,NA,NA,NA,NA,NA,NA,NA,NA,NA,NA,NA,NA,NA,NA,NA,NA,NA,NA,NA,NA,NA,NA,23-33,2023,202301,IH2019,7745.780041,0.0142929563240178,64207.89367822161,162,137,2,66.45,0,92,0.3051,0.1116,0,57.49803,-169.37649,70,2.3,2,EBS,5
NA,NA,NA,NA,NA,NA,NA,NA,NA,NA,NA,NA,NA,NA,NA,NA,NA,NA,NA,NA,NA,NA,NA,NA,NA,NA,NA,NA,NA,NA,NA,NA,NA,NA,NA,NA,NA,NA,NA,NA,NA,NA,NA,NA,NA,NA,NA,NA,NA,NA,NA,NA,NA,NA,NA,NA,NA,NA,NA,NA,NA,NA,NA,NA,NA,NA,NA,NA,NA,NA,NA,NA,NA,NA,NA,NA,NA,NA,NA,NA,NA,NA,NA,NA,23-34,2023,202301,IH2019,7745.780041,0.0142929563240178,64207.89367822161,162,137,2,68.9,0,106,0.3525,0.1269,0,57.49803,-169.37649,70,2.3,2,EBS,5
NA,NA,NA,NA,NA,NA,NA,NA,NA,NA,NA,NA,NA,NA,NA,NA,NA,NA,NA,NA,NA,NA,NA,NA,NA,NA,NA,NA,NA,NA,NA,NA,NA,NA,NA,NA,NA,NA,NA,NA,NA,NA,NA,NA,NA,NA,NA,NA,NA,NA,NA,NA,NA,NA,NA,NA,NA,NA,NA,NA,NA,NA,NA,NA,NA,NA,NA,NA,NA,NA,NA,NA,NA,NA,NA,NA,NA,NA,NA,NA,NA,NA,NA,NA,23-35,2023,202301,IH2019,7745.780041,0.0142929563240178,64207.89367822161,162,137,2,68.48,0,NA,0.311,0.1019,0,57.49803,-169.37649,70,2.3,2,EBS,5
NA,NA,NA,NA,NA,NA,NA,NA,NA,NA,NA,NA,NA,NA,NA,NA,NA,NA,NA,NA,NA,NA,NA,NA,NA,NA,NA,NA,NA,NA,NA,NA,NA,NA,NA,NA,NA,NA,NA,NA,NA,NA,NA,NA,NA,NA,NA,NA,NA,NA,NA,NA,NA,NA,NA,NA,NA,NA,NA,NA,NA,NA,NA,NA,NA,NA,NA,NA,NA,NA,NA,NA,NA,NA,NA,NA,NA,NA,NA,NA,NA,NA,NA,NA,23-36,2023,202301,IH2019,7745.780041,0.0142929563240178,64207.89367822161,162,137,2,70.46,0,NA,0.333,0.1111,0,57.49803,-169.37649,70,2.3,2,EBS,5
NA,NA,NA,NA,NA,NA,NA,NA,NA,NA,NA,NA,NA,NA,NA,NA,NA,NA,NA,NA,NA,NA,NA,NA,NA,NA,NA,NA,NA,NA,NA,NA,NA,NA,NA,NA,NA,NA,NA,NA,NA,NA,NA,NA,NA,NA,NA,NA,NA,NA,NA,NA,NA,NA,NA,NA,NA,NA,NA,NA,NA,NA,NA,NA,NA,NA,NA,NA,NA,NA,NA,NA,NA,NA,NA,NA,NA,NA,NA,NA,NA,NA,NA,NA,23-37,2023,202301,IH2019,7745.780041,0.0142929563240178,64207.89367822161,162,137,2,70.29,0,NA,0.3125,0.1126,0,57.49803,-169.37649,70,2.3,2,EBS,5
NA,NA,NA,NA,NA,NA,NA,NA,NA,NA,NA,NA,NA,NA,NA,NA,NA,NA,NA,NA,NA,NA,NA,NA,NA,NA,NA,NA,NA,NA,NA,NA,NA,NA,NA,NA,NA,NA,NA,NA,NA,NA,NA,NA,NA,NA,NA,NA,NA,NA,NA,NA,NA,NA,NA,NA,NA,NA,NA,NA,NA,NA,NA,NA,NA,NA,NA,NA,NA,NA,NA,NA,NA,NA,NA,NA,NA,NA,NA,NA,NA,NA,NA,NA,23-321,2023,202301,IH2120,8314.215708,0.0143436038057664,54252.79173474916,134,129,2,52.96,0,50,0.3113,0.1109,0,57.50772,-169.96235,68,2.3,2,EBS,5
NA,NA,NA,NA,NA,NA,NA,NA,NA,NA,NA,NA,NA,NA,NA,NA,NA,NA,NA,NA,NA,NA,NA,NA,NA,NA,NA,NA,NA,NA,NA,NA,NA,NA,NA,NA,NA,NA,NA,NA,NA,NA,NA,NA,NA,NA,NA,NA,NA,NA,NA,NA,NA,NA,NA,NA,NA,NA,NA,NA,NA,NA,NA,NA,NA,NA,NA,NA,NA,NA,NA,NA,NA,NA,NA,NA,NA,NA,NA,NA,NA,NA,NA,NA,23-324,2023,202301,IH2120,8314.215708,0.0143436038057664,54252.79173474916,134,129,2,50.91,0,40,0.3007,0.1219,0,57.50772,-169.96235,68,2.3,2,EBS,5
NA,NA,NA,NA,NA,NA,NA,NA,NA,NA,NA,NA,NA,NA,NA,NA,NA,NA,NA,NA,NA,NA,NA,NA,NA,NA,NA,NA,NA,NA,NA,NA,NA,NA,NA,NA,NA,NA,NA,NA,NA,NA,NA,NA,NA,NA,NA,NA,NA,NA,NA,NA,NA,NA,NA,NA,NA,NA,NA,NA,NA,NA,NA,NA,NA,NA,NA,NA,NA,NA,NA,NA,NA,NA,NA,NA,NA,NA,NA,NA,NA,NA,NA,NA,23-332,2023,202301,IH2120,8314.215708,0.0143436038057664,54252.79173474916,134,129,2,45.75,0,34,0.3207,0.1128,0,57.50772,-169.96235,68,2.3,2,EBS,5
NA,NA,NA,NA,NA,NA,NA,NA,NA,NA,NA,NA,NA,NA,NA,NA,NA,NA,NA,NA,NA,NA,NA,NA,NA,NA,NA,NA,NA,NA,NA,NA,NA,NA,NA,NA,NA,NA,NA,NA,NA,NA,NA,NA,NA,NA,NA,NA,NA,NA,NA,NA,NA,NA,NA,NA,NA,NA,NA,NA,NA,NA,NA,NA,NA,NA,NA,NA,NA,NA,NA,NA,NA,NA,NA,NA,NA,NA,NA,NA,NA,NA,NA,NA,23-341,2023,202301,IH2120,8314.215708,0.0143436038057664,54252.79173474916,134,129,2,49.55,0,42,0.306,0.1211,0,57.50772,-169.96235,68,2.3,2,EBS,5
NA,NA,NA,NA,NA,NA,NA,NA,NA,NA,NA,NA,NA,NA,NA,NA,NA,NA,NA,NA,NA,NA,NA,NA,NA,NA,NA,NA,NA,NA,NA,NA,NA,NA,NA,NA,NA,NA,NA,NA,NA,NA,NA,NA,NA,NA,NA,NA,NA,NA,NA,NA,NA,NA,NA,NA,NA,NA,NA,NA,NA,NA,NA,NA,NA,NA,NA,NA,NA,NA,NA,NA,NA,NA,NA,NA,NA,NA,NA,NA,NA,NA,NA,NA,23-342,2023,202301,IH2120,8314.215708,0.0143436038057664,54252.79173474916,134,129,2,48.88,0,34,0.308,0.1157,0,57.50772,-169.96235,68,2.3,2,EBS,5
NA,NA,NA,NA,NA,NA,NA,NA,NA,NA,NA,NA,NA,NA,NA,NA,NA,NA,NA,NA,NA,NA,NA,NA,NA,NA,NA,NA,NA,NA,NA,NA,NA,NA,NA,NA,NA,NA,NA,NA,NA,NA,NA,NA,NA,NA,NA,NA,NA,NA,NA,NA,NA,NA,NA,NA,NA,NA,NA,NA,NA,NA,NA,NA,NA,NA,NA,NA,NA,NA,NA,NA,NA,NA,NA,NA,NA,NA,NA,NA,NA,NA,NA,NA,23-346,2023,202301,IH2120,8314.215708,0.0143436038057664,54252.79173474916,134,129,2,53.64,0,46,0.2969,0.117,0,57.50772,-169.96235,68,2.3,2,EBS,5
NA,NA,NA,NA,NA,NA,NA,NA,NA,NA,NA,NA,NA,NA,NA,NA,NA,NA,NA,NA,NA,NA,NA,NA,NA,NA,NA,NA,NA,NA,NA,NA,NA,NA,NA,NA,NA,NA,NA,NA,NA,NA,NA,NA,NA,NA,NA,NA,NA,NA,NA,NA,NA,NA,NA,NA,NA,NA,NA,NA,NA,NA,NA,NA,NA,NA,NA,NA,NA,NA,NA,NA,NA,NA,NA,NA,NA,NA,NA,NA,NA,NA,NA,NA,23-366,2023,202301,IH2120,8314.215708,0.0143436038057664,54252.79173474916,134,129,1,52.3,7.37,68,0.3147,0.0979,0,57.50772,-169.96235,68,2.3,2,EBS,5
NA,NA,NA,NA,NA,NA,NA,NA,NA,NA,NA,NA,NA,NA,NA,NA,NA,NA,NA,NA,NA,NA,NA,NA,NA,NA,NA,NA,NA,NA,NA,NA,NA,NA,NA,NA,NA,NA,NA,NA,NA,NA,NA,NA,NA,NA,NA,NA,NA,NA,NA,NA,NA,NA,NA,NA,NA,NA,NA,NA,NA,NA,NA,NA,NA,NA,NA,NA,NA,NA,NA,NA,NA,NA,NA,NA,NA,NA,NA,NA,NA,NA,NA,NA,23-375,2023,202301,IH2120,8314.215708,0.0143436038057664,54252.79173474916,134,129,2,47.15,0,35,0.3087,0.1111,0,57.50772,-169.96235,68,2.3,2,EBS,5
NA,NA,NA,NA,NA,NA,NA,NA,NA,NA,NA,NA,NA,NA,NA,NA,NA,NA,NA,NA,NA,NA,NA,NA,NA,NA,NA,NA,NA,NA,NA,NA,NA,NA,NA,NA,NA,NA,NA,NA,NA,NA,NA,NA,NA,NA,NA,NA,NA,NA,NA,NA,NA,NA,NA,NA,NA,NA,NA,NA,NA,NA,NA,NA,NA,NA,NA,NA,NA,NA,NA,NA,NA,NA,NA,NA,NA,NA,NA,NA,NA,NA,NA,NA,23-377,2023,202301,IH2120,8314.215708,0.0143436038057664,54252.79173474916,134,129,2,47.99,0,36,0.2951,0.1133,0,57.50772,-169.96235,68,2.3,2,EBS,5
NA,NA,NA,NA,NA,NA,NA,NA,NA,NA,NA,NA,NA,NA,NA,NA,NA,NA,NA,NA,NA,NA,NA,NA,NA,NA,NA,NA,NA,NA,NA,NA,NA,NA,NA,NA,NA,NA,NA,NA,NA,NA,NA,NA,NA,NA,NA,NA,NA,NA,NA,NA,NA,NA,NA,NA,NA,NA,NA,NA,NA,NA,NA,NA,NA,NA,NA,NA,NA,NA,NA,NA,NA,NA,NA,NA,NA,NA,NA,NA,NA,NA,NA,NA,23-17,2023,202301,J-18,26514.423093,0.0135843615635376,1177.8249515197185,162,113,1,70.56,12.83,115,0.3164,0.0917,0,58.00433,-168.42941,69,2,2,EBS,5
NA,NA,NA,NA,NA,NA,NA,NA,NA,NA,NA,NA,NA,NA,NA,NA,NA,NA,NA,NA,NA,NA,NA,NA,NA,NA,NA,NA,NA,NA,NA,NA,NA,NA,NA,NA,NA,NA,NA,NA,NA,NA,NA,NA,NA,NA,NA,NA,NA,NA,NA,NA,NA,NA,NA,NA,NA,NA,NA,NA,NA,NA,NA,NA,NA,NA,NA,NA,NA,NA,NA,NA,NA,NA,NA,NA,NA,NA,NA,NA,NA,NA,NA,NA,23-18,2023,202301,J-18,26514.423093,0.0135843615635376,1177.8249515197185,162,113,2,58.87,0,70,0.3093,0.1008,0,58.00433,-168.42941,69,2,2,EBS,5
NA,NA,NA,NA,NA,NA,NA,NA,NA,NA,NA,NA,NA,NA,NA,NA,NA,NA,NA,NA,NA,NA,NA,NA,NA,NA,NA,NA,NA,NA,NA,NA,NA,NA,NA,NA,NA,NA,NA,NA,NA,NA,NA,NA,NA,NA,NA,NA,NA,NA,NA,NA,NA,NA,NA,NA,NA,NA,NA,NA,NA,NA,NA,NA,NA,NA,NA,NA,NA,NA,NA,NA,NA,NA,NA,NA,NA,NA,NA,NA,NA,NA,NA,NA,23-19,2023,202301,J-18,26514.423093,0.0135843615635376,1177.8249515197185,162,113,2,46.31,0,35,0.2928,0.0963,0,58.00433,-168.42941,69,2,2,EBS,5
NA,NA,NA,NA,NA,NA,NA,NA,NA,NA,NA,NA,NA,NA,NA,NA,NA,NA,NA,NA,NA,NA,NA,NA,NA,NA,NA,NA,NA,NA,NA,NA,NA,NA,NA,NA,NA,NA,NA,NA,NA,NA,NA,NA,NA,NA,NA,NA,NA,NA,NA,NA,NA,NA,NA,NA,NA,NA,NA,NA,NA,NA,NA,NA,NA,NA,NA,NA,NA,NA,NA,NA,NA,NA,NA,NA,NA,NA,NA,NA,NA,NA,NA,NA,23-20,2023,202301,J-18,26514.423093,0.0135843615635376,1177.8249515197185,162,113,2,57.68,0,60,0.3383,0.1069,0,58.00433,-168.42941,69,2,2,EBS,5
NA,NA,NA,NA,NA,NA,NA,NA,NA,NA,NA,NA,NA,NA,NA,NA,NA,NA,NA,NA,NA,NA,NA,NA,NA,NA,NA,NA,NA,NA,NA,NA,NA,NA,NA,NA,NA,NA,NA,NA,NA,NA,NA,NA,NA,NA,NA,NA,NA,NA,NA,NA,NA,NA,NA,NA,NA,NA,NA,NA,NA,NA,NA,NA,NA,NA,NA,NA,NA,NA,NA,NA,NA,NA,NA,NA,NA,NA,NA,NA,NA,NA,NA,NA,23-21,2023,202301,J-18,26514.423093,0.0135843615635376,1177.8249515197185,162,113,2,56.05,0,55,0.306,0.0904,0,58.00433,-168.42941,69,2,2,EBS,5
NA,NA,NA,NA,NA,NA,NA,NA,NA,NA,NA,NA,NA,NA,NA,NA,NA,NA,NA,NA,NA,NA,NA,NA,NA,NA,NA,NA,NA,NA,NA,NA,NA,NA,NA,NA,NA,NA,NA,NA,NA,NA,NA,NA,NA,NA,NA,NA,NA,NA,NA,NA,NA,NA,NA,NA,NA,NA,NA,NA,NA,NA,NA,NA,NA,NA,NA,NA,NA,NA,NA,NA,NA,NA,NA,NA,NA,NA,NA,NA,NA,NA,NA,NA,23-22,2023,202301,J-18,26514.423093,0.0135843615635376,1177.8249515197185,162,113,2,48.52,0,40,0.2488,0.0945,0,58.00433,-168.42941,69,2,2,EBS,5
NA,NA,NA,NA,NA,NA,NA,NA,NA,NA,NA,NA,NA,NA,NA,NA,NA,NA,NA,NA,NA,NA,NA,NA,NA,NA,NA,NA,NA,NA,NA,NA,NA,NA,NA,NA,NA,NA,NA,NA,NA,NA,NA,NA,NA,NA,NA,NA,NA,NA,NA,NA,NA,NA,NA,NA,NA,NA,NA,NA,NA,NA,NA,NA,NA,NA,NA,NA,NA,NA,NA,NA,NA,NA,NA,NA,NA,NA,NA,NA,NA,NA,NA,NA,23-23,2023,202301,J-20,6670.630347,0.0141581012375088,2825.237602767575,162,134,2,47.06,0,25,0.2515,0.0818,0,57.9989,-169.7099,70,1.2,2,EBS,5
NA,NA,NA,NA,NA,NA,NA,NA,NA,NA,NA,NA,NA,NA,NA,NA,NA,NA,NA,NA,NA,NA,NA,NA,NA,NA,NA,NA,NA,NA,NA,NA,NA,NA,NA,NA,NA,NA,NA,NA,NA,NA,NA,NA,NA,NA,NA,NA,NA,NA,NA,NA,NA,NA,NA,NA,NA,NA,NA,NA,NA,NA,NA,NA,NA,NA,NA,NA,NA,NA,NA,NA,NA,NA,NA,NA,NA,NA,NA,NA,NA,NA,NA,NA,23-24,2023,202301,J-20,6670.630347,0.0141581012375088,2825.237602767575,162,134,2,48.72,0,40,0.3325,0.1226,0,57.9989,-169.7099,70,1.2,2,EBS,5
NA,NA,NA,NA,NA,NA,NA,NA,NA,NA,NA,NA,NA,NA,NA,NA,NA,NA,NA,NA,NA,NA,NA,NA,NA,NA,NA,NA,NA,NA,NA,NA,NA,NA,NA,NA,NA,NA,NA,NA,NA,NA,NA,NA,NA,NA,NA,NA,NA,NA,NA,NA,NA,NA,NA,NA,NA,NA,NA,NA,NA,NA,NA,NA,NA,NA,NA,NA,NA,NA,NA,NA,NA,NA,NA,NA,NA,NA,NA,NA,NA,NA,NA,NA,23-25,2023,202301,J-20,6670.630347,0.0141581012375088,2825.237602767575,162,134,2,48.29,0,35,0.2804,0.0944,0,57.9989,-169.7099,70,1.2,2,EBS,5
NA,NA,NA,NA,NA,NA,NA,NA,NA,NA,NA,NA,NA,NA,NA,NA,NA,NA,NA,NA,NA,NA,NA,NA,NA,NA,NA,NA,NA,NA,NA,NA,NA,NA,NA,NA,NA,NA,NA,NA,NA,NA,NA,NA,NA,NA,NA,NA,NA,NA,NA,NA,NA,NA,NA,NA,NA,NA,NA,NA,NA,NA,NA,NA,NA,NA,NA,NA,NA,NA,NA,NA,NA,NA,NA,NA,NA,NA,NA,NA,NA,NA,NA,NA,23-26,2023,202301,J-20,6670.630347,0.0141581012375088,2825.237602767575,162,134,2,49.18,0,NA,0.2999,0.1034,0,57.9989,-169.7099,70,1.2,2,EBS,5
NA,NA,NA,NA,NA,NA,NA,NA,NA,NA,NA,NA,NA,NA,NA,NA,NA,NA,NA,NA,NA,NA,NA,NA,NA,NA,NA,NA,NA,NA,NA,NA,NA,NA,NA,NA,NA,NA,NA,NA,NA,NA,NA,NA,NA,NA,NA,NA,NA,NA,NA,NA,NA,NA,NA,NA,NA,NA,NA,NA,NA,NA,NA,NA,NA,NA,NA,NA,NA,NA,NA,NA,NA,NA,NA,NA,NA,NA,NA,NA,NA,NA,NA,NA,23-27,2023,202301,J-20,6670.630347,0.0141581012375088,2825.237602767575,162,134,2,51.09,0,NA,0.3009,0.094,0,57.9989,-169.7099,70,1.2,2,EBS,5
NA,NA,NA,NA,NA,NA,NA,NA,NA,NA,NA,NA,NA,NA,NA,NA,NA,NA,NA,NA,NA,NA,NA,NA,NA,NA,NA,NA,NA,NA,NA,NA,NA,NA,NA,NA,NA,NA,NA,NA,NA,NA,NA,NA,NA,NA,NA,NA,NA,NA,NA,NA,NA,NA,NA,NA,NA,NA,NA,NA,NA,NA,NA,NA,NA,NA,NA,NA,NA,NA,NA,NA,NA,NA,NA,NA,NA,NA,NA,NA,NA,NA,NA,NA,23-336,2023,202301,J-22,14602.663254000001,0.0149589504752094,16297.479586153071,134,124,2,50.47,0,46,0.3116,0.1219,0,57.98899,-170.96914,86,2.3,2,EBS,5
NA,NA,NA,NA,NA,NA,NA,NA,NA,NA,NA,NA,NA,NA,NA,NA,NA,NA,NA,NA,NA,NA,NA,NA,NA,NA,NA,NA,NA,NA,NA,NA,NA,NA,NA,NA,NA,NA,NA,NA,NA,NA,NA,NA,NA,NA,NA,NA,NA,NA,NA,NA,NA,NA,NA,NA,NA,NA,NA,NA,NA,NA,NA,NA,NA,NA,NA,NA,NA,NA,NA,NA,NA,NA,NA,NA,NA,NA,NA,NA,NA,NA,NA,NA,23-337,2023,202301,J-22,14602.663254000001,0.0149589504752094,16297.479586153071,134,124,2,68,0,98,0.3043,0.1109,0,57.98899,-170.96914,86,2.3,2,EBS,5
NA,NA,NA,NA,NA,NA,NA,NA,NA,NA,NA,NA,NA,NA,NA,NA,NA,NA,NA,NA,NA,NA,NA,NA,NA,NA,NA,NA,NA,NA,NA,NA,NA,NA,NA,NA,NA,NA,NA,NA,NA,NA,NA,NA,NA,NA,NA,NA,NA,NA,NA,NA,NA,NA,NA,NA,NA,NA,NA,NA,NA,NA,NA,NA,NA,NA,NA,NA,NA,NA,NA,NA,NA,NA,NA,NA,NA,NA,NA,NA,NA,NA,NA,NA,23-351,2023,202301,J-22,14602.663254000001,0.0149589504752094,16297.479586153071,134,124,2,52.08,0,46,0.3231,0.116,0,57.98899,-170.96914,86,2.3,2,EBS,5
NA,NA,NA,NA,NA,NA,NA,NA,NA,NA,NA,NA,NA,NA,NA,NA,NA,NA,NA,NA,NA,NA,NA,NA,NA,NA,NA,NA,NA,NA,NA,NA,NA,NA,NA,NA,NA,NA,NA,NA,NA,NA,NA,NA,NA,NA,NA,NA,NA,NA,NA,NA,NA,NA,NA,NA,NA,NA,NA,NA,NA,NA,NA,NA,NA,NA,NA,NA,NA,NA,NA,NA,NA,NA,NA,NA,NA,NA,NA,NA,NA,NA,NA,NA,23-362,2023,202301,J-22,14602.663254000001,0.0149589504752094,16297.479586153071,134,124,2,59.32,0,70,0.302,0.112,0,57.98899,-170.96914,86,2.3,2,EBS,5
NA,NA,NA,NA,NA,NA,NA,NA,NA,NA,NA,NA,NA,NA,NA,NA,NA,NA,NA,NA,NA,NA,NA,NA,NA,NA,NA,NA,NA,NA,NA,NA,NA,NA,NA,NA,NA,NA,NA,NA,NA,NA,NA,NA,NA,NA,NA,NA,NA,NA,NA,NA,NA,NA,NA,NA,NA,NA,NA,NA,NA,NA,NA,NA,NA,NA,NA,NA,NA,NA,NA,NA,NA,NA,NA,NA,NA,NA,NA,NA,NA,NA,NA,NA,23-398,2023,202301,J-22,14602.663254000001,0.0149589504752094,16297.479586153071,134,124,2,50.38,0,42,0.3052,0.1185,0,57.98899,-170.96914,86,2.3,2,EBS,5
NA,NA,NA,NA,NA,NA,NA,NA,NA,NA,NA,NA,NA,NA,NA,NA,NA,NA,NA,NA,NA,NA,NA,NA,NA,NA,NA,NA,NA,NA,NA,NA,NA,NA,NA,NA,NA,NA,NA,NA,NA,NA,NA,NA,NA,NA,NA,NA,NA,NA,NA,NA,NA,NA,NA,NA,NA,NA,NA,NA,NA,NA,NA,NA,NA,NA,NA,NA,NA,NA,NA,NA,NA,NA,NA,NA,NA,NA,NA,NA,NA,NA,NA,NA,23-56,2023,202301,J-25,2613.212879,0.0147167221209624,679.4991383139637,162,163,1,93.77,17.05,NA,0.3668,0.1701,0,57.99906,-172.85784,109,3,6,EBS,8
NA,NA,NA,NA,NA,NA,NA,NA,NA,NA,NA,NA,NA,NA,NA,NA,NA,NA,NA,NA,NA,NA,NA,NA,NA,NA,NA,NA,NA,NA,NA,NA,NA,NA,NA,NA,NA,NA,NA,NA,NA,NA,NA,NA,NA,NA,NA,NA,NA,NA,NA,NA,NA,NA,NA,NA,NA,NA,NA,NA,NA,NA,NA,NA,NA,NA,NA,NA,NA,NA,NA,NA,NA,NA,NA,NA,NA,NA,NA,NA,NA,NA,NA,NA,23-46,2023,202301,J-26,5271.928132,0.0147244191294024,747.0583323748706,162,162,1,101.26,19.19,NA,0.3207,0.1622,0,58.00152,-173.45447,117,3.3,6,EBS,8
NA,NA,NA,NA,NA,NA,NA,NA,NA,NA,NA,NA,NA,NA,NA,NA,NA,NA,NA,NA,NA,NA,NA,NA,NA,NA,NA,NA,NA,NA,NA,NA,NA,NA,NA,NA,NA,NA,NA,NA,NA,NA,NA,NA,NA,NA,NA,NA,NA,NA,NA,NA,NA,NA,NA,NA,NA,NA,NA,NA,NA,NA,NA,NA,NA,NA,NA,NA,NA,NA,NA,NA,NA,NA,NA,NA,NA,NA,NA,NA,NA,NA,NA,NA,23-7,2023,202301,JI1918,19848.296121,0.01454735207422035,1581.0437447759825,162,112,2,48.42,0,35,0.3166,0.0899,0,57.83235,-168.7359,71,2,2,EBS,5
NA,NA,NA,NA,NA,NA,NA,NA,NA,NA,NA,NA,NA,NA,NA,NA,NA,NA,NA,NA,NA,NA,NA,NA,NA,NA,NA,NA,NA,NA,NA,NA,NA,NA,NA,NA,NA,NA,NA,NA,NA,NA,NA,NA,NA,NA,NA,NA,NA,NA,NA,NA,NA,NA,NA,NA,NA,NA,NA,NA,NA,NA,NA,NA,NA,NA,NA,NA,NA,NA,NA,NA,NA,NA,NA,NA,NA,NA,NA,NA,NA,NA,NA,NA,23-8,2023,202301,JI1918,19848.296121,0.01454735207422035,1581.0437447759825,162,112,2,50.01,0,40,0.347,0.1022,0,57.83235,-168.7359,71,2,2,EBS,5
NA,NA,NA,NA,NA,NA,NA,NA,NA,NA,NA,NA,NA,NA,NA,NA,NA,NA,NA,NA,NA,NA,NA,NA,NA,NA,NA,NA,NA,NA,NA,NA,NA,NA,NA,NA,NA,NA,NA,NA,NA,NA,NA,NA,NA,NA,NA,NA,NA,NA,NA,NA,NA,NA,NA,NA,NA,NA,NA,NA,NA,NA,NA,NA,NA,NA,NA,NA,NA,NA,NA,NA,NA,NA,NA,NA,NA,NA,NA,NA,NA,NA,NA,NA,23-9,2023,202301,JI1918,19848.296121,0.01454735207422035,1581.0437447759825,162,112,2,46.87,0,35,0.2152,0.0699,0,57.83235,-168.7359,71,2,2,EBS,5
NA,NA,NA,NA,NA,NA,NA,NA,NA,NA,NA,NA,NA,NA,NA,NA,NA,NA,NA,NA,NA,NA,NA,NA,NA,NA,NA,NA,NA,NA,NA,NA,NA,NA,NA,NA,NA,NA,NA,NA,NA,NA,NA,NA,NA,NA,NA,NA,NA,NA,NA,NA,NA,NA,NA,NA,NA,NA,NA,NA,NA,NA,NA,NA,NA,NA,NA,NA,NA,NA,NA,NA,NA,NA,NA,NA,NA,NA,NA,NA,NA,NA,NA,NA,23-10,2023,202301,JI1918,19848.296121,0.01454735207422035,1581.0437447759825,162,112,2,45.12,0,30,0.3356,0.0904,0,57.83235,-168.7359,71,2,2,EBS,5
NA,NA,NA,NA,NA,NA,NA,NA,NA,NA,NA,NA,NA,NA,NA,NA,NA,NA,NA,NA,NA,NA,NA,NA,NA,NA,NA,NA,NA,NA,NA,NA,NA,NA,NA,NA,NA,NA,NA,NA,NA,NA,NA,NA,NA,NA,NA,NA,NA,NA,NA,NA,NA,NA,NA,NA,NA,NA,NA,NA,NA,NA,NA,NA,NA,NA,NA,NA,NA,NA,NA,NA,NA,NA,NA,NA,NA,NA,NA,NA,NA,NA,NA,NA,23-11,2023,202301,JI1918,19848.296121,0.01454735207422035,1581.0437447759825,162,112,2,44.95,0,30,0.144,0.0325,0,57.83235,-168.7359,71,2,2,EBS,5
NA,NA,NA,NA,NA,NA,NA,NA,NA,NA,NA,NA,NA,NA,NA,NA,NA,NA,NA,NA,NA,NA,NA,NA,NA,NA,NA,NA,NA,NA,NA,NA,NA,NA,NA,NA,NA,NA,NA,NA,NA,NA,NA,NA,NA,NA,NA,NA,NA,NA,NA,NA,NA,NA,NA,NA,NA,NA,NA,NA,NA,NA,NA,NA,NA,NA,NA,NA,NA,NA,NA,NA,NA,NA,NA,NA,NA,NA,NA,NA,NA,NA,NA,NA,23-325,2023,202301,K-21,4280.574355,0.01541000070930705,185653.5741930312,134,122,2,49.93,0,40,0.3009,0.098,0,58.3295,-170.38641,74,-0.2,3,EBS,6
NA,NA,NA,NA,NA,NA,NA,NA,NA,NA,NA,NA,NA,NA,NA,NA,NA,NA,NA,NA,NA,NA,NA,NA,NA,NA,NA,NA,NA,NA,NA,NA,NA,NA,NA,NA,NA,NA,NA,NA,NA,NA,NA,NA,NA,NA,NA,NA,NA,NA,NA,NA,NA,NA,NA,NA,NA,NA,NA,NA,NA,NA,NA,NA,NA,NA,NA,NA,NA,NA,NA,NA,NA,NA,NA,NA,NA,NA,NA,NA,NA,NA,NA,NA,23-331,2023,202301,K-21,4280.574355,0.01541000070930705,185653.5741930312,134,122,2,49.54,0,40,0.3128,0.1108,0,58.3295,-170.38641,74,-0.2,3,EBS,6
NA,NA,NA,NA,NA,NA,NA,NA,NA,NA,NA,NA,NA,NA,NA,NA,NA,NA,NA,NA,NA,NA,NA,NA,NA,NA,NA,NA,NA,NA,NA,NA,NA,NA,NA,NA,NA,NA,NA,NA,NA,NA,NA,NA,NA,NA,NA,NA,NA,NA,NA,NA,NA,NA,NA,NA,NA,NA,NA,NA,NA,NA,NA,NA,NA,NA,NA,NA,NA,NA,NA,NA,NA,NA,NA,NA,NA,NA,NA,NA,NA,NA,NA,NA,23-334,2023,202301,K-21,4280.574355,0.01541000070930705,185653.5741930312,134,122,2,96.63,0,60,0.3128,0.0996,0,58.3295,-170.38641,74,-0.2,3,EBS,6
NA,NA,NA,NA,NA,NA,NA,NA,NA,NA,NA,NA,NA,NA,NA,NA,NA,NA,NA,NA,NA,NA,NA,NA,NA,NA,NA,NA,NA,NA,NA,NA,NA,NA,NA,NA,NA,NA,NA,NA,NA,NA,NA,NA,NA,NA,NA,NA,NA,NA,NA,NA,NA,NA,NA,NA,NA,NA,NA,NA,NA,NA,NA,NA,NA,NA,NA,NA,NA,NA,NA,NA,NA,NA,NA,NA,NA,NA,NA,NA,NA,NA,NA,NA,23-335,2023,202301,K-21,4280.574355,0.01541000070930705,185653.5741930312,134,122,1,71.76,10.35,116,0.3172,0.1177,0,58.3295,-170.38641,74,-0.2,3,EBS,6
NA,NA,NA,NA,NA,NA,NA,NA,NA,NA,NA,NA,NA,NA,NA,NA,NA,NA,NA,NA,NA,NA,NA,NA,NA,NA,NA,NA,NA,NA,NA,NA,NA,NA,NA,NA,NA,NA,NA,NA,NA,NA,NA,NA,NA,NA,NA,NA,NA,NA,NA,NA,NA,NA,NA,NA,NA,NA,NA,NA,NA,NA,NA,NA,NA,NA,NA,NA,NA,NA,NA,NA,NA,NA,NA,NA,NA,NA,NA,NA,NA,NA,NA,NA,23-345,2023,202301,K-21,4280.574355,0.01541000070930705,185653.5741930312,134,122,2,47.02,0,34,0.3029,0.1181,0,58.3295,-170.38641,74,-0.2,3,EBS,6
NA,NA,NA,NA,NA,NA,NA,NA,NA,NA,NA,NA,NA,NA,NA,NA,NA,NA,NA,NA,NA,NA,NA,NA,NA,NA,NA,NA,NA,NA,NA,NA,NA,NA,NA,NA,NA,NA,NA,NA,NA,NA,NA,NA,NA,NA,NA,NA,NA,NA,NA,NA,NA,NA,NA,NA,NA,NA,NA,NA,NA,NA,NA,NA,NA,NA,NA,NA,NA,NA,NA,NA,NA,NA,NA,NA,NA,NA,NA,NA,NA,NA,NA,NA,23-348,2023,202301,K-21,4280.574355,0.01541000070930705,185653.5741930312,134,122,2,48.11,0,36,0.3019,0.113,0,58.3295,-170.38641,74,-0.2,3,EBS,6
NA,NA,NA,NA,NA,NA,NA,NA,NA,NA,NA,NA,NA,NA,NA,NA,NA,NA,NA,NA,NA,NA,NA,NA,NA,NA,NA,NA,NA,NA,NA,NA,NA,NA,NA,NA,NA,NA,NA,NA,NA,NA,NA,NA,NA,NA,NA,NA,NA,NA,NA,NA,NA,NA,NA,NA,NA,NA,NA,NA,NA,NA,NA,NA,NA,NA,NA,NA,NA,NA,NA,NA,NA,NA,NA,NA,NA,NA,NA,NA,NA,NA,NA,NA,23-354,2023,202301,K-21,4280.574355,0.01541000070930705,185653.5741930312,134,122,1,77.82,11.35,130,0.3043,0.092,0,58.3295,-170.38641,74,-0.2,3,EBS,6
NA,NA,NA,NA,NA,NA,NA,NA,NA,NA,NA,NA,NA,NA,NA,NA,NA,NA,NA,NA,NA,NA,NA,NA,NA,NA,NA,NA,NA,NA,NA,NA,NA,NA,NA,NA,NA,NA,NA,NA,NA,NA,NA,NA,NA,NA,NA,NA,NA,NA,NA,NA,NA,NA,NA,NA,NA,NA,NA,NA,NA,NA,NA,NA,NA,NA,NA,NA,NA,NA,NA,NA,NA,NA,NA,NA,NA,NA,NA,NA,NA,NA,NA,NA,23-372,2023,202301,K-21,4280.574355,0.01541000070930705,185653.5741930312,134,122,1,77.38,13.21,160,0.3021,0.1,0,58.3295,-170.38641,74,-0.2,3,EBS,6
NA,NA,NA,NA,NA,NA,NA,NA,NA,NA,NA,NA,NA,NA,NA,NA,NA,NA,NA,NA,NA,NA,NA,NA,NA,NA,NA,NA,NA,NA,NA,NA,NA,NA,NA,NA,NA,NA,NA,NA,NA,NA,NA,NA,NA,NA,NA,NA,NA,NA,NA,NA,NA,NA,NA,NA,NA,NA,NA,NA,NA,NA,NA,NA,NA,NA,NA,NA,NA,NA,NA,NA,NA,NA,NA,NA,NA,NA,NA,NA,NA,NA,NA,NA,23-380,2023,202301,K-21,4280.574355,0.01541000070930705,185653.5741930312,134,122,1,90.05,14.22,228,0.3061,0.0901,0,58.3295,-170.38641,74,-0.2,3,EBS,6
NA,NA,NA,NA,NA,NA,NA,NA,NA,NA,NA,NA,NA,NA,NA,NA,NA,NA,NA,NA,NA,NA,NA,NA,NA,NA,NA,NA,NA,NA,NA,NA,NA,NA,NA,NA,NA,NA,NA,NA,NA,NA,NA,NA,NA,NA,NA,NA,NA,NA,NA,NA,NA,NA,NA,NA,NA,NA,NA,NA,NA,NA,NA,NA,NA,NA,NA,NA,NA,NA,NA,NA,NA,NA,NA,NA,NA,NA,NA,NA,NA,NA,NA,NA,23-383,2023,202301,K-21,4280.574355,0.01541000070930705,185653.5741930312,134,122,1,70.38,12.13,138,0.3066,0.1091,0,58.3295,-170.38641,74,-0.2,3,EBS,6
NA,NA,NA,NA,NA,NA,NA,NA,NA,NA,NA,NA,NA,NA,NA,NA,NA,NA,NA,NA,NA,NA,NA,NA,NA,NA,NA,NA,NA,NA,NA,NA,NA,NA,NA,NA,NA,NA,NA,NA,NA,NA,NA,NA,NA,NA,NA,NA,NA,NA,NA,NA,NA,NA,NA,NA,NA,NA,NA,NA,NA,NA,NA,NA,NA,NA,NA,NA,NA,NA,NA,NA,NA,NA,NA,NA,NA,NA,NA,NA,NA,NA,NA,NA,23-343,2023,202301,K-22,4584.262996,0.0145798203299364,4321.040902722483,134,121,1,72.97,10.78,140,0.3089,0.1138,0,58.33438,-170.99082,83,1.6,3,EBS,6
NA,NA,NA,NA,NA,NA,NA,NA,NA,NA,NA,NA,NA,NA,NA,NA,NA,NA,NA,NA,NA,NA,NA,NA,NA,NA,NA,NA,NA,NA,NA,NA,NA,NA,NA,NA,NA,NA,NA,NA,NA,NA,NA,NA,NA,NA,NA,NA,NA,NA,NA,NA,NA,NA,NA,NA,NA,NA,NA,NA,NA,NA,NA,NA,NA,NA,NA,NA,NA,NA,NA,NA,NA,NA,NA,NA,NA,NA,NA,NA,NA,NA,NA,NA,23-381,2023,202301,K-22,4584.262996,0.0145798203299364,4321.040902722483,134,121,1,52.42,14.49,198,0.3189,0.1081,1,58.33438,-170.99082,83,1.6,3,EBS,6
NA,NA,NA,NA,NA,NA,NA,NA,NA,NA,NA,NA,NA,NA,NA,NA,NA,NA,NA,NA,NA,NA,NA,NA,NA,NA,NA,NA,NA,NA,NA,NA,NA,NA,NA,NA,NA,NA,NA,NA,NA,NA,NA,NA,NA,NA,NA,NA,NA,NA,NA,NA,NA,NA,NA,NA,NA,NA,NA,NA,NA,NA,NA,NA,NA,NA,NA,NA,NA,NA,NA,NA,NA,NA,NA,NA,NA,NA,NA,NA,NA,NA,NA,NA,23-60,2023,202301,K-24,7706.622545,0.01498257358539315,2536.279884321547,162,165,1,86.01,13.89,268,0.309,0.1396,0,58.33175,-172.29598,102,2.8,6,EBS,8
NA,NA,NA,NA,NA,NA,NA,NA,NA,NA,NA,NA,NA,NA,NA,NA,NA,NA,NA,NA,NA,NA,NA,NA,NA,NA,NA,NA,NA,NA,NA,NA,NA,NA,NA,NA,NA,NA,NA,NA,NA,NA,NA,NA,NA,NA,NA,NA,NA,NA,NA,NA,NA,NA,NA,NA,NA,NA,NA,NA,NA,NA,NA,NA,NA,NA,NA,NA,NA,NA,NA,NA,NA,NA,NA,NA,NA,NA,NA,NA,NA,NA,NA,NA,23-70,2023,202301,K-24,7706.622545,0.01498257358539315,2536.279884321547,162,165,1,89.1,15.03,280,0.3172,0.1318,0,58.33175,-172.29598,102,2.8,6,EBS,8
NA,NA,NA,NA,NA,NA,NA,NA,NA,NA,NA,NA,NA,NA,NA,NA,NA,NA,NA,NA,NA,NA,NA,NA,NA,NA,NA,NA,NA,NA,NA,NA,NA,NA,NA,NA,NA,NA,NA,NA,NA,NA,NA,NA,NA,NA,NA,NA,NA,NA,NA,NA,NA,NA,NA,NA,NA,NA,NA,NA,NA,NA,NA,NA,NA,NA,NA,NA,NA,NA,NA,NA,NA,NA,NA,NA,NA,NA,NA,NA,NA,NA,NA,NA,23-72,2023,202301,K-24,7706.622545,0.01498257358539315,2536.279884321547,162,165,1,88.6,15.84,252,0.3134,0.1533,0,58.33175,-172.29598,102,2.8,6,EBS,8
NA,NA,NA,NA,NA,NA,NA,NA,NA,NA,NA,NA,NA,NA,NA,NA,NA,NA,NA,NA,NA,NA,NA,NA,NA,NA,NA,NA,NA,NA,NA,NA,NA,NA,NA,NA,NA,NA,NA,NA,NA,NA,NA,NA,NA,NA,NA,NA,NA,NA,NA,NA,NA,NA,NA,NA,NA,NA,NA,NA,NA,NA,NA,NA,NA,NA,NA,NA,NA,NA,NA,NA,NA,NA,NA,NA,NA,NA,NA,NA,NA,NA,NA,NA,23-74,2023,202301,K-24,7706.622545,0.01498257358539315,2536.279884321547,162,165,1,92.41,17.68,318,0.3281,0.169,0,58.33175,-172.29598,102,2.8,6,EBS,8
NA,NA,NA,NA,NA,NA,NA,NA,NA,NA,NA,NA,NA,NA,NA,NA,NA,NA,NA,NA,NA,NA,NA,NA,NA,NA,NA,NA,NA,NA,NA,NA,NA,NA,NA,NA,NA,NA,NA,NA,NA,NA,NA,NA,NA,NA,NA,NA,NA,NA,NA,NA,NA,NA,NA,NA,NA,NA,NA,NA,NA,NA,NA,NA,NA,NA,NA,NA,NA,NA,NA,NA,NA,NA,NA,NA,NA,NA,NA,NA,NA,NA,NA,NA,23-79,2023,202301,K-24,7706.622545,0.01498257358539315,2536.279884321547,162,165,1,96.82,17.82,354,0.3223,0.1713,0,58.33175,-172.29598,102,2.8,6,EBS,8
NA,NA,NA,NA,NA,NA,NA,NA,NA,NA,NA,NA,NA,NA,NA,NA,NA,NA,NA,NA,NA,NA,NA,NA,NA,NA,NA,NA,NA,NA,NA,NA,NA,NA,NA,NA,NA,NA,NA,NA,NA,NA,NA,NA,NA,NA,NA,NA,NA,NA,NA,NA,NA,NA,NA,NA,NA,NA,NA,NA,NA,NA,NA,NA,NA,NA,NA,NA,NA,NA,NA,NA,NA,NA,NA,NA,NA,NA,NA,NA,NA,NA,NA,NA,23-98,2023,202301,K-24,7706.622545,0.01498257358539315,2536.279884321547,162,165,1,91.44,17.23,306,0.313,0.1529,0,58.33175,-172.29598,102,2.8,6,EBS,8
NA,NA,NA,NA,NA,NA,NA,NA,NA,NA,NA,NA,NA,NA,NA,NA,NA,NA,NA,NA,NA,NA,NA,NA,NA,NA,NA,NA,NA,NA,NA,NA,NA,NA,NA,NA,NA,NA,NA,NA,NA,NA,NA,NA,NA,NA,NA,NA,NA,NA,NA,NA,NA,NA,NA,NA,NA,NA,NA,NA,NA,NA,NA,NA,NA,NA,NA,NA,NA,NA,NA,NA,NA,NA,NA,NA,NA,NA,NA,NA,NA,NA,NA,NA,23-471,2023,202301,K-26,1364.150174,0.0159129142026228,62.84204057577196,134,169,1,83.53,14.13,218,0.3452,0.1295,0,58.33699,-173.57419,116,3.5,6,EBS,8
NA,NA,NA,NA,NA,NA,NA,NA,NA,NA,NA,NA,NA,NA,NA,NA,NA,NA,NA,NA,NA,NA,NA,NA,NA,NA,NA,NA,NA,NA,NA,NA,NA,NA,NA,NA,NA,NA,NA,NA,NA,NA,NA,NA,NA,NA,NA,NA,NA,NA,NA,NA,NA,NA,NA,NA,NA,NA,NA,NA,NA,NA,NA,NA,NA,NA,NA,NA,NA,NA,NA,NA,NA,NA,NA,NA,NA,NA,NA,NA,NA,NA,NA,NA,23-355,2023,202301,L-21,4047.9279739999997,0.015814745857251,48626.32425088327,134,119,2,47.4,0,38,0.3151,0.1146,0,58.66918,-170.43077,73,-0.5,3,EBS,6
NA,NA,NA,NA,NA,NA,NA,NA,NA,NA,NA,NA,NA,NA,NA,NA,NA,NA,NA,NA,NA,NA,NA,NA,NA,NA,NA,NA,NA,NA,NA,NA,NA,NA,NA,NA,NA,NA,NA,NA,NA,NA,NA,NA,NA,NA,NA,NA,NA,NA,NA,NA,NA,NA,NA,NA,NA,NA,NA,NA,NA,NA,NA,NA,NA,NA,NA,NA,NA,NA,NA,NA,NA,NA,NA,NA,NA,NA,NA,NA,NA,NA,NA,NA,23-368,2023,202301,L-21,4047.9279739999997,0.015814745857251,48626.32425088327,134,119,2,47.9,0,40,0.3024,0.111,0,58.66918,-170.43077,73,-0.5,3,EBS,6
NA,NA,NA,NA,NA,NA,NA,NA,NA,NA,NA,NA,NA,NA,NA,NA,NA,NA,NA,NA,NA,NA,NA,NA,NA,NA,NA,NA,NA,NA,NA,NA,NA,NA,NA,NA,NA,NA,NA,NA,NA,NA,NA,NA,NA,NA,NA,NA,NA,NA,NA,NA,NA,NA,NA,NA,NA,NA,NA,NA,NA,NA,NA,NA,NA,NA,NA,NA,NA,NA,NA,NA,NA,NA,NA,NA,NA,NA,NA,NA,NA,NA,NA,NA,23-370,2023,202301,L-21,4047.9279739999997,0.015814745857251,48626.32425088327,134,119,2,46.44,0,314,0.3224,0.115,0,58.66918,-170.43077,73,-0.5,3,EBS,6
NA,NA,NA,NA,NA,NA,NA,NA,NA,NA,NA,NA,NA,NA,NA,NA,NA,NA,NA,NA,NA,NA,NA,NA,NA,NA,NA,NA,NA,NA,NA,NA,NA,NA,NA,NA,NA,NA,NA,NA,NA,NA,NA,NA,NA,NA,NA,NA,NA,NA,NA,NA,NA,NA,NA,NA,NA,NA,NA,NA,NA,NA,NA,NA,NA,NA,NA,NA,NA,NA,NA,NA,NA,NA,NA,NA,NA,NA,NA,NA,NA,NA,NA,NA,23-387,2023,202301,L-21,4047.9279739999997,0.015814745857251,48626.32425088327,134,119,2,48.52,0,34,0.3411,0.1249,0,58.66918,-170.43077,73,-0.5,3,EBS,6
NA,NA,NA,NA,NA,NA,NA,NA,NA,NA,NA,NA,NA,NA,NA,NA,NA,NA,NA,NA,NA,NA,NA,NA,NA,NA,NA,NA,NA,NA,NA,NA,NA,NA,NA,NA,NA,NA,NA,NA,NA,NA,NA,NA,NA,NA,NA,NA,NA,NA,NA,NA,NA,NA,NA,NA,NA,NA,NA,NA,NA,NA,NA,NA,NA,NA,NA,NA,NA,NA,NA,NA,NA,NA,NA,NA,NA,NA,NA,NA,NA,NA,NA,NA,23-394,2023,202301,L-21,4047.9279739999997,0.015814745857251,48626.32425088327,134,119,2,49.64,0,44,0.3163,0.1059,0,58.66918,-170.43077,73,-0.5,3,EBS,6
NA,NA,NA,NA,NA,NA,NA,NA,NA,NA,NA,NA,NA,NA,NA,NA,NA,NA,NA,NA,NA,NA,NA,NA,NA,NA,NA,NA,NA,NA,NA,NA,NA,NA,NA,NA,NA,NA,NA,NA,NA,NA,NA,NA,NA,NA,NA,NA,NA,NA,NA,NA,NA,NA,NA,NA,NA,NA,NA,NA,NA,NA,NA,NA,NA,NA,NA,NA,NA,NA,NA,NA,NA,NA,NA,NA,NA,NA,NA,NA,NA,NA,NA,NA,23-340,2023,202301,L-22,2718.744126,0.015477267023559,88996.18245930235,134,120,1,88.17,14.8,236,0.3122,0.0934,0,58.66657,-171.08787,82,0.6,3,EBS,6
NA,NA,NA,NA,NA,NA,NA,NA,NA,NA,NA,NA,NA,NA,NA,NA,NA,NA,NA,NA,NA,NA,NA,NA,NA,NA,NA,NA,NA,NA,NA,NA,NA,NA,NA,NA,NA,NA,NA,NA,NA,NA,NA,NA,NA,NA,NA,NA,NA,NA,NA,NA,NA,NA,NA,NA,NA,NA,NA,NA,NA,NA,NA,NA,NA,NA,NA,NA,NA,NA,NA,NA,NA,NA,NA,NA,NA,NA,NA,NA,NA,NA,NA,NA,23-358,2023,202301,L-22,2718.744126,0.015477267023559,88996.18245930235,134,120,2,49.89,0,44,0.2965,0.1044,0,58.66657,-171.08787,82,0.6,3,EBS,6
NA,NA,NA,NA,NA,NA,NA,NA,NA,NA,NA,NA,NA,NA,NA,NA,NA,NA,NA,NA,NA,NA,NA,NA,NA,NA,NA,NA,NA,NA,NA,NA,NA,NA,NA,NA,NA,NA,NA,NA,NA,NA,NA,NA,NA,NA,NA,NA,NA,NA,NA,NA,NA,NA,NA,NA,NA,NA,NA,NA,NA,NA,NA,NA,NA,NA,NA,NA,NA,NA,NA,NA,NA,NA,NA,NA,NA,NA,NA,NA,NA,NA,NA,NA,23-360,2023,202301,L-22,2718.744126,0.015477267023559,88996.18245930235,134,120,2,49.31,0,38,0.3006,0.1094,0,58.66657,-171.08787,82,0.6,3,EBS,6
NA,NA,NA,NA,NA,NA,NA,NA,NA,NA,NA,NA,NA,NA,NA,NA,NA,NA,NA,NA,NA,NA,NA,NA,NA,NA,NA,NA,NA,NA,NA,NA,NA,NA,NA,NA,NA,NA,NA,NA,NA,NA,NA,NA,NA,NA,NA,NA,NA,NA,NA,NA,NA,NA,NA,NA,NA,NA,NA,NA,NA,NA,NA,NA,NA,NA,NA,NA,NA,NA,NA,NA,NA,NA,NA,NA,NA,NA,NA,NA,NA,NA,NA,NA,23-364,2023,202301,L-22,2718.744126,0.015477267023559,88996.18245930235,134,120,2,49.08,0,38,0.3272,0.1182,0,58.66657,-171.08787,82,0.6,3,EBS,6
NA,NA,NA,NA,NA,NA,NA,NA,NA,NA,NA,NA,NA,NA,NA,NA,NA,NA,NA,NA,NA,NA,NA,NA,NA,NA,NA,NA,NA,NA,NA,NA,NA,NA,NA,NA,NA,NA,NA,NA,NA,NA,NA,NA,NA,NA,NA,NA,NA,NA,NA,NA,NA,NA,NA,NA,NA,NA,NA,NA,NA,NA,NA,NA,NA,NA,NA,NA,NA,NA,NA,NA,NA,NA,NA,NA,NA,NA,NA,NA,NA,NA,NA,NA,23-386,2023,202301,L-22,2718.744126,0.015477267023559,88996.18245930235,134,120,1,95.94,16.32,308,0.3946,0.1306,0,58.66657,-171.08787,82,0.6,3,EBS,6
NA,NA,NA,NA,NA,NA,NA,NA,NA,NA,NA,NA,NA,NA,NA,NA,NA,NA,NA,NA,NA,NA,NA,NA,NA,NA,NA,NA,NA,NA,NA,NA,NA,NA,NA,NA,NA,NA,NA,NA,NA,NA,NA,NA,NA,NA,NA,NA,NA,NA,NA,NA,NA,NA,NA,NA,NA,NA,NA,NA,NA,NA,NA,NA,NA,NA,NA,NA,NA,NA,NA,NA,NA,NA,NA,NA,NA,NA,NA,NA,NA,NA,NA,NA,23-399,2023,202301,L-22,2718.744126,0.015477267023559,88996.18245930235,134,120,2,48.19,0,38,0.316,0.1045,0,58.66657,-171.08787,82,0.6,3,EBS,6
NA,NA,NA,NA,NA,NA,NA,NA,NA,NA,NA,NA,NA,NA,NA,NA,NA,NA,NA,NA,NA,NA,NA,NA,NA,NA,NA,NA,NA,NA,NA,NA,NA,NA,NA,NA,NA,NA,NA,NA,NA,NA,NA,NA,NA,NA,NA,NA,NA,NA,NA,NA,NA,NA,NA,NA,NA,NA,NA,NA,NA,NA,NA,NA,NA,NA,NA,NA,NA,NA,NA,NA,NA,NA,NA,NA,NA,NA,NA,NA,NA,NA,NA,NA,23-97,2023,202301,L-24,5186.5492810000005,0.0149233535604945,871.117872219683,162,166,2,49.01,0,NA,0.2466,0.0682,0,58.67862,-172.36947,101,2.3,6,EBS,8
NA,NA,NA,NA,NA,NA,NA,NA,NA,NA,NA,NA,NA,NA,NA,NA,NA,NA,NA,NA,NA,NA,NA,NA,NA,NA,NA,NA,NA,NA,NA,NA,NA,NA,NA,NA,NA,NA,NA,NA,NA,NA,NA,NA,NA,NA,NA,NA,NA,NA,NA,NA,NA,NA,NA,NA,NA,NA,NA,NA,NA,NA,NA,NA,NA,NA,NA,NA,NA,NA,NA,NA,NA,NA,NA,NA,NA,NA,NA,NA,NA,NA,NA,NA,23-339,2023,202301,M-21,637.4310300000001,0.01434460470841695,51518.26871648637,134,118,2,46.77,0,32,0.2989,0.0989,0,59.02424,-170.49168,71,0.1,3,EBS,6
NA,NA,NA,NA,NA,NA,NA,NA,NA,NA,NA,NA,NA,NA,NA,NA,NA,NA,NA,NA,NA,NA,NA,NA,NA,NA,NA,NA,NA,NA,NA,NA,NA,NA,NA,NA,NA,NA,NA,NA,NA,NA,NA,NA,NA,NA,NA,NA,NA,NA,NA,NA,NA,NA,NA,NA,NA,NA,NA,NA,NA,NA,NA,NA,NA,NA,NA,NA,NA,NA,NA,NA,NA,NA,NA,NA,NA,NA,NA,NA,NA,NA,NA,NA,23-357,2023,202301,M-21,637.4310300000001,0.01434460470841695,51518.26871648637,134,118,2,52.14,0,46,0.314,0.1174,0,59.02424,-170.49168,71,0.1,3,EBS,6
NA,NA,NA,NA,NA,NA,NA,NA,NA,NA,NA,NA,NA,NA,NA,NA,NA,NA,NA,NA,NA,NA,NA,NA,NA,NA,NA,NA,NA,NA,NA,NA,NA,NA,NA,NA,NA,NA,NA,NA,NA,NA,NA,NA,NA,NA,NA,NA,NA,NA,NA,NA,NA,NA,NA,NA,NA,NA,NA,NA,NA,NA,NA,NA,NA,NA,NA,NA,NA,NA,NA,NA,NA,NA,NA,NA,NA,NA,NA,NA,NA,NA,NA,NA,23-371,2023,202301,M-21,637.4310300000001,0.01434460470841695,51518.26871648637,134,118,2,45.41,0,28,0.3174,0.1249,0,59.02424,-170.49168,71,0.1,3,EBS,6
NA,NA,NA,NA,NA,NA,NA,NA,NA,NA,NA,NA,NA,NA,NA,NA,NA,NA,NA,NA,NA,NA,NA,NA,NA,NA,NA,NA,NA,NA,NA,NA,NA,NA,NA,NA,NA,NA,NA,NA,NA,NA,NA,NA,NA,NA,NA,NA,NA,NA,NA,NA,NA,NA,NA,NA,NA,NA,NA,NA,NA,NA,NA,NA,NA,NA,NA,NA,NA,NA,NA,NA,NA,NA,NA,NA,NA,NA,NA,NA,NA,NA,NA,NA,23-374,2023,202301,M-21,637.4310300000001,0.01434460470841695,51518.26871648637,134,118,2,52.44,0,46,0.3019,0.1022,0,59.02424,-170.49168,71,0.1,3,EBS,6
NA,NA,NA,NA,NA,NA,NA,NA,NA,NA,NA,NA,NA,NA,NA,NA,NA,NA,NA,NA,NA,NA,NA,NA,NA,NA,NA,NA,NA,NA,NA,NA,NA,NA,NA,NA,NA,NA,NA,NA,NA,NA,NA,NA,NA,NA,NA,NA,NA,NA,NA,NA,NA,NA,NA,NA,NA,NA,NA,NA,NA,NA,NA,NA,NA,NA,NA,NA,NA,NA,NA,NA,NA,NA,NA,NA,NA,NA,NA,NA,NA,NA,NA,NA,23-326,2023,202301,M-22,1735.009111,0.0141598400616882,7768.449327166009,134,146,2,48,0,38,0.2999,0.0988,0,58.9881,-171.12292,78,-0.6,3,EBS,6
NA,NA,NA,NA,NA,NA,NA,NA,NA,NA,NA,NA,NA,NA,NA,NA,NA,NA,NA,NA,NA,NA,NA,NA,NA,NA,NA,NA,NA,NA,NA,NA,NA,NA,NA,NA,NA,NA,NA,NA,NA,NA,NA,NA,NA,NA,NA,NA,NA,NA,NA,NA,NA,NA,NA,NA,NA,NA,NA,NA,NA,NA,NA,NA,NA,NA,NA,NA,NA,NA,NA,NA,NA,NA,NA,NA,NA,NA,NA,NA,NA,NA,NA,NA,23-338,2023,202301,M-22,1735.009111,0.0141598400616882,7768.449327166009,134,146,2,45.37,0,30,0.324,0.112,0,58.9881,-171.12292,78,-0.6,3,EBS,6
NA,NA,NA,NA,NA,NA,NA,NA,NA,NA,NA,NA,NA,NA,NA,NA,NA,NA,NA,NA,NA,NA,NA,NA,NA,NA,NA,NA,NA,NA,NA,NA,NA,NA,NA,NA,NA,NA,NA,NA,NA,NA,NA,NA,NA,NA,NA,NA,NA,NA,NA,NA,NA,NA,NA,NA,NA,NA,NA,NA,NA,NA,NA,NA,NA,NA,NA,NA,NA,NA,NA,NA,NA,NA,NA,NA,NA,NA,NA,NA,NA,NA,NA,NA,23-352,2023,202301,M-22,1735.009111,0.0141598400616882,7768.449327166009,134,146,2,46.11,0,30,0.2977,0.1073,0,58.9881,-171.12292,78,-0.6,3,EBS,6
NA,NA,NA,NA,NA,NA,NA,NA,NA,NA,NA,NA,NA,NA,NA,NA,NA,NA,NA,NA,NA,NA,NA,NA,NA,NA,NA,NA,NA,NA,NA,NA,NA,NA,NA,NA,NA,NA,NA,NA,NA,NA,NA,NA,NA,NA,NA,NA,NA,NA,NA,NA,NA,NA,NA,NA,NA,NA,NA,NA,NA,NA,NA,NA,NA,NA,NA,NA,NA,NA,NA,NA,NA,NA,NA,NA,NA,NA,NA,NA,NA,NA,NA,NA,23-359,2023,202301,M-22,1735.009111,0.0141598400616882,7768.449327166009,134,146,1,71,15.18,NA,0.3147,0.1089,1,58.9881,-171.12292,78,-0.6,3,EBS,6
NA,NA,NA,NA,NA,NA,NA,NA,NA,NA,NA,NA,NA,NA,NA,NA,NA,NA,NA,NA,NA,NA,NA,NA,NA,NA,NA,NA,NA,NA,NA,NA,NA,NA,NA,NA,NA,NA,NA,NA,NA,NA,NA,NA,NA,NA,NA,NA,NA,NA,NA,NA,NA,NA,NA,NA,NA,NA,NA,NA,NA,NA,NA,NA,NA,NA,NA,NA,NA,NA,NA,NA,NA,NA,NA,NA,NA,NA,NA,NA,NA,NA,NA,NA,23-379,2023,202301,M-22,1735.009111,0.0141598400616882,7768.449327166009,134,146,1,72.5,12.92,136,0.321,0.1171,0,58.9881,-171.12292,78,-0.6,3,EBS,6
NA,NA,NA,NA,NA,NA,NA,NA,NA,NA,NA,NA,NA,NA,NA,NA,NA,NA,NA,NA,NA,NA,NA,NA,NA,NA,NA,NA,NA,NA,NA,NA,NA,NA,NA,NA,NA,NA,NA,NA,NA,NA,NA,NA,NA,NA,NA,NA,NA,NA,NA,NA,NA,NA,NA,NA,NA,NA,NA,NA,NA,NA,NA,NA,NA,NA,NA,NA,NA,NA,NA,NA,NA,NA,NA,NA,NA,NA,NA,NA,NA,NA,NA,NA,23-388,2023,202301,M-22,1735.009111,0.0141598400616882,7768.449327166009,134,146,2,46.27,0,32,0.3109,0.1061,0,58.9881,-171.12292,78,-0.6,3,EBS,6
NA,NA,NA,NA,NA,NA,NA,NA,NA,NA,NA,NA,NA,NA,NA,NA,NA,NA,NA,NA,NA,NA,NA,NA,NA,NA,NA,NA,NA,NA,NA,NA,NA,NA,NA,NA,NA,NA,NA,NA,NA,NA,NA,NA,NA,NA,NA,NA,NA,NA,NA,NA,NA,NA,NA,NA,NA,NA,NA,NA,NA,NA,NA,NA,NA,NA,NA,NA,NA,NA,NA,NA,NA,NA,NA,NA,NA,NA,NA,NA,NA,NA,NA,NA,23-392,2023,202301,M-22,1735.009111,0.0141598400616882,7768.449327166009,134,146,2,49.61,0,38,0.3089,0.1057,0,58.9881,-171.12292,78,-0.6,3,EBS,6
NA,NA,NA,NA,NA,NA,NA,NA,NA,NA,NA,NA,NA,NA,NA,NA,NA,NA,NA,NA,NA,NA,NA,NA,NA,NA,NA,NA,NA,NA,NA,NA,NA,NA,NA,NA,NA,NA,NA,NA,NA,NA,NA,NA,NA,NA,NA,NA,NA,NA,NA,NA,NA,NA,NA,NA,NA,NA,NA,NA,NA,NA,NA,NA,NA,NA,NA,NA,NA,NA,NA,NA,NA,NA,NA,NA,NA,NA,NA,NA,NA,NA,NA,NA,23-404,2023,202301,M-22,1735.009111,0.0141598400616882,7768.449327166009,134,146,1,78.33,12.97,166,0.3215,0.1044,0,58.9881,-171.12292,78,-0.6,3,EBS,6
NA,NA,NA,NA,NA,NA,NA,NA,NA,NA,NA,NA,NA,NA,NA,NA,NA,NA,NA,NA,NA,NA,NA,NA,NA,NA,NA,NA,NA,NA,NA,NA,NA,NA,NA,NA,NA,NA,NA,NA,NA,NA,NA,NA,NA,NA,NA,NA,NA,NA,NA,NA,NA,NA,NA,NA,NA,NA,NA,NA,NA,NA,NA,NA,NA,NA,NA,NA,NA,NA,NA,NA,NA,NA,NA,NA,NA,NA,NA,NA,NA,NA,NA,NA,23-323,2023,202301,M-23,1502.426433,0.0144279886749636,2079.291901029697,134,145,1,86.88,5.05,232,0.3569,0.1162,0,58.99585,-171.77935,88,0.7,3,EBS,6
NA,NA,NA,NA,NA,NA,NA,NA,NA,NA,NA,NA,NA,NA,NA,NA,NA,NA,NA,NA,NA,NA,NA,NA,NA,NA,NA,NA,NA,NA,NA,NA,NA,NA,NA,NA,NA,NA,NA,NA,NA,NA,NA,NA,NA,NA,NA,NA,NA,NA,NA,NA,NA,NA,NA,NA,NA,NA,NA,NA,NA,NA,NA,NA,NA,NA,NA,NA,NA,NA,NA,NA,NA,NA,NA,NA,NA,NA,NA,NA,NA,NA,NA,NA,23-95,2023,202301,M-27,3935.66524,0.012731505039264,157.09061841722513,162,191,1,91.05,17.62,262,0.307,0.1028,0,59.00449,-174.38614,126,2.4,5,EBS,8
NA,NA,NA,NA,NA,NA,NA,NA,NA,NA,NA,NA,NA,NA,NA,NA,NA,NA,NA,NA,NA,NA,NA,NA,NA,NA,NA,NA,NA,NA,NA,NA,NA,NA,NA,NA,NA,NA,NA,NA,NA,NA,NA,NA,NA,NA,NA,NA,NA,NA,NA,NA,NA,NA,NA,NA,NA,NA,NA,NA,NA,NA,NA,NA,NA,NA,NA,NA,NA,NA,NA,NA,NA,NA,NA,NA,NA,NA,NA,NA,NA,NA,NA,NA,23-397,2023,202301,N-21,4171.004788,0.0149222579030052,1876.3916413990585,134,117,1,86.15,15.02,234,0.3162,0.0893,0,59.33106,-170.55124,68,-0.3,3,EBS,6
NA,NA,NA,NA,NA,NA,NA,NA,NA,NA,NA,NA,NA,NA,NA,NA,NA,NA,NA,NA,NA,NA,NA,NA,NA,NA,NA,NA,NA,NA,NA,NA,NA,NA,NA,NA,NA,NA,NA,NA,NA,NA,NA,NA,NA,NA,NA,NA,NA,NA,NA,NA,NA,NA,NA,NA,NA,NA,NA,NA,NA,NA,NA,NA,NA,NA,NA,NA,NA,NA,NA,NA,NA,NA,NA,NA,NA,NA,NA,NA,NA,NA,NA,NA,23-327,2023,202301,N-22,1222.929364,0.01429123061973915,7697.027843639107,134,147,1,80.7,13.33,190,0.3089,0.0926,0,59.33304,-171.18505,75,-0.4,3,EBS,6
NA,NA,NA,NA,NA,NA,NA,NA,NA,NA,NA,NA,NA,NA,NA,NA,NA,NA,NA,NA,NA,NA,NA,NA,NA,NA,NA,NA,NA,NA,NA,NA,NA,NA,NA,NA,NA,NA,NA,NA,NA,NA,NA,NA,NA,NA,NA,NA,NA,NA,NA,NA,NA,NA,NA,NA,NA,NA,NA,NA,NA,NA,NA,NA,NA,NA,NA,NA,NA,NA,NA,NA,NA,NA,NA,NA,NA,NA,NA,NA,NA,NA,NA,NA,23-333,2023,202301,N-22,1222.929364,0.01429123061973915,7697.027843639107,134,147,2,56.36,0,56,0.3376,0.1166,0,59.33304,-171.18505,75,-0.4,3,EBS,6
NA,NA,NA,NA,NA,NA,NA,NA,NA,NA,NA,NA,NA,NA,NA,NA,NA,NA,NA,NA,NA,NA,NA,NA,NA,NA,NA,NA,NA,NA,NA,NA,NA,NA,NA,NA,NA,NA,NA,NA,NA,NA,NA,NA,NA,NA,NA,NA,NA,NA,NA,NA,NA,NA,NA,NA,NA,NA,NA,NA,NA,NA,NA,NA,NA,NA,NA,NA,NA,NA,NA,NA,NA,NA,NA,NA,NA,NA,NA,NA,NA,NA,NA,NA,23-378,2023,202301,N-22,1222.929364,0.01429123061973915,7697.027843639107,134,147,2,54.28,0,48,0.3079,0.1081,0,59.33304,-171.18505,75,-0.4,3,EBS,6
NA,NA,NA,NA,NA,NA,NA,NA,NA,NA,NA,NA,NA,NA,NA,NA,NA,NA,NA,NA,NA,NA,NA,NA,NA,NA,NA,NA,NA,NA,NA,NA,NA,NA,NA,NA,NA,NA,NA,NA,NA,NA,NA,NA,NA,NA,NA,NA,NA,NA,NA,NA,NA,NA,NA,NA,NA,NA,NA,NA,NA,NA,NA,NA,NA,NA,NA,NA,NA,NA,NA,NA,NA,NA,NA,NA,NA,NA,NA,NA,NA,NA,NA,NA,23-367,2023,202301,N-23,1088.596989,0.014079017974428,23369.193831387744,134,159,1,82.35,19.01,367,0.3205,0.0869,1,59.33059,-171.8506,80,-0.8,3,EBS,6
NA,NA,NA,NA,NA,NA,NA,NA,NA,NA,NA,NA,NA,NA,NA,NA,NA,NA,NA,NA,NA,NA,NA,NA,NA,NA,NA,NA,NA,NA,NA,NA,NA,NA,NA,NA,NA,NA,NA,NA,NA,NA,NA,NA,NA,NA,NA,NA,NA,NA,NA,NA,NA,NA,NA,NA,NA,NA,NA,NA,NA,NA,NA,NA,NA,NA,NA,NA,NA,NA,NA,NA,NA,NA,NA,NA,NA,NA,NA,NA,NA,NA,NA,NA,23-403,2023,202301,N-23,1088.596989,0.014079017974428,23369.193831387744,134,159,1,78.34,16.94,NA,0.3295,0.0988,1,59.33059,-171.8506,80,-0.8,3,EBS,6
NA,NA,NA,NA,NA,NA,NA,NA,NA,NA,NA,NA,NA,NA,NA,NA,NA,NA,NA,NA,NA,NA,NA,NA,NA,NA,NA,NA,NA,NA,NA,NA,NA,NA,NA,NA,NA,NA,NA,NA,NA,NA,NA,NA,NA,NA,NA,NA,NA,NA,NA,NA,NA,NA,NA,NA,NA,NA,NA,NA,NA,NA,NA,NA,NA,NA,NA,NA,NA,NA,NA,NA,NA,NA,NA,NA,NA,NA,NA,NA,NA,NA,NA,NA,23-407,2023,202301,N-24,1772.401548,0.01367210308645335,2121.107470929904,134,160,1,79.58,14.07,192,0.3399,0.0953,0,59.33728,-172.50564,88,0.9,3,EBS,6
NA,NA,NA,NA,NA,NA,NA,NA,NA,NA,NA,NA,NA,NA,NA,NA,NA,NA,NA,NA,NA,NA,NA,NA,NA,NA,NA,NA,NA,NA,NA,NA,NA,NA,NA,NA,NA,NA,NA,NA,NA,NA,NA,NA,NA,NA,NA,NA,NA,NA,NA,NA,NA,NA,NA,NA,NA,NA,NA,NA,NA,NA,NA,NA,NA,NA,NA,NA,NA,NA,NA,NA,NA,NA,NA,NA,NA,NA,NA,NA,NA,NA,NA,NA,23-414,2023,202301,N-24,1772.401548,0.01367210308645335,2121.107470929904,134,160,1,72.11,12.28,150,0.3175,0.0921,0,59.33728,-172.50564,88,0.9,3,EBS,6
NA,NA,NA,NA,NA,NA,NA,NA,NA,NA,NA,NA,NA,NA,NA,NA,NA,NA,NA,NA,NA,NA,NA,NA,NA,NA,NA,NA,NA,NA,NA,NA,NA,NA,NA,NA,NA,NA,NA,NA,NA,NA,NA,NA,NA,NA,NA,NA,NA,NA,NA,NA,NA,NA,NA,NA,NA,NA,NA,NA,NA,NA,NA,NA,NA,NA,NA,NA,NA,NA,NA,NA,NA,NA,NA,NA,NA,NA,NA,NA,NA,NA,NA,NA,23-417,2023,202301,N-24,1772.401548,0.01367210308645335,2121.107470929904,134,160,1,72.6,12.7,NA,0.3152,0.1041,0,59.33728,-172.50564,88,0.9,3,EBS,6
NA,NA,NA,NA,NA,NA,NA,NA,NA,NA,NA,NA,NA,NA,NA,NA,NA,NA,NA,NA,NA,NA,NA,NA,NA,NA,NA,NA,NA,NA,NA,NA,NA,NA,NA,NA,NA,NA,NA,NA,NA,NA,NA,NA,NA,NA,NA,NA,NA,NA,NA,NA,NA,NA,NA,NA,NA,NA,NA,NA,NA,NA,NA,NA,NA,NA,NA,NA,NA,NA,NA,NA,NA,NA,NA,NA,NA,NA,NA,NA,NA,NA,NA,NA,23-51,2023,202301,N-27,3432.927589,0.0141284485124937,849.3501596717059,162,187,2,57.3,0,NA,0.313,0.0792,0,59.32002,-174.43518,120,2,5,EBS,8
NA,NA,NA,NA,NA,NA,NA,NA,NA,NA,NA,NA,NA,NA,NA,NA,NA,NA,NA,NA,NA,NA,NA,NA,NA,NA,NA,NA,NA,NA,NA,NA,NA,NA,NA,NA,NA,NA,NA,NA,NA,NA,NA,NA,NA,NA,NA,NA,NA,NA,NA,NA,NA,NA,NA,NA,NA,NA,NA,NA,NA,NA,NA,NA,NA,NA,NA,NA,NA,NA,NA,NA,NA,NA,NA,NA,NA,NA,NA,NA,NA,NA,NA,NA,23-58,2023,202301,N-27,3432.927589,0.0141284485124937,849.3501596717059,162,187,2,53.26,0,NA,0.32,0.0929,0,59.32002,-174.43518,120,2,5,EBS,8
NA,NA,NA,NA,NA,NA,NA,NA,NA,NA,NA,NA,NA,NA,NA,NA,NA,NA,NA,NA,NA,NA,NA,NA,NA,NA,NA,NA,NA,NA,NA,NA,NA,NA,NA,NA,NA,NA,NA,NA,NA,NA,NA,NA,NA,NA,NA,NA,NA,NA,NA,NA,NA,NA,NA,NA,NA,NA,NA,NA,NA,NA,NA,NA,NA,NA,NA,NA,NA,NA,NA,NA,NA,NA,NA,NA,NA,NA,NA,NA,NA,NA,NA,NA,23-68,2023,202301,N-29,4355.530151,0.0136189380415275,1541.9704485008906,162,194,2,56.13,0,NA,0.3147,0.1216,0,59.33743,-175.76101,136,2.1,5,EBS,8
NA,NA,NA,NA,NA,NA,NA,NA,NA,NA,NA,NA,NA,NA,NA,NA,NA,NA,NA,NA,NA,NA,NA,NA,NA,NA,NA,NA,NA,NA,NA,NA,NA,NA,NA,NA,NA,NA,NA,NA,NA,NA,NA,NA,NA,NA,NA,NA,NA,NA,NA,NA,NA,NA,NA,NA,NA,NA,NA,NA,NA,NA,NA,NA,NA,NA,NA,NA,NA,NA,NA,NA,NA,NA,NA,NA,NA,NA,NA,NA,NA,NA,NA,NA,23-59,2023,202301,O-26,3129.740382,0.01424686961132325,701.9085787134679,162,183,2,62.05,0,82,0.3023,0.09,0,59.67663,-173.87219,104,0.9,5,EBS,8
NA,NA,NA,NA,NA,NA,NA,NA,NA,NA,NA,NA,NA,NA,NA,NA,NA,NA,NA,NA,NA,NA,NA,NA,NA,NA,NA,NA,NA,NA,NA,NA,NA,NA,NA,NA,NA,NA,NA,NA,NA,NA,NA,NA,NA,NA,NA,NA,NA,NA,NA,NA,NA,NA,NA,NA,NA,NA,NA,NA,NA,NA,NA,NA,NA,NA,NA,NA,NA,NA,NA,NA,NA,NA,NA,NA,NA,NA,NA,NA,NA,NA,NA,NA,23-329,2023,202301,P-22,399.828516,0.01439505801563445,62173.69523818164,134,149,2,54.08,0,56,0.3236,0.1035,0,59.99128,-171.30483,70,-1.2,4,EBS,9
NA,NA,NA,NA,NA,NA,NA,NA,NA,NA,NA,NA,NA,NA,NA,NA,NA,NA,NA,NA,NA,NA,NA,NA,NA,NA,NA,NA,NA,NA,NA,NA,NA,NA,NA,NA,NA,NA,NA,NA,NA,NA,NA,NA,NA,NA,NA,NA,NA,NA,NA,NA,NA,NA,NA,NA,NA,NA,NA,NA,NA,NA,NA,NA,NA,NA,NA,NA,NA,NA,NA,NA,NA,NA,NA,NA,NA,NA,NA,NA,NA,NA,NA,NA,23-344,2023,202301,P-22,399.828516,0.01439505801563445,62173.69523818164,134,149,2,56.12,0,NA,0.3105,0.0886,0,59.99128,-171.30483,70,-1.2,4,EBS,9
NA,NA,NA,NA,NA,NA,NA,NA,NA,NA,NA,NA,NA,NA,NA,NA,NA,NA,NA,NA,NA,NA,NA,NA,NA,NA,NA,NA,NA,NA,NA,NA,NA,NA,NA,NA,NA,NA,NA,NA,NA,NA,NA,NA,NA,NA,NA,NA,NA,NA,NA,NA,NA,NA,NA,NA,NA,NA,NA,NA,NA,NA,NA,NA,NA,NA,NA,NA,NA,NA,NA,NA,NA,NA,NA,NA,NA,NA,NA,NA,NA,NA,NA,NA,23-347,2023,202301,P-22,399.828516,0.01439505801563445,62173.69523818164,134,149,2,53.78,0,50,0.326,0.0968,0,59.99128,-171.30483,70,-1.2,4,EBS,9
NA,NA,NA,NA,NA,NA,NA,NA,NA,NA,NA,NA,NA,NA,NA,NA,NA,NA,NA,NA,NA,NA,NA,NA,NA,NA,NA,NA,NA,NA,NA,NA,NA,NA,NA,NA,NA,NA,NA,NA,NA,NA,NA,NA,NA,NA,NA,NA,NA,NA,NA,NA,NA,NA,NA,NA,NA,NA,NA,NA,NA,NA,NA,NA,NA,NA,NA,NA,NA,NA,NA,NA,NA,NA,NA,NA,NA,NA,NA,NA,NA,NA,NA,NA,23-361,2023,202301,P-22,399.828516,0.01439505801563445,62173.69523818164,134,149,2,57.88,0,56,0.3173,0.095,0,59.99128,-171.30483,70,-1.2,4,EBS,9
NA,NA,NA,NA,NA,NA,NA,NA,NA,NA,NA,NA,NA,NA,NA,NA,NA,NA,NA,NA,NA,NA,NA,NA,NA,NA,NA,NA,NA,NA,NA,NA,NA,NA,NA,NA,NA,NA,NA,NA,NA,NA,NA,NA,NA,NA,NA,NA,NA,NA,NA,NA,NA,NA,NA,NA,NA,NA,NA,NA,NA,NA,NA,NA,NA,NA,NA,NA,NA,NA,NA,NA,NA,NA,NA,NA,NA,NA,NA,NA,NA,NA,NA,NA,23-382,2023,202301,P-22,399.828516,0.01439505801563445,62173.69523818164,134,149,1,82.34,14.38,184,0.313,0.0994,0,59.99128,-171.30483,70,-1.2,4,EBS,9
NA,NA,NA,NA,NA,NA,NA,NA,NA,NA,NA,NA,NA,NA,NA,NA,NA,NA,NA,NA,NA,NA,NA,NA,NA,NA,NA,NA,NA,NA,NA,NA,NA,NA,NA,NA,NA,NA,NA,NA,NA,NA,NA,NA,NA,NA,NA,NA,NA,NA,NA,NA,NA,NA,NA,NA,NA,NA,NA,NA,NA,NA,NA,NA,NA,NA,NA,NA,NA,NA,NA,NA,NA,NA,NA,NA,NA,NA,NA,NA,NA,NA,NA,NA,23-389,2023,202301,P-22,399.828516,0.01439505801563445,62173.69523818164,134,149,2,56.91,0,60,0.3179,0.0989,0,59.99128,-171.30483,70,-1.2,4,EBS,9
NA,NA,NA,NA,NA,NA,NA,NA,NA,NA,NA,NA,NA,NA,NA,NA,NA,NA,NA,NA,NA,NA,NA,NA,NA,NA,NA,NA,NA,NA,NA,NA,NA,NA,NA,NA,NA,NA,NA,NA,NA,NA,NA,NA,NA,NA,NA,NA,NA,NA,NA,NA,NA,NA,NA,NA,NA,NA,NA,NA,NA,NA,NA,NA,NA,NA,NA,NA,NA,NA,NA,NA,NA,NA,NA,NA,NA,NA,NA,NA,NA,NA,NA,NA,23-52,2023,202301,P-26,2878.4773099999998,0.0149702709086832,6279.111485248888,162,177,1,72.09,10.85,134,0.3457,0.1051,0,60.01043,-173.94376,96,0.4,4,EBS,9
NA,NA,NA,NA,NA,NA,NA,NA,NA,NA,NA,NA,NA,NA,NA,NA,NA,NA,NA,NA,NA,NA,NA,NA,NA,NA,NA,NA,NA,NA,NA,NA,NA,NA,NA,NA,NA,NA,NA,NA,NA,NA,NA,NA,NA,NA,NA,NA,NA,NA,NA,NA,NA,NA,NA,NA,NA,NA,NA,NA,NA,NA,NA,NA,NA,NA,NA,NA,NA,NA,NA,NA,NA,NA,NA,NA,NA,NA,NA,NA,NA,NA,NA,NA,23-62,2023,202301,P-26,2878.4773099999998,0.0149702709086832,6279.111485248888,162,177,1,72.39,12.61,128,0.2967,0.0899,0,60.01043,-173.94376,96,0.4,4,EBS,9
NA,NA,NA,NA,NA,NA,NA,NA,NA,NA,NA,NA,NA,NA,NA,NA,NA,NA,NA,NA,NA,NA,NA,NA,NA,NA,NA,NA,NA,NA,NA,NA,NA,NA,NA,NA,NA,NA,NA,NA,NA,NA,NA,NA,NA,NA,NA,NA,NA,NA,NA,NA,NA,NA,NA,NA,NA,NA,NA,NA,NA,NA,NA,NA,NA,NA,NA,NA,NA,NA,NA,NA,NA,NA,NA,NA,NA,NA,NA,NA,NA,NA,NA,NA,23-78,2023,202301,P-26,2878.4773099999998,0.0149702709086832,6279.111485248888,162,177,1,72.31,11.75,138,0.3253,0.1075,0,60.01043,-173.94376,96,0.4,4,EBS,9
NA,NA,NA,NA,NA,NA,NA,NA,NA,NA,NA,NA,NA,NA,NA,NA,NA,NA,NA,NA,NA,NA,NA,NA,NA,NA,NA,NA,NA,NA,NA,NA,NA,NA,NA,NA,NA,NA,NA,NA,NA,NA,NA,NA,NA,NA,NA,NA,NA,NA,NA,NA,NA,NA,NA,NA,NA,NA,NA,NA,NA,NA,NA,NA,NA,NA,NA,NA,NA,NA,NA,NA,NA,NA,NA,NA,NA,NA,NA,NA,NA,NA,NA,NA,23-88,2023,202301,P-26,2878.4773099999998,0.0149702709086832,6279.111485248888,162,177,1,78.72,11.25,186,0.3111,0.0905,0,60.01043,-173.94376,96,0.4,4,EBS,9
NA,NA,NA,NA,NA,NA,NA,NA,NA,NA,NA,NA,NA,NA,NA,NA,NA,NA,NA,NA,NA,NA,NA,NA,NA,NA,NA,NA,NA,NA,NA,NA,NA,NA,NA,NA,NA,NA,NA,NA,NA,NA,NA,NA,NA,NA,NA,NA,NA,NA,NA,NA,NA,NA,NA,NA,NA,NA,NA,NA,NA,NA,NA,NA,NA,NA,NA,NA,NA,NA,NA,NA,NA,NA,NA,NA,NA,NA,NA,NA,NA,NA,NA,NA,23-93,2023,202301,P-26,2878.4773099999998,0.0149702709086832,6279.111485248888,162,177,1,73.73,11.91,154,0.3951,0.1228,0,60.01043,-173.94376,96,0.4,4,EBS,9
NA,NA,NA,NA,NA,NA,NA,NA,NA,NA,NA,NA,NA,NA,NA,NA,NA,NA,NA,NA,NA,NA,NA,NA,NA,NA,NA,NA,NA,NA,NA,NA,NA,NA,NA,NA,NA,NA,NA,NA,NA,NA,NA,NA,NA,NA,NA,NA,NA,NA,NA,NA,NA,NA,NA,NA,NA,NA,NA,NA,NA,NA,NA,NA,NA,NA,NA,NA,NA,NA,NA,NA,NA,NA,NA,NA,NA,NA,NA,NA,NA,NA,NA,NA,23-94,2023,202301,P-26,2878.4773099999998,0.0149702709086832,6279.111485248888,162,177,1,71.68,12.21,138,0.3104,0.0886,0,60.01043,-173.94376,96,0.4,4,EBS,9
NA,NA,NA,NA,NA,NA,NA,NA,NA,NA,NA,NA,NA,NA,NA,NA,NA,NA,NA,NA,NA,NA,NA,NA,NA,NA,NA,NA,NA,NA,NA,NA,NA,NA,NA,NA,NA,NA,NA,NA,NA,NA,NA,NA,NA,NA,NA,NA,NA,NA,NA,NA,NA,NA,NA,NA,NA,NA,NA,NA,NA,NA,NA,NA,NA,NA,NA,NA,NA,NA,NA,NA,NA,NA,NA,NA,NA,NA,NA,NA,NA,NA,NA,NA,23-96,2023,202301,P-26,2878.4773099999998,0.0149702709086832,6279.111485248888,162,177,1,75.04,12.15,160,0.3186,0.1005,0,60.01043,-173.94376,96,0.4,4,EBS,9
NA,NA,NA,NA,NA,NA,NA,NA,NA,NA,NA,NA,NA,NA,NA,NA,NA,NA,NA,NA,NA,NA,NA,NA,NA,NA,NA,NA,NA,NA,NA,NA,NA,NA,NA,NA,NA,NA,NA,NA,NA,NA,NA,NA,NA,NA,NA,NA,NA,NA,NA,NA,NA,NA,NA,NA,NA,NA,NA,NA,NA,NA,NA,NA,NA,NA,NA,NA,NA,NA,NA,NA,NA,NA,NA,NA,NA,NA,NA,NA,NA,NA,NA,NA,23-349,2023,202301,P-28,1863.7911729999998,0.0147950181899982,6826.622225329775,134,186,1,88.83,16.57,NA,0.3574,0.1507,0,60.01223,-175.26855,117,1.6,5,EBS,8
NA,NA,NA,NA,NA,NA,NA,NA,NA,NA,NA,NA,NA,NA,NA,NA,NA,NA,NA,NA,NA,NA,NA,NA,NA,NA,NA,NA,NA,NA,NA,NA,NA,NA,NA,NA,NA,NA,NA,NA,NA,NA,NA,NA,NA,NA,NA,NA,NA,NA,NA,NA,NA,NA,NA,NA,NA,NA,NA,NA,NA,NA,NA,NA,NA,NA,NA,NA,NA,NA,NA,NA,NA,NA,NA,NA,NA,NA,NA,NA,NA,NA,NA,NA,23-373,2023,202301,P-28,1863.7911729999998,0.0147950181899982,6826.622225329775,134,186,1,89.03,15.73,NA,0.3189,0.1398,0,60.01223,-175.26855,117,1.6,5,EBS,8
NA,NA,NA,NA,NA,NA,NA,NA,NA,NA,NA,NA,NA,NA,NA,NA,NA,NA,NA,NA,NA,NA,NA,NA,NA,NA,NA,NA,NA,NA,NA,NA,NA,NA,NA,NA,NA,NA,NA,NA,NA,NA,NA,NA,NA,NA,NA,NA,NA,NA,NA,NA,NA,NA,NA,NA,NA,NA,NA,NA,NA,NA,NA,NA,NA,NA,NA,NA,NA,NA,NA,NA,NA,NA,NA,NA,NA,NA,NA,NA,NA,NA,NA,NA,23-406,2023,202301,P-28,1863.7911729999998,0.0147950181899982,6826.622225329775,134,186,1,95.68,17.25,NA,0.3107,0.1377,0,60.01223,-175.26855,117,1.6,5,EBS,8
NA,NA,NA,NA,NA,NA,NA,NA,NA,NA,NA,NA,NA,NA,NA,NA,NA,NA,NA,NA,NA,NA,NA,NA,NA,NA,NA,NA,NA,NA,NA,NA,NA,NA,NA,NA,NA,NA,NA,NA,NA,NA,NA,NA,NA,NA,NA,NA,NA,NA,NA,NA,NA,NA,NA,NA,NA,NA,NA,NA,NA,NA,NA,NA,NA,NA,NA,NA,NA,NA,NA,NA,NA,NA,NA,NA,NA,NA,NA,NA,NA,NA,NA,NA,23-408,2023,202301,P-28,1863.7911729999998,0.0147950181899982,6826.622225329775,134,186,1,91.53,16.13,294,0.3477,0.1493,0,60.01223,-175.26855,117,1.6,5,EBS,8
NA,NA,NA,NA,NA,NA,NA,NA,NA,NA,NA,NA,NA,NA,NA,NA,NA,NA,NA,NA,NA,NA,NA,NA,NA,NA,NA,NA,NA,NA,NA,NA,NA,NA,NA,NA,NA,NA,NA,NA,NA,NA,NA,NA,NA,NA,NA,NA,NA,NA,NA,NA,NA,NA,NA,NA,NA,NA,NA,NA,NA,NA,NA,NA,NA,NA,NA,NA,NA,NA,NA,NA,NA,NA,NA,NA,NA,NA,NA,NA,NA,NA,NA,NA,23-418,2023,202301,P-28,1863.7911729999998,0.0147950181899982,6826.622225329775,134,186,1,97.94,17.06,362,0.3123,0.1404,0,60.01223,-175.26855,117,1.6,5,EBS,8
NA,NA,NA,NA,NA,NA,NA,NA,NA,NA,NA,NA,NA,NA,NA,NA,NA,NA,NA,NA,NA,NA,NA,NA,NA,NA,NA,NA,NA,NA,NA,NA,NA,NA,NA,NA,NA,NA,NA,NA,NA,NA,NA,NA,NA,NA,NA,NA,NA,NA,NA,NA,NA,NA,NA,NA,NA,NA,NA,NA,NA,NA,NA,NA,NA,NA,NA,NA,NA,NA,NA,NA,NA,NA,NA,NA,NA,NA,NA,NA,NA,NA,NA,NA,23-89,2023,202301,P-29,2993.735866,0.0142771488844875,3291.973795346965,162,196,1,89.6,18.3,276,0.3054,0.1157,1,60.0046,-175.91732,128,1.8,5,EBS,8
NA,NA,NA,NA,NA,NA,NA,NA,NA,NA,NA,NA,NA,NA,NA,NA,NA,NA,NA,NA,NA,NA,NA,NA,NA,NA,NA,NA,NA,NA,NA,NA,NA,NA,NA,NA,NA,NA,NA,NA,NA,NA,NA,NA,NA,NA,NA,NA,NA,NA,NA,NA,NA,NA,NA,NA,NA,NA,NA,NA,NA,NA,NA,NA,NA,NA,NA,NA,NA,NA,NA,NA,NA,NA,NA,NA,NA,NA,NA,NA,NA,NA,NA,NA,23-76,2023,202301,P-30,3274.411867,0.0139392875328003,2439.1490540671593,162,197,2,64.09,0,NA,0.336,0.1139,0,60.00591,-176.6879,140,1.7,5,EBS,8
NA,NA,NA,NA,NA,NA,NA,NA,NA,NA,NA,NA,NA,NA,NA,NA,NA,NA,NA,NA,NA,NA,NA,NA,NA,NA,NA,NA,NA,NA,NA,NA,NA,NA,NA,NA,NA,NA,NA,NA,NA,NA,NA,NA,NA,NA,NA,NA,NA,NA,NA,NA,NA,NA,NA,NA,NA,NA,NA,NA,NA,NA,NA,NA,NA,NA,NA,NA,NA,NA,NA,NA,NA,NA,NA,NA,NA,NA,NA,NA,NA,NA,NA,NA,23-90,2023,202301,P-30,3274.411867,0.0139392875328003,2439.1490540671593,162,197,2,57.14,0,66,0.3199,0.1164,0,60.00591,-176.6879,140,1.7,5,EBS,8
NA,NA,NA,NA,NA,NA,NA,NA,NA,NA,NA,NA,NA,NA,NA,NA,NA,NA,NA,NA,NA,NA,NA,NA,NA,NA,NA,NA,NA,NA,NA,NA,NA,NA,NA,NA,NA,NA,NA,NA,NA,NA,NA,NA,NA,NA,NA,NA,NA,NA,NA,NA,NA,NA,NA,NA,NA,NA,NA,NA,NA,NA,NA,NA,NA,NA,NA,NA,NA,NA,NA,NA,NA,NA,NA,NA,NA,NA,NA,NA,NA,NA,NA,NA,23-328,2023,202301,Q-22,52.315238,0.0144563883036804,54187.41414137088,134,150,2,51.33,0,46,0.3256,0.1006,0,60.3255,-171.34276,67,-1.6,4,EBS,9
NA,NA,NA,NA,NA,NA,NA,NA,NA,NA,NA,NA,NA,NA,NA,NA,NA,NA,NA,NA,NA,NA,NA,NA,NA,NA,NA,NA,NA,NA,NA,NA,NA,NA,NA,NA,NA,NA,NA,NA,NA,NA,NA,NA,NA,NA,NA,NA,NA,NA,NA,NA,NA,NA,NA,NA,NA,NA,NA,NA,NA,NA,NA,NA,NA,NA,NA,NA,NA,NA,NA,NA,NA,NA,NA,NA,NA,NA,NA,NA,NA,NA,NA,NA,23-350,2023,202301,Q-22,52.315238,0.0144563883036804,54187.41414137088,134,150,2,52.34,0,44,0.3128,0.0885,0,60.3255,-171.34276,67,-1.6,4,EBS,9
NA,NA,NA,NA,NA,NA,NA,NA,NA,NA,NA,NA,NA,NA,NA,NA,NA,NA,NA,NA,NA,NA,NA,NA,NA,NA,NA,NA,NA,NA,NA,NA,NA,NA,NA,NA,NA,NA,NA,NA,NA,NA,NA,NA,NA,NA,NA,NA,NA,NA,NA,NA,NA,NA,NA,NA,NA,NA,NA,NA,NA,NA,NA,NA,NA,NA,NA,NA,NA,NA,NA,NA,NA,NA,NA,NA,NA,NA,NA,NA,NA,NA,NA,NA,23-363,2023,202301,Q-22,52.315238,0.0144563883036804,54187.41414137088,134,150,2,54.12,0,54,0.3394,0.0922,0,60.3255,-171.34276,67,-1.6,4,EBS,9
NA,NA,NA,NA,NA,NA,NA,NA,NA,NA,NA,NA,NA,NA,NA,NA,NA,NA,NA,NA,NA,NA,NA,NA,NA,NA,NA,NA,NA,NA,NA,NA,NA,NA,NA,NA,NA,NA,NA,NA,NA,NA,NA,NA,NA,NA,NA,NA,NA,NA,NA,NA,NA,NA,NA,NA,NA,NA,NA,NA,NA,NA,NA,NA,NA,NA,NA,NA,NA,NA,NA,NA,NA,NA,NA,NA,NA,NA,NA,NA,NA,NA,NA,NA,23-376,2023,202301,Q-22,52.315238,0.0144563883036804,54187.41414137088,134,150,2,53.51,0,52,0.3026,0.082,0,60.3255,-171.34276,67,-1.6,4,EBS,9
NA,NA,NA,NA,NA,NA,NA,NA,NA,NA,NA,NA,NA,NA,NA,NA,NA,NA,NA,NA,NA,NA,NA,NA,NA,NA,NA,NA,NA,NA,NA,NA,NA,NA,NA,NA,NA,NA,NA,NA,NA,NA,NA,NA,NA,NA,NA,NA,NA,NA,NA,NA,NA,NA,NA,NA,NA,NA,NA,NA,NA,NA,NA,NA,NA,NA,NA,NA,NA,NA,NA,NA,NA,NA,NA,NA,NA,NA,NA,NA,NA,NA,NA,NA,23-390,2023,202301,Q-22,52.315238,0.0144563883036804,54187.41414137088,134,150,2,49.98,0,40,0.3322,0.1009,0,60.3255,-171.34276,67,-1.6,4,EBS,9
NA,NA,NA,NA,NA,NA,NA,NA,NA,NA,NA,NA,NA,NA,NA,NA,NA,NA,NA,NA,NA,NA,NA,NA,NA,NA,NA,NA,NA,NA,NA,NA,NA,NA,NA,NA,NA,NA,NA,NA,NA,NA,NA,NA,NA,NA,NA,NA,NA,NA,NA,NA,NA,NA,NA,NA,NA,NA,NA,NA,NA,NA,NA,NA,NA,NA,NA,NA,NA,NA,NA,NA,NA,NA,NA,NA,NA,NA,NA,NA,NA,NA,NA,NA,23-47,2023,202301,Q-26,332.069426,0.0137238482665647,46518.023778749004,162,180,1,77.41,12.41,152,0.3439,0.1079,0,60.34264,-174.07871,89,-0.1,4,EBS,9
NA,NA,NA,NA,NA,NA,NA,NA,NA,NA,NA,NA,NA,NA,NA,NA,NA,NA,NA,NA,NA,NA,NA,NA,NA,NA,NA,NA,NA,NA,NA,NA,NA,NA,NA,NA,NA,NA,NA,NA,NA,NA,NA,NA,NA,NA,NA,NA,NA,NA,NA,NA,NA,NA,NA,NA,NA,NA,NA,NA,NA,NA,NA,NA,NA,NA,NA,NA,NA,NA,NA,NA,NA,NA,NA,NA,NA,NA,NA,NA,NA,NA,NA,NA,23-49,2023,202301,Q-26,332.069426,0.0137238482665647,46518.023778749004,162,180,1,74.54,13.11,156,0.3149,0.1065,0,60.34264,-174.07871,89,-0.1,4,EBS,9
NA,NA,NA,NA,NA,NA,NA,NA,NA,NA,NA,NA,NA,NA,NA,NA,NA,NA,NA,NA,NA,NA,NA,NA,NA,NA,NA,NA,NA,NA,NA,NA,NA,NA,NA,NA,NA,NA,NA,NA,NA,NA,NA,NA,NA,NA,NA,NA,NA,NA,NA,NA,NA,NA,NA,NA,NA,NA,NA,NA,NA,NA,NA,NA,NA,NA,NA,NA,NA,NA,NA,NA,NA,NA,NA,NA,NA,NA,NA,NA,NA,NA,NA,NA,23-69,2023,202301,Q-26,332.069426,0.0137238482665647,46518.023778749004,162,180,1,80.06,14.49,192,0.3094,0.1053,0,60.34264,-174.07871,89,-0.1,4,EBS,9
NA,NA,NA,NA,NA,NA,NA,NA,NA,NA,NA,NA,NA,NA,NA,NA,NA,NA,NA,NA,NA,NA,NA,NA,NA,NA,NA,NA,NA,NA,NA,NA,NA,NA,NA,NA,NA,NA,NA,NA,NA,NA,NA,NA,NA,NA,NA,NA,NA,NA,NA,NA,NA,NA,NA,NA,NA,NA,NA,NA,NA,NA,NA,NA,NA,NA,NA,NA,NA,NA,NA,NA,NA,NA,NA,NA,NA,NA,NA,NA,NA,NA,NA,NA,23-81,2023,202301,Q-26,332.069426,0.0137238482665647,46518.023778749004,162,180,1,73.49,13.55,148,0.2953,0.0989,0,60.34264,-174.07871,89,-0.1,4,EBS,9
NA,NA,NA,NA,NA,NA,NA,NA,NA,NA,NA,NA,NA,NA,NA,NA,NA,NA,NA,NA,NA,NA,NA,NA,NA,NA,NA,NA,NA,NA,NA,NA,NA,NA,NA,NA,NA,NA,NA,NA,NA,NA,NA,NA,NA,NA,NA,NA,NA,NA,NA,NA,NA,NA,NA,NA,NA,NA,NA,NA,NA,NA,NA,NA,NA,NA,NA,NA,NA,NA,NA,NA,NA,NA,NA,NA,NA,NA,NA,NA,NA,NA,NA,NA,23-85,2023,202301,Q-26,332.069426,0.0137238482665647,46518.023778749004,162,180,1,82.57,15.71,NA,0.3141,0.0933,0,60.34264,-174.07871,89,-0.1,4,EBS,9
NA,NA,NA,NA,NA,NA,NA,NA,NA,NA,NA,NA,NA,NA,NA,NA,NA,NA,NA,NA,NA,NA,NA,NA,NA,NA,NA,NA,NA,NA,NA,NA,NA,NA,NA,NA,NA,NA,NA,NA,NA,NA,NA,NA,NA,NA,NA,NA,NA,NA,NA,NA,NA,NA,NA,NA,NA,NA,NA,NA,NA,NA,NA,NA,NA,NA,NA,NA,NA,NA,NA,NA,NA,NA,NA,NA,NA,NA,NA,NA,NA,NA,NA,NA,23-433,2023,202301,Q-27,2587.12298,0.014146145217732,33534.786523,134,192,2,56.58,0,62,0.3052,0.1074,0,60.35148,-174.70663,102,0.8,5,EBS,8
NA,NA,NA,NA,NA,NA,NA,NA,NA,NA,NA,NA,NA,NA,NA,NA,NA,NA,NA,NA,NA,NA,NA,NA,NA,NA,NA,NA,NA,NA,NA,NA,NA,NA,NA,NA,NA,NA,NA,NA,NA,NA,NA,NA,NA,NA,NA,NA,NA,NA,NA,NA,NA,NA,NA,NA,NA,NA,NA,NA,NA,NA,NA,NA,NA,NA,NA,NA,NA,NA,NA,NA,NA,NA,NA,NA,NA,NA,NA,NA,NA,NA,NA,NA,23-434,2023,202301,Q-27,2587.12298,0.014146145217732,33534.786523,134,192,2,53.05,0,48,0.2993,0.1071,0,60.35148,-174.70663,102,0.8,5,EBS,8
NA,NA,NA,NA,NA,NA,NA,NA,NA,NA,NA,NA,NA,NA,NA,NA,NA,NA,NA,NA,NA,NA,NA,NA,NA,NA,NA,NA,NA,NA,NA,NA,NA,NA,NA,NA,NA,NA,NA,NA,NA,NA,NA,NA,NA,NA,NA,NA,NA,NA,NA,NA,NA,NA,NA,NA,NA,NA,NA,NA,NA,NA,NA,NA,NA,NA,NA,NA,NA,NA,NA,NA,NA,NA,NA,NA,NA,NA,NA,NA,NA,NA,NA,NA,23-440,2023,202301,Q-27,2587.12298,0.014146145217732,33534.786523,134,192,2,57.29,0,62,0.3158,0.103,0,60.35148,-174.70663,102,0.8,5,EBS,8
NA,NA,NA,NA,NA,NA,NA,NA,NA,NA,NA,NA,NA,NA,NA,NA,NA,NA,NA,NA,NA,NA,NA,NA,NA,NA,NA,NA,NA,NA,NA,NA,NA,NA,NA,NA,NA,NA,NA,NA,NA,NA,NA,NA,NA,NA,NA,NA,NA,NA,NA,NA,NA,NA,NA,NA,NA,NA,NA,NA,NA,NA,NA,NA,NA,NA,NA,NA,NA,NA,NA,NA,NA,NA,NA,NA,NA,NA,NA,NA,NA,NA,NA,NA,23-451,2023,202301,Q-27,2587.12298,0.014146145217732,33534.786523,134,192,2,45.83,0,34,0.3033,0.1051,0,60.35148,-174.70663,102,0.8,5,EBS,8
NA,NA,NA,NA,NA,NA,NA,NA,NA,NA,NA,NA,NA,NA,NA,NA,NA,NA,NA,NA,NA,NA,NA,NA,NA,NA,NA,NA,NA,NA,NA,NA,NA,NA,NA,NA,NA,NA,NA,NA,NA,NA,NA,NA,NA,NA,NA,NA,NA,NA,NA,NA,NA,NA,NA,NA,NA,NA,NA,NA,NA,NA,NA,NA,NA,NA,NA,NA,NA,NA,NA,NA,NA,NA,NA,NA,NA,NA,NA,NA,NA,NA,NA,NA,23-455,2023,202301,Q-27,2587.12298,0.014146145217732,33534.786523,134,192,2,54.78,0,NA,0.3179,0.1075,0,60.35148,-174.70663,102,0.8,5,EBS,8
NA,NA,NA,NA,NA,NA,NA,NA,NA,NA,NA,NA,NA,NA,NA,NA,NA,NA,NA,NA,NA,NA,NA,NA,NA,NA,NA,NA,NA,NA,NA,NA,NA,NA,NA,NA,NA,NA,NA,NA,NA,NA,NA,NA,NA,NA,NA,NA,NA,NA,NA,NA,NA,NA,NA,NA,NA,NA,NA,NA,NA,NA,NA,NA,NA,NA,NA,NA,NA,NA,NA,NA,NA,NA,NA,NA,NA,NA,NA,NA,NA,NA,NA,NA,23-457,2023,202301,Q-27,2587.12298,0.014146145217732,33534.786523,134,192,2,42.77,0,NA,0.3004,0.101,0,60.35148,-174.70663,102,0.8,5,EBS,8
NA,NA,NA,NA,NA,NA,NA,NA,NA,NA,NA,NA,NA,NA,NA,NA,NA,NA,NA,NA,NA,NA,NA,NA,NA,NA,NA,NA,NA,NA,NA,NA,NA,NA,NA,NA,NA,NA,NA,NA,NA,NA,NA,NA,NA,NA,NA,NA,NA,NA,NA,NA,NA,NA,NA,NA,NA,NA,NA,NA,NA,NA,NA,NA,NA,NA,NA,NA,NA,NA,NA,NA,NA,NA,NA,NA,NA,NA,NA,NA,NA,NA,NA,NA,23-462,2023,202301,Q-27,2587.12298,0.014146145217732,33534.786523,134,192,2,54.73,0,NA,0.3262,0.1263,0,60.35148,-174.70663,102,0.8,5,EBS,8
NA,NA,NA,NA,NA,NA,NA,NA,NA,NA,NA,NA,NA,NA,NA,NA,NA,NA,NA,NA,NA,NA,NA,NA,NA,NA,NA,NA,NA,NA,NA,NA,NA,NA,NA,NA,NA,NA,NA,NA,NA,NA,NA,NA,NA,NA,NA,NA,NA,NA,NA,NA,NA,NA,NA,NA,NA,NA,NA,NA,NA,NA,NA,NA,NA,NA,NA,NA,NA,NA,NA,NA,NA,NA,NA,NA,NA,NA,NA,NA,NA,NA,NA,NA,23-466,2023,202301,Q-27,2587.12298,0.014146145217732,33534.786523,134,192,2,56.54,0,60,0.3142,0.1134,0,60.35148,-174.70663,102,0.8,5,EBS,8
NA,NA,NA,NA,NA,NA,NA,NA,NA,NA,NA,NA,NA,NA,NA,NA,NA,NA,NA,NA,NA,NA,NA,NA,NA,NA,NA,NA,NA,NA,NA,NA,NA,NA,NA,NA,NA,NA,NA,NA,NA,NA,NA,NA,NA,NA,NA,NA,NA,NA,NA,NA,NA,NA,NA,NA,NA,NA,NA,NA,NA,NA,NA,NA,NA,NA,NA,NA,NA,NA,NA,NA,NA,NA,NA,NA,NA,NA,NA,NA,NA,NA,NA,NA,23-473,2023,202301,Q-27,2587.12298,0.014146145217732,33534.786523,134,192,2,57.46,0,62,0.315,0.1106,0,60.35148,-174.70663,102,0.8,5,EBS,8
NA,NA,NA,NA,NA,NA,NA,NA,NA,NA,NA,NA,NA,NA,NA,NA,NA,NA,NA,NA,NA,NA,NA,NA,NA,NA,NA,NA,NA,NA,NA,NA,NA,NA,NA,NA,NA,NA,NA,NA,NA,NA,NA,NA,NA,NA,NA,NA,NA,NA,NA,NA,NA,NA,NA,NA,NA,NA,NA,NA,NA,NA,NA,NA,NA,NA,NA,NA,NA,NA,NA,NA,NA,NA,NA,NA,NA,NA,NA,NA,NA,NA,NA,NA,23-353,2023,202301,Q-28,3262.670632,0.01504059590913,6914.619648605114,134,187,1,77.2,14.33,166,0.3074,0.1057,0,60.33091,-175.40158,112,1.3,5,EBS,8
NA,NA,NA,NA,NA,NA,NA,NA,NA,NA,NA,NA,NA,NA,NA,NA,NA,NA,NA,NA,NA,NA,NA,NA,NA,NA,NA,NA,NA,NA,NA,NA,NA,NA,NA,NA,NA,NA,NA,NA,NA,NA,NA,NA,NA,NA,NA,NA,NA,NA,NA,NA,NA,NA,NA,NA,NA,NA,NA,NA,NA,NA,NA,NA,NA,NA,NA,NA,NA,NA,NA,NA,NA,NA,NA,NA,NA,NA,NA,NA,NA,NA,NA,NA,23-405,2023,202301,Q-28,3262.670632,0.01504059590913,6914.619648605114,134,187,1,74.59,12.88,160,0.3472,0.1227,0,60.33091,-175.40158,112,1.3,5,EBS,8
NA,NA,NA,NA,NA,NA,NA,NA,NA,NA,NA,NA,NA,NA,NA,NA,NA,NA,NA,NA,NA,NA,NA,NA,NA,NA,NA,NA,NA,NA,NA,NA,NA,NA,NA,NA,NA,NA,NA,NA,NA,NA,NA,NA,NA,NA,NA,NA,NA,NA,NA,NA,NA,NA,NA,NA,NA,NA,NA,NA,NA,NA,NA,NA,NA,NA,NA,NA,NA,NA,NA,NA,NA,NA,NA,NA,NA,NA,NA,NA,NA,NA,NA,NA,23-412,2023,202301,Q-28,3262.670632,0.01504059590913,6914.619648605114,134,187,1,86.73,15.31,228,0.323,0.0965,0,60.33091,-175.40158,112,1.3,5,EBS,8
NA,NA,NA,NA,NA,NA,NA,NA,NA,NA,NA,NA,NA,NA,NA,NA,NA,NA,NA,NA,NA,NA,NA,NA,NA,NA,NA,NA,NA,NA,NA,NA,NA,NA,NA,NA,NA,NA,NA,NA,NA,NA,NA,NA,NA,NA,NA,NA,NA,NA,NA,NA,NA,NA,NA,NA,NA,NA,NA,NA,NA,NA,NA,NA,NA,NA,NA,NA,NA,NA,NA,NA,NA,NA,NA,NA,NA,NA,NA,NA,NA,NA,NA,NA,23-419,2023,202301,Q-28,3262.670632,0.01504059590913,6914.619648605114,134,187,1,71.06,11.82,130,0.3201,0.1038,0,60.33091,-175.40158,112,1.3,5,EBS,8
NA,NA,NA,NA,NA,NA,NA,NA,NA,NA,NA,NA,NA,NA,NA,NA,NA,NA,NA,NA,NA,NA,NA,NA,NA,NA,NA,NA,NA,NA,NA,NA,NA,NA,NA,NA,NA,NA,NA,NA,NA,NA,NA,NA,NA,NA,NA,NA,NA,NA,NA,NA,NA,NA,NA,NA,NA,NA,NA,NA,NA,NA,NA,NA,NA,NA,NA,NA,NA,NA,NA,NA,NA,NA,NA,NA,NA,NA,NA,NA,NA,NA,NA,NA,23-420,2023,202301,Q-28,3262.670632,0.01504059590913,6914.619648605114,134,187,1,72.71,12.94,132,0.3432,0.1008,0,60.33091,-175.40158,112,1.3,5,EBS,8
NA,NA,NA,NA,NA,NA,NA,NA,NA,NA,NA,NA,NA,NA,NA,NA,NA,NA,NA,NA,NA,NA,NA,NA,NA,NA,NA,NA,NA,NA,NA,NA,NA,NA,NA,NA,NA,NA,NA,NA,NA,NA,NA,NA,NA,NA,NA,NA,NA,NA,NA,NA,NA,NA,NA,NA,NA,NA,NA,NA,NA,NA,NA,NA,NA,NA,NA,NA,NA,NA,NA,NA,NA,NA,NA,NA,NA,NA,NA,NA,NA,NA,NA,NA,23-66,2023,202301,Q-31,7142.378627,0.01418330631616965,634.548799791454,162,200,2,52.89,0,46,0.3531,0.1057,0,60.34304,-177.38637,147,1.8,5,EBS,8
NA,NA,NA,NA,NA,NA,NA,NA,NA,NA,NA,NA,NA,NA,NA,NA,NA,NA,NA,NA,NA,NA,NA,NA,NA,NA,NA,NA,NA,NA,NA,NA,NA,NA,NA,NA,NA,NA,NA,NA,NA,NA,NA,NA,NA,NA,NA,NA,NA,NA,NA,NA,NA,NA,NA,NA,NA,NA,NA,NA,NA,NA,NA,NA,NA,NA,NA,NA,NA,NA,NA,NA,NA,NA,NA,NA,NA,NA,NA,NA,NA,NA,NA,NA,23-61,2023,202301,QP2625,314.334996,0.0151093710119682,13911.0092560114,162,178,1,72.75,12.3,138,0.3151,0.0949,0,60.13701,-173.76575,87,0,4,EBS,9
NA,NA,NA,NA,NA,NA,NA,NA,NA,NA,NA,NA,NA,NA,NA,NA,NA,NA,NA,NA,NA,NA,NA,NA,NA,NA,NA,NA,NA,NA,NA,NA,NA,NA,NA,NA,NA,NA,NA,NA,NA,NA,NA,NA,NA,NA,NA,NA,NA,NA,NA,NA,NA,NA,NA,NA,NA,NA,NA,NA,NA,NA,NA,NA,NA,NA,NA,NA,NA,NA,NA,NA,NA,NA,NA,NA,NA,NA,NA,NA,NA,NA,NA,NA,23-67,2023,202301,QP2625,314.334996,0.0151093710119682,13911.0092560114,162,178,1,72.53,14.33,NA,0.314,0.1298,1,60.13701,-173.76575,87,0,4,EBS,9
NA,NA,NA,NA,NA,NA,NA,NA,NA,NA,NA,NA,NA,NA,NA,NA,NA,NA,NA,NA,NA,NA,NA,NA,NA,NA,NA,NA,NA,NA,NA,NA,NA,NA,NA,NA,NA,NA,NA,NA,NA,NA,NA,NA,NA,NA,NA,NA,NA,NA,NA,NA,NA,NA,NA,NA,NA,NA,NA,NA,NA,NA,NA,NA,NA,NA,NA,NA,NA,NA,NA,NA,NA,NA,NA,NA,NA,NA,NA,NA,NA,NA,NA,NA,23-73,2023,202301,QP2625,314.334996,0.0151093710119682,13911.0092560114,162,178,1,77.9,14.19,NA,0.327,0.0504,0,60.13701,-173.76575,87,0,4,EBS,9
NA,NA,NA,NA,NA,NA,NA,NA,NA,NA,NA,NA,NA,NA,NA,NA,NA,NA,NA,NA,NA,NA,NA,NA,NA,NA,NA,NA,NA,NA,NA,NA,NA,NA,NA,NA,NA,NA,NA,NA,NA,NA,NA,NA,NA,NA,NA,NA,NA,NA,NA,NA,NA,NA,NA,NA,NA,NA,NA,NA,NA,NA,NA,NA,NA,NA,NA,NA,NA,NA,NA,NA,NA,NA,NA,NA,NA,NA,NA,NA,NA,NA,NA,NA,23-77,2023,202301,QP2625,314.334996,0.0151093710119682,13911.0092560114,162,178,1,81.33,14.14,NA,0.3125,0.0934,0,60.13701,-173.76575,87,0,4,EBS,9
NA,NA,NA,NA,NA,NA,NA,NA,NA,NA,NA,NA,NA,NA,NA,NA,NA,NA,NA,NA,NA,NA,NA,NA,NA,NA,NA,NA,NA,NA,NA,NA,NA,NA,NA,NA,NA,NA,NA,NA,NA,NA,NA,NA,NA,NA,NA,NA,NA,NA,NA,NA,NA,NA,NA,NA,NA,NA,NA,NA,NA,NA,NA,NA,NA,NA,NA,NA,NA,NA,NA,NA,NA,NA,NA,NA,NA,NA,NA,NA,NA,NA,NA,NA,23-82,2023,202301,QP2625,314.334996,0.0151093710119682,13911.0092560114,162,178,1,83.77,16.54,NA,0.3091,0.0896,0,60.13701,-173.76575,87,0,4,EBS,9
NA,NA,NA,NA,NA,NA,NA,NA,NA,NA,NA,NA,NA,NA,NA,NA,NA,NA,NA,NA,NA,NA,NA,NA,NA,NA,NA,NA,NA,NA,NA,NA,NA,NA,NA,NA,NA,NA,NA,NA,NA,NA,NA,NA,NA,NA,NA,NA,NA,NA,NA,NA,NA,NA,NA,NA,NA,NA,NA,NA,NA,NA,NA,NA,NA,NA,NA,NA,NA,NA,NA,NA,NA,NA,NA,NA,NA,NA,NA,NA,NA,NA,NA,NA,23-65,2023,202301,QP2726,3267.767738,0.0146904974802366,11912.462476878727,162,181,1,86.3,15.32,242,0.3057,0.1043,0,60.17071,-174.35513,99,0.5,4,EBS,9
NA,NA,NA,NA,NA,NA,NA,NA,NA,NA,NA,NA,NA,NA,NA,NA,NA,NA,NA,NA,NA,NA,NA,NA,NA,NA,NA,NA,NA,NA,NA,NA,NA,NA,NA,NA,NA,NA,NA,NA,NA,NA,NA,NA,NA,NA,NA,NA,NA,NA,NA,NA,NA,NA,NA,NA,NA,NA,NA,NA,NA,NA,NA,NA,NA,NA,NA,NA,NA,NA,NA,NA,NA,NA,NA,NA,NA,NA,NA,NA,NA,NA,NA,NA,23-83,2023,202301,QP2726,3267.767738,0.0146904974802366,11912.462476878727,162,181,1,79.27,13.71,186,0.3015,0.098,0,60.17071,-174.35513,99,0.5,4,EBS,9
NA,NA,NA,NA,NA,NA,NA,NA,NA,NA,NA,NA,NA,NA,NA,NA,NA,NA,NA,NA,NA,NA,NA,NA,NA,NA,NA,NA,NA,NA,NA,NA,NA,NA,NA,NA,NA,NA,NA,NA,NA,NA,NA,NA,NA,NA,NA,NA,NA,NA,NA,NA,NA,NA,NA,NA,NA,NA,NA,NA,NA,NA,NA,NA,NA,NA,NA,NA,NA,NA,NA,NA,NA,NA,NA,NA,NA,NA,NA,NA,NA,NA,NA,NA,23-385,2023,202301,R-22,100.04290499999999,0.0148482727418025,105147.50484105611,134,151,2,55.25,0,NA,0.3145,0.1046,0,60.65291,-171.43124,63,-1.1,4,EBS,9
NA,NA,NA,NA,NA,NA,NA,NA,NA,NA,NA,NA,NA,NA,NA,NA,NA,NA,NA,NA,NA,NA,NA,NA,NA,NA,NA,NA,NA,NA,NA,NA,NA,NA,NA,NA,NA,NA,NA,NA,NA,NA,NA,NA,NA,NA,NA,NA,NA,NA,NA,NA,NA,NA,NA,NA,NA,NA,NA,NA,NA,NA,NA,NA,NA,NA,NA,NA,NA,NA,NA,NA,NA,NA,NA,NA,NA,NA,NA,NA,NA,NA,NA,NA,23-401,2023,202301,R-22,100.04290499999999,0.0148482727418025,105147.50484105611,134,151,2,55.07,0,52,0.3244,0.1124,0,60.65291,-171.43124,63,-1.1,4,EBS,9
NA,NA,NA,NA,NA,NA,NA,NA,NA,NA,NA,NA,NA,NA,NA,NA,NA,NA,NA,NA,NA,NA,NA,NA,NA,NA,NA,NA,NA,NA,NA,NA,NA,NA,NA,NA,NA,NA,NA,NA,NA,NA,NA,NA,NA,NA,NA,NA,NA,NA,NA,NA,NA,NA,NA,NA,NA,NA,NA,NA,NA,NA,NA,NA,NA,NA,NA,NA,NA,NA,NA,NA,NA,NA,NA,NA,NA,NA,NA,NA,NA,NA,NA,NA,23-402,2023,202301,R-22,100.04290499999999,0.0148482727418025,105147.50484105611,134,151,2,53.43,0,NA,0.3245,0.1022,0,60.65291,-171.43124,63,-1.1,4,EBS,9
NA,NA,NA,NA,NA,NA,NA,NA,NA,NA,NA,NA,NA,NA,NA,NA,NA,NA,NA,NA,NA,NA,NA,NA,NA,NA,NA,NA,NA,NA,NA,NA,NA,NA,NA,NA,NA,NA,NA,NA,NA,NA,NA,NA,NA,NA,NA,NA,NA,NA,NA,NA,NA,NA,NA,NA,NA,NA,NA,NA,NA,NA,NA,NA,NA,NA,NA,NA,NA,NA,NA,NA,NA,NA,NA,NA,NA,NA,NA,NA,NA,NA,NA,NA,23-409,2023,202301,R-22,100.04290499999999,0.0148482727418025,105147.50484105611,134,151,2,50.83,0,44,0.3193,0.1012,0,60.65291,-171.43124,63,-1.1,4,EBS,9
NA,NA,NA,NA,NA,NA,NA,NA,NA,NA,NA,NA,NA,NA,NA,NA,NA,NA,NA,NA,NA,NA,NA,NA,NA,NA,NA,NA,NA,NA,NA,NA,NA,NA,NA,NA,NA,NA,NA,NA,NA,NA,NA,NA,NA,NA,NA,NA,NA,NA,NA,NA,NA,NA,NA,NA,NA,NA,NA,NA,NA,NA,NA,NA,NA,NA,NA,NA,NA,NA,NA,NA,NA,NA,NA,NA,NA,NA,NA,NA,NA,NA,NA,NA,23-410,2023,202301,R-22,100.04290499999999,0.0148482727418025,105147.50484105611,134,151,2,55.02,0,NA,0.34,0.1026,0,60.65291,-171.43124,63,-1.1,4,EBS,9
NA,NA,NA,NA,NA,NA,NA,NA,NA,NA,NA,NA,NA,NA,NA,NA,NA,NA,NA,NA,NA,NA,NA,NA,NA,NA,NA,NA,NA,NA,NA,NA,NA,NA,NA,NA,NA,NA,NA,NA,NA,NA,NA,NA,NA,NA,NA,NA,NA,NA,NA,NA,NA,NA,NA,NA,NA,NA,NA,NA,NA,NA,NA,NA,NA,NA,NA,NA,NA,NA,NA,NA,NA,NA,NA,NA,NA,NA,NA,NA,NA,NA,NA,NA,23-330,2023,202301,R-23,164.78276,0.0147348928919478,21033.764023447235,134,152,2,52.09,0,46,0.3653,0.1115,0,60.66061,-172.10918,61,-1.2,4,EBS,9
NA,NA,NA,NA,NA,NA,NA,NA,NA,NA,NA,NA,NA,NA,NA,NA,NA,NA,NA,NA,NA,NA,NA,NA,NA,NA,NA,NA,NA,NA,NA,NA,NA,NA,NA,NA,NA,NA,NA,NA,NA,NA,NA,NA,NA,NA,NA,NA,NA,NA,NA,NA,NA,NA,NA,NA,NA,NA,NA,NA,NA,NA,NA,NA,NA,NA,NA,NA,NA,NA,NA,NA,NA,NA,NA,NA,NA,NA,NA,NA,NA,NA,NA,NA,23-365,2023,202301,R-23,164.78276,0.0147348928919478,21033.764023447235,134,152,2,55.41,0,54,0.3268,0.0975,0,60.66061,-172.10918,61,-1.2,4,EBS,9
NA,NA,NA,NA,NA,NA,NA,NA,NA,NA,NA,NA,NA,NA,NA,NA,NA,NA,NA,NA,NA,NA,NA,NA,NA,NA,NA,NA,NA,NA,NA,NA,NA,NA,NA,NA,NA,NA,NA,NA,NA,NA,NA,NA,NA,NA,NA,NA,NA,NA,NA,NA,NA,NA,NA,NA,NA,NA,NA,NA,NA,NA,NA,NA,NA,NA,NA,NA,NA,NA,NA,NA,NA,NA,NA,NA,NA,NA,NA,NA,NA,NA,NA,NA,23-413,2023,202301,R-23,164.78276,0.0147348928919478,21033.764023447235,134,152,2,53.06,0,48,0.3083,0.0976,0,60.66061,-172.10918,61,-1.2,4,EBS,9
NA,NA,NA,NA,NA,NA,NA,NA,NA,NA,NA,NA,NA,NA,NA,NA,NA,NA,NA,NA,NA,NA,NA,NA,NA,NA,NA,NA,NA,NA,NA,NA,NA,NA,NA,NA,NA,NA,NA,NA,NA,NA,NA,NA,NA,NA,NA,NA,NA,NA,NA,NA,NA,NA,NA,NA,NA,NA,NA,NA,NA,NA,NA,NA,NA,NA,NA,NA,NA,NA,NA,NA,NA,NA,NA,NA,NA,NA,NA,NA,NA,NA,NA,NA,23-415,2023,202301,R-23,164.78276,0.0147348928919478,21033.764023447235,134,152,2,51.44,0,42,0.3271,0.0908,0,60.66061,-172.10918,61,-1.2,4,EBS,9
NA,NA,NA,NA,NA,NA,NA,NA,NA,NA,NA,NA,NA,NA,NA,NA,NA,NA,NA,NA,NA,NA,NA,NA,NA,NA,NA,NA,NA,NA,NA,NA,NA,NA,NA,NA,NA,NA,NA,NA,NA,NA,NA,NA,NA,NA,NA,NA,NA,NA,NA,NA,NA,NA,NA,NA,NA,NA,NA,NA,NA,NA,NA,NA,NA,NA,NA,NA,NA,NA,NA,NA,NA,NA,NA,NA,NA,NA,NA,NA,NA,NA,NA,NA,23-416,2023,202301,R-23,164.78276,0.0147348928919478,21033.764023447235,134,152,2,53.91,0,50,0.3386,0.1022,0,60.66061,-172.10918,61,-1.2,4,EBS,9
NA,NA,NA,NA,NA,NA,NA,NA,NA,NA,NA,NA,NA,NA,NA,NA,NA,NA,NA,NA,NA,NA,NA,NA,NA,NA,NA,NA,NA,NA,NA,NA,NA,NA,NA,NA,NA,NA,NA,NA,NA,NA,NA,NA,NA,NA,NA,NA,NA,NA,NA,NA,NA,NA,NA,NA,NA,NA,NA,NA,NA,NA,NA,NA,NA,NA,NA,NA,NA,NA,NA,NA,NA,NA,NA,NA,NA,NA,NA,NA,NA,NA,NA,NA,23-432,2023,202301,R-28,4362.050099,0.014461267740546,24336.756383622014,134,190,2,62.86,0,80,0.3018,0.1106,0,60.6681,-175.44834,107,0.4,5,EBS,8
NA,NA,NA,NA,NA,NA,NA,NA,NA,NA,NA,NA,NA,NA,NA,NA,NA,NA,NA,NA,NA,NA,NA,NA,NA,NA,NA,NA,NA,NA,NA,NA,NA,NA,NA,NA,NA,NA,NA,NA,NA,NA,NA,NA,NA,NA,NA,NA,NA,NA,NA,NA,NA,NA,NA,NA,NA,NA,NA,NA,NA,NA,NA,NA,NA,NA,NA,NA,NA,NA,NA,NA,NA,NA,NA,NA,NA,NA,NA,NA,NA,NA,NA,NA,23-447,2023,202301,R-28,4362.050099,0.014461267740546,24336.756383622014,134,190,2,55.48,0,52,0.3144,0.1191,0,60.6681,-175.44834,107,0.4,5,EBS,8
NA,NA,NA,NA,NA,NA,NA,NA,NA,NA,NA,NA,NA,NA,NA,NA,NA,NA,NA,NA,NA,NA,NA,NA,NA,NA,NA,NA,NA,NA,NA,NA,NA,NA,NA,NA,NA,NA,NA,NA,NA,NA,NA,NA,NA,NA,NA,NA,NA,NA,NA,NA,NA,NA,NA,NA,NA,NA,NA,NA,NA,NA,NA,NA,NA,NA,NA,NA,NA,NA,NA,NA,NA,NA,NA,NA,NA,NA,NA,NA,NA,NA,NA,NA,23-448,2023,202301,R-28,4362.050099,0.014461267740546,24336.756383622014,134,190,2,59.72,0,68,0.3075,0.0948,0,60.6681,-175.44834,107,0.4,5,EBS,8
NA,NA,NA,NA,NA,NA,NA,NA,NA,NA,NA,NA,NA,NA,NA,NA,NA,NA,NA,NA,NA,NA,NA,NA,NA,NA,NA,NA,NA,NA,NA,NA,NA,NA,NA,NA,NA,NA,NA,NA,NA,NA,NA,NA,NA,NA,NA,NA,NA,NA,NA,NA,NA,NA,NA,NA,NA,NA,NA,NA,NA,NA,NA,NA,NA,NA,NA,NA,NA,NA,NA,NA,NA,NA,NA,NA,NA,NA,NA,NA,NA,NA,NA,NA,23-460,2023,202301,R-28,4362.050099,0.014461267740546,24336.756383622014,134,190,2,51.02,0,46,0.3154,0.0972,0,60.6681,-175.44834,107,0.4,5,EBS,8
NA,NA,NA,NA,NA,NA,NA,NA,NA,NA,NA,NA,NA,NA,NA,NA,NA,NA,NA,NA,NA,NA,NA,NA,NA,NA,NA,NA,NA,NA,NA,NA,NA,NA,NA,NA,NA,NA,NA,NA,NA,NA,NA,NA,NA,NA,NA,NA,NA,NA,NA,NA,NA,NA,NA,NA,NA,NA,NA,NA,NA,NA,NA,NA,NA,NA,NA,NA,NA,NA,NA,NA,NA,NA,NA,NA,NA,NA,NA,NA,NA,NA,NA,NA,23-464,2023,202301,R-28,4362.050099,0.014461267740546,24336.756383622014,134,190,2,57.34,0,54,0.3153,0.0999,0,60.6681,-175.44834,107,0.4,5,EBS,8
NA,NA,NA,NA,NA,NA,NA,NA,NA,NA,NA,NA,NA,NA,NA,NA,NA,NA,NA,NA,NA,NA,NA,NA,NA,NA,NA,NA,NA,NA,NA,NA,NA,NA,NA,NA,NA,NA,NA,NA,NA,NA,NA,NA,NA,NA,NA,NA,NA,NA,NA,NA,NA,NA,NA,NA,NA,NA,NA,NA,NA,NA,NA,NA,NA,NA,NA,NA,NA,NA,NA,NA,NA,NA,NA,NA,NA,NA,NA,NA,NA,NA,NA,NA,23-469,2023,202301,R-28,4362.050099,0.014461267740546,24336.756383622014,134,190,1,70.64,12.15,NA,0.3258,0.105,0,60.6681,-175.44834,107,0.4,5,EBS,8
NA,NA,NA,NA,NA,NA,NA,NA,NA,NA,NA,NA,NA,NA,NA,NA,NA,NA,NA,NA,NA,NA,NA,NA,NA,NA,NA,NA,NA,NA,NA,NA,NA,NA,NA,NA,NA,NA,NA,NA,NA,NA,NA,NA,NA,NA,NA,NA,NA,NA,NA,NA,NA,NA,NA,NA,NA,NA,NA,NA,NA,NA,NA,NA,NA,NA,NA,NA,NA,NA,NA,NA,NA,NA,NA,NA,NA,NA,NA,NA,NA,NA,NA,NA,23-470,2023,202301,R-28,4362.050099,0.014461267740546,24336.756383622014,134,190,1,76.35,16.44,NA,0.3036,0.1147,1,60.6681,-175.44834,107,0.4,5,EBS,8
NA,NA,NA,NA,NA,NA,NA,NA,NA,NA,NA,NA,NA,NA,NA,NA,NA,NA,NA,NA,NA,NA,NA,NA,NA,NA,NA,NA,NA,NA,NA,NA,NA,NA,NA,NA,NA,NA,NA,NA,NA,NA,NA,NA,NA,NA,NA,NA,NA,NA,NA,NA,NA,NA,NA,NA,NA,NA,NA,NA,NA,NA,NA,NA,NA,NA,NA,NA,NA,NA,NA,NA,NA,NA,NA,NA,NA,NA,NA,NA,NA,NA,NA,NA,23-478,2023,202301,R-28,4362.050099,0.014461267740546,24336.756383622014,134,190,1,71.52,12.04,NA,0.313,0.1025,0,60.6681,-175.44834,107,0.4,5,EBS,8
NA,NA,NA,NA,NA,NA,NA,NA,NA,NA,NA,NA,NA,NA,NA,NA,NA,NA,NA,NA,NA,NA,NA,NA,NA,NA,NA,NA,NA,NA,NA,NA,NA,NA,NA,NA,NA,NA,NA,NA,NA,NA,NA,NA,NA,NA,NA,NA,NA,NA,NA,NA,NA,NA,NA,NA,NA,NA,NA,NA,NA,NA,NA,NA,NA,NA,NA,NA,NA,NA,NA,NA,NA,NA,NA,NA,NA,NA,NA,NA,NA,NA,NA,NA,23-479,2023,202301,R-28,4362.050099,0.014461267740546,24336.756383622014,134,190,1,91.8,21.72,334,0.3095,0.10780000000000001,1,60.6681,-175.44834,107,0.4,5,EBS,8
NA,NA,NA,NA,NA,NA,NA,NA,NA,NA,NA,NA,NA,NA,NA,NA,NA,NA,NA,NA,NA,NA,NA,NA,NA,NA,NA,NA,NA,NA,NA,NA,NA,NA,NA,NA,NA,NA,NA,NA,NA,NA,NA,NA,NA,NA,NA,NA,NA,NA,NA,NA,NA,NA,NA,NA,NA,NA,NA,NA,NA,NA,NA,NA,NA,NA,NA,NA,NA,NA,NA,NA,NA,NA,NA,NA,NA,NA,NA,NA,NA,NA,NA,NA,23-480,2023,202301,R-28,4362.050099,0.014461267740546,24336.756383622014,134,190,1,92.56,21.8,368,0.3299,0.129,1,60.6681,-175.44834,107,0.4,5,EBS,8
NA,NA,NA,NA,NA,NA,NA,NA,NA,NA,NA,NA,NA,NA,NA,NA,NA,NA,NA,NA,NA,NA,NA,NA,NA,NA,NA,NA,NA,NA,NA,NA,NA,NA,NA,NA,NA,NA,NA,NA,NA,NA,NA,NA,NA,NA,NA,NA,NA,NA,NA,NA,NA,NA,NA,NA,NA,NA,NA,NA,NA,NA,NA,NA,NA,NA,NA,NA,NA,NA,NA,NA,NA,NA,NA,NA,NA,NA,NA,NA,NA,NA,NA,NA,23-411,2023,202301,R-29,5373.552146,0.014587183801344,7883.632753664515,134,189,1,96.94,17.76,NA,0.316,0.0953,0,60.67284,-176.20668,119,1.1,5,EBS,8
NA,NA,NA,NA,NA,NA,NA,NA,NA,NA,NA,NA,NA,NA,NA,NA,NA,NA,NA,NA,NA,NA,NA,NA,NA,NA,NA,NA,NA,NA,NA,NA,NA,NA,NA,NA,NA,NA,NA,NA,NA,NA,NA,NA,NA,NA,NA,NA,NA,NA,NA,NA,NA,NA,NA,NA,NA,NA,NA,NA,NA,NA,NA,NA,NA,NA,NA,NA,NA,NA,NA,NA,NA,NA,NA,NA,NA,NA,NA,NA,NA,NA,NA,NA,23-456,2023,202301,R-29,5373.552146,0.014587183801344,7883.632753664515,134,189,1,80.2,14.48,NA,0.3342,0.1159,0,60.67284,-176.20668,119,1.1,5,EBS,8
NA,NA,NA,NA,NA,NA,NA,NA,NA,NA,NA,NA,NA,NA,NA,NA,NA,NA,NA,NA,NA,NA,NA,NA,NA,NA,NA,NA,NA,NA,NA,NA,NA,NA,NA,NA,NA,NA,NA,NA,NA,NA,NA,NA,NA,NA,NA,NA,NA,NA,NA,NA,NA,NA,NA,NA,NA,NA,NA,NA,NA,NA,NA,NA,NA,NA,NA,NA,NA,NA,NA,NA,NA,NA,NA,NA,NA,NA,NA,NA,NA,NA,NA,NA,23-474,2023,202301,R-29,5373.552146,0.014587183801344,7883.632753664515,134,189,1,82.15,14.83,204,0.3144,0.1144,0,60.67284,-176.20668,119,1.1,5,EBS,8
NA,NA,NA,NA,NA,NA,NA,NA,NA,NA,NA,NA,NA,NA,NA,NA,NA,NA,NA,NA,NA,NA,NA,NA,NA,NA,NA,NA,NA,NA,NA,NA,NA,NA,NA,NA,NA,NA,NA,NA,NA,NA,NA,NA,NA,NA,NA,NA,NA,NA,NA,NA,NA,NA,NA,NA,NA,NA,NA,NA,NA,NA,NA,NA,NA,NA,NA,NA,NA,NA,NA,NA,NA,NA,NA,NA,NA,NA,NA,NA,NA,NA,NA,NA,23-477,2023,202301,R-29,5373.552146,0.014587183801344,7883.632753664515,134,189,1,80.19,14.05,200,0.3291,0.1102,0,60.67284,-176.20668,119,1.1,5,EBS,8
NA,NA,NA,NA,NA,NA,NA,NA,NA,NA,NA,NA,NA,NA,NA,NA,NA,NA,NA,NA,NA,NA,NA,NA,NA,NA,NA,NA,NA,NA,NA,NA,NA,NA,NA,NA,NA,NA,NA,NA,NA,NA,NA,NA,NA,NA,NA,NA,NA,NA,NA,NA,NA,NA,NA,NA,NA,NA,NA,NA,NA,NA,NA,NA,NA,NA,NA,NA,NA,NA,NA,NA,NA,NA,NA,NA,NA,NA,NA,NA,NA,NA,NA,NA,23-84,2023,202302,AA-01,7417.765403,0.0121091226043788,281272.00221495534,162,35,1,51.15,8.27,52,0.3209,0.1107,0,63.6852,-168.2721,33,2.8,8,NBS,12
NA,NA,NA,NA,NA,NA,NA,NA,NA,NA,NA,NA,NA,NA,NA,NA,NA,NA,NA,NA,NA,NA,NA,NA,NA,NA,NA,NA,NA,NA,NA,NA,NA,NA,NA,NA,NA,NA,NA,NA,NA,NA,NA,NA,NA,NA,NA,NA,NA,NA,NA,NA,NA,NA,NA,NA,NA,NA,NA,NA,NA,NA,NA,NA,NA,NA,NA,NA,NA,NA,NA,NA,NA,NA,NA,NA,NA,NA,NA,NA,NA,NA,NA,NA,23-104,2023,202302,AA-01,7417.765403,0.0121091226043788,281272.00221495534,162,35,1,53.58,9.1,56,0.3645,0.137,0,63.6852,-168.2721,33,2.8,8,NBS,12
NA,NA,NA,NA,NA,NA,NA,NA,NA,NA,NA,NA,NA,NA,NA,NA,NA,NA,NA,NA,NA,NA,NA,NA,NA,NA,NA,NA,NA,NA,NA,NA,NA,NA,NA,NA,NA,NA,NA,NA,NA,NA,NA,NA,NA,NA,NA,NA,NA,NA,NA,NA,NA,NA,NA,NA,NA,NA,NA,NA,NA,NA,NA,NA,NA,NA,NA,NA,NA,NA,NA,NA,NA,NA,NA,NA,NA,NA,NA,NA,NA,NA,NA,NA,23-106,2023,202302,AA-01,7417.765403,0.0121091226043788,281272.00221495534,162,35,1,50.01,8.35,40,0.3275,0.0969,0,63.6852,-168.2721,33,2.8,8,NBS,12
NA,NA,NA,NA,NA,NA,NA,NA,NA,NA,NA,NA,NA,NA,NA,NA,NA,NA,NA,NA,NA,NA,NA,NA,NA,NA,NA,NA,NA,NA,NA,NA,NA,NA,NA,NA,NA,NA,NA,NA,NA,NA,NA,NA,NA,NA,NA,NA,NA,NA,NA,NA,NA,NA,NA,NA,NA,NA,NA,NA,NA,NA,NA,NA,NA,NA,NA,NA,NA,NA,NA,NA,NA,NA,NA,NA,NA,NA,NA,NA,NA,NA,NA,NA,23-115,2023,202302,AA-01,7417.765403,0.0121091226043788,281272.00221495534,162,35,1,51.62,10.2,54,0.3235,0.12,1,63.6852,-168.2721,33,2.8,8,NBS,12
NA,NA,NA,NA,NA,NA,NA,NA,NA,NA,NA,NA,NA,NA,NA,NA,NA,NA,NA,NA,NA,NA,NA,NA,NA,NA,NA,NA,NA,NA,NA,NA,NA,NA,NA,NA,NA,NA,NA,NA,NA,NA,NA,NA,NA,NA,NA,NA,NA,NA,NA,NA,NA,NA,NA,NA,NA,NA,NA,NA,NA,NA,NA,NA,NA,NA,NA,NA,NA,NA,NA,NA,NA,NA,NA,NA,NA,NA,NA,NA,NA,NA,NA,NA,23-126,2023,202302,AA-01,7417.765403,0.0121091226043788,281272.00221495534,162,35,2,44.69,0,26,0.3346,0.1,0,63.6852,-168.2721,33,2.8,8,NBS,12
NA,NA,NA,NA,NA,NA,NA,NA,NA,NA,NA,NA,NA,NA,NA,NA,NA,NA,NA,NA,NA,NA,NA,NA,NA,NA,NA,NA,NA,NA,NA,NA,NA,NA,NA,NA,NA,NA,NA,NA,NA,NA,NA,NA,NA,NA,NA,NA,NA,NA,NA,NA,NA,NA,NA,NA,NA,NA,NA,NA,NA,NA,NA,NA,NA,NA,NA,NA,NA,NA,NA,NA,NA,NA,NA,NA,NA,NA,NA,NA,NA,NA,NA,NA,23-130,2023,202302,AA-01,7417.765403,0.0121091226043788,281272.00221495534,162,35,1,56.53,9.86,66,0.3306,0.0897,0,63.6852,-168.2721,33,2.8,8,NBS,12
NA,NA,NA,NA,NA,NA,NA,NA,NA,NA,NA,NA,NA,NA,NA,NA,NA,NA,NA,NA,NA,NA,NA,NA,NA,NA,NA,NA,NA,NA,NA,NA,NA,NA,NA,NA,NA,NA,NA,NA,NA,NA,NA,NA,NA,NA,NA,NA,NA,NA,NA,NA,NA,NA,NA,NA,NA,NA,NA,NA,NA,NA,NA,NA,NA,NA,NA,NA,NA,NA,NA,NA,NA,NA,NA,NA,NA,NA,NA,NA,NA,NA,NA,NA,23-142,2023,202302,AA-01,7417.765403,0.0121091226043788,281272.00221495534,162,35,1,51.45,8.16,48,0.3004,0.1226,0,63.6852,-168.2721,33,2.8,8,NBS,12
NA,NA,NA,NA,NA,NA,NA,NA,NA,NA,NA,NA,NA,NA,NA,NA,NA,NA,NA,NA,NA,NA,NA,NA,NA,NA,NA,NA,NA,NA,NA,NA,NA,NA,NA,NA,NA,NA,NA,NA,NA,NA,NA,NA,NA,NA,NA,NA,NA,NA,NA,NA,NA,NA,NA,NA,NA,NA,NA,NA,NA,NA,NA,NA,NA,NA,NA,NA,NA,NA,NA,NA,NA,NA,NA,NA,NA,NA,NA,NA,NA,NA,NA,NA,23-143,2023,202302,AA-01,7417.765403,0.0121091226043788,281272.00221495534,162,35,1,52.56,8.47,52,0.3282,0.1355,0,63.6852,-168.2721,33,2.8,8,NBS,12
NA,NA,NA,NA,NA,NA,NA,NA,NA,NA,NA,NA,NA,NA,NA,NA,NA,NA,NA,NA,NA,NA,NA,NA,NA,NA,NA,NA,NA,NA,NA,NA,NA,NA,NA,NA,NA,NA,NA,NA,NA,NA,NA,NA,NA,NA,NA,NA,NA,NA,NA,NA,NA,NA,NA,NA,NA,NA,NA,NA,NA,NA,NA,NA,NA,NA,NA,NA,NA,NA,NA,NA,NA,NA,NA,NA,NA,NA,NA,NA,NA,NA,NA,NA,23-144,2023,202302,AA-01,7417.765403,0.0121091226043788,281272.00221495534,162,35,1,50.72,8.18,54,0.3047,0.0943,0,63.6852,-168.2721,33,2.8,8,NBS,12
NA,NA,NA,NA,NA,NA,NA,NA,NA,NA,NA,NA,NA,NA,NA,NA,NA,NA,NA,NA,NA,NA,NA,NA,NA,NA,NA,NA,NA,NA,NA,NA,NA,NA,NA,NA,NA,NA,NA,NA,NA,NA,NA,NA,NA,NA,NA,NA,NA,NA,NA,NA,NA,NA,NA,NA,NA,NA,NA,NA,NA,NA,NA,NA,NA,NA,NA,NA,NA,NA,NA,NA,NA,NA,NA,NA,NA,NA,NA,NA,NA,NA,NA,NA,23-152,2023,202302,AA-01,7417.765403,0.0121091226043788,281272.00221495534,162,35,1,53.7,9.05,54,0.326,0.1005,0,63.6852,-168.2721,33,2.8,8,NBS,12
NA,NA,NA,NA,NA,NA,NA,NA,NA,NA,NA,NA,NA,NA,NA,NA,NA,NA,NA,NA,NA,NA,NA,NA,NA,NA,NA,NA,NA,NA,NA,NA,NA,NA,NA,NA,NA,NA,NA,NA,NA,NA,NA,NA,NA,NA,NA,NA,NA,NA,NA,NA,NA,NA,NA,NA,NA,NA,NA,NA,NA,NA,NA,NA,NA,NA,NA,NA,NA,NA,NA,NA,NA,NA,NA,NA,NA,NA,NA,NA,NA,NA,NA,NA,23-156,2023,202302,AA-01,7417.765403,0.0121091226043788,281272.00221495534,162,35,1,57.17,9.66,60,0.3057,0.0968,0,63.6852,-168.2721,33,2.8,8,NBS,12
NA,NA,NA,NA,NA,NA,NA,NA,NA,NA,NA,NA,NA,NA,NA,NA,NA,NA,NA,NA,NA,NA,NA,NA,NA,NA,NA,NA,NA,NA,NA,NA,NA,NA,NA,NA,NA,NA,NA,NA,NA,NA,NA,NA,NA,NA,NA,NA,NA,NA,NA,NA,NA,NA,NA,NA,NA,NA,NA,NA,NA,NA,NA,NA,NA,NA,NA,NA,NA,NA,NA,NA,NA,NA,NA,NA,NA,NA,NA,NA,NA,NA,NA,NA,23-168,2023,202302,AA-01,7417.765403,0.0121091226043788,281272.00221495534,162,35,1,54.8,12.52,66,0.3178,0.1114,1,63.6852,-168.2721,33,2.8,8,NBS,12
NA,NA,NA,NA,NA,NA,NA,NA,NA,NA,NA,NA,NA,NA,NA,NA,NA,NA,NA,NA,NA,NA,NA,NA,NA,NA,NA,NA,NA,NA,NA,NA,NA,NA,NA,NA,NA,NA,NA,NA,NA,NA,NA,NA,NA,NA,NA,NA,NA,NA,NA,NA,NA,NA,NA,NA,NA,NA,NA,NA,NA,NA,NA,NA,NA,NA,NA,NA,NA,NA,NA,NA,NA,NA,NA,NA,NA,NA,NA,NA,NA,NA,NA,NA,23-191,2023,202302,AA-01,7417.765403,0.0121091226043788,281272.00221495534,162,35,2,55.64,0,54,0.3041,0.0994,0,63.6852,-168.2721,33,2.8,8,NBS,12
NA,NA,NA,NA,NA,NA,NA,NA,NA,NA,NA,NA,NA,NA,NA,NA,NA,NA,NA,NA,NA,NA,NA,NA,NA,NA,NA,NA,NA,NA,NA,NA,NA,NA,NA,NA,NA,NA,NA,NA,NA,NA,NA,NA,NA,NA,NA,NA,NA,NA,NA,NA,NA,NA,NA,NA,NA,NA,NA,NA,NA,NA,NA,NA,NA,NA,NA,NA,NA,NA,NA,NA,NA,NA,NA,NA,NA,NA,NA,NA,NA,NA,NA,NA,23-200,2023,202302,AA-01,7417.765403,0.0121091226043788,281272.00221495534,162,35,1,54.45,9.08,62,0.3152,0.1086,0,63.6852,-168.2721,33,2.8,8,NBS,12
NA,NA,NA,NA,NA,NA,NA,NA,NA,NA,NA,NA,NA,NA,NA,NA,NA,NA,NA,NA,NA,NA,NA,NA,NA,NA,NA,NA,NA,NA,NA,NA,NA,NA,NA,NA,NA,NA,NA,NA,NA,NA,NA,NA,NA,NA,NA,NA,NA,NA,NA,NA,NA,NA,NA,NA,NA,NA,NA,NA,NA,NA,NA,NA,NA,NA,NA,NA,NA,NA,NA,NA,NA,NA,NA,NA,NA,NA,NA,NA,NA,NA,NA,NA,23-201,2023,202302,AA-01,7417.765403,0.0121091226043788,281272.00221495534,162,35,2,44.78,0,32,0.3308,0.0974,0,63.6852,-168.2721,33,2.8,8,NBS,12
NA,NA,NA,NA,NA,NA,NA,NA,NA,NA,NA,NA,NA,NA,NA,NA,NA,NA,NA,NA,NA,NA,NA,NA,NA,NA,NA,NA,NA,NA,NA,NA,NA,NA,NA,NA,NA,NA,NA,NA,NA,NA,NA,NA,NA,NA,NA,NA,NA,NA,NA,NA,NA,NA,NA,NA,NA,NA,NA,NA,NA,NA,NA,NA,NA,NA,NA,NA,NA,NA,NA,NA,NA,NA,NA,NA,NA,NA,NA,NA,NA,NA,NA,NA,23-205,2023,202302,AA-01,7417.765403,0.0121091226043788,281272.00221495534,162,35,2,42.76,0,26,0.3032,0.0989,0,63.6852,-168.2721,33,2.8,8,NBS,12
NA,NA,NA,NA,NA,NA,NA,NA,NA,NA,NA,NA,NA,NA,NA,NA,NA,NA,NA,NA,NA,NA,NA,NA,NA,NA,NA,NA,NA,NA,NA,NA,NA,NA,NA,NA,NA,NA,NA,NA,NA,NA,NA,NA,NA,NA,NA,NA,NA,NA,NA,NA,NA,NA,NA,NA,NA,NA,NA,NA,NA,NA,NA,NA,NA,NA,NA,NA,NA,NA,NA,NA,NA,NA,NA,NA,NA,NA,NA,NA,NA,NA,NA,NA,23-210,2023,202302,AA-01,7417.765403,0.0121091226043788,281272.00221495534,162,35,1,51.17,9.19,50,0.3683,0.1183,0,63.6852,-168.2721,33,2.8,8,NBS,12
NA,NA,NA,NA,NA,NA,NA,NA,NA,NA,NA,NA,NA,NA,NA,NA,NA,NA,NA,NA,NA,NA,NA,NA,NA,NA,NA,NA,NA,NA,NA,NA,NA,NA,NA,NA,NA,NA,NA,NA,NA,NA,NA,NA,NA,NA,NA,NA,NA,NA,NA,NA,NA,NA,NA,NA,NA,NA,NA,NA,NA,NA,NA,NA,NA,NA,NA,NA,NA,NA,NA,NA,NA,NA,NA,NA,NA,NA,NA,NA,NA,NA,NA,NA,23-212,2023,202302,AA-01,7417.765403,0.0121091226043788,281272.00221495534,162,35,1,56.47,11.35,72,0.3473,0.1313,1,63.6852,-168.2721,33,2.8,8,NBS,12
NA,NA,NA,NA,NA,NA,NA,NA,NA,NA,NA,NA,NA,NA,NA,NA,NA,NA,NA,NA,NA,NA,NA,NA,NA,NA,NA,NA,NA,NA,NA,NA,NA,NA,NA,NA,NA,NA,NA,NA,NA,NA,NA,NA,NA,NA,NA,NA,NA,NA,NA,NA,NA,NA,NA,NA,NA,NA,NA,NA,NA,NA,NA,NA,NA,NA,NA,NA,NA,NA,NA,NA,NA,NA,NA,NA,NA,NA,NA,NA,NA,NA,NA,NA,23-213,2023,202302,AA-01,7417.765403,0.0121091226043788,281272.00221495534,162,35,1,51.18,8.98,52,0.2993,0.0946,0,63.6852,-168.2721,33,2.8,8,NBS,12
NA,NA,NA,NA,NA,NA,NA,NA,NA,NA,NA,NA,NA,NA,NA,NA,NA,NA,NA,NA,NA,NA,NA,NA,NA,NA,NA,NA,NA,NA,NA,NA,NA,NA,NA,NA,NA,NA,NA,NA,NA,NA,NA,NA,NA,NA,NA,NA,NA,NA,NA,NA,NA,NA,NA,NA,NA,NA,NA,NA,NA,NA,NA,NA,NA,NA,NA,NA,NA,NA,NA,NA,NA,NA,NA,NA,NA,NA,NA,NA,NA,NA,NA,NA,23-216,2023,202302,AA-01,7417.765403,0.0121091226043788,281272.00221495534,162,35,1,51.95,8.52,NA,0.3099,0.1065,0,63.6852,-168.2721,33,2.8,8,NBS,12
NA,NA,NA,NA,NA,NA,NA,NA,NA,NA,NA,NA,NA,NA,NA,NA,NA,NA,NA,NA,NA,NA,NA,NA,NA,NA,NA,NA,NA,NA,NA,NA,NA,NA,NA,NA,NA,NA,NA,NA,NA,NA,NA,NA,NA,NA,NA,NA,NA,NA,NA,NA,NA,NA,NA,NA,NA,NA,NA,NA,NA,NA,NA,NA,NA,NA,NA,NA,NA,NA,NA,NA,NA,NA,NA,NA,NA,NA,NA,NA,NA,NA,NA,NA,23-218,2023,202302,AA-01,7417.765403,0.0121091226043788,281272.00221495534,162,35,2,93.14,0,28,0.3075,0.0992,0,63.6852,-168.2721,33,2.8,8,NBS,12
NA,NA,NA,NA,NA,NA,NA,NA,NA,NA,NA,NA,NA,NA,NA,NA,NA,NA,NA,NA,NA,NA,NA,NA,NA,NA,NA,NA,NA,NA,NA,NA,NA,NA,NA,NA,NA,NA,NA,NA,NA,NA,NA,NA,NA,NA,NA,NA,NA,NA,NA,NA,NA,NA,NA,NA,NA,NA,NA,NA,NA,NA,NA,NA,NA,NA,NA,NA,NA,NA,NA,NA,NA,NA,NA,NA,NA,NA,NA,NA,NA,NA,NA,NA,23-219,2023,202302,AA-01,7417.765403,0.0121091226043788,281272.00221495534,162,35,1,51.46,9.76,92,0.3358,0.1413,0,63.6852,-168.2721,33,2.8,8,NBS,12
NA,NA,NA,NA,NA,NA,NA,NA,NA,NA,NA,NA,NA,NA,NA,NA,NA,NA,NA,NA,NA,NA,NA,NA,NA,NA,NA,NA,NA,NA,NA,NA,NA,NA,NA,NA,NA,NA,NA,NA,NA,NA,NA,NA,NA,NA,NA,NA,NA,NA,NA,NA,NA,NA,NA,NA,NA,NA,NA,NA,NA,NA,NA,NA,NA,NA,NA,NA,NA,NA,NA,NA,NA,NA,NA,NA,NA,NA,NA,NA,NA,NA,NA,NA,23-220,2023,202302,AA-01,7417.765403,0.0121091226043788,281272.00221495534,162,35,1,53.07,11.26,68,0.3196,0.0853,1,63.6852,-168.2721,33,2.8,8,NBS,12
NA,NA,NA,NA,NA,NA,NA,NA,NA,NA,NA,NA,NA,NA,NA,NA,NA,NA,NA,NA,NA,NA,NA,NA,NA,NA,NA,NA,NA,NA,NA,NA,NA,NA,NA,NA,NA,NA,NA,NA,NA,NA,NA,NA,NA,NA,NA,NA,NA,NA,NA,NA,NA,NA,NA,NA,NA,NA,NA,NA,NA,NA,NA,NA,NA,NA,NA,NA,NA,NA,NA,NA,NA,NA,NA,NA,NA,NA,NA,NA,NA,NA,NA,NA,23-101,2023,202302,AA-18,7195.274546,0.013434970793211,10867.161696680216,162,10,2,42.73,0,30,0.2983,0.0974,0,63.66763,-169.03946,36,2.7,8,NBS,12
NA,NA,NA,NA,NA,NA,NA,NA,NA,NA,NA,NA,NA,NA,NA,NA,NA,NA,NA,NA,NA,NA,NA,NA,NA,NA,NA,NA,NA,NA,NA,NA,NA,NA,NA,NA,NA,NA,NA,NA,NA,NA,NA,NA,NA,NA,NA,NA,NA,NA,NA,NA,NA,NA,NA,NA,NA,NA,NA,NA,NA,NA,NA,NA,NA,NA,NA,NA,NA,NA,NA,NA,NA,NA,NA,NA,NA,NA,NA,NA,NA,NA,NA,NA,23-114,2023,202302,AA-18,7195.274546,0.013434970793211,10867.161696680216,162,10,2,44.82,0,NA,0.302,0.0921,0,63.66763,-169.03946,36,2.7,8,NBS,12
NA,NA,NA,NA,NA,NA,NA,NA,NA,NA,NA,NA,NA,NA,NA,NA,NA,NA,NA,NA,NA,NA,NA,NA,NA,NA,NA,NA,NA,NA,NA,NA,NA,NA,NA,NA,NA,NA,NA,NA,NA,NA,NA,NA,NA,NA,NA,NA,NA,NA,NA,NA,NA,NA,NA,NA,NA,NA,NA,NA,NA,NA,NA,NA,NA,NA,NA,NA,NA,NA,NA,NA,NA,NA,NA,NA,NA,NA,NA,NA,NA,NA,NA,NA,23-120,2023,202302,AA-18,7195.274546,0.013434970793211,10867.161696680216,162,10,2,44.88,0,26,0.3085,0.098,0,63.66763,-169.03946,36,2.7,8,NBS,12
NA,NA,NA,NA,NA,NA,NA,NA,NA,NA,NA,NA,NA,NA,NA,NA,NA,NA,NA,NA,NA,NA,NA,NA,NA,NA,NA,NA,NA,NA,NA,NA,NA,NA,NA,NA,NA,NA,NA,NA,NA,NA,NA,NA,NA,NA,NA,NA,NA,NA,NA,NA,NA,NA,NA,NA,NA,NA,NA,NA,NA,NA,NA,NA,NA,NA,NA,NA,NA,NA,NA,NA,NA,NA,NA,NA,NA,NA,NA,NA,NA,NA,NA,NA,23-124,2023,202302,AA-18,7195.274546,0.013434970793211,10867.161696680216,162,10,2,42.79,0,32,0.3354,0.1201,0,63.66763,-169.03946,36,2.7,8,NBS,12
NA,NA,NA,NA,NA,NA,NA,NA,NA,NA,NA,NA,NA,NA,NA,NA,NA,NA,NA,NA,NA,NA,NA,NA,NA,NA,NA,NA,NA,NA,NA,NA,NA,NA,NA,NA,NA,NA,NA,NA,NA,NA,NA,NA,NA,NA,NA,NA,NA,NA,NA,NA,NA,NA,NA,NA,NA,NA,NA,NA,NA,NA,NA,NA,NA,NA,NA,NA,NA,NA,NA,NA,NA,NA,NA,NA,NA,NA,NA,NA,NA,NA,NA,NA,23-125,2023,202302,AA-18,7195.274546,0.013434970793211,10867.161696680216,162,10,2,44.07,0,26,0.3117,0.1047,0,63.66763,-169.03946,36,2.7,8,NBS,12
NA,NA,NA,NA,NA,NA,NA,NA,NA,NA,NA,NA,NA,NA,NA,NA,NA,NA,NA,NA,NA,NA,NA,NA,NA,NA,NA,NA,NA,NA,NA,NA,NA,NA,NA,NA,NA,NA,NA,NA,NA,NA,NA,NA,NA,NA,NA,NA,NA,NA,NA,NA,NA,NA,NA,NA,NA,NA,NA,NA,NA,NA,NA,NA,NA,NA,NA,NA,NA,NA,NA,NA,NA,NA,NA,NA,NA,NA,NA,NA,NA,NA,NA,NA,23-128,2023,202302,AA-18,7195.274546,0.013434970793211,10867.161696680216,162,10,1,52.08,8.72,58,0.3024,0.1303,0,63.66763,-169.03946,36,2.7,8,NBS,12
NA,NA,NA,NA,NA,NA,NA,NA,NA,NA,NA,NA,NA,NA,NA,NA,NA,NA,NA,NA,NA,NA,NA,NA,NA,NA,NA,NA,NA,NA,NA,NA,NA,NA,NA,NA,NA,NA,NA,NA,NA,NA,NA,NA,NA,NA,NA,NA,NA,NA,NA,NA,NA,NA,NA,NA,NA,NA,NA,NA,NA,NA,NA,NA,NA,NA,NA,NA,NA,NA,NA,NA,NA,NA,NA,NA,NA,NA,NA,NA,NA,NA,NA,NA,23-129,2023,202302,AA-18,7195.274546,0.013434970793211,10867.161696680216,162,10,2,41.97,0,26,0.3036,0.1246,0,63.66763,-169.03946,36,2.7,8,NBS,12
NA,NA,NA,NA,NA,NA,NA,NA,NA,NA,NA,NA,NA,NA,NA,NA,NA,NA,NA,NA,NA,NA,NA,NA,NA,NA,NA,NA,NA,NA,NA,NA,NA,NA,NA,NA,NA,NA,NA,NA,NA,NA,NA,NA,NA,NA,NA,NA,NA,NA,NA,NA,NA,NA,NA,NA,NA,NA,NA,NA,NA,NA,NA,NA,NA,NA,NA,NA,NA,NA,NA,NA,NA,NA,NA,NA,NA,NA,NA,NA,NA,NA,NA,NA,23-133,2023,202302,AA-18,7195.274546,0.013434970793211,10867.161696680216,162,10,2,46.52,0,38,0.3281,0.1195,0,63.66763,-169.03946,36,2.7,8,NBS,12
NA,NA,NA,NA,NA,NA,NA,NA,NA,NA,NA,NA,NA,NA,NA,NA,NA,NA,NA,NA,NA,NA,NA,NA,NA,NA,NA,NA,NA,NA,NA,NA,NA,NA,NA,NA,NA,NA,NA,NA,NA,NA,NA,NA,NA,NA,NA,NA,NA,NA,NA,NA,NA,NA,NA,NA,NA,NA,NA,NA,NA,NA,NA,NA,NA,NA,NA,NA,NA,NA,NA,NA,NA,NA,NA,NA,NA,NA,NA,NA,NA,NA,NA,NA,23-134,2023,202302,AA-18,7195.274546,0.013434970793211,10867.161696680216,162,10,1,51.56,11.6,NA,0.3147,0.1193,1,63.66763,-169.03946,36,2.7,8,NBS,12
NA,NA,NA,NA,NA,NA,NA,NA,NA,NA,NA,NA,NA,NA,NA,NA,NA,NA,NA,NA,NA,NA,NA,NA,NA,NA,NA,NA,NA,NA,NA,NA,NA,NA,NA,NA,NA,NA,NA,NA,NA,NA,NA,NA,NA,NA,NA,NA,NA,NA,NA,NA,NA,NA,NA,NA,NA,NA,NA,NA,NA,NA,NA,NA,NA,NA,NA,NA,NA,NA,NA,NA,NA,NA,NA,NA,NA,NA,NA,NA,NA,NA,NA,NA,23-158,2023,202302,AA-18,7195.274546,0.013434970793211,10867.161696680216,162,10,2,43.81,0,32,0.3077,0.1102,0,63.66763,-169.03946,36,2.7,8,NBS,12
NA,NA,NA,NA,NA,NA,NA,NA,NA,NA,NA,NA,NA,NA,NA,NA,NA,NA,NA,NA,NA,NA,NA,NA,NA,NA,NA,NA,NA,NA,NA,NA,NA,NA,NA,NA,NA,NA,NA,NA,NA,NA,NA,NA,NA,NA,NA,NA,NA,NA,NA,NA,NA,NA,NA,NA,NA,NA,NA,NA,NA,NA,NA,NA,NA,NA,NA,NA,NA,NA,NA,NA,NA,NA,NA,NA,NA,NA,NA,NA,NA,NA,NA,NA,23-164,2023,202302,AA-18,7195.274546,0.013434970793211,10867.161696680216,162,10,2,43.29,0,30,0.2998,0.1158,0,63.66763,-169.03946,36,2.7,8,NBS,12
NA,NA,NA,NA,NA,NA,NA,NA,NA,NA,NA,NA,NA,NA,NA,NA,NA,NA,NA,NA,NA,NA,NA,NA,NA,NA,NA,NA,NA,NA,NA,NA,NA,NA,NA,NA,NA,NA,NA,NA,NA,NA,NA,NA,NA,NA,NA,NA,NA,NA,NA,NA,NA,NA,NA,NA,NA,NA,NA,NA,NA,NA,NA,NA,NA,NA,NA,NA,NA,NA,NA,NA,NA,NA,NA,NA,NA,NA,NA,NA,NA,NA,NA,NA,23-167,2023,202302,AA-18,7195.274546,0.013434970793211,10867.161696680216,162,10,2,44.24,0,32,0.307,0.0997,0,63.66763,-169.03946,36,2.7,8,NBS,12
NA,NA,NA,NA,NA,NA,NA,NA,NA,NA,NA,NA,NA,NA,NA,NA,NA,NA,NA,NA,NA,NA,NA,NA,NA,NA,NA,NA,NA,NA,NA,NA,NA,NA,NA,NA,NA,NA,NA,NA,NA,NA,NA,NA,NA,NA,NA,NA,NA,NA,NA,NA,NA,NA,NA,NA,NA,NA,NA,NA,NA,NA,NA,NA,NA,NA,NA,NA,NA,NA,NA,NA,NA,NA,NA,NA,NA,NA,NA,NA,NA,NA,NA,NA,23-183,2023,202302,AA-18,7195.274546,0.013434970793211,10867.161696680216,162,10,2,41.82,0,NA,0.3132,0.1174,0,63.66763,-169.03946,36,2.7,8,NBS,12
NA,NA,NA,NA,NA,NA,NA,NA,NA,NA,NA,NA,NA,NA,NA,NA,NA,NA,NA,NA,NA,NA,NA,NA,NA,NA,NA,NA,NA,NA,NA,NA,NA,NA,NA,NA,NA,NA,NA,NA,NA,NA,NA,NA,NA,NA,NA,NA,NA,NA,NA,NA,NA,NA,NA,NA,NA,NA,NA,NA,NA,NA,NA,NA,NA,NA,NA,NA,NA,NA,NA,NA,NA,NA,NA,NA,NA,NA,NA,NA,NA,NA,NA,NA,23-186,2023,202302,AA-18,7195.274546,0.013434970793211,10867.161696680216,162,10,2,51.51,0,NA,0.2973,0.1137,0,63.66763,-169.03946,36,2.7,8,NBS,12
NA,NA,NA,NA,NA,NA,NA,NA,NA,NA,NA,NA,NA,NA,NA,NA,NA,NA,NA,NA,NA,NA,NA,NA,NA,NA,NA,NA,NA,NA,NA,NA,NA,NA,NA,NA,NA,NA,NA,NA,NA,NA,NA,NA,NA,NA,NA,NA,NA,NA,NA,NA,NA,NA,NA,NA,NA,NA,NA,NA,NA,NA,NA,NA,NA,NA,NA,NA,NA,NA,NA,NA,NA,NA,NA,NA,NA,NA,NA,NA,NA,NA,NA,NA,23-197,2023,202302,AA-18,7195.274546,0.013434970793211,10867.161696680216,162,10,2,56.56,0,60,0.3165,0.107,0,63.66763,-169.03946,36,2.7,8,NBS,12
NA,NA,NA,NA,NA,NA,NA,NA,NA,NA,NA,NA,NA,NA,NA,NA,NA,NA,NA,NA,NA,NA,NA,NA,NA,NA,NA,NA,NA,NA,NA,NA,NA,NA,NA,NA,NA,NA,NA,NA,NA,NA,NA,NA,NA,NA,NA,NA,NA,NA,NA,NA,NA,NA,NA,NA,NA,NA,NA,NA,NA,NA,NA,NA,NA,NA,NA,NA,NA,NA,NA,NA,NA,NA,NA,NA,NA,NA,NA,NA,NA,NA,NA,NA,23-112,2023,202302,AA-22,1066.239584,0.01301031080214195,2382.7255529434638,162,3,2,41.69,0,26,0.3005,0.0904,0,63.54793,-172.00571,37,2.7,8,NBS,12
NA,NA,NA,NA,NA,NA,NA,NA,NA,NA,NA,NA,NA,NA,NA,NA,NA,NA,NA,NA,NA,NA,NA,NA,NA,NA,NA,NA,NA,NA,NA,NA,NA,NA,NA,NA,NA,NA,NA,NA,NA,NA,NA,NA,NA,NA,NA,NA,NA,NA,NA,NA,NA,NA,NA,NA,NA,NA,NA,NA,NA,NA,NA,NA,NA,NA,NA,NA,NA,NA,NA,NA,NA,NA,NA,NA,NA,NA,NA,NA,NA,NA,NA,NA,23-194,2023,202302,AA-22,1066.239584,0.01301031080214195,2382.7255529434638,162,3,2,45.11,0,32,0.3047,0.1025,0,63.54793,-172.00571,37,2.7,8,NBS,12
NA,NA,NA,NA,NA,NA,NA,NA,NA,NA,NA,NA,NA,NA,NA,NA,NA,NA,NA,NA,NA,NA,NA,NA,NA,NA,NA,NA,NA,NA,NA,NA,NA,NA,NA,NA,NA,NA,NA,NA,NA,NA,NA,NA,NA,NA,NA,NA,NA,NA,NA,NA,NA,NA,NA,NA,NA,NA,NA,NA,NA,NA,NA,NA,NA,NA,NA,NA,NA,NA,NA,NA,NA,NA,NA,NA,NA,NA,NA,NA,NA,NA,NA,NA,23-102,2023,202302,BB-19,24566.517102,0.0134472265298316,190778.1685917748,162,8,1,62.18,10.86,NA,0.3072,0.1259,0,63.98959,-169.78633,34,3.2,9,NBS,13
NA,NA,NA,NA,NA,NA,NA,NA,NA,NA,NA,NA,NA,NA,NA,NA,NA,NA,NA,NA,NA,NA,NA,NA,NA,NA,NA,NA,NA,NA,NA,NA,NA,NA,NA,NA,NA,NA,NA,NA,NA,NA,NA,NA,NA,NA,NA,NA,NA,NA,NA,NA,NA,NA,NA,NA,NA,NA,NA,NA,NA,NA,NA,NA,NA,NA,NA,NA,NA,NA,NA,NA,NA,NA,NA,NA,NA,NA,NA,NA,NA,NA,NA,NA,23-103,2023,202302,BB-19,24566.517102,0.0134472265298316,190778.1685917748,162,8,1,52.98,10.41,60,0.3378,0.1338,1,63.98959,-169.78633,34,3.2,9,NBS,13
NA,NA,NA,NA,NA,NA,NA,NA,NA,NA,NA,NA,NA,NA,NA,NA,NA,NA,NA,NA,NA,NA,NA,NA,NA,NA,NA,NA,NA,NA,NA,NA,NA,NA,NA,NA,NA,NA,NA,NA,NA,NA,NA,NA,NA,NA,NA,NA,NA,NA,NA,NA,NA,NA,NA,NA,NA,NA,NA,NA,NA,NA,NA,NA,NA,NA,NA,NA,NA,NA,NA,NA,NA,NA,NA,NA,NA,NA,NA,NA,NA,NA,NA,NA,23-119,2023,202302,BB-19,24566.517102,0.0134472265298316,190778.1685917748,162,8,1,49.93,8.23,NA,0.3114,0.1377,0,63.98959,-169.78633,34,3.2,9,NBS,13
NA,NA,NA,NA,NA,NA,NA,NA,NA,NA,NA,NA,NA,NA,NA,NA,NA,NA,NA,NA,NA,NA,NA,NA,NA,NA,NA,NA,NA,NA,NA,NA,NA,NA,NA,NA,NA,NA,NA,NA,NA,NA,NA,NA,NA,NA,NA,NA,NA,NA,NA,NA,NA,NA,NA,NA,NA,NA,NA,NA,NA,NA,NA,NA,NA,NA,NA,NA,NA,NA,NA,NA,NA,NA,NA,NA,NA,NA,NA,NA,NA,NA,NA,NA,23-122,2023,202302,BB-19,24566.517102,0.0134472265298316,190778.1685917748,162,8,1,51.45,10.89,56,0.3127,0.1216,1,63.98959,-169.78633,34,3.2,9,NBS,13
NA,NA,NA,NA,NA,NA,NA,NA,NA,NA,NA,NA,NA,NA,NA,NA,NA,NA,NA,NA,NA,NA,NA,NA,NA,NA,NA,NA,NA,NA,NA,NA,NA,NA,NA,NA,NA,NA,NA,NA,NA,NA,NA,NA,NA,NA,NA,NA,NA,NA,NA,NA,NA,NA,NA,NA,NA,NA,NA,NA,NA,NA,NA,NA,NA,NA,NA,NA,NA,NA,NA,NA,NA,NA,NA,NA,NA,NA,NA,NA,NA,NA,NA,NA,23-159,2023,202302,BB-19,24566.517102,0.0134472265298316,190778.1685917748,162,8,1,50.39,7.86,45,0.315,0.1346,0,63.98959,-169.78633,34,3.2,9,NBS,13
NA,NA,NA,NA,NA,NA,NA,NA,NA,NA,NA,NA,NA,NA,NA,NA,NA,NA,NA,NA,NA,NA,NA,NA,NA,NA,NA,NA,NA,NA,NA,NA,NA,NA,NA,NA,NA,NA,NA,NA,NA,NA,NA,NA,NA,NA,NA,NA,NA,NA,NA,NA,NA,NA,NA,NA,NA,NA,NA,NA,NA,NA,NA,NA,NA,NA,NA,NA,NA,NA,NA,NA,NA,NA,NA,NA,NA,NA,NA,NA,NA,NA,NA,NA,23-165,2023,202302,BB-19,24566.517102,0.0134472265298316,190778.1685917748,162,8,1,56.36,9.15,74,0.3156,0.133,0,63.98959,-169.78633,34,3.2,9,NBS,13
NA,NA,NA,NA,NA,NA,NA,NA,NA,NA,NA,NA,NA,NA,NA,NA,NA,NA,NA,NA,NA,NA,NA,NA,NA,NA,NA,NA,NA,NA,NA,NA,NA,NA,NA,NA,NA,NA,NA,NA,NA,NA,NA,NA,NA,NA,NA,NA,NA,NA,NA,NA,NA,NA,NA,NA,NA,NA,NA,NA,NA,NA,NA,NA,NA,NA,NA,NA,NA,NA,NA,NA,NA,NA,NA,NA,NA,NA,NA,NA,NA,NA,NA,NA,23-182,2023,202302,BB-19,24566.517102,0.0134472265298316,190778.1685917748,162,8,1,51.48,8.31,52,0.2975,0.1165,0,63.98959,-169.78633,34,3.2,9,NBS,13
NA,NA,NA,NA,NA,NA,NA,NA,NA,NA,NA,NA,NA,NA,NA,NA,NA,NA,NA,NA,NA,NA,NA,NA,NA,NA,NA,NA,NA,NA,NA,NA,NA,NA,NA,NA,NA,NA,NA,NA,NA,NA,NA,NA,NA,NA,NA,NA,NA,NA,NA,NA,NA,NA,NA,NA,NA,NA,NA,NA,NA,NA,NA,NA,NA,NA,NA,NA,NA,NA,NA,NA,NA,NA,NA,NA,NA,NA,NA,NA,NA,NA,NA,NA,23-185,2023,202302,BB-19,24566.517102,0.0134472265298316,190778.1685917748,162,8,1,50.32,7.62,48,0.3379,0.1334,0,63.98959,-169.78633,34,3.2,9,NBS,13
NA,NA,NA,NA,NA,NA,NA,NA,NA,NA,NA,NA,NA,NA,NA,NA,NA,NA,NA,NA,NA,NA,NA,NA,NA,NA,NA,NA,NA,NA,NA,NA,NA,NA,NA,NA,NA,NA,NA,NA,NA,NA,NA,NA,NA,NA,NA,NA,NA,NA,NA,NA,NA,NA,NA,NA,NA,NA,NA,NA,NA,NA,NA,NA,NA,NA,NA,NA,NA,NA,NA,NA,NA,NA,NA,NA,NA,NA,NA,NA,NA,NA,NA,NA,23-123,2023,202302,BB-20,35803.295837,0.01360178012688,63752.606784631804,162,7,2,46.32,0,30,0.316,0.1311,0,63.99256,-170.54275,30,1.6,9,NBS,13
NA,NA,NA,NA,NA,NA,NA,NA,NA,NA,NA,NA,NA,NA,NA,NA,NA,NA,NA,NA,NA,NA,NA,NA,NA,NA,NA,NA,NA,NA,NA,NA,NA,NA,NA,NA,NA,NA,NA,NA,NA,NA,NA,NA,NA,NA,NA,NA,NA,NA,NA,NA,NA,NA,NA,NA,NA,NA,NA,NA,NA,NA,NA,NA,NA,NA,NA,NA,NA,NA,NA,NA,NA,NA,NA,NA,NA,NA,NA,NA,NA,NA,NA,NA,23-139,2023,202302,BB-20,35803.295837,0.01360178012688,63752.606784631804,162,7,2,44.8,0,28,0.328,0.136,0,63.99256,-170.54275,30,1.6,9,NBS,13
NA,NA,NA,NA,NA,NA,NA,NA,NA,NA,NA,NA,NA,NA,NA,NA,NA,NA,NA,NA,NA,NA,NA,NA,NA,NA,NA,NA,NA,NA,NA,NA,NA,NA,NA,NA,NA,NA,NA,NA,NA,NA,NA,NA,NA,NA,NA,NA,NA,NA,NA,NA,NA,NA,NA,NA,NA,NA,NA,NA,NA,NA,NA,NA,NA,NA,NA,NA,NA,NA,NA,NA,NA,NA,NA,NA,NA,NA,NA,NA,NA,NA,NA,NA,23-161,2023,202302,BB-20,35803.295837,0.01360178012688,63752.606784631804,162,7,2,46.8,0,NA,0.315,0.1161,0,63.99256,-170.54275,30,1.6,9,NBS,13
NA,NA,NA,NA,NA,NA,NA,NA,NA,NA,NA,NA,NA,NA,NA,NA,NA,NA,NA,NA,NA,NA,NA,NA,NA,NA,NA,NA,NA,NA,NA,NA,NA,NA,NA,NA,NA,NA,NA,NA,NA,NA,NA,NA,NA,NA,NA,NA,NA,NA,NA,NA,NA,NA,NA,NA,NA,NA,NA,NA,NA,NA,NA,NA,NA,NA,NA,NA,NA,NA,NA,NA,NA,NA,NA,NA,NA,NA,NA,NA,NA,NA,NA,NA,23-171,2023,202302,BB-20,35803.295837,0.01360178012688,63752.606784631804,162,7,2,45.54,0,NA,0.2999,0.1253,0,63.99256,-170.54275,30,1.6,9,NBS,13
NA,NA,NA,NA,NA,NA,NA,NA,NA,NA,NA,NA,NA,NA,NA,NA,NA,NA,NA,NA,NA,NA,NA,NA,NA,NA,NA,NA,NA,NA,NA,NA,NA,NA,NA,NA,NA,NA,NA,NA,NA,NA,NA,NA,NA,NA,NA,NA,NA,NA,NA,NA,NA,NA,NA,NA,NA,NA,NA,NA,NA,NA,NA,NA,NA,NA,NA,NA,NA,NA,NA,NA,NA,NA,NA,NA,NA,NA,NA,NA,NA,NA,NA,NA,23-91,2023,202302,BB-21,8728.961263,0.0126390558044058,1591198.8997619187,162,5,2,43.87,0,28,0.3613,0.1468,0,63.99967,-171.3382,28,1.4,9,NBS,13
NA,NA,NA,NA,NA,NA,NA,NA,NA,NA,NA,NA,NA,NA,NA,NA,NA,NA,NA,NA,NA,NA,NA,NA,NA,NA,NA,NA,NA,NA,NA,NA,NA,NA,NA,NA,NA,NA,NA,NA,NA,NA,NA,NA,NA,NA,NA,NA,NA,NA,NA,NA,NA,NA,NA,NA,NA,NA,NA,NA,NA,NA,NA,NA,NA,NA,NA,NA,NA,NA,NA,NA,NA,NA,NA,NA,NA,NA,NA,NA,NA,NA,NA,NA,23-105,2023,202302,BB-21,8728.961263,0.0126390558044058,1591198.8997619187,162,5,1,50.05,7.8,43,0.3324,0.141,0,63.99967,-171.3382,28,1.4,9,NBS,13
NA,NA,NA,NA,NA,NA,NA,NA,NA,NA,NA,NA,NA,NA,NA,NA,NA,NA,NA,NA,NA,NA,NA,NA,NA,NA,NA,NA,NA,NA,NA,NA,NA,NA,NA,NA,NA,NA,NA,NA,NA,NA,NA,NA,NA,NA,NA,NA,NA,NA,NA,NA,NA,NA,NA,NA,NA,NA,NA,NA,NA,NA,NA,NA,NA,NA,NA,NA,NA,NA,NA,NA,NA,NA,NA,NA,NA,NA,NA,NA,NA,NA,NA,NA,23-108,2023,202302,BB-21,8728.961263,0.0126390558044058,1591198.8997619187,162,5,1,50.62,8.1,NA,0.3404,0.1522,0,63.99967,-171.3382,28,1.4,9,NBS,13
NA,NA,NA,NA,NA,NA,NA,NA,NA,NA,NA,NA,NA,NA,NA,NA,NA,NA,NA,NA,NA,NA,NA,NA,NA,NA,NA,NA,NA,NA,NA,NA,NA,NA,NA,NA,NA,NA,NA,NA,NA,NA,NA,NA,NA,NA,NA,NA,NA,NA,NA,NA,NA,NA,NA,NA,NA,NA,NA,NA,NA,NA,NA,NA,NA,NA,NA,NA,NA,NA,NA,NA,NA,NA,NA,NA,NA,NA,NA,NA,NA,NA,NA,NA,23-111,2023,202302,BB-21,8728.961263,0.0126390558044058,1591198.8997619187,162,5,2,49.58,0,38,0.3232,0.1472,0,63.99967,-171.3382,28,1.4,9,NBS,13
NA,NA,NA,NA,NA,NA,NA,NA,NA,NA,NA,NA,NA,NA,NA,NA,NA,NA,NA,NA,NA,NA,NA,NA,NA,NA,NA,NA,NA,NA,NA,NA,NA,NA,NA,NA,NA,NA,NA,NA,NA,NA,NA,NA,NA,NA,NA,NA,NA,NA,NA,NA,NA,NA,NA,NA,NA,NA,NA,NA,NA,NA,NA,NA,NA,NA,NA,NA,NA,NA,NA,NA,NA,NA,NA,NA,NA,NA,NA,NA,NA,NA,NA,NA,23-116,2023,202302,BB-21,8728.961263,0.0126390558044058,1591198.8997619187,162,5,2,45.45,0,32,0.3089,0.0991,0,63.99967,-171.3382,28,1.4,9,NBS,13
NA,NA,NA,NA,NA,NA,NA,NA,NA,NA,NA,NA,NA,NA,NA,NA,NA,NA,NA,NA,NA,NA,NA,NA,NA,NA,NA,NA,NA,NA,NA,NA,NA,NA,NA,NA,NA,NA,NA,NA,NA,NA,NA,NA,NA,NA,NA,NA,NA,NA,NA,NA,NA,NA,NA,NA,NA,NA,NA,NA,NA,NA,NA,NA,NA,NA,NA,NA,NA,NA,NA,NA,NA,NA,NA,NA,NA,NA,NA,NA,NA,NA,NA,NA,23-138,2023,202302,BB-21,8728.961263,0.0126390558044058,1591198.8997619187,162,5,1,50.84,8.44,50,0.2928,0.0935,0,63.99967,-171.3382,28,1.4,9,NBS,13
NA,NA,NA,NA,NA,NA,NA,NA,NA,NA,NA,NA,NA,NA,NA,NA,NA,NA,NA,NA,NA,NA,NA,NA,NA,NA,NA,NA,NA,NA,NA,NA,NA,NA,NA,NA,NA,NA,NA,NA,NA,NA,NA,NA,NA,NA,NA,NA,NA,NA,NA,NA,NA,NA,NA,NA,NA,NA,NA,NA,NA,NA,NA,NA,NA,NA,NA,NA,NA,NA,NA,NA,NA,NA,NA,NA,NA,NA,NA,NA,NA,NA,NA,NA,23-140,2023,202302,BB-21,8728.961263,0.0126390558044058,1591198.8997619187,162,5,1,50.71,10,46,0.312,0.1173,1,63.99967,-171.3382,28,1.4,9,NBS,13
NA,NA,NA,NA,NA,NA,NA,NA,NA,NA,NA,NA,NA,NA,NA,NA,NA,NA,NA,NA,NA,NA,NA,NA,NA,NA,NA,NA,NA,NA,NA,NA,NA,NA,NA,NA,NA,NA,NA,NA,NA,NA,NA,NA,NA,NA,NA,NA,NA,NA,NA,NA,NA,NA,NA,NA,NA,NA,NA,NA,NA,NA,NA,NA,NA,NA,NA,NA,NA,NA,NA,NA,NA,NA,NA,NA,NA,NA,NA,NA,NA,NA,NA,NA,23-148,2023,202302,BB-21,8728.961263,0.0126390558044058,1591198.8997619187,162,5,2,42.73,0,38,0.3269,0.1182,0,63.99967,-171.3382,28,1.4,9,NBS,13
NA,NA,NA,NA,NA,NA,NA,NA,NA,NA,NA,NA,NA,NA,NA,NA,NA,NA,NA,NA,NA,NA,NA,NA,NA,NA,NA,NA,NA,NA,NA,NA,NA,NA,NA,NA,NA,NA,NA,NA,NA,NA,NA,NA,NA,NA,NA,NA,NA,NA,NA,NA,NA,NA,NA,NA,NA,NA,NA,NA,NA,NA,NA,NA,NA,NA,NA,NA,NA,NA,NA,NA,NA,NA,NA,NA,NA,NA,NA,NA,NA,NA,NA,NA,23-151,2023,202302,BB-21,8728.961263,0.0126390558044058,1591198.8997619187,162,5,2,47.78,0,NA,0.3037,0.1247,0,63.99967,-171.3382,28,1.4,9,NBS,13
NA,NA,NA,NA,NA,NA,NA,NA,NA,NA,NA,NA,NA,NA,NA,NA,NA,NA,NA,NA,NA,NA,NA,NA,NA,NA,NA,NA,NA,NA,NA,NA,NA,NA,NA,NA,NA,NA,NA,NA,NA,NA,NA,NA,NA,NA,NA,NA,NA,NA,NA,NA,NA,NA,NA,NA,NA,NA,NA,NA,NA,NA,NA,NA,NA,NA,NA,NA,NA,NA,NA,NA,NA,NA,NA,NA,NA,NA,NA,NA,NA,NA,NA,NA,23-155,2023,202302,BB-21,8728.961263,0.0126390558044058,1591198.8997619187,162,5,1,48.61,10.06,44,0.3218,0.1238,1,63.99967,-171.3382,28,1.4,9,NBS,13
NA,NA,NA,NA,NA,NA,NA,NA,NA,NA,NA,NA,NA,NA,NA,NA,NA,NA,NA,NA,NA,NA,NA,NA,NA,NA,NA,NA,NA,NA,NA,NA,NA,NA,NA,NA,NA,NA,NA,NA,NA,NA,NA,NA,NA,NA,NA,NA,NA,NA,NA,NA,NA,NA,NA,NA,NA,NA,NA,NA,NA,NA,NA,NA,NA,NA,NA,NA,NA,NA,NA,NA,NA,NA,NA,NA,NA,NA,NA,NA,NA,NA,NA,NA,23-157,2023,202302,BB-21,8728.961263,0.0126390558044058,1591198.8997619187,162,5,2,43.69,0,NA,0.3316,0.1216,0,63.99967,-171.3382,28,1.4,9,NBS,13
NA,NA,NA,NA,NA,NA,NA,NA,NA,NA,NA,NA,NA,NA,NA,NA,NA,NA,NA,NA,NA,NA,NA,NA,NA,NA,NA,NA,NA,NA,NA,NA,NA,NA,NA,NA,NA,NA,NA,NA,NA,NA,NA,NA,NA,NA,NA,NA,NA,NA,NA,NA,NA,NA,NA,NA,NA,NA,NA,NA,NA,NA,NA,NA,NA,NA,NA,NA,NA,NA,NA,NA,NA,NA,NA,NA,NA,NA,NA,NA,NA,NA,NA,NA,23-172,2023,202302,BB-21,8728.961263,0.0126390558044058,1591198.8997619187,162,5,2,45.67,0,NA,0.3038,0.0999,0,63.99967,-171.3382,28,1.4,9,NBS,13
NA,NA,NA,NA,NA,NA,NA,NA,NA,NA,NA,NA,NA,NA,NA,NA,NA,NA,NA,NA,NA,NA,NA,NA,NA,NA,NA,NA,NA,NA,NA,NA,NA,NA,NA,NA,NA,NA,NA,NA,NA,NA,NA,NA,NA,NA,NA,NA,NA,NA,NA,NA,NA,NA,NA,NA,NA,NA,NA,NA,NA,NA,NA,NA,NA,NA,NA,NA,NA,NA,NA,NA,NA,NA,NA,NA,NA,NA,NA,NA,NA,NA,NA,NA,23-175,2023,202302,BB-21,8728.961263,0.0126390558044058,1591198.8997619187,162,5,1,54.91,8.82,62,0.3052,0.1215,0,63.99967,-171.3382,28,1.4,9,NBS,13
NA,NA,NA,NA,NA,NA,NA,NA,NA,NA,NA,NA,NA,NA,NA,NA,NA,NA,NA,NA,NA,NA,NA,NA,NA,NA,NA,NA,NA,NA,NA,NA,NA,NA,NA,NA,NA,NA,NA,NA,NA,NA,NA,NA,NA,NA,NA,NA,NA,NA,NA,NA,NA,NA,NA,NA,NA,NA,NA,NA,NA,NA,NA,NA,NA,NA,NA,NA,NA,NA,NA,NA,NA,NA,NA,NA,NA,NA,NA,NA,NA,NA,NA,NA,23-177,2023,202302,BB-21,8728.961263,0.0126390558044058,1591198.8997619187,162,5,1,52.9,9.07,NA,0.3181,0.1149,0,63.99967,-171.3382,28,1.4,9,NBS,13
NA,NA,NA,NA,NA,NA,NA,NA,NA,NA,NA,NA,NA,NA,NA,NA,NA,NA,NA,NA,NA,NA,NA,NA,NA,NA,NA,NA,NA,NA,NA,NA,NA,NA,NA,NA,NA,NA,NA,NA,NA,NA,NA,NA,NA,NA,NA,NA,NA,NA,NA,NA,NA,NA,NA,NA,NA,NA,NA,NA,NA,NA,NA,NA,NA,NA,NA,NA,NA,NA,NA,NA,NA,NA,NA,NA,NA,NA,NA,NA,NA,NA,NA,NA,23-188,2023,202302,BB-21,8728.961263,0.0126390558044058,1591198.8997619187,162,5,2,46.67,0,NA,0.3268,0.1429,0,63.99967,-171.3382,28,1.4,9,NBS,13
NA,NA,NA,NA,NA,NA,NA,NA,NA,NA,NA,NA,NA,NA,NA,NA,NA,NA,NA,NA,NA,NA,NA,NA,NA,NA,NA,NA,NA,NA,NA,NA,NA,NA,NA,NA,NA,NA,NA,NA,NA,NA,NA,NA,NA,NA,NA,NA,NA,NA,NA,NA,NA,NA,NA,NA,NA,NA,NA,NA,NA,NA,NA,NA,NA,NA,NA,NA,NA,NA,NA,NA,NA,NA,NA,NA,NA,NA,NA,NA,NA,NA,NA,NA,23-193,2023,202302,BB-21,8728.961263,0.0126390558044058,1591198.8997619187,162,5,2,46,0,30,0.3067,0.1304,0,63.99967,-171.3382,28,1.4,9,NBS,13
NA,NA,NA,NA,NA,NA,NA,NA,NA,NA,NA,NA,NA,NA,NA,NA,NA,NA,NA,NA,NA,NA,NA,NA,NA,NA,NA,NA,NA,NA,NA,NA,NA,NA,NA,NA,NA,NA,NA,NA,NA,NA,NA,NA,NA,NA,NA,NA,NA,NA,NA,NA,NA,NA,NA,NA,NA,NA,NA,NA,NA,NA,NA,NA,NA,NA,NA,NA,NA,NA,NA,NA,NA,NA,NA,NA,NA,NA,NA,NA,NA,NA,NA,NA,23-107,2023,202302,BB-22,43352.123264999995,0.013524151131909,260875.89199411645,162,4,1,64.92,13.24,104,0.3083,0.0631,1,64.01139,-172.00107,53,-0.1,9,NBS,13
NA,NA,NA,NA,NA,NA,NA,NA,NA,NA,NA,NA,NA,NA,NA,NA,NA,NA,NA,NA,NA,NA,NA,NA,NA,NA,NA,NA,NA,NA,NA,NA,NA,NA,NA,NA,NA,NA,NA,NA,NA,NA,NA,NA,NA,NA,NA,NA,NA,NA,NA,NA,NA,NA,NA,NA,NA,NA,NA,NA,NA,NA,NA,NA,NA,NA,NA,NA,NA,NA,NA,NA,NA,NA,NA,NA,NA,NA,NA,NA,NA,NA,NA,NA,23-121,2023,202302,BB-22,43352.123264999995,0.013524151131909,260875.89199411645,162,4,2,46.8,0,28,0.3108,0.0543,0,64.01139,-172.00107,53,-0.1,9,NBS,13
NA,NA,NA,NA,NA,NA,NA,NA,NA,NA,NA,NA,NA,NA,NA,NA,NA,NA,NA,NA,NA,NA,NA,NA,NA,NA,NA,NA,NA,NA,NA,NA,NA,NA,NA,NA,NA,NA,NA,NA,NA,NA,NA,NA,NA,NA,NA,NA,NA,NA,NA,NA,NA,NA,NA,NA,NA,NA,NA,NA,NA,NA,NA,NA,NA,NA,NA,NA,NA,NA,NA,NA,NA,NA,NA,NA,NA,NA,NA,NA,NA,NA,NA,NA,23-132,2023,202302,BB-22,43352.123264999995,0.013524151131909,260875.89199411645,162,4,1,51.64,8.27,40,0.3005,0.057,0,64.01139,-172.00107,53,-0.1,9,NBS,13
NA,NA,NA,NA,NA,NA,NA,NA,NA,NA,NA,NA,NA,NA,NA,NA,NA,NA,NA,NA,NA,NA,NA,NA,NA,NA,NA,NA,NA,NA,NA,NA,NA,NA,NA,NA,NA,NA,NA,NA,NA,NA,NA,NA,NA,NA,NA,NA,NA,NA,NA,NA,NA,NA,NA,NA,NA,NA,NA,NA,NA,NA,NA,NA,NA,NA,NA,NA,NA,NA,NA,NA,NA,NA,NA,NA,NA,NA,NA,NA,NA,NA,NA,NA,23-137,2023,202302,BB-22,43352.123264999995,0.013524151131909,260875.89199411645,162,4,2,45.89,0,32,0.3103,0.081,0,64.01139,-172.00107,53,-0.1,9,NBS,13
NA,NA,NA,NA,NA,NA,NA,NA,NA,NA,NA,NA,NA,NA,NA,NA,NA,NA,NA,NA,NA,NA,NA,NA,NA,NA,NA,NA,NA,NA,NA,NA,NA,NA,NA,NA,NA,NA,NA,NA,NA,NA,NA,NA,NA,NA,NA,NA,NA,NA,NA,NA,NA,NA,NA,NA,NA,NA,NA,NA,NA,NA,NA,NA,NA,NA,NA,NA,NA,NA,NA,NA,NA,NA,NA,NA,NA,NA,NA,NA,NA,NA,NA,NA,23-153,2023,202302,BB-22,43352.123264999995,0.013524151131909,260875.89199411645,162,4,2,53.9,0,24,0.3032,0.0597,0,64.01139,-172.00107,53,-0.1,9,NBS,13
NA,NA,NA,NA,NA,NA,NA,NA,NA,NA,NA,NA,NA,NA,NA,NA,NA,NA,NA,NA,NA,NA,NA,NA,NA,NA,NA,NA,NA,NA,NA,NA,NA,NA,NA,NA,NA,NA,NA,NA,NA,NA,NA,NA,NA,NA,NA,NA,NA,NA,NA,NA,NA,NA,NA,NA,NA,NA,NA,NA,NA,NA,NA,NA,NA,NA,NA,NA,NA,NA,NA,NA,NA,NA,NA,NA,NA,NA,NA,NA,NA,NA,NA,NA,23-162,2023,202302,BB-22,43352.123264999995,0.013524151131909,260875.89199411645,162,4,1,53.96,10.64,70,0.3262,0.0833,1,64.01139,-172.00107,53,-0.1,9,NBS,13
NA,NA,NA,NA,NA,NA,NA,NA,NA,NA,NA,NA,NA,NA,NA,NA,NA,NA,NA,NA,NA,NA,NA,NA,NA,NA,NA,NA,NA,NA,NA,NA,NA,NA,NA,NA,NA,NA,NA,NA,NA,NA,NA,NA,NA,NA,NA,NA,NA,NA,NA,NA,NA,NA,NA,NA,NA,NA,NA,NA,NA,NA,NA,NA,NA,NA,NA,NA,NA,NA,NA,NA,NA,NA,NA,NA,NA,NA,NA,NA,NA,NA,NA,NA,23-169,2023,202302,BB-22,43352.123264999995,0.013524151131909,260875.89199411645,162,4,2,51.83,0,40,0.306,0.0733,0,64.01139,-172.00107,53,-0.1,9,NBS,13
NA,NA,NA,NA,NA,NA,NA,NA,NA,NA,NA,NA,NA,NA,NA,NA,NA,NA,NA,NA,NA,NA,NA,NA,NA,NA,NA,NA,NA,NA,NA,NA,NA,NA,NA,NA,NA,NA,NA,NA,NA,NA,NA,NA,NA,NA,NA,NA,NA,NA,NA,NA,NA,NA,NA,NA,NA,NA,NA,NA,NA,NA,NA,NA,NA,NA,NA,NA,NA,NA,NA,NA,NA,NA,NA,NA,NA,NA,NA,NA,NA,NA,NA,NA,23-176,2023,202302,BB-22,43352.123264999995,0.013524151131909,260875.89199411645,162,4,2,43.89,0,30,0.3106,0.1066,0,64.01139,-172.00107,53,-0.1,9,NBS,13
NA,NA,NA,NA,NA,NA,NA,NA,NA,NA,NA,NA,NA,NA,NA,NA,NA,NA,NA,NA,NA,NA,NA,NA,NA,NA,NA,NA,NA,NA,NA,NA,NA,NA,NA,NA,NA,NA,NA,NA,NA,NA,NA,NA,NA,NA,NA,NA,NA,NA,NA,NA,NA,NA,NA,NA,NA,NA,NA,NA,NA,NA,NA,NA,NA,NA,NA,NA,NA,NA,NA,NA,NA,NA,NA,NA,NA,NA,NA,NA,NA,NA,NA,NA,23-178,2023,202302,BB-22,43352.123264999995,0.013524151131909,260875.89199411645,162,4,2,50.68,0,36,0.3345,0.0708,0,64.01139,-172.00107,53,-0.1,9,NBS,13
NA,NA,NA,NA,NA,NA,NA,NA,NA,NA,NA,NA,NA,NA,NA,NA,NA,NA,NA,NA,NA,NA,NA,NA,NA,NA,NA,NA,NA,NA,NA,NA,NA,NA,NA,NA,NA,NA,NA,NA,NA,NA,NA,NA,NA,NA,NA,NA,NA,NA,NA,NA,NA,NA,NA,NA,NA,NA,NA,NA,NA,NA,NA,NA,NA,NA,NA,NA,NA,NA,NA,NA,NA,NA,NA,NA,NA,NA,NA,NA,NA,NA,NA,NA,23-179,2023,202302,BB-22,43352.123264999995,0.013524151131909,260875.89199411645,162,4,1,72.14,12.14,114,0.3061,0.0572,0,64.01139,-172.00107,53,-0.1,9,NBS,13
NA,NA,NA,NA,NA,NA,NA,NA,NA,NA,NA,NA,NA,NA,NA,NA,NA,NA,NA,NA,NA,NA,NA,NA,NA,NA,NA,NA,NA,NA,NA,NA,NA,NA,NA,NA,NA,NA,NA,NA,NA,NA,NA,NA,NA,NA,NA,NA,NA,NA,NA,NA,NA,NA,NA,NA,NA,NA,NA,NA,NA,NA,NA,NA,NA,NA,NA,NA,NA,NA,NA,NA,NA,NA,NA,NA,NA,NA,NA,NA,NA,NA,NA,NA,23-180,2023,202302,BB-22,43352.123264999995,0.013524151131909,260875.89199411645,162,4,1,71.73,14.04,144,0.325,0.0911,0,64.01139,-172.00107,53,-0.1,9,NBS,13
NA,NA,NA,NA,NA,NA,NA,NA,NA,NA,NA,NA,NA,NA,NA,NA,NA,NA,NA,NA,NA,NA,NA,NA,NA,NA,NA,NA,NA,NA,NA,NA,NA,NA,NA,NA,NA,NA,NA,NA,NA,NA,NA,NA,NA,NA,NA,NA,NA,NA,NA,NA,NA,NA,NA,NA,NA,NA,NA,NA,NA,NA,NA,NA,NA,NA,NA,NA,NA,NA,NA,NA,NA,NA,NA,NA,NA,NA,NA,NA,NA,NA,NA,NA,23-184,2023,202302,BB-22,43352.123264999995,0.013524151131909,260875.89199411645,162,4,2,43.74,0,24,0.3,0.0529,0,64.01139,-172.00107,53,-0.1,9,NBS,13
NA,NA,NA,NA,NA,NA,NA,NA,NA,NA,NA,NA,NA,NA,NA,NA,NA,NA,NA,NA,NA,NA,NA,NA,NA,NA,NA,NA,NA,NA,NA,NA,NA,NA,NA,NA,NA,NA,NA,NA,NA,NA,NA,NA,NA,NA,NA,NA,NA,NA,NA,NA,NA,NA,NA,NA,NA,NA,NA,NA,NA,NA,NA,NA,NA,NA,NA,NA,NA,NA,NA,NA,NA,NA,NA,NA,NA,NA,NA,NA,NA,NA,NA,NA,23-190,2023,202302,BB-22,43352.123264999995,0.013524151131909,260875.89199411645,162,4,1,50.72,8.08,50,0.3075,0.0993,0,64.01139,-172.00107,53,-0.1,9,NBS,13
NA,NA,NA,NA,NA,NA,NA,NA,NA,NA,NA,NA,NA,NA,NA,NA,NA,NA,NA,NA,NA,NA,NA,NA,NA,NA,NA,NA,NA,NA,NA,NA,NA,NA,NA,NA,NA,NA,NA,NA,NA,NA,NA,NA,NA,NA,NA,NA,NA,NA,NA,NA,NA,NA,NA,NA,NA,NA,NA,NA,NA,NA,NA,NA,NA,NA,NA,NA,NA,NA,NA,NA,NA,NA,NA,NA,NA,NA,NA,NA,NA,NA,NA,NA,23-92,2023,202302,W-26,1348.461931,0.01563557087134845,66985.21266781696,162,2,2,44.45,0,26,0.3174,0.1188,0,62.32472,-174.57742,70,-1.6,7,NBS,10
NA,NA,NA,NA,NA,NA,NA,NA,NA,NA,NA,NA,NA,NA,NA,NA,NA,NA,NA,NA,NA,NA,NA,NA,NA,NA,NA,NA,NA,NA,NA,NA,NA,NA,NA,NA,NA,NA,NA,NA,NA,NA,NA,NA,NA,NA,NA,NA,NA,NA,NA,NA,NA,NA,NA,NA,NA,NA,NA,NA,NA,NA,NA,NA,NA,NA,NA,NA,NA,NA,NA,NA,NA,NA,NA,NA,NA,NA,NA,NA,NA,NA,NA,NA,23-113,2023,202302,W-26,1348.461931,0.01563557087134845,66985.21266781696,162,2,2,51.5,0,42,0.3288,0.1296,0,62.32472,-174.57742,70,-1.6,7,NBS,10
NA,NA,NA,NA,NA,NA,NA,NA,NA,NA,NA,NA,NA,NA,NA,NA,NA,NA,NA,NA,NA,NA,NA,NA,NA,NA,NA,NA,NA,NA,NA,NA,NA,NA,NA,NA,NA,NA,NA,NA,NA,NA,NA,NA,NA,NA,NA,NA,NA,NA,NA,NA,NA,NA,NA,NA,NA,NA,NA,NA,NA,NA,NA,NA,NA,NA,NA,NA,NA,NA,NA,NA,NA,NA,NA,NA,NA,NA,NA,NA,NA,NA,NA,NA,23-127,2023,202302,W-26,1348.461931,0.01563557087134845,66985.21266781696,162,2,2,50.71,0,44,0.3161,0.0609,0,62.32472,-174.57742,70,-1.6,7,NBS,10
NA,NA,NA,NA,NA,NA,NA,NA,NA,NA,NA,NA,NA,NA,NA,NA,NA,NA,NA,NA,NA,NA,NA,NA,NA,NA,NA,NA,NA,NA,NA,NA,NA,NA,NA,NA,NA,NA,NA,NA,NA,NA,NA,NA,NA,NA,NA,NA,NA,NA,NA,NA,NA,NA,NA,NA,NA,NA,NA,NA,NA,NA,NA,NA,NA,NA,NA,NA,NA,NA,NA,NA,NA,NA,NA,NA,NA,NA,NA,NA,NA,NA,NA,NA,23-145,2023,202302,W-26,1348.461931,0.01563557087134845,66985.21266781696,162,2,1,56.56,9.41,58,0.359,0.1186,0,62.32472,-174.57742,70,-1.6,7,NBS,10
NA,NA,NA,NA,NA,NA,NA,NA,NA,NA,NA,NA,NA,NA,NA,NA,NA,NA,NA,NA,NA,NA,NA,NA,NA,NA,NA,NA,NA,NA,NA,NA,NA,NA,NA,NA,NA,NA,NA,NA,NA,NA,NA,NA,NA,NA,NA,NA,NA,NA,NA,NA,NA,NA,NA,NA,NA,NA,NA,NA,NA,NA,NA,NA,NA,NA,NA,NA,NA,NA,NA,NA,NA,NA,NA,NA,NA,NA,NA,NA,NA,NA,NA,NA,23-146,2023,202302,W-26,1348.461931,0.01563557087134845,66985.21266781696,162,2,1,53.73,8.49,54,0.3096,0.1087,0,62.32472,-174.57742,70,-1.6,7,NBS,10
NA,NA,NA,NA,NA,NA,NA,NA,NA,NA,NA,NA,NA,NA,NA,NA,NA,NA,NA,NA,NA,NA,NA,NA,NA,NA,NA,NA,NA,NA,NA,NA,NA,NA,NA,NA,NA,NA,NA,NA,NA,NA,NA,NA,NA,NA,NA,NA,NA,NA,NA,NA,NA,NA,NA,NA,NA,NA,NA,NA,NA,NA,NA,NA,NA,NA,NA,NA,NA,NA,NA,NA,NA,NA,NA,NA,NA,NA,NA,NA,NA,NA,NA,NA,23-149,2023,202302,W-26,1348.461931,0.01563557087134845,66985.21266781696,162,2,2,50.15,0,44,0.3068,0.1163,0,62.32472,-174.57742,70,-1.6,7,NBS,10
NA,NA,NA,NA,NA,NA,NA,NA,NA,NA,NA,NA,NA,NA,NA,NA,NA,NA,NA,NA,NA,NA,NA,NA,NA,NA,NA,NA,NA,NA,NA,NA,NA,NA,NA,NA,NA,NA,NA,NA,NA,NA,NA,NA,NA,NA,NA,NA,NA,NA,NA,NA,NA,NA,NA,NA,NA,NA,NA,NA,NA,NA,NA,NA,NA,NA,NA,NA,NA,NA,NA,NA,NA,NA,NA,NA,NA,NA,NA,NA,NA,NA,NA,NA,23-160,2023,202302,W-26,1348.461931,0.01563557087134845,66985.21266781696,162,2,2,51.83,0,58,0.3206,0.113,0,62.32472,-174.57742,70,-1.6,7,NBS,10
NA,NA,NA,NA,NA,NA,NA,NA,NA,NA,NA,NA,NA,NA,NA,NA,NA,NA,NA,NA,NA,NA,NA,NA,NA,NA,NA,NA,NA,NA,NA,NA,NA,NA,NA,NA,NA,NA,NA,NA,NA,NA,NA,NA,NA,NA,NA,NA,NA,NA,NA,NA,NA,NA,NA,NA,NA,NA,NA,NA,NA,NA,NA,NA,NA,NA,NA,NA,NA,NA,NA,NA,NA,NA,NA,NA,NA,NA,NA,NA,NA,NA,NA,NA,23-163,2023,202302,W-26,1348.461931,0.01563557087134845,66985.21266781696,162,2,2,54.3,0,48,0.2987,0.1048,0,62.32472,-174.57742,70,-1.6,7,NBS,10
NA,NA,NA,NA,NA,NA,NA,NA,NA,NA,NA,NA,NA,NA,NA,NA,NA,NA,NA,NA,NA,NA,NA,NA,NA,NA,NA,NA,NA,NA,NA,NA,NA,NA,NA,NA,NA,NA,NA,NA,NA,NA,NA,NA,NA,NA,NA,NA,NA,NA,NA,NA,NA,NA,NA,NA,NA,NA,NA,NA,NA,NA,NA,NA,NA,NA,NA,NA,NA,NA,NA,NA,NA,NA,NA,NA,NA,NA,NA,NA,NA,NA,NA,NA,23-170,2023,202302,W-26,1348.461931,0.01563557087134845,66985.21266781696,162,2,1,52.19,8.6,56,0.3146,0.0849,0,62.32472,-174.57742,70,-1.6,7,NBS,10
NA,NA,NA,NA,NA,NA,NA,NA,NA,NA,NA,NA,NA,NA,NA,NA,NA,NA,NA,NA,NA,NA,NA,NA,NA,NA,NA,NA,NA,NA,NA,NA,NA,NA,NA,NA,NA,NA,NA,NA,NA,NA,NA,NA,NA,NA,NA,NA,NA,NA,NA,NA,NA,NA,NA,NA,NA,NA,NA,NA,NA,NA,NA,NA,NA,NA,NA,NA,NA,NA,NA,NA,NA,NA,NA,NA,NA,NA,NA,NA,NA,NA,NA,NA,23-173,2023,202302,W-26,1348.461931,0.01563557087134845,66985.21266781696,162,2,2,45.73,0,36,0.3049,0.1368,0,62.32472,-174.57742,70,-1.6,7,NBS,10
NA,NA,NA,NA,NA,NA,NA,NA,NA,NA,NA,NA,NA,NA,NA,NA,NA,NA,NA,NA,NA,NA,NA,NA,NA,NA,NA,NA,NA,NA,NA,NA,NA,NA,NA,NA,NA,NA,NA,NA,NA,NA,NA,NA,NA,NA,NA,NA,NA,NA,NA,NA,NA,NA,NA,NA,NA,NA,NA,NA,NA,NA,NA,NA,NA,NA,NA,NA,NA,NA,NA,NA,NA,NA,NA,NA,NA,NA,NA,NA,NA,NA,NA,NA,23-181,2023,202302,W-26,1348.461931,0.01563557087134845,66985.21266781696,162,2,1,53,8.14,54,0.2993,0.0861,0,62.32472,-174.57742,70,-1.6,7,NBS,10
NA,NA,NA,NA,NA,NA,NA,NA,NA,NA,NA,NA,NA,NA,NA,NA,NA,NA,NA,NA,NA,NA,NA,NA,NA,NA,NA,NA,NA,NA,NA,NA,NA,NA,NA,NA,NA,NA,NA,NA,NA,NA,NA,NA,NA,NA,NA,NA,NA,NA,NA,NA,NA,NA,NA,NA,NA,NA,NA,NA,NA,NA,NA,NA,NA,NA,NA,NA,NA,NA,NA,NA,NA,NA,NA,NA,NA,NA,NA,NA,NA,NA,NA,NA,23-187,2023,202302,W-26,1348.461931,0.01563557087134845,66985.21266781696,162,2,2,49.1,0,30,0.3232,0.1101,0,62.32472,-174.57742,70,-1.6,7,NBS,10
NA,NA,NA,NA,NA,NA,NA,NA,NA,NA,NA,NA,NA,NA,NA,NA,NA,NA,NA,NA,NA,NA,NA,NA,NA,NA,NA,NA,NA,NA,NA,NA,NA,NA,NA,NA,NA,NA,NA,NA,NA,NA,NA,NA,NA,NA,NA,NA,NA,NA,NA,NA,NA,NA,NA,NA,NA,NA,NA,NA,NA,NA,NA,NA,NA,NA,NA,NA,NA,NA,NA,NA,NA,NA,NA,NA,NA,NA,NA,NA,NA,NA,NA,NA,23-189,2023,202302,W-26,1348.461931,0.01563557087134845,66985.21266781696,162,2,2,48.14,0,34,0.2988,0.1088,0,62.32472,-174.57742,70,-1.6,7,NBS,10
NA,NA,NA,NA,NA,NA,NA,NA,NA,NA,NA,NA,NA,NA,NA,NA,NA,NA,NA,NA,NA,NA,NA,NA,NA,NA,NA,NA,NA,NA,NA,NA,NA,NA,NA,NA,NA,NA,NA,NA,NA,NA,NA,NA,NA,NA,NA,NA,NA,NA,NA,NA,NA,NA,NA,NA,NA,NA,NA,NA,NA,NA,NA,NA,NA,NA,NA,NA,NA,NA,NA,NA,NA,NA,NA,NA,NA,NA,NA,NA,NA,NA,NA,NA,23-199,2023,202302,W-26,1348.461931,0.01563557087134845,66985.21266781696,162,2,1,54.1,9.15,62,0.3139,0.1092,0,62.32472,-174.57742,70,-1.6,7,NBS,10
NA,NA,NA,NA,NA,NA,NA,NA,NA,NA,NA,NA,NA,NA,NA,NA,NA,NA,NA,NA,NA,NA,NA,NA,NA,NA,NA,NA,NA,NA,NA,NA,NA,NA,NA,NA,NA,NA,NA,NA,NA,NA,NA,NA,NA,NA,NA,NA,NA,NA,NA,NA,NA,NA,NA,NA,NA,NA,NA,NA,NA,NA,NA,NA,NA,NA,NA,NA,NA,NA,NA,NA,NA,NA,NA,NA,NA,NA,NA,NA,NA,NA,NA,NA,23-86,2023,202302,W-27,500.688901,0.016458833855937,33654.9141238333,162,1,1,71.15,11.63,146,0.3014,0.1085,0,62.33318,-175.27462,78,-1.6,7,NBS,10
NA,NA,NA,NA,NA,NA,NA,NA,NA,NA,NA,NA,NA,NA,NA,NA,NA,NA,NA,NA,NA,NA,NA,NA,NA,NA,NA,NA,NA,NA,NA,NA,NA,NA,NA,NA,NA,NA,NA,NA,NA,NA,NA,NA,NA,NA,NA,NA,NA,NA,NA,NA,NA,NA,NA,NA,NA,NA,NA,NA,NA,NA,NA,NA,NA,NA,NA,NA,NA,NA,NA,NA,NA,NA,NA,NA,NA,NA,NA,NA,NA,NA,NA,NA,23-87,2023,202302,W-27,500.688901,0.016458833855937,33654.9141238333,162,1,2,53.54,0,54,0.3208,0.1191,0,62.33318,-175.27462,78,-1.6,7,NBS,10
NA,NA,NA,NA,NA,NA,NA,NA,NA,NA,NA,NA,NA,NA,NA,NA,NA,NA,NA,NA,NA,NA,NA,NA,NA,NA,NA,NA,NA,NA,NA,NA,NA,NA,NA,NA,NA,NA,NA,NA,NA,NA,NA,NA,NA,NA,NA,NA,NA,NA,NA,NA,NA,NA,NA,NA,NA,NA,NA,NA,NA,NA,NA,NA,NA,NA,NA,NA,NA,NA,NA,NA,NA,NA,NA,NA,NA,NA,NA,NA,NA,NA,NA,NA,23-100,2023,202302,W-27,500.688901,0.016458833855937,33654.9141238333,162,1,1,60.8,11.63,86,0.3397,0.115,0,62.33318,-175.27462,78,-1.6,7,NBS,10
NA,NA,NA,NA,NA,NA,NA,NA,NA,NA,NA,NA,NA,NA,NA,NA,NA,NA,NA,NA,NA,NA,NA,NA,NA,NA,NA,NA,NA,NA,NA,NA,NA,NA,NA,NA,NA,NA,NA,NA,NA,NA,NA,NA,NA,NA,NA,NA,NA,NA,NA,NA,NA,NA,NA,NA,NA,NA,NA,NA,NA,NA,NA,NA,NA,NA,NA,NA,NA,NA,NA,NA,NA,NA,NA,NA,NA,NA,NA,NA,NA,NA,NA,NA,23-109,2023,202302,W-27,500.688901,0.016458833855937,33654.9141238333,162,1,2,49.48,0,40,0.2914,0.0726,0,62.33318,-175.27462,78,-1.6,7,NBS,10
NA,NA,NA,NA,NA,NA,NA,NA,NA,NA,NA,NA,NA,NA,NA,NA,NA,NA,NA,NA,NA,NA,NA,NA,NA,NA,NA,NA,NA,NA,NA,NA,NA,NA,NA,NA,NA,NA,NA,NA,NA,NA,NA,NA,NA,NA,NA,NA,NA,NA,NA,NA,NA,NA,NA,NA,NA,NA,NA,NA,NA,NA,NA,NA,NA,NA,NA,NA,NA,NA,NA,NA,NA,NA,NA,NA,NA,NA,NA,NA,NA,NA,NA,NA,23-110,2023,202302,W-27,500.688901,0.016458833855937,33654.9141238333,162,1,2,48.55,0,41,0.3021,0.1112,0,62.33318,-175.27462,78,-1.6,7,NBS,10
NA,NA,NA,NA,NA,NA,NA,NA,NA,NA,NA,NA,NA,NA,NA,NA,NA,NA,NA,NA,NA,NA,NA,NA,NA,NA,NA,NA,NA,NA,NA,NA,NA,NA,NA,NA,NA,NA,NA,NA,NA,NA,NA,NA,NA,NA,NA,NA,NA,NA,NA,NA,NA,NA,NA,NA,NA,NA,NA,NA,NA,NA,NA,NA,NA,NA,NA,NA,NA,NA,NA,NA,NA,NA,NA,NA,NA,NA,NA,NA,NA,NA,NA,NA,23-117,2023,202302,W-27,500.688901,0.016458833855937,33654.9141238333,162,1,2,50.71,0,38,0.3029,0.0983,0,62.33318,-175.27462,78,-1.6,7,NBS,10
NA,NA,NA,NA,NA,NA,NA,NA,NA,NA,NA,NA,NA,NA,NA,NA,NA,NA,NA,NA,NA,NA,NA,NA,NA,NA,NA,NA,NA,NA,NA,NA,NA,NA,NA,NA,NA,NA,NA,NA,NA,NA,NA,NA,NA,NA,NA,NA,NA,NA,NA,NA,NA,NA,NA,NA,NA,NA,NA,NA,NA,NA,NA,NA,NA,NA,NA,NA,NA,NA,NA,NA,NA,NA,NA,NA,NA,NA,NA,NA,NA,NA,NA,NA,23-118,2023,202302,W-27,500.688901,0.016458833855937,33654.9141238333,162,1,2,50.4,0,42,0.3013,0.1079,0,62.33318,-175.27462,78,-1.6,7,NBS,10
NA,NA,NA,NA,NA,NA,NA,NA,NA,NA,NA,NA,NA,NA,NA,NA,NA,NA,NA,NA,NA,NA,NA,NA,NA,NA,NA,NA,NA,NA,NA,NA,NA,NA,NA,NA,NA,NA,NA,NA,NA,NA,NA,NA,NA,NA,NA,NA,NA,NA,NA,NA,NA,NA,NA,NA,NA,NA,NA,NA,NA,NA,NA,NA,NA,NA,NA,NA,NA,NA,NA,NA,NA,NA,NA,NA,NA,NA,NA,NA,NA,NA,NA,NA,23-131,2023,202302,W-27,500.688901,0.016458833855937,33654.9141238333,162,1,2,51.94,0,48,0.3188,0.1069,0,62.33318,-175.27462,78,-1.6,7,NBS,10
NA,NA,NA,NA,NA,NA,NA,NA,NA,NA,NA,NA,NA,NA,NA,NA,NA,NA,NA,NA,NA,NA,NA,NA,NA,NA,NA,NA,NA,NA,NA,NA,NA,NA,NA,NA,NA,NA,NA,NA,NA,NA,NA,NA,NA,NA,NA,NA,NA,NA,NA,NA,NA,NA,NA,NA,NA,NA,NA,NA,NA,NA,NA,NA,NA,NA,NA,NA,NA,NA,NA,NA,NA,NA,NA,NA,NA,NA,NA,NA,NA,NA,NA,NA,23-135,2023,202302,W-27,500.688901,0.016458833855937,33654.9141238333,162,1,1,52.79,7.73,42,0.3212,0.0992,0,62.33318,-175.27462,78,-1.6,7,NBS,10
NA,NA,NA,NA,NA,NA,NA,NA,NA,NA,NA,NA,NA,NA,NA,NA,NA,NA,NA,NA,NA,NA,NA,NA,NA,NA,NA,NA,NA,NA,NA,NA,NA,NA,NA,NA,NA,NA,NA,NA,NA,NA,NA,NA,NA,NA,NA,NA,NA,NA,NA,NA,NA,NA,NA,NA,NA,NA,NA,NA,NA,NA,NA,NA,NA,NA,NA,NA,NA,NA,NA,NA,NA,NA,NA,NA,NA,NA,NA,NA,NA,NA,NA,NA,23-136,2023,202302,W-27,500.688901,0.016458833855937,33654.9141238333,162,1,2,42.09,0,32,0.2929,0.1008,0,62.33318,-175.27462,78,-1.6,7,NBS,10
NA,NA,NA,NA,NA,NA,NA,NA,NA,NA,NA,NA,NA,NA,NA,NA,NA,NA,NA,NA,NA,NA,NA,NA,NA,NA,NA,NA,NA,NA,NA,NA,NA,NA,NA,NA,NA,NA,NA,NA,NA,NA,NA,NA,NA,NA,NA,NA,NA,NA,NA,NA,NA,NA,NA,NA,NA,NA,NA,NA,NA,NA,NA,NA,NA,NA,NA,NA,NA,NA,NA,NA,NA,NA,NA,NA,NA,NA,NA,NA,NA,NA,NA,NA,23-147,2023,202302,W-27,500.688901,0.016458833855937,33654.9141238333,162,1,1,50.17,8.7,110,0.3077,0.1007,0,62.33318,-175.27462,78,-1.6,7,NBS,10
NA,NA,NA,NA,NA,NA,NA,NA,NA,NA,NA,NA,NA,NA,NA,NA,NA,NA,NA,NA,NA,NA,NA,NA,NA,NA,NA,NA,NA,NA,NA,NA,NA,NA,NA,NA,NA,NA,NA,NA,NA,NA,NA,NA,NA,NA,NA,NA,NA,NA,NA,NA,NA,NA,NA,NA,NA,NA,NA,NA,NA,NA,NA,NA,NA,NA,NA,NA,NA,NA,NA,NA,NA,NA,NA,NA,NA,NA,NA,NA,NA,NA,NA,NA,23-154,2023,202302,W-27,500.688901,0.016458833855937,33654.9141238333,162,1,1,50.8,8.18,44,0.3171,0.1109,0,62.33318,-175.27462,78,-1.6,7,NBS,10
NA,NA,NA,NA,NA,NA,NA,NA,NA,NA,NA,NA,NA,NA,NA,NA,NA,NA,NA,NA,NA,NA,NA,NA,NA,NA,NA,NA,NA,NA,NA,NA,NA,NA,NA,NA,NA,NA,NA,NA,NA,NA,NA,NA,NA,NA,NA,NA,NA,NA,NA,NA,NA,NA,NA,NA,NA,NA,NA,NA,NA,NA,NA,NA,NA,NA,NA,NA,NA,NA,NA,NA,NA,NA,NA,NA,NA,NA,NA,NA,NA,NA,NA,NA,23-166,2023,202302,W-27,500.688901,0.016458833855937,33654.9141238333,162,1,2,49.71,0,36,0.3039,0.1121,0,62.33318,-175.27462,78,-1.6,7,NBS,10
NA,NA,NA,NA,NA,NA,NA,NA,NA,NA,NA,NA,NA,NA,NA,NA,NA,NA,NA,NA,NA,NA,NA,NA,NA,NA,NA,NA,NA,NA,NA,NA,NA,NA,NA,NA,NA,NA,NA,NA,NA,NA,NA,NA,NA,NA,NA,NA,NA,NA,NA,NA,NA,NA,NA,NA,NA,NA,NA,NA,NA,NA,NA,NA,NA,NA,NA,NA,NA,NA,NA,NA,NA,NA,NA,NA,NA,NA,NA,NA,NA,NA,NA,NA,23-174,2023,202302,W-27,500.688901,0.016458833855937,33654.9141238333,162,1,1,64.9,11.03,100,0.3282,0.1086,0,62.33318,-175.27462,78,-1.6,7,NBS,10
NA,NA,NA,NA,NA,NA,NA,NA,NA,NA,NA,NA,NA,NA,NA,NA,NA,NA,NA,NA,NA,NA,NA,NA,NA,NA,NA,NA,NA,NA,NA,NA,NA,NA,NA,NA,NA,NA,NA,NA,NA,NA,NA,NA,NA,NA,NA,NA,NA,NA,NA,NA,NA,NA,NA,NA,NA,NA,NA,NA,NA,NA,NA,NA,NA,NA,NA,NA,NA,NA,NA,NA,NA,NA,NA,NA,NA,NA,NA,NA,NA,NA,NA,NA,23-192,2023,202302,W-27,500.688901,0.016458833855937,33654.9141238333,162,1,2,52.05,0,46,0.3213,0.1122,0,62.33318,-175.27462,78,-1.6,7,NBS,10
NA,NA,NA,NA,NA,NA,NA,NA,NA,NA,NA,NA,NA,NA,NA,NA,NA,NA,NA,NA,NA,NA,NA,NA,NA,NA,NA,NA,NA,NA,NA,NA,NA,NA,NA,NA,NA,NA,NA,NA,NA,NA,NA,NA,NA,NA,NA,NA,NA,NA,NA,NA,NA,NA,NA,NA,NA,NA,NA,NA,NA,NA,NA,NA,NA,NA,NA,NA,NA,NA,NA,NA,NA,NA,NA,NA,NA,NA,NA,NA,NA,NA,NA,NA,23-195,2023,202302,W-27,500.688901,0.016458833855937,33654.9141238333,162,1,1,54.74,8.97,60,0.3049,0.113,0,62.33318,-175.27462,78,-1.6,7,NBS,10
NA,NA,NA,NA,NA,NA,NA,NA,NA,NA,NA,NA,NA,NA,NA,NA,NA,NA,NA,NA,NA,NA,NA,NA,NA,NA,NA,NA,NA,NA,NA,NA,NA,NA,NA,NA,NA,NA,NA,NA,NA,NA,NA,NA,NA,NA,NA,NA,NA,NA,NA,NA,NA,NA,NA,NA,NA,NA,NA,NA,NA,NA,NA,NA,NA,NA,NA,NA,NA,NA,NA,NA,NA,NA,NA,NA,NA,NA,NA,NA,NA,NA,NA,NA,23-196,2023,202302,W-27,500.688901,0.016458833855937,33654.9141238333,162,1,1,56.41,8.34,60,0.314,0.1134,0,62.33318,-175.27462,78,-1.6,7,NBS,10
NA,NA,NA,NA,NA,NA,NA,NA,NA,NA,NA,NA,NA,NA,NA,NA,NA,NA,NA,NA,NA,NA,NA,NA,NA,NA,NA,NA,NA,NA,NA,NA,NA,NA,NA,NA,NA,NA,NA,NA,NA,NA,NA,NA,NA,NA,NA,NA,NA,NA,NA,NA,NA,NA,NA,NA,NA,NA,NA,NA,NA,NA,NA,NA,NA,NA,NA,NA,NA,NA,NA,NA,NA,NA,NA,NA,NA,NA,NA,NA,NA,NA,NA,NA,23-198,2023,202302,W-27,500.688901,0.016458833855937,33654.9141238333,162,1,2,50.28,0,48,0.3196,0.1287,0,62.33318,-175.27462,78,-1.6,7,NBS,10
NA,NA,NA,NA,NA,NA,NA,NA,NA,NA,NA,NA,NA,NA,NA,NA,NA,NA,NA,NA,NA,NA,NA,NA,NA,NA,NA,NA,NA,NA,NA,NA,NA,NA,NA,NA,NA,NA,NA,NA,NA,NA,NA,NA,NA,NA,NA,NA,NA,NA,NA,NA,NA,NA,NA,NA,NA,NA,NA,NA,NA,NA,NA,NA,NA,NA,NA,NA,NA,NA,NA,NA,NA,NA,NA,NA,NA,NA,NA,NA,NA,NA,NA,NA,23-203,2023,202302,X-19,12799.479933,0.01232081628472695,936788.5384597138,162,38,1,55.58,8.87,74,0.3002,0.0947,0,62.67249,-169.58013,40,0.8,7,NBS,10
NA,NA,NA,NA,NA,NA,NA,NA,NA,NA,NA,NA,NA,NA,NA,NA,NA,NA,NA,NA,NA,NA,NA,NA,NA,NA,NA,NA,NA,NA,NA,NA,NA,NA,NA,NA,NA,NA,NA,NA,NA,NA,NA,NA,NA,NA,NA,NA,NA,NA,NA,NA,NA,NA,NA,NA,NA,NA,NA,NA,NA,NA,NA,NA,NA,NA,NA,NA,NA,NA,NA,NA,NA,NA,NA,NA,NA,NA,NA,NA,NA,NA,NA,NA,23-204,2023,202302,X-19,12799.479933,0.01232081628472695,936788.5384597138,162,38,1,55.28,10.55,64,0.3235,0.1102,0,62.67249,-169.58013,40,0.8,7,NBS,10
NA,NA,NA,NA,NA,NA,NA,NA,NA,NA,NA,NA,NA,NA,NA,NA,NA,NA,NA,NA,NA,NA,NA,NA,NA,NA,NA,NA,NA,NA,NA,NA,NA,NA,NA,NA,NA,NA,NA,NA,NA,NA,NA,NA,NA,NA,NA,NA,NA,NA,NA,NA,NA,NA,NA,NA,NA,NA,NA,NA,NA,NA,NA,NA,NA,NA,NA,NA,NA,NA,NA,NA,NA,NA,NA,NA,NA,NA,NA,NA,NA,NA,NA,NA,23-206,2023,202302,X-19,12799.479933,0.01232081628472695,936788.5384597138,162,38,1,50.98,8.54,48,0.3228,0.1059,0,62.67249,-169.58013,40,0.8,7,NBS,10
NA,NA,NA,NA,NA,NA,NA,NA,NA,NA,NA,NA,NA,NA,NA,NA,NA,NA,NA,NA,NA,NA,NA,NA,NA,NA,NA,NA,NA,NA,NA,NA,NA,NA,NA,NA,NA,NA,NA,NA,NA,NA,NA,NA,NA,NA,NA,NA,NA,NA,NA,NA,NA,NA,NA,NA,NA,NA,NA,NA,NA,NA,NA,NA,NA,NA,NA,NA,NA,NA,NA,NA,NA,NA,NA,NA,NA,NA,NA,NA,NA,NA,NA,NA,23-207,2023,202302,X-19,12799.479933,0.01232081628472695,936788.5384597138,162,38,1,54.74,8.23,62,0.3156,0.1072,0,62.67249,-169.58013,40,0.8,7,NBS,10
NA,NA,NA,NA,NA,NA,NA,NA,NA,NA,NA,NA,NA,NA,NA,NA,NA,NA,NA,NA,NA,NA,NA,NA,NA,NA,NA,NA,NA,NA,NA,NA,NA,NA,NA,NA,NA,NA,NA,NA,NA,NA,NA,NA,NA,NA,NA,NA,NA,NA,NA,NA,NA,NA,NA,NA,NA,NA,NA,NA,NA,NA,NA,NA,NA,NA,NA,NA,NA,NA,NA,NA,NA,NA,NA,NA,NA,NA,NA,NA,NA,NA,NA,NA,23-211,2023,202302,X-19,12799.479933,0.01232081628472695,936788.5384597138,162,38,1,53.39,7.13,52,0.3112,0.0896,0,62.67249,-169.58013,40,0.8,7,NBS,10
NA,NA,NA,NA,NA,NA,NA,NA,NA,NA,NA,NA,NA,NA,NA,NA,NA,NA,NA,NA,NA,NA,NA,NA,NA,NA,NA,NA,NA,NA,NA,NA,NA,NA,NA,NA,NA,NA,NA,NA,NA,NA,NA,NA,NA,NA,NA,NA,NA,NA,NA,NA,NA,NA,NA,NA,NA,NA,NA,NA,NA,NA,NA,NA,NA,NA,NA,NA,NA,NA,NA,NA,NA,NA,NA,NA,NA,NA,NA,NA,NA,NA,NA,NA,23-214,2023,202302,X-19,12799.479933,0.01232081628472695,936788.5384597138,162,38,1,51.26,9.28,54,0.3292,0.1213,0,62.67249,-169.58013,40,0.8,7,NBS,10
NA,NA,NA,NA,NA,NA,NA,NA,NA,NA,NA,NA,NA,NA,NA,NA,NA,NA,NA,NA,NA,NA,NA,NA,NA,NA,NA,NA,NA,NA,NA,NA,NA,NA,NA,NA,NA,NA,NA,NA,NA,NA,NA,NA,NA,NA,NA,NA,NA,NA,NA,NA,NA,NA,NA,NA,NA,NA,NA,NA,NA,NA,NA,NA,NA,NA,NA,NA,NA,NA,NA,NA,NA,NA,NA,NA,NA,NA,NA,NA,NA,NA,NA,NA,23-217,2023,202302,X-19,12799.479933,0.01232081628472695,936788.5384597138,162,38,1,54.88,8.93,62,0.3057,0.1004,0,62.67249,-169.58013,40,0.8,7,NBS,10
