14:0_perDWT,TMTD_perDWT,14:1_perDWT,i15:0_perDWT,ai15:0_perDWT,15:0_perDWT,15:1_perDWT,i16:0_perDWT,ai16:0?_perDWT,pristanic?_perDWT,16:0_perDWT,16:1w11?_perDWT,16:1w9?_perDWT,16:1w7_perDWT,16:1w5_perDWT,i17:0_perDWT,ai17:0_perDWT,16:2w4_perDWT,phytanic?_perDWT,17:0_perDWT,16:3w4?_perDWT,17:1_perDWT,16:4w3?_perDWT,16:4w1_perDWT,18:0_perDWT,18:1w11?_perDWT,18:1w9_perDWT,18:1w7_perDWT,18:1w6?_perDWT,18:1w5?_perDWT,18:2a_perDWT,18:2b_perDWT,18:2w6_perDWT,18:2w4_perDWT,18:3w6_perDWT,19:0_perDWT,18:3w4_perDWT,18:3w3_perDWT,18:4w3_perDWT,18:4w1?_perDWT,20:0_perDWT,18:5w3_perDWT,20:1w11?_perDWT,20:1w9_perDWT,20:1w7?_perDWT,20:2a?_perDWT,20:2b?_perDWT,20:2w6_perDWT,20:3w6_perDWT,21:0_perDWT,20:4w6_perDWT,20:3w3_perDWT,20:4w3_perDWT,20:5w3_perDWT,22:0_perDWT,22:1w11(13)_perDWT,22:1w9_perDWT,22:1w7_perDWT,22:2NMIDa?_perDWT,22:2NMIDb?_perDWT,21:5w3?_perDWT,23:0_perDWT,22:4w6?_perDWT,22:5w6_perDWT,22:4w3?_perDWT,22:5w3_perDWT,24:0_perDWT,22:6w3_perDWT,24:1(24:1n-9)_perDWT,Bacterial_perDWT,SFA_perDWT,MUFA_perDWT,PUFA_perDWT,PUFA/SFA_perDWT,Sum_N-3_PUFA_perDWT,DHA/EPA_perDWT,Diatom_freshness_perDWT,Zooplankton_perDWT,Nearshore_perDWT,Diatom_Indicator_perDWT,Diatom_to_Flagellate_perDWT,Carnivory_benthic_pelagic_perDWT,Storage_lipid_diatom_perDWT,Membrane_lipid_diatom_perDWT,vial_id,year,cruise,gis_station,total_benthic_cpue,area_swept,cpue,vessel,haul,sex,cw,ch_cc,crab_wgt,hepato_wwt,hepato_dwt,maturity,mid_latitude,mid_longitude,bottom_depth,gear_temperature,sample_region,lme,bsierp_region
10.58,0.23,0.38,0.86,0.05,2.77,0,1.22,0.27,0,52.73,0,0,61.72,0.78,2.47,3.02,3.65,1.52,0,3.18,0,0.42,1.9,10.79,1.74,40.95,36.68,1.86,0.4,0,0,3.44,1.62,0.87,0,1.53,0.41,4.39,0.56,0,0.42,12.83,6.09,33.09,0,0,2.76,0,0.12,8.5,0,1.77,67.08,0.29,1.98,3.25,2.21,0.81,2.65,0,0,0,2.64,0,8.2,0.05,16.58,0.4,10.66,86.96,204.34,133.36,1.53,99.25,0.25,0.07,59.45,3.85,1.17,0.69,1.12,14.06,4.05,2019-1,2019,201902,W-27,193.027395,0.01495924640185965,67622.14170589813,162,1,1,87.44,14.92,248.3,0.6304,0.1702,0,62.31661,-175.31904,80,0.2,7,NBS,10
10.35,0.25,0.36,1.36,0.08,2.47,0,1.79,0.34,0,44.23,0,0,51.84,0.89,2.68,3.88,3.13,1.13,0,2.49,0,0.5,1.82,9.23,1.96,30.94,22.83,1.63,0.34,0,0,2.92,1.46,0.52,0,1.26,0.67,3.74,0.48,0,0.98,12.11,4.74,23.23,0,0,1.91,0,0,6.86,0,1.38,54.74,0.21,2.05,3.94,1.91,0.62,1.65,0,0,0,2.01,0,6.94,0.1,14.59,0.9,12.59,78.1,159.67,110.68,1.42,83.55,0.27,0.08,47.97,3.59,1.17,0.66,1.36,13.85,3.75,2019-2,2019,201902,W-27,193.027395,0.01495924640185965,67622.14170589813,162,1,1,78.57,11.38,170.6,0.6854,0.1509,0,62.31661,-175.31904,80,0.2,7,NBS,10
9.84,0.2,0.37,1.41,0.06,2.74,0,1.91,0.36,0,52.1,0,0,53.01,0.91,3.08,4.17,3.4,1.44,0,2.81,0,0.44,1.58,11.57,2.23,43.78,33.37,2.21,0.43,0,0,3.75,1.42,0.68,0,1.57,0.65,3.84,0.6,0,0.19,14.8,6.1,29.69,0,0,2.51,0,0.14,9.07,0,1.42,63.18,0.27,1.93,4.41,3.22,0.75,2.29,0,0,0,2.08,0,8.87,0.04,18.15,1.01,13.72,89.32,197.47,129.25,1.45,96.73,0.29,0.07,60.15,4.41,1.02,0.65,1.31,13.81,3.48,2019-3,2019,201902,W-27,193.027395,0.01495924640185965,67622.14170589813,162,1,1,75.87,11.99,151.8,0.7067,0.1746,0,62.31661,-175.31904,80,0.2,7,NBS,10
NA,NA,NA,NA,NA,NA,NA,NA,NA,NA,NA,NA,NA,NA,NA,NA,NA,NA,NA,NA,NA,NA,NA,NA,NA,NA,NA,NA,NA,NA,NA,NA,NA,NA,NA,NA,NA,NA,NA,NA,NA,NA,NA,NA,NA,NA,NA,NA,NA,NA,NA,NA,NA,NA,NA,NA,NA,NA,NA,NA,NA,NA,NA,NA,NA,NA,NA,NA,NA,NA,NA,NA,NA,NA,NA,NA,NA,NA,NA,NA,NA,NA,NA,NA,2019-4,2019,201902,W-27,193.027395,0.01495924640185965,67622.14170589813,162,1,1,78.97,12.31,189.2,0.7634,0.1697,0,62.31661,-175.31904,80,0.2,7,NBS,10
NA,NA,NA,NA,NA,NA,NA,NA,NA,NA,NA,NA,NA,NA,NA,NA,NA,NA,NA,NA,NA,NA,NA,NA,NA,NA,NA,NA,NA,NA,NA,NA,NA,NA,NA,NA,NA,NA,NA,NA,NA,NA,NA,NA,NA,NA,NA,NA,NA,NA,NA,NA,NA,NA,NA,NA,NA,NA,NA,NA,NA,NA,NA,NA,NA,NA,NA,NA,NA,NA,NA,NA,NA,NA,NA,NA,NA,NA,NA,NA,NA,NA,NA,NA,2019-5,2019,201902,W-27,193.027395,0.01495924640185965,67622.14170589813,162,1,1,78.61,12.83,175.1,1.0278,0.2458,0,62.31661,-175.31904,80,0.2,7,NBS,10
NA,NA,NA,NA,NA,NA,NA,NA,NA,NA,NA,NA,NA,NA,NA,NA,NA,NA,NA,NA,NA,NA,NA,NA,NA,NA,NA,NA,NA,NA,NA,NA,NA,NA,NA,NA,NA,NA,NA,NA,NA,NA,NA,NA,NA,NA,NA,NA,NA,NA,NA,NA,NA,NA,NA,NA,NA,NA,NA,NA,NA,NA,NA,NA,NA,NA,NA,NA,NA,NA,NA,NA,NA,NA,NA,NA,NA,NA,NA,NA,NA,NA,NA,NA,2019-6,2019,201901,V-27,177.02249400000002,0.013912080357285,170569.63941107484,162,193,1,80.11,13.21,NA,0.9814,0.2139,0,61.99908,-175.17202,80,0.4,4,EBS,9
10.3,0.26,0.49,0.84,0.08,2.72,0,1.11,0.22,0,44.56,0,0,56.55,0.75,2.2,2.79,3.36,1.43,0,3.06,0,0.05,1.83,8.82,1.44,39.54,29.26,1.68,0.32,0,0,2.73,1.09,0.76,0,1.17,0.36,3.25,0.57,0,0,10.76,5.13,24.14,0,0,2.23,0,0.12,7.98,0,1.46,52.76,0.28,1.84,3.77,4.07,1,2.88,0.07,0,0.03,1.91,0,6.84,0.04,13.44,0.78,9.95,75.76,180.51,108.81,1.44,78.22,0.25,0.08,49.71,3.09,1.27,0.83,1.35,17.38,3.93,2019-7,2019,201901,V-27,177.02249400000002,0.013912080357285,170569.63941107484,162,193,1,83.34,13.34,NA,1.0267,0.2866,0,61.99908,-175.17202,80,0.4,4,EBS,9
NA,NA,NA,NA,NA,NA,NA,NA,NA,NA,NA,NA,NA,NA,NA,NA,NA,NA,NA,NA,NA,NA,NA,NA,NA,NA,NA,NA,NA,NA,NA,NA,NA,NA,NA,NA,NA,NA,NA,NA,NA,NA,NA,NA,NA,NA,NA,NA,NA,NA,NA,NA,NA,NA,NA,NA,NA,NA,NA,NA,NA,NA,NA,NA,NA,NA,NA,NA,NA,NA,NA,NA,NA,NA,NA,NA,NA,NA,NA,NA,NA,NA,NA,NA,2019-8,2019,201901,V-27,177.02249400000002,0.013912080357285,170569.63941107484,162,193,1,78.86,13.02,190.5,1.0815,0.2794,0,61.99908,-175.17202,80,0.4,4,EBS,9
NA,NA,NA,NA,NA,NA,NA,NA,NA,NA,NA,NA,NA,NA,NA,NA,NA,NA,NA,NA,NA,NA,NA,NA,NA,NA,NA,NA,NA,NA,NA,NA,NA,NA,NA,NA,NA,NA,NA,NA,NA,NA,NA,NA,NA,NA,NA,NA,NA,NA,NA,NA,NA,NA,NA,NA,NA,NA,NA,NA,NA,NA,NA,NA,NA,NA,NA,NA,NA,NA,NA,NA,NA,NA,NA,NA,NA,NA,NA,NA,NA,NA,NA,NA,2019-9,2019,201901,V-27,177.02249400000002,0.013912080357285,170569.63941107484,162,193,1,87.42,14.75,NA,1.1223,0.2368,0,61.99908,-175.17202,80,0.4,4,EBS,9
8.09,0.23,0.26,0.59,0.04,2.32,0,0.85,0.22,0,35.36,0,0,46.91,0.58,1.6,2.16,3.13,1.18,0,2.42,0.3,0.04,1.69,7.83,0.96,24.46,19.87,1.27,0.22,0,0,2.14,0.9,0.6,0,1,0.66,3.73,0.44,0,0.47,7.82,3.74,20.28,0,0,1.73,0,0,6.04,0,1.18,48.08,0.19,1.47,3.08,2.38,0.64,1.52,0,0,0,1.34,0,5.23,0.03,10.83,0.64,8.08,60.68,134.24,93.81,1.55,70.23,0.23,0.08,38.77,2.8,1.33,0.73,1.23,12.58,4.44,2019-10,2019,201901,V-27,177.02249400000002,0.013912080357285,170569.63941107484,162,193,1,91.84,13.01,219.2,1.3592,0.3829,0,61.99908,-175.17202,80,0.4,4,EBS,9
12.18,0.32,0.32,0.84,0.08,3.24,0,1.19,0.67,0,60.76,0,0,68.9,0.76,2.34,2.99,5.09,1.79,0,1.77,0,0.06,4.41,12.64,2.14,41.97,34.86,1.75,0.38,0,0,3.52,1.79,0.9,0,2.22,0.69,7.76,0,0,1.72,13.92,3.08,35.57,0,0,2.28,0,0.16,7.5,0,1.89,77.29,0.35,1.71,2.64,2.12,1.03,3.31,0,0,0,1.61,0,6.74,0.05,15.72,0.33,11.34,99.59,210.44,147.29,1.48,111.87,0.2,0.08,59.04,4.21,1.13,0.61,1.2,8.87,4.92,2019-11,2019,201902,V-24,2639.184729,0.01412747210032455,570605.7752409088,94,1,1,55.53,7.92,67.8,1.1139,0.2632,0,62.00723,-173.08002,58,0.8,7,NBS,10
25.26,0.09,1.02,0.77,0.07,1.81,0,0.79,0.61,0,55.08,0,0,28.43,0.83,2.29,1.02,2.7,1.22,0,1.84,0,0.04,1.14,9.96,0.8,54.98,18.5,2.84,0.4,0,0,7.58,0.57,0.48,0.55,0,2.8,2.92,0.37,0,3.93,37.1,10.66,6.91,0,0,2.83,0,0.14,4.85,0,1.29,45.49,0.25,29.15,6.49,1.79,1.12,0.7,0,0,0.14,0.92,0.1,6.69,0.06,31.2,2.28,7.38,99.99,202.16,119.71,1.2,94.46,0.69,0.06,92.08,10.38,0.52,0.31,2.97,9.73,1.46,2019-12,2019,201901,N-31,2611.952484,0.0138915643311522,1511.708796748466,162,177,2,54.64,0,52.4,0.7629,0.1961,0,59.32743,-177.05585,149,3.2,5,EBS,8
7.47,0.13,0.18,1.33,0.05,1.99,0,0,0.33,0,37.39,0,0,38.24,0.73,2.75,3.9,2.58,1.13,0,1.97,0,0.07,1.15,9.27,1.46,37.83,29.87,1.91,0.55,0,0,3.6,1.58,0.59,0,1.2,0.19,3.07,0.5,0,2.03,11.25,6.15,24.48,0,0,2.2,0,0.06,6.45,0,0.97,40.15,0.22,1.13,3.14,5.16,0.6,1.69,0,0,0,1.52,0,6.35,0.04,11.73,0.72,10.35,66.06,162.79,90.18,1.37,64.57,0.29,0.07,51.31,3.79,1.02,0.45,1.27,12.44,3.42,2019-13,2019,201902,W-27,193.027395,0.01495924640185965,67622.14170589813,162,1,1,85.09,15.04,230.6,1.0088,0.1771,0,62.31661,-175.31904,80,0.2,7,NBS,10
10.38,0.22,0.36,0.76,0.06,2.46,0,1.05,0.31,0,40.81,0,0.27,53.67,0.66,1.98,2.64,4.02,1.4,0,2.07,0,0.05,2.44,8.63,1.25,36.51,27.45,1.56,0.33,0,0,2.84,1.51,0.78,0,1.15,0.42,4.48,0.67,0,1.95,9.23,4.68,23.11,0,0,1.92,0,0.1,7.66,0,1.23,53.5,0.31,1.42,3.8,2.89,0.6,1.87,0,0,0.06,2.29,0.03,6.03,0.03,11.91,0.31,9.26,71.14,167.5,109.49,1.54,79.61,0.22,0.08,45.13,3.26,1.31,0.62,1.33,11.98,4.49,2019-14,2019,201902,W-27,193.027395,0.01495924640185965,67622.14170589813,162,1,1,93.94,13.48,224.8,0.9917,0.2046,0,62.31661,-175.31904,80,0.2,7,NBS,10
9.72,0.25,0.47,1.49,0.06,2.85,0,1.95,0.42,0,49.44,0,0,56.34,1.01,3.25,4.36,4.17,1.69,0,3.21,0,0.08,1.9,11.57,2.27,43.61,35.57,2.33,0.52,0,0,3.94,2,0.77,0,1.5,0.42,3.68,0.67,0,0.53,14.82,6.62,29.43,0,0,2.58,0,0.14,9.18,0,1.38,58.75,0.36,2.28,4.49,3.51,0.83,2.93,0,0,0.06,2.18,0,8.74,0.05,16.83,0.93,14.38,87.59,204.19,126.33,1.44,90.42,0.29,0.08,61.15,4.36,1.14,0.69,1.23,15.3,3.49,2019-15,2019,201902,W-27,193.027395,0.01495924640185965,67622.14170589813,162,1,1,79.23,13.57,199.4,1.1415,0.2166,0,62.31661,-175.31904,80,0.2,7,NBS,10
NA,NA,NA,NA,NA,NA,NA,NA,NA,NA,NA,NA,NA,NA,NA,NA,NA,NA,NA,NA,NA,NA,NA,NA,NA,NA,NA,NA,NA,NA,NA,NA,NA,NA,NA,NA,NA,NA,NA,NA,NA,NA,NA,NA,NA,NA,NA,NA,NA,NA,NA,NA,NA,NA,NA,NA,NA,NA,NA,NA,NA,NA,NA,NA,NA,NA,NA,NA,NA,NA,NA,NA,NA,NA,NA,NA,NA,NA,NA,NA,NA,NA,NA,NA,2019-16,2019,201902,W-27,193.027395,0.01495924640185965,67622.14170589813,162,1,1,80.69,14.25,208.7,0.9922,0.2586,0,62.31661,-175.31904,80,0.2,7,NBS,10
24.4,0.08,0.9,0.67,0.08,1.61,0,0,0.64,0,55.36,0,0,32.8,0.73,2.04,0.94,2.18,1.16,0,1.74,0,0.04,1.33,9.54,0.8,55.61,18.38,2.75,0.36,0,0,7.79,0.57,0.45,0.07,0,3.98,3.68,0.38,0,2.48,37.42,11.53,6.22,0,0,2.72,0,0.12,4.59,0,1.32,39.61,0.26,37.43,5.71,1.56,0.9,0.49,0,0,0,0.7,0,5.63,0.06,23.57,2.37,5.97,97.02,214.58,104.17,1.07,80.32,0.6,0.06,99.87,11.78,0.59,0.27,3.03,8.91,1.68,2019-17,2019,201901,N-31,2611.952484,0.0138915643311522,1511.708796748466,162,177,2,53.46,0,50.8,1.0287,0.2504,0,59.32743,-177.05585,149,3.2,5,EBS,8
NA,NA,NA,NA,NA,NA,NA,NA,NA,NA,NA,NA,NA,NA,NA,NA,NA,NA,NA,NA,NA,NA,NA,NA,NA,NA,NA,NA,NA,NA,NA,NA,NA,NA,NA,NA,NA,NA,NA,NA,NA,NA,NA,NA,NA,NA,NA,NA,NA,NA,NA,NA,NA,NA,NA,NA,NA,NA,NA,NA,NA,NA,NA,NA,NA,NA,NA,NA,NA,NA,NA,NA,NA,NA,NA,NA,NA,NA,NA,NA,NA,NA,NA,NA,2019-18,2019,201901,PO2423,2291.269765,0.0145501203732786,272172.1311167171,94,159,1,81.02,12.73,181.2,0.9145,0.0666,0,59.83477,-172.24578,76,2.3,4,EBS,9
6.13,0.17,0.29,0.56,0.04,1.99,0,0,0.41,0,29.53,0,0,36.49,0.59,1.85,2.27,3.27,1.01,0,0.99,0,0.05,1.52,8.05,1.51,21.17,23.64,1.31,0.37,0,0,3.56,1.71,0.71,0,1.61,0.26,3.71,0,0,1.63,10.56,2.78,29.21,0,0,2.23,0,0,6.52,0,1.46,54.54,0.25,1.11,2.91,3.77,0.75,1.88,0,0,0,1.75,0,6.51,0.03,12.91,0.37,7.12,52.3,136.1,107.55,2.06,81.06,0.24,0.08,50.35,3.82,1.24,0.44,0.9,9.84,4.23,2019-19,2019,201901,PO2423,2291.269765,0.0145501203732786,272172.1311167171,94,159,1,82.32,13.07,209.8,0.9893,0.2721,0,59.83477,-172.24578,76,2.3,4,EBS,9
NA,NA,NA,NA,NA,NA,NA,NA,NA,NA,NA,NA,NA,NA,NA,NA,NA,NA,NA,NA,NA,NA,NA,NA,NA,NA,NA,NA,NA,NA,NA,NA,NA,NA,NA,NA,NA,NA,NA,NA,NA,NA,NA,NA,NA,NA,NA,NA,NA,NA,NA,NA,NA,NA,NA,NA,NA,NA,NA,NA,NA,NA,NA,NA,NA,NA,NA,NA,NA,NA,NA,NA,NA,NA,NA,NA,NA,NA,NA,NA,NA,NA,NA,NA,2019-20,2019,201901,PO2423,2291.269765,0.0145501203732786,272172.1311167171,94,159,1,82.18,12.92,202.3,0.9261,0.0909,0,59.83477,-172.24578,76,2.3,4,EBS,9
2.71,0.09,0.03,0.4,0.02,0.99,0,0,0.29,0,17.64,0,0,14.44,0.35,1.74,1.8,2.23,1.01,0,0.96,0,0.14,0.55,5.8,1.03,10.82,11.81,1.22,0.38,0,0,1.5,0.87,0.33,0,0.61,0.35,0.99,0.3,0,2.23,5.02,2.05,8.76,0,0,1.59,0,0,6.75,0,0.49,39.44,0.34,1.3,2.09,2.09,0.31,1.21,0,0,0,1.07,0,4.76,0.17,12.34,0.79,5.25,33,62.2,79.03,2.39,60.74,0.31,0.11,21.32,1.85,0.82,0.54,0.92,14.6,3.2,2019-21,2019,201901,PO2423,2291.269765,0.0145501203732786,272172.1311167171,94,159,1,80.68,13.36,184.8,1.0241,0.1056,0,59.83477,-172.24578,76,2.3,4,EBS,9
NA,NA,NA,NA,NA,NA,NA,NA,NA,NA,NA,NA,NA,NA,NA,NA,NA,NA,NA,NA,NA,NA,NA,NA,NA,NA,NA,NA,NA,NA,NA,NA,NA,NA,NA,NA,NA,NA,NA,NA,NA,NA,NA,NA,NA,NA,NA,NA,NA,NA,NA,NA,NA,NA,NA,NA,NA,NA,NA,NA,NA,NA,NA,NA,NA,NA,NA,NA,NA,NA,NA,NA,NA,NA,NA,NA,NA,NA,NA,NA,NA,NA,NA,NA,2019-22,2019,201901,PO2423,2291.269765,0.0145501203732786,272172.1311167171,94,159,1,86.37,13.97,230.1,1.59,0.1385,0,59.83477,-172.24578,76,2.3,4,EBS,9
NA,NA,NA,NA,NA,NA,NA,NA,NA,NA,NA,NA,NA,NA,NA,NA,NA,NA,NA,NA,NA,NA,NA,NA,NA,NA,NA,NA,NA,NA,NA,NA,NA,NA,NA,NA,NA,NA,NA,NA,NA,NA,NA,NA,NA,NA,NA,NA,NA,NA,NA,NA,NA,NA,NA,NA,NA,NA,NA,NA,NA,NA,NA,NA,NA,NA,NA,NA,NA,NA,NA,NA,NA,NA,NA,NA,NA,NA,NA,NA,NA,NA,NA,NA,2019-23,2019,201901,PO2423,2291.269765,0.0145501203732786,272172.1311167171,94,159,1,85.96,14.03,235.4,0.9444,0.089,0,59.83477,-172.24578,76,2.3,4,EBS,9
1.06,0.05,0.03,0.15,0.09,0.46,0,0,0.08,0,8.21,0,0,5.91,0.14,0.8,0.74,0.63,0.63,0,0.49,0,0.08,0.26,3.31,0,5.4,7.08,0,0.18,0,0,0.67,0.45,0.24,0,0.27,0.2,0.39,0.14,0,1.6,2.09,0.9,3.68,0,0,0.69,0,0,4.03,0,0.22,19.1,0.18,0,0.67,0.82,0.09,0.36,0,0,0,0.63,0,2.42,0.1,5.95,0.39,2.32,15.86,27.28,38.9,2.45,29.95,0.31,0.09,8.16,0.87,0.72,0.37,0.76,15.05,3.21,2019-24,2019,201901,PO2524,2645.963026,0.00989135557344,125795.09256962893,94,158,1,80.18,12.79,184.2,1.1797,0.1215,0,59.83709,-172.89989,80,2.4,4,EBS,9
9.38,0.31,0.29,0.57,0.05,3.08,0,1.04,0.38,0,53.42,0,0,58.86,0.68,2.16,2.5,4.38,1.24,0,1.27,0,0.05,3.31,11.26,1.64,32.62,25.81,1.48,0.33,0,0,2.98,2.05,0.81,0,1.92,0.53,6.19,0,0,1.98,11.54,4.78,29.03,0,0,1.99,0,0.12,6.97,0,1.85,67.54,0.34,1.44,4.51,1.82,0.59,2.06,0,0,0.44,2.2,0,6.67,0.03,14.39,0.42,9.78,85.88,175.25,130.15,1.52,99.18,0.21,0.07,53.12,3.51,1.1,0.55,1.26,9.51,4.69,2019-25,2019,201902,V-24,2639.184729,0.01412747210032455,570605.7752409088,94,1,1,70.77,10.17,126.9,1.0229,0.2416,0,62.00723,-173.08002,58,0.8,7,NBS,10
1.91,0.07,0,0.24,0.15,0.54,0,0,0.13,0,10.19,0,0,5.77,0.16,1.29,1.15,0.72,0.81,0,0.61,0,0.13,0.11,4.78,0,7.66,8.73,0,0.22,0,0,0.8,0.48,0.2,0,0.3,0.21,0.28,0.29,0,1.48,4.04,1.24,3.51,0,0,0.8,0,0,5.26,0,0.24,0,0.21,0,1.66,1.78,0.2,0.48,0,0,0,0.71,0,2.89,0.13,7.15,0.79,3.51,21.61,35.56,23.35,1.08,12.38,NA,0.09,12.23,1.02,0.57,0.39,0.88,20.49,0,2019-26,2019,201901,PO2524,2645.963026,0.00989135557344,125795.09256962893,94,158,1,80.78,11.47,185.8,1.3577,0.1022,0,59.83709,-172.89989,80,2.4,4,EBS,9
13.06,0.25,0.26,0.52,0.04,1.86,0,0,0.35,0,41.91,0,0,41.53,0.81,1.35,1.4,4.7,1.3,0,1.55,0,0.05,1.25,8.93,1.21,35.25,31.68,2.36,0.28,0,0,8.38,1.17,0.95,0,0,0.75,2.58,0.41,0,1.72,10.02,4.64,19.7,0,0,2.31,0,0,5.14,0,1.27,50.38,0.37,1.79,2.59,2.92,0.44,1.64,0,0,0.12,0.8,0,4.59,0.17,21.28,0.89,5.52,71.51,155.91,111.48,1.56,82.62,0.42,0.08,41.65,9.13,0.99,0.47,1.11,16.07,2.37,2019-27,2019,201901,S-23,2864.920859,0.014252620501152,136558.0385615884,94,168,2,50.89,0,41.4,0.7042,0.2149,0,61.00078,-172.16231,64,1.9,4,EBS,9
10.18,0.2,0.21,0.32,0.03,1.52,0,0,0.61,0,34.95,0,0,35.51,0.72,0.98,1.04,5.59,0.94,0,1.25,0,0.03,0.76,6.54,1.34,27.11,24.71,1.92,0,0,0,7.96,1.21,0.75,0,0.46,0.54,1.53,0.46,0,0.54,8.16,2.11,13.41,0,0,1.83,0,0,4.08,0,0.68,40.69,0.24,0,2.94,3.48,0.33,1.06,0,0,0.33,0.85,0,3.18,0.15,17.97,0.76,4.5,57.7,122.41,92.07,1.6,65.15,0.44,0.1,30.11,8.5,1.02,0.57,1.1,23.2,2.26,2019-28,2019,201901,R-22,108.807972,0.0141907482154284,357176.8889880896,94,166,2,53.78,0,45.7,0.9808,0.2337,0,60.6571,-171.43228,63,2.2,4,EBS,9
15.67,0.29,0.34,0.73,0.05,2.84,0,1.01,0.47,0,56.76,0,0,54.28,1,2.02,2,5.86,1.66,0,2.37,0,0.04,0.02,12.86,1.4,44.74,42.19,2.83,0.32,0,0,8.89,1.65,1.06,0,1.14,0.97,3.44,0.41,0,1.98,16.45,6.31,33.51,0,0,2.94,0,0.14,7.18,0,1.42,64.34,0.37,2.99,3.92,3.19,0.57,4.09,0,0,0,1.36,0,6.19,0.17,30.19,1.19,9.13,97.04,214.66,146.11,1.51,108.58,0.47,0.07,66.37,9.86,0.96,0.42,1.06,15.76,2.13,2019-29,2019,201901,S-23,2864.920859,0.014252620501152,136558.0385615884,94,168,2,54.56,0,48.7,0.6917,0.2422,0,61.00078,-172.16231,64,1.9,4,EBS,9
13.2,0.28,0.29,0.35,0.04,2.23,0,0,0.1,0,39.19,0,0,46.97,0.58,1.64,1.62,2.69,0.95,0,1.73,0,0.05,1.72,8.46,0.87,25.61,17.3,0.83,0.22,0,0,7.38,0.68,0.91,0,0.75,0.6,2.55,0.53,0,0.6,6.93,2.59,16.29,0,0,1.79,0,0,6.65,0,0.9,56.18,0.25,1.02,1.69,1.18,0.37,1.06,0,0,0,1.16,0,5.66,0.07,15.78,0.54,5.99,68.38,122.91,109.74,1.6,82.33,0.28,0.07,29.7,7.98,1.2,0.44,1.48,18.41,3.56,2019-30,2019,201901,S-24,335.943917,0.0145410472330266,263874.80891232594,94,171,2,64,0,84.3,0.6515,0.1625,0,61.00004,-172.80977,66,2.3,4,EBS,9
NA,NA,NA,NA,NA,NA,NA,NA,NA,NA,NA,NA,NA,NA,NA,NA,NA,NA,NA,NA,NA,NA,NA,NA,NA,NA,NA,NA,NA,NA,NA,NA,NA,NA,NA,NA,NA,NA,NA,NA,NA,NA,NA,NA,NA,NA,NA,NA,NA,NA,NA,NA,NA,NA,NA,NA,NA,NA,NA,NA,NA,NA,NA,NA,NA,NA,NA,NA,NA,NA,NA,NA,NA,NA,NA,NA,NA,NA,NA,NA,NA,NA,NA,NA,2019-31,2019,201901,S-22,170.42632700000001,0.01444197857091,250671.82050055408,94,167,2,51.87,0,43.8,0.6212,0.1369,0,60.99637,-171.47555,60,2.1,4,EBS,9
NA,NA,NA,NA,NA,NA,NA,NA,NA,NA,NA,NA,NA,NA,NA,NA,NA,NA,NA,NA,NA,NA,NA,NA,NA,NA,NA,NA,NA,NA,NA,NA,NA,NA,NA,NA,NA,NA,NA,NA,NA,NA,NA,NA,NA,NA,NA,NA,NA,NA,NA,NA,NA,NA,NA,NA,NA,NA,NA,NA,NA,NA,NA,NA,NA,NA,NA,NA,NA,NA,NA,NA,NA,NA,NA,NA,NA,NA,NA,NA,NA,NA,NA,NA,2019-32,2019,201901,S-24,335.943917,0.0145410472330266,263874.80891232594,94,171,2,52.59,0,47.7,0.6538,0.1213,0,61.00004,-172.80977,66,2.3,4,EBS,9
14.41,0.4,0.27,0.45,0.05,2.02,0,0,0.61,0,42.19,0,0,48.63,1.01,1.31,1.63,6.4,1.26,0,1.75,0,0.05,1.24,8.4,1.39,28.44,28.7,1.99,0,0,0,10.99,1.19,1.09,0,0.71,0.84,2.79,0.61,0,0.36,10.92,2.47,18,0,0,2.65,0,0,4.99,0,0.95,52.66,0.4,0,2.99,2.82,0.66,1.88,0,0,0,0.85,0,4.25,0.14,21.11,0.91,6.07,73.26,148.54,118.01,1.61,83,0.4,0.09,37.19,11.83,1.15,0.51,0.99,17.45,2.49,2019-33,2019,201901,R-22,108.807972,0.0141907482154284,357176.8889880896,94,166,2,53.3,0,47.2,0.752,0.1208,0,60.6571,-171.43228,63,2.2,4,EBS,9
12.54,0.28,0.26,0.38,0.03,1.71,0,0.62,0.63,0,38.99,0,0,42.33,0.88,1.17,1.44,6.04,1.2,0,1.52,0,0.03,0.61,8.56,1.56,31.26,28.63,2.26,0.23,0,0,10.75,1.1,1.02,0.24,0.36,0.7,2.02,0.66,0,0.18,10.29,2.53,16.14,0,0,2.45,0,0.1,5.02,0,0.84,52.2,0.33,1.63,2.99,2.89,0.57,1.52,0,0,0.36,0.81,0,4.2,0.15,24.16,0.97,6,68.39,144.86,117.12,1.71,84.33,0.46,0.09,36.48,11.45,1.09,0.49,1.09,20.94,2.16,2019-34,2019,201901,R-22,108.807972,0.0141907482154284,357176.8889880896,94,166,2,50.14,0,42.1,0.5384,0.0816,0,60.6571,-171.43228,63,2.2,4,EBS,9
4.54,0.09,0.08,0.24,0.02,1.17,0,0,0.4,0,24.33,0,0,18.99,0.5,0.93,1.14,2.66,0.9,0,1.07,0,0.09,0.27,5.02,0.61,16.56,18.82,1.51,0.17,0,0,4.76,0.81,0.47,0,0.3,0.4,0.88,0.5,0,0.11,4.19,1.78,8.15,0,0,2.11,0,0.03,6.4,0,0.43,44.13,0.34,0.92,2.02,2.84,0.23,0.83,0,0,0,0.85,0.08,3.39,0.11,18.75,0.78,3.9,39.25,77.94,89.49,2.28,68.25,0.42,0.09,19.91,5.16,0.78,0.5,0.88,21.68,2.35,2019-35,2019,201901,S-22,170.42632700000001,0.01444197857091,250671.82050055408,94,167,2,53.3,0,49.4,0.5104,0.0869,0,60.99637,-171.47555,60,2.1,4,EBS,9
6.42,0.11,0.14,0.27,0.02,1.3,0,0,0.38,0,23.85,0,0,20.58,0.55,0.84,1.01,3.33,0.9,0,1.08,0,0.09,0.46,5.03,0.73,16.1,19.48,1.59,0.17,0,0,6.11,0.82,0.58,0,0.33,0.45,0.92,0.41,0,2.15,5.64,1.08,11.01,0,0,2.43,0,0,5.41,0,0.51,32.54,0.35,0,2.33,2.22,0.31,1.04,0,0,0.58,0.71,0,2.93,0.15,16.47,0.9,3.84,40.64,82.53,79.67,1.96,56.06,0.51,0.1,22.29,6.56,0.86,0.42,0.83,22.26,1.98,2019-36,2019,201901,S-22,170.42632700000001,0.01444197857091,250671.82050055408,94,167,2,50.64,0,42.2,0.8331,0.0858,0,60.99637,-171.47555,60,2.1,4,EBS,9
7.41,0.02,0.12,0.3,0.2,1.29,0,0.55,0.48,0,25.48,0,0,23.06,0.58,0.88,1.08,3.67,1.04,0,1.33,0,0.03,0.64,5.41,0.84,18.29,21.4,1.72,0.25,0,0,7.27,0.91,0.66,0,0.44,0.48,1.23,0.38,0,0,6.24,2,11.46,0,0,2.43,0,0.09,4.84,0,0.61,33.69,0.31,1.18,2.02,2.05,0.35,1.03,0,0,0.11,0.64,0,3.17,0.12,17.73,0.82,4.78,44.67,92.02,81.64,1.83,56.95,0.53,0.1,24.95,7.75,0.91,0.5,0.85,18.69,1.9,2019-37,2019,201901,S-22,170.42632700000001,0.01444197857091,250671.82050055408,94,167,2,50.51,0,41.4,0.5345,0.0917,0,60.99637,-171.47555,60,2.1,4,EBS,9
19.36,0.45,0.39,0.74,0.04,3.15,0,1.1,0.41,0,63.03,0,0,65.24,1,2,2.09,5.82,1.74,0,2.56,0,0.87,2.09,13.23,1.74,46.62,37.19,2.74,0.33,0,0,10.26,1.53,1.45,0,1.25,1.08,4.55,0,0,0,14.6,5.24,32.39,0,0,2.94,0,0.14,7.09,0,1.55,70.1,0.38,2.16,3.09,2.99,1.08,3.49,0,0,0,1.22,0,6.14,0.16,24.87,0.98,9.54,108.02,216.71,149.94,1.39,109.15,0.35,0.08,60.48,11.34,1.04,0.56,1.25,14.35,2.82,2019-38,2019,201901,S-23,2864.920859,0.014252620501152,136558.0385615884,94,168,2,54.81,0,53.1,0.8248,0.2438,0,61.00078,-172.16231,64,1.9,4,EBS,9
8.73,0.11,0.19,0.36,0.13,1.65,0,0,0.55,0,33.91,0,0,25.55,0.69,1.11,1.02,5.33,1.12,0,1.33,0,0.68,0.33,8.17,1.29,30.59,23.69,2.28,0.19,0,0,5.32,1.52,0.56,0,0.59,0.53,1.15,0.34,0,0,8.73,2.79,13.24,0,0,1.57,0,0,3.89,0,0.79,41.46,0.26,0,2.65,2.63,0.41,1.32,0,0,0,0.54,0,3.34,0.09,20.53,0.82,4.82,57.21,115.32,91.53,1.6,68.48,0.5,0.11,30.04,5.86,0.75,0.77,1.29,22.3,2.02,2019-39,2019,201901,S-23,2864.920859,0.014252620501152,136558.0385615884,94,168,2,52.41,0,46.9,1.1113,0.1653,0,61.00078,-172.16231,64,1.9,4,EBS,9
18.15,0.19,0.35,0.68,0.04,2.89,0,0,0.67,0,56.13,0,0,52.23,1.27,2.11,1.88,7.59,1.5,0,1.86,0,1.11,0.68,10.67,1.79,41.97,35.73,3.5,0.3,0,0,9.18,1.8,0.89,0,0.74,0.86,2.11,0.59,0,0,12.96,4.36,22.87,0,0,2.45,0,0,5.42,0,1.27,63.18,0.32,2.22,3.59,4.43,0.67,2.95,0,0,0,1.06,0,5.1,0.18,31.79,0.96,8.27,95.41,188.52,141.31,1.48,105.42,0.5,0.09,50.42,10.04,0.93,0.7,1.17,24.79,1.99,2019-40,2019,201901,S-23,2864.920859,0.014252620501152,136558.0385615884,94,168,2,50.19,0,43.6,0.7065,0.1169,0,61.00078,-172.16231,64,1.9,4,EBS,9
12.51,0.49,0.32,1.03,0.08,3.63,0,1.65,0.52,0,62.08,0,0,91.4,1.05,2.96,3.71,5.33,1.72,0,1.78,0,0.94,2.56,14.22,2.49,38.54,48.06,2.11,0.56,0,0,4.65,2.86,1.14,0,2.34,0.4,6.07,0,0,1.5,17.3,4.47,52.88,0,0,3.83,0,0.16,9.58,0,2.3,83.12,0.42,1.79,4.27,3.57,1.06,3.04,0,0,0,2.92,0,8.2,0.04,15.06,0.55,13.58,105.22,269.37,158.71,1.51,117.6,0.18,0.06,84.29,5.05,1.47,0.56,0.8,15.06,5.52,2019-41,2019,201902,V-24,2639.184729,0.01412747210032455,570605.7752409088,94,1,1,75.41,11.19,175,0.8136,0.2258,0,62.00723,-173.08002,58,0.8,7,NBS,10
8.06,0.14,0.23,0.76,0.04,1.64,0,0.75,0.73,0,25.85,0,0,18.19,0.55,1.7,1.83,2.54,1.4,0,1.64,0,0.88,0.87,6.4,0.78,22.56,14.73,1.32,0.27,0,0,1.89,1.02,0.45,0,0,0.34,0.92,0.28,0,0,11.03,3.15,9.6,0,0,1.22,0,0,3.56,0,0.39,23.54,0.25,6.15,2.31,1.4,0.42,3.29,0,0,0,0.54,0,3.36,0.09,7.07,0.7,7.46,49.64,92.96,54.22,1.09,36.5,0.3,0.12,33.64,2.23,0.7,1.21,1.53,19.68,3.33,2019-42,2019,201901,P-30,11606.270524000001,0.0146132749106355,578996.9614437403,94,187,1,84.84,12.83,226.6,0.955,0.2365,0,60.00062,-176.67745,142,1.9,5,EBS,8
1.25,0.03,0.04,0.4,0.22,0.5,0,0,0.15,0,8.62,0,0,5.8,0.19,1.05,1.07,0.86,0.6,0,0.58,0,0.61,0.18,3.04,0,6.88,9.49,0.77,0.25,0,0,0.97,0.62,0.26,0,0.36,0.27,0.32,0.15,0,0.93,4.27,1.54,5.96,0,0,1.04,0,0,3.09,0,0.2,13.74,0.17,2.06,1.68,1.58,0.28,0.97,0,0,0,0.57,0,2.07,0.08,4.25,0.51,3.39,17.18,41.02,32.29,1.88,22.37,0.31,0.13,17.1,1.23,0.67,0.57,0.73,18.02,3.23,2019-43,2019,201901,PO2524,2645.963026,0.00989135557344,125795.09256962893,94,158,1,85.51,14.19,252.1,1.1595,0.1066,0,59.83709,-172.89989,80,2.4,4,EBS,9
2.73,0.07,0.05,0.31,0.06,0.58,0,0,0.15,0,10.04,0,0,6.75,0.21,1.06,1.01,0.96,0.71,0,0.61,0,0.47,0.32,4.25,0,7.05,7.75,0,0,0,0,0.82,0.48,0.25,0,0.37,0.18,0.41,0.15,0,2.32,3.77,0.93,3.06,0,0,0.61,0,0,5,0,0.27,24.64,0.26,0,1.97,1.3,0.17,0.49,0,0,0,0.52,0,2.54,0.12,6.99,0.65,3.17,21.34,33.48,48.57,2.28,37.82,0.28,0.12,11.03,1,0.67,0.47,0.91,16.63,3.53,2019-44,2019,201901,PO2524,2645.963026,0.00989135557344,125795.09256962893,94,158,1,80.65,13.34,203.7,0.9043,0.0744,0,59.83709,-172.89989,80,2.4,4,EBS,9
1.47,0.09,0,0.3,0.17,0.58,0,0,0.11,0,11.27,0,0,6,0.19,1.08,1.06,0.67,0.7,0,0.56,0,0.71,0.22,4.38,0,7.98,7.96,0,0,0,0,0.83,0.46,0.19,0,0.25,0.33,0.36,0.26,0,1.06,2.35,1.28,3.2,0,0,0.82,0,0,5.11,0,0.25,22.04,0.29,0.94,1.24,4.52,0,0.27,0,0,0,0.66,0,2.86,0.12,8.26,0.62,3.31,21.61,36.29,46.18,2.14,35.86,0.37,0.11,13.54,1.16,0.53,0.58,1,16.81,2.67,2019-45,2019,201901,PO2524,2645.963026,0.00989135557344,125795.09256962893,94,158,1,82.32,13.17,203.1,0.8229,0.0603,0,59.83709,-172.89989,80,2.4,4,EBS,9
1.55,0.08,0.08,0.35,0.06,0.56,0,0,0.22,0,11.29,0,0,7.63,0.2,1.44,1.43,1.19,0.74,0,0.77,0,0.06,0.17,5,0.51,12.86,15.35,1.13,0.39,0,0,1.58,0.84,0.36,0,0,0.39,0,0.32,0,0.06,5.29,2.9,10.06,0,0,1.78,0,0,5.07,0,0.29,0,0.4,1.47,2.1,2.68,0.46,1.4,0,0,0.79,1.04,0,3.59,0.14,6.88,0.6,4.07,23.26,63.25,27.02,1.16,11.27,NA,0.1,24.5,1.97,0.68,0.62,0.84,NA,0,2019-46,2019,201901,PO2524,2645.963026,0.00989135557344,125795.09256962893,94,158,1,89.55,14.24,234.2,1.1409,0.0846,0,59.83709,-172.89989,80,2.4,4,EBS,9
1.8,0.05,0.06,0.19,0.14,0.54,0,0,0.09,0,10.27,0,0,8.07,0.18,0.98,1.02,0.76,0.66,0,0.7,0,0.23,0.53,3.39,0,6.19,8.17,0,0.2,0,0,0.77,0.56,0.19,0,0.27,0.22,0.69,0.16,0,0.84,3.02,0.9,3.86,0,0,0.52,0,0,3.21,0,0.26,17.71,0.15,0,0.77,0.78,0.11,0.54,0,0,0,0.59,0,2.13,0.1,5.36,0.44,2.96,19.39,32.63,36.31,1.87,27.42,0.3,0.11,9.32,0.99,0.79,0.6,0.76,11.78,3.31,2019-47,2019,201901,ON2524,2992.870135,0.0147545255114301,151220.62232848714,94,155,1,82.08,11.86,208.5,1.6886,0.164,0,59.50437,-172.88133,94,3,3,EBS,6
5.4,0.22,0.21,0.29,0.03,1.92,0,0.57,0.32,0,29.02,0,0,35.44,0.43,1.13,1.37,2.92,0.97,0,1.07,0,0.69,2.13,6.58,1.3,20.24,15.75,1.05,0.15,0,0,1.78,0.85,0.47,0,1.16,0.36,3.85,0,0,1.22,8.6,3.31,18.68,0,0,1.21,0,0.09,5.45,0,1.18,42.54,0.25,1.95,2.06,1.77,0.7,2.31,0,0,0.02,1.33,0,4.29,0.02,10.87,0.74,5.63,48.18,111.69,86.42,1.79,65.01,0.26,0.1,36.37,2.13,1.22,0.7,1.29,9.19,3.91,2019-48,2019,201902,V-24,2639.184729,0.01412747210032455,570605.7752409088,94,1,2,47.83,0,37.5,0.5121,0.1211,0,62.00723,-173.08002,58,0.8,7,NBS,10
9.66,0.4,0.38,0.49,0.05,3.11,0,0.88,0.32,0,49.9,0,0,61.09,0.62,1.66,1.89,4.03,1.32,0,1.42,0,0.75,3.27,10.72,1.69,35.97,26.25,1.18,0.24,0,0,3.24,1.31,0.73,0,1.7,0.52,5.96,0,0,1.76,12.25,4.38,29.24,0,0,1.92,0,0.1,7.05,0,1.55,59.56,0.32,1.59,3,2.19,0.87,2.93,0,0,0.41,1.64,0,4.73,0.04,12.95,0.75,8.4,80.87,180.85,118.28,1.46,87.77,0.22,0.08,52.66,3.75,1.22,0.62,1.37,10.26,4.6,2019-49,2019,201902,V-24,2639.184729,0.01412747210032455,570605.7752409088,94,1,2,51.55,0,47.7,0.5915,0.1787,0,62.00723,-173.08002,58,0.8,7,NBS,10
12.14,0.3,0.75,0.99,0.06,3.1,0,1.36,0.53,0,61.78,0,0,69.92,0.8,2.32,3.07,4.8,1.57,0,1.77,0,1.17,4.01,12.37,2.32,50.64,33.54,2.04,0.31,0,0,3.43,1.4,0.75,0,1.89,0.64,7.03,0,0,2.56,13.23,5.97,27.61,0,0,1.97,0,0.13,6.94,0,1.51,62.11,0.26,2.91,2.6,2.3,0.92,3.28,0,0,0,1.41,0,6.32,0.04,15.12,0.98,11.44,100.02,215.93,129.04,1.29,96.47,0.24,0.08,54.62,4.08,1.13,0.66,1.51,9.94,4.11,2019-50,2019,201902,V-24,2639.184729,0.01412747210032455,570605.7752409088,94,1,2,51.45,0,43,0.6835,0.1733,0,62.00723,-173.08002,58,0.8,7,NBS,10
11.14,0.38,0.36,0.44,0.04,3.05,0,0.78,0.36,0,50.71,0,0,66.23,0.57,1.51,1.83,4.53,1.15,0,3.91,0,0.14,4.85,9.64,1.31,33.82,23.23,0.88,0.19,0,0,2.23,1.27,0.67,0,1.61,0.43,7.84,0,0,1.58,9.82,3.25,23.15,0,0,1.28,0,0.09,5.85,0,1.53,56.26,0.25,1.49,2.35,1.92,0.69,2.2,0,0,0,1.26,0,3.99,0.03,10.65,0.88,8.01,81.41,169.44,112.77,1.39,82.43,0.19,0.1,41.98,2.66,1.31,0.86,1.46,8.45,5.28,2019-51,2019,201902,V-24,2639.184729,0.01412747210032455,570605.7752409088,94,1,2,49.08,0,39.6,0.4733,0.1323,0,62.00723,-173.08002,58,0.8,7,NBS,10
6.19,0.14,0.12,0.28,0.02,1.6,0,0,0.12,0,22.21,0,0,23.27,0.36,1.02,1.13,1.21,0.88,0,1.1,0,0.93,0.55,5.63,1.18,16.72,15.7,1.2,0.18,0,0,4.31,0.53,0.62,0,0.56,0.39,1.64,0.36,0,0.28,8.6,3.17,17.74,0,0,1.79,0,0.07,5.3,0,0.63,33.03,0.26,1.27,1.67,1.44,0.43,1.55,0,0,0,1.25,0,3.86,0.02,13.62,0.73,4.17,39.57,93.35,73.94,1.87,54.38,0.41,0.08,33.89,4.69,1.05,0.44,1.07,14.23,2.42,2019-52,2019,201902,V-24,2639.184729,0.01412747210032455,570605.7752409088,94,1,2,48.59,0,38.4,0.5756,0.1024,0,62.00723,-173.08002,58,0.8,7,NBS,10
10.67,0.39,0.4,0.44,0.05,3.09,0,0.89,0.2,0,62.37,0,0,70.57,0.65,1.79,1.83,3.65,1.19,0,1.68,0,0.4,3.02,9.97,1.42,40.09,23.89,1.45,0.2,0,0,2.73,1.13,0.61,0,1.5,0.49,5.71,0,0,2.44,10.83,3.49,25.95,0,0,1.44,0,0.08,6.93,0,1.84,64.87,0.31,1.62,3.53,4.02,0.77,2.05,0,0,0.47,1.46,0,4.82,0.05,16.4,0.9,8.29,93.31,189.02,124.42,1.33,96.98,0.25,0.06,49.44,3.22,1.13,0.6,1.68,12.36,3.96,2019-53,2019,201902,V-24,2639.184729,0.01412747210032455,570605.7752409088,94,1,2,43.24,0,28,0.6297,0.2076,0,62.00723,-173.08002,58,0.8,7,NBS,10
10.61,0.26,0.32,0.36,0.03,2.38,0,0.73,0.13,0,40.43,0,0,46.41,0.51,1.43,1.36,1.91,0.86,0,1.84,0,0.45,1.29,8.68,0.95,30.93,20.32,1.18,0.21,0,0,5.2,0.61,0.91,0,0.89,0.48,3.4,0.48,0,1.35,9.17,3.8,20.93,0,0,1.82,0,0.07,5.9,0,1.24,42.22,0.25,1.52,1.82,1.48,0.6,1.75,0,0,0,1,0,4.1,0.03,12.56,0.7,6.44,67.62,140.23,90.01,1.33,65.8,0.3,0.06,38.72,5.68,1.15,0.41,1.52,13.66,3.36,2019-54,2019,201902,V-24,2639.184729,0.01412747210032455,570605.7752409088,94,1,2,49.9,0,39.3,0.5319,0.1521,0,62.00723,-173.08002,58,0.8,7,NBS,10
10.38,0.35,0.33,0.39,0.06,2.69,0,0.75,0.1,0,51.85,0,0,51.37,0.49,1.5,1.33,2.26,1.14,0,1.21,0,1.17,1.67,10.86,0.96,38.55,23.23,1.16,0.25,0,0,4.06,0.75,0.8,0,0.93,0.37,4.15,0.44,0,0.79,9.54,4.94,25.01,0,0,1.62,0,0.06,5.11,0,1.17,42.78,0.23,1.58,2.95,2.76,0.45,1.26,0,0,0.66,1.09,0,3.71,0.04,12.38,0.58,6.83,81.75,163.69,88.8,1.09,66.52,0.29,0.06,46.78,4.43,0.99,0.51,1.66,12.38,3.45,2019-55,2019,201902,V-24,2639.184729,0.01412747210032455,570605.7752409088,94,1,2,48.16,0,38.9,0.5616,0.2141,0,62.00723,-173.08002,58,0.8,7,NBS,10
11.13,0.3,0.32,0.47,0.03,2.59,0,0.86,0.22,0,38.38,0,0,48.05,0.57,1.51,1.88,2.73,1.02,0,2.14,0,0.05,1.48,8.26,1.3,26.65,21.37,1.44,0.2,0,0,5.89,0.84,0.97,0,1.15,0.57,3.68,0.55,0,1.17,11.39,1.86,27.31,0,0,2.24,0,0.08,6.11,0,1.21,50.04,0.27,1.12,2.42,1.57,0.75,2.14,0,0,0.3,1.21,0,4.84,0.03,14.55,0.75,7.56,67.04,146.32,104.62,1.56,76.11,0.29,0.07,45.67,6.46,1.25,0.43,1.25,13.07,3.44,2019-56,2019,201902,V-24,2639.184729,0.01412747210032455,570605.7752409088,94,1,2,50.22,0,40.1,0.6405,0.13,0,62.00723,-173.08002,58,0.8,7,NBS,10
NA,NA,NA,NA,NA,NA,NA,NA,NA,NA,NA,NA,NA,NA,NA,NA,NA,NA,NA,NA,NA,NA,NA,NA,NA,NA,NA,NA,NA,NA,NA,NA,NA,NA,NA,NA,NA,NA,NA,NA,NA,NA,NA,NA,NA,NA,NA,NA,NA,NA,NA,NA,NA,NA,NA,NA,NA,NA,NA,NA,NA,NA,NA,NA,NA,NA,NA,NA,NA,NA,NA,NA,NA,NA,NA,NA,NA,NA,NA,NA,NA,NA,NA,NA,2019-57,2019,201902,V-24,2639.184729,0.01412747210032455,570605.7752409088,94,1,2,52.24,0,44.8,0.5479,0.1462,0,62.00723,-173.08002,58,0.8,7,NBS,10
11.19,0.36,0.33,0.33,0.04,2.79,0,0.69,0.22,0,57.12,0,0,64.12,0.58,1.42,1.59,3.99,1.17,0,1.41,0,0.48,3.23,11.69,1.58,40.31,26.41,1.58,0.24,0,0,3.2,1.17,0.72,0,1.52,0.5,7.2,0,0,0.91,11.67,4.24,28.79,0,0,1.46,0,0.07,6.85,0,1.65,68.85,0.24,1.58,2.1,1.66,0.63,2.16,0,0,0,1.46,0,5.4,0.04,19.52,0.96,7.09,88.97,186.14,132.3,1.49,104.51,0.28,0.07,50.04,3.7,1.12,0.6,1.53,8.91,3.53,2019-58,2019,201902,V-24,2639.184729,0.01412747210032455,570605.7752409088,94,1,2,42.88,0,24.8,0.5981,0.1333,0,62.00723,-173.08002,58,0.8,7,NBS,10
8.27,0.5,0.27,0.39,0.04,2.32,0,0,0.26,0,39,0,0,52.65,0.55,1.49,1.54,3.17,0.88,0,0.92,0,1.18,2.15,9.25,1.34,26.54,21.39,1.1,0.21,0,0,3.38,1.03,0.74,0,1.14,0.46,5.02,0.54,0,0.88,10.61,2.32,30.7,0,0,1.73,0,0.06,6.11,0,1.51,57.68,0.26,1.58,2.84,1.78,0.58,1.66,0,0,0.32,1.54,0,4.88,0.04,13.35,0.8,6.03,64.29,154.66,109.98,1.71,84.97,0.23,0.07,49.82,3.84,1.35,0.56,1.24,10.48,4.32,2019-59,2019,201902,V-24,2639.184729,0.01412747210032455,570605.7752409088,94,1,2,51.3,0,45.1,0.5809,0.1474,0,62.00723,-173.08002,58,0.8,7,NBS,10
16.21,0.48,0.51,0.53,0.1,3.41,0,1.01,0.27,0,62.6,0,0,73.22,0.75,2,1.96,4.36,1.28,0,1.33,0,1.19,3.6,13.67,1.47,42.04,29.07,1.59,0.29,0,0,5.66,1.26,1.15,0,1.62,0.62,6.89,0,0,0,13.52,5.95,33.05,0,0,2.35,0,0.12,7.55,0,1.63,65.88,0.32,2.49,3.66,2.36,0.8,2.43,0,0,0.4,1.79,0,5.41,0.11,15.53,1.12,9.27,104.06,211.09,131.43,1.26,97.13,0.24,0.07,61.03,6.29,1.17,0.61,1.45,10.63,4.24,2019-60,2019,201902,V-24,2639.184729,0.01412747210032455,570605.7752409088,94,1,2,56.04,0,56.1,0.784,0.2323,0,62.00723,-173.08002,58,0.8,7,NBS,10
7.96,0.25,0.26,0.26,0.03,1.65,0,0,0.14,0,30.7,0,0,42.01,0.42,0.96,1.04,2.6,0.65,0,2.21,0.17,0.9,2.57,5.62,1.12,19.73,14.58,0.87,0.13,0,0,1.92,0.82,0.48,0,1.12,0.29,4.54,0,0,0,6.65,2.32,15.4,0,0,1.15,0,0,3.93,0,1.07,42.26,0.15,1.13,1.71,1.72,0.3,1.16,0,0,0,0.66,0,2.63,0.07,8.87,0.76,4.25,49.48,108.98,79.48,1.61,60.55,0.21,0.1,28.92,2.21,1.37,0.9,1.35,9.25,4.77,2019-61,2019,201902,V-24,2639.184729,0.01412747210032455,570605.7752409088,94,1,2,51.76,0,44.5,0.5409,0.1504,0,62.00723,-173.08002,58,0.8,7,NBS,10
10.45,0.27,0.51,0.66,0.05,2.85,0,0.79,0.23,0,54.82,0,0,63.39,0.61,1.82,1.94,3.52,1.43,0,3.64,0,0.3,2.4,9.75,1.33,57.22,32.99,1.48,0.29,0,0,2.77,1.61,0.76,0,1.14,0.71,4.64,0.63,0,0,11.42,5.2,24.05,0,0,1.59,0,0,8.23,0,1.26,56.3,0.27,1.87,3.58,3.34,1,2.97,0,0,0,2.06,0,4.76,0.06,15.67,0.94,8.32,85.37,208.21,115.96,1.36,83.65,0.28,0.08,49.45,3.48,1.16,0.8,1.73,13.65,3.59,2019-62,2019,201902,W-27,193.027395,0.01495924640185965,67622.14170589813,162,1,2,53.71,0,47.3,0.5562,0.1544,0,62.31661,-175.31904,80,0.2,7,NBS,10
1.06,0.04,0,0.31,0.17,0.54,0,0,0.23,0,12.72,0,0,6.18,0.2,1.62,1.55,0.85,0.92,0,0.65,0,0.81,0.1,4.89,0,9.01,10.9,0,0.32,0,0,1.1,0.49,0.21,0,0,0.24,0.22,0.15,0,0.67,1.75,1.34,2.56,0,0,0.94,0,0,6.47,0,0.27,29.17,0.24,0,0.84,0.98,0.07,0.27,0,0,0,0.74,0,4.43,0.13,9.53,0.58,4.43,24.43,34.68,57.38,2.35,45.35,0.33,0.11,7.48,1.34,0.49,0.78,0.83,27.64,3.06,2019-63,2019,201901,PO2524,2645.963026,0.00989135557344,125795.09256962893,94,158,1,83.08,12.47,215.5,2.1214,0.1237,0,59.83709,-172.89989,80,2.4,4,EBS,9
5.7,0.2,0.25,0.66,0.04,1.98,0,0,0.17,0,31.28,0,0,39.84,0.52,1.66,2.05,2.67,1.27,0,2.3,0,0.8,1.23,7.47,1.31,25.8,23.74,1.26,0.26,0,0,2.32,1.5,0.65,0,0.99,0.55,2.91,0.49,0,0.92,10.02,2.68,25.64,0,0,1.89,0,0.1,6.18,0,1.02,41.34,0.27,1.83,3.93,2.54,0.71,3.3,0,0,0,1.21,0,4.82,0.1,9.74,0.72,6.56,52.95,140.35,87.54,1.65,62.1,0.24,0.09,46.65,2.86,1.27,0.68,1.09,13.68,4.25,2019-64,2019,201902,W-27,193.027395,0.01495924640185965,67622.14170589813,162,1,1,88.23,15.43,247.8,0.9601,0.2007,0,62.31661,-175.31904,80,0.2,7,NBS,10
14.2,0.19,0.47,1.24,0.08,2.23,0,0,0.25,0,57.19,0,0,28.47,0.78,3.27,2.08,2.52,1.79,0,2.09,0,1.11,0.07,16.04,1.41,57,25.6,3.2,0.55,0,0,3.61,0.64,0.65,1.43,0,0.91,0.87,0.57,1.62,1.09,26.02,10.27,16.3,0,0,3.98,0,0,4.97,0,0.6,23.02,0.45,15.79,6.29,3.63,2.18,2.43,0,0,0.09,0.85,0.09,4.47,0.19,14.04,2.6,9.15,102.25,198.38,70.87,0.69,46.19,0.61,0.06,78.29,4.52,0.5,0.69,2.23,32.9,1.64,2019-65,2019,201901,O-31,908.246803,0.0133047665657412,526.1272315761246,162,178,2,74.64,0,135.1,0.9321,0.3187,0,59.65589,-177.1321,176,3.3,5,EBS,8
NA,NA,NA,NA,NA,NA,NA,NA,NA,NA,NA,NA,NA,NA,NA,NA,NA,NA,NA,NA,NA,NA,NA,NA,NA,NA,NA,NA,NA,NA,NA,NA,NA,NA,NA,NA,NA,NA,NA,NA,NA,NA,NA,NA,NA,NA,NA,NA,NA,NA,NA,NA,NA,NA,NA,NA,NA,NA,NA,NA,NA,NA,NA,NA,NA,NA,NA,NA,NA,NA,NA,NA,NA,NA,NA,NA,NA,NA,NA,NA,NA,NA,NA,NA,2019-66,2019,201901,O-31,908.246803,0.0133047665657412,526.1272315761246,162,178,2,78.67,0,145.7,0.9085,0.1495,0,59.65589,-177.1321,176,3.3,5,EBS,8
10.48,0.12,0.29,0.57,0.07,1.72,0,0,0.26,0,38.37,0,4.24,16.35,0.59,2.32,1.19,2.44,1.4,0,1.6,0.05,2.95,0.28,11.9,1.21,43.58,16.32,2.25,0.36,0,0,5.33,0.45,0.52,0.43,0,1.76,1.38,0.55,0,0.56,13.98,6.89,9.7,0,0,3.02,0,0,5.6,0,0.76,30.17,0.27,8.17,4.47,3.53,1.68,1.21,0,0,0,0.89,0,5.79,0.09,20.32,1.24,6.18,69.18,133.22,87.26,1.26,63.7,0.67,0.11,46.73,7.09,0.43,0.69,2.67,11.82,1.49,2019-67,2019,201901,O-31,908.246803,0.0133047665657412,526.1272315761246,162,178,2,78.89,0,141.2,1.6331,0.3145,0,59.65589,-177.1321,176,3.3,5,EBS,8
3.2,0.04,0.08,0.14,0.02,0.44,0,0,0.08,0,10.03,0,1.23,3.57,0.13,0.58,0.3,0.66,0.34,0,0.36,0,0.06,0.11,3.6,0.24,10.81,3.96,0.51,0.1,0,0,1.31,0.12,0.14,0.11,0,0.45,0.42,0.07,0.38,0.05,4.63,2.05,2.72,0,0,0.88,0,0.04,1.54,0,0.24,9.29,0.09,2.9,1.59,0.65,0.45,0.36,0,0,0,0.22,0,1.69,0.03,6.32,0.56,1.56,19.43,35.73,24.75,1.27,18.53,0.68,0.07,14.53,1.76,0.36,0.47,2.73,8.56,1.47,2019-68,2019,201901,O-31,908.246803,0.0133047665657412,526.1272315761246,162,178,2,75.07,0,127.1,0.7911,0.2033,0,59.65589,-177.1321,176,3.3,5,EBS,8
9.13,0.22,0.46,0.91,0.06,2.23,0,1.07,0.21,0,48.39,0,0,56.77,0.6,1.97,2.48,2.93,1.18,0,2.72,0,1.07,1.44,8.68,2.43,54.44,28.18,1.64,0.31,0,0,2.79,0.95,0.61,0,1.1,0.5,3.07,0.7,0,0.99,12.01,4.5,19.8,0,0,1.47,0,0.12,7.14,0,0.92,49.2,0.28,1.89,2.4,2.43,0.77,3.07,0,0,0,1.64,0,4.7,0.06,14.88,0.9,8.94,77,188.74,102.66,1.33,75.33,0.3,0.07,43.02,3.29,1.17,0.76,1.93,18.51,3.31,2019-69,2019,201902,W-27,193.027395,0.01495924640185965,67622.14170589813,162,1,2,53.76,0,49.4,0.8057,0.2021,0,62.31661,-175.31904,80,0.2,7,NBS,10
17.12,0.04,0.35,0.48,0.05,0.88,0,0,0.71,0,30.81,0,2.95,9.99,0.51,1.28,0.69,2.39,0.6,0,0.75,0,0.62,0.79,7.28,0.19,28.17,8.17,2.62,0,0,0,2.53,0.67,0.33,0.35,0.28,0.86,1.36,0.27,0,2.03,40.53,10.22,3.9,0,0,2.37,0,0.12,5.17,0,1.17,32.74,0.41,38.93,7.64,3.19,0,0.21,0,0,0,1.49,0,5.02,0.12,27.08,3.52,4.09,60.94,160.89,88.15,1.45,70.89,0.83,0.09,104.41,3.4,0.32,0.55,3.45,7.35,1.21,2019-70,2019,201901,P-32,15264.770331,0.0128599786060482,388.803135150508,162,180,1,65.21,NA,82.6,0.9008,0.145,NA,60.00657,-177.89505,141,2.7,5,EBS,8
24.34,0.16,0.52,0.84,0.1,1.39,0,0,0.85,0,53.39,0,0,25.44,0.79,1.98,1.15,3.53,0.97,0,1.64,0,1.02,1.4,13.12,0.33,59.65,18.07,3.03,0.38,0,0,3.49,0.81,0.53,0.4,0.43,1.17,2.43,0,1.5,1.11,36.62,14.12,6,0,0,2.15,0,0,4.71,0,1.75,37.56,0.54,30.68,8.86,2.16,0.32,0.33,0,0,0.74,0.8,0,6.72,0.1,28.02,2.97,6.31,100.85,209.62,100.68,1,79.79,0.75,0.09,98.42,4.67,0.48,0.76,3.3,10.49,1.34,2019-71,2019,201901,P-32,15264.770331,0.0128599786060482,388.803135150508,162,180,2,72.8,0,114.7,0.8023,0.243,0,60.00657,-177.89505,141,2.7,5,EBS,8
8.72,0.16,0.44,0.82,0.05,2.25,0,1,0.18,0,42.48,0,0,47.54,0.55,1.84,2.29,2.68,1.18,0,2.8,0,0.97,1.48,8.28,1.36,43.09,27.69,1.54,0.25,0,0,2.48,1.03,0.58,0,0.95,0.46,2.91,0.66,0,1.11,11.36,2.01,22.53,0,0,1.39,0,0.11,6.71,0.03,1.08,42.9,0.33,1.71,2.84,2.63,0.69,2.55,0,0,0,1.99,0,5.19,0.03,13.03,1.02,8.43,69.72,166.55,93.67,1.34,67.69,0.3,0.08,43.07,2.94,1.12,0.78,1.56,16.35,3.29,2019-72,2019,201902,W-27,193.027395,0.01495924640185965,67622.14170589813,162,1,2,56.01,0,55.1,0.656,0.1419,0,62.31661,-175.31904,80,0.2,7,NBS,10
12.43,0.25,0.61,1.2,0.07,3.54,0,0,0.25,0,80.38,0,0,79.53,0.87,2.94,3.49,3.93,1.72,0,4.35,0,1.38,1.95,13.88,2.5,78.44,41.83,2.42,0.45,0,0,3.95,2,0.86,0,0,0.93,3.41,1.15,0,3.21,17.14,6.73,31.77,0,0,2.44,0,0.17,8.91,0,1.12,54.45,0.49,2.74,5.46,11.84,1.31,4.19,0,0,1.27,2.11,0,6.19,0.06,16.69,1.3,11.5,120.87,283.63,125.79,1.04,87.37,0.31,0.07,75.66,4.88,0.99,0.75,1.88,23.35,3.26,2019-73,2019,201902,W-27,193.027395,0.01495924640185965,67622.14170589813,162,1,2,54.33,0,49.3,0.5676,0.1383,0,62.31661,-175.31904,80,0.2,7,NBS,10
11.49,0.41,0.54,0.72,0.05,3,0,0,0.13,0,57.78,0,0,71.61,0.64,2,2.12,2.79,1.33,0,3.08,0,1.21,1.59,10.62,2.14,56.47,33.3,1.67,0.31,0,0,2.73,1.14,0.65,0,1.29,0.64,3.24,0.69,0,1.18,13.11,5.65,30.4,0,0,2.1,0,0.14,8.99,0,1.51,61.12,0.3,1.75,2.62,2.49,0.7,2.61,0,0,0,1.72,0,5.69,0.05,16.73,0.86,8.02,90.15,223.57,121.39,1.35,91.32,0.27,0.06,56.02,3.37,1.24,0.75,1.7,22.08,3.65,2019-74,2019,201902,W-27,193.027395,0.01495924640185965,67622.14170589813,162,1,2,57.59,0,51.8,0.6704,0.202,0,62.31661,-175.31904,80,0.2,7,NBS,10
8.95,0.22,0.28,0.84,0.11,1.64,0,1.05,0.36,0,43.95,0,0,43.57,0.64,2.87,2.39,3.52,1.31,0,1.31,0,1.19,2.24,9.41,1.77,34.76,27.14,2.42,0.53,0,0,2.63,1.64,0.57,0.32,0.94,0.55,3.48,0.47,0,1.21,8.59,4.83,13.8,0,0,1.42,0,0.13,5.69,0,1.25,51.5,0.25,2.18,2.62,4.11,1.03,2.5,0,0,0,1.11,0,6.81,0.12,15.37,0.7,9.26,73.92,147.95,106.44,1.44,81.37,0.3,0.09,36.14,3.19,0.99,0.72,1.28,12.53,3.35,2019-75,2019,201902,FF-01,9239.658067,0.01325117993467125,45227.542223006465,162,17,2,44.07,0,30.5,0.5572,0.1546,0,65.33502,-168.38779,53,3.9,9,NBS,13
14.75,0.32,0.43,1.42,0.17,2.45,0,0,0.86,0,59.42,0,0,60.15,0.88,4.22,3.07,5.24,2.19,0,1.91,0,1.83,2.7,14.03,3.45,43.91,45.78,2.77,0.93,0,0,4.39,2.66,0.98,0,1.5,0.58,4.93,0.68,0,4.01,14.51,6.84,26.01,0,0,2.3,0,0,5.34,0,1.15,46.31,0.38,2.37,3.61,4.83,1.47,4.98,0,0,0,0.93,0,5.21,0.21,12.75,1.14,12.19,103.49,217.61,111.85,1.08,76.77,0.28,0.09,58.18,4.97,1.01,0.59,0.96,12.2,3.63,2019-76,2019,201902,FF-01,9239.658067,0.01325117993467125,45227.542223006465,162,17,2,43.64,0,26.2,0.5437,0.1287,0,65.33502,-168.38779,53,3.9,9,NBS,13
6.6,0.11,0.23,0.89,0.1,1.2,0,0.96,0.47,0,34.97,0,0,35.33,0.48,2.44,2.18,3.25,0.85,0,1.12,0,1.16,1.94,7.85,1.46,29.46,21.02,1.93,0.47,0,0,2.09,0.86,0.67,0,1.26,0.39,2.59,0.48,0,0.41,7.22,4.3,11.42,0,0,1.55,0,0.15,6.48,0,0.82,44.07,0.3,2.08,2.43,3.04,1.19,2.23,0,0,0,0.97,0.22,6.25,0.13,16.88,0.91,8.24,59.19,121.78,96.9,1.64,72.79,0.38,0.1,30.48,2.48,1.01,0.85,1.4,13.63,2.61,2019-77,2019,201902,FF-01,9239.658067,0.01325117993467125,45227.542223006465,162,17,2,43.2,0,24,0.641,0.1609,0,65.33502,-168.38779,53,3.9,9,NBS,13
14.3,0.28,0.45,1.08,0.12,1.54,0,0,1.41,0,47.39,0,0,35.97,0.73,2.72,2.49,6.24,1.17,0,3.15,0,1.6,5.09,10.78,1.33,36.18,25.23,2.22,0.55,0,0,2.27,2.36,0.51,0,1.31,0.36,3.62,0,0,2.68,12.5,5.71,14.55,0,0,1.26,0,0.12,3.58,0,1.02,58.7,0.42,7.54,4.08,3.32,1.08,2.8,0,0,0,0.9,0,5.47,0.09,17.15,1.27,9.35,83.91,151.62,121.16,1.44,90.61,0.29,0.16,47.7,2.63,0.76,1.23,1.43,9.93,3.42,2019-78,2019,201902,EE-19,4748.732927,0.01291385679046815,169244.79460026347,162,19,2,57.31,0,63.6,0.7926,0.2051,0,65.01169,-169.90252,50,2.8,9,NBS,13
12.75,0.36,0.29,0.96,0.14,1.41,0,0.96,1.03,0,49.7,0,0,44.41,0.67,2.86,2.5,10.32,1.05,0,4.73,0.23,1.18,10.61,12.31,1.44,43.25,31.99,2.23,0.72,0,0,2.79,2.98,0.69,0,1.93,0.53,6.72,0,0,0,8.07,6.55,16.61,0,0,1.4,0,0.07,4.44,0,2.45,101.37,0.38,1.44,2.43,3.36,0.81,1.92,0,0,0.26,1.47,0,6.48,0.09,22.92,0.31,10.08,86.57,164.01,185.98,2.15,141.65,0.23,0.22,38.47,3.32,0.89,1.72,1.35,6.6,4.42,2019-79,2019,201902,EE-19,4748.732927,0.01291385679046815,169244.79460026347,162,19,2,47.46,0,36.8,0.5494,0.1936,0,65.01169,-169.90252,50,2.8,9,NBS,13
13.35,0.37,0.46,0.73,0.11,1.5,0,1.15,0.88,0,54.5,0,0,43.44,0.69,2.86,2.51,9.51,1.3,0,5.08,0.2,1.62,11.65,12.9,1.88,51.46,34.6,2.23,0.65,0.09,0,2.92,2.74,0.78,0,2.06,0.45,6.19,0,0,0.42,10.77,9.41,18.26,0,0,2.21,0,0.2,4.88,0,2.1,93.98,0.52,3.84,3.32,3.57,2.05,2.31,0,0,0,1.5,0,7.08,0.02,22.07,1.43,9.94,92.9,186.2,181.67,1.96,133.9,0.23,0.22,49.17,3.36,0.8,1.78,1.49,7.02,4.26,2019-80,2019,201902,EE-19,4748.732927,0.01291385679046815,169244.79460026347,162,19,2,57.93,0,67.8,0.5286,0.197,0,65.01169,-169.90252,50,2.8,9,NBS,13
5.53,0.16,0.08,0.27,0.04,0.58,0,0,0.58,0,18.74,0,0,15.98,0.23,0.77,0.25,5.68,0.45,0,1.37,0.15,0.69,2.31,4.46,0.52,13.62,13.18,0,0,0,0,0.77,1.05,0.27,0,0.58,0.2,1.68,0,0,0,1.95,2.55,5.55,0,0,0.57,0,0,1.58,0,0.9,31.31,0.21,0,2.01,2.33,0.2,0.42,0,0,0.29,0.38,0,1.35,0.07,6.03,0.42,2.63,32.09,58.56,57.63,1.8,42.16,0.19,0.22,14.39,0.98,0.85,2.21,1.03,9.52,5.19,2019-81,2019,201902,EE-19,4748.732927,0.01291385679046815,169244.79460026347,162,19,2,46.03,0,33.6,0.4592,0.0888,0,65.01169,-169.90252,50,2.8,9,NBS,13
19.67,0.88,0.47,1.23,0.19,1.57,0,0.1,0.89,0,86.82,0,0,60.21,0.83,2.54,0.59,14.07,1.15,0,3.7,0.21,0.94,7.01,18.72,2.23,76.26,42.97,2.41,0,0,0,2.59,2.26,0.56,0,1.39,0.45,2.63,0,1.35,0,9.71,9.72,17.16,0,0,1.19,0,0,1.81,0,0.87,30.82,0.41,1.6,3.87,4.23,0.88,1.43,0,0,0.47,0.41,0,2.12,0.07,6.05,0.85,7.32,136.18,232.73,81.68,0.6,43.89,0.2,0.15,46.29,3.04,0.69,2.6,1.77,22.86,5.09,2019-82,2019,201902,EE-19,4748.732927,0.01291385679046815,169244.79460026347,162,19,2,44.15,0,27.6,0.4421,0.191,0,65.01169,-169.90252,50,2.8,9,NBS,13
16.2,0.42,0.27,0.86,0.13,2.12,0,0,1.05,0,64.49,0,0,54.22,0.84,2.78,1.94,10.2,1.56,0,3.76,0,1.62,5.55,14.5,2.37,48.61,41.57,2.87,0.72,0,0,2.82,3.32,0.69,0,1.87,0.54,4.9,0,1.77,0,10.84,8.28,24.32,0,0,1.73,0,0.11,4.81,0,2.14,83.43,0.52,2.05,2.78,3.67,1.04,3.36,0,0,0.18,1.39,0,5.27,0.03,20.28,0.35,8.88,108.47,203.75,158.92,1.47,118.18,0.24,0.15,51.93,3.37,0.84,1.49,1.17,11.06,4.11,2019-83,2019,201902,EE-19,4748.732927,0.01291385679046815,169244.79460026347,162,19,2,48.28,0,37.1,0.6682,0.1779,0,65.01169,-169.90252,50,2.8,9,NBS,13
5.73,0.08,0.09,0.43,0.04,0.78,0,0,0.72,0,21.9,0,0,14.81,0.47,1.69,1.58,6.38,0.8,0,0.46,0,1.11,2.04,5.99,0,14.46,13.81,0,0,0,0,1.24,1.38,0.28,0,0.78,0.28,1.38,0,0,0,7.13,3.32,11.2,0,0,1.31,0,0,3.04,0,0.66,41.46,0.27,0,2.45,2.72,0.79,2.2,0,0,0,0.69,0,6.75,0,12.88,0.67,5.26,40.03,71.15,85.13,2.13,64.53,0.31,0.21,26.83,1.52,0.68,1.87,1.05,10.75,3.22,2019-84,2019,201902,EE-19,4748.732927,0.01291385679046815,169244.79460026347,162,19,2,40.82,0,22.9,0.8721,0.133,0,65.01169,-169.90252,50,2.8,9,NBS,13
16.44,0.32,0.29,1.14,0.14,1.65,0,0,1.08,0,57.7,0,0,50.44,0.97,2.66,2.58,12.41,1.17,0,4.85,0.34,1.75,9.23,11.55,1.59,49.32,39.32,4.05,0.7,0,0,3.22,3.84,0.84,0,2.33,0.59,7.34,0,0,0.12,9.67,7.66,19.67,0,0,2.04,0,0.17,5.86,0,3.15,125.82,0.67,2.31,3.25,5.38,1.01,2.69,0.21,0,0.27,1.81,0,7.82,0.03,31.28,1.8,9.58,97.3,196.76,228.49,2.35,178.09,0.25,0.21,47.94,3.81,0.87,1.54,1.25,6.87,4.02,2019-85,2019,201902,EE-19,4748.732927,0.01291385679046815,169244.79460026347,162,19,2,45.46,0,31.1,0.6836,0.1618,0,65.01169,-169.90252,50,2.8,9,NBS,13
8.43,0.23,0.43,0.91,0.08,1.19,0,0,0.64,0,33.53,0,0,31.27,0.59,2.44,2.13,7.34,0.87,0,2.89,0.26,1.34,4.88,8.28,0.99,21.69,22.1,0.14,0.5,0,0,1.87,1.82,0.55,0,1.14,0.41,3.48,0,0,0,3.79,2.89,8.92,0,0,1.01,0,0.06,4.15,0,1.35,72.03,0.28,0.96,1.99,3.55,0.15,0.64,0,0,0.38,0.83,0,3.33,0.03,15.24,0.61,7.67,59.1,100.67,124.82,2.11,97.18,0.21,0.2,22.11,2.27,0.93,1.78,0.98,8.98,4.73,2019-86,2019,201902,EE-19,4748.732927,0.01291385679046815,169244.79460026347,162,19,2,38.37,0,21.9,0.4464,0.0949,0,65.01169,-169.90252,50,2.8,9,NBS,13
11.89,0.31,0.3,1.25,0.15,1.45,0,1.11,1.52,0,44.75,0,0,41.27,0.82,3.45,3.11,9.8,1.16,0,4.5,0.27,1.16,9.83,10.5,1.77,40.13,33.04,2.66,0.76,0,0,2.81,3.12,0.7,0,2,0.57,5.89,0,0,0.03,8.56,6.06,17.92,0,0,1.72,0,0.09,4.45,0,2.26,97.51,0.36,1.51,2.72,3.54,0.81,2.9,0,0,0.72,1.42,0,7.99,0.11,24.16,0.9,12.31,81.22,162.22,184.37,2.27,139.58,0.25,0.23,40.31,3.37,0.92,1.67,1.21,7,4.04,2019-87,2019,201902,EE-19,4748.732927,0.01291385679046815,169244.79460026347,162,19,2,47.75,0,35.3,0.7684,0.2007,0,65.01169,-169.90252,50,2.8,9,NBS,13
13.63,0.37,0.3,0.82,0.12,1.44,0,0,0.77,0,49.06,0,0,39.09,0.74,2.37,1.7,9.25,1.01,0,3.33,0.25,1.16,6.01,10.7,1.33,33.18,29.84,2.38,0.5,0,0,1.87,2.41,0.57,0,1.51,0.41,3.75,0,0.87,0,6.89,5.36,14.27,0,0,1.13,0,0.09,2.84,0,1.5,53.89,0.45,1.62,3.61,4.02,0.58,1.54,0,0,0.81,0.87,0,3.41,0.12,10.95,0.79,7.46,83.52,144.17,107.77,1.29,75.06,0.2,0.18,35.78,2.28,0.8,1.88,1.11,10.43,4.92,2019-88,2019,201902,EE-19,4748.732927,0.01291385679046815,169244.79460026347,162,19,2,45.15,0,30.1,0.7718,0.2152,0,65.01169,-169.90252,50,2.8,9,NBS,13
12.1,0.22,0.24,0.58,0.09,1.26,0,0.54,0.68,0,48.13,0,0,35.87,0.51,1.93,1.11,7.94,0.92,0,3.8,0.18,1.04,8.17,9.57,1.23,34.12,27.66,1.96,0.49,0,0,2.03,2.46,0.61,0,1.46,0.43,5.54,0,0,0.36,7.1,5.16,14.03,0,0,1.15,0,0.08,3.97,0,2.04,88.41,0.38,2.1,1.92,3.45,0.53,1.94,0,0,0,1.22,0,4.71,0.07,21.11,0.72,6.37,77.67,136.76,158.9,2.05,123.64,0.24,0.2,33.76,2.45,0.75,1.63,1.23,6.47,4.19,2019-89,2019,201902,EE-19,4748.732927,0.01291385679046815,169244.79460026347,162,19,2,41.52,0,23.8,0.4827,0.1461,0,65.01169,-169.90252,50,2.8,9,NBS,13
14.3,0.27,0.59,0.74,0.13,1.34,0,0.84,2.57,0,43.57,0,0,37.67,0.74,2.41,1.85,6.56,0.93,0,1.17,0,1.01,1.8,8.24,1.6,41.36,32.99,2.62,0.59,0,0,2.51,1.82,0.51,0.37,0.99,0.55,2.45,0,0,0,16.64,7.23,11.09,0,0,1.7,0,0.1,3.81,0,1.53,50.68,0.35,11.76,5.35,2.27,0.84,1.25,0,0,0,0.92,0,8.42,0.09,22.24,1.86,9.88,78.12,174.37,110.77,1.42,86.87,0.44,0.11,54.34,3.06,0.86,1.19,1.25,15.36,2.28,2019-90,2019,201902,AA-23,622.978541,0.014365230067056,72158.1335740092,162,42,2,44.92,0,29.4,0.6171,0.1303,0,63.6616,-172.72117,56,0.3,8,NBS,12
13.11,0.17,0.38,0.71,0.09,2.06,0,0,0.89,0,51.87,0,0,42.31,0.82,2.75,1.81,4.55,1.21,0,1.36,0,1.25,1.96,10.4,1.15,46.33,30.62,2.81,0.63,0,0,2.81,1.45,0.69,0,1.33,0.71,3.4,0.42,1.43,0,14.11,7.86,18.11,0,0,2.47,0,0.2,6.49,0,1.39,58.22,0.39,8.34,3.88,3.14,0.88,2.47,0,0,0.33,1.92,0.02,6.4,0.14,38.85,1.93,8.3,87.24,182.43,139.35,1.6,110.23,0.67,0.09,55.45,3.52,0.82,0.84,1.51,12.46,1.5,2019-91,2019,201902,AA-23,622.978541,0.014365230067056,72158.1335740092,162,42,2,39.11,0,20.7,0.5651,0.1339,0,63.6616,-172.72117,56,0.3,8,NBS,12
5.89,0.1,0.16,0.36,0.05,0.78,0,0,1.03,0,21.56,0,0,16.32,0.37,1.5,1.17,3.17,0.63,0,0.91,0,1.08,0.67,5.18,0.94,19.75,16.9,1.51,0,0,0,1.36,0.91,0.28,0.15,0.46,0.32,0.93,0.25,0,0,8.66,4.33,5.58,0,0,1.43,0,0.09,3.55,0,0.72,33.04,0.22,7.03,3.47,2.21,0.33,0.49,0,0,0,0.64,0,5.68,0.18,15.22,1.03,4.9,38.9,88.25,71.45,1.84,56.99,0.46,0.13,31.27,1.68,0.76,1.29,1.17,17.51,2.17,2019-92,2019,201902,AA-23,622.978541,0.014365230067056,72158.1335740092,162,42,2,46.98,0,33.7,0.6216,0.0749,0,63.6616,-172.72117,56,0.3,8,NBS,12
NA,NA,NA,NA,NA,NA,NA,NA,NA,NA,NA,NA,NA,NA,NA,NA,NA,NA,NA,NA,NA,NA,NA,NA,NA,NA,NA,NA,NA,NA,NA,NA,NA,NA,NA,NA,NA,NA,NA,NA,NA,NA,NA,NA,NA,NA,NA,NA,NA,NA,NA,NA,NA,NA,NA,NA,NA,NA,NA,NA,NA,NA,NA,NA,NA,NA,NA,NA,NA,NA,NA,NA,NA,NA,NA,NA,NA,NA,NA,NA,NA,NA,NA,NA,2019-93,2019,201902,AA-23,622.978541,0.014365230067056,72158.1335740092,162,42,2,48.55,0,37.6,0.9526,0.1584,0,63.6616,-172.72117,56,0.3,8,NBS,12
4.12,0.06,0.11,0.27,0.08,0.65,0,0,1.76,0,18.36,0,0,9.61,0.29,1.29,0.69,1.89,0.66,0,0.59,0,0.71,0.23,5.86,0.4,16.4,11.56,1.6,0,0,0,1.28,0.63,0.32,0,0.38,0.29,0.68,0.17,0,0,7.7,3.75,4.11,0,0,1.28,0,0,4.9,0,0.56,29.47,0.22,9.76,2.26,1.29,0.18,0.53,0,0,0,0.71,0,3.79,0.17,19.56,1.3,4.73,34.18,70.15,68.14,1.99,55.06,0.66,0.11,28.88,1.57,0.52,0.91,1.42,14.05,1.51,2019-94,2019,201902,AA-23,622.978541,0.014365230067056,72158.1335740092,162,42,2,45.03,0,27.8,1.1962,0.1239,0,63.6616,-172.72117,56,0.3,8,NBS,12
6.61,0.08,0.15,0.42,0.06,1.18,0,0,0.66,0,25.13,0,0,16.9,0.7,1.39,0.8,3.27,0.78,0,1.09,0,1.12,0.81,5.84,0.68,18.69,14.19,1.7,0,0,0,1.8,1.08,0.42,0,0.51,0.45,1.35,0.34,0,0,8.48,4.02,7.11,0,0,1.37,0,0,3.97,0,0.73,37.98,0.28,7.11,2.61,1.52,0.35,0.86,0.08,0,0,0.86,0,4.61,0.04,26.01,1.26,4.51,43.26,85.12,89.05,2.06,72.32,0.68,0.13,30.85,2.25,0.67,1.06,1.32,12.48,1.46,2019-95,2019,201902,AA-23,622.978541,0.014365230067056,72158.1335740092,162,42,2,43.22,0,30.4,0.6477,0.0773,0,63.6616,-172.72117,56,0.3,8,NBS,12
6.43,0.16,0.18,0.46,0.07,0.91,0,0,1.38,0,23.33,0,0,18.97,0.43,1.88,1.24,3.96,0.73,0,0.92,0,1.01,0.78,6.65,0.92,18.91,17.03,1.68,0.44,0,0,1.58,1.35,0.35,0.24,0.6,0.42,1.31,0.33,0,0,7.02,4.88,7.31,0,0,1.69,0,0.11,4.52,0,1.52,36.33,0.4,6,3.8,1.96,0.29,1.07,0,0,0,1.17,0,7.13,0.13,22.17,1.44,5.94,44.12,90.99,88.51,2.01,69.89,0.61,0.13,30.97,2,0.81,1.12,1.11,14.45,1.64,2019-96,2019,201902,AA-23,622.978541,0.014365230067056,72158.1335740092,162,42,2,50.09,0,40.6,0.6292,0.1023,0,63.6616,-172.72117,56,0.3,8,NBS,12
1.32,0.07,0.05,0.2,0,0.74,0,0,0.11,0,13.5,0,1.22,3.85,0.25,1.19,0.96,1.05,0.83,0,0.74,0,1.48,0.15,5.14,0,14.04,9.63,0,0.4,0,0,1.49,0.68,0.39,0.19,0.23,0.34,0.28,0.14,0,0,2.99,2.21,5.21,0,0,1.17,0,0,4.99,0,0.22,26.9,0.43,0,2.6,2.3,0.37,0.79,0,0,0.35,0.53,0,3.4,0.14,14.22,0.54,3.2,24.83,45.3,59.91,2.41,46.84,0.53,0.15,15.32,1.83,0.29,0.96,1.46,13.67,1.89,2019-97,2019,201901,QP2524,1848.579017,0.015728067046296,272251.0011812556,162,163,2,54.86,0,NA,0.893,0.0795,0,60.16502,-172.99523,60,2.9,4,EBS,9
13.17,0.27,0.37,0.71,0.1,2.02,0,0,1.43,0,52.15,0,0,43.29,0.79,2.69,1.76,6.7,1.42,0,1.41,0,1.37,2.03,11.08,1.36,52.14,33.47,3.26,0.77,0,0,3.32,2.15,0.78,0,1.51,0.86,3.49,0.39,0,0,17.03,13.62,16.98,0,0,2.92,0,0.19,6.26,0,1.86,65.01,0.38,14.79,6.2,3.33,1.07,1.77,0,0,0.24,1.63,0,9.97,0.04,37.43,2.5,8.7,87.4,209.91,152.16,1.74,119.99,0.58,0.11,71.95,4.18,0.83,0.92,1.56,12.39,1.74,2019-98,2019,201902,AA-23,622.978541,0.014365230067056,72158.1335740092,162,42,2,41.65,0,25,0.9324,0.2098,0,63.6616,-172.72117,56,0.3,8,NBS,12
6.26,0.26,0.15,0.5,0.09,0.83,0,0,2.13,0,24.34,0,0,19.6,0.49,1.95,1.45,4.36,0.75,0,0.59,0,0.92,0.85,6.23,1.22,20.39,19.51,1.67,0.49,0,0,1.55,1.2,0.4,0.19,0.62,0.33,1.11,0,0,0,6.01,3.6,4.87,0,0,1.58,0,0.08,3.77,0,1.06,35.21,0.25,5.4,2.77,1.75,0.45,0.59,0,0,0.07,0.9,0.06,7.06,0.02,16.19,1.07,6.97,45.34,88.97,78.86,1.74,61.94,0.46,0.13,24.39,1.88,0.81,1.29,1.05,17.64,2.17,2019-99,2019,201902,AA-23,622.978541,0.014365230067056,72158.1335740092,162,42,2,48.34,0,37.2,0.819,0.1211,0,63.6616,-172.72117,56,0.3,8,NBS,12
6.16,0.1,0.21,0.44,0.06,0.6,0,0,1.13,0,18.04,0,0,15.21,0.31,1.42,1.18,2.81,0.52,0,0.48,0,0.75,0.69,4.5,0.94,14.97,16.28,0.15,0.35,0,0,1.24,1.02,0.28,0,0.77,0.28,0.96,0.23,0,0,7.76,3.53,3.89,0,0,1.26,0,0,2.83,0,0.88,28.47,0.24,6.64,2.25,1.27,0.3,0.45,0,0,0,0.71,0,5.71,0.15,13.91,0.99,4.84,34.56,74.75,64.04,1.85,50.95,0.49,0.12,25.33,1.52,0.84,0.99,0.92,15.85,2.05,2019-100,2019,201902,AA-23,622.978541,0.014365230067056,72158.1335740092,162,42,2,46.14,0,33.1,0.6616,0.0956,0,63.6616,-172.72117,56,0.3,8,NBS,12
8.17,0.36,0.31,0.57,0.08,1.39,0,0,1.27,0,31.23,0,0,29.34,0.53,2.01,1.4,5.14,0.86,0,0.66,0,1.77,1.53,8.84,0,21.25,22.19,0,0,0,0,1.97,1.55,0.54,0.25,0.69,0,2.27,0.46,0,0,7.51,4.81,12.13,0,0,1.59,0,0,4.62,0,1.53,51.66,0.22,4.79,2.73,2.28,0.33,3.49,0,0,0,1.01,0,6.38,0,21.53,1.19,6.71,56.65,109.05,108.71,1.92,85.13,0.42,0.13,34.24,1.97,0.94,1.22,0.96,12.94,2.4,2019-101,2019,201902,AA-23,622.978541,0.014365230067056,72158.1335740092,162,42,2,41.34,0,25.3,0.6655,0.0968,0,63.6616,-172.72117,56,0.3,8,NBS,12
3.52,0.05,0.09,0.14,0.03,0.48,0,0,0.54,0,12.45,0,0,7.84,0.19,0.6,0.29,1.26,0.42,0,0.32,0,0.34,0.29,3.49,0,9.44,7.56,0,0,0,0,0.7,0.48,0.2,0,0.22,0.17,0.61,0.15,0.21,0,5.21,2.46,4.08,0,0,0.68,0,0,2.06,0,0.29,16.35,0.24,5.07,1.67,0.68,0.09,0.66,0,0,0,0.54,0,1.86,0.09,11.57,0.89,2.07,22.54,45.18,38.87,1.72,31.2,0.71,0.1,19.16,0.88,0.63,0.87,1.25,12.87,1.41,2019-102,2019,201902,AA-23,622.978541,0.014365230067056,72158.1335740092,162,42,2,42.58,0,22.8,0.4508,0.0974,0,63.6616,-172.72117,56,0.3,8,NBS,12
9.92,0.21,0.27,0.64,0.07,1.56,0,0,0.77,0,34.78,0,0,34.86,0.57,2.08,1.62,5.84,1.07,0,1.07,0,0.05,1.98,8.56,1.53,30.86,29.19,2.96,0.36,0,0,2.66,2.16,0.68,0,1.25,0.53,2.96,0.44,0,0,13.58,6.33,19.69,0,0,2.25,0,0,5.2,0,1.27,53.15,0.27,5.73,3.47,2.11,0.81,2.8,0,0,0,1.52,0,8.44,0.11,22.06,1.14,6.74,61.67,152.64,117.11,1.9,88.46,0.42,0.11,50.9,3.19,1,0.84,1.06,11.78,2.41,2019-103,2019,201902,AA-23,622.978541,0.014365230067056,72158.1335740092,162,42,2,57.94,0,65,1.3231,0.2877,0,63.6616,-172.72117,56,0.3,8,NBS,12
NA,NA,NA,NA,NA,NA,NA,NA,NA,NA,NA,NA,NA,NA,NA,NA,NA,NA,NA,NA,NA,NA,NA,NA,NA,NA,NA,NA,NA,NA,NA,NA,NA,NA,NA,NA,NA,NA,NA,NA,NA,NA,NA,NA,NA,NA,NA,NA,NA,NA,NA,NA,NA,NA,NA,NA,NA,NA,NA,NA,NA,NA,NA,NA,NA,NA,NA,NA,NA,NA,NA,NA,NA,NA,NA,NA,NA,NA,NA,NA,NA,NA,NA,NA,2019-104,2019,201902,AA-23,622.978541,0.014365230067056,72158.1335740092,162,42,2,48.8,0,35.1,0.9236,0.2553,0,63.6616,-172.72117,56,0.3,8,NBS,12
6.74,0.16,0.18,0.61,0.08,1.01,0,0,1.7,0,23.93,0,0,22.47,0.48,2.07,1.76,4.47,0.84,0,0.78,0.14,1.04,1.07,6.26,0,19.8,19.06,0,0,0,0,1.63,1.13,0.43,0.21,0.6,0,1.38,0,0,0,8.55,3.54,7.38,0,0,1.44,0,0,4.48,0,0.92,41.93,0.32,6.25,3.56,1.79,0.51,0.86,0,0,0.08,0.99,0,7.49,0.11,18.18,1.21,7.37,45.8,94.42,89.4,1.95,70.95,0.43,0.14,31.07,1.63,0.94,1.42,1.04,16.24,2.31,2019-105,2019,201902,AA-23,622.978541,0.014365230067056,72158.1335740092,162,42,2,55.67,0,69.2,0.5605,0.0885,0,63.6616,-172.72117,56,0.3,8,NBS,12
5.04,0.1,0.12,0.5,0.05,1.16,0,0,1.32,0,26.16,0,0,23.11,0.39,1.71,1.59,3.6,1.24,0,1.85,0,0.99,1.08,6.41,0,17.96,19.15,0,0,0,0,2.02,1.49,0.61,0,0.86,0.52,1.91,0.34,0,0.58,11.3,4.59,14.57,0,0,1.62,0,0,4.54,0,0.89,34.76,0.27,8.39,2.4,1.63,0.52,2.33,0,0,0,1.36,0,5.29,0.15,14.14,0.98,6.33,45.71,104.59,81.3,1.78,59.08,0.41,0.13,42.88,2.54,0.88,0.9,0.94,12.09,2.46,2019-106,2019,201902,AA-23,622.978541,0.014365230067056,72158.1335740092,162,42,2,50.81,0,46.4,0.7676,0.1425,0,63.6616,-172.72117,56,0.3,8,NBS,12
8.33,0.16,0.19,0.73,0.07,1.6,0,0,1.03,0,38.62,0,0,27.87,0.53,2.11,1.76,3.32,1.31,0,1.97,0,1.11,1.18,9.39,1.42,32.2,23.63,2.21,0.49,0,0,2.11,1.76,0.49,0,1.26,0.5,1.91,0,0,0,14.15,6.09,20.06,0,0,2.1,0,0,5.39,0,1.08,43.81,0.32,7.23,4.34,2.22,0.81,2.83,0,0,0,1.4,0,7.22,0.12,20.66,1.43,7.29,65.55,144.07,100.92,1.54,76.3,0.47,0.1,54.09,2.61,0.72,0.94,1.36,14.58,2.12,2019-107,2019,201902,AA-23,622.978541,0.014365230067056,72158.1335740092,162,42,2,51.14,0,53.1,0.4744,0.1335,0,63.6616,-172.72117,56,0.3,8,NBS,12
2.47,0.05,0.08,0.21,0.02,0.52,0,0,0.89,0,11.28,0,0,6.07,0.23,0.92,0.85,2.14,0.46,0,0.49,0,0.73,0.15,3.44,0.44,11.1,8.07,0.79,0,0,0,0.74,0.56,0.19,0,0.33,0.13,0.35,0.1,0,0,6.85,2.59,3.82,0,0,0.82,0,0,2.12,0,0.32,17.41,0.17,7.36,1.46,1.61,0.36,0.56,0,0,0,0.45,0,2.81,0.08,8.76,0.92,3.41,21.36,51.39,39.53,1.85,30.51,0.5,0.17,23.69,0.86,0.54,1.47,1.37,17.43,1.99,2019-108,2019,201902,AA-23,622.978541,0.014365230067056,72158.1335740092,162,42,2,51.55,0,49.4,0.527,0.0743,0,63.6616,-172.72117,56,0.3,8,NBS,12
10.7,0.15,0.27,0.67,0.07,1.6,0,0,1.06,0,40.65,0,0,35.15,0.54,2.02,1.71,5.21,1.1,0,0.88,0,1.15,2.28,9,1.71,30.2,26.08,2.44,0.47,0,0,2.23,1.96,0.65,0,1.32,0.52,3.06,0.42,0,0,15.27,6.2,18.37,0,0,2.14,0,0,4.73,0,1.37,54.9,0.42,8.7,4.5,2.33,0.96,2.2,0,0,0.08,1.16,0,6.93,0.23,20.87,1.43,7.12,69.36,153.68,115.03,1.66,88.8,0.38,0.11,55.39,2.74,0.86,0.94,1.16,11.47,2.63,2019-109,2019,201902,AA-23,622.978541,0.014365230067056,72158.1335740092,162,42,2,49.67,0,46,1.0054,0.1958,0,63.6616,-172.72117,56,0.3,8,NBS,12
11.58,0.22,0.23,0.49,0.07,1.32,0,0,1.51,0,35.26,0,0,30.68,0.53,1.9,1.39,5.3,1.19,0,1.84,0,1.53,1.98,8.96,1.19,26.8,24.17,1.84,0,0,0,2.49,1.99,0.63,0,1.01,0.7,3.82,0,0,0,18.44,6.8,14.62,0,0,1.76,0,0,4.28,0,1.54,55.03,0.43,13.1,7,3.16,0.77,2.85,0,0,0,0.95,0,9.29,0.16,21.38,1.55,6.68,64.48,150.09,119.14,1.85,93.29,0.39,0.14,63.11,3.2,0.87,1,1.11,8.03,2.57,2019-110,2019,201902,AA-23,622.978541,0.014365230067056,72158.1335740092,162,42,2,54.7,0,65.7,1.5483,0.2247,0,63.6616,-172.72117,56,0.3,8,NBS,12
7.1,0.14,0.16,0.56,0.06,1.3,0,0,1.15,0,33.37,0,0,27.12,0.51,2.04,1.57,6.04,0.98,0,0.81,0,1.26,1.55,7.73,1.16,22.47,20.45,1.71,0.32,0,0,2.31,1.83,0.55,0,1.09,0.37,2.1,0.36,0,0,10.05,4.62,14.43,0,0,1.87,0,0.1,4.57,0,1.16,46.26,0.27,5.83,2.05,2.98,0.26,3.09,0,0,0,0.79,0,7.26,0.13,17.19,1.02,6.68,56.52,114.89,100.74,1.78,75.6,0.37,0.14,39.96,2.68,0.81,1.12,1.1,12.9,2.69,2019-111,2019,201902,AA-23,622.978541,0.014365230067056,72158.1335740092,162,42,2,51.82,0,49.8,0.5115,0.1097,0,63.6616,-172.72117,56,0.3,8,NBS,12
11,0.18,0.25,0.7,0.09,1.67,0,0,3.73,0,38.02,0,0,34.05,0.81,2.74,2,6.98,1.3,0,1.05,0,1.42,1.63,9.53,1.69,32.06,25.67,2.41,0.55,0,0,2.52,1.9,0.64,0,1.2,0.59,2.95,0,0,0,18.11,6.87,16.66,0,0,2.62,0,0.16,5.69,0,1.67,58.39,0.35,13.64,4.5,4.32,1.33,2.4,0,0,0,1.3,0,11.24,0.21,27.66,2.23,10.93,71.66,163.83,133.16,1.86,103.92,0.47,0.13,64.11,3.11,0.9,1.13,1.25,11.54,2.11,2019-112,2019,201902,AA-23,622.978541,0.014365230067056,72158.1335740092,162,42,2,51.02,0,48.6,0.4361,0.1171,0,63.6616,-172.72117,56,0.3,8,NBS,12
11.44,0.33,0.21,0.41,0.08,1.02,0,0,0.64,0,48.5,0,0,34.23,0.45,1.94,0.42,10.79,0.72,0,4.89,0.24,1.28,12.78,11.2,0.82,38.41,23.79,1.59,0.42,0,0,1.88,2.16,0.62,0,1.42,0.4,6.87,3.9,1.53,0,4.17,5.06,9.62,0,0,0.84,0,0.08,3.48,0,2.1,99.81,0.32,0.97,1.9,3.05,0.43,0.83,0,0,0.12,0.84,0.06,3.87,0.07,19.24,0.58,4.76,78.71,125.52,178.62,2.27,133.64,0.19,0.26,24.77,2.27,0.71,1.72,1.61,4.98,5.19,2019-113,2019,201902,EE-19,4748.732927,0.01291385679046815,169244.79460026347,162,19,2,54.18,0,59.1,0.5302,0.2137,0,65.01169,-169.90252,50,2.8,9,NBS,13
11.19,0.22,0.33,0.57,0.08,1.9,0,0,0.64,0,53.95,0,0,38.27,0.71,3.03,2.07,7.34,1.41,0,0.99,0,1.42,4.27,13.43,0.94,40.37,28.63,2.84,0.63,0,0,2.29,2.32,0.6,0,1.28,0.55,3.51,0,0,0,9.83,8.71,20.98,0,0,2.26,0,0.19,5.57,0,1.32,73.7,0.53,3.65,3.51,3.81,1.49,2.25,0,0,0,1.4,0,6.53,0.22,24.7,1.71,8.3,89.44,164.93,143.79,1.61,111.72,0.34,0.13,50.49,2.83,0.71,1.33,1.41,10.91,2.98,2019-114,2019,201902,EE-19,4748.732927,0.01291385679046815,169244.79460026347,162,19,2,64.06,0,115.6,0.5842,0.1498,0,65.01169,-169.90252,50,2.8,9,NBS,13
12.76,0.3,0.32,0.53,0.09,1.31,0,0.58,0.72,0,67.19,0,0,45.61,0.52,2.18,0.66,9.9,1.09,0,3.79,0,1.18,8.23,14.34,0.84,55.65,34.72,1.68,0.53,0,0,2.22,2.24,0.6,0,1.25,0.37,4.52,0,0,0.04,6.7,6.11,15.45,0,0,0.84,0,0.07,3.35,0,1.32,67.78,0.42,1.11,2.74,3.26,0.38,2.39,0,0,0.99,0.95,0,3.66,0.03,16.27,0.71,6.07,102.28,175.96,132.26,1.29,95.13,0.24,0.17,35.38,2.59,0.68,2.06,1.6,10.1,4.17,2019-115,2019,201902,EE-19,4748.732927,0.01291385679046815,169244.79460026347,162,19,2,67.22,0,112.9,1.2918,0.3646,0,65.01169,-169.90252,50,2.8,9,NBS,13
16.7,0.45,0.31,0.65,0.15,1.68,0.03,0,0.97,0,70.45,0,0,52.62,0.7,3.33,1.46,14.62,1.23,0,6.63,0.26,1.7,17.99,16.77,1.29,53.32,34.84,2.67,0.74,0,0,2.94,3.13,0.92,0,2.01,0.61,8.57,0,1.37,0.06,6.66,6.68,14.74,0,0,1.39,0,0.12,5.85,0,2.64,142.16,0.59,2.31,2.86,4.1,0.8,1.48,0,0,0,1.24,0,6.7,0.14,31.78,1.03,8.53,116.07,185.17,253.25,2.18,194.23,0.22,0.25,37.35,3.55,0.75,2.24,1.53,6.14,4.47,2019-116,2019,201902,EE-19,4748.732927,0.01291385679046815,169244.79460026347,162,19,2,65.6,0,112.3,0.9736,0.2892,0,65.01169,-169.90252,50,2.8,9,NBS,13
17.41,0.4,0.34,1.01,0.15,1.9,0,0,1.67,0,63.36,0,0,51.21,1.29,3.47,2.45,16.45,1.31,0,5.28,0.23,1.34,11.75,12.85,1.23,50.33,38.62,5.85,0.82,0,0,3.33,3.92,0.96,0,2.22,0.51,7.24,0,0,0.06,9.61,8.89,21.18,0,0,2.08,0,0.18,5.62,0,2.47,113.1,0.67,3.51,4.19,4.2,1.31,2.94,0,0,0.98,1.57,0,10.9,0.2,26.92,1.35,10.87,107.03,202.85,220.93,2.06,162.53,0.24,0.23,51.57,3.83,0.81,1.91,1.3,7.08,4.2,2019-117,2019,201902,EE-19,4748.732927,0.01291385679046815,169244.79460026347,162,19,2,62.09,0,102.5,1.0122,0.2453,0,65.01169,-169.90252,50,2.8,9,NBS,13
13.59,0.32,0.32,1.22,0.15,1.67,0,0,1.54,0,61.98,0,0,46.83,0.82,3.49,2.99,7.9,1.5,0,4.07,0,1.48,6.2,13.63,1.42,43.09,30.21,2.7,0.75,0,0,3.02,2.48,0.8,0,1.69,0.43,4.46,0,0.78,0,10.94,5.76,14.41,0,0,1.2,0,0,3.66,0,1.19,61.27,0.34,5.71,2.62,2.19,0.88,2.1,0,0,0,0.93,0,5.61,0.08,15.05,0.86,11.06,103.28,168.63,124.41,1.2,89.48,0.25,0.15,41.63,3.46,0.76,1.52,1.43,10.5,4.07,2019-118,2019,201902,EE-19,4748.732927,0.01291385679046815,169244.79460026347,162,19,2,53.56,0,63.3,0.8905,0.2577,0,65.01169,-169.90252,50,2.8,9,NBS,13
16.1,0.55,0.26,0.53,0.11,1.11,0,0,1.08,0,56.22,0,0,46.69,0.58,2.34,0.31,15.66,0.77,0,5.96,0.32,1.16,15.75,11.74,0.6,40.76,28.53,1.81,0.46,0,0,2.18,2.51,0.78,0,1.8,0.44,8.25,0,1.19,0.09,2.83,5.81,10.81,0,0,0.84,0,0,3.49,0,2.65,112.49,0.43,1.02,2.66,2.85,0.24,0.48,0,0,0.76,0.76,0,3.13,0.08,16.76,0.25,5.81,92.57,146.23,196.19,2.12,144.97,0.15,0.27,25.97,2.62,0.83,2.4,1.43,5.66,6.71,2019-119,2019,201902,EE-19,4748.732927,0.01291385679046815,169244.79460026347,162,19,2,56.68,0,73.6,1.3093,0.4049,0,65.01169,-169.90252,50,2.8,9,NBS,13
12.09,0.54,0.29,0.73,0.12,2.5,0,0,0.86,0,45.34,0,0,65.35,0.73,2.12,1.87,5.93,1.31,0.04,1.59,0,0.95,3.58,9.86,1.78,27.9,25.99,1.43,0,0,0,2.54,1.57,0.83,0,1.43,0.52,4.79,0,0.88,0,9.24,4.32,19.15,0,0,1.75,0,0.13,4.59,0,1.36,53.99,0.25,1.87,2.47,1.91,0.89,2.11,0.11,0,0.07,0.87,0,4.36,0.07,10.58,0.79,8.25,78.72,163.19,104.42,1.33,76.66,0.2,0.1,38.95,3.06,1.44,1.03,1.07,13.64,5.1,2019-120,2019,201902,Y-24,118.79803600000001,0.01454845822763025,109059.03946486037,162,49,2,59.58,0,82.8,0.7027,0.2106,0,63.0105,-173.29301,70,-0.6,8,NBS,12
11.73,0.55,0.31,0.7,0.14,2.16,0,0,0.94,0,48.12,0,0,68.41,0.63,1.67,1.73,6.42,0.97,0.06,1.19,0,0.61,5.23,8.73,1.12,34.29,24.67,1.18,0,0,0,2.46,1.56,0.8,0,1.3,0.47,5.52,0,0,0,6.31,3.13,14.21,0,0,1.06,0,0.1,3.72,0,1.33,51.82,0.25,1.24,1.44,1.19,0.47,1.26,0.12,0,0,0.67,0,2.91,0.05,9.76,0.26,7.4,77.9,158.4,98.68,1.27,72.54,0.19,0.1,27.53,2.93,1.42,1.11,1.39,12.38,5.31,2019-121,2019,201902,Y-24,118.79803600000001,0.01454845822763025,109059.03946486037,162,49,2,53.26,0,55.2,0.9669,0.3269,0,63.0105,-173.29301,70,-0.6,8,NBS,12
14.2,0.56,0.33,0.7,0.1,2.82,0,0,1.07,0,55.97,0,0,77.82,0.73,2.05,1.77,6.3,1.22,0.04,1.34,0,0.91,3.92,10.41,1.76,33.03,23,1.28,0,0,0,2.12,1.5,0.74,0,1.34,0.47,5.48,0,0.46,0,9.66,4.03,20.09,0,0,1.51,0,0.1,4,0,1.24,53.09,0.2,2.86,2.24,1.7,0.87,1.85,0,0,0.78,0.72,0,3.43,0.08,11.2,1.03,8.54,91.75,179.59,102.84,1.12,75.82,0.21,0.08,40.6,2.6,1.39,1.07,1.44,14.19,4.74,2019-122,2019,201902,Y-24,118.79803600000001,0.01454845822763025,109059.03946486037,162,49,2,53.51,0,56.8,1.0115,0.2582,0,63.0105,-173.29301,70,-0.6,8,NBS,12
11.58,0.47,0.31,0.76,0.11,2.61,0,0,1.04,0,55.51,0,0,74.21,0.79,2.33,2,6.26,1.48,0,1.52,0,1.27,4.85,11.68,1.58,38.6,31.07,1.65,0,0,0,3.19,1.95,1.07,0,1.59,0.69,7.21,0,0,0,12.56,5.57,22.54,0,0,1.84,0,0.13,5.61,0,1.74,72.62,0.35,5.46,3.18,1.98,1.26,3.48,0.15,0,0,1.18,0,6.41,0.04,17.24,1.25,8.85,90.08,200.73,141.14,1.57,107.34,0.24,0.1,51.28,3.88,1.34,0.88,1.24,10.29,4.21,2019-123,2019,201902,Y-24,118.79803600000001,0.01454845822763025,109059.03946486037,162,49,2,56.51,0,63,0.9762,0.2639,0,63.0105,-173.29301,70,-0.6,8,NBS,12
17.86,0.75,0.44,1.04,0.15,3.42,0,0,1.48,0,63.81,0,0,102.72,1.1,2.5,2.64,9.37,1.28,0.08,5.68,0,1.01,7.79,11.09,1.87,41.75,30.5,2.05,0,0,0,3.79,2.82,1.29,0,2.4,0.82,9.82,0,0,0,11.36,5.46,23.59,0,0,2.45,0,0.15,6.37,0,2.45,95.39,0.32,3.15,2.87,2.21,1.11,2.23,0.41,0,0,1.39,0,6.31,0.05,19.47,1.22,11.31,106.61,230.29,182.37,1.71,135.68,0.2,0.12,48.64,4.61,1.61,1.14,1.37,10.46,4.9,2019-124,2019,201902,Y-24,118.79803600000001,0.01454845822763025,109059.03946486037,162,49,2,56.63,0,67.8,0.8546,0.2349,0,63.0105,-173.29301,70,-0.6,8,NBS,12
16.38,0.63,0.34,0.69,0.1,2.95,0,0.65,0.75,0,60.34,0,0,96.42,0.89,2.08,1.88,5.86,1.19,0.05,1.49,0,0.61,4.75,9.95,1.85,30.86,25.26,1.14,0,0,0,2.71,1.75,0.92,0,1.74,0.56,6.79,0,0,0,8.34,3.53,19.42,0,0,1.46,0,0.09,4.77,0,1.67,60.7,0.23,1.46,2.81,1.46,0.48,1.11,0.06,0,0.58,0.76,0,3.29,0.07,8.97,0.8,9.15,98.03,194.58,111,1.13,82.65,0.15,0.07,37.03,3.27,1.6,0.88,1.22,14.21,6.76,2019-125,2019,201902,Y-24,118.79803600000001,0.01454845822763025,109059.03946486037,162,49,2,59.99,0,73.9,0.9546,0.2613,0,63.0105,-173.29301,70,-0.6,8,NBS,12
25.78,0.95,0.49,0.86,0.14,4.68,0,0.91,0.95,0,85.93,0,0,150.96,1.19,2.73,2.28,10.3,1.55,0.07,6.42,0,0.95,8.54,12.94,2.59,42.32,34.48,1.94,0,0,0,4.26,2.73,1.55,0,2.8,0.88,12.21,0,0,0,11.58,5.15,30.33,0,0,2.24,0,0.13,7.49,0,2.95,110.6,0.36,1.75,2.66,1.61,0.94,2.02,0.13,0,0,1.72,0,5.53,0.05,15.69,0.52,12.62,140.31,287.54,199.95,1.43,148.94,0.14,0.1,53.07,5.15,1.76,1.07,1.23,12.37,7.05,2019-126,2019,201902,Y-24,118.79803600000001,0.01454845822763025,109059.03946486037,162,49,2,55.59,0,61.4,0.835,0.1522,0,63.0105,-173.29301,70,-0.6,8,NBS,12
11.38,0.3,0.54,1.12,0.12,1.92,0,1.26,0.72,0,51.04,0,0,49.93,0.75,3.3,2.87,7.58,1.55,0,4.82,0,1.49,5.92,9.98,1.45,45.19,34.82,2.33,0.43,0,0,3.28,2.27,0.86,0,1.93,0.72,5.12,0,0,0,10.19,6.19,17.64,0,0,2.32,0,0.16,7.07,0,1.82,82.67,0.55,2.21,3.11,3.38,1.31,2.55,0.1,0,0.02,1.93,0.08,7.42,0.11,25.16,0.99,11.32,86.39,179.15,166.46,1.93,124.58,0.3,0.16,42.72,4,0.98,1.4,1.3,9.74,3.29,2019-127,2019,201902,FF-18,601.501987,0.0121191759469935,4703.2900792351675,162,18,2,50.97,0,56.1,0.4873,0.1529,0,65.22397,-168.90444,53,2.1,9,NBS,13
13.05,0.3,0.43,1.06,0.16,2.28,0,1.21,1.13,0,74.9,0,0,61.81,0.77,3.37,2.8,7.34,1.8,0,1.44,0,1.68,4.48,16.3,3.15,59.67,43.3,3,0.78,0,0,3.38,2.57,0.79,0,1.73,0.69,4.58,0,0,0,14.2,7.68,23.85,0,0,2.12,0,0.15,5.95,0,1.49,72.16,0.36,2.33,3.78,4.1,1.2,3.6,0.1,0,0,1.45,0,8.96,0.04,24.42,0.93,12.01,118.91,229.77,150.12,1.26,114.08,0.34,0.1,55.94,4.06,0.83,1.09,1.38,13.5,2.95,2019-128,2019,201902,FF-18,601.501987,0.0121191759469935,4703.2900792351675,162,18,2,51.1,0,46.4,0.8719,0.2534,0,65.22397,-168.90444,53,2.1,9,NBS,13
NA,NA,NA,NA,NA,NA,NA,NA,NA,NA,NA,NA,NA,NA,NA,NA,NA,NA,NA,NA,NA,NA,NA,NA,NA,NA,NA,NA,NA,NA,NA,NA,NA,NA,NA,NA,NA,NA,NA,NA,NA,NA,NA,NA,NA,NA,NA,NA,NA,NA,NA,NA,NA,NA,NA,NA,NA,NA,NA,NA,NA,NA,NA,NA,NA,NA,NA,NA,NA,NA,NA,NA,NA,NA,NA,NA,NA,NA,NA,NA,NA,NA,NA,NA,2019-129,2019,201902,FF-18,601.501987,0.0121191759469935,4703.2900792351675,162,18,2,60.58,0,90.2,0.8614,0.215,0,65.22397,-168.90444,53,2.1,9,NBS,13
10.75,0.41,0.19,0.67,0.09,1.69,0,0,0.54,0,53.98,0,0,51.21,0.56,2.1,1.69,6.91,1.24,0,3.67,0.23,1.35,4.88,10.69,1.18,33.75,31.61,1.7,0.46,0,0,2.51,1.75,0.68,0,1.34,0.43,4.49,0,0,0,6.49,4.59,18.4,0,0,1.3,0,0.1,3.48,0,1.43,50.5,0.39,1.06,2.08,2.92,0.23,3.35,0,0,0.48,0.71,0,2.91,0.02,10.48,0.66,7,84.34,157.12,102.9,1.22,71.59,0.21,0.14,35.56,2.94,0.95,1.5,1.07,11.4,4.82,2019-130,2019,201902,DD-18,4337.889566,0.00730541876231475,148051.40474346993,162,33,2,54.18,0,67,0.3993,0.1535,0,64.66013,-169.12056,44,2.2,9,NBS,13
12.05,0.42,0.27,0.87,0.1,1.6,0,0.75,0.73,0,61.78,0,0,51.19,0.57,2.29,1.78,6.91,1.08,0,3.59,0,0.71,5.33,12.63,1,45.44,33.56,2.3,0.58,0,0,2.52,1.72,0.66,0,1.36,0.2,3.99,0,1.26,0.02,5.22,6.89,15.97,0,0,1.19,0,0.08,2.63,0,1.34,45.21,0.41,1.41,2.21,2.34,0.55,1.79,0,0,0,0.64,0,3.38,0.07,9.97,0.73,8.12,97.89,169.68,93.73,0.96,64.83,0.22,0.13,34.04,2.72,0.83,1.58,1.35,12.82,4.54,2019-131,2019,201902,DD-18,4337.889566,0.00730541876231475,148051.40474346993,162,33,2,55.15,0,58.4,0.7923,0.3371,0,64.66013,-169.12056,44,2.2,9,NBS,13
17.15,0.73,0.34,0.85,0.12,1.71,0,0.12,0.55,0,77.83,0,0,62.13,0.68,1.97,2.1,6.8,1.47,0,2.81,0,1.11,2.88,16.66,1.7,54.08,46.66,2.78,0.41,0,0,3.02,1.94,0.65,0,1.16,0.44,2.71,0,1.36,0,6.3,8.04,19.45,0,0,1.1,0,0,1.8,0,0.85,22.66,0.39,1.68,1.98,2.57,1.07,1.97,0,0,0,0.2,0,1.34,0.06,3.97,0.8,7.43,123.08,209.58,58.49,0.48,33.09,0.18,0.09,40.01,3.46,0.8,1.37,1.16,22.96,5.7,2019-132,2019,201902,DD-18,4337.889566,0.00730541876231475,148051.40474346993,162,33,2,49.98,0,44.2,0.7262,0.3108,0,64.66013,-169.12056,44,2.2,9,NBS,13
6.2,0.2,0.38,0.47,0.04,1.9,0,0,0.11,0,36.06,0,0,40.76,0.38,1.22,1.43,1.94,0.92,0,2.03,0,0.78,1.05,6.42,1.13,34.09,21.9,1.03,0.18,0,0,1.79,0.77,0.42,0,0,0.45,1.93,0.81,0,0,8.08,3.06,17.99,0,0,1.18,0,0,5.57,0,0.64,31.39,0.19,0,1.98,1.78,0.73,2.28,0,0,0.07,1.07,0,3.18,0.07,9.56,0.57,5.17,55.23,133.3,67.65,1.22,47.93,0.3,0.07,32.89,2.23,1.13,0.94,1.56,21.07,3.28,2019-133,2019,201902,W-26,451.948441,0.0141509820878085,208473.85302972078,162,2,2,57.21,0,63.6,0.7668,0.1829,0,62.33512,-174.57173,71,-0.5,7,NBS,10
11.17,0.28,0.48,0.68,0.06,2.85,0,0,0.27,0,55.73,0,0,63.53,0.61,1.73,1.99,3.86,1.44,0,3.43,0,0.97,1.88,9.91,1.43,61.66,35.47,1.56,0.28,0,0,2.9,1.57,0.81,0,0,0.72,3.1,1.07,0,0,11.33,5.78,25.91,0,0,1.6,0,0,7,0,0.95,46.82,0.28,1.75,3.03,2.89,0.68,2.78,0,0,0,1.73,0,4.07,0.04,11.52,0.3,7.57,86.42,216.02,97.43,1.13,68.14,0.25,0.08,50.7,3.62,1.14,1,1.74,20.52,4.06,2019-134,2019,201902,W-26,451.948441,0.0141509820878085,208473.85302972078,162,2,2,55.51,0,57,0.8562,0.213,0,62.33512,-174.57173,71,-0.5,7,NBS,10
NA,NA,NA,NA,NA,NA,NA,NA,NA,NA,NA,NA,NA,NA,NA,NA,NA,NA,NA,NA,NA,NA,NA,NA,NA,NA,NA,NA,NA,NA,NA,NA,NA,NA,NA,NA,NA,NA,NA,NA,NA,NA,NA,NA,NA,NA,NA,NA,NA,NA,NA,NA,NA,NA,NA,NA,NA,NA,NA,NA,NA,NA,NA,NA,NA,NA,NA,NA,NA,NA,NA,NA,NA,NA,NA,NA,NA,NA,NA,NA,NA,NA,NA,NA,2019-135,2019,201902,W-26,451.948441,0.0141509820878085,208473.85302972078,162,2,2,56.16,0,58,0.7661,0.1977,0,62.33512,-174.57173,71,-0.5,7,NBS,10
10.99,0.23,0.55,0.78,0.06,2.58,0,1.05,0.26,0,50.7,0,0,58.35,0.63,2.08,2.47,3.59,1.35,0,2.98,0,0.96,2.14,10.39,1.67,52.37,32.67,1.76,0.36,0,0,3.06,1.45,0.68,0,1.09,0.65,3.55,0.56,0,0,11.49,5.72,24.54,0,0,1.77,0,0.11,7.34,0,1.07,54.21,0.29,1.7,2.88,2.89,0.73,2.33,0.18,0,0.19,1.67,0,5.49,0.05,14.11,0.85,9.29,83.4,198.42,109.81,1.32,80.22,0.26,0.08,49.21,3.71,1.15,0.87,1.6,16.43,3.84,2019-136,2019,201902,W-26,451.948441,0.0141509820878085,208473.85302972078,162,2,2,58.07,0,65.7,0.7012,0.2449,0,62.33512,-174.57173,71,-0.5,7,NBS,10
NA,NA,NA,NA,NA,NA,NA,NA,NA,NA,NA,NA,NA,NA,NA,NA,NA,NA,NA,NA,NA,NA,NA,NA,NA,NA,NA,NA,NA,NA,NA,NA,NA,NA,NA,NA,NA,NA,NA,NA,NA,NA,NA,NA,NA,NA,NA,NA,NA,NA,NA,NA,NA,NA,NA,NA,NA,NA,NA,NA,NA,NA,NA,NA,NA,NA,NA,NA,NA,NA,NA,NA,NA,NA,NA,NA,NA,NA,NA,NA,NA,NA,NA,NA,2019-137,2019,201902,W-26,451.948441,0.0141509820878085,208473.85302972078,162,2,2,59.29,0,64.9,1.0347,0.2058,0,62.33512,-174.57173,71,-0.5,7,NBS,10
7.28,0.14,0.32,0.53,0.04,1.77,0,0,0.15,0,39.6,0,0,43.52,0.41,1.35,1.52,1.95,0.9,0,1.8,0,0.78,0.98,6.96,1.27,36.86,24.3,1.1,0.22,0,0,1.85,1.08,0.47,0,0.85,0.43,2.07,0.52,0,0,8.54,4.09,20.27,0,0,1.41,0,0,4.85,0,0.8,34.22,0.21,0.69,1.38,1.9,0.28,1.52,0,0,0,1.12,0,3.3,0.04,8.74,0.71,5.35,60.48,145.6,69.02,1.14,50.34,0.26,0.06,36.87,2.28,1.1,0.76,1.52,21.06,3.92,2019-138,2019,201902,W-26,451.948441,0.0141509820878085,208473.85302972078,162,2,2,55.81,0,54.9,0.6845,0.174,0,62.33512,-174.57173,71,-0.5,7,NBS,10
8.55,0.18,0.42,0.73,0.09,2.19,0,0,0.19,0,48.63,0,0,52.37,0.56,1.69,2.18,2.69,1.17,0,2.36,0.27,0.86,1.81,9.27,1.49,43.32,26.02,1.2,0.28,0,0,2.37,1.28,0.55,0,0,0.27,3.51,0.62,0,0,8.93,4.17,20.9,0,0,1.25,0,0,5.25,0,0.88,37.26,0.21,1.11,1.73,1.72,0.52,1.93,0,0,0,1.13,0,3.58,0.07,9.63,0.63,7.35,75.16,165.11,77.75,1.03,55.99,0.26,0.07,38.57,2.64,1.08,0.9,1.66,14.9,3.87,2019-139,2019,201902,W-26,451.948441,0.0141509820878085,208473.85302972078,162,2,2,60.71,0,74.4,0.5842,0.1451,0,62.33512,-174.57173,71,-0.5,7,NBS,10
7.83,0.2,0.4,0.53,0.04,1.97,0,0,0.15,0,36.98,0,0,44.74,0.48,1.44,1.67,2.69,1,0,1.54,0,0.78,1.6,7.93,1.18,40.21,22.5,1.11,0.23,0,0,2.13,0.81,0.51,0,0.84,0.49,2.79,0.43,0,0,9.08,4.41,19.88,0,0,1.37,0,0,6.5,0,0.95,44.54,0.19,1.21,2.45,2.04,0.54,1.93,0.03,0,0,1.76,0,4.11,0.04,11.22,0.68,5.81,59.97,150.58,87.57,1.46,64.92,0.25,0.07,39.06,2.62,1.21,0.83,1.79,16.02,3.97,2019-140,2019,201902,W-26,451.948441,0.0141509820878085,208473.85302972078,162,2,2,57.33,0,60.5,0.9285,0.3194,0,62.33512,-174.57173,71,-0.5,7,NBS,10
12.57,0.28,0.6,0.89,0.07,3.01,0,0,0.18,0,61.53,0,0,72.38,0.66,2.15,2.38,4,1.3,0,2.27,0,1.13,2.23,11.85,1.76,69.35,38.54,1.71,0.34,0,0,3.16,1.17,0.74,0,1.25,0.67,3.87,0.61,0,0,12.41,6.19,25.31,0,0,1.79,0,0.12,8.33,0,1.41,63.29,0.26,1.7,3.53,3.44,0.68,2.43,0.11,0,0.22,1.94,0,5.22,0.06,15.34,1.06,8.67,96.63,239,121.87,1.26,91.04,0.24,0.07,52.6,3.83,1.18,0.84,1.8,18.71,4.13,2019-141,2019,201902,W-26,451.948441,0.0141509820878085,208473.85302972078,162,2,2,55.78,0,52.8,0.5308,0.171,0,62.33512,-174.57173,71,-0.5,7,NBS,10
15.57,0.41,0.77,0.92,0.08,3.92,0,1.16,0.24,0,74.22,0,0,95.02,0.81,2.32,2.77,5.2,1.61,0,2.85,0,1.44,3.07,14.23,0.96,84.97,40.39,1.75,0.39,0.1,0,3.89,1.33,0.96,0,1.4,0.18,6.32,0.72,1.58,0,13.32,6.61,31.52,0,0,2.09,0,0.12,10.97,0,1.86,84.11,0.36,1.44,4.29,4.5,0.94,2.42,0.05,0,0.08,3.33,0,6.35,0.09,20.23,0.58,11.42,119.6,287.34,159.88,1.34,120.53,0.24,0.07,61.69,4.07,1.28,0.84,2.1,15.04,4.16,2019-142,2019,201902,W-26,451.948441,0.0141509820878085,208473.85302972078,162,2,2,60.03,0,74.2,0.7351,0.2402,0,62.33512,-174.57173,71,-0.5,7,NBS,10
10.02,0.21,0.51,0.72,0.05,2.57,0,0,0.27,0,42.63,0,0,50.48,0.6,1.85,2.23,3.21,1.27,0,2.73,0,1,1.79,9.11,1.48,40.76,28.08,1.63,0.31,0,0,2.63,1.04,0.59,0,0,0.51,3.7,0.57,0,0,11.85,4.81,23.95,0,0,1.67,0,0,7.05,0,1.03,48.05,0.28,1.63,3.12,3.4,0.7,2.21,0,0,0,2.04,0,4.91,0.05,12.75,0.95,7.7,71.27,173.57,98.17,1.38,71.94,0.27,0.09,48.76,3.13,1.18,0.97,1.45,13.64,3.77,2019-143,2019,201902,W-26,451.948441,0.0141509820878085,208473.85302972078,162,2,2,57.71,0,61.4,0.9754,0.2233,0,62.33512,-174.57173,71,-0.5,7,NBS,10
NA,NA,NA,NA,NA,NA,NA,NA,NA,NA,NA,NA,NA,NA,NA,NA,NA,NA,NA,NA,NA,NA,NA,NA,NA,NA,NA,NA,NA,NA,NA,NA,NA,NA,NA,NA,NA,NA,NA,NA,NA,NA,NA,NA,NA,NA,NA,NA,NA,NA,NA,NA,NA,NA,NA,NA,NA,NA,NA,NA,NA,NA,NA,NA,NA,NA,NA,NA,NA,NA,NA,NA,NA,NA,NA,NA,NA,NA,NA,NA,NA,NA,NA,NA,2019-144,2019,201902,W-26,451.948441,0.0141509820878085,208473.85302972078,162,2,2,57.9,0,59.9,0.7927,0.2082,0,62.33512,-174.57173,71,-0.5,7,NBS,10
10.77,0.21,0.57,0.8,0.06,2.82,0,0,0.34,0,56.73,0,0,61.81,0.66,2.17,2.72,3.27,1.62,0,3.47,0,0.94,1.78,10.34,1.28,56.58,37.11,1.73,0.37,0,0,3.54,2.06,0.71,0,0,0.79,3.29,1.05,0,0,14.03,4.89,31.09,0,0,2.31,0,0,9.44,0,1,55.01,0.29,1.54,3,2.48,0.53,4.31,0,0,0.33,1.93,0,5.53,0.08,14.84,0.82,8.91,88.96,217.95,116.13,1.31,81.39,0.27,0.07,57.03,4.33,1.09,0.83,1.52,18.79,3.71,2019-145,2019,201902,W-26,451.948441,0.0141509820878085,208473.85302972078,162,2,2,59.34,0,57,1.0696,0.2555,0,62.33512,-174.57173,71,-0.5,7,NBS,10
13.11,0.26,0.69,0.75,0.06,3.24,0,1.04,0.2,0,69.37,0,0,81.96,0.67,2.1,2.4,4.13,1.55,0,3.85,0,1.11,2.44,11.7,1.14,19.9,18.7,1.75,0.33,0,0,3.27,1.3,0.79,0,1.15,0.76,4.16,0.75,0,0,12.29,5.58,27.96,0,0,1.91,0,0.13,8.6,0,1.28,60.71,0.33,1.91,3.51,3.33,0.95,2.69,0.07,0,0,2.2,0,4.85,0.05,14.58,0.97,9.8,106.29,180.69,121.54,1.14,87.52,0.24,0.07,54.59,4.03,1.18,0.95,1.06,19.72,4.16,2019-146,2019,201902,W-26,451.948441,0.0141509820878085,208473.85302972078,162,2,2,56.35,0,53.9,0.7523,0.2223,0,62.33512,-174.57173,71,-0.5,7,NBS,10
11.96,0.6,0.34,0.64,0.12,1.68,0,0,1.7,0,41.23,0,0,53.22,0.72,1.98,1.75,5.7,1.14,0,3,0.29,1,3.49,8.38,1.5,27.66,23.6,1.83,0,0,0,2.41,1.57,0.68,0,1.44,0,4.61,0,0.57,0,10.92,4.93,11.25,0,0,1.97,0,0.09,3.43,0,1.47,49.7,0.33,7.78,2.6,4.06,0.91,1.15,0,0,0,0.76,0,4.27,0.08,13.48,1.16,8.16,72.24,151.86,101.04,1.4,74.53,0.27,0.12,41.54,2.41,1.29,1.23,1.17,11.56,3.69,2019-147,2019,201902,ZZ-24,249.872683,0.0145769275375977,129981.0769528085,162,46,1,59.43,8.34,71.8,1.1738,0.3271,0,63.33692,-173.40604,71,0,8,NBS,12
6.74,0.28,0.22,0.29,0.05,1.3,0,0,0.84,0,27.91,0,0,38.51,0.38,0.96,0.73,3.72,0.81,0.02,2.38,0,0.56,3.3,5.73,0.81,17.87,16.94,1.12,0,0,0,1.64,1.24,0.6,0,0.85,0.36,4.58,0,0,0,7.6,2.55,10.37,0,0,0.78,0,0.06,3.27,0,1.09,47.01,0.17,5.39,1.81,1.02,0.47,1.54,0.06,0,0.02,0.9,0,3.75,0.02,11.46,0.81,4.18,45.9,105.41,89.59,1.95,68.88,0.24,0.13,28.75,2,1.38,1.07,1.06,8.4,4.1,2019-148,2019,201902,ZZ-24,249.872683,0.0145769275375977,129981.0769528085,162,46,1,56.35,6.6,59.8,0.6835,0.1912,0,63.33692,-173.40604,71,0,8,NBS,12
8.78,0.45,0.24,0.49,0.09,1.66,0,0,0.68,0,34.18,0,0,50.99,0.56,1.59,1.41,4.78,0.84,0.02,1,0,0.84,2.83,6.64,1.22,22.77,20.93,1.3,0,0,0,1.98,1.41,0.61,0,1.14,0.39,4.14,0,0.39,0,6.59,2.9,10.82,0,0,1.15,0,0.09,3.16,0,1.32,45.04,0.25,2.55,2.43,1.61,0.53,1.26,0,0,0.25,0.61,0,3.64,0.06,9.35,0.6,5.94,57.61,125.51,85.42,1.48,64.71,0.21,0.1,26.9,2.37,1.49,0.98,1.09,12.31,4.82,2019-149,2019,201902,ZZ-24,249.872683,0.0145769275375977,129981.0769528085,162,46,1,54.5,7.13,62.9,0.6489,0.2011,0,63.33692,-173.40604,71,0,8,NBS,12
14.6,0.4,0.4,0.64,0.13,1.92,0,0,1.11,0,50.85,0,0,54.02,0.67,2.16,1.67,7.06,1.31,0,1.31,0,1.26,4.14,11.66,1.55,46.15,31.3,2.35,0.66,0,0,2.84,1.51,0.83,0,1.36,0.63,4.72,0,1.28,0,15.28,8.32,19.26,0,0,1.92,0,0.14,4.5,0,1.49,54.17,0.37,8.83,3.3,2.06,0.79,2.05,0.09,0,0.03,1.21,0,5.86,0.04,19.62,1.72,7.64,88.3,195.87,117.4,1.33,87.84,0.36,0.12,57.05,3.47,1.06,1.16,1.47,11.45,2.76,2019-150,2019,201902,ZZ-24,249.872683,0.0145769275375977,129981.0769528085,162,46,2,54.37,0,52.6,0.5085,0.208,0,63.33692,-173.40604,71,0,8,NBS,12
7.73,0.28,0.27,0.33,0.06,1.23,0,0,0.84,0,26.59,0,0,36.63,0.38,1.1,0.96,3.62,0.78,0,2.14,0.2,0.61,2.8,5.65,0,16.57,14.87,0,0,0,0,1.57,1.06,0.52,0,0.84,0,3.95,0,0.35,0,6.6,2.39,8.87,0,0,0.87,0,0.05,2.98,0,1.02,40.84,0.18,4.58,2.37,1.94,0.4,0.9,0,0,0,0.56,0,3.11,0.05,9.76,0.82,4.71,46.17,96.5,77.54,1.68,59.29,0.24,0.13,26.75,1.57,1.38,1.16,1.11,9.27,4.18,2019-151,2019,201902,ZZ-24,249.872683,0.0145769275375977,129981.0769528085,162,46,1,56.1,7.16,63.6,0.5707,0.1708,0,63.33692,-173.40604,71,0,8,NBS,12
NA,NA,NA,NA,NA,NA,NA,NA,NA,NA,NA,NA,NA,NA,NA,NA,NA,NA,NA,NA,NA,NA,NA,NA,NA,NA,NA,NA,NA,NA,NA,NA,NA,NA,NA,NA,NA,NA,NA,NA,NA,NA,NA,NA,NA,NA,NA,NA,NA,NA,NA,NA,NA,NA,NA,NA,NA,NA,NA,NA,NA,NA,NA,NA,NA,NA,NA,NA,NA,NA,NA,NA,NA,NA,NA,NA,NA,NA,NA,NA,NA,NA,NA,NA,2019-152,2019,201902,ZZ-24,249.872683,0.0145769275375977,129981.0769528085,162,46,2,50.24,0,42.9,0.575,0.1759,0,63.33692,-173.40604,71,0,8,NBS,12
14.69,0.59,0.39,0.68,0.13,2.39,0,0,1.13,0,51.47,0,0,63.1,0.71,2.24,1.62,9.11,1.46,0,4.07,0,1.51,5.34,12.99,1.97,40.89,31,2.15,0,0,0,3.25,2.32,1.04,0,1.51,0.62,6.63,0,0,0,13.22,6.86,20.81,0,0,2.04,0,0.14,5.99,0,1.72,76.26,0.31,7.17,3.75,2.27,1.05,2.81,0.33,0,0,1.08,0,6.94,0.06,20.7,1.37,8.19,89.91,195.68,154.31,1.72,114.7,0.27,0.15,54.08,3.87,1.23,1.3,1.32,9.52,3.68,2019-153,2019,201902,ZZ-24,249.872683,0.0145769275375977,129981.0769528085,162,46,2,57.46,0,59.3,0.6889,0.1607,0,63.33692,-173.40604,71,0,8,NBS,12
15.94,0.45,0.49,0.66,0.13,1.81,0,0.82,1.68,0,52.53,0,0,68.54,0.76,2.41,2.18,6.41,1.32,0,3.74,0,1.3,4.96,10.53,1.91,38.16,32.16,2.47,0.68,0,0,2.83,1.99,0.83,0,1.46,0.52,5.75,0,1.23,0,13.99,5.17,15.37,0,0,1.48,0,0.09,4.72,0,1.57,64.58,0.35,9.43,2.62,2.32,1.14,2.29,0.12,0,0.07,1.48,0,6.28,0.03,16.47,1.37,9.7,92.15,195.44,129.98,1.41,96.59,0.26,0.12,48.9,3.34,1.3,1.23,1.19,11.93,3.92,2019-154,2019,201902,ZZ-24,249.872683,0.0145769275375977,129981.0769528085,162,46,1,59.85,7.56,80.2,1.055,0.3942,0,63.33692,-173.40604,71,0,8,NBS,12
8.87,0.41,0.21,0.4,0.07,1.54,0,0,0.68,0,33.4,0,0,43.42,0.45,1.45,1.1,3.73,1.06,0,2.35,0,0.93,2.84,8.46,1.31,24.2,18.45,1.27,0,0,0,1.8,1.34,0.59,0,1.05,0.45,3.92,0.42,0,0,7.91,3.47,12.86,0,0,1.33,0,0.07,3.76,0,1.2,46.42,0.21,3.55,2.56,1.51,0.63,1.58,0,0,0.5,0.78,0,4.83,0.03,12.16,0.77,5.24,57.74,121.94,92.61,1.6,69.9,0.26,0.11,31.85,2.25,1.3,1.03,1.31,11.07,3.82,2019-155,2019,201902,ZZ-24,249.872683,0.0145769275375977,129981.0769528085,162,46,2,57.26,0,63.2,0.6496,0.1839,0,63.33692,-173.40604,71,0,8,NBS,12
14.37,0.51,0.35,0.44,0.11,2.15,0,0.51,0.89,0,46.8,0,0,70.05,0.71,1.61,1.34,6.87,1.17,0,4.2,0,0.82,6.93,10.37,1.13,28.86,25.78,1.71,0.63,0,0,2.8,2.07,0.99,0,1.61,0.65,8.31,2.78,0,0.02,10.19,3.98,15.74,0,0,1.58,0,0.08,4.95,0,1.86,76.42,0.28,4.67,3.15,1.53,0.64,1.94,0.07,0,0,1.56,0,5.97,0.07,18.98,1.26,7.05,80.69,169.74,152,1.88,113.08,0.25,0.14,39.26,3.44,1.5,0.98,1.12,8.43,4.03,2019-156,2019,201902,ZZ-24,249.872683,0.0145769275375977,129981.0769528085,162,46,2,54.65,0,52.7,0.7356,0.1844,0,63.33692,-173.40604,71,0,8,NBS,12
9.53,0.39,0.26,0.47,0.07,1.65,0,0.47,0.9,0,35.32,0,0,45.02,0.57,1.51,1.22,5.03,1.02,0,2.95,0,1.01,4.02,9.42,0.97,26.33,20.24,1.42,0.56,0,0,2.24,1.57,0.77,0,1.23,0.56,5.51,0,0,0,8.16,3.76,12.13,0,0,1.35,0,0.08,4.45,0,1.71,60.46,0.24,4.45,2.64,1.61,0.67,1.39,0,0,0.34,1.57,0,6.07,0.06,20.81,1.37,6.29,62.35,129.5,123.69,1.98,96.12,0.34,0.14,32.76,2.79,1.27,1.1,1.3,8.18,2.91,2019-157,2019,201902,ZZ-24,249.872683,0.0145769275375977,129981.0769528085,162,46,2,51.17,0,47.2,0.6304,0.148,0,63.33692,-173.40604,71,0,8,NBS,12
0.56,0.05,0.04,0.07,0.05,0.37,0,0,0.04,0,5.78,0,0,2.53,0.18,0.03,0.38,0.34,0.41,0,0.41,0,0.52,0.04,2.08,0,3.98,4.18,0,0.08,0,0,0.68,0.14,0.15,0,0,0.13,0.06,0.08,0,0,0.83,0.51,1.6,0,0.42,0,0,0,2.64,0,0.08,12.2,0.19,0,0,1.22,0,0.13,0,0,0.2,0.24,0,1.39,0.1,4.59,0.21,0.94,10.11,15.35,24.42,2.42,18.96,0.38,0.13,4.14,0.81,0.44,1.06,0.95,42.13,2.66,2019-158,2019,201901,Q-21,573.04314,0.0140845790630259,119741.31867577978,94,133,1,84.01,12.75,204.8,1.4572,0.1373,0,60.32928,-170.6645,62,2.6,4,EBS,9
0.85,0.06,0.05,0.11,0.09,0.46,0,0,0.18,0,9.72,0,0,3.86,0.13,0.71,0.8,1.24,0.69,0,0.54,0,0.88,0.13,4.3,0,8.83,10.32,0,0.21,0,0,1.29,0.42,0.33,0,0,0.27,0.18,0.18,0,0,2.92,2.47,7.35,0,0,1.2,0,0,4.38,0,0.18,19.41,0.38,0,2.01,1.79,0.19,0.61,0,0,0,0.68,0,2.65,0.27,8.03,0.51,2.35,18.62,40.46,42.79,2.3,31.6,0.41,0.17,16.55,1.56,0.4,1.04,0.86,21.32,2.42,2019-159,2019,201901,Q-21,573.04314,0.0140845790630259,119741.31867577978,94,133,1,78.61,11.71,168.2,1.4669,0.0811,0,60.32928,-170.6645,62,2.6,4,EBS,9
NA,NA,NA,NA,NA,NA,NA,NA,NA,NA,NA,NA,NA,NA,NA,NA,NA,NA,NA,NA,NA,NA,NA,NA,NA,NA,NA,NA,NA,NA,NA,NA,NA,NA,NA,NA,NA,NA,NA,NA,NA,NA,NA,NA,NA,NA,NA,NA,NA,NA,NA,NA,NA,NA,NA,NA,NA,NA,NA,NA,NA,NA,NA,NA,NA,NA,NA,NA,NA,NA,NA,NA,NA,NA,NA,NA,NA,NA,NA,NA,NA,NA,NA,NA,2019-160,2019,201901,Q-21,573.04314,0.0140845790630259,119741.31867577978,94,133,1,84.69,11.99,211.7,1.4069,0.1135,0,60.32928,-170.6645,62,2.6,4,EBS,9
0.33,0.02,0.02,0.03,0,0.2,0,0,0.04,0,4.25,0,0,1.78,0.06,0.23,0.24,0.25,0.29,0,0.22,0.05,0.4,0.03,1.54,0,2.9,3.12,0,0.05,0,0,0.52,0.13,0.12,0.05,0,0.13,0.05,0.06,0,0,0.59,0.33,1.42,0,0,0.27,0,0,1.6,0,0.05,7.45,0.14,0,0.9,0.5,0.03,0.12,0,0,0,0.17,0,0.67,0.06,2.77,0.14,0.8,7.43,11.88,15.04,2.02,11.53,0.37,0.13,3.75,0.65,0.42,0.89,0.93,33.32,2.69,2019-161,2019,201901,Q-21,573.04314,0.0140845790630259,119741.31867577978,94,133,1,80.02,11.85,193.5,0.8798,0.1296,0,60.32928,-170.6645,62,2.6,4,EBS,9
1.17,0.04,0,0.13,0.1,0.44,0,0,0.15,0,6.99,0.05,0,3.89,0.14,0.48,0.63,0.96,0.43,0,0.41,0,0.56,0.06,2.21,0,4.67,5.91,0,0.11,0,0,1.12,0.3,0.17,0,0.13,0.21,0.17,0.14,0,0,1.36,0.72,2.39,0,0.6,0,0,0,2.03,0,0.13,11.23,0.21,0.25,0.59,0.66,0.1,0.25,0,0,0,0.27,0,1.44,0.07,4.46,0.33,1.92,13.05,21.09,24.71,1.89,18.2,0.4,0.15,5.97,1.33,0.56,0.89,0.79,23.09,2.51,2019-162,2019,201901,Q-21,573.04314,0.0140845790630259,119741.31867577978,94,133,1,83.66,12.29,188,0.5902,0.067,0,60.32928,-170.6645,62,2.6,4,EBS,9
7.35,0.13,0.32,0.82,0.05,1.78,0,0,0.25,0,35.66,0,0,42.04,0.58,2.04,2.78,2.71,1.14,0,2.22,0,0.72,1.43,8.3,1.57,34.14,24.92,1.49,0.31,0,0,2.43,1.28,0.56,0,0,0.32,2.68,0.57,0,0,9.59,3.94,18.89,0,0,1.62,0,0,5.32,0,0.83,36.08,0.22,1.49,2.53,1.75,0.35,1.83,0,0,0,1.14,0.14,5.31,0.12,9.9,0.82,7.72,60.64,144.37,77.45,1.28,55.99,0.27,0.08,38.19,2.75,1.18,0.9,1.37,15.66,3.65,2019-163,2019,201902,W-27,193.027395,0.01495924640185965,67622.14170589813,162,1,1,78.37,11.96,182.9,0.7455,0.1372,0,62.31661,-175.31904,80,0.2,7,NBS,10
5.26,0.15,0.22,0.57,0.41,1.76,0,0,0.1,0,27.12,0,0,33.02,0.48,1.5,2,1.83,0.79,0,1.51,0.21,0.76,0.96,6.61,0,18.15,13.73,0,0.22,0,0,1.75,0.67,0.39,0,0.74,0.42,2.35,0.49,0,0,8.35,3.92,16.47,0,0,1.72,0,0,5.73,0,1.04,43.45,0.17,0,3.34,2.5,0.52,1,0,0,0,1.53,0,4.64,0,10.77,0.7,6.55,46.45,101.3,82.29,1.77,63.44,0.25,0.08,34.58,2.17,1.22,0.74,1.32,14.03,4.03,2019-164,2019,201902,W-27,193.027395,0.01495924640185965,67622.14170589813,162,1,1,77.43,12.53,170.1,0.9133,0.1516,0,62.31661,-175.31904,80,0.2,7,NBS,10
7.77,0.17,0.25,0.73,0.05,1.95,0,0,0.26,0,33.83,0,0,40.9,0.6,1.94,2.56,2.96,1.14,0,1.2,0.28,0.78,1.87,8.29,1.31,26.16,20.39,0,0.31,0,0,2.42,1.29,0.61,0,1.06,0.68,3.78,0.47,0,0,9.92,4.01,20.69,0,0,1.67,0,0,6.42,0,1.23,47.46,0.22,1.22,3.13,2.52,0.43,1.71,0,0,0,1.77,0,5.98,0.04,12.03,0.78,7.77,58.93,132.49,95.83,1.63,71.95,0.25,0.08,41.49,3.1,1.21,0.66,1.28,10.82,3.95,2019-165,2019,201902,W-27,193.027395,0.01495924640185965,67622.14170589813,162,1,1,84.43,12.49,223.4,1.0083,0.2145,0,62.31661,-175.31904,80,0.2,7,NBS,10
0.59,0.04,0,0.06,0,0.22,0,0,0.04,0,7.53,0,0,2.35,0.06,0.58,0.43,0.3,0.58,0,0.32,0.06,0.62,0,2.64,0,6.31,6.33,0,0.13,0,0,0.76,0.21,0.14,0,0,0.09,0.08,0.1,0,0,0.85,0.79,0,0,0,0.48,0,0,3.85,0,0.08,16.77,0.16,0,1.34,1.51,0,0.09,0.67,0,0,0.5,0,1.46,0.12,7.37,0.42,1.38,12.99,20.15,33.87,2.61,27.13,0.44,0.11,4.48,0.84,0.31,0.91,1,31.37,2.28,2019-166,2019,201901,P-21,976.856988,0.01323881807263125,43684.886130099534,94,134,1,85.46,12.13,208.3,0.8845,0.068,0,60.01924,-170.63711,64,2.7,4,EBS,9
NA,NA,NA,NA,NA,NA,NA,NA,NA,NA,NA,NA,NA,NA,NA,NA,NA,NA,NA,NA,NA,NA,NA,NA,NA,NA,NA,NA,NA,NA,NA,NA,NA,NA,NA,NA,NA,NA,NA,NA,NA,NA,NA,NA,NA,NA,NA,NA,NA,NA,NA,NA,NA,NA,NA,NA,NA,NA,NA,NA,NA,NA,NA,NA,NA,NA,NA,NA,NA,NA,NA,NA,NA,NA,NA,NA,NA,NA,NA,NA,NA,NA,NA,NA,2019-167,2019,201901,P-21,976.856988,0.01323881807263125,43684.886130099534,94,134,1,96.18,14.49,294.3,1.037,0.1994,0,60.01924,-170.63711,64,2.7,4,EBS,9
1.12,0.03,0,0.12,0.08,0.45,0,0,0.12,0,9.06,0,0,3.89,0.12,0.61,0.63,0.93,0.54,0,0.46,0,0.77,0.09,3.11,0,8.43,7.74,0,0.16,0,0,1.04,0.33,0.19,0,0.18,0.22,0.16,0.17,0,0,1.79,1.39,3.54,0,0,0.82,0,0,4.18,0,0.13,18.99,0.2,0.6,0.72,0.85,0.11,0.3,0,0,0,0.5,0,2.42,0.09,8.27,0.41,2,16.15,29.64,40.24,2.49,30.95,0.44,0.15,8.89,1.26,0.43,0.99,1.09,25.02,2.3,2019-168,2019,201901,P-21,976.856988,0.01323881807263125,43684.886130099534,94,134,1,92.53,13.89,247.7,0.6161,0.0742,0,60.01924,-170.63711,64,2.7,4,EBS,9
0.62,0.04,0,0.12,0.1,0.46,0,0,0.03,0,7.83,0,0,2.79,0.11,0.68,0.65,0.35,0.56,0,0.46,0,0.8,0,2.75,0,5.86,5.43,0,0.12,0,0,0.87,0.18,0.22,0.16,0,0.18,0.09,0.15,0,0,0.84,0.74,1.56,0,0.56,0,0,0,4.14,0,0.1,17.73,0.18,0.18,1.79,0.96,0.05,0.13,0,0,0,0.36,0,2.02,0.06,6.74,0.47,2.03,14.23,20.86,35.14,2.47,27.67,0.38,0.13,6.07,1.05,0.36,0.96,1.08,31.73,2.63,2019-169,2019,201901,P-21,976.856988,0.01323881807263125,43684.886130099534,94,134,1,85.29,13.28,198.8,0.79,0.127,0,60.01924,-170.63711,64,2.7,4,EBS,9
1.4,0.04,0,0.19,0.02,0.55,0,0,0.13,0,11.8,0,0,4.95,0.2,0.02,0.81,1.1,0.6,0,0.53,0,0.74,0.14,3.28,0.29,8.99,8.24,0,0,0,0,1.31,0.36,0.2,0,0.18,0.15,0.15,0.2,0,0,1.55,0.94,3.17,0,0,0.79,0,0,4.05,0,0.18,22.62,0.25,0.48,1.61,1.14,0.15,0.39,0,0,0.34,0.44,0,2.27,0.09,10.27,0.43,1.72,19.18,31.97,46.54,2.43,36.38,0.45,0.13,8.88,1.46,0.42,0.98,1.09,32.26,2.2,2019-170,2019,201901,P-21,976.856988,0.01323881807263125,43684.886130099534,94,134,1,83.62,12.86,190.9,0.7841,0.1046,0,60.01924,-170.63711,64,2.7,4,EBS,9
21.95,0.39,0.48,0.7,0.12,4.35,0,0.94,0.59,0,55.38,0,0,58.54,1.02,2.8,2.28,4.59,2.34,0,5.4,0,2.69,2.13,13.93,2.25,37.34,30.46,1.4,0.38,0,0,13.73,1.32,1.82,0,1.28,1.35,3.99,0.78,0,0,9.94,5.06,19.61,0,0,5.66,0,0,4.87,0,1.51,55.34,0.43,1.68,4.2,2.37,1.15,2.82,0,0,0,1.12,0,5.17,0.16,24.66,0.79,11.79,106.37,175.52,141.39,1.33,94.72,0.45,0.11,42.86,15.08,1.06,0.61,1.23,14.66,2.24,2019-171,2019,201901,N-19,8131.876574,0.0135584762909112,17862.499797440272,94,126,2,52.34,0,47.6,0.8538,0.2245,0,59.34803,-169.22843,50,4.1,3,EBS,6
25.75,0.35,0.62,0.71,0.16,4.32,0,1.01,0.6,0,59.03,0,0,61.47,0.96,2.73,2.35,4.37,2.19,0,4.91,0,2.76,2.11,14.5,2.33,41.49,34.02,1.4,0.45,0,0,14.65,1.39,1.94,0,1.31,1.37,4.43,0.69,1.64,0,9.95,5.93,20.38,0,0,6.36,0,0.24,5.81,0,1.6,59.06,0.34,1.57,2.04,1.95,1.19,2.9,0.09,0,0,1.19,0,5.06,0.17,25.05,0.68,11.87,116.08,185.23,148.22,1.28,99.42,0.42,0.1,41.82,16.03,1.04,0.55,1.22,13.87,2.36,2019-172,2019,201901,N-19,8131.876574,0.0135584762909112,17862.499797440272,94,126,2,54.38,0,47.4,0.5434,0.1878,0,59.34803,-169.22843,50,4.1,3,EBS,6
27.08,0.44,0.66,0.87,0.2,5.49,0,1.35,0.94,0,75.02,0,0,78.39,1.13,3.6,3.01,5.53,2.6,0,6.83,0,3.09,2.62,16.52,2.26,50,38.42,1.55,0.46,0,0,16.08,1.44,2.16,0,1.4,1.73,5.47,0.93,0,0,10.66,5.56,22.12,0,0,6.4,0,0.27,6.52,0,1.8,64.02,0.38,1.3,1.59,1.75,1.18,2.9,0.09,0,0,1.3,0,5.96,0.12,25.95,0.72,15.45,137.89,216.57,163.38,1.18,108.11,0.41,0.1,42.98,17.81,1.04,0.62,1.3,14.33,2.47,2019-173,2019,201901,N-19,8131.876574,0.0135584762909112,17862.499797440272,94,126,2,57.96,0,61.9,1.0046,0.2697,0,59.34803,-169.22843,50,4.1,3,EBS,6
15.07,0.32,0.38,0.4,0.08,2.68,0,0,0.43,0,38.9,0,0,44.27,0.71,1.88,1.59,3.24,1.37,0,3.61,0,1.88,1.94,9.25,1.42,28.84,21.89,0,0.26,0,0,10.31,0.91,1.3,0,0.85,1.09,4.36,0.68,0.5,0,6.1,3.69,13.02,0,0,4.09,0,0,4.62,0,1.28,55.42,0.21,0,2.07,1.79,0.81,1.74,0,0,0,0.96,0,4.07,0,24.3,0.55,7.06,72.67,125.01,127.46,1.75,92.41,0.44,0.11,26.67,11.41,1.14,0.55,1.32,10.15,2.28,2019-174,2019,201901,N-19,8131.876574,0.0135584762909112,17862.499797440272,94,126,2,54.51,0,50.7,0.6936,0.2372,0,59.34803,-169.22843,50,4.1,3,EBS,6
8.9,0.18,0.14,0.3,0.05,1.77,0,0,0.25,0,20.17,0,0,20.7,0.47,1.47,1.12,1.9,1.05,0,1.98,0,1.26,1.07,6.31,0,10.07,12.04,0,0.2,0,0,5.6,0.62,0.79,0,0.55,0.76,2.12,0.37,0,0,4.47,2.15,10.03,0,0,2.99,0,0,2.76,0,0.83,33.68,0.19,0,0.99,1.04,0.48,1.09,0,0,0.08,0.54,0,3.34,0,15.5,0.34,4.95,41.75,62.64,78.32,1.88,57.5,0.46,0.13,18.67,6.37,1.03,0.57,0.84,9.76,2.17,2019-175,2019,201901,N-19,8131.876574,0.0135584762909112,17862.499797440272,94,126,1,80.59,11.05,176.1,0.8755,0.1737,0,59.34803,-169.22843,50,4.1,3,EBS,6
10.71,0.26,0.54,0.93,0.06,2.69,0,0,0.44,0,42.43,0,0,55.18,0.78,2.42,3.07,4.03,1.64,0,3.34,0,1.38,2.1,10.73,1.72,36.9,34.51,1.83,0.41,0,0,3.26,1.93,0.97,0,0,0.92,3.92,0.78,0,0,13.44,5.73,29.87,0,0,2.74,0,0,8.44,0,1.35,55.61,0.29,2.62,4.96,3.34,0.88,4.41,0,0,0,1.93,0,7.27,0.15,12.94,1.07,9.61,75.84,192.91,118.19,1.56,83.39,0.23,0.1,59.96,4.19,1.3,0.92,1.07,14.09,4.3,2019-176,2019,201902,W-27,193.027395,0.01495924640185965,67622.14170589813,162,1,1,88.29,12.31,235.2,1.6996,0.2134,0,62.31661,-175.31904,80,0.2,7,NBS,10
14.79,0.43,0.39,0.94,0.15,2.07,0,0.97,1.58,0,70.54,0,0,62.29,0.73,3.07,2.51,10.01,1.55,0,5.76,0.26,1.42,8.53,14.1,1.53,46.92,38.91,0.18,0.73,0,0,3.24,2.66,0.94,0,1.69,0.57,6,0,0,0,12.4,5.9,17.9,0,0,1.04,0,0,4.24,0,1.6,74.55,0.36,4.47,2.67,2.52,0.71,2.87,0,0,0.27,1.33,0,4.44,0.04,15.59,0.53,11.54,113.09,198.32,147.45,1.3,104.16,0.21,0.16,45.85,3.81,0.88,1.7,1.21,10.38,4.78,2019-177,2019,201902,EE-18,4746.653277,0.0140194151399808,92835.47187987632,162,20,1,56.47,7.24,69.1,1.0054,0.2723,0,65.01249,-169.11489,49,2.3,9,NBS,13
13.72,0.43,0.32,0.92,0.15,1.94,0,0.85,1.12,0,74.4,0,0,64.16,0.73,2.8,2.15,8.75,1.51,0,5.28,0,1.07,7.46,15.99,1.44,53.25,41.64,1.98,0.77,0,0,3.05,2.45,0.91,0,1.71,0.54,5.91,0,0,0,8.56,6.68,19.05,0,0,0.96,0,0.06,3.9,0,1.56,71.46,0.36,1.28,1.97,2.71,0.45,3.18,0,0,0.16,1.64,0,4.18,0.03,15.69,0.5,9.94,116.43,205.03,140.3,1.21,100.42,0.22,0.14,40.25,3.59,0.86,1.55,1.28,10.85,4.55,2019-178,2019,201902,EE-18,4746.653277,0.0140194151399808,92835.47187987632,162,20,1,62.66,8.96,85.8,0.7301,0.193,0,65.01249,-169.11489,49,2.3,9,NBS,13
14.43,0.51,0.32,0.77,0.13,2.05,0,0,0.72,0,52.7,0,0,53.55,0.9,2.88,1.51,9.99,1.55,0,5.6,0.36,1.45,8.85,11.85,1.45,35.27,36.62,2.08,0.64,0,0,2.84,2.65,1.02,0,2.11,0.48,6.95,0,1.72,0,10.1,6.56,21.3,0,0,1.75,0,0.13,5.9,0,2.17,83.35,0.4,1.61,3.33,3.33,1.25,3.28,0,0,0.51,1.19,0,5.01,0.04,17.51,0.96,8.42,91.39,178.38,163.88,1.79,116.93,0.21,0.19,46.23,3.31,1.02,1.61,0.96,7.7,4.76,2019-179,2019,201902,EE-18,4746.653277,0.0140194151399808,92835.47187987632,162,20,1,66.29,11.23,116.2,1.0169,0.2774,0,65.01249,-169.11489,49,2.3,9,NBS,13
10.69,0.37,0.38,0.9,0.14,1.49,0,0.9,1.12,0,45.45,0,0,45.14,0.75,2.5,2.3,7.8,1.16,0,4.61,0.21,0.9,7.5,10.07,1.59,38.01,30.3,2.73,0.64,0,0,2.74,2.53,0.71,0,1.94,0.54,5.05,0,0,0,8.9,5.72,15.17,0,0,1.43,0,0.1,3.73,0,1.61,66.3,0.34,1.94,2.87,3.23,0.89,2,0,0,0.46,1.2,0,5.54,0.11,16.77,0.72,9.55,77.64,158.31,134.25,1.73,96.71,0.25,0.19,37.83,3.28,0.99,1.54,1.25,8.94,3.95,2019-180,2019,201902,EE-18,4746.653277,0.0140194151399808,92835.47187987632,162,20,2,56.27,0,55.1,0.6082,0.1836,0,65.01249,-169.11489,49,2.3,9,NBS,13
12.9,0.44,0.35,0.74,0.13,1.77,0,0.72,0.79,0,54.94,0,0,58.26,0.65,2.73,1.97,9.49,1.4,0,6.18,0,1.07,9.5,13.51,1.32,45.57,42.01,0.16,0.71,0,0,3.29,2.73,1.08,0,1.91,0.64,7.65,0,0,0,9.1,7.05,20.75,0,0,1.44,0,0.09,5.37,0,2.12,84.43,0.34,2.18,2.56,2.26,0.8,3.47,0,0,0.24,1.35,0,4.75,0.03,17.31,0.36,8.86,92.51,193.27,164.83,1.78,117.98,0.21,0.19,43.89,3.93,1.06,1.52,1.08,7.61,4.88,2019-181,2019,201902,EE-18,4746.653277,0.0140194151399808,92835.47187987632,162,20,2,49.02,0,41.7,0.7711,0.2397,0,65.01249,-169.11489,49,2.3,9,NBS,13
11.06,0.43,0.28,0.54,0.1,1.32,0,0.43,0.64,0,48.14,0,0,47.38,0.52,1.8,0.84,9.11,0.95,0,5.6,0.24,0.86,9.61,10.99,0.69,39.6,30.62,1.38,0.42,0,0,2.14,2.04,0.79,0,1.67,0.46,6.7,0,0,0.04,4.63,5.39,13.15,0,0,0.82,0,0.06,3.77,0,1.93,71.82,0.32,1.09,2.39,2.06,0.13,1.55,0,0,0.5,0.96,0,3.02,0.03,12.39,0.39,5.92,77.65,150.23,135.91,1.75,97.23,0.17,0.21,28.71,2.59,0.98,1.82,1.29,7.07,5.8,2019-182,2019,201902,EE-18,4746.653277,0.0140194151399808,92835.47187987632,162,20,2,49.5,0,41.8,0.5153,0.1877,0,65.01249,-169.11489,49,2.3,9,NBS,13
11.62,0.48,0.29,0.63,0.13,1.41,0,0,0.88,0,44.85,0,0,51.94,0.6,2.12,0.57,9.83,1.22,0,6,0.34,1.08,10.07,10.49,1.16,33.31,33.09,1.15,0.4,0,0,2.91,2.34,0.93,0,1.72,0.5,7.23,0,0,0,6.57,5.21,14.63,0,0,0.98,0,0.08,4.33,0,1.97,78.04,0.28,2.1,2.58,2,0.63,2.31,0,0,0,1.07,0,3.33,0.07,12.89,0.33,6.1,74.84,155.7,148.15,1.98,105.03,0.17,0.22,33.1,3.41,1.16,1.73,1.01,7.18,6.05,2019-183,2019,201902,EE-18,4746.653277,0.0140194151399808,92835.47187987632,162,20,2,55.49,0,55,0.6205,0.2012,0,65.01249,-169.11489,49,2.3,9,NBS,13
12.89,0.36,0.36,0.6,0.36,1.42,0,0.56,1.14,0,49.23,0,0,43.83,0.56,2,1.14,7.85,1.09,0,4.53,0,0.71,7.34,10.29,0.92,38.28,29.26,2.05,0.38,0,0,2.42,1.96,0.69,0,1.45,0.16,4.6,2.55,0,0,9.87,5.9,12.95,0,0,1.06,0,0.08,3.04,0,1.37,53.47,0.29,6.36,2.1,1.83,0.62,1.71,0,0,0,0.78,0,3.24,0,10.48,1.05,7.22,81.44,155.69,110.03,1.35,74.03,0.2,0.18,39.02,2.58,0.89,1.48,1.31,9.53,5.1,2019-184,2019,201902,EE-18,4746.653277,0.0140194151399808,92835.47187987632,162,20,2,57.94,0,69.9,0.8346,0.2963,0,65.01249,-169.11489,49,2.3,9,NBS,13
2.43,0.1,0.08,0.27,0.16,0.59,0,0.4,0.26,0,10.89,0,0,5.67,0.34,1.02,1.06,1.51,0.6,0,0.64,0,0.87,0.34,3.61,0.82,10.13,8.65,1.09,0.21,0,0,0.94,0.45,0.23,0,0.34,0.16,0.35,0.13,0,0,3.66,1.53,4.41,0,0,0.8,0,0,3.95,0,0.22,20.71,0.39,0.36,1.19,3.29,0.38,0.77,0,0,0,0.43,0,2.3,0,9.53,0.44,3.77,21.79,41.85,45.05,2.07,34.14,0.46,0.17,14.43,1.1,0.52,1.29,1.17,16.15,2.17,2019-185,2019,201901,QP2524,1848.579017,0.015728067046296,272251.0011812556,162,163,2,50.19,0,38.4,0.5894,0.0607,0,60.16502,-172.99523,60,2.9,4,EBS,9
10.41,0.28,0.56,0.78,0.52,2.88,0,0.89,0.26,0,54.29,0,0,65.41,0.63,2.07,2.29,3.49,1.36,0,2.64,0,1.29,1.87,10.45,1.37,59.67,34.58,1.74,0.35,0,0,2.92,1.1,0.7,0,1.18,0.46,3.47,0.72,0,0,10.46,5.44,22.22,0,0,1.92,0,0.13,8.66,0,1.19,52.59,0.32,1.36,2.87,2.78,0.86,2.19,0,0,0,1.83,0,5.31,0.18,14.75,0.8,9.69,87.11,210.25,109.14,1.25,79.07,0.28,0.07,45.13,3.38,1.2,0.88,1.73,18.83,3.56,2019-186,2019,201902,W-27,193.027395,0.01495924640185965,67622.14170589813,162,1,2,58.03,0,49.2,0.8277,0.1922,0,62.31661,-175.31904,80,0.2,7,NBS,10
7.83,0.23,0.25,0.53,0.36,1.98,0,0.74,0.28,0,32.91,0,0,43.35,0.48,1.57,1.94,2.68,0.99,0,1.7,0,0.72,1.25,6.8,1.09,27.28,18.4,1.15,0.21,0,0,1.82,0.92,0.47,0,0.87,0.28,2.09,0.52,0,0,7.22,3.17,14.99,0,0,1.11,0,0.06,3.73,0,0.63,22.68,0.22,1.49,2.09,3.45,0.49,1.38,0,0,0,0.66,0,2.22,0,4.88,0.75,7.41,56.44,125.36,51.09,0.91,33.5,0.22,0.08,32.41,2.09,1.32,0.92,1.48,20.78,4.64,2019-187,2019,201902,W-27,193.027395,0.01495924640185965,67622.14170589813,162,1,1,83.49,12.11,211,0.6746,0.148,0,62.31661,-175.31904,80,0.2,7,NBS,10
6.65,0.08,0.23,0.24,0.16,1.88,0,0.86,0.09,0,23.79,0,0,16.15,0.39,2.4,1.56,1.51,1.26,0,1.28,0,2.2,0.07,9.2,2.11,20.21,12.47,1.41,0.29,0,0,2.21,0.49,0.52,0,0.72,0.56,1.12,0.36,0,0,6.97,3.69,11.16,0,0,2.73,0,0.23,3.9,0,0.87,35.8,0.45,0.44,0.67,2.09,1.16,1.4,0,0,0,0.55,0,4.02,0,26.55,0.63,7.21,48.87,78.91,88.03,1.8,71.12,0.74,0.11,25.01,2.77,0.68,0.85,1.62,14.49,1.35,2019-188,2019,201901,M-19,7173.04846,0.0131243644317885,6095.533266832498,94,127,1,80.47,12.32,196.2,0.994,0.1952,0,59.01471,-169.16542,54,4.4,3,EBS,6
0.92,0,0,0.2,0.09,0.39,0,0.22,0.06,0,6.45,0,0.58,1.88,0.1,0.68,0.54,0.52,0.53,0,0.44,0,1.07,0,3.11,0.89,6.83,5.14,0.62,0.15,0,0,0.66,0.23,0.21,0,0,0.11,0.1,0.07,0,0,1.66,0.87,2.56,0,0,0.86,0,0.07,2.7,0,0.22,15.44,0.22,0.21,0.32,0.81,0.16,0.32,0,0,0,0.23,0,1.93,0.09,8.04,0.46,2.17,13.56,23.08,33.3,2.46,26.9,0.52,0.18,6.43,0.77,0.29,1.48,1.33,19.23,1.92,2019-189,2019,201901,M-19,7173.04846,0.0131243644317885,6095.533266832498,94,127,1,82.24,11.11,201.9,2.0646,0.1585,0,59.01471,-169.16542,54,4.4,3,EBS,6
4.37,0.06,0.14,0.26,0.19,1.62,0,0.85,0.1,0,17.45,0,0,9.26,0.29,2.4,1.67,1.5,1.28,0,1.17,0,2.22,0.08,8.08,2.01,16.71,10.99,1.46,0.49,0,0,1.86,0.5,0.6,0,0.74,0.23,0.48,0.32,0,0,6.21,3.43,10.27,0,0,2.43,0,0.27,4.67,0,0.55,27.82,0.92,0.62,0.78,3.58,1.05,1.4,0,0,0,0.59,0,4.23,0.13,21.42,0.98,7.09,39.65,67.22,73.86,1.86,56.95,0.77,0.16,24.89,2.09,0.53,1.05,1.52,19.11,1.3,2019-190,2019,201901,M-19,7173.04846,0.0131243644317885,6095.533266832498,94,127,1,94.11,14.06,291.8,0.7763,0.144,0,59.01471,-169.16542,54,4.4,3,EBS,6
9.92,0.11,0.37,0.45,0.27,2.69,0,1.3,0.13,0,40.9,0,0,28.62,0.49,3.56,2.4,2.29,1.66,0,1.89,0,2.85,0.2,13.79,2.63,39.69,19.82,2,0.5,0,0,3.35,0.73,0.81,0,1.19,0.79,1.6,0.58,0,0,10.69,5.96,16.89,0,0,3.92,0,0.35,5.41,0,1.24,46.35,0.66,0.87,1.02,2.8,1.67,2.21,0,0,0,1.03,0,5.69,0,36.2,0.83,10.81,78.19,133.16,120,1.53,94.72,0.78,0.09,38.23,4.14,0.7,0.8,2,17.9,1.28,2019-191,2019,201901,M-19,7173.04846,0.0131243644317885,6095.533266832498,94,127,1,85.44,13.76,214.4,0.9807,0.2096,0,59.01471,-169.16542,54,4.4,3,EBS,6
10.51,0.1,0.28,0.4,0.3,2.97,0,1.55,0.32,0,37.19,0,0,26.07,0.59,3.7,2.43,2.34,1.55,0,2.18,0,3.02,0.22,12.92,2.81,33.38,19.41,2.17,0.47,0,0,3.96,0.78,0.85,0,1.17,0.84,1.7,0.58,0,0,10.95,5.84,18.88,0,0,5.56,0,0.3,6.75,0,1.36,53.06,0.46,0.9,1.2,3,1.91,2.54,0,0,0,0.97,0,6.38,0.18,42.37,0.75,11.68,74.88,126.73,138.55,1.85,108.74,0.8,0.11,40.78,4.8,0.7,0.78,1.72,15.3,1.25,2019-192,2019,201901,M-19,7173.04846,0.0131243644317885,6095.533266832498,94,127,1,83.95,12.91,213.2,0.6669,0.114,0,59.01471,-169.16542,54,4.4,3,EBS,6
2.61,0,0,0.55,0.38,1.02,0,0.57,0.25,0,12.61,0,0,7.87,0.35,1.48,1.13,1.11,1.07,0,0.8,0,1.4,0.28,5.54,0.95,8.69,10.12,1.1,0.29,0,0,1.15,0.73,0.28,0,0,0.25,0.4,0.26,0,0,5.12,0.73,7.49,0,0,0.91,0,0.09,5.28,0,0.26,29.66,0.19,0.33,0.96,2.95,0.39,1.03,0,0,0,0.53,0,4.58,0,11.02,0.68,5.38,27.49,47.63,60.32,2.19,47.57,0.37,0.15,17.59,1.4,0.62,1.17,0.86,19.54,2.69,2019-193,2019,201901,JI2019,18772.049118,0.01305736867904535,120734.9190139632,94,120,1,84.88,12.43,216.9,0.5542,0.0715,0,57.83261,-169.36258,66,3.9,2,EBS,5
2.6,0,0,0.61,0.28,0.89,0,0.58,0.19,0,11.54,0,0,6.69,0.26,1.41,1.28,1.26,0.87,0,0.69,0,1.15,0.21,4.64,1.03,9.76,9.47,1.18,0.31,0.11,0,1.05,0.63,0.31,0,0,0.17,0.28,0.15,0,0,5.1,1.39,5.51,0,0,0.96,0,0.08,4.89,0,0.22,25.29,0.25,0.67,1.15,1.44,0.31,0.92,0,0,0,0.52,0,3.09,0,10.39,1.14,5.24,25.22,45.08,52.6,2.09,40.58,0.41,0.15,15.25,1.22,0.58,1.23,1.03,24.11,2.44,2019-194,2019,201901,JI2019,18772.049118,0.01305736867904535,120734.9190139632,94,120,1,87.76,12.5,237.8,0.6742,0.1077,0,57.83261,-169.36258,66,3.9,2,EBS,5
5.72,0.2,0.25,0.62,2.37,1.4,0,1.21,0.3,0.05,21.3,0,0,17.15,0.52,1.88,1.98,2.19,1.52,0,0.96,0,1.92,1.38,8.22,1.29,17.87,17.26,1.71,0.35,0,0,2.31,1.6,0.65,0,0.87,0.24,1.24,0.31,0,0,7.93,2.39,9.43,0,0,1.47,0,0.25,7.91,0,0.44,49.05,1.16,1.05,2.59,5.1,0.56,1.63,0,0,0,0.84,0,4.66,0.14,17.24,1.86,9.76,48.33,86.75,97.46,2.02,74.78,0.35,0.14,28.49,2.54,0.8,0.9,1.04,13.86,2.85,2019-195,2019,201901,JI2019,18772.049118,0.01305736867904535,120734.9190139632,94,120,1,93.1,14.07,297.4,0.9057,0.1388,0,57.83261,-169.36258,66,3.9,2,EBS,5
3.74,0.14,0.18,0.46,1.24,1.23,0,0.91,0.24,0,16.03,0,0,11.77,0.45,1.48,1.39,1.85,1.06,0,0.87,0,1.62,0.64,5.82,1.19,13.51,13.47,1.42,0.26,0,0,1.69,1.13,0.45,0,0.68,0.18,0.64,0.23,0,0,6.7,1.9,8.54,0,0,1.12,0,0.13,5.07,0,0.36,36.77,0.67,0.64,1.41,7.11,0,1.38,0,0,0,0.61,0,3.86,0,14.56,0.87,6.96,34.56,69.42,73.7,2.13,57.98,0.4,0.15,26.3,1.87,0.73,1,1,18.37,2.53,2019-196,2019,201901,JI2019,18772.049118,0.01305736867904535,120734.9190139632,94,120,1,86.29,13.78,222,0.6779,0.11,0,57.83261,-169.36258,66,3.9,2,EBS,5
5.23,0,0.58,0.78,11.45,1.99,0,0,0.56,0.12,33.5,0,0,29.71,0.95,1.96,4.01,3.47,1.51,0,2.19,0,2.81,0.72,9.72,1.49,37.51,28.25,1.91,0.46,0,0,3.26,1.82,0.86,0,1.3,0.25,1.17,0.46,0,0,8.29,4.69,12,0,0,3.05,0,0.45,7.63,0,0.7,59.01,1.86,1.01,2.63,7.39,1.07,1.52,0,0,0,0.86,0,5.74,0.24,23.08,3.06,20.76,73.4,139.92,120.97,1.65,92.76,0.39,0.13,36,3.52,0.89,1.01,1.33,25.5,2.56,2019-197,2019,201901,L-20,8119.046467,0.0136777921669719,14860.297445578051,94,123,1,85.52,13.79,219,0.6689,0.092,0,58.66099,-169.78121,66,3.1,3,EBS,6
2.48,0,0.22,0.45,4.5,0.94,0,0,0.09,0.07,11.96,0,0,9.98,0.46,1.15,1.92,1.37,0.77,0,0.98,0,1.64,0.16,5.51,0.9,12.45,9.75,0.98,0.19,0,0,1.43,0.74,0.48,0,0,0.14,0.41,0.19,0,0,4.23,1.83,5.29,0,0,1.11,0,0.22,3.78,0,0.28,25.3,1.07,0.45,1.33,3.2,0.58,0.67,0,0,0,0.46,0,2.79,0.11,9.49,1.46,9.06,31.25,52.71,52,1.66,40.05,0.38,0.16,16.33,1.58,0.83,1.22,1.28,24.23,2.66,2019-198,2019,201901,L-20,8119.046467,0.0136777921669719,14860.297445578051,94,123,1,82.5,13.05,212.1,1.0211,0.1487,0,58.66099,-169.78121,66,3.1,3,EBS,6
4.05,0,0.18,0.6,5.86,1.34,0,0,0.28,0,19.51,0,0,15.57,0.72,1.53,2.84,2.16,1.16,0,1.33,0,1.52,0.4,6.54,0.83,19.12,19.33,1.57,0.24,0,0,2.16,1.14,0.54,0,0.79,0.39,0.58,0.29,0,0,4.67,2.22,5.75,0,0,1.33,0,0.14,6.37,0,0.42,38.11,0.48,0.51,1.24,1.84,0.36,0.6,0,0,0,0.58,0,4.01,0.14,17.42,0.91,12.47,44.5,74.7,80.49,1.81,62.45,0.46,0.13,16.24,2.55,0.8,0.92,0.99,26.82,2.19,2019-199,2019,201901,L-20,8119.046467,0.0136777921669719,14860.297445578051,94,123,1,85.05,12.63,167.5,0.7048,0.1111,0,58.66099,-169.78121,66,3.1,3,EBS,6
5.41,0,0.66,0.82,27.52,2.54,0,0,0.67,0.16,17.77,0,0,29.1,1.52,1.63,5.83,2.91,1.29,0,1.45,0,2.63,1.56,12.41,0.54,22.11,22.11,1.53,0.31,0,0,2.8,1.98,1.2,0,1.13,0.45,1.51,1.31,2.55,0,5.08,4.11,7.44,0,0,2.4,0,0.63,6.34,0,1.01,58.16,2.3,0.82,3.34,4.85,0.52,0.81,0,0,0,0.7,0,4,0.26,16.87,5.29,39.02,81.78,108.8,109.72,1.34,84.62,0.29,0.15,25.63,3.25,1.64,0.82,1,19.29,3.45,2019-200,2019,201901,L-20,8119.046467,0.0136777921669719,14860.297445578051,94,123,1,97.48,13.63,266.4,0.8224,0.1929,0,58.66099,-169.78121,66,3.1,3,EBS,6
2.34,0,0.21,0.4,9.06,1.03,0,0,0.28,0,9.91,0,0,10.77,0.69,1.18,2.43,1.17,0.84,0,0.93,0,1.41,0.33,4.93,0.58,11.43,10.82,0.97,0.23,0,0,1.39,0.7,0.52,0,0.52,0.12,0.33,0,0,0,3.28,1.71,3.59,0,0,1.14,0,0.22,4.01,0,0.29,26.34,1.05,0.23,1.12,5.15,0,0.38,0,0,0,0.34,0,2.61,0.13,8.35,1.8,14.38,33.8,52.57,50.89,1.51,39.46,0.32,0.15,15.07,1.5,1.09,1.07,1.06,32.48,3.15,2019-201,2019,201901,L-20,8119.046467,0.0136777921669719,14860.297445578051,94,123,1,91.61,13.85,271.6,1.1562,0.0723,0,58.66099,-169.78121,66,3.1,3,EBS,6
0.41,0,0,0.07,0.07,0.24,0,0.13,0,0,5.47,0,0,2.41,0.08,0.49,0.44,0.08,0.46,0,0.45,0,0.59,0,2.05,0.17,3.96,4.37,0.41,0.11,0,0,0.83,0.12,0.19,0,0,0.12,0.05,0.06,0,0,0.59,0.4,0.79,0,0,0.57,0,0,3.14,0,0,10.65,0.18,0,0.38,1.58,0,0,0,0,0,0.22,0,0.8,0,5.41,0.29,1.44,10.01,15.53,23.28,2.33,17.62,0.51,0.12,3.73,0.95,0.44,0.81,0.91,44.01,1.97,2019-202,2019,201901,Q-20,2373.273403,0.0134606455643187,77917.33873300937,94,132,1,83.1,13.84,179.4,0.683,0.0845,0,60.32774,-170.02717,52,2.9,4,EBS,9
1.58,0,0.14,0.5,4.77,0.87,0,0,0.27,0.06,11.1,0,0,8.24,0.42,1.26,2.07,1.67,0.97,0,0.81,0,1.34,0.28,4.44,0.56,9.54,10.86,0.91,0.23,0,0,1.24,0.83,0.37,0,0,0.07,0.36,0.15,0,0,3.81,1.82,5.53,0,0,1.06,0,0.2,4.58,0,0.27,23.21,0.82,0.49,1.33,2.39,0.34,0.92,0,0,0,0.59,0,2.84,0.14,8.86,1.24,9.74,29.04,47.51,49.79,1.71,36.95,0.38,0.17,15.36,1.31,0.74,1.36,0.88,23.06,2.62,2019-203,2019,201901,J-18,17667.363861,0.0129736505923596,360535.5899406321,94,98,1,81.68,12.43,184.5,0.9734,0.1859,0,58.01197,-168.44416,70,3.5,2,EBS,5
3.04,0.07,0.07,0.26,0.58,0.69,0,0.48,0.19,0,10.26,0,0,5.83,0.22,1.01,1.06,1.82,0.7,0,0.69,0,1.59,0.13,4.93,1.36,10.93,9.73,1.02,0.17,0.1,0,1.35,0.77,0.35,0,0.56,0.16,0.47,0.12,0,0,6.33,2.13,6.71,0,0,1.12,0,0.16,3.98,0,0.37,23.66,0.37,0.95,1.47,2.42,0.44,1.12,0,0,0,0.53,0,2.49,0,9.76,1.68,4.27,23.79,51.02,51.58,2.17,38.5,0.41,0.21,20,1.51,0.57,1.09,1.12,12.33,2.42,2019-204,2019,201901,J-18,17667.363861,0.0129736505923596,360535.5899406321,94,98,1,84.5,13.54,214.7,0.6913,0.0996,0,58.01197,-168.44416,70,3.5,2,EBS,5
7.49,0,0.29,0.78,3.24,2.12,0,1.83,0.59,0,41.58,0,0,28.2,0.78,2.84,2.96,4.74,1.91,0,1.82,0,3.38,0.87,13.55,2.29,34.95,27.7,2.42,0.44,0.21,0,3.75,1.93,0.81,0,1.37,0.25,1.97,0.45,0,0,12.76,5.05,18.73,0,0,2.67,0,0.43,8.13,0,1.05,60.69,1.25,2.21,3.22,5.6,1.11,3.47,0,0,0,1.51,0,6.65,0.25,24.11,2.44,14.37,80.82,147.08,130.92,1.62,98.1,0.4,0.13,47.58,4,0.68,1.01,1.26,14.33,2.52,2019-205,2019,201901,J-18,17667.363861,0.0129736505923596,360535.5899406321,94,98,1,84.12,12.94,215.4,1.3343,0.2931,0,58.01197,-168.44416,70,3.5,2,EBS,5
5.52,0,0.28,0.66,2.9,1.72,0,1.59,0.18,0.05,25.56,0,0,17.13,0.74,2.44,2.63,2.52,1.62,0,1.69,0,2.27,0.62,8.99,1.74,20.66,18.31,1.85,0.39,0,0,2.7,1.47,0.73,0,1,0.32,1.09,0.32,0,0,8.96,4.01,14,0,0,2.13,0,0.33,5.62,0,0.6,42.66,1.27,1.14,2.24,6.01,0.88,2.09,0,0,0,0.88,0,5.17,0.21,19.55,1.79,12.12,55.66,99.23,94.29,1.69,71.65,0.46,0.14,36.37,3.02,0.67,0.93,1.13,15.68,2.18,2019-206,2019,201901,J-18,17667.363861,0.0129736505923596,360535.5899406321,94,98,1,92.71,14.74,279.4,1.3803,0.2051,0,58.01197,-168.44416,70,3.5,2,EBS,5
0.05,0,0,0,0.04,0,0,0.02,0,0.03,0.2,0,0,0.16,0.02,0.04,0.06,0.06,0,0,0.02,0,0.16,0,0.15,0.03,0.12,0.15,0,0,0,0,0.02,0,0,0,0,0,0,0,0,0,0.15,0.02,0.08,0,0,0,0,0.03,0.1,0,0,0.59,0.31,0,0,0.09,0,0,0,0,0,0,0,0.13,0,0.08,0.18,0.16,0.93,0.99,1.16,1.26,0.96,0.13,0.39,0.33,0.02,0.79,11.46,0.76,NA,7.53,2019-207,2019,201901,J-18,17667.363861,0.0129736505923596,360535.5899406321,94,98,1,85.68,14.16,224.9,1.0687,0.4995,0,58.01197,-168.44416,70,3.5,2,EBS,5
NA,NA,NA,NA,NA,NA,NA,NA,NA,NA,NA,NA,NA,NA,NA,NA,NA,NA,NA,NA,NA,NA,NA,NA,NA,NA,NA,NA,NA,NA,NA,NA,NA,NA,NA,NA,NA,NA,NA,NA,NA,NA,NA,NA,NA,NA,NA,NA,NA,NA,NA,NA,NA,NA,NA,NA,NA,NA,NA,NA,NA,NA,NA,NA,NA,NA,NA,NA,NA,NA,NA,NA,NA,NA,NA,NA,NA,NA,NA,NA,NA,NA,NA,NA,2019-208,2019,201901,J-20,12583.962078,0.012972170667555,8171.3386846751155,94,121,1,87.46,13.24,277.6,0.8844,0.1111,0,57.98737,-169.68823,70,3.3,2,EBS,5
8.81,0.24,0.29,0.81,0.74,2.41,0,1.15,0.64,0,44.25,0,0,40.91,0.85,3.25,2.94,5.08,2.59,0,1.48,0,2.23,3.98,13.61,1.75,32,37.03,2.67,0.53,0,0,4.02,3.42,0.83,0,1.53,0.42,3.75,0.7,0,0,13.31,3.37,29.76,0,0,2.63,0,0.19,10.49,0,1.31,83.7,0.42,1.45,4.1,3,1.05,4.23,0,0,0,1.88,0,10.49,0.21,29.28,1.18,11.93,82.24,172.19,172.51,2.1,131.19,0.35,0.13,54.99,4.44,0.92,0.87,0.86,10.9,2.86,2019-209,2019,201901,J-20,12583.962078,0.012972170667555,8171.3386846751155,94,121,1,91.81,15.44,289.8,1.207,0.1523,0,57.98737,-169.68823,70,3.3,2,EBS,5
NA,NA,NA,NA,NA,NA,NA,NA,NA,NA,NA,NA,NA,NA,NA,NA,NA,NA,NA,NA,NA,NA,NA,NA,NA,NA,NA,NA,NA,NA,NA,NA,NA,NA,NA,NA,NA,NA,NA,NA,NA,NA,NA,NA,NA,NA,NA,NA,NA,NA,NA,NA,NA,NA,NA,NA,NA,NA,NA,NA,NA,NA,NA,NA,NA,NA,NA,NA,NA,NA,NA,NA,NA,NA,NA,NA,NA,NA,NA,NA,NA,NA,NA,NA,2019-210,2019,201901,J-20,12583.962078,0.012972170667555,8171.3386846751155,94,121,1,84.23,12.94,217.8,1.0576,0.1359,0,57.98737,-169.68823,70,3.3,2,EBS,5
3.79,0,0.19,0.32,3.22,1.14,0,0,0.22,0,19.07,0,0,19.26,0.47,1.18,1.44,1.96,1.02,0,0.71,0,1.08,1.76,5.6,0.96,12.96,14.23,0.96,0.15,0,0,1.43,1.38,0.42,0,0.63,0.08,1.57,0.28,0.59,0,5.08,1.46,8.22,0,0,0.78,0,0.13,4.73,0,0.46,34.56,0.32,0.52,1.17,1.04,0.23,1.58,0,0,0,0.63,0,3.35,0.1,10.63,0.83,7.51,38.13,67.51,68.24,1.79,51.73,0.31,0.12,17.5,1.51,1.01,0.95,0.91,12.26,3.25,2019-211,2019,201901,J-20,12583.962078,0.012972170667555,8171.3386846751155,94,121,1,88.26,14,243.5,0.6743,0.1919,0,57.98737,-169.68823,70,3.3,2,EBS,5
2.77,0.09,0.12,0.25,0.25,1.02,0,0.43,0.22,0,16.5,0,0,13.79,0.33,1.03,0.66,1.86,0.87,0,0.57,0,0.94,1.37,5.33,0.75,13.04,11.87,0.93,0.16,0,0,1.2,1.12,0.4,0,0.6,0.17,1.58,0.21,0,0,4.31,1.63,7.43,0,0,0.63,0,0,3.54,0,0.38,29.32,0.64,0.44,1.01,3.49,0.49,1.22,0,0,0,0.51,0,2.84,0,9.57,0.27,3.85,30.04,59.58,58.52,1.95,44.81,0.33,0.13,18.3,1.37,0.84,0.9,1.1,8.74,3.06,2019-212,2019,201901,J-20,12583.962078,0.012972170667555,8171.3386846751155,94,121,1,90.62,13.83,267.7,2.1291,1.1981,0,57.98737,-169.68823,70,3.3,2,EBS,5
7.11,0.2,0.34,0.73,0.38,2.08,0,1.09,0.4,0,43.29,0,0,36,0.67,3.17,2.37,4.32,2.03,0,1.28,0,1.79,3.54,12.93,1.64,34.32,30.39,2.17,0.85,0,0,3.19,2.95,0.7,0,1.69,0.25,3.8,0.44,0,0,11.01,4.95,19.76,0,0,1.56,0,0.11,8.98,0,1.06,65.1,0.3,1.02,2.33,2.5,0.37,3.48,0,0,0,1.47,0,8.64,0.12,21.12,0.92,10.22,76.31,148.88,135.73,1.78,101.76,0.32,0.12,41.57,3.44,0.83,0.84,1.13,9.46,3.08,2019-213,2019,201901,I-20,22830.7364,0.01389706856684685,7699.465501326053,94,119,1,90.67,14.5,269.6,1.1619,0.2136,0,57.66851,-169.66866,70,3.9,2,EBS,5
4.19,0.08,0.66,0.7,0.4,1.2,0,0.9,0.23,0,23.67,0,0,17.7,0.46,2.01,1.61,2.4,1.1,0,0.92,0,0.97,1.28,6.87,1.18,20.43,16.66,1.3,0.47,0,0,1.69,1.46,0.36,0,1.05,0.15,1.38,0,0,0,6.61,2.65,8.9,0,0,1.23,0,0.07,4.99,0,0.54,36.13,0.4,0.76,1.4,2.21,0.46,1.33,0,0,0,0.88,0,5.22,0.1,14.48,0.5,7.03,43.52,81.91,76.93,1.77,58.87,0.4,0.12,22.54,1.84,0.75,0.91,1.23,12.78,2.49,2019-214,2019,201901,I-20,22830.7364,0.01389706856684685,7699.465501326053,94,119,1,84.33,11.97,180.6,1.1703,0.3014,0,57.66851,-169.66866,70,3.9,2,EBS,5
7.65,0.21,0.43,1.18,0.65,2.81,0,1.56,0.56,0,51.26,0,0,38.79,0.84,3.58,2.92,5.26,2.32,0,1.38,0,2.21,2.18,14.44,1.96,41.04,34.36,2.41,0.81,0.18,0,3.21,2.77,0.8,0,1.85,0.39,2.25,0.52,0,0,13.79,4.86,21.15,0,0,2.14,0,0.18,7.43,0,0.72,47.39,0.74,1.59,2.27,3.7,1.18,3.8,0,0,0,1.3,0,7.16,0.17,17.27,0.86,13.25,90.21,168.85,111.38,1.23,77.39,0.36,0.11,47.35,3.6,0.76,0.92,1.19,17.28,2.74,2019-215,2019,201901,I-20,22830.7364,0.01389706856684685,7699.465501326053,94,119,1,82.83,12.25,191.1,0.9109,0.2287,0,57.66851,-169.66866,70,3.9,2,EBS,5
0,0,0,0,0,0,0,0,0,0,0,0,0,0,0,0,0,0,0,0,0,0,0,0,0,0,0,0,0,0,0,0,0,0,0,0,0,0,0,0,0,0,0,0,0,0,0,0,0,0,0,0,0,0,0,0,0,0,0,0,0,0,0,0,0,0,0,0,0,0,0,0,0,NA,0,NA,NA,0,0,NA,NA,NA,NA,NA,2019-216,2019,201901,I-20,22830.7364,0.01389706856684685,7699.465501326053,94,119,1,84.02,11.85,197.7,1.0367,0.2309,0,57.66851,-169.66866,70,3.9,2,EBS,5
2.19,0,0.12,0.29,2.76,0.79,0,0,0.17,0.03,12.85,0,0,9.54,0.38,0.95,1.28,1.23,0.76,0,0.65,0,1.08,0.67,4.55,0.66,11.85,10.97,0.82,0.16,0.09,0,1.23,0.88,0.35,0,0.47,0.14,0.7,0.15,0,0,3.96,1.28,5.92,0,0,0.72,0,0.1,3.97,0,0.26,26.72,0.39,0.36,0.96,2.44,0.32,1.12,0,0,0,0.51,0,2.54,0.11,10.73,0.78,6.26,27.24,50.21,54.53,2,42.17,0.4,0.14,14.92,1.37,0.74,0.91,1.08,13.54,2.49,2019-217,2019,201901,K-20,11728.934241,0.0126671679615195,29116.625840947425,94,122,1,95.86,14.05,235.8,0.9353,0.2264,0,58.3313,-169.72593,69,3.2,3,EBS,6
1.75,0,0.5,0.72,0.6,0.82,0,0.84,0.07,0,12.26,0,0,7.12,0.32,1.71,1.62,0.71,1.09,0,0.76,0,1.22,0.33,5.63,0.45,8.96,11.17,1.25,0.3,0,0,1,0.66,0.28,0,0,0.24,0.4,0.21,0,0,3.19,1.18,4.01,0,0,1.13,0,0,5.9,0,0.2,26.55,0,0.23,0.87,4.24,0,0.57,0,0,0,0.73,0,4.38,0,11.07,0.39,6.37,27.11,44.19,56.33,2.08,44.05,0.42,0.13,13.72,1.24,0.58,1.08,0.8,17.8,2.4,2019-218,2019,201901,K-20,11728.934241,0.0126671679615195,29116.625840947425,94,122,1,90.82,14.98,264,1.5535,0.2224,0,58.3313,-169.72593,69,3.2,3,EBS,6
6.77,0,0.48,0.65,5.66,1.84,0,0,0.4,0,32.59,0,0,27.01,0.97,2.16,2.47,3.9,1.72,0,1.21,0,1.79,2.14,9.81,1.18,27.95,27.1,2.05,0.34,0,0,2.75,2.27,0.7,0,1.25,0.63,2.08,1.39,0,0,8.62,2.93,13,0,0,1.71,0,0.17,7.81,0,0.8,59.89,1.48,0.7,2.37,5.43,0.49,2.08,0,0,0,1.01,0,5.62,0.2,24.4,1.13,13.19,65.93,121.27,123.92,1.88,95.2,0.41,0.13,33.06,3.38,0.83,0.82,1.03,13.02,2.45,2019-219,2019,201901,K-20,11728.934241,0.0126671679615195,29116.625840947425,94,122,1,81.06,12.38,202.1,2.0193,0.1964,0,58.3313,-169.72593,69,3.2,3,EBS,6
4.54,0.13,0.13,0.37,1.12,1.05,0,0.86,0.25,0,22.74,0,0,14.98,0.5,1.54,1.11,2.62,1.26,0,0.79,0,1.67,1.06,8.47,0.72,20.44,17.24,1.52,0.3,0,0,1.56,1.29,0.45,0,0.7,0.47,1.23,0.34,0,0,7.03,3.74,8.95,0,0,1.11,0,0.11,8.13,0,0.73,40.13,1.03,3.76,2.14,5.98,0,1.05,0,0,0,0.75,0,5.47,0.16,17.04,0.85,6.31,44.75,88.28,86.59,1.93,66.73,0.42,0.14,31.6,2.04,0.66,1.02,1.19,12.15,2.35,2019-220,2019,201901,K-20,11728.934241,0.0126671679615195,29116.625840947425,94,122,1,79.86,12.48,185.4,1.9955,0.1902,0,58.3313,-169.72593,69,3.2,3,EBS,6
3.72,0.14,0.6,0.99,1.92,1.33,0,1.56,0.1,0,19.59,0,0,15.79,0.59,2.44,2.49,1.7,1.51,0,1.27,0,1.56,0.93,6.49,1.1,15.06,15.76,1.76,0.48,0,0,1.93,1.39,0.55,0,0,0.34,0.68,0.28,0.69,0,6.75,0.87,10.92,0,0,1.36,0,0.13,6.09,0,0.34,31.26,0.34,0.62,1.15,1.31,0.51,1.92,0,0,0,0.75,0,4.74,0,12.4,0.89,10.82,43.44,73.65,70,1.61,51.32,0.4,0.13,21.62,2.27,0.81,1.05,0.96,23.14,2.52,2019-221,2019,201901,K-20,11728.934241,0.0126671679615195,29116.625840947425,94,122,1,91.25,13.94,282,1.1216,0.1332,0,58.3313,-169.72593,69,3.2,3,EBS,6
0.85,0,0,0.18,0,0.37,0,0.43,0,0,10.32,0,0,2.94,0,1.24,1.09,0.51,0.76,0,0.49,0,1.27,0,5.01,0.4,8.21,7.56,0.95,0.24,0,0,0.73,0.24,0.16,0,0,0.17,0,0,0,0,0.91,0.81,1.46,0,0,0.63,0,0,4.19,0,0,17.15,1.04,0,0,8.94,0,0,0,0,0,0.33,0,1.53,0,6.94,0.66,3.3,21.29,33.09,34.34,1.61,27.06,0.4,0.15,12.13,0.9,0.29,1.76,1.08,NA,2.47,2019-222,2019,201901,K-18,11094.029582000001,0.01362034595265465,78697.41442148069,94,97,1,85.82,12.84,194.8,1.3251,0.0621,0,58.33599,-168.46255,66,3.4,3,EBS,6
1.65,0,0,0.17,0,0.4,0,0.31,0,0,7.43,0,0.62,2.14,0,0.77,0.72,0.49,0.54,0,0.38,0,1,0,3.46,0.65,6.29,4.81,0.65,0.14,0,0,0.7,0.25,0.22,0,0,0.17,0,0,0,0,2.61,0.66,1.7,0,0,0.5,0,0,3.64,0,0,15.17,0.23,0,0,5.19,0,0.31,0,0,0,0.2,0,1.42,0,5.96,0.61,2.37,15.68,26.07,30.41,1.94,23.72,0.39,0.16,10.16,0.87,0.29,1.4,1.31,NA,2.55,2019-223,2019,201901,K-18,11094.029582000001,0.01362034595265465,78697.41442148069,94,97,1,80.4,12.75,184,2.6589,0.1472,0,58.33599,-168.46255,66,3.4,3,EBS,6
0.42,0,0,0,0,0.11,0,0.08,0,0,2.62,0,0,0.75,0,0.24,0.19,0.15,0.19,0,0.13,0,0.39,0,1.22,0.2,2.3,1.83,0.21,0,0,0,0.18,0.06,0,0,0,0,0,0,0,0,0.57,0.21,0.35,0,0,0.18,0,0,1.21,0,0,5.68,0.1,0.06,0,1.67,0,0,0,0,0,0.07,0,0.38,0,2.15,0.25,0.62,5.18,8.4,10.59,2.04,8.61,0.38,0.17,2.85,0.18,0.28,2.88,1.26,NA,2.64,2019-224,2019,201901,K-18,11094.029582000001,0.01362034595265465,78697.41442148069,94,97,1,89.42,13.99,252.6,0.8055,0.126,0,58.33599,-168.46255,66,3.4,3,EBS,6
0.8,0,0,0.13,0.08,0.35,0,0.34,0,0,6.72,0,0,2.18,0.11,0.55,0.48,0.39,0.47,0,0.34,0,1.06,0,2.57,0.44,5.62,5.34,0.6,0.11,0,0,0.58,0.21,0.14,0,0,0.06,0.07,0,0,0,0.84,0.6,1.03,0,0,0.48,0,0,3.76,0,0.11,15.17,0.25,0.15,0.35,1.42,0,0.08,0,0,0,0.26,0,1.3,0.08,6.03,0.44,1.94,12.82,19.23,30.02,2.34,23.79,0.4,0.17,4.39,0.64,0.32,1.69,1.05,32.63,2.52,2019-225,2019,201901,K-18,11094.029582000001,0.01362034595265465,78697.41442148069,94,97,1,82.47,12.43,149.7,0.8685,0.1604,0,58.33599,-168.46255,66,3.4,3,EBS,6
4,0,0.12,0.31,0.24,1.15,0,0.58,0.18,0,17.41,0,0,12.53,0.35,1.69,1.2,1.64,1.16,0,0.98,0,0.84,0.24,5.95,0.92,14.94,13.69,1.23,0.35,0,0,1.29,0.87,0.4,0,0.51,0.18,0.5,0.2,0,0,5.39,2.32,10.23,0,0,1.15,0,0.13,4.09,0,0.31,26.03,0.25,0.43,0.93,1.21,0.44,1.42,0,0,0,0.62,0,3.43,0,15.9,0.5,5.34,34.24,65.14,61.02,1.78,47.18,0.61,0.11,20.51,1.47,0.72,0.94,1.09,24.9,1.64,2019-226,2019,201901,QP2423,2548.0801610000003,0.015320143092177,4634.4214654401685,162,162,1,83.01,13.02,197.7,1.1621,0.1783,0,60.16258,-172.34322,58,3.6,4,EBS,9
6.79,0.15,0.28,0.8,1.43,1.93,0,1.76,0.35,0,39.23,0,5.03,16.13,0.76,3.09,2.81,3.16,1.95,0,2.61,0,1.41,0.37,13.28,1.4,55.32,30.61,3.22,0.58,0,0,4.01,1.62,0.98,0,1.54,0.48,0.86,0.53,1.38,0,16.15,17.15,20.44,0,0,6.15,0,0.28,8.8,0,0.9,32.31,0.54,10.63,3.54,5.02,1.61,1.67,0,0,0,1.21,0,8.53,0.21,27.2,3.64,12.18,75.97,189.9,105.95,1.39,71.68,0.84,0.11,72.93,4.48,0.41,0.76,1.81,18.86,1.19,2019-227,2019,201901,D-05,2148.331329,0.0142379046373641,632.11548533494,162,60,1,92.4,12.98,325.8,1.8661,0.3858,0,55.98287,-165.1891,96,4.9,1,EBS,4
5.49,0.1,0.45,0.54,0.36,1.71,0,0.72,0.16,0,35.23,0,0,28.05,0.46,2.02,1.58,1.79,1.24,0,2.05,0,0.92,0.52,8.95,1.43,34.2,21.78,1.56,0.33,0,0,2.31,0.95,0.47,0,0.86,0.26,0.96,0.44,0,0,8.16,3.16,15.07,0,0,1.12,0,0.12,5.49,0,0.45,39.51,0.21,0.7,1.27,1.94,0.63,2.67,0,0,0,1.06,0,5.74,0.09,19.17,0.39,7.09,58.52,118.97,87.38,1.49,67.02,0.49,0.08,30.32,2.57,0.8,0.84,1.57,29.15,2.06,2019-228,2019,201901,M-21,5585.306228,0.0126761594668335,11044.354590702538,162,127,1,84.9,14.29,250.8,1.2561,0.2233,0,59.00371,-170.48058,70,3,3,EBS,6
5.71,0.13,0.23,0.67,0.51,1.53,0,1.04,0.32,0,26.68,0,4.02,15.52,0.51,2.62,1.79,3.61,1.5,0,1,0,1.33,1.59,9.68,1.31,21.12,16.96,1.68,0.59,0,0,2.2,1.4,0.51,0,1.04,0.38,1.72,0.31,0,0,6.8,3.46,11.1,0,0,1.27,0,0.13,5.88,0,0.65,43.88,0.79,1.16,1.92,3.04,0.59,1.8,0,0,0,0.99,0,7.62,0.11,17.53,0.9,8.47,53.19,90.31,95.31,1.79,73.12,0.4,0.14,27.48,2.58,0.58,0.99,1.24,9.01,2.5,2019-229,2019,201901,IH2120,4750.104462,0.01229069824056525,3986.7547832454547,162,114,1,84.81,13.2,218,1.9758,0.3006,0,57.50171,-169.98718,69,4.4,2,EBS,5
3.67,0.1,0.4,0.71,0.4,1.49,0,0.79,0.18,0,28.06,0,0,22.7,0.47,2.12,1.81,1.48,1.25,0,1.81,0,1.01,0.37,7.46,1.02,25.03,18.32,1.59,0.45,0,0,1.9,0.89,0.41,0,0,0.38,0.76,0.36,0,0,7.94,2.8,13.34,0,0,1.31,0,0.08,5.76,0,0.37,31.06,0.49,0.66,1.45,2.12,0.64,2.17,0,0,0,1.18,0,6.2,0.08,14.22,0.5,7.5,48.69,98.78,72.28,1.48,53.99,0.46,0.08,28.31,2.28,0.81,1,1.37,29.91,2.19,2019-230,2019,201901,M-21,5585.306228,0.0126761594668335,11044.354590702538,162,127,1,96.31,15.59,331.1,1.6127,0.312,0,59.00371,-170.48058,70,3,3,EBS,6
3.55,0.05,0.57,0.6,0.71,1.06,0,0.83,0.15,0,20.28,0,0,17.02,0.36,1.68,1.55,1.47,0.98,0,1.27,0,0.96,0.33,6.32,1.29,20.6,14.73,1.37,0.26,0,0,1.68,0.71,0.34,0,0,0.33,0.57,0.31,0,0,6.99,2.27,10.64,0,0,1.11,0,0.11,4.6,0,0.29,27.23,0.27,0.61,1.17,1.16,0.43,1.7,0,0,0,0.79,0,4.83,0,12.35,0.7,6.58,38.14,79.73,61.3,1.61,46.57,0.45,0.1,22.84,2.01,0.84,1.02,1.4,29.75,2.2,2019-231,2019,201901,M-21,5585.306228,0.0126761594668335,11044.354590702538,162,127,1,85.12,14.8,235.5,1.2713,0.1973,0,59.00371,-170.48058,70,3,3,EBS,6
3.51,0.06,0.16,0.35,0.27,1.07,0,0.55,0.08,0,14.32,0,1.73,7.32,0.32,1.7,1.12,0.81,0.98,0,0.91,0,0.75,0.15,5.66,1.31,13.73,10.55,1.29,0.39,0,0,1.31,0.49,0.35,0,0,0.27,0.31,0.19,0,0,4.77,2.15,7.98,0,0,1.03,0,0.11,4.68,0,0.27,26.03,0.32,0.33,0.96,3.81,0.51,1.49,0,0,0,0.65,0,4.14,0,16.52,0.47,5.13,30.09,57.27,60.87,2.02,48.29,0.63,0.1,20.01,1.58,0.51,0.9,1.3,23.3,1.58,2019-232,2019,201901,M-21,5585.306228,0.0126761594668335,11044.354590702538,162,127,1,87.07,13.04,250.7,1.9036,0.2107,0,59.00371,-170.48058,70,3,3,EBS,6
9.4,0.32,0.69,1.15,1.03,2.73,0,1.48,0.31,0,66.85,0.69,0,54.92,0.81,4.24,3.37,0,3.69,2.75,4.61,0,2.4,1.9,15.64,3.65,61.77,46.98,0.63,3,1.06,0,4.22,0.84,0,0,0,0.84,2.75,1.76,1.18,0,18.34,8.54,27.1,0,0,0,0,0,10.97,0.26,0,69.62,0,1.1,2.98,6.37,1.89,3.71,1.88,0,0,0,0,12.6,0,29.25,1.28,17.07,114.15,238.86,150.58,1.32,119.61,0.42,0.07,64.44,5.06,0.82,0.78,1.31,19.98,2.38,2021-AKK-1,2021,202101,I-19,10567.033173,0.01251090207164655,1039.093738049624,162,100,1,96.68,18.45,357,0.2963,0.1243,0,57.67209,-169.03364,69,3.6,2,EBS,5
8.57,0.07,0.23,0.76,0.41,1.57,0,1.02,0.48,0,42.98,0,0,26.91,0.54,3.19,2.31,2.92,1.41,0,1.67,0,1.03,0.05,13.05,0.81,48.55,29.12,2.77,1.1,0,0,2.97,1.92,0.61,0,1.34,0.37,1.49,0.37,0,1.72,25.8,14.5,23.62,0,0,4.1,0,0.18,11.68,0,1.68,48.65,0.5,18.6,5.57,3.46,0.69,1.65,0,0,0,1.94,0,12.29,0.26,28.57,3.07,9.74,76.77,204.66,127.71,1.66,95.8,0.59,0.07,91.55,3.34,0.63,0.53,1.67,18.11,1.7,2021-AKK-10,2021,202101,QP2726,2474.908022,0.01391238269810895,7690.990272611179,162,142,1,77.29,12.8,184,0.2535,0.0505,0,60.17669,-174.34747,99,1.9,4,EBS,9
5.2,0.1,0.14,0.38,0.21,0.7,0,0.35,0.33,0,23.91,0,0,23.6,0.33,1.06,0.88,3.24,0.54,0,0.62,0,0.64,0.78,5.07,0.66,27.56,23.01,1.37,0.2,0.03,0,1.65,1.33,0.44,0,0.69,0.17,1.61,0.22,0,2.87,5.15,5.26,13.9,0,0,1.36,0.33,0.08,3.2,0,1.13,34.73,0.63,1.79,1.59,3.17,0.66,1.43,0.03,0,0,0.61,0,3.64,0.13,12.52,0.5,3.92,39.58,108.24,73.94,1.87,57.34,0.36,0.1,30.86,1.83,0.99,0.59,1.2,14.64,2.77,2021-AKK-100,2021,202102,CC-20,1213.664176,0.0126596552147967,31570.401659348685,162,27,2,53.1,0,48,0.3712,0.1203,0,64.28089,-170.67872,34,0.6,9,NBS,13
2.38,0.04,0.06,0.2,0.11,0.63,0,0.35,0.14,0,14.04,0,0,12.45,0.24,0.98,0.79,1.13,0.45,0,0.63,0,0.53,0.32,3.69,0.55,10.91,11.07,1.68,0.2,0,0,0.7,0.55,0.24,0,0.25,0.11,0.41,0.37,0,0.72,3.63,2.33,7.95,0,0,1.26,0,0.07,3.39,0,0.32,23,0.19,0.8,1.39,1.53,0.52,0.77,0,0,0,0.46,0,5.03,0,9.31,0.27,3.19,24.04,55.06,50.01,2.08,39.43,0.4,0.09,17.64,0.81,0.89,0.78,0.99,30.26,2.47,2021-AKK-101,2021,202102,CC-20,1213.664176,0.0126596552147967,31570.401659348685,162,27,1,53.24,9.65,58,0.5619,0.1521,0,64.28089,-170.67872,34,0.6,9,NBS,13
3.69,0.07,0.09,0.49,0.49,0.64,0,0.58,0.35,0,19.84,0,0,15.59,0.33,1.29,0.98,2.79,0.74,0,0.55,0,0.62,0.72,5.08,0.85,19.84,19.57,1.38,0.27,0,0,1.94,1.28,0.43,0,0.64,0.18,1.18,0.65,0,2.3,4.14,4.27,11.77,0,0,1.66,0,0.1,3.08,0,0.77,31.24,0.42,0.85,1.17,1.7,0.73,0.94,0,0,0,0.58,0,3.65,0.16,11.22,0.42,4.81,34.9,82.23,67.13,1.92,51.14,0.36,0.12,23.88,2.11,0.79,0.54,1.01,13.22,2.79,2021-AKK-102,2021,202102,CC-20,1213.664176,0.0126596552147967,31570.401659348685,162,27,2,46.72,0,32,0.3315,0.0969,0,64.28089,-170.67872,34,0.6,9,NBS,13
1.72,0.02,0.05,0.19,0.09,0.39,0,0.3,0,0,11.91,0.05,0,6.72,0.15,0.73,0.62,1.3,0.51,0,0.46,0,0.73,0.08,3.58,0.43,11.47,9.87,1.02,0.22,0,0,0.8,0.51,0.21,0,0.29,0,0.31,0.02,0,5.04,4.77,3.2,7.93,0,0,1.27,0.13,0.07,2.42,0.14,0.19,16.97,0.21,3.08,0.93,1.26,0.35,0.53,0,0,0,0.42,0,2.11,0.1,7.63,0.61,2.32,20.45,51.77,41.92,2.05,33.11,0.45,0.12,21.17,0.8,0.56,0.36,1.16,21.36,2.22,2021-AKK-103,2021,202102,CC-20,1213.664176,0.0126596552147967,31570.401659348685,162,27,2,48.77,0,40,0.1609,0.0404,0,64.28089,-170.67872,34,0.6,9,NBS,13
2.36,0.04,0.05,0.23,0.17,0.74,0,0.46,0.33,0,13.17,0,0,14.08,0.22,1.19,0.98,1.34,0.5,0,0.51,0,0.46,0.22,4.39,0.66,8.16,9.16,1,0.22,0,0,0.82,0.57,0.26,0,0.35,0.08,0.49,0.2,0,3.4,5.6,2.66,12.54,0,0,0.86,0,0.03,2.9,0,0.4,20.38,0.15,1.22,1.14,0.96,0.3,0.63,0,0,0,0.57,0,4.09,0.13,6.71,0.44,4.1,24.89,58.13,45.53,1.83,36,0.33,0.08,24.12,0.89,1.07,0.41,0.89,28.74,3.04,2021-AKK-104,2021,202102,CC-20,1213.664176,0.0126596552147967,31570.401659348685,162,27,2,51.27,0,44,0.2609,0.0671,0,64.28089,-170.67872,34,0.6,9,NBS,13
3.68,0.08,0.14,0.36,0.19,0.62,0,0.38,0.22,0,12.05,0,0,13.71,0.42,0.92,0.9,2.99,0.42,0,0.34,0,0.46,1,2.63,0.5,5.02,7.52,1.88,0.1,0,0,0.54,0.55,0.2,0,0,0.1,0.71,0.19,0,2.24,2.12,0.98,2.93,0,0,0.5,0,0,1.91,0,0.28,18.68,0.2,0.55,0.99,1.22,0.17,0.41,0,0,0,0.23,0,3.14,0.07,4.83,0.29,3.6,22.73,38.37,39.46,1.74,30.44,0.26,0.15,8.79,0.64,1.14,1.05,0.67,19.22,3.87,2021-AKK-105,2021,202102,CC-20,1213.664176,0.0126596552147967,31570.401659348685,162,27,2,43.52,0,29,0.3464,0.0917,0,64.28089,-170.67872,34,0.6,9,NBS,13
14.85,0.38,0.87,2.03,0.95,3.99,0,1.66,1.59,0,87.55,0.38,0,79.53,1.31,4.97,4.55,3.18,3.69,0,2.29,3.94,2.1,4.02,20.5,1.25,53.11,57.85,3.64,2.03,0.28,0,6.41,4.17,1.4,0,3.22,0.29,4.9,0.48,0,1.48,25.24,11.03,46.44,0,5.16,0,0.99,0.18,14,1.48,0,122.42,0,5.39,4.67,3.8,1.46,5.11,0.18,0,0,3.21,0,14.42,0.21,37.29,1.53,23.69,147.11,302,239.96,1.63,184.55,0.3,0.06,96.56,6.7,0.91,0.51,0.92,16.24,3.28,2021-AKK-106,2021,202102,CC-19,550.175854,0.012580480403964,217375.6503875896,162,28,1,51.34,7.33,50,0.2701,0.115,0,64.31672,-169.83788,39,0.3,9,NBS,13
8.15,0.27,0.26,0.65,0.53,2.52,0,0.95,0.65,0,51.58,0,0,59.66,0.62,2.57,1.92,2.84,1.1,0,0.58,0,0.55,1.12,13.82,1.2,39.67,23.07,2.19,0.31,0,0,2.05,0.92,0.69,0,0.93,0.5,2.1,0.37,0,0.85,10.59,5.9,28.61,0,0,1.97,0.69,0.1,6.69,0,1.31,58.75,0.27,1.57,2.22,2.18,0.49,0.99,0,0,0,1.34,0,9.02,0.2,18.05,0.66,9.79,85.28,178.69,112.78,1.32,91.11,0.31,0.04,51.06,2.55,1.16,0.61,1.72,28.45,3.26,2021-AKK-107,2021,202102,CC-19,550.175854,0.012580480403964,217375.6503875896,162,28,1,52.68,7.68,44,0.4736,0.188,0,64.31672,-169.83788,39,0.3,9,NBS,13
9.09,0.2,0.26,0.55,0.28,0.96,0,0.45,0.38,0,39.74,0,0,45.1,0.45,1.28,0.93,4.44,0.68,0,0.66,0,0.75,2.9,7.54,0.58,39.24,32.68,1.44,0.33,0,0,2.11,1.56,0.75,0,1.05,0.54,5.04,1.59,0,3.05,4.63,6.04,13.67,0,0,2.13,0,0.08,3.99,0,1.79,60.79,0.39,1.41,1.88,4.17,0.45,0.98,0,0,0,0.75,0,3.26,0.15,17.41,0.7,4.84,62.72,152.58,115.99,1.85,92.63,0.29,0.09,31.79,2.65,1.13,0.56,1.2,8.95,3.49,2021-AKK-108,2021,202102,CC-19,550.175854,0.012580480403964,217375.6503875896,162,28,2,49.91,0,42,0.2917,0.1029,0,64.31672,-169.83788,39,0.3,9,NBS,13
8.83,0.26,0.27,0.71,0.37,1.24,0,0.73,0.69,0,39.31,0,0,45.84,0.56,1.96,1.84,4.57,0.91,0,1.02,0,0.82,3.18,7.99,1.49,39.58,30.5,2.21,0.34,0.18,0,2.49,1.53,0.73,0,1.2,0.21,3.86,0.3,0,1.42,6.48,6.1,14.59,0,0,1.96,0,0.09,4.33,0,1.29,53.04,0.39,1.36,1.58,2.03,0.57,1.32,0,0,0,0.87,0,5.71,0.15,16.37,0.53,7.55,65.46,153.45,106.96,1.63,82.72,0.31,0.1,32.14,2.7,1.17,0.8,1.3,11.89,3.24,2021-AKK-109,2021,202102,CC-19,550.175854,0.012580480403964,217375.6503875896,162,28,2,46.67,0,33,0.16,0.0618,0,64.31672,-169.83788,39,0.3,9,NBS,13
9.28,0.1,0.3,0.78,0.36,1.62,0,0.85,0.18,0,39.9,0,0,30.02,0.51,2.72,1.75,2.34,1.42,0,1.91,0,0.96,0.54,12.58,1.41,46.71,24.59,2.4,0.86,0,0,2.35,1.15,0.54,0,1.27,0.6,1.5,0.29,0,1.12,13.81,9.37,14.93,0,0,3.16,0,0.11,9.15,0,1.04,48.9,0.22,5.49,3.37,1.73,0.54,1.8,0.32,0,0,1.38,0,9.81,0.1,24.07,1.67,8.26,71.97,157.17,114.76,1.59,88.33,0.49,0.08,48.7,2.95,0.75,0.65,1.9,19.97,2.03,2021-AKK-11,2021,202101,QP2726,2474.908022,0.01391238269810895,7690.990272611179,162,142,1,81.18,14.07,211,0.3258,0.1226,0,60.17669,-174.34747,99,1.9,4,EBS,9
8.36,0.15,0.24,0.64,0.37,1.33,0,0.72,0.4,0,38.16,0,0,40.85,0.55,2.15,1.77,3.91,1.02,0,1.02,0,1.07,2.57,8.62,1,34.01,28.82,1.89,0.32,0,0,2.46,1.54,0.69,0,0.99,0.38,4.04,0.3,0,1.31,6.35,6.13,13.77,0,0,1.82,0,0.08,4.8,0,1.18,51.48,1.04,2.6,2.04,4.38,0.48,1.56,0,0,0,1.61,0,6.38,0.16,19.66,0.71,7.38,64.96,143.65,109.25,1.68,85.5,0.38,0.1,35.26,2.84,1.07,0.73,1.18,10.1,2.62,2021-AKK-110,2021,202102,CC-19,550.175854,0.012580480403964,217375.6503875896,162,28,2,47.34,0,35,0.6405,0.2364,0,64.31672,-169.83788,39,0.3,9,NBS,13
11.62,0.33,0.31,0.51,0.16,1.3,0,0.47,0.32,0,49.51,0,0,59.68,0.51,1.46,0.93,5.15,0.83,0,0.66,0,0.85,5.08,11.9,0.89,0,36.16,1.61,0.37,0.1,0,2.49,1.66,0.99,0,1.38,0.62,7.38,2.09,0,2.13,5.17,7.76,15.92,0,0,1.75,0,0.09,5.07,0,2.16,83.77,0.54,1.62,2.36,2.46,0.61,0.61,0.17,0,0,0.9,0.3,4.66,0.16,19.68,0.65,5.16,80.16,135.47,150.23,1.87,121.7,0.23,0.1,35.29,3.11,1.21,0.62,0,8.09,4.26,2021-AKK-111,2021,202102,CC-19,550.175854,0.012580480403964,217375.6503875896,162,28,2,52.97,0,45,0.253,0.0992,0,64.31672,-169.83788,39,0.3,9,NBS,13
13.63,0.37,0.42,1.05,0.49,1.43,0,0.82,1,0,52.24,0.31,0,61.87,0.71,2.31,2.11,0,6.27,0.95,0,0,1.03,4.39,9.47,1.16,52.11,44.56,0.59,2.28,0.49,0,2.82,0.91,0,0,1.67,0,5.82,3.09,0.81,1.13,6.63,7.55,16.42,0,0,0,0,0,5.46,0.24,0,94.97,0,2.04,2.16,2.89,0.64,0.88,4.14,0,0,0.18,0.48,6.37,0,24.31,0.73,10.17,92.94,202.42,159.03,1.71,138.5,0.26,0.04,37.69,2.82,1.18,0.34,1.17,10.62,3.91,2021-AKK-112,2021,202102,CC-19,550.175854,0.012580480403964,217375.6503875896,162,28,2,46.29,0,28,0.3211,0.1394,0,64.31672,-169.83788,39,0.3,9,NBS,13
0.98,0,0,0.18,0.05,0.34,0,0.2,0.09,0,7.97,0,0,5.09,0.1,0.58,0.52,0.74,0.37,0,0.34,0,0.67,0.14,2.53,0.35,4.85,5.62,0.82,0.13,0,0,0.43,0.25,0.18,0,0.15,0.08,0.28,0.2,0,1.49,1.66,0.85,2.92,0,0,0.72,0,0.03,2.42,0,0.13,16,0.14,0.63,0.37,0.65,0.24,0.24,0,0,0,0.24,0,2.22,0.09,5.8,0.27,1.96,14.08,24.3,32.95,2.34,26.66,0.36,0.13,7.08,0.5,0.64,0.62,0.86,18.34,2.76,2021-AKK-113,2021,202102,CC-19,550.175854,0.012580480403964,217375.6503875896,162,28,2,46.96,0,34,0.3114,0.0665,0,64.31672,-169.83788,39,0.3,9,NBS,13
11.78,0.31,0.23,0.54,0.22,1.2,0,0.39,0.64,0,40.92,0,0,48.05,0.53,1.51,0.78,5.27,0.88,0,0.57,0,1.09,4.09,8.77,1.67,36.75,35.11,1.66,0.37,0,0,2.27,1.87,0.88,0,1.24,0.4,6.18,2.29,0,2.58,6.96,7,16.91,0,0,2.22,0,0.09,4.16,0,2.15,82.14,0.43,3.67,2.37,2.73,1.52,1.15,0,0,0,0.76,0,6.18,0.15,18.32,0.75,5.28,68.61,164.75,147.32,2.15,119.05,0.22,0.11,39.63,2.67,1.17,0.62,1.05,7.77,4.48,2021-AKK-114,2021,202102,CC-19,550.175854,0.012580480403964,217375.6503875896,162,28,2,48.03,0,37,0.4163,0.1486,0,64.31672,-169.83788,39,0.3,9,NBS,13
10.35,0.21,0.31,0.55,0.29,3.04,0,1.42,0.45,0,50.42,0.33,0,88,0.91,3.49,3.09,0,4.13,1.05,2.94,0,1.04,2.4,9.86,2.64,44.3,36.72,0.7,1.53,0.29,0,3.21,1.28,0,0,1.2,0,3.2,2.57,0,1.78,16.76,5.41,36.33,0,0,0,0,0,8.27,0,0,83.05,0,1.45,3.22,4.33,1.01,3.27,3.22,0,0,0.31,0,7.73,0,20.02,0.56,13.39,88.36,243.49,146.79,1.66,120.05,0.24,0.04,67.5,3.21,1.75,0.47,1.21,27.51,4.15,2021-AKK-115,2021,202102,DD-19,2583.38998,0.013149971562519,382212.8531688783,162,29,2,54.73,0,48,0.2261,0.0762,0,64.65693,-169.90694,47,0.3,9,NBS,13
8.39,0.15,0.24,0.46,0.2,1.16,0,0.46,0.63,0,36.9,0,0,33.43,0.48,1.43,0.8,4.64,0.76,0,0.71,0,0.92,4.09,7.97,1.26,34.47,25.16,1.84,0.28,0,0,1.94,1.87,0.54,0,1.05,0.16,3.95,1.77,0,2.5,7.19,5.51,15.17,0,0,1.61,0,0.1,4.56,0,1.8,62.7,0.37,2.29,1.94,2.71,0.63,1.69,0,0,0,0.96,0,4.5,0.13,17.95,0.7,5.14,59.92,132.66,120.56,2.01,94.49,0.29,0.13,34.81,2.1,0.91,0.75,1.37,8.46,3.49,2021-AKK-116,2021,202102,DD-19,2583.38998,0.013149971562519,382212.8531688783,162,29,2,57.04,0,55,0.4027,0.1352,0,64.65693,-169.90694,47,0.3,9,NBS,13
9.34,0.28,0.38,0.59,0.37,1.48,0,0.67,0.67,0,43.07,0,0,41.12,0.52,2.04,1.26,5.29,1,0,0.96,0,1.2,4.45,9.38,1.34,41.33,30.04,1.67,0.34,0,0,2.29,1.98,0.67,0,1.29,0.21,4.15,2.02,0,2.38,9.56,7.32,19.2,0,0,1.94,0,0.12,5.5,0,1.81,69.27,0.42,3.05,2.29,3.27,0.94,1.97,0,0,0,1.43,0.14,6,0.15,18.59,0.87,7.07,70.84,162.31,134.49,1.9,103.75,0.27,0.12,44.71,2.49,0.95,0.79,1.38,9.9,3.73,2021-AKK-117,2021,202102,DD-19,2583.38998,0.013149971562519,382212.8531688783,162,29,2,53.57,0,44,0.4747,0.1841,0,64.65693,-169.90694,47,0.3,9,NBS,13
10.23,0.23,0.34,0.62,0.34,1.32,0,0.66,0.89,0,37.86,0.19,0,41.28,0.57,2.04,1.75,0,7.44,0.94,0,0,0.9,5.02,8.37,1.5,33.49,28.28,0.42,2.15,0.3,0,2.31,0.78,0,0,1.27,0,4.19,2.59,0.47,1.32,9.83,5.73,18.79,0,0,0,0,0,4.81,0.25,0,74.55,0,3.49,2.29,3.37,0.94,2.26,3.65,0,0,0.13,0.37,6.32,0,20.04,0.83,8.57,73.18,152.53,131.98,1.8,111.59,0.27,0.07,43.49,2.31,1.09,0.46,1.18,9.86,3.72,2021-AKK-118,2021,202102,DD-19,2583.38998,0.013149971562519,382212.8531688783,162,29,1,59.35,9.82,70,0.5296,0.1738,0,64.65693,-169.90694,47,0.3,9,NBS,13
8.66,0.28,0.25,0.54,0.37,1.62,0,0.64,0.52,0,44.34,0,0,41.88,0.6,1.87,1.2,4.95,1.17,0,1.13,0,0.99,3.64,9.28,1.99,35.89,28.12,1.82,0.27,0,0,2.32,1.87,0.68,0,1.09,0.09,4.57,0,0,1.66,9.45,5.03,19.32,0,0,1.65,0,0.11,5.38,0,1.57,67.72,0.32,2.06,2.13,3.95,0.97,2.23,0,0,0,1.27,0,5.64,0.17,22.8,0.58,6.75,71.07,153.35,132.21,1.86,105.03,0.34,0.11,41.94,2.41,0.94,0.87,1.28,9.17,2.97,2021-AKK-119,2021,202102,DD-19,2583.38998,0.013149971562519,382212.8531688783,162,29,1,50.79,7.9,49,0.28,0.1029,0,64.65693,-169.90694,47,0.3,9,NBS,13
7.25,0.07,0.13,1.01,0.6,1.48,0,1.14,0.55,0,24.03,0,0,16.79,0.62,2.96,2.68,2.82,1.32,0,1.65,0,0.97,0.35,8.55,0.75,22.98,20.99,2.36,0.94,0,0,2.89,1.62,0.68,0,1.05,0.64,1.08,0.28,0,1.39,20.51,9.39,20.35,0,0,3.38,0,0.14,7.25,0,0.93,29.84,0.29,13.12,4.26,9.65,1.38,3.27,0,0,0.41,1.55,0,8.48,0.26,14.81,1.81,10.41,52.32,144.66,86.72,1.66,58.15,0.5,0.12,77.29,3.53,0.7,0.6,1.09,15.49,2.01,2021-AKK-12,2021,202101,QP2726,2474.908022,0.01391238269810895,7690.990272611179,162,142,1,85.75,16.97,255,0.3044,0.0674,0,60.17669,-174.34747,99,1.9,4,EBS,9
8.2,0.19,0.21,0.47,0.28,1.36,0,0.56,0.48,0,36.82,0,0,35.52,0.49,1.84,1.2,3.71,1.13,0,1.11,0,1.11,2.59,8.24,1.86,30.49,26.88,1.82,0.24,0,0,2.14,1.71,0.62,0,1.03,0.24,2.88,1.34,0,2.52,9.63,5.01,18.91,0,0,1.46,0,0.08,4.62,0,1.24,55.77,0.33,2.53,1.85,2.58,0.89,2.57,0,0,0,1.08,0,5.59,0.14,16.14,0.62,6.19,61.32,138.64,110.36,1.8,85.49,0.29,0.1,40.52,2.37,0.96,0.68,1.13,12.34,3.46,2021-AKK-120,2021,202102,DD-19,2583.38998,0.013149971562519,382212.8531688783,162,29,2,60.6,0,68,0.3998,0.1318,0,64.65693,-169.90694,47,0.3,9,NBS,13
7.54,0.13,0.3,0.46,0.26,1.11,0,0.5,0.38,0,34.02,0,0,29.88,0.42,1.6,0.94,3.85,0.99,0,0.82,0,0.79,3.19,7.54,1.44,31.13,22.03,1.47,0.26,0,0,1.73,1.18,0.51,0,0.91,0.22,3.06,1.39,0,3.64,9.96,5.38,17.21,0,0,1.78,0,0.09,4.25,0,1.16,53.96,0.38,2.89,1.86,4.02,0.96,2.83,0,0,0,0.88,0.16,4.8,0.16,16.72,0.65,5.26,56.11,128.89,108.8,1.94,84.51,0.31,0.12,41.31,1.95,0.88,0.68,1.41,9.77,3.23,2021-AKK-121,2021,202102,DD-19,2583.38998,0.013149971562519,382212.8531688783,162,29,2,57.34,0,55,0.4469,0.1443,0,64.65693,-169.90694,47,0.3,9,NBS,13
7.83,0.17,0.29,0.41,0.21,1.08,0,0.47,0.7,0,38.37,0,0,33.85,0.44,1.53,0.89,4.17,0.87,0,0.73,0,1.01,3.9,8.86,1.21,37.51,25.38,1.58,0.27,0,0,1.95,1.68,0.55,0,1.03,0.17,3.64,1.64,0,2.02,8.04,5.43,14.79,0,0,1.5,0.35,0.1,4.53,0,1.41,61.72,0.38,3.45,1.74,2.01,0.65,1.68,0,0,0,0.9,0,4.02,0.14,18.35,0.79,5.3,62.02,136.78,117.6,1.9,92.35,0.3,0.12,35.46,2.12,0.88,0.77,1.48,9.31,3.36,2021-AKK-122,2021,202102,DD-19,2583.38998,0.013149971562519,382212.8531688783,162,29,2,53.65,0,49,0.2388,0.0883,0,64.65693,-169.90694,47,0.3,9,NBS,13
7.94,0.39,0.25,0.25,0.13,1.94,0,0.59,0.16,0,36.9,0,0,49.15,0.59,1.44,0.87,2.82,1.04,0,0.88,0,0.54,2.08,7.48,2.65,17.11,21.83,1.27,0.13,0,0,1.7,1.36,0.78,0,0.57,0.12,2.44,0.43,0,2.1,10.81,1.01,20.24,0,0,0.74,0,0,4.01,0,0.8,52.07,0.24,1.37,1.48,1.46,0.19,3.93,0,0,0,1,0,4.18,0,10.87,0.44,5.39,59.36,129.79,93.59,1.58,73.1,0.21,0.07,36.38,1.82,1.33,0.66,0.78,20.12,4.79,2021-AKK-123,2021,202102,DD-19,2583.38998,0.013149971562519,382212.8531688783,162,29,2,50.47,0,41,0.1991,0.061,0,64.65693,-169.90694,47,0.3,9,NBS,13
4.9,0.28,0.11,0.15,0.07,1.62,0,0.49,0.12,0,26.28,0,0,34.03,0.33,1.19,0.88,1.23,0.67,0,0.7,0,0.52,0.8,5.74,1.51,15.59,14.39,0.76,0.14,0,0,1.22,0.67,0.58,0,0.57,0.12,1.58,0.16,0,2.3,8.11,1.27,18.14,0,0,0.85,0,0,4.09,0,0.77,43.79,0.21,1.37,1.31,1.56,0.41,1.29,0,0,0,0.96,0,3.09,0,9.89,0.37,4.52,42.58,98.99,75.59,1.78,62.06,0.23,0.05,31.75,1.34,1.3,0.45,1.08,21.51,4.43,2021-AKK-124,2021,202102,DD-19,2583.38998,0.013149971562519,382212.8531688783,162,29,2,50.42,0,40,0.2381,0.0721,0,64.65693,-169.90694,47,0.3,9,NBS,13
9.41,0.23,0.21,0.57,0.26,1.35,0,0.6,0,0.01,35.97,0.18,0,32.5,0.53,1.93,1.12,5.54,0.95,0,1.24,0,0.87,3.45,9.05,0.95,33.22,28.11,2.12,0.31,0.18,0,2.27,1.94,0.64,0,1.16,0.37,3.78,1.73,0,2.37,0,7.98,0,0,0,2.03,0.43,0.11,5.32,0.75,1.51,67.31,0.4,2.67,2.09,2.83,0.67,1.78,0.07,0,0,1.2,0.08,5.89,0.16,19.05,0.95,5.83,62.1,114.64,131.61,2.12,102.04,0.28,0.14,15.57,2.64,0.9,0.77,1.18,8.61,3.53,2021-AKK-125,2021,202102,DD-19,2583.38998,0.013149971562519,382212.8531688783,162,29,2,49.69,0,37,0.4972,0.1734,0,64.65693,-169.90694,47,0.3,9,NBS,13
4.36,0.08,0.12,0.32,0.17,0.94,0,0.37,0.25,0,16.17,0,0,15.98,0.34,1.04,0.8,1.55,0.56,0,0.54,0,0.52,0.56,3.98,1.02,10.28,11.6,0.93,0.14,0,0,0.97,0.76,0.36,0,0.43,0.24,1.11,0.19,0,4.04,6.27,2.18,11.37,0,0,1.17,0,0.07,3.14,0,0.44,26.04,0.5,2.32,1.22,3.1,0.67,1.23,0,0,0,0.58,0,2.99,0.13,8.19,0.5,3.88,29.73,67.38,55.72,1.87,43.57,0.31,0.09,26.46,1.21,0.99,0.39,0.89,14.35,3.18,2021-AKK-126,2021,202102,DD-19,2583.38998,0.013149971562519,382212.8531688783,162,29,2,51.79,0,44,0.2087,0.0612,0,64.65693,-169.90694,47,0.3,9,NBS,13
3.03,0.06,0.06,0.12,0.07,1.23,0,0.34,0.09,0,15.62,0,0,19.55,0.3,0.89,0.63,1.29,0.64,0,0.61,0,0.46,0.63,3.59,1.74,8.37,13.16,0.74,0.08,0,0,1.04,0.68,0.43,0,0.26,0.08,1.02,0.23,0,1,6.98,0.48,12.14,0,0,0.45,0,0,3.37,0,0.36,27.28,0,0.56,0.88,1.3,0.13,3.19,0,0,0,0.79,0,3.56,0,9.32,0.21,3.38,26.32,66.54,56.2,2.14,43.09,0.34,0.08,22.34,1.12,1.25,0.63,0.64,19.09,2.93,2021-AKK-127,2021,202102,DD-19,2583.38998,0.013149971562519,382212.8531688783,162,29,2,46.09,0,31,0.246,0.0723,0,64.65693,-169.90694,47,0.3,9,NBS,13
11.06,0.35,0.49,0.64,0.2,1.03,0,0.61,1.14,0,49.84,0,0,53.48,0.46,1.86,1.15,7.13,0.69,0,4.02,0.11,1.01,8.9,8.88,0.74,43.93,30.54,1.58,0.22,0.18,0,2.04,1.67,0.85,0,1.3,0.15,5.77,2.73,0,1.73,8.49,5.48,11.18,0,0,1.15,0.37,0.07,3.84,0,1.59,70,0.25,5.48,1.62,1.56,0.65,0.86,0,0,0,0.84,0.02,3.27,0.11,14.66,0.75,6.74,77.89,166.11,134.73,1.73,98.19,0.21,0.17,33.81,2.19,1.07,1.28,1.44,9.27,4.77,2021-AKK-128,2021,202102,FF-18,14190.049540999998,0.012565926060732,9072.15269682712,162,33,2,51.19,0,49,0.3188,0.1182,0,65.2529,-168.94758,52,2.2,9,NBS,13
6.74,0.2,0.24,0.9,0.45,1.01,0,0.95,0.69,0,35.16,0,0,39.87,0.48,2.01,2.36,3.71,0.73,0,0.85,0,0.78,4.78,6.35,0.82,24.28,24.91,1.31,0.22,0,0,2.07,1.48,0.68,0,0.74,0.41,3.73,1.37,0,1.29,8.12,2.88,8.4,0,0,0.76,0,0.04,3.41,0,0.95,53.02,0.13,4.2,1.22,1.2,0.21,1.93,0,0,0,0.76,0.24,4.38,0,12.64,0.72,8.36,57.71,118.89,100.2,1.74,77.45,0.24,0.12,26.03,2.48,1.13,0.86,0.97,10.69,4.2,2021-AKK-129,2021,202102,FF-18,14190.049540999998,0.012565926060732,9072.15269682712,162,33,1,58.62,9.91,73,0.2416,0.0764,0,65.2529,-168.94758,52,2.2,9,NBS,13
5.08,0.07,0.13,0.33,0.04,1,0,0.49,0.34,0,18.86,0,0,12.64,0.36,1.5,1.2,2,0.89,0,0.69,0,0.66,1.31,5.14,0.7,13.62,11.51,1.24,0.46,0,0,1.32,1.26,0.28,0,0.42,0.31,1.04,0.18,0,2.34,8.34,3.33,10.7,0,0,1.11,0,0.04,3.61,0,0.43,31.4,0.16,5.25,2.34,2.01,0.22,1.82,0,0,0,0.96,0,4.21,0.08,10.38,0.94,4.9,35.22,73.59,65.93,1.87,50.76,0.33,0.13,31.98,1.63,0.67,0.65,1.18,12.1,3.02,2021-AKK-13,2021,202101,Q-26,129.688408,0.01460145154763295,24381.137645024843,162,141,1,78.89,13.77,194,0.3279,0.0762,0,60.34057,-174.07043,90,2.1,4,EBS,9
7.39,0.17,0.25,0.48,0.3,1.08,0,0.53,0.66,0,40.03,0,0,41.03,0.43,1.71,1.14,4.29,0.81,0,1.93,0,0.99,4.71,7.52,0.77,31.8,25.69,1.33,0.24,0,0,2.02,1.57,0.71,0,0.81,0.42,4.45,1.53,0,0.98,7.42,3.42,13.25,0,0,0.86,0,0.05,3.82,0,1.08,60.25,0.19,2.24,1.42,2.42,0.6,2.42,0,0,0,0.88,0,3.84,0.11,15.32,0.58,5.9,62.17,132.29,113.48,1.83,87.33,0.25,0.13,30.17,2.44,1.03,0.95,1.24,9.21,3.93,2021-AKK-130,2021,202102,FF-18,14190.049540999998,0.012565926060732,9072.15269682712,162,33,1,58.55,9.64,76,0.3156,0.1095,0,65.2529,-168.94758,52,2.2,9,NBS,13
9.07,0.22,0.45,1.35,0.76,1.06,0,1.31,1.45,0,37.21,0,0,41.08,0.6,2.65,3.01,4,0.7,0,1.46,0,0.77,3.53,6.42,1.37,29.52,24.34,1.5,0.32,0,0,2.45,1.45,0.53,0.23,0.67,0.43,3.13,1.43,0,1.28,10.18,3.61,7.89,0,0,0.89,0,0.05,3.19,0,0.86,47.71,0.2,6.14,1.41,2.46,0.43,1.48,0,0,0,0.66,0,4.53,0,13.17,0.94,11.6,65.7,131.79,94.06,1.43,71.89,0.28,0.11,31.68,2.88,1.1,0.86,1.21,13.11,3.62,2021-AKK-131,2021,202102,FF-18,14190.049540999998,0.012565926060732,9072.15269682712,162,33,1,52.75,8.6,60,0.4841,0.1505,0,65.2529,-168.94758,52,2.2,9,NBS,13
6.01,0.22,0.18,0.28,0.1,0.89,0,0.3,0.39,0,33.42,0,0,36.71,0.41,1.19,0.67,4.14,0.69,0,2.6,0,0.6,4.77,6.29,0.8,19.39,23.49,1.07,0.15,0,0,1.51,1.43,0.71,0,0.62,0.32,4.8,1.5,0.5,0,5.66,2.1,10.14,0,0,0.54,0,0,2.85,0,0.94,52.79,0.17,1.22,1.15,2.81,0.13,2.37,0,0,0,0.72,0,3.16,0,11.74,0.35,3.81,51.1,105.62,98.24,1.92,74.35,0.22,0.15,23.08,1.83,1.1,1.11,0.83,7.65,4.5,2021-AKK-132,2021,202102,FF-18,14190.049540999998,0.012565926060732,9072.15269682712,162,33,1,55.79,9.49,67,0.2719,0.0916,0,65.2529,-168.94758,52,2.2,9,NBS,13
7.17,0.2,0.28,1.04,0.62,0.85,0,1,1.14,0,30.98,0,0,36.56,0.53,2.21,2.49,4.47,0.57,0,0.71,0,0.53,3.98,5.37,1,24.77,21.25,1.37,0.32,0,0,1.87,1.03,0.52,0.16,0.69,0.03,3.29,1.48,0,0.93,6.16,3.1,7.2,0,0,0.84,0,0,2.43,0,0.83,40.69,0.23,2.3,1.2,2.08,0.51,1.19,0,0,0,0.65,0.21,4.81,0,10.11,0.5,9.35,54.04,108.63,81.79,1.51,61.43,0.25,0.12,22.04,1.9,1.18,0.99,1.17,11.13,4.03,2021-AKK-133,2021,202102,FF-18,14190.049540999998,0.012565926060732,9072.15269682712,162,33,1,58.73,9.44,74,0.3365,0.1006,0,65.2529,-168.94758,52,2.2,9,NBS,13
7.33,0.17,0.24,0.57,0.39,1.01,0,0.52,0,0,34.17,0,0,33.13,0.54,1.47,1.08,3.64,0.69,0,0.7,0,0.71,4.56,6.78,0.7,26.19,20.46,1.22,0.18,0,0,1.5,1.21,0.59,0.08,0.41,0.22,4.1,1.42,0,1.22,8,3.2,8.93,0,0,1.19,0,0.08,4.49,0,0.87,49.13,0.25,3.32,1.34,1.45,0.85,3.08,0,0,0,0.72,0,3.71,0.14,13.4,0.64,5.03,54.72,109.55,97.72,1.79,73.36,0.27,0.12,26.25,1.72,0.97,0.9,1.28,8.08,3.67,2021-AKK-134,2021,202102,FF-18,14190.049540999998,0.012565926060732,9072.15269682712,162,33,1,56.56,8.92,69,0.3518,0.1115,0,65.2529,-168.94758,52,2.2,9,NBS,13
7.83,0.22,0.28,0.55,0.31,0.96,0,0.66,0,0,37.96,0,0,39.74,0.44,1.7,1.36,4.44,0.68,0,0.72,0,0.92,4.32,6.15,1.56,24.64,19.93,1.16,0.17,0,0,1.69,1.26,0.63,0,0.66,0.32,3.31,0.31,0,1.17,9.18,2.61,9.53,0,0,0.61,0,0.03,2.89,0,0.79,45.83,0.22,4.5,1.19,2.2,0.59,2.06,0,0,0,0.69,0.39,3.39,0,12.12,0.78,5.54,58.63,117.93,89.1,1.52,68.24,0.26,0.12,29.22,2,1.05,1.11,1.24,12.01,3.78,2021-AKK-135,2021,202102,FF-18,14190.049540999998,0.012565926060732,9072.15269682712,162,33,1,55.95,9.39,68,0.1495,0.0462,0,65.2529,-168.94758,52,2.2,9,NBS,13
8.73,0.23,0.26,0.5,0.31,1.16,0,0.6,0.78,0,41.69,0,0,51.28,0.5,1.67,1.61,4.71,0.88,0,0.89,0,0.95,4.63,7.83,0.94,32.24,31.38,1.11,0.2,0,0,2.13,1.59,0.83,0,0.69,0.04,6.4,1.38,0,0.87,8.14,3.21,15.39,0,0,0.79,0,0.05,3.79,0,1.05,56.01,0.44,1.73,1.56,2.03,0.26,3.18,0.05,0,0,0.91,0,3.85,0.1,12.86,0.51,6.62,66.58,150.46,107.86,1.62,82.08,0.23,0.11,32.05,2.17,1.23,0.8,1.03,8.02,4.36,2021-AKK-136,2021,202102,FF-18,14190.049540999998,0.012565926060732,9072.15269682712,162,33,1,58.66,8.39,74,0.3854,0.1387,0,65.2529,-168.94758,52,2.2,9,NBS,13
8.68,0.23,0.34,0.41,0.25,1.07,0,0.47,0.5,0,38.77,0,0,48.07,0.5,1.49,1.01,4.39,0.83,0,3.5,0,0.63,6.86,7.21,0.84,24.27,27.41,1.01,0.15,0,0,1.95,1.6,0.83,0,0.81,0.44,6.28,1.95,0,1.19,6.1,2.37,11.28,0,0,0.62,0,0.04,3.7,0,1.25,64.82,0.17,1.64,1.22,1.52,0.22,2.4,0,0,0,0.76,0,3.29,0,12.03,0.48,5.2,61.12,127.2,119.56,1.96,89.95,0.19,0.15,24.13,2.39,1.24,1.02,0.89,7.65,5.39,2021-AKK-137,2021,202102,FF-18,14190.049540999998,0.012565926060732,9072.15269682712,162,33,1,67.03,11.6,116,0.3206,0.1087,0,65.2529,-168.94758,52,2.2,9,NBS,13
9.42,0.31,0.36,0.62,0.34,1.29,0,0.69,0.88,0,42.46,0,0,44.63,0.49,1.93,1.35,5.14,0.91,0,0.97,0,1,5.26,9.63,1.05,37.12,31.51,1.55,0.29,0.14,0,2.24,1.74,0.81,0,1.07,0.18,4.92,1.79,0,1.68,10.39,5.12,16.66,0,0,1.14,0.31,0.09,3.97,0,1.25,59.48,0.27,4.1,1.71,2.6,0.33,2.9,0,0,0,1.08,0.14,4.1,0.14,16.08,0.78,7.11,70.33,158.38,117.75,1.67,88.83,0.27,0.12,40.58,2.43,1.05,0.85,1.18,9.07,3.7,2021-AKK-138,2021,202102,FF-18,14190.049540999998,0.012565926060732,9072.15269682712,162,33,2,54.26,0,54,0.3016,0.1023,0,65.2529,-168.94758,52,2.2,9,NBS,13
8.79,0.21,0.29,0.51,0.25,1.06,0,0.5,0.76,0,29.83,0,0,36.51,0.5,1.39,0.92,3.84,0.57,0,0.56,0,0.73,4.46,5.74,1.03,24.14,18.49,1.43,0.15,0,0,1.55,1.28,0.59,0,0.8,0.36,3.12,1.74,0,1.94,9.2,4.31,10.33,0,0,0.86,0,0.07,3.07,0,1.11,48.41,0.17,5.35,1.49,1.52,0.43,1.37,0,0,0,0.71,0,3.33,0.1,13.05,0.94,5.38,50.86,115.68,93.31,1.83,72.05,0.27,0.13,32.19,1.91,1.22,0.84,1.31,11.7,3.71,2021-AKK-139,2021,202102,FF-18,14190.049540999998,0.012565926060732,9072.15269682712,162,33,2,54.08,0,56,0.1026,0.0323,0,65.2529,-168.94758,52,2.2,9,NBS,13
1.53,0.04,0.04,0.16,0.13,0.47,0,0.27,0.18,0,6.63,0,0,6.45,0.16,0.66,0.47,1.15,0.32,0,0.28,0,0.34,0.69,2.12,0.34,5.06,3.75,0.34,0.22,0,0,0.54,0.4,0.14,0,0.3,0.06,0.75,0,0,0.59,2.07,1.08,3.93,0,0,0.38,0,0,1.39,0,0.24,11.41,0.11,0.55,0.64,0.75,0.25,0.53,0,0,0,0.42,0,1.45,0.12,4.38,0.32,2.34,13.21,25.71,25.69,1.95,19.23,0.38,0.16,9.02,0.6,0.97,0.88,1.35,8.55,2.6,2021-AKK-14,2021,202101,R-26,255.358203,0.0139041419426712,7048.259461394185,162,140,1,84.14,14.66,206,0.2316,0.0637,0,60.67,-174.12725,87,2.3,4,EBS,9
8.96,0.24,0.3,0.68,0.45,1.14,0,0.69,0,0,38.18,0,0,39.8,0.52,1.96,1.34,5.06,0.61,0,0.75,0,1.03,5.3,7.42,1.52,31.88,21.73,1.57,0.26,0,0,1.71,1.51,0.58,0,0.99,0.06,4.18,1.94,0,1.44,9.22,4.57,11.27,0,0,1.08,0,0.1,3.36,0,1.13,56.63,0.29,5.13,1.71,2.89,0.73,2,0.06,0,0,0.99,0,4.54,0.14,15.64,1.02,6.26,62.2,133.39,110.72,1.78,84.72,0.28,0.13,34.79,1.77,1.04,0.98,1.47,9.51,3.62,2021-AKK-140,2021,202102,FF-18,14190.049540999998,0.012565926060732,9072.15269682712,162,33,2,51.93,0,44,0.1648,0.0547,0,65.2529,-168.94758,52,2.2,9,NBS,13
2.76,0.06,0.11,0.69,0.04,1.09,0,0.81,0.28,0,23.65,0,0,13.69,0.48,2.77,2.47,2.08,1.17,0,1.55,0,1.16,0.04,7.33,0.74,34.66,24.19,2.28,1.12,0,0,2.98,1.76,0.51,0,1.07,0.63,0.66,0.24,0,1.02,10.23,9.17,21.36,0,0,4.01,0,0.18,6.53,0,1.2,29.81,0.25,4.68,3.46,2.84,1.28,2.71,0.07,0,0,1.74,0,8.36,0.16,19.69,1.42,8.14,43.71,130.43,89.1,2.04,62.61,0.66,0.11,51.73,3.61,0.58,0.54,1.43,20.83,1.51,2021-AKK-15,2021,202101,P-26,1489.460341,0.01438681347000315,5421.631423986408,162,143,1,76.53,13.8,155,0.3281,0.0973,0,60.00067,-173.97722,100,1.9,4,EBS,9
11.01,0.23,0.35,0.66,0.32,2.35,0,0.75,0.2,0,54.56,0,0,46.84,0.66,2.67,1.98,3.76,2.25,0,2.8,0,1.56,2.77,13.41,1.16,55.19,40.26,2.23,0.88,0,0,3.83,2.12,0.92,0,1.46,0.42,4.24,0,0,1.14,11.68,10.51,25.94,0,0,2.24,0,0.13,9.49,0,1.56,71.95,0.23,3.99,3.35,2.62,0.54,4.58,0.06,0,0,1.83,0.23,8.72,0.11,25.48,1.2,8.92,90.85,206.87,151.68,1.67,115.35,0.35,0.1,58.1,4.26,0.86,0.77,1.37,11.06,2.82,2021-AKK-16,2021,202101,P-26,1489.460341,0.01438681347000315,5421.631423986408,162,143,1,83.03,15.52,219,0.394,0.1938,0,60.00067,-173.97722,100,1.9,4,EBS,9
1.82,0.07,0.14,0.37,0.14,0.57,0,0.4,0.04,0,14.62,0,0,9.82,0.27,1.06,0.76,0.67,0.5,0,0.82,0,0.13,0.18,3.68,0.54,16.31,8.73,1,0.29,0,0,1,0.28,0.16,0,0.36,0.24,0.32,0.21,0,0.24,2.49,2.46,4.25,0,0,0.76,0,0,2.34,0,0.3,14.59,0.09,0.54,0.61,1.13,0.37,0.56,0,0,0,0.5,0,2.81,0,9.95,0.4,3.34,24.11,48.97,36.81,1.53,28.58,0.68,0.07,11.48,1.24,0.67,0.64,1.87,30.91,1.47,2021-AKK-17,2021,202101,P-26,1489.460341,0.01438681347000315,5421.631423986408,162,143,1,79.92,12.58,157,0.2889,0.1063,0,60.00067,-173.97722,100,1.9,4,EBS,9
7.23,0.15,0.42,1.25,0.09,2.32,0,1.6,0.2,0,33.81,0,0,31.47,0.95,3.73,3.25,3.26,1.93,0,3,0,1.34,1.35,10.09,1.81,28.66,25.83,2.77,0.69,0,0,2.79,1.23,0.61,0,1.54,0.24,1.87,0,0,1.19,11.54,5.54,14.13,0,0,2.73,0,0.14,10.59,0,1.17,51.63,0.38,3.8,1.98,2.04,0.97,1.89,0,0,0,1.93,0,10.51,0.21,23.99,1.25,12.45,66.4,132.87,123.83,1.86,91.94,0.46,0.12,39.03,3.03,0.93,0.94,1.11,16.81,2.15,2021-AKK-18,2021,202101,L-24,5568.931359,0.0134158600542252,2236.159283023512,162,153,1,94.51,17.76,345,0.3927,0.1212,0,58.67781,-172.36717,101,2.8,6,EBS,8
17.3,0.13,0.48,0.83,0.09,1.56,0,0.72,0.3,0,31.8,0,0,18.37,0.62,1.88,0.82,2.43,0.99,0,1.75,0.08,1.57,0.91,7.77,1.35,35.73,14.48,2.35,0.32,0,0,3.05,0.74,0.41,0,1.13,0.73,1.72,0,0,1.31,36.18,7.81,7.8,0,0,3.27,0,0.19,4.32,0,1.46,32.95,0.35,24.71,4.65,2.98,1.8,1.24,0,0,0,0.8,0.15,4.87,0.13,16.52,2.46,6.28,64.86,160.36,83.13,1.28,61.28,0.5,0.12,84.13,3.78,0.58,0.73,2.47,10.69,1.99,2021-AKK-19,2021,202101,O-31,631.541792,0.0141704479387746,846.832792572802,162,179,1,72.57,10.3,115,0.2914,0.1232,0,59.66375,-177.14101,175,1.8,5,EBS,8
7.61,0.13,0.46,1.09,0.08,1.9,0,1.28,0.13,0,38.51,0,0,31.82,0.61,3.14,2.39,1.8,1.7,0,3.08,0,0.47,0.56,10.86,1.87,43.83,27.49,2.52,0.82,0,0,3.45,1.21,0.59,0,1.89,0.4,1.6,0,0,0.7,12.67,6.18,14.95,0,0,2.76,0,0.14,9.28,0,1.17,45.75,0.21,2.99,1.64,2.16,1,2.13,0.06,0,0,1.82,0.05,9.19,0.06,26.39,0.88,10.01,69.23,150.9,115.33,1.67,85.77,0.58,0.08,40.6,3.85,0.83,0.6,1.59,19.93,1.73,2021-AKK-2,2021,202101,F-19,1564.967022,0.0141930788929083,775.0256362977203,162,106,1,89.77,15.22,277,0.2596,0.0832,0,56.6657,-168.91527,100,3.7,2,EBS,5
13.03,0.32,0.62,1.5,0.94,3.27,0,1.43,0.63,0,56.94,0.5,0,56.86,1.15,3.62,3.61,0,5.03,2.41,4.69,0,1.67,2.82,13.54,2.2,49.89,39.2,0.61,2.78,1.07,0,4.63,0.97,0,0,2.38,1.02,3.66,1.11,1.36,0,18.02,8.68,26.17,0,0,0,0,0,9.5,0.7,0,80.07,0.49,5.01,1.28,3.45,2.37,3.35,2.75,0,0,0.24,0.39,10.14,0.24,21.16,1.17,17.42,108.37,217.59,154.71,1.43,121.57,0.26,0.07,62.61,5.65,1,0.62,1.27,15.55,3.78,2021-AKK-20,2021,202101,Q-31,4684.982268,0.01436445540980505,24992.2457731986,162,184,1,90.8,17.6,284,0.3518,0.1537,0,60.32376,-177.3797,146,1.5,5,EBS,8
15.37,0.3,0.53,1.29,0.86,3.11,0,1.24,0.58,0,47.8,0,0,46.19,1.11,3.09,3.05,4.7,2.24,0,2.62,0,2.05,2.32,11.68,1.77,43.15,31.69,2.71,0.94,0,0,4.16,1.8,1.01,0,2.32,0.44,3.24,0,0,1.45,27.24,9.76,25.45,0,0,3.76,0,0.17,9.34,0,1.72,72.89,0.32,13.36,4.23,4.42,1.87,3.33,0.11,0,0.45,2.13,0.07,8.83,0.2,22.47,1.66,13.22,91.31,214.23,153.07,1.68,113.27,0.31,0.11,84.47,4.6,0.97,0.81,1.36,14.27,3.24,2021-AKK-21,2021,202101,Q-31,4684.982268,0.01436445540980505,24992.2457731986,162,184,1,97.26,20.1,342,0.3249,0.1458,1,60.32376,-177.3797,146,1.5,5,EBS,8
16.61,0.29,0.7,1.15,0.77,2.96,0,1.07,0.4,0,58.42,0,0,54.68,1.02,2.94,2.76,4.29,2.28,0,2.56,0,1.85,2.8,13.6,1.67,53.5,38.63,2.53,1.04,0.06,0,4.5,2.57,1.04,0,2.47,0.18,5,1.53,0,1.44,24.97,9.9,26.72,0,0,4.29,0,0.17,9.49,0,2.03,80.28,0.39,9.54,4.25,4.16,1.35,3.78,0.11,0,0,1.94,0.04,8.29,0.26,21.66,1.37,12.05,104.07,234.68,163.53,1.57,120.87,0.27,0.09,79.54,4.67,0.94,0.61,1.38,10.95,3.71,2021-AKK-22,2021,202101,Q-31,4684.982268,0.01436445540980505,24992.2457731986,162,184,1,100.07,19.62,401,0.369,0.1843,0,60.32376,-177.3797,146,1.5,5,EBS,8
15.97,0.34,0.55,1.3,0.09,3.43,0,1.16,0.46,0,60.4,0,0,62.42,0.98,3.09,3.02,5.46,2.68,0,2.98,0,2.44,3.21,16.38,2.13,53.14,44.75,2.58,0.77,0,0,5.06,2.37,1.22,0,2.48,0.51,4.86,0,0,1.69,22.76,9.2,31.08,0,0,4.6,0,0.19,10.79,0,2.13,91.57,0.35,6.82,4.43,3.57,1.32,4.03,0.13,0,0,2.28,0.06,9.37,0.16,24.85,1.69,12.55,109.01,246.88,183.43,1.68,137.63,0.27,0.1,77.87,5.57,1.03,0.77,1.19,12.83,3.69,2021-AKK-23,2021,202101,R-31,11723.594798999999,0.014138214966612,12589.991057594938,162,185,1,92.37,18.93,317,0.3225,0.1263,1,60.66455,-177.50949,147,1.8,5,EBS,8
18.06,0.27,0.79,1.54,0.71,2.98,0,1.22,0.22,0,58.07,0,0,51.96,0.92,3.53,2.95,4.19,2.28,0,4.37,0,2.23,2.25,13.75,2.1,65.38,40.59,2.94,1.15,0.04,0,4.85,1.94,0.89,0,2.37,0.14,3.48,1.1,0,1.46,33.04,10.55,27.02,0,0,3.87,0,0.19,10.65,0,1.91,79.88,0.3,12.47,6.17,5.68,1.06,3.56,0.09,0,0,2.21,0.1,9.24,0.23,24.72,1.83,13.14,106.28,262.58,166.6,1.57,123.26,0.31,0.11,94.92,4.99,0.89,0.8,1.61,14.94,3.23,2021-AKK-24,2021,202101,R-31,11723.594798999999,0.014138214966612,12589.991057594938,162,185,1,86.61,16.12,262,0.4002,0.1918,0,60.66455,-177.50949,147,1.8,5,EBS,8
13.28,0.22,0.34,1.17,0.61,2.6,0,1.02,0.65,0,45.01,0.29,0,41.68,0.81,2.9,2.64,0,4.62,2,2.23,0,1.7,2.73,11.54,1.63,41.68,32.51,0.46,2.24,0.86,0,3.75,0.92,0,0,2.07,0,3.79,0.64,1.44,0,20.57,8.57,26.22,0,0,0,0,0.14,8.16,0.58,0,73.59,0,7.86,4.45,4.06,1.86,3.36,2.94,0,0,0.36,0,9.55,0,21.62,1.67,13.59,89.85,195.03,140.73,1.57,113.77,0.29,0.07,71.73,3.75,0.93,0.55,1.28,10.99,3.4,2021-AKK-25,2021,202101,R-31,11723.594798999999,0.014138214966612,12589.991057594938,162,185,1,88.56,18.78,272,0.3574,0.145,1,60.66455,-177.50949,147,1.8,5,EBS,8
9.4,0.28,0.32,0.55,0.39,1.96,0,0.48,0.17,0,35.34,0,0,62,0.58,1.56,1.44,2.79,1.15,0,1.86,0,0.72,1.46,7.22,1.16,35.5,27.74,1.33,0.32,0,0,2.24,1.37,0.93,0,0.99,0.6,2.31,0.55,0,2.57,6.94,4.41,17.12,0,0,1.68,0,0.08,6.18,0,0.91,41.5,0.22,1.61,2.33,5.04,0.83,2.01,0,0,0,1.5,0,4.48,0.17,12.45,0.62,6.56,60.42,167.01,89.95,1.49,65.55,0.3,0.07,37.45,2.85,1.75,0.59,1.28,26.79,3.33,2021-AKK-26,2021,202102,W-27,325.218933,0.0136408902594624,26757.78435698558,162,2,2,57.41,0,58,0.3025,0.0956,0,62.33486,-175.27563,79,-0.6,7,NBS,10
14.49,0.35,0.58,0.89,0.6,2.69,0,0.69,0.48,0,55.36,0,0,103.39,0.89,2.1,2.21,4.93,1.5,0,2.94,0,1.02,2.98,9.61,1.16,59.52,42.39,1.78,0.43,0,0,3.68,1.96,1.26,0,1.2,0.61,4.39,0.73,0,2.34,8.89,5.74,22.15,0,0,2.18,0,0.11,8.48,0,1.19,64.36,0.41,1.57,2.79,2.66,1,3.38,0,0,0,2.23,0,5.53,0.07,18.38,0.76,9.66,91.57,254.71,134.77,1.47,97.82,0.29,0.07,43.8,4.29,1.87,0.73,1.4,23.57,3.5,2021-AKK-27,2021,202102,W-27,325.218933,0.0136408902594624,26757.78435698558,162,2,2,57.59,0,60,0.2567,0.0658,0,62.33486,-175.27563,79,-0.6,7,NBS,10
10.71,0.19,0.55,0.73,0.46,2.16,0,0.54,0.29,0,42.99,0,0,75.02,0.64,1.63,1.73,3.47,1.14,0,2.61,0,0.86,2.02,7.26,0.84,51.46,33.84,1.47,0.35,0,0,2.97,1.53,0.96,0,0.95,0.49,3.2,0.71,0,1.98,6.39,4.86,15.61,0,0,1.6,0,0.09,6.5,0,0.89,47.26,0.21,1.16,1.92,1.64,0.62,2.15,0,0,0,1.54,0,4.57,0.13,14.23,0.57,7.53,70.25,196.31,101.11,1.44,73.47,0.3,0.07,31.58,3.46,1.75,0.7,1.52,23.44,3.32,2021-AKK-28,2021,202102,W-27,325.218933,0.0136408902594624,26757.78435698558,162,2,2,55.27,0,56,0.3627,0.131,0,62.33486,-175.27563,79,-0.6,7,NBS,10
10.88,0.29,0.35,0.61,0.47,2.49,0,0.58,0.65,0,51.74,0,0,91.47,0.86,1.69,1.85,4.42,1.64,0,2.56,0,0.93,3.11,9.66,1.51,43.03,40.86,1.5,0.34,0,0,3.31,2.18,1.36,0,1.23,0.4,5.38,0.56,0,1.75,10.98,5.41,25.55,0,0,1.76,0,0.11,6.82,0,1.34,66.22,0.24,2.61,2.97,2.7,0.34,3.75,0,0,0,1.54,0,4.88,0.13,14.15,0.71,8.35,83.05,230.85,127.98,1.54,95.05,0.21,0.07,50.22,3.7,1.77,0.68,1.05,17,4.68,2021-AKK-29,2021,202102,X-26,169.012922,0.0138434125460796,45653.48304807834,162,4,2,53.86,0,47,0.2226,0.0686,0,62.6591,-174.62102,73,-1.7,7,NBS,10
17.6,0.09,0.16,0.27,0.04,0.76,0.01,0.24,0,0,27.89,0,0,13.01,0.69,0.56,0.19,3,0.43,0,1.44,0.16,0.61,2.11,5.14,0.18,16.25,5.47,2.3,0,0,0,2.1,1,0.43,0.03,0.17,2.06,10.52,1.44,0.07,1.23,62.57,9.28,1.23,0,0,0.71,0,0.08,3.79,0,2.16,38.25,0.12,53.13,2.81,1.97,0.38,0.1,0,0,0.3,0.44,0,5.31,0.03,28.52,2.42,2.23,53.53,171.64,106.1,1.98,88.68,0.75,0.15,130.99,4.16,0.47,0.38,2.97,1.24,1.34,2021-AKK-3,2021,202101,E-21,2141.192395,0.0151980825328794,2171.326542582466,162,110,1,102.55,17.95,354,0.3604,0.0951,0,56.34038,-170.04649,109,4.2,1,EBS,4
10.21,0.21,0.39,0.76,0.49,2.11,0,0.74,0.61,0,41.53,0,0,70.21,0.78,1.73,2.08,3.77,1.39,0,2.08,0,0.84,2.42,8.1,1.48,34.91,36.4,1.55,0.34,0,0,3.09,1.78,1.02,0,1,0.34,4.4,0.63,0,1.46,9.57,4.47,21.53,0,0,1.61,0,0.09,5.67,0,1.17,56.52,0.27,1.93,2.21,2.47,0.34,3.27,0,0,0,1.27,0,4.91,0.08,15.42,0.66,8.52,70.4,188.9,113.02,1.61,85.06,0.27,0.07,42.18,3.43,1.69,0.66,0.96,15.95,3.67,2021-AKK-30,2021,202102,X-26,169.012922,0.0138434125460796,45653.48304807834,162,4,2,55.57,0,51,0.9023,0.3067,0,62.6591,-174.62102,73,-1.7,7,NBS,10
9.31,0.21,0.35,0.63,0.43,2.08,0,0.67,0.44,0,42.41,0,0,70.07,0.76,1.79,1.91,3.58,1.26,0,2.1,0,0.83,2.42,7.77,1.31,39.6,36.22,1.53,0.34,0,0,3.13,1.83,1.01,0,1.13,0.3,4.5,0.44,0,1.55,9.71,6.25,21.28,0,0,1.99,0,0.1,7.17,0,1.31,62.06,0.26,2.17,2.74,2.63,0.7,2.68,0,0,0,1.28,0,6.06,0.07,16.08,0.64,7.96,69.34,195.61,122.14,1.76,92.69,0.26,0.07,44.78,3.43,1.65,0.64,1.09,15.56,3.86,2021-AKK-31,2021,202102,X-26,169.012922,0.0138434125460796,45653.48304807834,162,4,2,52.81,0,48,0.2256,0.0786,0,62.6591,-174.62102,73,-1.7,7,NBS,10
8.17,0.31,0.17,0.36,0.06,2.29,0,0.73,0.37,0,42.06,0,0,57.8,0.56,1.48,1.36,3.67,1.07,0,1.25,0,0.59,1.47,9.33,2.44,22.32,23.51,0.93,0.24,0,0,1.73,1.24,0.76,0,0.99,0.15,4.32,0.48,0,0,11.64,3.16,23.76,0,0,1.65,0,0.08,4.76,0,1.27,57.38,0.21,1.01,1.49,1.52,0.48,1.66,0.14,0,0,0.95,0.32,4.78,0.19,11.03,0.5,6.64,68.06,151.05,101.06,1.48,79.97,0.19,0.07,42.59,1.87,1.37,0.72,0.95,13.39,5.2,2021-AKK-32,2021,202102,Y-23,456.261516,0.01446771019492095,13340.051563083893,162,12,1,58,10.42,63,0.3566,0.1278,0,63.00331,-172.56412,61,-1.7,8,NBS,12
8.1,0.28,0.23,0.43,0.28,1.99,0,0.54,0.34,0,36.69,0,0,61.78,0.58,1.34,1.36,3.21,0.96,0,1.35,0,0.37,2.71,7.25,1.48,24.45,22.73,1.14,0.24,0,0,2.26,1.49,0.89,0,1.19,0.09,5.84,0.65,0,1.46,7.92,3.87,20.14,0,0,1.6,0,0.07,5.22,0,1.52,61.15,0.19,1.16,1.83,1.3,0.42,1.58,0,0,0,1.15,0,4.67,0.15,12.77,0.56,6.28,59.97,149.41,111.58,1.86,87.86,0.21,0.07,36.23,2.35,1.68,0.55,1.08,10.58,4.79,2021-AKK-33,2021,202102,Y-23,456.261516,0.01446771019492095,13340.051563083893,162,12,1,49.62,6.94,30,0.3823,0.1293,0,63.00331,-172.56412,61,-1.7,8,NBS,12
7.26,0.32,0.28,0.33,0.28,1.66,0,0.45,0.48,0,34.51,0,0,50.21,0.46,1.26,0.82,3.3,0.73,0,1.09,0,0.7,2.77,6.19,1.38,26.44,17.99,1.14,0.18,0,0,1.72,0.81,0.69,0,0.84,0.39,4.55,0.44,0,1.65,6.93,3,11.91,0,0,0.94,0,0.09,4.67,0,1.02,52.61,0.24,1.52,1.37,1.55,0.46,1.33,0,0,0,0.77,0,4.37,0.13,13.33,0.78,5.27,54.74,125.16,98.45,1.8,78.63,0.25,0.08,26.28,2.11,1.46,0.71,1.47,11.03,3.95,2021-AKK-34,2021,202102,Y-23,456.261516,0.01446771019492095,13340.051563083893,162,12,2,42.14,0,10,0.3769,0.1253,0,63.00331,-172.56412,61,-1.7,8,NBS,12
11.14,0.29,0.37,0.44,0.26,1.91,0,0.61,0.33,0,42.44,0,0,66.55,0.61,1.87,1.49,3.62,0.83,0,1.16,0,0.97,3.55,9.11,1.2,29.54,23.01,1.46,0.24,0,0,1.83,0.96,0.79,0,0.88,0.46,5.15,0.44,0,1.39,6.15,4.04,14.55,0,0,1.25,0,0.07,5.75,0,1.08,58.5,0.19,1.44,1.36,1.96,0.51,1.4,0,0,0,0.79,0,5.58,0.07,13.7,0.56,6.9,71.04,153.05,109.78,1.55,86.84,0.23,0.08,29.52,2.29,1.57,0.78,1.28,12.92,4.27,2021-AKK-35,2021,202102,Y-23,456.261516,0.01446771019492095,13340.051563083893,162,12,2,53.59,0,37,0.3109,0.1082,0,63.00331,-172.56412,61,-1.7,8,NBS,12
1.63,0.04,0.03,0.41,0.17,0.61,0,0.32,0.11,0,11.04,0,0,10.58,0.19,0.83,0.9,0.74,0.51,0,0.72,0,0.43,0.16,3.67,0.4,7.71,9.29,0.73,0.14,0,0,0.83,0.58,0.26,0,0.36,0.21,0.62,0.26,0,1.79,3.68,2.11,8.7,0,0,1.3,0,0.04,3.66,0,0.35,20.3,0.27,0.85,0.95,1.02,0.22,0.77,0,0,0,0.64,0,3.01,0.07,5.64,0.34,3.36,20.63,46.74,42.85,2.08,32.34,0.28,0.09,17.32,1.04,0.96,0.42,0.83,17.08,3.6,2021-AKK-36,2021,202102,Y-23,456.261516,0.01446771019492095,13340.051563083893,162,12,1,55.28,8.89,39,0.3526,0.0874,0,63.00331,-172.56412,61,-1.7,8,NBS,12
7.94,0.29,0.13,0.24,0.15,2.2,0,0.45,0.3,0,36.68,0,0,62.72,0.54,1.24,1.12,3.21,0.86,0,0.94,0,0.52,3.17,6.88,1.21,16.01,14.02,0.92,0.15,0,0,1.71,0.83,0.8,0,0.9,0.41,5.91,0.54,0,0.91,6.1,2.03,14.27,0,0,1.01,0,0.04,5.17,0,1.24,63.58,0.88,1.03,1.55,1.93,0.28,0.94,0,0,0,0.87,0,4.01,0.13,10.8,0.44,5.7,59.4,123.05,107.75,1.81,87.38,0.17,0.07,26.91,2.12,1.71,0.65,1.14,10.61,5.89,2021-AKK-37,2021,202102,Y-23,456.261516,0.01446771019492095,13340.051563083893,162,12,1,52.75,8.33,34,0.3769,0.1185,0,63.00331,-172.56412,61,-1.7,8,NBS,12
10.84,0.34,0.32,0.41,0.27,1.91,0,0.57,0.53,0,40.35,0,0,65.85,0.56,1.71,1.53,4.46,0.93,0,1.02,0,0.51,4.24,8.17,0.99,25.44,19.88,1.43,0.23,0,0,2.03,0.92,0.94,0,0.9,0.51,5.46,0.85,0,1.75,6.05,4.17,13.63,0,0,1.16,0,0.06,5.46,0,1.16,59.04,0.17,2.06,1.53,1.16,0.5,1.26,0,0,0,0.87,0,6,0,11.44,0.5,6.92,67.77,143.81,110.48,1.63,85.87,0.19,0.09,28.61,2.54,1.63,0.76,1.28,12.05,5.16,2021-AKK-38,2021,202102,Y-23,456.261516,0.01446771019492095,13340.051563083893,162,12,2,49.43,0,26,0.3496,0.1145,0,63.00331,-172.56412,61,-1.7,8,NBS,12
7.21,0.17,0.2,0.36,0.19,1.48,0,0.47,0,0,30.27,0,0,40.55,0.4,1.59,1.18,2.15,0.82,0,1.14,0,0.82,1.31,7.45,1.48,25.32,18.63,1.59,0.24,0,0,1.62,0.73,0.61,0,0.72,0.05,3.17,0.42,0,1,6.77,5.37,12.51,0,0,1.31,0.34,0.07,6.48,0,1.05,45.32,0.18,3.02,1.41,1.45,0.45,1.49,0.02,0,0,0.93,0.02,6.38,0.04,13.09,0.53,5.28,51.49,119.48,90.62,1.76,70.92,0.29,0.07,30.53,1.67,1.34,0.65,1.36,12.78,3.46,2021-AKK-39,2021,202102,Y-23,456.261516,0.01446771019492095,13340.051563083893,162,12,2,50.28,0,22,0.265,0.0713,0,63.00331,-172.56412,61,-1.7,8,NBS,12
3.69,0.03,0.07,0.29,0.01,0.5,0,0.61,0.32,0,15.08,0,0,4.99,0.29,1.04,1,1.93,0.5,0,0.56,0.02,0.67,0.01,3.83,0.21,17,9.48,1.09,0.19,0,0,1.33,0.42,0.3,0,0,0.29,0.43,0.22,0,0.8,8.95,4.34,4,0,0,2.03,0,0.09,4.81,0,0.32,18.91,0.21,9.69,1.89,1.33,0.47,0.54,0,0,0,0.41,0,3.52,0.1,12.82,1.31,3.79,27.3,64.88,50.79,1.86,37.75,0.68,0.13,30.21,1.62,0.33,0.84,1.79,11.57,1.47,2021-AKK-4,2021,202101,F-22,1820.3480559999998,0.0159104838138972,3456.8401968995818,162,112,1,92.16,17.05,320,0.3442,0.0804,0,56.65739,-170.73806,115,3.9,6,EBS,8
7.91,0.29,0.29,0.46,0.27,1.97,0,0.66,0.57,0,48.78,0,0,62.94,0.57,1.89,1.52,3.01,0.95,0,1.36,0,0.83,2.41,9.62,1.14,40.49,24.01,1.22,0.25,0,0,2.18,0.95,0.7,0,0.94,0.48,4.28,0.55,0,1.28,7.9,4.08,16.22,0,0,1.14,0,0.06,5.37,0,1.04,53,0.59,1.7,1.49,2.48,0.41,1.28,0,0,0,0.81,0,5.19,0.06,13.91,0.61,7.35,75.62,165.41,101.13,1.34,80.02,0.26,0.06,33.89,2.66,1.29,0.67,1.69,14.72,3.81,2021-AKK-40,2021,202102,Y-23,456.261516,0.01446771019492095,13340.051563083893,162,12,2,51.45,0,25,0.3566,0.1275,0,63.00331,-172.56412,61,-1.7,8,NBS,12
8.64,0.15,0.23,0.68,0.53,1.89,0,0.76,0.32,0,41.09,0,0,64.62,0.74,1.64,2.09,3.37,1.26,0,1.63,0,0.73,2.21,8.01,1.22,31.86,31.38,1.16,0.32,0,0,2.57,1.62,1.02,0,1.26,0.13,5.96,0.4,0,1.49,7.79,4.36,20.99,0,0,1.85,0,0.08,6.32,0,1.33,56.24,0.23,0.89,2.99,1.87,0.56,1.68,0,0,0,1.16,0.35,5.32,0.06,13.14,0.64,7.9,67.43,171.05,110.32,1.64,84.69,0.23,0.07,38.88,2.7,1.57,0.55,1.02,10.84,4.28,2021-AKK-41,2021,202102,Y-24,231.654484,0.0139751596738776,33559.545003028186,162,13,1,63.74,10.75,98,0.3087,0.103,0,63.004,-173.21533,69,-1.7,8,NBS,12
9.74,0.26,0.39,0.67,0.44,1.96,0,0.74,0.54,0,41.77,0,0,66.81,0.66,1.66,1.82,3.24,0.9,0,1.4,0,0.52,3.2,6.61,1.39,28.5,21.28,1.24,0.2,0,0,2.12,0.88,0.79,0,0.92,0.46,4.42,0.49,0,1.35,7.36,2.69,12.92,0,0,0.91,0,0.04,4.94,0,0.91,49.57,0.17,1.42,1.44,1.61,0.44,1.59,0,0,0,0.75,0.18,4.16,0.12,11.94,0.45,7.83,67.45,148.35,95.21,1.41,73.52,0.24,0.07,27.43,2.58,1.6,0.73,1.34,15.13,4.15,2021-AKK-42,2021,202102,Y-24,231.654484,0.0139751596738776,33559.545003028186,162,13,2,56.99,0,47,0.3463,0.1172,0,63.004,-173.21533,69,-1.7,8,NBS,12
7.73,0.22,0.25,0.36,0.23,1.83,0,0.5,0.6,0,35.53,0,0,56.62,0.52,1.36,1.22,3.12,0.76,0,1.09,0,0.62,2.39,6.96,0.96,24.41,18.4,1.18,0.2,0,0,1.84,0.84,0.79,0,0.91,0.44,4.69,0.51,0,0.96,6.84,3.4,14.3,0,0,0.97,0,0.06,5.34,0,1.04,52.97,0.16,2.34,1.36,1.01,0.28,1.25,0,0,0,0.83,0,4.53,0.07,12.01,0.81,6.11,57.6,132.6,97.42,1.69,77.26,0.23,0.07,29.26,2.28,1.59,0.66,1.33,12.06,4.41,2021-AKK-43,2021,202102,Y-24,231.654484,0.0139751596738776,33559.545003028186,162,13,1,51.12,8.22,54,0.3475,0.1168,0,63.004,-173.21533,69,-1.7,8,NBS,12
9.09,0.22,0.35,0.59,0.29,2.08,0,0.59,0.15,0,54.34,0,0,67.45,0.64,1.64,1.62,3.51,1.47,0,2.19,0,0.84,3.02,11.02,0.94,49,37.77,1.57,0.3,0,0,3.17,1.43,1.19,0,1.1,0.38,5.05,0.38,0,0.82,8.74,6.51,20.21,0,0,1.52,0,0.07,6.84,0,1.28,57.9,0.23,1.57,2.57,2.41,0.23,3.11,0,0,0,1.37,0,5.54,0.11,17.54,0.65,6.96,83.52,200.68,118.42,1.42,89.35,0.3,0.07,42.01,3.55,1.24,0.71,1.3,13.37,3.3,2021-AKK-44,2021,202102,Y-24,231.654484,0.0139751596738776,33559.545003028186,162,13,2,46.88,0,38,0.3126,0.1247,0,63.004,-173.21533,69,-1.7,8,NBS,12
9.22,0.31,0.24,0.46,0.41,1.96,0,0.65,0.31,0,38.58,0,0,57.67,0.57,1.64,1.52,3.21,0.85,0,1.06,0,0.87,2.75,7.96,1.67,24.88,18.27,1.2,0.22,0,0,1.87,0.97,0.75,0,0.83,0.34,5.79,0.44,0,1.28,7.43,3.6,14.73,0,0,1.29,0,0.08,4.8,0,1.2,56.32,0.23,1.47,1.42,1.73,0.6,1.55,0,0,0,0.87,0,4.73,0,13.09,0.74,6.96,64.18,135.84,104.61,1.63,83.61,0.23,0.08,30.38,2.21,1.49,0.64,1.36,9.96,4.3,2021-AKK-45,2021,202102,Y-24,231.654484,0.0139751596738776,33559.545003028186,162,13,1,51.48,8.55,53,0.3592,0.1125,0,63.004,-173.21533,69,-1.7,8,NBS,12
8.5,0.34,0.34,0.52,0.27,2.26,0,0.59,0.26,0,45.09,0,0,61.21,0.61,1.5,1.47,3.58,1.23,0,1.66,0,0.74,2.45,10.24,1.6,37.06,32.88,1.6,0.31,0,0,2.76,1.82,1,0,1.34,0.11,5.83,1.29,0,1.49,9.61,6.74,22.89,0,0,2.12,0,0.09,6.06,0,1.65,64.5,0.28,1.97,2.51,2.1,0.51,1.99,0.07,0,0,1.41,0.21,4.86,0.08,16.29,0.84,6.87,72.73,182.26,123.73,1.7,95.75,0.25,0.07,45.83,2.87,1.36,0.54,1.13,10.49,3.96,2021-AKK-46,2021,202102,Y-24,231.654484,0.0139751596738776,33559.545003028186,162,13,2,44.63,0,30,0.2393,0.0828,0,63.004,-173.21533,69,-1.7,8,NBS,12
7.07,0.24,0.22,0.32,0.23,1.82,0,0.5,0.32,0,36.9,0,0,55.03,0.5,1.37,1.26,2.74,0.84,0,1.22,0,0.78,2.23,7.8,1.03,27.03,20.66,1.14,0.2,0,0,1.95,0.97,0.77,0,0.95,0.48,5.06,0.35,0,1.24,6.94,4.5,15.38,0,0,1.46,0,0.06,5.73,0,1.18,60.27,0.24,1.99,1.65,1.62,0.5,1.44,0,0,0,0.84,0,5.41,0.15,14.9,0.72,5.83,59.13,138.61,110.45,1.87,89.32,0.25,0.07,32.08,2.43,1.49,0.59,1.31,10.87,4.05,2021-AKK-47,2021,202102,Y-24,231.654484,0.0139751596738776,33559.545003028186,162,13,1,51.83,8.9,51,0.3342,0.1126,0,63.004,-173.21533,69,-1.7,8,NBS,12
9.07,0.21,0.3,0.42,0.24,1.64,0,0.44,0.31,0,42.51,0,0,55.17,0.55,1.23,1.18,3.14,1.05,0,1.31,0,0.83,2.34,9.05,0.93,36.92,29.07,1.5,0.26,0,0,2.4,1.16,0.85,0,0.9,0.27,4.44,0.32,0,1.28,6.96,5.97,15.69,0,0,1.66,0,0.08,5.56,0,1.21,54.32,0.3,2.37,2.01,1.95,0.42,1.72,0.07,0,0,1.17,0,4.4,0.13,17.39,0.67,5.47,67.86,160.31,107.17,1.58,84.22,0.32,0.07,34.94,2.67,1.3,0.66,1.27,12.41,3.12,2021-AKK-48,2021,202102,Y-24,231.654484,0.0139751596738776,33559.545003028186,162,13,2,44.64,0,32,0.3214,0.123,0,63.004,-173.21533,69,-1.7,8,NBS,12
11.57,0.34,0.43,0.64,0.33,1.88,0,0.57,0.56,0,50.83,0,0,73.74,0.7,1.6,1.66,5.06,1.22,0,2.06,0,0.82,4.34,10.8,1.37,44.95,37.66,1.59,0.3,0.04,0,3.31,1.42,1.19,0,0.86,0.1,7.71,0.46,0,1.25,8.32,5.59,18.98,0,0,1.6,0.53,0.1,5.52,0,1.45,66.3,0.63,1.59,2.24,2.79,0.5,1.99,0.03,0,0,1.4,0,4.68,0.18,17.5,0.74,7.23,82.89,201.01,130.12,1.57,99.84,0.26,0.09,39.52,3.41,1.45,0.75,1.19,9.57,3.79,2021-AKK-49,2021,202102,Y-25,43.631122999999995,0.0151352592001281,42087.15500522176,162,14,2,53.16,0,50,0.392,0.1547,0,63.00044,-173.98169,73,-1.7,8,NBS,12
12.58,0.14,0.53,1.15,0.06,2.35,0,1.3,0.19,0,40.46,0,0,33.77,1,3.28,2.55,2.83,1.9,0,2.97,0,1.25,0.9,11.09,1.63,40.18,31.85,3.3,0.51,0,0,4.25,2.02,0.81,0,0,1.25,3.27,0.45,0,1.18,23.12,9.12,19.16,0,0,3.33,0,0.16,10.27,0,1.34,53.65,0.29,12.44,3.68,4.26,1.35,2.93,0,0,0,1.68,0,10.73,0.13,31.27,1.67,10.88,77.62,186.23,137.72,1.77,103.94,0.58,0.1,71.79,5.5,0.83,0.6,1.26,10.33,1.72,2021-AKK-5,2021,202101,F-22,1820.3480559999998,0.0159104838138972,3456.8401968995818,162,112,1,95.73,16.75,324,0.3883,0.1069,0,56.65739,-170.73806,115,3.9,6,EBS,8
10.71,0.31,0.34,0.44,0.28,1.61,0,0.51,0.5,0,43.44,0,0,76.41,0.65,1.47,1.48,4.43,0.86,0,1.15,0,0.55,4.29,7.39,1.01,28.94,26.21,1.15,0.21,0,0,2.31,1.17,1.02,0,0.8,0.47,6.35,0.48,0,0.92,5.15,3.07,12.58,0,0,0.92,0,0.04,4.56,0,1.1,55.47,0.19,0.81,1.42,1.49,0.32,1.32,0,0,0,0.82,0.25,4.1,0.14,11.6,0.52,6.3,69.39,159.97,104.41,1.5,80.81,0.21,0.08,24.52,2.78,1.76,0.77,1.1,12.03,4.78,2021-AKK-50,2021,202102,Y-25,43.631122999999995,0.0151352592001281,42087.15500522176,162,14,1,53.18,8.12,54,0.3827,0.1386,0,63.00044,-173.98169,73,-1.7,8,NBS,12
6.88,0.16,0.29,0.36,0.21,1.08,0,0.37,0.22,0,27.91,0,0,49.99,0.42,0.99,1.02,2.35,0.61,0,1.04,0,0.65,2.25,5.34,0.64,28.85,23.03,0.87,0.16,0,0,1.86,0.94,0.65,0,0.45,0.04,4.58,0.53,0.46,0,4.3,3.41,10.4,0,0,0.85,0,0.07,3.79,0,0.74,40.53,0.2,0.9,1.3,1.53,0.31,1.16,0,0,0,0.88,0.18,3.79,0.11,10.62,0.36,4.24,45.98,126.45,78.21,1.7,61.13,0.26,0.07,21.83,1.91,1.79,0.7,1.25,10.92,3.82,2021-AKK-51,2021,202102,Y-25,43.631122999999995,0.0151352592001281,42087.15500522176,162,14,2,46.82,0,34,0.2196,0.0785,0,63.00044,-173.98169,73,-1.7,8,NBS,12
7.28,0.15,0.23,0.73,0.5,1.64,0,0.72,0.25,0,36.65,0,0,57.15,0.67,1.47,2.12,3.04,1.2,0,1.65,0,0.77,2.21,6.78,1.05,30.42,31.42,1.2,0.27,0,0,2.53,1.37,0.92,0,0.86,0.31,3.99,0.58,0,1.47,6.97,3.37,16.08,0,0,1.24,0,0.09,4.92,0,0.73,47.38,0.12,0.61,1.95,1.69,0.33,2.49,0,0,0,1.08,0,4.52,0,11.82,0.47,7.43,59.7,153.55,94.2,1.58,70.98,0.25,0.08,30.67,2.84,1.56,0.64,0.97,14.34,4.01,2021-AKK-52,2021,202102,Y-25,43.631122999999995,0.0151352592001281,42087.15500522176,162,14,1,51.07,7.22,49,0.3187,0.0945,0,63.00044,-173.98169,73,-1.7,8,NBS,12
8.52,0.27,0.35,0.25,0.12,1.27,0,0.36,0.26,0,37.58,0,0,54.46,0.46,1.35,0.71,3.39,0.79,0,0.96,0,0.76,2.71,7.2,1.35,31.91,23.26,1.58,0.23,0,0,1.72,0.81,0.77,0,0.71,0.35,3.83,0.37,0,1.22,5.86,4.09,11.42,0,0,1.21,0,0.05,4.89,0,0.99,48.81,0.22,1.37,1.38,2.08,0.76,1.28,0,0,0,0.74,0,4.72,0,13.93,0.46,4.32,58.94,140.26,94.95,1.61,74.61,0.29,0.08,26.2,2.07,1.45,0.8,1.37,14.23,3.5,2021-AKK-53,2021,202102,ZZ-24,565.332812,0.01345770933053085,30168.581444906646,162,15,2,51.47,0,40,0.2394,0.0737,0,63.33903,-173.35745,71,-1.6,8,NBS,12
11.24,0.39,0.45,0.56,0.34,1.81,0,0.47,0.28,0,56.73,0,0,76.41,0.68,1.61,1.09,4.54,1.32,0,2.29,0,1.03,3.88,12.69,0.91,58.19,43.41,1.71,0.38,0,0,3.28,1.51,1.3,0,1.34,0.78,6.11,1.76,0,1.39,5.89,7.3,17.7,0,0,1.49,0,0.1,6.6,0,1.77,70.88,0.34,1.17,2.2,2.39,0.51,1.64,0,0,0,1.02,0,5.01,0.17,18.89,0.62,6.15,89.12,219.41,137.04,1.54,105.88,0.27,0.08,36.65,4.06,1.35,0.67,1.34,12.5,3.75,2021-AKK-54,2021,202102,Y-25,43.631122999999995,0.0151352592001281,42087.15500522176,162,14,2,45.67,0,31,0.3183,0.1455,0,63.00044,-173.98169,73,-1.7,8,NBS,12
10.2,0.23,0.27,0.38,0.23,1.84,0,0.51,0.22,0,43.05,0,0,72.69,0.6,1.26,1.38,3.25,0.89,0,1.15,0,0.7,2.82,6.83,1.33,26.22,22.05,1.1,0.16,0,0,2.09,1.16,0.91,0,0.9,0.47,6.35,0.41,0,1.23,6.03,2.46,12.86,0,0,1.11,0,0.05,5.4,0,1.16,62.53,0.16,0.65,1.19,1.03,0.34,1.33,0,0,0,0.78,0,3.74,0,11.82,0.36,5.81,67.23,149.01,109.63,1.63,88.01,0.19,0.06,24.22,2.56,1.69,0.59,1.19,11.45,5.29,2021-AKK-55,2021,202102,Y-25,43.631122999999995,0.0151352592001281,42087.15500522176,162,14,1,54.6,8.98,61,0.443,0.1561,0,63.00044,-173.98169,73,-1.7,8,NBS,12
9.4,0.17,0.33,0.49,0.36,1.76,0,0.47,0.45,0,42.68,0,0.25,64.75,0.67,1.37,1.68,3.78,1.29,0,2.03,0,0.93,2.42,7.93,1.07,42.78,35.9,1.46,0.28,0,0,2.97,1.68,1,0,0.98,0.37,4.63,0.55,0,1.31,8.28,4.47,19.33,0,0,1.51,0,0.07,4.96,0,0.97,50.83,0.2,1.62,2.39,1.82,0.7,2.87,0,0,0,1.32,0,4.55,0.14,13.18,0.59,6.57,68.46,185.99,103.52,1.51,76.77,0.26,0.08,37.91,3.34,1.52,0.68,1.19,13.98,3.86,2021-AKK-56,2021,202102,Y-25,43.631122999999995,0.0151352592001281,42087.15500522176,162,14,2,51.14,0,43,0.3578,0.1183,0,63.00044,-173.98169,73,-1.7,8,NBS,12
10.7,0.24,0.38,0.5,0.45,2.01,0,0.44,0.4,0,46.06,0,0.35,72.93,0.73,1.29,1.49,4.02,1.34,0,2.05,0,0.66,3.63,8.29,1.12,45.84,35.06,1.29,0.24,0.09,0,2.98,1.58,1.1,0,0.83,0.31,5.68,0.54,0,1.21,6.8,4.02,16.54,0,0,1.26,0,0.07,5.67,0,1.08,62.45,0.2,1.67,2.39,1.72,0.32,2.52,0.07,0,0,1.24,0.39,4.5,0.13,13.85,0.52,6.57,73.61,191.6,118.02,1.6,90.19,0.22,0.08,33.13,3.28,1.58,0.72,1.31,12.85,4.51,2021-AKK-57,2021,202102,Y-25,43.631122999999995,0.0151352592001281,42087.15500522176,162,14,1,54.3,7.24,53,0.3228,0.1171,0,63.00044,-173.98169,73,-1.7,8,NBS,12
7.73,0.17,0.31,0.47,0.36,1.66,0,0.44,0.31,0,40.9,0,0,64.18,0.62,1.19,1.44,3,1.14,0,1.75,0,0.58,2.16,7.46,0.92,41.2,36.82,1.24,0.24,0,0,2.68,1.49,0.91,0,0.68,0.29,3.66,0.61,0,1.42,8.04,4.29,17.57,0,0,1.05,0,0.08,4.79,0,0.8,46.55,0.22,2.52,2.36,1.96,0.27,2.79,0,0,0,0.94,0.21,3.49,0.12,10.53,0.6,5.87,63.68,182.87,90.66,1.42,67.53,0.23,0.07,36.74,2.97,1.57,0.64,1.12,17.52,4.42,2021-AKK-58,2021,202102,Y-25,43.631122999999995,0.0151352592001281,42087.15500522176,162,14,2,50.24,0,41,0.373,0.1281,0,63.00044,-173.98169,73,-1.7,8,NBS,12
11.14,0.25,0.29,0.42,0.32,1.68,0,0.41,0.37,0,41.72,0,0,71.85,0.68,1.25,1.05,3.95,1.26,0,1.59,0,0.87,3.01,8.23,0.97,41.66,35.08,1.4,0.29,0,0,3.04,1.48,1.14,0,0.81,0.14,4.8,0.53,0,1.86,7.25,4.74,18.06,0,0,1.39,0,0.07,5.6,0,0.98,52.53,0.23,1.37,2.12,1.77,0.24,2.26,0,0,0,1.3,0,4.16,0.13,15.98,0.67,5.5,68.52,188.18,107.66,1.57,81.33,0.3,0.08,35.31,3.18,1.72,0.68,1.19,14.96,3.29,2021-AKK-59,2021,202102,Y-25,43.631122999999995,0.0151352592001281,42087.15500522176,162,14,2,46.48,0,32,0.2553,0.0836,0,63.00044,-173.98169,73,-1.7,8,NBS,12
3.19,0.05,0.1,0.65,0.49,1.17,0,0.94,0.38,0,14.93,0,0,11.7,0.47,2.19,1.97,2.18,1.21,0,1.07,0,0.61,0.37,5.66,0.74,13.52,12.16,1.48,0.61,0,0,1.95,0.99,0.38,0,0.74,0.39,0.73,0,0,0.86,9.74,4.91,11.25,0,0,3.61,0,0,6.06,0,0.66,29.19,0.2,4.31,2.36,2.11,1.08,1.89,0,0,0,1.15,0,5.87,0.09,11.62,0.83,7.79,33.14,76.27,71.4,2.15,49.92,0.4,0.14,34.67,2.34,0.78,0.7,1.11,16.01,2.51,2021-AKK-6,2021,202101,N-22,2126.952574,0.01544321388383235,12626.905349290499,162,124,1,95.03,18.2,340,0.3624,0.1254,0,59.33329,-171.19173,76,2.4,3,EBS,6
14.66,0.37,0.49,0.81,0.52,2.72,0,0.65,0.42,0,64.95,0.27,0,90.64,0.89,1.97,2.2,0,5.88,2.16,2.89,0,1.38,4.43,13.47,1.82,72.76,58.14,0.84,2.53,0.5,0,4.72,1.72,0,0,1.83,1.06,6.43,1.5,1.16,0,10.04,8.64,26.05,0,0,0,0,0,8.27,0.51,0,76.6,0,1.26,3.48,3.27,1.04,3.45,2.59,0,0,0,0,7.56,0,21.96,0,11.45,111.94,281.11,148.43,1.33,118.09,0.29,0.05,52.74,5.78,1.4,0.49,1.25,14.1,3.49,2021-AKK-60,2021,202102,Y-25,43.631122999999995,0.0151352592001281,42087.15500522176,162,14,2,50.42,0,40,0.2448,0.1039,0,63.00044,-173.98169,73,-1.7,8,NBS,12
10.97,0.29,0.49,0.41,0.17,1.53,0,0.34,0.26,0,53.94,0,0,65.71,0.52,1.37,0.7,4.2,1.04,0,1.25,0,1.05,3.29,12.48,1.42,57.6,36.04,1.83,0.32,0,0,2.8,1.2,1.09,0,1.09,0.66,5.17,0.34,0,1.24,6.2,8.46,16.19,0,0,1.58,0,0.1,6.34,0,1.55,69.17,0.29,2.13,2.09,2.95,0.54,1.28,0,0,0,1.11,0,5.44,0.12,20.33,0.74,4.79,84.03,202.7,130.73,1.56,104.61,0.29,0.08,38.02,3.46,1.22,0.72,1.6,12.72,3.4,2021-AKK-61,2021,202102,ZZ-24,565.332812,0.01345770933053085,30168.581444906646,162,15,2,47.37,0,35,0.3599,0.1492,0,63.33903,-173.35745,71,-1.6,8,NBS,12
12.51,0.32,0.39,0.7,0.37,2.17,0,0.58,0.36,0,57.54,0.26,0,73.85,0.77,2.06,1.94,0,4.86,1.87,2.06,0,1.24,4.1,13.73,1.42,54.59,48.63,0.71,2.49,0.46,0,4.13,1.55,0,0,0,0,5.89,1.31,1.21,0,8.92,8.39,22.89,0,0,0,0,0,7.29,0.38,0,76.61,0,1.87,3.33,3,1.03,3.11,2.36,0,0,0,0,8.69,0,20.9,0.78,10.05,100.22,232.3,141.11,1.41,116.07,0.27,0.05,48.41,4.13,1.28,0.55,1.12,12.54,3.67,2021-AKK-62,2021,202102,ZZ-24,565.332812,0.01345770933053085,30168.581444906646,162,15,2,44.46,0,29,0.23,0.0976,0,63.33903,-173.35745,71,-1.6,8,NBS,12
6.76,0.24,0.2,0.21,0.13,1.52,0,0.31,0.24,0,30.88,0,0,49.35,0.46,1.07,0.63,2.64,0.77,0,0.86,0,0.6,2.31,6.46,1.19,17.76,18,1.05,0.15,0,0,1.61,1.18,0.76,0,0.57,0.37,4.55,0.71,0,1.63,7.58,3.05,14.34,0,0,1.3,0,0,4.54,0,0.99,52.72,0,3.22,1.43,2.48,0.2,2.14,0,0,0,0.79,0,3.9,0,10.45,0.35,4.11,49.23,120.61,94.83,1.93,75.21,0.2,0.07,32.1,1.99,1.6,0.56,0.99,10.84,5.05,2021-AKK-63,2021,202102,ZZ-24,565.332812,0.01345770933053085,30168.581444906646,162,15,1,51.53,8.53,51,0.3401,0.107,0,63.33903,-173.35745,71,-1.6,8,NBS,12
7.58,0.24,0.23,0.28,0.17,1.38,0,0.34,0.32,0,34.54,0,0,47.78,0.42,1.12,0.7,3.38,0.84,0,0.92,0,0.85,2.47,7.05,1.31,24.77,21.38,1.02,0.18,0,0,1.76,0.86,0.82,0,0.6,0.14,4.05,0.44,0,1.66,6.93,2.91,13.36,0,0,0.94,0,0.07,4.38,0,0.82,50.1,0.22,1.76,1.25,1.44,0.55,2.31,0,0,0,0.78,0,3.51,0.12,12.24,0.56,4.32,54.98,125.29,93.57,1.7,73.37,0.24,0.08,27.66,1.89,1.38,0.74,1.16,11.81,4.09,2021-AKK-64,2021,202102,ZZ-24,565.332812,0.01345770933053085,30168.581444906646,162,15,1,50.74,7.63,45,0.4201,0.137,0,63.33903,-173.35745,71,-1.6,8,NBS,12
11.31,0.3,0.35,0.51,0.22,1.81,0,0.48,0.22,0,59.22,0,0,71.18,0.55,1.53,1.29,3.3,1.08,0,1.32,0,0.85,2.29,13.67,1.61,58.71,35.6,1.65,0.31,0,0,2.76,1.23,1.03,0,1.26,0.06,5.62,0.39,0,1.04,7.82,7.71,19.29,0,0,1.73,0,0.08,6,0,1.65,68.23,0.27,1.83,2.06,2.61,0.56,1.79,0.08,0,0,1.51,0,5.91,0.12,21.17,0.58,6.06,92.11,211.87,129.76,1.41,104.59,0.31,0.06,41.33,2.83,1.2,0.58,1.65,12.67,3.22,2021-AKK-65,2021,202102,ZZ-24,565.332812,0.01345770933053085,30168.581444906646,162,15,2,44.15,0,28,0.3747,0.1638,0,63.33903,-173.35745,71,-1.6,8,NBS,12
7.22,0.28,0.24,0.28,0.13,1.61,0,0.36,0.21,0,32.54,0,0,53.77,0.48,1.25,0.68,2.74,0.85,0,0.84,0,0.67,2.58,7.25,1.39,23.09,17.27,1.13,0.17,0,0,1.62,0.82,0.78,0,0.7,0.41,4.5,0.68,0,1.53,6.2,3.55,13.67,0,0,1.16,0,0,5.29,0,1.18,57.17,0.13,1.72,1.46,2.09,0.35,1.44,0,0,0,0.91,0,4.99,0,12.28,0.69,4.53,52.8,126.92,102.64,1.94,82.73,0.21,0.07,28.69,2.03,1.65,0.62,1.34,11.94,4.65,2021-AKK-66,2021,202102,ZZ-24,565.332812,0.01345770933053085,30168.581444906646,162,15,1,52.62,8.32,52,0.3427,0.1085,0,63.33903,-173.35745,71,-1.6,8,NBS,12
8.42,0.21,0.49,0.42,0.17,1.2,0,0.48,0.31,0,46.4,0,0,55.81,0.41,1.58,1.15,2.7,0.72,0,1.13,0,0.69,1.95,10.21,0.92,52.89,29.58,1.95,0.43,0,0,1.69,0.8,0.67,0,0.86,0.38,2.84,0.49,0,0.98,6.43,6.09,11.45,0,0,1.36,0,0.08,5.34,0,0.9,46.77,0.35,2.52,1.45,1.87,0.4,0.69,0,0,0,1.06,0.11,5.73,0.08,15.94,0.62,5.3,71.77,172.91,93.46,1.3,74.33,0.34,0.06,29.81,2.07,1.2,0.74,1.79,19.68,2.93,2021-AKK-67,2021,202102,ZZ-24,565.332812,0.01345770933053085,30168.581444906646,162,15,2,46.18,0,33,0.3373,0.1152,0,63.33903,-173.35745,71,-1.6,8,NBS,12
6.9,0.24,0.47,0.33,0.15,1.13,0,0.4,0.3,0,36.54,0,0,40.54,0.36,1.14,1.03,2.25,0.66,0,0.94,0,0.7,1.7,7.21,1.31,33.7,23.05,1.2,0.23,0,0,1.57,0.66,0.55,0,0.67,0.17,2.28,0.38,0,0.75,6.24,4.42,10.67,0,0,1.21,0,0,3.76,0,0.76,34.35,0.21,1.5,1.11,2.67,0.54,1.17,0,0,0,0.71,0,3.5,0,11.47,0.46,4.49,56.25,127.93,70.07,1.25,53.97,0.33,0.07,26.61,1.74,1.11,0.8,1.46,17.8,2.99,2021-AKK-68,2021,202102,ZZ-24,565.332812,0.01345770933053085,30168.581444906646,162,15,2,41.08,0,41,0.3638,0.1142,0,63.33903,-173.35745,71,-1.6,8,NBS,12
7.36,0.25,0.29,0.34,0.21,1.12,0.01,0.42,0.25,0,28.15,0,0,44.54,0.39,1.34,1.18,2.83,0.7,0,0.92,0,0.82,2.02,6.08,0.98,26.56,21.39,1.44,0.23,0,0,1.66,0.74,0.64,0,0.65,0.07,2.91,0.44,0,0.96,4.49,3.66,8.49,0,0,1.21,0,0.04,4.49,0,0.77,36.36,0.22,1.45,1.18,1.27,0.32,1,0,0,0.12,0.69,0,4.02,0.09,12.25,0.52,4.88,47.76,116.89,75.86,1.59,58.15,0.34,0.08,20.53,1.73,1.58,0.82,1.24,15.32,2.97,2021-AKK-69,2021,202102,ZZ-24,565.332812,0.01345770933053085,30168.581444906646,162,15,2,46.23,0,32,0.3318,0.1001,0,63.33903,-173.35745,71,-1.6,8,NBS,12
2.08,0.06,0.12,0.57,0.4,1.04,0,0.89,0.24,0,17.8,0,0,13.6,0.39,2.31,2.1,1.66,1.29,0,1.01,0,0.34,0.57,5.73,0.74,15.12,16.3,1.57,0.56,0,0,1.9,1.28,0.34,0,0.73,0.39,1.03,0.22,0,0.67,6.5,3.75,14.18,0,0,2.22,0,0.07,5.97,0,0.56,28.73,0.17,1.28,2.17,2.5,0.77,1.99,0,0,0,1.35,0,6.02,0.08,12.43,0.65,7.57,34.84,79.41,70.2,2.01,50.17,0.43,0.1,30.36,2.29,0.76,0.55,0.93,13.21,2.31,2021-AKK-7,2021,202101,O-22,2194.99339,0.01482556569224445,4991.3778358360305,162,125,1,88.87,15.44,280,0.2446,0.0657,0,59.66137,-171.25106,73,2.4,3,EBS,6
0.99,0.05,0.04,0.15,0.14,0.39,0,0.1,0.03,0,7.82,0,0.06,8.93,0.11,0.36,0.39,0.28,0.32,0,0.28,0,0.37,0.14,2.35,0.26,6.44,8.44,0.62,0.08,0,0,0.45,0.33,0.15,0,0.19,0.12,0.52,0.19,0,0.68,0.87,0.69,1.19,0,0,0.45,0,0,2.58,0,0.32,12.93,0.09,0,0.37,1.47,0,0.24,0,0,0,0.43,0,1.83,0,5.08,0.09,1.57,13.19,29.65,27.58,2.09,21.86,0.39,0.06,4.59,0.58,1.14,0.41,0.76,17.21,2.54,2021-AKK-70,2021,202102,ZZ-24,565.332812,0.01345770933053085,30168.581444906646,162,15,2,45.43,0,33,0.3204,0.0592,0,63.33903,-173.35745,71,-1.6,8,NBS,12
NA,NA,NA,NA,NA,NA,NA,NA,NA,NA,NA,NA,NA,NA,NA,NA,NA,NA,NA,NA,NA,NA,NA,NA,NA,NA,NA,NA,NA,NA,NA,NA,NA,NA,NA,NA,NA,NA,NA,NA,NA,NA,NA,NA,NA,NA,NA,NA,NA,NA,NA,NA,NA,NA,NA,NA,NA,NA,NA,NA,NA,NA,NA,NA,NA,NA,NA,NA,NA,NA,NA,NA,NA,NA,NA,NA,NA,NA,NA,NA,NA,NA,NA,NA,2021-AKK-71,2021,202102,ZZ-22,1704.08989,0.0141334323254586,27311.12946320172,162,18,2,48.39,0,37,0.355,0.1012,0,63.24515,-171.99726,59,-1.5,8,NBS,12
8.62,0.24,0.21,0.23,0.14,1.92,0,0.47,0.15,0,37.46,0,0,56.08,0.45,1.32,1.1,2.53,0.92,0,1.03,0,1.04,2.2,6.75,1.74,23.94,18.29,0.8,0.13,0,0,1.72,0.93,0.69,0,0.81,0.36,5.05,0.58,0,0.8,8.42,2.76,16.66,0,0,1.03,0,0.05,4.73,0,1.1,52.42,0.21,1.91,1.17,1.53,0.45,1.76,0,0,0,0.83,0,4.48,0.11,13.93,0.46,5.35,59.7,134.55,98.45,1.65,79.16,0.27,0.07,32.45,2.08,1.5,0.62,1.31,11.1,3.76,2021-AKK-72,2021,202102,ZZ-22,1704.08989,0.0141334323254586,27311.12946320172,162,18,1,55.12,9.36,55,0.4163,0.1216,0,63.24515,-171.99726,59,-1.5,8,NBS,12
3.54,0.09,0.07,0.09,0.06,0.75,0,0.19,0.12,0,18.76,0,0,23.84,0.3,0.75,0.37,1.41,0.53,0,0.43,0,0.69,0.84,4.18,0.61,12.26,12.52,0.67,0.12,0,0,0.84,0.74,0.41,0,0.35,0.08,2.18,0.63,0,1.31,3.4,1.79,8.36,0,0,0.79,0,0,3.47,0,0.57,30.19,0.1,0.46,0.84,1.89,0.14,1.68,0,0,0,0.45,0,2.12,0,9.02,0.39,2.33,29.54,67.52,58.35,1.98,46.17,0.3,0.07,16.75,0.92,1.27,0.52,0.98,10.92,3.35,2021-AKK-73,2021,202102,ZZ-22,1704.08989,0.0141334323254586,27311.12946320172,162,18,2,47.03,0,30,0.3355,0.0761,0,63.24515,-171.99726,59,-1.5,8,NBS,12
0.83,0.02,0,0.05,0.03,0.46,0,0.15,0,0,6.1,0,0,4.53,0.08,0.34,0.4,0.2,0.22,0,0.23,0,0.31,0.06,1.78,0.32,3.83,3.36,0.31,0.06,0,0,0.22,0.14,0.09,0,0.2,0.06,0.19,0.1,0,0.75,1.21,0.57,1.87,0,0,0.37,0,0.02,2.09,0,0.11,8.01,0.22,0.18,0.22,0.99,0,0.09,0,0,0,0.24,0,0.92,0,2.37,0.17,1.43,10.62,17.7,16.76,1.58,12.72,0.3,0.07,5.04,0.28,0.74,0.46,1.14,24.07,3.38,2021-AKK-74,2021,202102,ZZ-22,1704.08989,0.0141334323254586,27311.12946320172,162,18,1,52.13,8.83,41,0.3088,0.0585,0,63.24515,-171.99726,59,-1.5,8,NBS,12
7.21,0.29,0.25,0.39,0.2,1.72,0,0.57,0.25,0,31.88,0,0,56.28,0.47,1.2,1.35,2.81,0.83,0,0.95,0,0.49,2.06,6.32,1.91,14.09,18.81,0.91,0.13,0,0,1.53,1.13,0.66,0,1.05,0.12,4.52,1.35,0,0.62,7.33,1.89,14.28,0,0,1.12,0,0,4.2,0,1.15,46.87,0.11,0.65,0.99,0.74,0.17,1.5,0,0,0,0.86,0,3.43,0,8.86,0.21,5.68,52.31,118.95,85.45,1.63,66.07,0.19,0.07,25.89,1.65,1.77,0.57,0.75,12.44,5.29,2021-AKK-75,2021,202102,ZZ-22,1704.08989,0.0141334323254586,27311.12946320172,162,18,2,47.44,0,36,0.344,0.0955,0,63.24515,-171.99726,59,-1.5,8,NBS,12
5.5,0.22,0.12,0.13,0.06,1.74,0,0.37,0.12,0,25.15,0,0,41.02,0.34,0.83,0.6,1.9,0.52,0,0.54,0,0.45,1.51,5.2,1.19,8.18,7.67,0.44,0.09,0,0,1.13,0.64,0.52,0,0.87,0.28,3.54,0.45,0,1.01,5.52,1.37,13.11,0,0,0.87,0,0,3.9,0,1.06,45.15,0.19,0.55,0.96,0.94,0.25,0.75,0,0,0,0.83,0.09,2.53,0,7.74,0.33,3.85,40.62,81.84,76,1.87,61.85,0.17,0.06,22.46,1.41,1.63,0.52,1.07,11.58,5.83,2021-AKK-76,2021,202102,ZZ-22,1704.08989,0.0141334323254586,27311.12946320172,162,18,2,53.99,0,53,0.3618,0.0993,0,63.24515,-171.99726,59,-1.5,8,NBS,12
6.81,0.25,0.15,0.18,0.07,1.47,0,0.41,0.23,0,29.1,0,0,47.76,0.41,0.96,0.6,2.86,0.49,0,0.48,0,0.43,3.01,6.12,1.2,14.08,12.43,0.57,0.11,0,0,1.31,1.01,0.63,0,0.84,0.29,4.64,0.54,0,0.69,5.84,1.97,14.15,0,0,1.01,0,0,3.86,0,1.17,52.13,0.1,0.62,1,1.37,0.23,0.6,0,0,0,0.63,0,3.71,0.15,9.77,0.43,3.92,46.95,102.09,89.85,1.91,72.83,0.19,0.08,24.96,1.6,1.64,0.68,1.13,10.3,5.33,2021-AKK-77,2021,202102,ZZ-22,1704.08989,0.0141334323254586,27311.12946320172,162,18,2,48.05,0,35,0.3084,0.0932,0,63.24515,-171.99726,59,-1.5,8,NBS,12
NA,NA,NA,NA,NA,NA,NA,NA,NA,NA,NA,NA,NA,NA,NA,NA,NA,NA,NA,NA,NA,NA,NA,NA,NA,NA,NA,NA,NA,NA,NA,NA,NA,NA,NA,NA,NA,NA,NA,NA,NA,NA,NA,NA,NA,NA,NA,NA,NA,NA,NA,NA,NA,NA,NA,NA,NA,NA,NA,NA,NA,NA,NA,NA,NA,NA,NA,NA,NA,NA,NA,NA,NA,NA,NA,NA,NA,NA,NA,NA,NA,NA,NA,NA,2021-AKK-78,2021,202102,ZZ-22,1704.08989,0.0141334323254586,27311.12946320172,162,18,2,48.75,0,39,0.3387,0.0659,0,63.24515,-171.99726,59,-1.5,8,NBS,12
7.43,0.28,0.25,0.24,0.1,1.86,0,0.52,0.28,0,35.64,0,0,48.29,0.49,1.58,1.1,2.32,0.69,0,1.09,0,0.76,1.58,6.9,1.04,29.29,17.81,1.34,0.23,0,0,1.48,0.66,0.58,0,0.74,0.13,3.21,0.36,0,1.4,7.82,4.16,17.7,0,0,1.29,0,0.09,5.17,0,0.97,44.76,0.23,1.24,1.08,2.23,0.85,1.15,0,0,0,0.85,0,5.03,0,14.94,0.47,5.68,56.93,133.44,89.32,1.57,71.2,0.33,0.06,34.23,1.61,1.35,0.67,1.64,15.06,3,2021-AKK-79,2021,202102,ZZ-22,1704.08989,0.0141334323254586,27311.12946320172,162,18,2,45.06,0,32,0.3258,0.094,0,63.24515,-171.99726,59,-1.5,8,NBS,12
7.46,0.21,0.14,0.38,0.05,1.34,0,0.49,0.58,0,30.92,0,0,49.91,0.61,1.52,1.53,3.76,1.39,0,0.8,0,0.73,2.43,6.43,0.77,16.22,24.57,1.04,0.53,0,0,2,1.39,0.74,0,0.65,0.19,2.59,0.42,0,1.91,6.69,3.28,18.3,0,0,1.41,0,0.07,3.93,0,0.72,41.15,0.23,1.13,2.17,1.57,0.26,3.15,0.05,0,0,0.8,0,4.09,0.1,10.64,0.68,5.88,52.68,127.63,83.8,1.59,62.07,0.26,0.09,33.14,2.19,1.61,0.78,0.66,19.28,3.87,2021-AKK-8,2021,202101,T-25,235.99064099999998,0.0141581945345808,1977.65328987472,162,137,1,76.87,13.44,140,0.327,0.0929,0,61.32218,-173.58191,74,0.2,4,EBS,9
1.57,0,0.04,0.15,0.07,0.39,0,0.3,0.15,0,7.22,0,0.97,3.85,0.1,0.95,0.74,0.87,0.38,0,0.35,0,0.52,0.03,3.41,0.45,7.59,7.61,0.91,0.17,0,0,0.54,0.36,0.2,0,0.19,0.21,0.19,0,0,3.34,3.8,2.13,5.43,0,0,1.05,0,0.06,3.39,0,0.14,19.57,0.19,1.79,0.72,1.19,0.23,0.71,0,0,0,0.27,0,3.31,0,5.96,0.34,2.76,15.58,37.09,41.44,2.66,33.24,0.3,0.13,15.05,0.74,0.53,0.35,1,20.8,3.28,2021-AKK-80,2021,202102,BB-22,1141.608284,0.01390997679986475,8411.228982145938,162,22,2,51.59,0,31,0.3244,0.07,0,64.01035,-171.79476,50,-0.9,9,NBS,13
1.55,0.03,0.06,0.17,0.17,0.65,0,0.36,0.27,0,11.98,0,0,8.12,0.12,1.16,0.75,0.79,0.47,0,0.54,0,0.54,0.05,4.33,0.39,12.77,8.47,0.9,0.25,0,0,0.69,0.47,0.24,0,0.25,0.21,0.17,0,0,0.34,4.71,3.53,8.82,0,0,1.08,0,0.07,4.3,0,0.23,18.53,0.22,2.55,0.97,0.92,0.23,0.49,0,0,0,0.47,0,3.74,0.12,8.57,0.66,3.53,22.28,53.23,41.91,1.88,32.33,0.46,0.09,21.51,0.9,0.68,0.81,1.51,48.28,2.16,2021-AKK-81,2021,202102,BB-22,1141.608284,0.01390997679986475,8411.228982145938,162,22,1,53.09,8.19,54,0.2944,0.0708,0,64.01035,-171.79476,50,-0.9,9,NBS,13
NA,NA,NA,NA,NA,NA,NA,NA,NA,NA,NA,NA,NA,NA,NA,NA,NA,NA,NA,NA,NA,NA,NA,NA,NA,NA,NA,NA,NA,NA,NA,NA,NA,NA,NA,NA,NA,NA,NA,NA,NA,NA,NA,NA,NA,NA,NA,NA,NA,NA,NA,NA,NA,NA,NA,NA,NA,NA,NA,NA,NA,NA,NA,NA,NA,NA,NA,NA,NA,NA,NA,NA,NA,NA,NA,NA,NA,NA,NA,NA,NA,NA,NA,NA,2021-AKK-82,2021,202102,BB-22,1141.608284,0.01390997679986475,8411.228982145938,162,22,1,50.56,9.29,43,0.3643,0.0604,0,64.01035,-171.79476,50,-0.9,9,NBS,13
2.92,0.06,0.06,0.22,0.08,0.71,0,0.3,0.2,0,14.49,0,0,14.78,0.23,1.29,0.76,0.87,0.68,0,0.73,0,0.71,0.04,5.72,0.44,14.96,18.17,1.39,0.3,0,0,1.18,0.87,0.5,0,0.33,0.15,0.81,0.29,0,1.65,5.08,5.09,8.63,0,0,1.49,0,0.07,5.36,0,0.47,27.46,0.51,3.92,1.44,2.65,0.3,1.2,0,0,0,0.47,0,5.95,0,12.18,0.46,3.56,28.01,77.61,62.99,2.25,49.38,0.44,0.07,26.82,1.33,1.02,0.4,0.82,18.19,2.25,2021-AKK-83,2021,202102,BB-22,1141.608284,0.01390997679986475,8411.228982145938,162,22,1,50.93,9.04,52,0.226,0.0543,0,64.01035,-171.79476,50,-0.9,9,NBS,13
1.09,0,0,0.08,0.04,0.17,0,0.12,0.11,0,5.7,0,0,3.92,0.11,0.49,0.35,0.65,0.27,0,0.25,0,0.48,0.06,2.16,0.33,5.49,3.96,0.63,0.1,0,0,0.27,0.12,0.12,0.05,0.05,0.03,0.14,0.15,0,1.21,0.93,0.78,1.07,0,0,0.35,0,0,2.85,0,0.1,11.11,0.43,0.3,0.33,1.41,0.16,0.08,0,0,0,0.12,0,1.55,0,4.27,0.28,1.36,11.06,19.63,24.11,2.18,18.89,0.38,0.13,4.82,0.3,0.69,0.69,1.39,28.76,2.6,2021-AKK-84,2021,202102,BB-22,1141.608284,0.01390997679986475,8411.228982145938,162,22,2,46.61,0,33,0.3336,0.0714,0,64.01035,-171.79476,50,-0.9,9,NBS,13
0.3,0,0,0.03,0,0.11,0,0.07,0,0,2.94,0,0.38,0.97,0.03,0.39,0.36,0.3,0.22,0,0.16,0,0.37,0.05,1.67,0.12,2.77,2.7,0.37,0.08,0,0,0.17,0.08,0.11,0,0,0.06,0.03,0,0,1.5,0.57,0.64,0.6,0,0,0.28,0,0,2.19,0,0,8.46,0,0.34,0.16,1.54,0,0,0,0,0,0.07,0,1.22,0,2.91,0.15,0.96,6.09,11.43,17.96,2.95,14.56,0.34,0.17,3.85,0.23,0.33,0.45,1.03,33.61,2.91,2021-AKK-85,2021,202102,BB-22,1141.608284,0.01390997679986475,8411.228982145938,162,22,2,50.49,0,47,0.3603,0.0803,0,64.01035,-171.79476,50,-0.9,9,NBS,13
1.92,0.02,0.03,0.24,0.09,0.45,0,0.38,0.22,0,9.62,0,0,8.28,0.14,1.11,0.84,0.86,0.49,0,0.43,0,0.67,0.03,4.28,0.41,9.21,7.52,1.09,0.24,0,0,0.69,0.34,0.27,0,0.25,0.16,0.29,0.23,0,3.11,3.8,3.4,6.03,0,0,1.13,0,0.05,3.96,0,0.26,19.68,0.27,2.59,0.81,1.51,0.28,0.38,0,0,0,0.31,0,4.45,0.07,7.15,0.4,3.32,20.04,45.46,44.95,2.24,35.77,0.36,0.1,18.14,0.85,0.86,0.37,1.22,29.01,2.75,2021-AKK-86,2021,202102,BB-22,1141.608284,0.01390997679986475,8411.228982145938,162,22,2,51.61,0,48,0.3494,0.0816,0,64.01035,-171.79476,50,-0.9,9,NBS,13
3.71,0.1,0.17,0.32,0.17,0.68,0,0.44,0.41,0,16.19,0,0,17.81,0.21,1.53,0.95,1.25,0.47,0,0.71,0,0.6,0.26,5.56,0.33,18.66,11.81,1.32,0.28,0,0,0.83,0.37,0.34,0.11,0.27,0.17,0.46,0.29,0,2.71,3.82,4.41,7.37,0,0,0.95,0.14,0.05,4.24,0,0.3,19.66,0.14,2.65,1.05,1.29,0.26,0.86,0,0,0,0.39,0,5.33,0.08,8.03,0.43,4.5,30.91,71.6,48.4,1.57,37.26,0.41,0.08,20.58,1,1.1,0.52,1.58,38.85,2.45,2021-AKK-87,2021,202102,BB-22,1141.608284,0.01390997679986475,8411.228982145938,162,22,2,46.69,0,32,0.3487,0.0966,0,64.01035,-171.79476,50,-0.9,9,NBS,13
0.3,0,0.04,0.04,0.04,0.11,0,0.11,0.05,0,4.18,0,0,2.3,0.05,0.56,0.42,0.55,0.25,0,0.16,0,0.5,0.05,2.25,0.18,3.54,4.38,0.53,0.11,0,0,0.23,0.18,0.14,0,0.07,0.12,0.06,0,0,3.55,0.57,0.85,0.69,0,0,0.46,0,0,2.88,0,0.07,13.18,0.59,0.23,0.27,2.02,0,0,0,0,0,0.11,0,1.82,0.07,4.05,0.2,1.32,8.96,15.96,28.18,3.15,23.35,0.31,0.16,4.63,0.35,0.55,0.29,0.81,37.51,3.25,2021-AKK-88,2021,202102,BB-22,1141.608284,0.01390997679986475,8411.228982145938,162,22,2,50.18,0,39,0.3613,0.0767,0,64.01035,-171.79476,50,-0.9,9,NBS,13
4.4,0.1,0.15,0.32,0.17,1.54,0,0.73,0.21,0,24.62,0,0,27.81,0.35,1.73,1.28,1.75,0.73,0,0.89,0,0.47,0.53,7.25,1.15,19.42,14.86,0.94,0.21,0,0,1.46,0.71,0.42,0,0.67,0.1,1.83,0.31,0,3.98,10.47,1.87,0,0,0,1.47,0.43,0.06,5.31,0,0.94,38.56,0.25,2.39,1.7,1.67,0.36,0.93,0.02,0,0,1.2,0.08,5.37,0.15,12.53,0.62,5.98,43.53,83.6,80.32,1.85,63.88,0.32,0.06,18.1,1.56,1.13,0.38,1.31,15.2,3.08,2021-AKK-89,2021,202102,CC-21,1907.1926019999999,0.012403600817586,76613.785301174,162,26,2,56.93,0,58,0.3604,0.1046,0,64.23399,-171.10594,40,0.3,9,NBS,13
1.95,0.06,0.03,0.2,0.03,0.73,0,0.39,0.23,0,10.68,0,0,8.45,0.22,1.04,0.9,1.73,0.76,0,0.37,0,0.57,0.87,3.28,0.35,6.43,6.55,0.59,0,0,0,0.83,0.8,0.23,0,0.33,0.25,0.88,0,0,2.7,3.03,1.58,6.79,0,0,0.72,0,0.04,2.58,0,0.31,21.69,0.14,0.96,1.12,0.79,0.13,0.95,0,0,0,0.63,0,2.08,0.07,6.11,0.53,3.52,20.48,37.41,44.77,2.19,34.59,0.28,0.16,14.27,1.08,0.79,0.59,0.98,9.63,3.55,2021-AKK-9,2021,202101,R-26,255.358203,0.0139041419426712,7048.259461394185,162,140,1,77.04,12.91,164,0.3781,0.0959,0,60.67,-174.12725,87,2.3,4,EBS,9
1.66,0.04,0.05,0.2,0.1,0.69,0,0.3,0.11,0,12.43,0,0,10.54,0.16,0.82,0.67,0.72,0.52,0,0.56,0,0.53,0.02,3.97,0.51,9.16,9.12,0.7,0.13,0,0,0.78,0.49,0.28,0,0.33,0.13,0.44,0.18,0,1.67,4.35,2.3,9.99,0,0,0.94,0,0.04,2.71,0,0.31,19.58,0.59,0.68,1.01,1.87,0.38,0.65,0,0,0,0.5,0,2.91,0.12,7.03,0.37,2.89,22.27,50.93,41.12,1.85,32.59,0.36,0.07,20.2,0.91,0.85,0.43,1.01,24.21,2.79,2021-AKK-90,2021,202102,CC-21,1907.1926019999999,0.012403600817586,76613.785301174,162,26,2,55.87,0,59,0.3562,0.0848,0,64.23399,-171.10594,40,0.3,9,NBS,13
4.18,0.07,0.1,0.37,0.25,1.2,0,0.48,0.34,0,31.15,0,0,20.23,0.34,1.52,1.27,2.57,1.35,0,1.59,0,1.28,0.33,7.22,1.48,26.18,21.9,1.88,0.24,0.11,0,1.68,1.43,0.45,0,0.77,0.14,1.02,0.26,0,2.39,11.42,5.37,21.86,0,0,2.22,0.28,0.07,4.66,0,0.7,39.86,0.43,1.59,1.53,3.32,1.54,2.28,0,0,0,1.2,0.04,6.14,0.14,19.18,0.49,5.43,50.06,117.94,92.08,1.84,70.74,0.48,0.1,45.09,1.83,0.65,0.7,1.2,19.77,2.08,2021-AKK-91,2021,202102,CC-21,1907.1926019999999,0.012403600817586,76613.785301174,162,26,1,57.44,9.54,66,0.2361,0.0574,0,64.23399,-171.10594,40,0.3,9,NBS,13
0.22,0,0,0,0,0.19,0,0.12,0,0,3.9,0,0,2.13,0.05,0.4,0.34,0.32,0.25,0,0.2,0,0.47,0.04,1.99,0.15,2.8,3.61,0.38,0.08,0,0,0.23,0.12,0.09,0,0,0,0.06,0,0,0.21,0.72,0.4,1.07,0,0,0.26,0,0,2.78,0,0.07,10.61,0,0.14,0.18,0.37,0,0.07,0,0,0,0.16,0,1.02,0,3.13,0.11,1.05,7.41,12.19,19.85,2.68,15.57,0.3,0.14,2.88,0.23,0.55,1.44,0.78,36.01,3.39,2021-AKK-92,2021,202102,CC-21,1907.1926019999999,0.012403600817586,76613.785301174,162,26,1,51.94,8.39,49,0.2976,0.0553,0,64.23399,-171.10594,40,0.3,9,NBS,13
1.68,0.03,0.08,0.22,0.16,0.62,0,0.31,0.14,0,11.87,0,0,8.56,0.16,0.9,0.9,0.82,0.56,0,0.62,0,0.68,0.11,3.49,0.55,11.28,10.41,0.82,0.21,0,0,0.86,0.61,0.24,0,0.35,0.06,0.34,0.16,0,4.52,5.29,2.84,9.35,0,0,1.17,0,0.05,2.96,0,0.21,20.33,0.45,2,1.09,2.02,0.46,0.81,0,0,0,0.51,0,2.89,0.1,7.81,0.35,3.25,21.48,55.01,46.51,2.17,36.84,0.38,0.1,22.59,0.92,0.72,0.31,1.08,25.46,2.6,2021-AKK-93,2021,202102,CC-21,1907.1926019999999,0.012403600817586,76613.785301174,162,26,2,50.36,0,44,0.3732,0.0952,0,64.23399,-171.10594,40,0.3,9,NBS,13
1.86,0.03,0.05,0.18,0.11,0.45,0,0.27,0.13,0,11.26,0,0,7.98,0.15,0.86,0.72,1.43,0.42,0,0.39,0,0.53,0.12,3.63,0.4,10.7,11.52,0.84,0.21,0,0,0.7,0.61,0.23,0,0.26,0.05,0.32,0.16,0,4.16,3.56,2.6,8.29,0,0,1.1,0.19,0.06,2.65,0,0.3,19.6,0.37,1.06,1.02,1.78,0.3,0.59,0,0,0,0.39,0.02,3.3,0.1,7.27,0.37,2.72,20.44,50.54,44.68,2.19,35.56,0.37,0.11,18.32,0.76,0.71,0.38,0.93,24.65,2.7,2021-AKK-94,2021,202102,CC-21,1907.1926019999999,0.012403600817586,76613.785301174,162,26,2,49.83,0,40,0.3409,0.0889,0,64.23399,-171.10594,40,0.3,9,NBS,13
0.44,0.03,0.02,0.05,0.02,0.22,0,0.08,0.01,0,3.54,0,0.49,1.08,0.03,0.43,0.31,0.29,0.24,0,0.12,0,0.38,0.02,2.43,0.14,2.85,2.77,0.39,0.07,0,0,0.22,0.11,0.1,0,0.05,0.05,0.09,0,0,3.49,0.84,0.78,0.76,0,0,0.36,0,0.01,2.35,0,0.07,10.84,0.3,0.3,0.27,1.38,0,0,0,0,0,0.1,0,1.42,0.07,3.7,0.23,1.13,8.2,12.4,23.76,2.9,20.04,0.34,0.14,4.33,0.27,0.3,0.2,1.03,11.84,2.93,2021-AKK-95,2021,202102,CC-21,1907.1926019999999,0.012403600817586,76613.785301174,162,26,2,46.86,0,35,0.233,0.0547,0,64.23399,-171.10594,40,0.3,9,NBS,13
1.95,0.03,0.06,0.21,0.14,0.53,0,0.44,0.2,0,11.05,0,0,8.5,0.15,1.07,0.89,1.3,0.44,0,0.5,0,0.44,0.13,3.82,0.41,11.35,9.58,0.97,0.24,0,0,0.76,0.55,0.25,0,0.28,0.18,0.33,0.19,0,3.78,3.62,4.41,8.18,0,0,1.16,0,0.07,3.05,0,0.29,18.14,0.16,2.35,1.07,1.8,0.5,0.7,0,0,0,0.37,0,3.25,0.08,7.12,0.42,3.49,21.09,53.12,43.26,2.05,33.53,0.39,0.11,21.45,0.93,0.77,0.38,1.18,25.5,2.55,2021-AKK-96,2021,202102,CC-21,1907.1926019999999,0.012403600817586,76613.785301174,162,26,2,44.55,0,34,0.3382,0.0829,0,64.23399,-171.10594,40,0.3,9,NBS,13
1.44,0.03,0.07,0.16,0.08,0.41,0,0.25,0.07,0,7.83,0,0,8.25,0.11,0.63,0.71,0.58,0.3,0,0.45,0,0.28,0.1,1.64,0.19,8.72,6.19,0.66,0.13,0,0,0.46,0.26,0.15,0,0.17,0.06,0.23,0.18,0,2.66,1.47,1.68,4.27,0,0,0.59,0,0.02,2.37,0,0.12,13.16,0.28,0.39,0.36,0.96,0,0.17,0.03,0,0,0.21,0,1.92,0.05,5.27,0.22,2.32,13.9,33.65,29.44,2.12,23.75,0.4,0.08,9.12,0.52,1.05,0.34,1.41,35.3,2.5,2021-AKK-97,2021,202102,CC-20,1213.664176,0.0126596552147967,31570.401659348685,162,27,2,49.06,0,37,0.3847,0.0976,0,64.28089,-170.67872,34,0.6,9,NBS,13
0.25,0,0,0.05,0.03,0.11,0,0.06,0.02,0,3.04,0,0,1.47,0.05,0.23,0.3,0.23,0.18,0,0.14,0,0.45,0,1.42,0.16,2.02,2.73,0.3,0.06,0,0,0.17,0.09,0.09,0,0.06,0.03,0.04,0.06,0.09,0,0.69,0.42,1.03,0,0,0.33,0,0.02,1.36,0,0.04,6.06,0.67,0.31,0,2.34,0,0.13,0,0,0,0.07,0,0.71,0.05,2.02,0.1,0.8,6.53,11.68,12.09,1.85,9.36,0.33,0.15,4.78,0.2,0.48,1.51,0.74,33.19,3,2021-AKK-98,2021,202102,CC-20,1213.664176,0.0126596552147967,31570.401659348685,162,27,2,54.3,0,47,0.2346,0.0452,0,64.28089,-170.67872,34,0.6,9,NBS,13
5.62,0.15,0.11,0.37,0.33,0.94,0,0.48,0.75,0,22.7,0,0,24.86,0.36,1.29,1.16,3.8,0.69,0,0.52,0,0.7,0.7,5.95,1.63,17,18.64,1.25,0.22,0,0,1.29,1.06,0.42,0,0.62,0.18,1.48,0.32,0,3.62,6.18,3.89,13.84,0,0,1.58,0,0.08,3.26,0,0.86,37.38,0.67,0.82,1.45,2.56,0.7,1.59,0,0,0,0.79,0,4.52,0.1,11.29,0.34,5.33,41.28,93.14,76.69,1.86,60.02,0.3,0.11,28.74,1.47,1.1,0.64,0.91,16.8,3.31,2021-AKK-99,2021,202102,CC-20,1213.664176,0.0126596552147967,31570.401659348685,162,27,2,55.07,0,51,0.2924,0.0767,0,64.28089,-170.67872,34,0.6,9,NBS,13
3.65,0.09,0.14,0.52,0.27,1.06,0,0.66,0.4,0,17.79,0,0,14.33,0.36,1.54,1.4,2.41,1.05,0,0.61,0,0.79,1.03,5.85,0.94,11.27,14.09,1.15,0.42,0,0,1.46,1.13,0.39,0,0.75,0.16,1.23,0.59,0,1.15,6.21,1.2,12.24,0,0,1.42,0,0.09,3.24,0,0.46,28.65,0.23,0.75,1.35,1.19,0.44,1.89,0,0,0,0.7,0,3.17,0,9.41,0.65,5.85,34.6,66.29,61.07,1.77,45.02,0.33,0.13,22.93,1.63,0.81,0.71,0.8,11.68,3.04,2021-VA-1,2021,202101,N-20,38333.052856,0.0145007528107365,2827.4394119485437,94,104,1,73.57,14.42,164,0.313,0.0736,0,59.32582,-169.88594,61,3.1,3,EBS,6
0.45,0,0.01,0.13,0.09,0.17,0,0.16,0,0,5.05,0,0,2.29,0.1,0.43,0.37,0.21,0.37,0,0.29,0,0.64,0.05,2.19,0.16,3.56,4.66,0.58,0.2,0,0,0.35,0.21,0.14,0,0.15,0.08,0.14,0.06,0,0.52,0.31,0.38,0.59,0,0,0.66,0,0.02,3.32,0,0.14,11.58,0.13,0,0.1,1.82,0,0.05,0,0,0,0.29,0,1.21,0,5.38,0.12,1.35,9.56,14.87,25.47,2.66,19.69,0.46,0.14,3.2,0.43,0.45,0.72,0.76,15.93,2.15,2021-VA-10,2021,202101,N-20,38333.052856,0.0145007528107365,2827.4394119485437,94,104,1,78.88,15.53,188,0.3471,0.0632,0,59.32582,-169.88594,61,3.1,3,EBS,6
11,0,0.34,0.53,0.24,2.02,0.16,0,0,0,34.44,1.1,0,35.02,0,1.47,1.08,3.26,1.77,0,1.71,1.34,0.59,3.65,7.07,0.85,24.65,22.17,0,1.1,0.38,0,2.69,1.98,0,0.48,0.7,0.38,2.45,0.36,1.08,0,13.9,4.53,16.87,0,0,1.18,0.3,0,3.94,0.36,0.82,51.17,0,8.57,2.06,0,1.19,0.12,2.21,0,0.97,0.82,0,4.56,0,11.04,0.97,6.84,61.18,133.64,96.82,1.58,73.58,0.22,0.12,45.93,3.07,1.02,1.03,1.11,14.32,4.63,2021-VA-100,2021,202101,T-28,1396.386989,0.0116611986968532,7632.148487789411,94,189,1,81.47,14.71,198,0.3013,0.0957,0,61.34088,-175.72779,98,1.5,4,EBS,9
13.2,0.03,0.33,1.35,0.73,2.11,0.21,1.1,0.94,0,34.86,0.13,0,87.69,1.05,2.75,2.56,2,1.09,0,0.93,1.08,0.88,1.42,8.32,0.94,25.43,24.03,0.37,1.53,0.85,0,2.33,1.32,0,0.35,1.11,0.53,1.79,0.57,0.93,0,7.74,5.48,16.24,0.77,0,2.09,0.5,0.1,4.78,0.54,1.02,43.67,0,1.63,2.36,0,1.73,0.44,1.82,0,1.99,1.31,0,5.08,0.09,12.91,1.8,12.84,70.53,178.05,92.39,1.31,68.24,0.3,0.04,33.46,2.86,2.52,0.61,1.06,48.92,3.38,2021-VA-101,2021,202101,U-27,2415.3878059999997,0.015346038860724,21438.757127223795,94,191,1,86.61,16.78,208,0.3379,0.1005,0,61.65579,-175.08604,85,0.3,4,EBS,9
16.07,0,0.38,0.5,0.32,1.43,0.12,0.47,0.71,0,31.05,0.1,0,29.14,0.47,1.51,1.09,2.95,1.41,0,1.39,1.1,0.98,2.61,6.82,0.44,22.85,20.48,0,1.3,0.37,0,2.43,1.83,0,0.24,0.64,0.36,2.28,0.34,1.45,0,18.8,4.9,14.6,0,0,1.26,0.27,0.05,4.12,0.35,0.77,47.24,0,14.58,2.06,0,1.32,0.09,1.92,0,1.28,0.75,0,4.77,0.05,11.02,1.22,7.25,63.16,132.55,91.35,1.45,69.7,0.23,0.12,54.94,2.79,0.94,0.96,1.12,12.76,4.29,2021-VA-102,2021,202101,T-28,1396.386989,0.0116611986968532,7632.148487789411,94,189,1,92.31,17.6,276,0.3199,0.1036,0,61.34088,-175.72779,98,1.5,4,EBS,9
10.93,0.03,0.35,1.22,0.71,2.03,0,1.07,0.83,0,31.66,0.15,0,79.16,0.95,2.59,2.35,1.91,0,1.12,0.84,0,0.8,1.33,8.16,0.97,20.37,22.59,0.3,1.48,0.78,0,2.09,1.22,0,0.31,1.04,0.47,1.59,0.52,1.53,0,7.35,4.59,17.51,0.69,0,1.95,0.44,0.07,4.24,0.4,0.91,38.37,0,1.19,2.08,0,1.41,0.48,1.56,0,2.04,1.18,0,5.16,0.09,11.39,0.2,11.92,64.7,159.25,82.81,1.28,60.66,0.3,0.04,32.72,2.56,2.5,0.63,0.9,49.73,3.37,2021-VA-103,2021,202101,U-27,2415.3878059999997,0.015346038860724,21438.757127223795,94,191,1,90.77,18.45,302,0.3526,0.1085,1,61.65579,-175.08604,85,0.3,4,EBS,9
12.92,0.04,0.28,0.78,0.51,2.17,0,0.97,0.82,0,40.56,0.21,0,51.54,0.8,2.53,1.84,2.11,0,1.32,1.28,0,0.9,2.17,10.09,1.15,30.63,22.89,0.28,1.73,0.81,0,2.58,1.69,0,0.34,1.12,0.58,2.94,0.68,0,2.04,13.5,6.39,20.62,0,0,2.13,0.44,0.1,5.21,0.59,1.14,51.67,0,6.44,2.95,0,1.61,0.43,2.12,0,1.69,1.18,0,5.64,0.08,14.11,1.2,10.93,75.06,160.6,106.87,1.42,81.74,0.27,0.06,49.89,3.16,1.27,0.52,1.34,17.51,3.66,2021-VA-104,2021,202101,T-27,35.727773,0.01418279609780715,5922.6685218288885,94,190,1,87.91,15.98,NA,0.3207,0.0838,0,61.3181,-175.00914,87,1.2,4,EBS,9
19.61,0.26,0.63,0.99,0.55,2.95,0,0.93,0.51,0,63.4,0.3,0,58.46,0.87,3,2.61,0,4.49,2.36,3.86,0,1.49,3.13,13.59,1.56,58.21,39.86,0.6,2.46,0.98,0,3.94,0.97,0,0,1.93,0.86,3.33,1.06,1.24,0,21.34,10.69,31.36,0,0,2.57,0.58,0.07,9.02,0.77,0,87.77,0,9.72,3.93,3.35,1.38,3.97,3.68,0,0,1.45,0,10.98,0,24.28,1.44,13.9,116.58,244.78,167.98,1.44,133.15,0.28,0.06,80.39,4.81,0.92,0.65,1.46,17.56,3.61,2021-VA-105,2021,202101,R-29,6159.228370000001,0.014630001326325,29746.57351649869,94,187,1,91.25,17.83,NA,0.3431,0.1662,0,60.66565,-176.20071,119,1.9,5,EBS,8
10.87,0.28,0.62,1.47,0.71,2.97,0,1.22,0.48,0,64.18,0.37,0,56.32,0.94,3.66,3.32,0,5.22,2.77,4.33,0,1.47,3.02,15.05,2.03,61.9,42.42,0.64,2.86,1.49,0,4.94,0.94,0,0,2.56,1.03,3.03,1.16,1.3,0,17.31,10.32,34.62,0.58,0,0,0,0,10.25,0.52,0,91.48,0,4.09,3.66,2.56,1.42,3.96,3.64,0,0,0,0,12.97,0,27.98,1.21,16.59,113.51,241.85,176.79,1.56,142.13,0.31,0.07,72.54,5.96,0.88,0.58,1.46,18.59,3.27,2021-VA-106,2021,202101,S-29,3746.837362,0.0140027161303062,6855.812765655255,94,188,1,86.66,16.5,NA,0.3077,0.1511,0,60.97676,-176.26886,113,1.6,5,EBS,8
22.4,0.18,0.71,0.92,0.48,2.36,0,0.82,1.4,0,49.75,0.28,0,37.8,0.74,2.54,2.19,0,4.54,1.82,2.98,0,1.44,2.1,10.74,1.3,46.53,27.26,0.46,2.37,0.82,0,3.05,0.71,0,0,0,0.69,2.14,0.81,1.42,0,29.98,10.01,20.93,0.12,0,2.5,0,0,7,0.28,0,64.87,0,21.69,3.56,1.37,1.51,2.51,2.59,0,0,0.65,0.43,10.23,0,21.89,1.86,12.53,101.55,206.85,129.32,1.27,104.57,0.34,0.07,87.55,3.74,0.76,0.79,1.71,17.69,2.96,2021-VA-107,2021,202101,R-29,6159.228370000001,0.014630001326325,29746.57351649869,94,187,1,81.06,15.14,216,0.449,0.2016,0,60.66565,-176.20071,119,1.9,5,EBS,8
17.49,0.27,0.89,1.62,0.82,2.89,0,1.53,1.45,0,62.75,0.35,0,53.81,1.06,4.03,3.53,4.46,2.22,0,0.92,2.72,1.49,1.74,14.28,0.73,61.32,38.38,2.91,1.55,0.2,0,4.44,2.47,0.42,0,2.27,0.18,3.14,0,0,1.14,28.31,6.82,31.21,0,3.19,0,0.64,0.11,9.56,1.2,0,79.64,0.08,13.68,3.28,3.12,1.24,3.28,0.17,0,0,2.5,0,11.78,0.14,27.86,1.49,18.59,113.22,251.63,163.92,1.45,126.59,0.35,0.07,86.42,4.62,0.86,0.6,1.6,17.15,2.86,2021-VA-108,2021,202101,Q-28,6520.532297,0.01431919816639125,9846.920083202891,94,176,1,85.87,18.34,294,0.3819,0.1929,1,60.33854,-175.38804,111,2,5,EBS,8
6.23,0.05,0.08,0.86,0.54,1.44,0.07,1.06,0.5,0,19.48,0.19,0,23.24,0.57,2,1.62,0,0.9,0,0.65,0.73,0.83,0.94,5.6,0.69,12.03,13.63,0.29,1.12,0.64,0,1.58,1.3,0,0.18,0.75,0.32,1.43,0.5,0.93,0,6.1,3.51,8.68,0.47,0,1.28,0.25,0,3.48,0.29,0.76,32.94,0,3.43,1.57,0,1.07,0.27,1.47,0,1.82,0.77,0,4.39,0.05,11.24,0.43,8.82,41.44,76.36,69.42,1.68,53.67,0.34,0.05,23.29,1.91,1.19,0.37,0.88,16.24,2.93,2021-VA-109,2021,202101,T-27,35.727773,0.01418279609780715,5922.6685218288885,94,190,1,80.31,13.91,190,0.3291,0.0851,0,61.3181,-175.00914,87,1.2,4,EBS,9
4.8,0.06,0.85,1.04,0.72,1.07,0,1.06,0.25,0,16.46,0,0,14.63,0.45,2.22,2.19,2.08,1.03,0,0.91,0,0.81,0.71,5.33,1.24,15.2,15.11,1.72,0.56,0,0,1.6,1.14,0.34,0,0,0.26,0.85,0.23,0,2.2,6.59,2.76,8.51,0,0,1.72,0,0.09,3.95,0,0.43,23.52,0.22,0.83,1.09,1.13,0.53,1.3,0,0,0,0.96,0,4.01,0.08,8.46,0.63,8.55,36.62,71.28,56,1.53,40.53,0.36,0.13,20.9,1.86,0.89,0.68,1.01,17.17,2.78,2021-VA-11,2021,202101,L-20,4901.876082,0.0131611532165982,21882.580900037585,94,106,1,91.8,18,294,0.3709,0.0954,0,58.66873,-169.78651,67,3.7,3,EBS,6
22.35,0.06,0.52,0.44,0.24,1.74,0,0.4,0.37,0,40.46,0.09,0,41.41,0.55,1.6,1.09,4.37,1.85,0,2.28,1.53,0.92,4.85,8.13,0.82,25.09,23.9,1.77,0.29,0,0,2.83,2.28,0.64,0,0,0.07,4.27,0.43,0.53,1.71,29.03,5.4,17.29,0,1.33,0,0.26,0.07,4.76,0.47,0.9,69.75,0,23.57,2.5,1.87,0.19,4.93,0,0,0.14,0.93,0,6.29,0.06,16.36,1.56,7.41,79.4,177.17,130.96,1.65,100.75,0.23,0.13,79.66,2.91,1.02,1.01,1.05,9.7,4.26,2021-VA-110,2021,202101,T-28,1396.386989,0.0116611986968532,7632.148487789411,94,189,1,82.01,15.97,202,0.322,0.1045,0,61.34088,-175.72779,98,1.5,4,EBS,9
9.48,0.16,0.2,0.67,0.4,1.92,0,0.82,0.74,0,31.34,0.22,0,40.76,0.68,2.38,1.64,1.9,1.17,0,1.12,1.09,1.02,2.05,8.11,1.58,23.84,19.89,1.63,0.79,0,0,2.1,1.46,0.51,0,0,0.24,2.78,0.53,0,1.87,11.4,5.73,18.52,0,2.09,0,0.38,0.08,5.35,0.65,1.48,52.9,0,4.33,2.61,1.92,0.83,1.76,0,0,0,1.26,0,6.03,0.11,15.94,1.1,9.66,59.01,136.28,104.25,1.77,82.91,0.3,0.08,44.5,2.34,1.3,0.64,1.2,14.66,3.32,2021-VA-111,2021,202101,T-27,35.727773,0.01418279609780715,5922.6685218288885,94,190,1,94.01,16.45,NA,0.3635,0.1059,0,61.3181,-175.00914,87,1.2,4,EBS,9
13.38,0.07,0.35,0.52,0.28,1.98,0,0.52,0.53,0,46.6,0.11,0,45.06,0.56,1.91,1.35,4.53,2.11,0,2.2,1.8,1.14,4.63,10.44,0.77,37.52,32.41,1.71,0.5,0.11,0,3.34,2.67,0.79,0,1.08,0.12,4.35,0.56,0.43,1.08,20.29,6.33,25.97,0,2.03,0,0.42,0.08,5.84,0.8,0,74.95,0,12.96,3.08,1.98,0.24,4.59,0,0,0,1.54,0,7.74,0.14,19.27,1.35,8.89,80.33,192.75,144.03,1.79,109.45,0.26,0.12,70.61,3.46,0.97,0.89,1.16,10.37,3.89,2021-VA-112,2021,202101,T-28,1396.386989,0.0116611986968532,7632.148487789411,94,189,1,93.18,18.11,298,0.301,0.1106,0,61.34088,-175.72779,98,1.5,4,EBS,9
10.13,0.39,0.34,0.86,0.49,1.77,0,0.67,0.88,0,31.9,0.17,0,68.71,0.8,2.21,2,3.44,1.3,0,0.97,1.45,0.99,1.71,7.91,1.08,25.28,26.85,1.35,0.66,0.11,0,2.02,1.49,0.65,0,0,0.28,2.05,0.65,0,1.69,6.79,4.71,16.34,1.93,0,0,0.42,0.08,5.69,0.82,1.07,48.82,0,1.35,1.71,1.93,1.33,1.89,0.12,0,0,1.5,0,6,0.1,16.39,0.5,10.33,60.68,160.02,102.06,1.68,78.24,0.34,0.07,32.83,2.31,2.15,0.79,0.94,33.52,2.98,2021-VA-113,2021,202101,U-27,2415.3878059999997,0.015346038860724,21438.757127223795,94,191,1,94.88,17.64,320,0.4638,0.134,0,61.65579,-175.08604,85,0.3,4,EBS,9
14.98,0.21,0.69,1.18,0.79,2.51,0,1.31,1,0,48.99,0.39,0,38.39,0.92,3.79,3.18,0,4.27,1.93,2.95,0,1.59,1.17,11.37,1.8,43.87,27.49,0.48,2.67,1.04,0,3.67,0.64,0,0,1.69,0.79,1.79,0.84,1.32,0,23.61,10.23,19.64,0.41,0,0,0,0,8.28,0.51,0,54.67,0,14.67,3.66,4.11,2.74,3.28,2.34,0,0,1.05,0,11.33,0,23.84,1.66,15.68,96.83,194.26,124.63,1.29,96.85,0.44,0.06,75.91,4.46,0.78,0.55,1.6,21.42,2.29,2021-VA-114,2021,202101,P-28,1496.7114920000001,0.0137356474306392,7644.342979114581,94,177,1,94.06,17.01,NA,0.3198,0.1583,0,60.01147,-175.26673,117,2.3,5,EBS,8
14.47,0.15,0.39,0.72,0.34,1.75,0,0.6,0.65,0,35.84,0,0,34.09,0.58,1.96,1.81,1.94,1.64,0,1.23,1.54,1.19,2.29,8.24,1.1,29.8,24.46,1.84,0.43,0,0,2.7,1.97,0.29,0,0,0.24,2.28,0.37,0,1.89,19.43,6.32,19.18,1.88,0,0,0.35,0.07,5.18,0.55,0.87,53.03,0,13.92,2.42,3.86,2.04,3.38,0,0,0,1.03,0,10.79,0,16.28,1.06,9.37,68.25,160.42,111.77,1.64,87.13,0.31,0.09,65.14,2.94,0.95,0.68,1.22,14.94,3.26,2021-VA-115,2021,202101,T-28,1396.386989,0.0116611986968532,7632.148487789411,94,189,1,90.57,17.67,278,0.327,0.0954,0,61.34088,-175.72779,98,1.5,4,EBS,9
14.76,0.17,0.33,0.82,0.5,2.35,0,0.8,0.79,0,51.91,0.26,0,42.56,0.74,2.89,2.2,0,4.43,2.03,3.17,0,1.21,2.4,11.87,1.3,49.04,30.46,0.46,2.36,1.09,0,3.64,0.8,0,0,1.66,0,2.62,0.79,1.29,0,18.8,10.71,24.94,0.32,0,0,0,0,7.63,0.27,0,72.31,0,12.6,3.79,2.98,1.52,2.86,3.02,0,0,0.11,0.07,10.35,0,24.61,1.8,12.38,96.8,203.13,140.45,1.45,114.46,0.34,0.07,73.82,3.64,0.82,0.64,1.61,16.28,2.94,2021-VA-116,2021,202101,R-29,6159.228370000001,0.014630001326325,29746.57351649869,94,187,1,70.75,12.94,138,0.3835,0.167,0,60.66565,-176.20071,119,1.9,5,EBS,8
7.16,0.11,0.17,0.54,0.29,1.47,0,0.69,0.73,0,25.81,0,0,24.41,0.49,1.77,1.5,3.01,1.48,0,0.75,1.24,1.24,1.22,7.66,1.34,25.38,20.85,1.68,0.72,0,0,2.35,1.78,0.39,0,0,0.33,1.75,0.44,0,1.89,12.75,5.95,19.45,2.21,0,0,0.33,0,4.92,0.5,0.79,42.82,0,6.09,2.14,1.44,0.21,3.07,0,0,0,1.39,0,6.92,0,16.15,0.83,8.21,49.19,124.93,94.47,1.92,72.38,0.38,0.11,47.82,2.68,0.95,0.7,1.22,13.95,2.65,2021-VA-117,2021,202101,T-27,35.727773,0.01418279609780715,5922.6685218288885,94,190,1,86.54,16.34,NA,0.3614,0.1054,0,61.3181,-175.00914,87,1.2,4,EBS,9
9.8,0.07,0.21,0.7,0.44,1.88,0,0.82,0.73,0,34.74,0.2,0,44.48,0.73,2.38,2.02,4.65,1.25,0,1.11,1.23,0.95,1.94,8.9,1.14,30.82,23.42,1.9,0.83,0.12,0,2.56,1.74,0.64,0,0,0.31,3.12,0.43,0,1.63,10.12,6.78,20.03,0,2.37,0,0.48,0.07,5.87,0.83,1.39,59.49,0,4.32,2.68,1.99,0.82,1.89,0,0,0,1.62,0,7.45,0.14,17.84,1.05,10.2,63.95,151.94,119.26,1.86,93.01,0.3,0.1,45.92,2.87,1.28,0.82,1.32,14.26,3.33,2021-VA-118,2021,202101,T-27,35.727773,0.01418279609780715,5922.6685218288885,94,190,1,92.79,15.82,NA,0.3534,0.1145,0,61.3181,-175.00914,87,1.2,4,EBS,9
10.94,0.07,0.23,0.59,0.35,1.6,0,0.66,0.58,0,27.51,0.16,0,31.38,0.61,1.96,1.54,3.42,1.1,0,0.77,1.07,0.9,1.36,6.88,0.91,21.52,17.8,1.75,0.7,0.1,0,2.12,1.42,0.5,0,0,0.12,2.3,0.43,0,2.45,16.38,6.14,16.7,0,1.9,0,0.3,0.08,4.87,0.5,0.83,43.59,0,10.19,2.5,1.8,0.79,2.22,0,0,0,1.18,0,5.95,0,15.75,1.11,8.34,53.84,130.96,93.76,1.74,72.38,0.36,0.1,53.72,2.23,1.14,0.68,1.21,13.63,2.77,2021-VA-119,2021,202101,T-27,35.727773,0.01418279609780715,5922.6685218288885,94,190,1,89.61,17.97,300,0.3643,0.0975,0,61.3181,-175.00914,87,1.2,4,EBS,9
6.05,0.07,1.13,1.18,0.85,1.24,0,1.25,0.37,0,21.8,0,0,20.52,0.56,2.52,2.47,2.33,0.99,0,1.09,0,0.89,0.78,6.17,1.21,19.53,20.34,1.74,0.6,0,0,1.95,1.29,0.46,0,1.22,0.27,1.35,0.34,0,1.53,7.48,3.97,12.02,0,0,1.93,0,0.13,3.49,0,0.59,26.34,0.65,1.42,1.41,3.38,0.92,1.7,0,0,0,1.2,0,4.16,0.12,9.75,0.81,9.89,45.88,96.12,63.58,1.39,44.88,0.37,0.11,29.68,2.22,0.94,0.6,0.96,15.16,2.7,2021-VA-12,2021,202101,L-20,4901.876082,0.0131611532165982,21882.580900037585,94,106,1,91.84,17.74,294,0.3177,0.0874,0,58.66873,-169.78651,67,3.7,3,EBS,6
17.74,0.08,0.46,0.77,0.39,2.35,0,0.73,0.68,0,46.57,0.17,0,42.56,0.7,2.28,1.62,3.2,2.03,0,1.25,2.08,1.26,2.18,11.41,1.03,45.95,31.93,2.24,0.65,0,0,3.78,2.15,0.83,0,0,0.33,2.61,0.27,0.17,1.07,30.45,8.8,25.7,0,3.21,0,0.59,0.1,8.3,0.98,1.73,73.24,0,18.83,3.95,2.53,1.04,1.81,0.07,0,0,1.98,0,9.03,0.13,24.13,1.91,10.9,87.07,219.95,145.05,1.67,114.45,0.33,0.08,90.27,4.11,0.91,0.71,1.44,16.32,3.04,2021-VA-120,2021,202101,Q-28,6520.532297,0.01431919816639125,9846.920083202891,94,176,1,92.31,13,290,0.3282,0.1395,0,60.33854,-175.38804,111,2,5,EBS,8
7.8,0.27,0.16,0.48,0.25,1.33,0,0.53,0.46,0,25.25,0.06,0,58.23,0.59,1.52,1.55,1.46,1.01,0,0.74,0.83,0.65,1.36,6,0.6,17.26,22.37,0.98,0.34,0.06,0,1.98,1.24,0.59,0,0,0.21,1.42,0.7,0,0.74,6.6,4.16,18.12,0,1.92,0,0.36,0,4.45,0.38,0.75,36,0,1.46,1.96,5.29,0,2.15,0,0,0,1.82,0,6.38,0.06,9.93,0.38,6.95,46.52,139.41,75.32,1.62,56.46,0.28,0.05,37.6,2.19,2.31,0.61,0.77,40.9,3.63,2021-VA-121,2021,202101,U-26,2182.192496,0.01413347868244125,11249.884304671143,94,192,1,88.64,15.22,256,0.3135,0.0745,0,61.66716,-174.47995,77,-0.2,4,EBS,9
10.07,0.04,0.28,0.52,0.26,1.94,0,0.55,0.45,0,35.67,0.15,0,78.04,0.66,1.46,1.18,3.2,0.9,0,1.29,1.18,0.54,2.89,7.81,1.51,24.98,24.62,1.24,0.25,0.09,0,2.33,1.26,1.02,0,0,0.08,4.9,0.47,0,1.81,8.31,1.33,22.76,0,2.18,0,0.59,0.08,5.54,0.65,1.52,61.06,0,1.08,1.64,1.34,0.56,2.1,0,0,0,1.55,0,6.51,0.09,14.77,0.32,7.54,61.02,169.67,116.92,1.92,91.85,0.24,0.06,36.45,2.41,2.19,0.66,1.01,15.91,4.13,2021-VA-122,2021,202101,V-26,1768.415706,0.0143457350607549,22236.57405138316,94,193,2,51.91,0,52,0.3085,0.0999,0,62.01599,-174.49611,73,-0.6,4,EBS,9
9.41,0.16,0.33,0.52,0.3,1.76,0,0.49,0.52,0,37.52,0.11,0,68.1,0.65,1.57,1.16,3.13,0.93,0,1.26,1.33,0.59,2.91,7.23,0.88,33.93,25.88,1.29,0.32,0.08,0,2.46,1.05,0.83,0,0,0.31,3.47,0.57,0,2.64,7.45,4.46,18.96,0,1.72,0,0.43,0,5.15,0.53,0.96,54.07,0,0.77,1.76,1.58,0.64,1.77,0,0,0,1.39,0,4.68,0.11,14.87,0,7.64,61.68,167.8,105.5,1.71,82.11,0.28,0.07,34.99,2.77,1.81,0.69,1.31,19.64,3.64,2021-VA-123,2021,202101,V-26,1768.415706,0.0143457350607549,22236.57405138316,94,193,2,56.09,0,58,0.345,0.1158,0,62.01599,-174.49611,73,-0.6,4,EBS,9
9.5,0.06,0.27,0.49,0.27,1.77,0,0.5,0.47,0,36.95,0.11,0,69.58,0.63,1.51,1.13,3.04,0.89,0,1.17,1.23,0.55,2.7,7.46,0.92,33.42,26.59,1.23,0.29,0.08,0,2.47,1.39,0.87,0,0,0.28,3.43,0.57,0,2.21,7.77,4.23,20.55,0,1.95,0,0.46,0,5.41,0.36,1.05,55.06,0,0.83,1.9,1.5,0.64,1.91,0,0,0,1.38,0,4.41,0.09,13.71,0,7.37,61.09,171.04,105.09,1.72,81.07,0.25,0.07,36.76,2.75,1.88,0.66,1.26,20.26,4.02,2021-VA-124,2021,202101,V-26,1768.415706,0.0143457350607549,22236.57405138316,94,193,2,53.58,0,48,0.3188,0.1041,0,62.01599,-174.49611,73,-0.6,4,EBS,9
14.08,0.31,0.35,0.71,0.36,2.8,0,0.68,0.67,0,48.44,0.19,0,84.56,0.8,1.72,1.53,4.18,1.5,0,1.8,2.44,0.76,3.44,10.78,1.17,43,36.92,1.66,0.37,0.13,0,3.45,1.87,1.25,0,1.42,0.41,4.92,0.45,0,2.14,9.85,7.01,22.72,0,2.47,0,0.66,0.09,8.41,0.9,1.58,72.1,0,3.03,2.56,2.2,0.57,1.92,0,0,0,1.81,0.07,6.23,0.11,19.13,0.55,10.91,83.79,219.37,142.05,1.7,108.24,0.27,0.07,47.36,3.86,1.75,0.63,1.16,17.17,3.77,2021-VA-125,2021,202101,V-26,1768.415706,0.0143457350607549,22236.57405138316,94,193,2,52.48,0,48,0.3101,0.1183,0,62.01599,-174.49611,73,-0.6,4,EBS,9
8.23,0.06,0.26,0.66,0.35,1.74,0,0.61,0.51,0,34.71,0.1,0,58.39,0.64,1.74,1.43,1.55,1,0,0.94,1.27,0.51,2.01,8.07,0.75,34.23,26.66,1.5,0.42,0.08,0,2.68,1.36,0.85,0,0,0.35,2.78,0.62,0,1.79,8.99,5.72,22.26,0,1.9,0,0.47,0.09,5.37,0.46,0.89,47.84,0,1.26,2.01,2.4,1.02,2.33,0,0,0,1.75,0,6.1,0.13,15.17,0,8.32,59.34,166.85,98.82,1.67,75.88,0.32,0.05,42.62,3.03,1.68,0.48,1.28,21.03,3.15,2021-VA-126,2021,202101,V-26,1768.415706,0.0143457350607549,22236.57405138316,94,193,2,49.59,0,44,0.3548,0.109,0,62.01599,-174.49611,73,-0.6,4,EBS,9
6.4,0.17,0.22,0.52,0.29,1.53,0,0.47,0.61,0,29.87,0.12,0,44.11,0.51,1.2,1.17,2.32,1.1,0,1.1,1.53,0.72,1.79,7.66,0.73,31.46,27.2,1.13,0.33,0.11,0,2.06,1.33,0.85,0,0.92,0.16,3.51,0.17,0,0.57,6.27,4.17,15.13,0,1.47,0,0.42,0.06,4.9,0.53,1.24,41.27,0,0.7,1.86,1.42,0.29,1.47,0,0,0,1.1,0,4.32,0.06,12.53,0,7.34,51.13,136.9,85.16,1.67,64.85,0.3,0.07,29.55,2.22,1.48,0.61,1.16,12.58,3.29,2021-VA-127,2021,202101,V-26,1768.415706,0.0143457350607549,22236.57405138316,94,193,2,51.43,0,48,0.3226,0.1363,0,62.01599,-174.49611,73,-0.6,4,EBS,9
13.47,0.12,0.42,1.13,0.61,2.2,0,1.04,0.88,0,42.89,0.15,0,86.12,0.89,2.1,2.62,3.69,1.08,0,1.35,1.68,0.86,2.35,8.19,0.88,35.71,30.75,1.73,0.32,0.11,0,3,1.59,0.99,0,0,0.29,3.19,0.43,0,1.75,8.74,3.93,17.65,0,1.77,0,0.58,0.06,5.46,0.45,1.13,56.14,0,1.98,1.97,1.72,0.73,1.72,0,0,0,1.39,0,5.32,0.09,15.71,0,12.27,76.5,194.66,109.98,1.44,84.84,0.28,0.06,35.99,3.29,2.01,0.73,1.16,27.01,3.57,2021-VA-128,2021,202101,V-26,1768.415706,0.0143457350607549,22236.57405138316,94,193,2,49.26,0,44,0.332,0.0959,0,62.01599,-174.49611,73,-0.6,4,EBS,9
10.14,0.03,0.17,0.56,0.28,1.51,0,0.56,0.44,0,27.47,0.08,0,79.34,0.73,1.62,1.35,3.41,1.17,0,1.25,0.81,0.84,2.34,5.68,0.75,10.66,24.94,0.99,0.34,0.06,0,2.03,1.21,0.7,0,0,0.19,2.09,0.99,0,1.66,5.71,0.73,16.43,0,1.42,0,0.3,0,3.79,0,0.69,43.24,0,0.7,1.09,1.44,0.69,2.34,0,0,0,1.39,0,4.27,0,9.39,0,7.12,50.81,144.89,84.29,1.66,62.37,0.22,0.07,26.08,2.22,2.89,0.88,0.43,37.9,4.61,2021-VA-129,2021,202101,U-26,2182.192496,0.01413347868244125,11249.884304671143,94,192,1,88.35,15.62,234,0.3495,0.087,0,61.66716,-174.47995,77,-0.2,4,EBS,9
7.22,0.18,0.17,0.64,0.47,1.55,0,0.7,0.55,0,26.1,0,0,25.75,0.65,1.98,1.63,4.52,1.3,0,1.19,0,1.15,2.24,8.17,1.29,18.61,20.65,2.13,0.48,0.12,0,3.47,1.63,0.77,0,1.01,0.35,3.25,0.3,0,2.3,6.6,3.68,16.04,0,0,2.58,0.32,0.1,4.42,0,0.96,48.77,0.44,1.06,1.46,2.77,0.84,2.31,0,0,0,1.38,0,6.03,0.08,17.15,0.7,7.52,51.11,102.03,107.04,2.09,79.94,0.35,0.15,31.61,3.81,0.99,0.69,0.9,7.93,2.84,2021-VA-13,2021,202101,O-20,4106.894747,0.01471867465374735,5774.976483929491,94,103,1,73.35,13.76,146,0.3216,0.0918,0,59.6737,-169.91835,57,3.1,3,EBS,6
7.9,0.07,0.29,0.57,0.32,1.87,0,0.55,0.5,0,35.11,0.1,0,56.84,0.61,1.65,1.26,1.48,0.97,0,0.87,1.48,0.85,1.69,7.56,1.05,34.98,25.31,1.43,0.33,0.08,0,2.45,1.41,0.76,0,0,0.29,2.45,0.61,0,1.89,8.59,5.24,21.35,0,1.99,0,0.38,0,5.48,0.55,0.81,47.54,0,1.5,1.75,2.14,0.99,2.53,0,0,0,1.28,0,5.15,0.09,14.06,0,8.2,58.4,163,95.58,1.64,73.59,0.3,0.05,40.58,2.75,1.62,0.49,1.38,23.23,3.38,2021-VA-130,2021,202101,V-26,1768.415706,0.0143457350607549,22236.57405138316,94,193,2,46.84,0,36,0.3208,0.095,0,62.01599,-174.49611,73,-0.6,4,EBS,9
8.24,0.22,0.17,0.98,0.58,1.32,0,0.8,1.01,0,25.21,0.17,0,45.76,0.77,2.27,2.08,3.34,1.07,0,0.65,0.95,0.8,1.08,6.42,0.81,17.74,20.1,1.48,0.78,0.1,0,1.95,1.48,0.2,0,0,0.08,1.74,0.65,0,0.91,8.91,4.58,13.16,0,1.88,0,0.43,0.06,4.44,0.44,0.94,41.69,0,4.5,1.88,1.51,0.73,1.82,0,0,0,1.49,0,6.39,0.09,13.36,0.64,9.99,50.35,123.91,86.59,1.72,66.33,0.32,0.08,34.53,2.03,1.82,0.83,0.88,26.3,3.12,2021-VA-131,2021,202101,U-27,2415.3878059999997,0.015346038860724,21438.757127223795,94,191,1,91.95,17.73,274,0.2023,0.0597,0,61.65579,-175.08604,85,0.3,4,EBS,9
6.27,0.25,0.42,0.97,0.48,0.92,0,0.71,1.03,0.02,16.41,0.11,0,53.44,0.66,1.76,1.88,1.81,0.73,0,0.49,0.58,0.59,0.84,4.31,0.59,8.47,16.09,1.14,0.53,0.1,0,1.23,0.8,0.36,0,0,0.15,0.93,0.41,0,1.09,3.43,1.88,5.28,0,1.3,0,0.35,0.04,3.1,0.22,0.62,29.45,0,0.67,0.86,0.86,0.17,0.59,0.04,0,0,0.7,0,3.97,0,7.97,0.26,8.33,35.79,95.28,57.3,1.6,45.03,0.27,0.05,12.98,1.38,3.26,0.74,0.53,57.46,3.7,2021-VA-132,2021,202101,U-27,2415.3878059999997,0.015346038860724,21438.757127223795,94,191,1,92.47,16.56,248,0.3189,0.081,0,61.65579,-175.08604,85,0.3,4,EBS,9
14.8,0.12,0.34,0.84,0.41,2.46,0,0.91,0.62,0,48.99,0.18,0,100,0.83,1.98,1.81,4.25,1.05,0,1.96,1.4,0.53,4.48,11.04,1.3,33.74,27.36,1.47,0.25,0.11,0,2.62,1.28,0.98,0,1.37,0.2,5.59,0.48,0,1.57,9.59,4.53,22.28,0,2.1,0,0.54,0.07,6.44,0.57,1.78,73.7,0,1.61,1.88,1.59,0.66,2.06,0,0,0.07,1.48,0,6.49,0.08,15.62,0,10.44,85.19,208.34,136.95,1.61,106.05,0.21,0.07,41.48,2.82,2.04,0.79,1.23,17.88,4.72,2021-VA-133,2021,202101,V-26,1768.415706,0.0143457350607549,22236.57405138316,94,193,2,51.79,0,44,0.3207,0.1258,0,62.01599,-174.49611,73,-0.6,4,EBS,9
10.48,0.24,0.31,1,0.59,1.92,0,0.9,0.31,0,44.29,0.28,0,65.88,0.72,2.13,2.42,0,3.58,1.23,1.73,0,0.63,2.42,11,1.78,41.09,31.62,0.57,1.26,0.41,0,3.09,0.91,0,0,0,0,3.89,1.48,0.58,0.49,8.8,5.59,18.22,0,0,0,0,0,4.96,0.22,0,50.3,0,1.17,2.03,3.17,1.17,1.69,1.81,0,0,0.29,0,5.68,0,12.2,0.58,10.5,80.66,183.07,93.39,1.16,75.23,0.24,0.04,38.98,3.09,1.49,0.47,1.3,16.93,4.12,2021-VA-134,2021,202101,V-26,1768.415706,0.0143457350607549,22236.57405138316,94,193,2,55.44,0,62,0.3405,0.1275,0,62.01599,-174.49611,73,-0.6,4,EBS,9
8.91,0.04,0.22,0.7,0.32,1.71,0,0.71,0.58,0,35.45,0.08,0,55.85,0.64,2.02,1.96,1.94,1.6,0,1.2,1.3,0.92,2.03,8.58,0.81,31.2,31.31,1.42,0.73,0.08,0,2.83,1.96,0.67,0,0,0.31,1.91,0.56,0,2.15,10.19,5.79,24.77,0,2.27,0,0.46,0.07,6.19,0.63,1.07,55.53,0,2.13,2.58,2.02,0.14,4.26,0,0,0,1.74,0,6.91,0.08,15.56,0.45,9.3,62.74,171.5,111.32,1.77,84.99,0.28,0.06,47.48,3.14,1.58,0.58,1,29.23,3.57,2021-VA-135,2021,202101,U-26,2182.192496,0.01413347868244125,11249.884304671143,94,192,1,92.23,16.69,NA,0.3432,0.0977,0,61.66716,-174.47995,77,-0.2,4,EBS,9
4.96,0.1,0.21,0.56,0.29,1.17,0,0.49,0.71,0,24.45,0.1,0,33.27,0.44,1.2,1.42,2,0.89,0,0.75,1.18,0.7,1.17,6.15,0.49,28.09,22.77,1.1,0.26,0.08,0,2.08,1.16,0.65,0,0.75,0.13,2.53,0.17,0,0.7,5.3,3.49,12.05,0,1.47,0,0.37,0.04,4.2,0.36,0.78,31.64,0,0.76,1.36,1.45,0.38,1.3,0,0,0,1.04,0.05,3.59,0.04,10.17,0,7.04,42.49,112.31,68.23,1.61,50.66,0.32,0.07,24.4,2.21,1.36,0.56,1.23,13.13,3.11,2021-VA-136,2021,202101,V-26,1768.415706,0.0143457350607549,22236.57405138316,94,193,2,46.17,0,36,0.3048,0.1238,0,62.01599,-174.49611,73,-0.6,4,EBS,9
8.13,0.04,0.19,0.64,0.32,1.41,0,0.67,0.52,0,29.86,0.09,0,63.57,0.64,1.68,1.55,3.28,1.18,0,0.98,1.08,0.75,1.79,6.73,0.78,24.2,26.85,1.17,0.41,0.06,0,2.31,1.39,0.68,0,0,0.23,1.89,0.62,0,1.21,7.91,4.28,18.76,0,1.94,0,0.35,0.07,4.76,0.5,0.82,45.21,0,1.45,1.71,1.56,0.59,2.36,0,0,0,1.74,0,4.91,0.08,12.79,0,7.88,52.88,154.66,91.16,1.72,68.32,0.28,0.07,35.67,2.53,2.13,0.81,0.9,33.56,3.53,2021-VA-137,2021,202101,U-26,2182.192496,0.01413347868244125,11249.884304671143,94,192,1,90.81,16.75,NA,0.3079,0.0937,0,61.66716,-174.47995,77,-0.2,4,EBS,9
13.38,0.03,0.33,0.54,0.31,2.14,0,0.54,0.42,0,41.85,0.11,0,87.27,0.79,1.59,1.26,3.74,0.95,0,1.4,1.31,0.55,3.23,7.95,0.93,32.03,27.2,1.14,0.3,0.07,0,2.58,1.51,1.01,0,0,0.29,3.96,0.8,0,2.51,8.89,5.06,22.67,0,2.22,0,0.53,0.08,5.84,0.85,1.3,67.42,0,0.98,1.98,2.58,0.93,2.14,0,0,0,1.52,0,5.47,0.13,16.17,0,8.1,71.15,193.58,126.03,1.77,98.52,0.24,0.06,42.16,2.87,2.09,0.7,1.18,22.02,4.17,2021-VA-138,2021,202101,V-26,1768.415706,0.0143457350607549,22236.57405138316,94,193,2,55.61,0,56,0.3342,0.1064,0,62.01599,-174.49611,73,-0.6,4,EBS,9
9.22,0.34,0.24,1.3,0.72,1.77,0,0.99,1.14,0,30.48,0.17,0,77.59,1,2.74,2.56,3.71,1.15,0,0.94,1.16,1.01,1.63,7.12,0.88,21.51,24.29,1.57,0.94,0.09,0,2.32,1.45,0.59,0,0,0.23,1.99,0.47,0,1.53,7.74,4.2,16.77,0,2.06,0,0.53,0.07,5.35,0.68,1.27,52.05,0,1.38,2.07,1.71,0.77,1.81,0.16,0,0,1.47,0,6.24,0.09,16,0.22,12.38,59.7,163.42,104.35,1.75,81.17,0.31,0.06,33.87,2.55,2.55,0.84,0.89,39.04,3.25,2021-VA-139,2021,202101,U-27,2415.3878059999997,0.015346038860724,21438.757127223795,94,191,1,90.34,17.14,288,0.3762,0.1134,0,61.65579,-175.08604,85,0.3,4,EBS,9
5.65,0.3,0.23,0.69,1.63,1.21,0,1.04,0.5,0,21.52,0,0,21.07,0.57,1.97,2.14,2.57,0.95,0,1.36,0,1.44,2.6,6.94,0.79,12.78,13.44,1.08,0.5,0,0,1.46,1.35,0.4,0,0.97,0.12,2.54,1.18,0,1.21,4.17,2.68,7.4,0,0,1.19,0,0.16,2.93,0,0.69,42.29,0.97,0.46,1.28,2.43,0.57,1,0,0,0,0.72,0,3.2,0.17,11.31,1.35,9.19,45.84,70.23,81.11,1.77,62.81,0.27,0.16,18.42,1.58,0.98,0.86,0.95,8.31,3.74,2021-VA-14,2021,202101,K-20,6400.780089,0.01297932976006425,7088.193435309142,94,107,1,92.74,16.5,266,0.6096,0.1727,0,58.33916,-169.72913,69,3.1,3,EBS,6
7.62,0.03,0.16,0.59,0.3,1.41,0,0.65,0.5,0,28.61,0.08,0,59.58,0.67,1.82,1.82,3.03,1.27,0,1.04,0.99,0.78,1.87,6.61,0.63,22.03,28.76,1.23,0.62,0.08,0,2.41,1.58,0.64,0,0,0.26,2.03,0.54,0,1.62,7.49,4.53,20.46,0,2.09,0,0.45,0.05,5.1,0.62,0.98,48.33,0,1.09,1.83,1.75,0.62,2.76,0.12,0,0,1.59,0,5.75,0.1,13.38,0,8.08,51.39,151.89,97.68,1.9,73.87,0.28,0.07,37.15,2.67,2.08,0.73,0.77,29.33,3.61,2021-VA-140,2021,202101,U-26,2182.192496,0.01413347868244125,11249.884304671143,94,192,1,82.23,12.79,194,0.3357,0.0893,0,61.66716,-174.47995,77,-0.2,4,EBS,9
11.71,0.29,0.32,0.64,0.26,2.28,0,0.57,0.55,0,40.91,0.17,0,72.47,0.69,1.65,1.36,3.76,1.5,0,1.61,2.01,0.52,3.3,10,0.9,38.55,39.57,1.61,0.34,0.15,0,3.41,1.98,1.27,0,1.39,0.41,4.65,0.45,0,1.74,10.03,5.66,23.99,0,2.11,0,0.7,0.07,6.76,0.71,1.72,63.7,0,1.32,3.18,2.66,0.64,2.41,0,0,0,1.68,0,6.06,0.11,19.28,0,9.33,71.9,203.46,130.4,1.81,98.8,0.3,0.07,46.84,3.82,1.77,0.59,0.97,15.58,3.3,2021-VA-141,2021,202101,V-25,2252.2296499999998,0.013597919960526,3750.5736280291503,94,194,2,47.3,0,38,0.3083,0.1127,0,61.98327,-173.75066,63,-0.3,4,EBS,9
11.47,0.05,0.25,0.51,0.25,1.87,0,0.62,0.45,0,40.63,0.15,0,80.87,0.74,1.68,1.25,3.58,1.13,0,1.59,1.19,0.59,3.55,7.57,0.77,24.4,30.88,1.32,0.25,0.09,0,2.43,1.69,0.82,0,0,0.21,4.55,0.65,0,1.87,8.18,0.56,21.62,0,1.49,0,0.33,0.06,5.53,0.42,1.23,61.78,0,1.01,1.48,1.61,0.07,2.84,0,0,0,1.31,0,5.02,0.05,17.09,0,7.81,67.57,175.28,118.72,1.76,92.75,0.28,0.07,34.45,2.64,1.99,0.76,0.79,17.78,3.62,2021-VA-142,2021,202101,U-25,656.619163,0.0144351550563066,2008.984308577284,94,195,2,44.36,0,30,0.3082,0.1041,0,61.67059,-173.66495,69,0.3,4,EBS,9
7.49,0.06,0.15,0.54,0.3,1.93,0,0.54,0.43,0,34.69,0.07,0,59.67,0.64,1.66,1.32,3.26,1.29,0,1.18,1.23,0.83,2.02,7.65,1.36,21.42,27.45,1.23,0.27,0.07,0,2.38,1.68,0.69,0,0.8,0.29,3.49,0.64,0,2.68,9.26,0.92,25.8,0,1.92,0,0.35,0.07,5.61,0.54,0.97,49.91,0,1.07,1.71,1.92,0.8,3.71,0,0,0,1.69,0,5.49,0.05,15.05,0,7.95,58.03,154.18,106.06,1.83,79.25,0.3,0.07,40.69,2.68,1.72,0.57,0.78,17.12,3.32,2021-VA-143,2021,202102,U-24,987.768434,0.0157233683725074,5087.96830963278,94,1,1,52.4,9.51,NA,0.308,0.0993,0,61.67323,-173.07778,66,1.1,7,NBS,10
NA,NA,NA,NA,NA,NA,NA,NA,NA,NA,NA,NA,NA,NA,NA,NA,NA,NA,NA,NA,NA,NA,NA,NA,NA,NA,NA,NA,NA,NA,NA,NA,NA,NA,NA,NA,NA,NA,NA,NA,NA,NA,NA,NA,NA,NA,NA,NA,NA,NA,NA,NA,NA,NA,NA,NA,NA,NA,NA,NA,NA,NA,NA,NA,NA,NA,NA,NA,NA,NA,NA,NA,NA,NA,NA,NA,NA,NA,NA,NA,NA,NA,NA,NA,2021-VA-144,2021,202101,U-25,656.619163,0.0144351550563066,2008.984308577284,94,195,2,46.55,0,34,0.1933,0.036,0,61.67059,-173.66495,69,0.3,4,EBS,9
12.42,0.06,0.27,0.62,0.28,2.15,0,0.61,0.51,0,45.58,0.12,0,80.61,0.72,1.75,1.4,4.18,1.22,0,1.78,1.39,0.6,3.66,9.71,1.22,33.5,35.56,1.33,0.27,0.1,0,2.61,1.87,0.79,0,1.2,0.27,5.09,0.66,0,2.08,12.08,4.5,24.79,0,1.8,0,0.38,0.08,5.95,0.62,1.36,61.94,0,3.47,1.87,1.89,0.77,3.91,0,0,0,1.51,0,5.42,0.08,15.51,0,8.71,76.46,203.58,124.05,1.62,92.9,0.25,0.07,48.59,2.88,1.77,0.7,0.94,15.83,3.99,2021-VA-145,2021,202102,U-24,987.768434,0.0157233683725074,5087.96830963278,94,1,2,46.21,0,32,0.1305,0.053900000000000003,0,61.67323,-173.07778,66,1.1,7,NBS,10
11.47,0.06,0.26,0.53,0.28,1.91,0,0.53,0.36,0,39.94,0.09,0,77.96,0.71,1.71,1.21,3.89,1.27,0,1.9,1.44,0.53,3.7,8.04,0.68,29.46,34.55,1.29,0.28,0.1,0,2.76,1.86,0.84,0,0.92,0.32,4.87,0.7,0,2.7,8,1.08,24.1,0,1.49,0,0.34,0.05,5.65,0.46,1.14,56.31,0,1,1.79,2.29,0.7,3.52,0,0,0,1.53,0,4.74,0.05,15.48,0,7.98,67.41,184.99,116.45,1.73,86.55,0.27,0.08,38.27,3.08,1.95,0.66,0.85,16.02,3.64,2021-VA-146,2021,202102,U-24,987.768434,0.0157233683725074,5087.96830963278,94,1,2,47.69,0,34,0.3198,0.1136,0,61.67323,-173.07778,66,1.1,7,NBS,10
10.26,0.06,0.22,0.62,0.31,2.01,0,0.61,0.45,0,36.22,0.11,0,75,0.75,1.76,1.25,3.5,1.2,0,1.32,1.44,0.47,2.81,7.27,1.57,24.31,30.47,1.23,0.26,0.09,0,2.57,1.67,0.68,0,0.91,0.28,4.11,0.71,0,2.66,10.09,0.71,24.67,0,1.64,0,0.32,0.07,5.24,0.57,1.09,54.13,0,1.18,1.58,1.84,0.11,4.45,0,0,0,1.57,0,4.72,0.07,15.49,0,8.46,62.18,175.43,111.11,1.79,83.52,0.29,0.07,40.08,2.85,2.07,0.59,0.8,18.24,3.49,2021-VA-147,2021,202102,U-24,987.768434,0.0157233683725074,5087.96830963278,94,1,2,43.21,0,28,0.3198,0.1089,0,61.67323,-173.07778,66,1.1,7,NBS,10
9.33,0.05,0.2,0.67,0.37,2.07,0,0.6,0.48,0,37.72,0.1,0,75.4,0.76,1.78,1.56,3.74,1.33,0,1.57,1.53,0.63,3.04,8.25,0.68,28.05,33.94,1.51,0.32,0.09,0,2.87,1.93,0.85,0,1.04,0.34,4.29,0.5,0,2.27,8.38,1.29,25.32,0,1.87,0,0.43,0.07,6.06,0.57,1.3,59.65,0,1.28,1.86,1.5,0.13,3.32,0,0,0,1.57,0,5.61,0.05,15.13,0,9.06,64.34,182.15,118.8,1.85,89.8,0.25,0.07,39.64,3.21,2,0.63,0.83,17.56,3.94,2021-VA-148,2021,202102,U-24,987.768434,0.0157233683725074,5087.96830963278,94,1,1,62.4,11.21,90,0.3186,0.1135,0,61.67323,-173.07778,66,1.1,7,NBS,10
9.74,0.05,0.18,0.61,0.28,2.2,0,0.62,0.45,0,36.88,0.09,0,74.51,0.75,1.73,1.36,3.67,1.22,0,1.45,1.24,0.68,3.06,8.07,1,21.77,29.67,1.36,0.26,0.09,0,2.5,1.82,0.76,0,0,0.28,4.55,0.61,0,2,9.41,1.08,25.76,0,1.95,0,0.48,0.09,5.68,0.56,1.35,60.03,0,1.99,1.71,1.71,0.69,3.08,0.08,0,0,1.7,0,5.27,0.07,14.7,0,8.49,63.36,172.5,117.05,1.85,89.51,0.24,0.07,41.66,2.79,2.02,0.7,0.73,16.37,4.08,2021-VA-149,2021,202102,U-24,987.768434,0.0157233683725074,5087.96830963278,94,1,1,55.49,10.01,NA,0.3116,0.0929,0,61.67323,-173.07778,66,1.1,7,NBS,10
5.92,0.16,0.48,1.11,0.57,1.37,0,1.14,0.42,0,26.64,0,0,23,0.58,2.63,2.38,3.37,1.08,0,1.13,0,0.96,1.51,7.01,1.06,22.75,18.49,2.13,0.73,0,0,1.93,1.38,0.41,0,1.36,0.22,1.6,0.98,0,1.4,6.38,2.83,9.09,0,0,1.75,0,0.08,4.57,0,0.71,34.62,0.37,0.7,1.17,1.96,0.65,1.34,0,0,0,1.08,0,4.84,0,12.55,0.72,9.61,50.87,92.06,78.37,1.54,56.91,0.36,0.12,22.13,2.16,0.86,0.75,1.23,14.4,2.76,2021-VA-15,2021,202101,M-20,9284.736035,0.0137065999703787,15612.91643897647,94,105,1,87.73,17.03,246,0.3468,0.0938,0,58.99643,-169.83571,63,3.5,3,EBS,6
11.55,0.09,0.4,0.7,0.31,2.55,0,0.72,0.53,0,47.91,0.18,0,92.58,0.86,1.93,1.48,4.43,1.44,0,2.27,1.53,0.38,4.78,10.4,1.03,32.78,38.86,1.39,0.29,0.12,0,2.95,2.14,0.86,0,1.43,0.28,6.6,0.57,0,2.38,11.98,0.69,30.42,0,1.97,0,0.4,0.08,6.02,0.59,1.75,72.89,0,1.21,1.88,1.85,0.13,4.25,0.19,0,0,1.91,0,5,0.06,18.02,0,9.75,79.74,217.92,142.31,1.78,108.08,0.25,0.08,48.03,3.23,1.93,0.68,0.84,14.02,4.04,2021-VA-150,2021,202102,U-24,987.768434,0.0157233683725074,5087.96830963278,94,1,2,43.45,0,28,0.3031,0.1171,0,61.67323,-173.07778,66,1.1,7,NBS,10
5.88,0.17,0.1,0.45,0.27,1.29,0,0.47,0.48,0,24.93,0.04,0,42.96,0.56,1.58,1.46,1.24,1.13,0,0.74,0.72,0.82,1.14,5.87,0.68,11.97,22.43,0.97,0.26,0,0,1.86,1.2,0.55,0,0,0.29,2.24,0.78,0,4.48,5.9,0.88,18.67,0,1.72,0,0.33,0,4.64,0.34,0.61,35.36,0,0.95,1.31,1.77,0.72,3.37,0,0,0,1.25,0,4.05,0.06,10.6,0,6.72,44.03,110.17,78.34,1.78,58.79,0.3,0.05,29.49,2.15,1.72,0.35,0.53,19.14,3.33,2021-VA-151,2021,202102,U-24,987.768434,0.0157233683725074,5087.96830963278,94,1,1,56.11,10,NA,0.3432,0.0778,0,61.67323,-173.07778,66,1.1,7,NBS,10
12.83,0.13,0.34,0.93,0.52,2.4,0,0.85,0.89,0,47.33,0.21,0,92.2,0.84,1.96,1.9,3.98,1.17,0,1.69,1.76,0.71,3.68,9.64,1.26,38.56,32.09,1.5,0.25,0.1,0,2.79,1.35,1.04,0,1.26,0.26,4.65,0.55,0,1.36,9.76,3.74,20.5,0,2.02,0,0.53,0.07,6.79,0.76,0,66.85,0,1.46,1.9,1.59,0.78,2.87,0.19,0,0,1.45,0,5.87,0.08,14.91,0,11.21,80.7,207.95,126.43,1.57,95.56,0.22,0.07,38.94,3.06,1.95,0.75,1.2,19.82,4.48,2021-VA-152,2021,202101,V-26,1768.415706,0.0143457350607549,22236.57405138316,94,193,2,53.19,0,50,0.305,0.1231,0,62.01599,-174.49611,73,-0.6,4,EBS,9
11.06,0.07,0.28,0.85,0.49,2.49,0,0.94,0.58,0,44.15,0.12,0,84.37,0.87,2.26,2.08,4.26,1.46,0,1.83,1.53,0.36,3.82,9.97,1.15,27.03,33.75,1.54,0.31,0.11,0,3.01,2.13,0.86,0,1.29,0.27,4.87,0.59,0,1.89,11.39,3.67,24.14,0,2.12,0,0.47,0.11,7.1,0.77,0,66.49,0,2.2,2.09,1.61,0.1,3.23,0.24,0,0,1.82,0,7,0.05,16.6,0,11.22,76.56,196.05,131.24,1.71,98.49,0.25,0.07,45.1,3.28,1.91,0.68,0.8,17.34,4.01,2021-VA-153,2021,202102,U-24,987.768434,0.0157233683725074,5087.96830963278,94,1,1,52.21,8.61,54,0.3488,0.1349,0,61.67323,-173.07778,66,1.1,7,NBS,10
11.23,0.13,0.28,0.7,0.39,2.03,0,0.71,0.7,0,39.08,0.18,0,84.45,0.77,1.57,1.49,3.14,0.9,0,1.32,1.15,0.66,2.99,8.04,1.02,23.83,24.56,1.18,0.23,0.07,0,2.16,1,0.89,0,1.15,0.18,3.4,0.47,0,0.93,7.76,0.94,19.42,0,1.98,0,0.53,0,5.04,0.47,1.17,55.87,0,0.74,1.32,1.5,0.8,1.7,0.13,0,0,1.28,0,4.66,0.07,12.55,0,8.74,67.04,169.31,104.54,1.56,80.02,0.22,0.06,31.67,2.34,2.16,0.79,0.97,24.86,4.45,2021-VA-154,2021,202101,V-26,1768.415706,0.0143457350607549,22236.57405138316,94,193,2,52.27,0,44,0.3225,0.1114,0,62.01599,-174.49611,73,-0.6,4,EBS,9
4.37,0.05,0.09,0.54,0.26,1.33,0,0.61,0.53,0,22.93,0.06,0,40.25,0.48,1.49,1.58,1.01,0.86,0,0.52,0.91,0.61,0.85,5.41,0.59,15.41,21.38,1.21,0.21,0.07,0,1.79,1.35,0.47,0,0,0.31,2.11,0.61,0,3.3,7.18,0.68,19.02,0,2.1,0,0.35,0,5.3,0.41,0.98,42.11,0,1.42,1.56,1.42,0.41,1.69,0,0,0,1.36,0,4.77,0.03,12.21,0,7.26,40,111.88,84.69,2.12,66.81,0.29,0.04,31.28,2.1,1.76,0.3,0.72,19.09,3.45,2021-VA-155,2021,202102,U-24,987.768434,0.0157233683725074,5087.96830963278,94,1,1,51.24,8.71,NA,0.2786,0.0767,0,61.67323,-173.07778,66,1.1,7,NBS,10
12.24,0.06,0.3,0.6,0.29,2.53,0,0.7,0.41,0,45.44,0.11,0,81.63,0.76,1.91,1.43,4.15,1.39,0,1.97,1.64,0.29,4.17,9.41,1.07,32.38,35.91,1.26,0.3,0.09,0,2.9,2.1,0.81,0,1.19,0.31,5.38,0.64,0,1.84,5.66,0.83,31.43,0,1.92,0,0.36,0.07,5.89,0.52,1.46,63.2,0,1.52,1.98,2.01,0.12,5.14,0.25,0,0,2.12,0,5.36,0.07,16.24,0,9.51,76.56,198.79,128.42,1.68,94.84,0.26,0.08,43.44,3.21,1.8,0.69,0.9,15.17,3.89,2021-VA-156,2021,202102,U-24,987.768434,0.0157233683725074,5087.96830963278,94,1,2,52.05,0,NA,0.3315,0.116,0,61.67323,-173.07778,66,1.1,7,NBS,10
6.6,0.2,0.22,0.43,0.25,1.57,0,0.43,0.32,0,31.38,0.12,0,43.66,0.46,1.04,1.16,0,3.11,0.98,1.5,0,0.34,2.16,7.32,0.8,34.06,25.65,0.3,1,0.27,0,2.23,0.8,0,0.03,1.14,0.58,3.65,0.78,0.63,0,5.71,6.08,15.15,0,0,1.49,0,0.04,4.4,0.3,0,40.35,0,1.21,1.79,1.51,0.49,1.05,1.43,0,0,0.03,0.26,4,0.05,11.19,0.49,6.19,55.56,138.22,78.44,1.41,62.09,0.28,0.05,31.46,2.81,1.39,0.42,1.33,11.97,3.61,2021-VA-157,2021,202101,V-26,1768.415706,0.0143457350607549,22236.57405138316,94,193,2,52.52,0,52,0.1773,0.0814,0,62.01599,-174.49611,73,-0.6,4,EBS,9
9.16,0.1,0.41,0.81,0.38,2.21,0,0.76,0.58,0,41.69,0.14,0,67.04,0.71,1.67,1.75,3.27,1.14,0,1.48,1.83,0.27,2.8,9.85,0.66,38.43,32.25,1.4,0.32,0.1,0,3.18,1.99,1.11,0,1.7,0.12,5.96,0.31,0,0.77,10.68,5.23,23.4,0,2.4,0,0.79,0.05,5.93,0.69,0,57.76,0,1.59,2.28,1.63,0.3,1.62,0,0,0,1.59,0,4.45,0.09,12.93,0,9.99,70.26,188.01,111.53,1.59,82.95,0.22,0.07,44.8,3.3,1.61,0.51,1.19,11.25,4.47,2021-VA-158,2021,202101,V-26,1768.415706,0.0143457350607549,22236.57405138316,94,193,2,52.93,0,50,0.3456,0.1579,0,62.01599,-174.49611,73,-0.6,4,EBS,9
10.5,0.05,0.38,0.76,0.36,2,0,0.7,0.66,0,42.52,0.15,0,69.91,0.67,1.83,1.73,1.85,1.26,0,1.22,1.88,0.65,2.43,9.65,0.83,41.77,33.59,1.57,0.33,0.09,0,2.86,1.56,0.86,0,1.01,0.37,3.06,0.58,0,1.96,8.17,6.08,19.47,0,2.11,0,0.4,0.06,5.85,0.65,0.91,51.86,0,1.53,2.12,2.18,0.65,2.2,0,0,0,1.64,0,5.65,0.08,15.98,0,9.93,72.18,190.66,106.39,1.47,81.09,0.31,0.05,39.56,3.23,1.64,0.5,1.24,22.88,3.24,2021-VA-159,2021,202101,V-25,2252.2296499999998,0.013597919960526,3750.5736280291503,94,194,2,46.89,0,32,0.3457,0.1144,0,61.98327,-173.75066,63,-0.3,4,EBS,9
3.62,0.13,0.14,0.59,0.64,1.02,0,0.8,0.54,0,15.19,0,0,12.4,0.41,1.76,1.68,2.21,0.89,0,0.49,0,0.81,0.92,5.17,0.77,10.87,12.96,1.15,0.5,0,0,1.51,1.12,0.39,0,0.73,0.19,1.2,0.21,0,2.59,4.65,2.55,9.06,0,0,1.38,0,0.09,2.7,0,0.42,23.65,0.28,0.69,0.89,1.13,0.52,1.3,0,0,0,0.74,0,2.93,0,8.89,0.5,7.02,32.38,58.68,54.9,1.7,40.68,0.38,0.14,18.98,1.69,0.82,0.56,0.84,10.35,2.66,2021-VA-16,2021,202101,L-20,4901.876082,0.0131611532165982,21882.580900037585,94,106,1,95.31,17.71,304,0.3256,0.0758,0,58.66873,-169.78651,67,3.7,3,EBS,6
9.53,0.08,0.3,0.57,0.25,2.01,0,0.57,0.49,0,33.85,0.11,0,73.46,0.63,1.56,1.26,3.15,0.9,0,1.12,1.15,0.84,1.78,6.72,1.62,24.41,25.16,1.21,0.22,0.08,0,1.98,1.37,0.63,0,1.01,0.23,3.19,0.72,0,2.58,9.36,0.78,22.39,0,1.56,0,0.33,0.08,5.09,0.4,1.04,50.47,0,1.57,1.56,1.71,0.85,2.93,0.15,0,0,1.58,0,4.56,0.06,13.61,0,7.86,57.9,165.63,101.23,1.75,77.06,0.27,0.06,37.36,2.2,2.17,0.58,0.97,23.02,3.71,2021-VA-160,2021,202101,V-25,2252.2296499999998,0.013597919960526,3750.5736280291503,94,194,2,47.07,0,NA,0.3461,0.105,0,61.98327,-173.75066,63,-0.3,4,EBS,9
8.4,0.05,0.22,0.48,0.25,1.88,0,0.49,0.4,0,34.63,0.08,0,67.07,0.63,1.54,1.13,3.33,1.2,0,1.61,1.18,0.57,3.28,7.46,0.69,21.15,30.33,1.08,0.22,0.08,0,2.21,1.59,0.66,0,0.81,0.23,4.34,0.63,0,3.07,10.64,0,21.15,0,1.4,0,0.27,0,4.78,0.29,1.03,51.53,0,0.82,1.44,1.58,0.57,3.38,0,0,0,1.33,0,4.2,0,12.87,0,7.35,57.91,158.3,104.05,1.8,78.13,0.25,0.08,35.63,2.44,1.94,0.65,0.7,15.47,4,2021-VA-161,2021,202102,U-24,987.768434,0.0157233683725074,5087.96830963278,94,1,2,41.99,0,34,0.3036,0.1044,0,61.67323,-173.07778,66,1.1,7,NBS,10
11.78,0.07,0.36,0.58,0.24,2.41,0,0.72,0.47,0,47.42,0.14,0,91.13,0.81,1.87,1.46,4.7,1.32,0,2.45,1.46,0.38,5.18,9.87,1.34,32.1,38.64,1.28,0.26,0.1,0,2.84,1.69,0.82,0,1.33,0.24,6.29,0.53,0,2.45,16.33,0,27.72,0,1.94,0,0.38,0.08,6.25,0.78,0,69.85,0,1.35,1.86,1.96,0.09,4.97,0.19,0,0.15,1.45,0,5.19,0.06,16.88,0,9.22,78.36,216.73,137.1,1.75,102.25,0.24,0.08,49.21,3.08,1.92,0.78,0.83,14.49,4.14,2021-VA-162,2021,202102,U-24,987.768434,0.0157233683725074,5087.96830963278,94,1,2,43.14,0,32,0.313,0.1301,0,61.67323,-173.07778,66,1.1,7,NBS,10
13.27,0.08,0.4,0.8,0.35,2.67,0,0.83,0.6,0,56.1,0.15,0,108.08,0.97,2.27,1.78,5.05,1.63,0,2.51,1.93,0.72,5.25,10.56,1.38,37.22,46.76,1.7,0.32,0.12,0,3.41,2.5,1.03,0,1.35,0.35,6.74,0.92,0,2.81,15.87,0,28.56,0,1.94,0,0.4,0.07,6.69,0.62,0,75.13,0,1.34,1.93,1.75,0.07,4.74,0,0,0,2.1,0,5.74,0,19.9,0,11.25,91.03,248.37,150.1,1.65,112.01,0.26,0.08,49.45,3.77,1.93,0.7,0.8,16.03,3.78,2021-VA-163,2021,202102,U-24,987.768434,0.0157233683725074,5087.96830963278,94,1,2,44.07,0,26,0.1579,0.0604,0,61.67323,-173.07778,66,1.1,7,NBS,10
6.74,0.06,0.16,0.47,0.22,1.75,0,0.51,0.43,0,34.24,0.07,0,52.41,0.58,1.55,1.18,1.8,1.43,0,1.22,1.34,0.63,2.28,7.05,1.07,23.59,30.54,1.22,0.25,0.08,0,2.4,1.6,0.62,0,0.68,0.33,3.64,0.6,0,3.32,8.99,1.01,24.78,0,1.7,0,0.25,0,4.63,0.38,0.82,45.51,0,1.41,0.76,1.87,0.06,4.99,0,0,0,1.31,0,4.12,0.06,15.49,0,7.44,55.67,150.03,98.46,1.77,74.23,0.34,0.06,38.8,2.74,1.53,0.45,0.77,14.39,2.94,2021-VA-164,2021,202102,U-24,987.768434,0.0157233683725074,5087.96830963278,94,1,2,44.04,0,26,0.3192,0.099,0,61.67323,-173.07778,66,1.1,7,NBS,10
10.72,0.06,0.45,0.64,0.29,2.17,0,0.57,0.45,0,41.69,0.08,0,74.41,0.77,1.84,1.28,4.04,1.49,0,1.91,1.61,0.62,3.92,7.81,0.95,25.97,35.95,1.67,0.26,0.13,0,2.93,1.97,0.78,0,0.87,0.34,4.62,0.58,0,2.49,10.12,0.71,26.19,0,1.73,0,0.25,0,5.23,0.49,0,51.11,0,2.01,1.81,1.68,0.05,5.16,0,0,0,1.45,0,4.37,0.06,15.52,0,8.84,69.05,184.66,110.54,1.6,79.54,0.3,0.08,42.53,3.26,1.78,0.71,0.72,16.12,3.29,2021-VA-165,2021,202102,U-24,987.768434,0.0157233683725074,5087.96830963278,94,1,2,44.05,0,28,0.1736,0.0611,0,61.67323,-173.07778,66,1.1,7,NBS,10
10.24,0.07,0.33,0.6,0.27,2.09,0,0.75,0.49,0,39.27,0.46,0,57.25,0.66,2,1.41,2.58,1.16,0,1.86,1.15,1.03,4.39,9.01,1.77,27.05,27.02,1.35,0.25,0.12,0,3.05,1.28,0.74,0,1.01,0.17,4.79,0.59,0,1.58,10.22,3.06,18.86,0,1.96,0,0.2,0,5.82,0.54,1.55,54.86,0,0.82,1.3,1.3,0.65,2.88,0.17,0,0,0.93,0,5.32,0.05,14.09,0,8.77,67.41,152.86,112.16,1.66,84.11,0.26,0.09,35.56,3.22,1.46,0.74,1,11.94,3.89,2021-VA-166,2021,202102,U-23,715.8831829999999,0.0145934860185576,38018.34320425365,94,6,2,56.45,0,60,0.3109,0.1005,0,61.66467,-172.29238,61,0.5,7,NBS,10
6.57,0.04,0.15,0.49,0.35,1.48,0,0.52,0.42,0,26.37,0.08,0,45.24,0.68,1.64,1.44,3.12,1.13,0,1.13,0.84,0.59,2.64,6.31,0.68,12.9,22.63,1.22,0.22,0.08,0,2.41,1.47,0.61,0,0.7,0.17,3.37,0.56,0,0.93,6,4.21,16.36,0,1.79,0,0.34,0,4.33,0.43,1.06,41.46,0,1.74,1.6,1.26,0.52,2.87,0,0,0,0.91,0,4.75,0,11.08,0,7.18,46.77,115.81,87.33,1.87,63.85,0.27,0.09,31.17,2.58,1.72,0.73,0.57,13.4,3.74,2021-VA-167,2021,202102,U-23,715.8831829999999,0.0145934860185576,38018.34320425365,94,6,1,77.04,16.63,NA,0.3114,0.0862,1,61.66467,-172.29238,61,0.5,7,NBS,10
8.96,0.05,0.26,0.5,0.26,2.01,0,0.61,0.43,0,37.26,0.14,0,66.79,0.75,1.63,1.3,4.14,1.23,0,2.23,1.05,0.82,4.92,8.24,0.89,17.57,27.11,1.21,0.23,0.08,0,2.9,1.88,0.79,0,0.88,0.18,5.66,0.59,0,1.16,5.2,0.97,15,0,2.3,0,0.35,0.06,5.84,0.39,0,60.06,0,0.65,1.3,1.17,0.08,3.42,0,0,0,1.15,0,4.39,0,14.35,0,7.81,62.56,140.29,118.55,1.89,87.02,0.24,0.1,24.28,3.08,1.79,0.86,0.65,11.8,4.19,2021-VA-168,2021,202102,U-23,715.8831829999999,0.0145934860185576,38018.34320425365,94,6,2,54.11,0,56,0.3387,0.1012,0,61.66467,-172.29238,61,0.5,7,NBS,10
8.73,0.1,0.23,0.89,0.64,2.31,0,0.88,0.65,0,36.22,0.13,0,61.9,0.95,2.4,2.79,2.34,1.7,0,1.38,1.63,1.15,2.25,8.39,1.25,21.74,32.61,1.66,0.37,0.1,0,3.08,2,0.83,0,1.14,0.38,3.38,0.65,0,3.02,8.8,4.57,22.51,0,2.39,0,0.4,0.09,5.31,0.71,1.17,46.91,0,1.22,1.59,1.67,0.84,3.81,0,0,0,1.03,0,5.51,0,12.49,0,12.19,65.78,162.84,102.26,1.55,74.72,0.27,0.07,40.38,3.47,1.71,0.49,0.67,18.29,3.76,2021-VA-169,2021,202102,U-23,715.8831829999999,0.0145934860185576,38018.34320425365,94,6,1,78.37,14.81,NA,0.3114,0.0792,0,61.66467,-172.29238,61,0.5,7,NBS,10
7.08,0.21,0.23,1,0.71,1.93,0,1.19,0.82,0,34.05,0,0,29.79,0.79,2.99,2.69,4.39,1.49,0,1.55,0,1.41,2.3,10.08,1.36,24.55,24.22,1.94,0.83,0,0,2.46,1.91,0.55,0,1.42,0.27,2.67,1.14,0,0.95,9.08,4.21,17.13,0,0,1.9,0.23,0.1,3.84,0,0.77,44.11,0.64,0.82,1.59,2.47,1.06,2.41,0,0,0,1.46,0,5.15,0.13,13.83,0.69,11.32,65.11,119.69,95.78,1.47,69.15,0.31,0.13,35.3,2.73,0.87,0.85,1.01,11.16,3.19,2021-VA-17,2021,202101,L-21,5266.087708,0.013591330854816,7725.512764100944,94,128,1,88.47,14.77,240,0.3352,0.1103,0,58.662350000000004,-170.43126,74,3.1,3,EBS,6
4.28,0.03,0.1,0.36,0.23,1.29,0,0.39,0.35,0,21.2,0.06,0,31.41,0.45,1.16,1.12,2.01,1.12,0,1.02,0.73,0.91,1.77,5.29,0.63,8.22,15.96,0.84,0.15,0.05,0,1.6,1.06,0.5,0,0,0.15,2.41,0.4,0,1,3.31,0,10.62,0,0.99,0,0.17,0,3.33,0.32,0.56,31.81,0,0.53,0.78,0.42,0.06,2.71,0.07,0,0,0.55,0,3.06,0,7.89,0,5.64,36.83,74.23,64.38,1.75,48.18,0.25,0.1,15.67,1.75,1.48,0.8,0.52,13.04,4.03,2021-VA-170,2021,202102,U-23,715.8831829999999,0.0145934860185576,38018.34320425365,94,6,1,73.21,12.93,124,0.322,0.0866,0,61.66467,-172.29238,61,0.5,7,NBS,10
8.66,0.13,0.26,0.83,0.55,2.16,0,0.79,0.66,0,36.64,0.14,0,60.47,0.8,2.13,2.39,3.57,1.57,0,1.42,1.43,1.34,2.34,9.28,1.07,23.99,27.94,1.55,0.26,0.12,0,2.85,1.75,0.39,0,1.3,0.25,3.61,0.47,0,1.38,8.12,4.37,18.99,0,2.65,0,0.4,0,5.49,0.7,0,52.48,0,0.91,1.35,1.8,0.87,2.79,0.16,0,0,0.99,0,6.25,0,13.36,0,10.93,65.78,153.44,106.91,1.63,79.52,0.25,0.08,35.53,3.09,1.65,0.72,0.86,16.76,3.93,2021-VA-171,2021,202102,U-23,715.8831829999999,0.0145934860185576,38018.34320425365,94,6,1,87.59,16.7,242,0.3129,0.1004,0,61.66467,-172.29238,61,0.5,7,NBS,10
8.33,0.04,0.21,0.51,0.23,2.11,0,0.68,0.52,0,43.66,0.17,0,56.58,0.67,2.1,1.55,3.38,1.33,0,1.78,1.06,1.4,3.27,9.41,0.63,19.88,23.38,1.44,0.25,0.09,0,2.59,1.18,0.65,0,0.68,0.17,4.39,0.45,0,1.13,8.32,0,17.54,0,1.37,0,0.25,0,4.4,0.28,0.94,50.03,0,0.47,1.04,0.96,0.06,3.63,0,0,0,0.8,0,4.64,0,15.4,0,8.75,70.45,132.59,102.96,1.46,78.37,0.31,0.09,28.31,2.75,1.3,0.87,0.85,12.88,3.25,2021-VA-172,2021,202102,U-23,715.8831829999999,0.0145934860185576,38018.34320425365,94,6,2,60.03,0,70,0.3041,0.0863,0,61.66467,-172.29238,61,0.5,7,NBS,10
10.6,0.07,0.26,0.8,0.52,2.1,0,0.74,0.64,0,38.3,0.14,0,71.59,0.87,2,1.92,2.93,1.49,0,1.88,1.46,0.91,3.67,7.89,1.05,21.37,30.7,1.63,0.28,0.09,0,3.01,1.78,0.85,0,1.07,0.26,4.61,0.57,0,2.21,7.48,0.7,20.72,0,1.74,0,0.35,0,5.08,0.53,1.23,51.88,0,0.83,1.3,1.17,0.11,3.34,0,0,0,1.08,0,4.98,0,12.39,0,10.18,67.06,161.55,106.54,1.59,78.99,0.24,0.08,32.2,3.26,1.87,0.65,0.7,15.52,4.19,2021-VA-173,2021,202102,U-23,715.8831829999999,0.0145934860185576,38018.34320425365,94,6,1,78.76,15.21,180,0.3161,0.0912,0,61.66467,-172.29238,61,0.5,7,NBS,10
8.23,0.06,0.24,0.71,0.48,1.87,0,0.71,0.62,0,31.96,0.14,0,55.58,0.7,1.85,2.18,2.04,1.28,0,1.33,1.38,1.01,2.08,6.76,0.92,23.52,25.7,1.44,0.27,0.08,0,2.84,1.42,0.7,0,1.03,0.28,3.08,0.5,0,1.62,7.32,5.09,19.24,0,2.28,0,0.3,0.07,5.13,0.58,1.05,42.82,0,1.72,1.47,1.81,0.75,2.9,0.13,0,0,0.98,0,4.73,0,11.91,0,9.81,56.8,146.53,91.59,1.61,67.22,0.28,0.07,36.66,3.11,1.74,0.56,0.92,18.04,3.59,2021-VA-174,2021,202102,U-23,715.8831829999999,0.0145934860185576,38018.34320425365,94,6,1,76.33,14.43,152,0.3347,0.0943,0,61.66467,-172.29238,61,0.5,7,NBS,10
2.86,0.05,0.08,0.31,0.2,0.8,0,0.3,0.41,0,13.2,0.04,0,16.45,0.3,0.92,1,0.72,0.84,0,0.41,0.48,0.74,0.72,3.93,0.49,5.78,10,0.65,0.13,0.05,0,1.19,0.66,0.18,0,0.35,0.14,1.33,0.25,0,1.61,3.22,1.39,7.53,0,1.15,0,0.13,0,3.26,0.24,0.34,26.18,0,0.52,0.5,0.89,0.35,1.48,0,0,0,0.41,0,2.49,0,7.01,0,4.42,24.81,48.46,51.39,2.07,40.07,0.27,0.08,14.06,1.33,1.25,0.45,0.58,12.39,3.73,2021-VA-175,2021,202102,U-23,715.8831829999999,0.0145934860185576,38018.34320425365,94,6,1,70.87,13.44,NA,0.3158,0.0698,0,61.66467,-172.29238,61,0.5,7,NBS,10
9.55,0.12,0.25,0.7,0.39,1.77,0,0.88,0.58,0,31.87,0.62,0,34.27,0.54,2.15,1.76,1.08,1.1,0,1.13,1.12,1.24,2.08,9.78,2.58,31.2,25.53,1.69,0.27,0.16,0,2.57,1.15,0.25,0,1.15,0.22,2.16,0.34,0,2.24,12.69,4.09,19.98,0,2.11,0,0.33,0.11,5.4,0.55,1.02,40.85,0,1.15,1.74,2.15,0.34,2.75,0.12,0,0,0.89,0,6.57,0.08,12.51,0,9.37,60.86,139.87,89.17,1.47,67.46,0.31,0.08,41.79,2.79,1.08,0.54,1.22,15.88,3.27,2021-VA-176,2021,202102,U-22,2267.646719,0.01427753985752985,275684.002235451,94,5,2,54.31,0,52,0.3005,0.0975,0,61.66059,-171.53327,54,0.6,7,NBS,10
5.7,0.03,0.07,0.3,0.13,1.09,0,0.42,0.42,0,15.58,0.16,0,16.69,0.32,0.9,0.9,2,0.49,0,0.4,0.55,0.56,0.61,3.46,1.12,11.35,13.75,0.87,0.12,0.07,0,2.22,0.8,0.39,0,0.41,0.11,1.04,0.35,0,0.63,5.79,0,8.83,0,2.01,0,0.22,0.07,4.5,0.2,0.41,30.29,0,0.33,0.6,0.98,0,0.66,0,0,0,0.53,0,2.98,0,11.35,0,4.71,29.49,61.53,62.74,2.13,47.58,0.37,0.1,16.54,2.33,1.07,0.59,0.83,16.03,2.67,2021-VA-177,2021,202102,U-22,2267.646719,0.01427753985752985,275684.002235451,94,5,1,52.44,8.09,50,0.3579,0.0832,0,61.66059,-171.53327,54,0.6,7,NBS,10
6.75,0.07,0.19,0.47,0.28,1.6,0,0.53,0.43,0,31.35,0.06,0,47.58,0.61,1.56,1.32,3.06,1.31,0,1.2,1.03,0.64,2.53,6.78,0.6,18.94,26.98,1.17,0.26,0.07,0,2.63,1.67,0.64,0,0.75,0.22,3.44,0.47,0,0,6.26,0.68,22.73,0,2.01,0,0.31,0,4.12,0.46,0.94,42.07,0,0.76,1.44,1.33,0.06,2.66,0,0,0,0.8,0,3.92,0,11.38,0,7.22,52.44,130.6,86.06,1.64,63.07,0.27,0.09,33.19,2.85,1.52,0.75,0.7,13.84,3.7,2021-VA-178,2021,202102,U-23,715.8831829999999,0.0145934860185576,38018.34320425365,94,6,1,75.18,14.37,NA,0.485,0.1365,0,61.66467,-172.29238,61,0.5,7,NBS,10
8.28,0.04,0.22,0.56,0.27,1.81,0,0.69,0.52,0,32.98,0.21,0,40.62,0.52,1.66,1.84,1.6,1.12,0,1.06,1.49,1.31,1.73,7.13,1.02,28.86,27.69,1.46,0.2,0.09,0,3.02,1.7,0.67,0,1.05,0.26,3.14,0.33,0,0,7.53,5.16,18.39,0,2.23,0,0.42,0.07,5.63,0.57,1.02,48.7,0,1.33,1.73,1.26,0.71,2.75,0.17,0,0,0.94,0,5.69,0,15.95,0,8.84,56.97,137.7,100.73,1.77,76.81,0.33,0.07,35.41,3.27,1.23,0.56,1.04,12.94,3.05,2021-VA-179,2021,202102,U-22,2267.646719,0.01427753985752985,275684.002235451,94,5,1,55.68,9.21,NA,0.3315,0.1074,0,61.66059,-171.53327,54,0.6,7,NBS,10
4.58,0.19,0.22,0.5,0.7,1.03,0,0.67,0.35,0,21.37,0,0,16.96,0.39,1.55,1.4,1.74,0.71,0,0.66,0,0.8,1.56,6.15,0.48,16.95,11.38,0.87,0.45,0,0,1.2,0.85,0.28,0,0.64,0.11,1.43,0.61,0,1.21,3.55,2.78,7.64,0,0,0.91,0,0.11,1.77,0,0.35,21.98,0.72,0.33,0.74,2.65,0.6,0.93,0,0,0,1.49,0,1.58,0,7.1,0.68,6.2,40.04,66.08,47.83,1.19,34.57,0.32,0.11,17.7,1.3,0.79,0.75,1.49,11.84,3.09,2021-VA-18,2021,202101,K-20,6400.780089,0.01297932976006425,7088.193435309142,94,107,1,94.32,18.32,270,0.2981,0.0965,0,58.33916,-169.72913,69,3.1,3,EBS,6
3.52,0.06,0.08,0.55,0.32,1.36,0,0.71,0.57,0,22.09,0.15,0,25.31,0.49,1.62,1.61,0.7,0.99,0,0.38,1.02,0.64,0.65,5.9,1.7,11.56,16.2,1.18,0.17,0.05,0,2.03,1.12,0.42,0,0.68,0.17,1.59,0.32,0,0,9.69,0,16.36,0,1.82,0,0.24,0,4.21,0.43,0.65,29.88,0,0.69,0.91,1.48,0.46,3.17,0,0,0,0.61,0,3.92,0,10.52,0,7.76,39.31,87,64.67,1.65,47.8,0.35,0.05,29.14,2.2,1.15,0.37,0.71,15.89,2.84,2021-VA-180,2021,202102,U-22,2267.646719,0.01427753985752985,275684.002235451,94,5,1,51.87,8.85,NA,0.3044,0.0786,0,61.66059,-171.53327,54,0.6,7,NBS,10
9.44,0.11,0.32,0.78,0.39,1.81,0,0.91,0.6,0,37.16,0.54,0,39.55,0.61,2.01,1.83,3.24,1.01,0,0.9,1.2,1.57,1.41,9.69,1.75,32.63,25.56,1.46,0.22,0.12,0,2.73,0.95,0.56,0,0.99,0.19,2.04,0.28,0,0,15.72,0,18.45,0,2.31,0,0.35,0.09,5.28,0.47,0.81,43.63,0,0.91,1.38,1.95,0.76,2.43,0.21,0,0,0.76,0,5.34,0.05,12.14,0,9.52,65.87,142.24,89.51,1.36,66.42,0.28,0.08,38.42,2.93,1.06,0.91,1.28,19.37,3.59,2021-VA-181,2021,202102,U-22,2267.646719,0.01427753985752985,275684.002235451,94,5,2,55.21,0,52,0.3137,0.1045,0,61.66059,-171.53327,54,0.6,7,NBS,10
6.9,0.07,0.11,0.58,0.33,1.42,0,0.79,0.48,0,17.1,0.3,0,23.7,0.5,1.44,1.56,3.16,0.77,0,0.42,0.86,0.97,0.71,5.29,3.05,10.06,17.34,0.96,0.11,0.09,0,2,1.14,0.45,0,0.67,0.12,1.33,0.29,0,0,9.45,0,12.39,0,1.51,0,0.29,0,3.53,0.17,0.51,34.29,0,0.41,0.56,0.7,0.54,1.96,0,0,0,0.48,0,5.03,0.06,10.27,0,7.47,36.79,80.52,69.93,1.9,52.7,0.3,0.11,23.51,2.11,1.39,0.87,0.58,17.81,3.34,2021-VA-182,2021,202102,U-22,2267.646719,0.01427753985752985,275684.002235451,94,5,1,52.65,8.9,54,0.3116,0.0869,0,61.66059,-171.53327,54,0.6,7,NBS,10
4.43,0.07,0.14,0.45,0.23,1.31,0,0.53,0.37,0,22.75,0.13,0,27.69,0.39,1.2,1.31,1.83,1,0,0.77,1.02,0.8,1.23,5.79,0.85,14.28,15.9,1.03,0.14,0.06,0,2.3,1.2,0.52,0,0.6,0.04,2.24,0.43,0,0,8.23,0,12.48,0,1.64,0,0.21,0.04,4.69,0.34,0,34.84,0,0.54,0.78,1,0.54,2.01,0,0,0,0.67,0,4.1,0.02,10.32,0,6.42,39.49,84.62,71.36,1.81,52.67,0.3,0.08,23.03,2.34,1.22,0.63,0.9,12.36,3.37,2021-VA-183,2021,202102,U-22,2267.646719,0.01427753985752985,275684.002235451,94,5,2,52.47,0,48,0.3179,0.0848,0,61.66059,-171.53327,54,0.6,7,NBS,10
13.5,0.13,0.35,0.98,0.54,2.47,0,1.05,0.55,0,48.54,0.57,0,63.03,0.87,2.54,2.09,2.79,1.4,0,1.97,1.61,0.77,4.72,13.16,2.15,43.55,34.36,2.11,0.34,0.13,0,4.06,1.73,0.96,0,1.57,0.05,6.69,0.45,0,0,18.7,0,26.2,0,2.72,0,0.5,0.11,6.58,0.73,0,65.82,0,1.17,1.76,1.97,0.82,3.15,0.26,0,0,1.39,0,7.45,0,17.27,0,11.84,87.09,198.76,132.59,1.52,99.05,0.26,0.08,49.81,4.11,1.3,0.66,1.27,9.42,3.81,2021-VA-184,2021,202102,U-22,2267.646719,0.01427753985752985,275684.002235451,94,5,2,55.83,0,56,0.3203,0.1202,0,61.66059,-171.53327,54,0.6,7,NBS,10
8.46,0.13,0.27,0.83,0.42,2.28,0,1.04,0.62,0,37.46,0.19,0,58.19,0.88,2.13,1.95,3.69,1.13,0,1.72,1.17,0.52,3.74,8.45,0.6,21.55,21.37,1.37,0.2,0.07,0,3.33,1.42,0.71,0,1.24,0.94,5.02,0.37,0,0,9.7,0,18.75,0,1.95,0,0.37,0.06,5.42,0.31,0,58.45,0,0.61,1.17,1.1,0.47,2.2,0,0,0,1.11,0,4.74,0,14.93,0,10.44,64.97,137.1,112.72,1.74,84.9,0.26,0.09,31.32,4.27,1.55,0.74,1.01,11.6,3.91,2021-VA-185,2021,202102,U-22,2267.646719,0.01427753985752985,275684.002235451,94,5,2,50.23,0,42,0.2977,0.0953,0,61.66059,-171.53327,54,0.6,7,NBS,10
7.47,0.19,0.25,1.51,0.96,1.9,0,1.7,1.21,0,37.53,0.27,0,43.5,0.86,3.08,3.76,1.12,1.16,0,0.91,1.48,0.92,1.45,8.66,1.65,31.38,26.05,1.6,0.3,0.08,0,3.03,1.35,0.58,0,1.16,0.2,3.15,0.43,0,0,13.6,0,14.82,0,2.25,0,0.43,0.13,5.14,0.39,1.01,43.11,0,1.05,1.39,1.48,0.73,2.12,0,0,0,1.21,0,6.86,0,15.8,0,15.59,69.26,139.66,93.45,1.35,71.44,0.37,0.05,32.35,3.23,1.16,0.44,1.2,13.83,2.73,2021-VA-186,2021,202102,Y-18,1965.704115,0.0130325869358487,79948.30689630446,94,23,2,43.71,0,28,0.1625,0.0488,0,62.86545,-168.82581,40,-0.2,8,NBS,12
13.5,0.04,0.33,0.58,0.21,2.17,0,0.63,0.36,0,49.01,0.12,0,76.52,0.82,1.97,1.34,4.6,1.31,0,2.57,1.11,0.91,6.05,10.53,0.63,25.19,29.84,1.56,0.23,0.1,0,3.1,2.06,0.85,0,0.94,0.77,6.44,0.66,0,0,10.04,0,21.26,0,1.5,0,0.32,0,4.63,0.36,0,62.17,0,0.71,1.27,0.96,0.04,3.98,0.12,0,0,0.93,0,4.25,0,17.52,0,8.38,81.66,170.58,124.87,1.53,92.55,0.28,0.1,34.24,3.87,1.56,0.95,0.84,11.88,3.55,2021-VA-187,2021,202102,U-23,715.8831829999999,0.0145934860185576,38018.34320425365,94,6,2,58.3,0,66,0.2992,0.0975,0,61.66467,-172.29238,61,0.5,7,NBS,10
3.8,0.07,0.1,0.54,0.29,1.13,0,0.59,0.46,0,20.58,0.06,0,22.26,0.44,1.39,1.47,2.42,0.97,0,0.34,0.83,0.63,0.59,6.4,0.64,17.53,20.76,1.29,0.23,0.06,0,2.68,1.12,0.47,0,0.58,0.38,1.22,0.34,0,2.6,6.87,3.57,17.11,0,2.65,0,0.3,0,3.83,0.38,0.57,24.47,0,0.83,1.06,1.39,0.39,1.95,0,0,0,0.68,0,3.58,0,8.62,0,6.7,37.7,94.98,60.82,1.61,42.44,0.35,0.08,30.83,3.06,1.08,0.42,0.84,18.27,2.84,2021-VA-188,2021,202102,U-22,2267.646719,0.01427753985752985,275684.002235451,94,5,1,57.64,9.7,NA,0.3308,0.0875,0,61.66059,-171.53327,54,0.6,7,NBS,10
7.61,0.11,0.21,0.76,0.41,1.78,0,0.93,0.63,0,28.44,0.22,0,37.98,0.63,1.87,2.06,1.48,1.05,0,0.85,1.16,1.08,1.36,6.53,1.31,17.93,20.61,1.49,0.18,0.09,0,2.85,1.41,0.63,0,0.95,0.24,2.86,0.46,0,0,11.64,0,16.02,0,1.99,0,0.29,0,4.87,0.53,0.96,41.47,0,1.07,1.3,1.56,0.44,1.64,0,0,0,1.06,0,4.92,0,12.46,0,9.6,52.18,113.31,84.88,1.63,64.51,0.3,0.07,31.59,3.09,1.34,0.5,0.87,13.3,3.33,2021-VA-189,2021,202102,U-22,2267.646719,0.01427753985752985,275684.002235451,94,5,2,50.35,0,42,0.3097,0.09,0,61.66059,-171.53327,54,0.6,7,NBS,10
7.94,0.18,0.26,0.72,0.55,1.66,0,0.94,0.42,0,33.37,0,0,30.25,0.72,2.35,1.78,3.47,1.11,0,0.95,0,0.95,3.16,8.69,1,24.59,18.64,1.44,0.66,0,0,1.91,1.29,0.44,0,1.18,0.53,3.51,1.38,0,0.83,5.73,3.57,12.4,0,0,1.41,0,0.09,3.18,0,0.91,52.32,0.4,0.53,1.03,1.34,0.74,1.57,0,0,0,1.22,0,4.08,0.11,17.68,0.08,8.41,60.3,102.23,102.7,1.7,80.8,0.34,0.12,24.6,2.44,0.91,0.77,1.32,8.62,2.96,2021-VA-19,2021,202101,L-21,5266.087708,0.013591330854816,7725.512764100944,94,128,1,88.85,17.43,258,0.3126,0.1076,0,58.662350000000004,-170.43126,74,3.1,3,EBS,6
5.89,0.08,0.17,0.67,0.48,1.47,0,0.66,0.53,0,28.67,0.11,0,41.79,0.64,1.85,2.05,1.58,1.26,0,0.84,1.26,0.83,1.42,6.7,0.7,22.09,26.52,1.37,0.23,0.07,0,2.58,1.45,0.24,0,0.87,0.25,2.18,0.42,0,0,7.3,4.69,17.42,0,2.02,0,0.31,0,4.46,0.56,0,32.56,0,2.76,1.62,1.47,0.75,3.22,0,0,0,1.07,0,4.74,0,13.13,0,8.97,50.32,130.13,75.55,1.5,54.25,0.4,0.06,35.25,2.83,1.46,0.58,0.83,19.16,2.48,2021-VA-190,2021,202102,U-23,715.8831829999999,0.0145934860185576,38018.34320425365,94,6,1,83.74,16.19,228,0.3139,0.0858,0,61.66467,-172.29238,61,0.5,7,NBS,10
8.65,0.06,0.27,0.43,0.14,2,0,0.73,0.47,0,44.92,0.25,0,58.08,0.57,2.13,1.33,3.65,0.99,0,1.41,1.11,0.71,3.45,9.65,0.89,30.84,27.28,1.26,0.18,0.13,0,1.9,1.33,0.72,0,0.94,0.13,4.74,0.43,0,0,12.82,0,21.52,0,1.6,0,0.46,0,5.72,0.34,0,61.35,0,1.14,1.75,1.25,0.59,2.17,0.13,0,0,1.13,0,5.69,0,16.58,0,8.34,71.5,159.22,115.28,1.61,89.67,0.27,0.08,38.48,2.03,1.29,0.89,1.13,12.26,3.7,2021-VA-191,2021,202102,BB-19,15775.111434999999,0.0118874563416939,361173.59900967753,94,27,2,49.56,0,36,0.2374,0.0807,0,63.98062,-169.77538,35,2.7,9,NBS,13
10.47,0.07,0.26,0.56,0.19,2.17,0,0.82,0.51,0,46.49,0.29,0,50.23,0.56,1.86,1.46,1.83,1.29,0,1.24,1.31,1.05,2.17,10.6,1.93,32.34,29.49,1.28,0.19,0.09,0,2.38,1.72,0.8,0,0.74,0.06,5.81,0.15,0,0,15.67,0,21.59,0,1.5,0,0.4,0,6.19,0.39,0,54.66,0,1.13,1.63,1.25,0.58,3,0.07,0,0,1.18,0,5.69,0,18.49,0,8.9,76.5,159.15,110.22,1.44,86.22,0.34,0.06,41.27,2.44,1.08,0.54,1.1,8.64,2.96,2021-VA-192,2021,202102,AA-18,5030.877193,0.0128600130093435,143247.78199381015,94,25,1,53.69,8.96,NA,0.3069,0.1045,0,63.68096,-168.96346,36,1.5,8,NBS,12
8.76,0.11,0.23,0.95,0.52,2.31,0,1.3,0.78,0,38.41,0.15,0,39.03,0.69,2.6,2.53,0,1.42,0,0.97,1.65,0.91,1.71,9.7,1,25.88,23.5,1.87,0.22,0.1,0,2.66,1.12,0.69,0,0.91,0.06,3.46,0.39,0,0,15.34,0,19.93,0,1.74,0,0.33,0,7.55,0.46,0,50.68,0,1.52,1.84,1.27,0.51,2.23,0.07,0,0,1.3,0,7.67,0,19.79,0,12.65,69.39,134.13,105.3,1.52,83.1,0.39,0.04,39.91,2.73,1.02,0.38,1.1,11.29,2.56,2021-VA-193,2021,202102,AA-18,5030.877193,0.0128600130093435,143247.78199381015,94,25,1,51.75,8.78,NA,0.3216,0.1021,0,63.68096,-168.96346,36,1.5,8,NBS,12
4.69,0.06,0.2,0.52,0.24,1.65,0,0.79,0.64,0,29.15,0.17,0,33.74,0.5,2,2.07,0.93,1.08,0,0.73,1.13,0.94,1.25,7.7,1.05,19.09,22.89,1.67,0.17,0.09,0,1.82,1.31,0.55,0,0.72,0.08,3.21,0.44,0,1.97,9.15,4.17,17.91,0,1.56,0,0.31,0,4.99,0.33,0.7,38.51,0,1.84,1.5,1.39,0.66,2.38,0,0,0,1.11,0,6.4,0.05,12.91,0,9.03,50.63,116.57,83.91,1.66,65.05,0.34,0.06,35.96,1.9,1.16,0.38,0.83,10.5,2.98,2021-VA-194,2021,202102,BB-19,15775.111434999999,0.0118874563416939,361173.59900967753,94,27,2,43.01,0,24,0.1633,0.0486,0,63.98062,-169.77538,35,2.7,9,NBS,13
9.93,0.04,0.3,0.35,0.11,2.2,0,0.72,0.51,0,59.54,0.27,0,66.14,0.54,2.1,1.1,3.7,1.24,0,1.8,1.38,0.56,4.56,12.94,0.61,0,31.2,1.41,0,0.08,0,2.36,1.34,0.83,0,1.02,0.18,5.77,0.41,0,0,16.4,0,26.77,0,1.2,0,0,0,6.72,0.22,0,68.38,0,0.74,1.63,1.12,0.46,2.66,0.12,0,0,1.39,0,5.62,0.07,18.42,0,8.47,90.85,148.52,127.8,1.41,99.26,0.27,0.08,46.66,2.53,1.11,0.89,0,11.46,3.71,2021-VA-195,2021,202102,BB-19,15775.111434999999,0.0118874563416939,361173.59900967753,94,27,1,57.54,10.62,72,0.3436,0.1351,0,63.98062,-169.77538,35,2.7,9,NBS,13
2.77,0.07,0.07,0.98,0.66,0.96,0,1.29,0.72,0,17.81,0.07,0,16.25,0.43,2.23,3.26,1.96,0.8,0,0.22,0.82,0.96,0.5,5.07,0.63,13,15.54,1.21,0.24,0.03,0,2.36,0.83,0.37,0,0.47,0.3,0.99,0.29,0,2.52,5.86,2.6,8.16,0,1.47,0,0.23,0,4.25,0.33,0.37,27.21,0,0.92,1.05,1.21,0.46,1.24,0,0,0,0.83,0,4.63,0.05,9.85,0,10.92,36.68,68.05,62.68,1.71,47.16,0.36,0.1,19.79,2.66,0.91,0.45,0.84,16.44,2.76,2021-VA-196,2021,202102,BB-19,15775.111434999999,0.0118874563416939,361173.59900967753,94,27,2,42.71,0,NA,0.132,0.0348,0,63.98062,-169.77538,35,2.7,9,NBS,13
1.29,0.03,0.02,0.19,0.05,0.61,0,0.21,0.5,0,10.45,0.03,0,8.67,0.16,0.69,0.59,0.85,0.69,0,0.12,0.36,0.73,0.21,3.99,0.32,6.25,9.49,0.66,0.09,0.03,0,0.77,0.47,0.12,0,0.26,0.17,0.68,0.18,0,1.67,5.01,0,7.36,0,1.62,0,0.16,0,3.53,0.17,0,21.21,0,0.86,0.6,1.02,0.54,1.47,0,0,0.14,0.49,0,2.75,0,8.64,0,3.21,19.3,40.92,46.98,2.43,36.04,0.41,0.09,14.85,0.95,0.83,0.44,0.66,12.68,2.45,2021-VA-197,2021,202102,BB-19,15775.111434999999,0.0118874563416939,361173.59900967753,94,27,2,49.08,0,36,0.3037,0.0665,0,63.98062,-169.77538,35,2.7,9,NBS,13
0.28,0.04,0,0.05,0.06,0.13,0,0.12,0.49,0,5.38,0.03,0,1.91,0.08,0.39,0.38,0.04,0.4,0,0,0.19,0.39,0,2.07,0.16,4.25,4.89,0.47,0.1,0.06,0,0.25,0.13,0.09,0,0.05,0.02,0.05,0,0,0.13,0,0.56,0.49,0,0.73,0,0.1,0,5.46,0.07,0.07,12.14,0,0,0.21,0.76,0,0,0,0,0,0.21,0,0.97,0,4.57,0,1.79,9.78,14.09,25.53,2.61,18.41,0.38,0.05,2.02,0.27,0.36,0.54,0.87,36.98,2.65,2021-VA-198,2021,202102,Y-01,3275.678977,0.012722531027151,29974.354881600706,94,24,1,45.89,9.41,38,0.2848,0.0522,1,62.99652,-168.20091,40,0.8,8,NBS,12
4.3,0.05,0.07,0.23,0.07,0.99,0,0.35,0.26,0,15.22,0.06,0,17.49,0.22,0.84,0.74,0.62,0.5,0,0.4,0.37,0.46,0.78,3.87,0.39,5.83,5.3,0.54,0.07,0.04,0,0.78,0.47,0.34,0,0.36,0.12,1.84,0.29,0,3.02,6.18,0,7.8,0,0.57,0,0.19,0,3.27,0.1,0,26.34,0,2.04,0.98,0.57,0,1.27,0,0,0,0.65,0,2.16,0.03,7.86,0,3.85,27.45,47.91,51.92,1.89,41.9,0.3,0.06,17.57,0.9,1.15,0.31,1.1,9.51,3.35,2021-VA-199,2021,202102,BB-01,10921.38004,0.012448021885992,111937.40039676658,94,29,2,42.74,0,24,0.3108,0.0784,0,64.0101,-168.3144,37,0.7,9,NBS,13
5.99,0.16,0.42,0.8,0.39,1.52,0,0.88,0.47,0,26.29,0,0,21.52,0.5,2.21,1.87,3.38,1.26,0,1.01,0,1.05,2.01,8.03,1.2,24.67,20.56,1.77,0.64,0,0,2.21,1.52,0.51,0,1.2,0.25,2.09,1.02,0,1.32,7.36,3.95,14.24,0,0,2.2,0,0.11,4.25,0,0.69,40.31,0.59,0.93,1.4,2.47,0.79,2.04,0,0,0,0.93,0,4.63,0.11,13.31,0.59,8.14,50.66,102.23,86.71,1.71,63.64,0.33,0.13,30.36,2.46,0.82,0.74,1.2,10.31,3.03,2021-VA-2,2021,202101,N-20,38333.052856,0.0145007528107365,2827.4394119485437,94,104,1,80.83,16.55,200,0.3421,0.0835,1,59.32582,-169.88594,61,3.1,3,EBS,6
7.24,0.19,0.24,0.56,0.41,1.56,0,0.69,0.52,0,27.66,0,0,26.61,0.55,1.83,1.55,3.86,1.06,0,1,0,1.19,2.49,7.05,1.22,20.3,15.31,1.72,0.37,0.12,0,2.71,0.95,0.58,0,1.08,0.44,2.63,0.29,0,1.41,5.39,2.67,10.17,0,0,1.43,0.22,0.1,3.81,0,0.72,43,0.23,0.73,1.18,1.8,0.68,1.57,0,0,0,0.88,0,4.42,0.09,13.23,0.46,7.11,50.74,88.73,88.69,1.75,67.03,0.31,0.13,21.94,3.16,0.96,0.83,1.33,10.13,3.25,2021-VA-20,2021,202101,O-20,4106.894747,0.01471867465374735,5774.976483929491,94,103,1,72.15,12.9,134,0.3177,0.0928,0,59.6737,-169.91835,57,3.1,3,EBS,6
11.78,0.11,0.37,0.75,0.4,2.02,0,0.99,0.56,0,41,0.19,0,45.98,0.57,2.15,2.12,2.57,1.03,0,1.02,1.23,0.54,2.43,10.08,0.76,31.2,20.07,1.3,0.18,0.08,0,1.99,0.9,0.6,0,0.93,0.04,4.37,0.51,0,0,16.77,0,18.16,0,1.59,0,0.36,0.05,5.51,0.43,0,48.36,0,5.33,1.93,1.24,0.88,2.04,0.08,0,0,1.35,0.08,5.88,0,16.69,0,10.21,73.04,145.29,99.26,1.36,76.48,0.35,0.07,43.44,2.03,1.12,0.7,1.55,10.51,2.9,2021-VA-200,2021,202102,AA-18,5030.877193,0.0128600130093435,143247.78199381015,94,25,2,54.78,0,50,0.3219,0.0972,0,63.68096,-168.96346,36,1.5,8,NBS,12
2.92,0.13,0.08,1.27,0.82,0.97,0,1.53,0.8,0,16.39,0.09,0,13.84,0.5,2.61,3.58,1.34,0.66,0,0.16,0.75,0.31,0.27,4.84,0.5,14.22,12.83,1.18,0.51,0.03,0,2.32,0.64,0.1,0,0.48,0.27,0.68,0.21,0,1.16,4.44,2.93,5.1,0,1.13,0,0.18,0,2.41,0.17,0.34,15.48,0,0.83,1.1,0.62,0.52,1.07,0,0,0,0.66,0,3.69,0,6.2,0,12.34,36.53,59.52,39.84,1.09,28.3,0.4,0.06,15.03,2.59,0.84,0.35,1.11,20.47,2.5,2021-VA-201,2021,202102,Y-01,3275.678977,0.012722531027151,29974.354881600706,94,24,2,42.89,0,NA,0.3274,0.0743,0,62.99652,-168.20091,40,0.8,8,NBS,12
6.94,0.1,0.3,1.04,0.52,1.89,0,1.12,0.9,0,42.1,0.12,0,39.23,0.56,2.37,2.55,0.86,1.26,0,0.71,1.74,0,1.14,10.47,0,45.69,30.47,1.64,0,0.08,0,3.26,1.41,0.69,0,0.94,0.34,2.59,0.33,0,2.53,10.25,5.42,20.08,0,0,2.18,0.29,0,7.54,0.45,0,42.95,0,1.52,1.58,1.96,0.86,3.07,0.09,0,0.12,1.09,0,5.53,0.07,18.61,0,12.13,71.32,160.56,97.67,1.37,73.09,0.43,0.03,40.81,3.6,0.93,0.22,1.5,15.14,2.31,2021-VA-202,2021,202102,BB-19,15775.111434999999,0.0118874563416939,361173.59900967753,94,27,2,50.43,0,42,0.3185,0.1057,0,63.98062,-169.77538,35,2.7,9,NBS,13
10.37,0.06,0.32,0.48,0.14,1.78,0,0.63,0.62,0,49.17,0.2,0,54.18,0.52,1.86,1.37,2.06,1.14,0,1.68,1.31,0.6,4.25,11.4,0.69,40.55,31.74,1.86,0,0.1,0,2.27,1.66,0.77,0,0.69,0.04,6.16,0.48,0,1.64,4.17,0,20.62,0,1.87,0,0.34,0.05,5.64,0.43,0,56.97,0,1.27,0.79,1.34,0.57,2.15,0,0,0,1.03,0,5.91,0.05,17.94,0,8.18,79.11,159.55,115.25,1.46,89.69,0.31,0.08,28.18,2.31,1.1,0.62,1.28,8.8,3.18,2021-VA-203,2021,202102,AA-18,5030.877193,0.0128600130093435,143247.78199381015,94,25,2,55.97,0,54,0.3025,0.109,0,63.68096,-168.96346,36,1.5,8,NBS,12
8.07,0.05,0.23,0.6,0.22,1.9,0,0.68,0.6,0,31.47,0.08,0,38.17,0.51,2.01,1.6,2.36,1.04,0,0.85,1.4,0.8,1.64,8.32,0.58,27.79,23.21,2,0.19,0.14,0,2.08,1.39,0.62,0,0.77,0.25,3.16,0.37,0,1.9,6.93,6.04,20.33,0,2.16,0,0.33,0,6.45,0.39,0,45.46,0,1.49,1.66,2.03,0.74,2.98,0,0,0,1.14,0,6.72,0,14.77,0,9.02,56.58,132.65,97.5,1.72,73.46,0.32,0.07,38.5,2.33,1.21,0.53,1.2,12.07,3.08,2021-VA-204,2021,202102,BB-19,15775.111434999999,0.0118874563416939,361173.59900967753,94,27,2,47.69,0,34,0.1961,0.0596,0,63.98062,-169.77538,35,2.7,9,NBS,13
10.16,0.07,0.21,0.86,0.31,2.23,0,1.07,1.33,0,42.68,0.15,0,38.16,0.78,2.43,2.37,0,1.38,0,0.62,1.39,1.75,0.99,9.46,0.88,25.84,26.52,2.37,0.25,0.11,0,2.23,1,0.67,0,0.67,0.18,1.8,0.46,0,0,14.01,0,16.31,0,1.87,0,0.33,0.09,7.84,0.41,0,54.61,0,3.85,1.87,1.71,0.37,1.91,0,0,0,1.54,0,7.15,0.09,26.88,0,12,74.54,134.3,113.37,1.52,92.78,0.49,0.04,37.75,2.41,0.89,0.47,0.97,21.15,2.03,2021-VA-205,2021,202102,AA-18,5030.877193,0.0128600130093435,143247.78199381015,94,25,1,52.26,8.86,52,0.2769,0.0782,0,63.68096,-168.96346,36,1.5,8,NBS,12
7.71,0.07,0.23,0.56,0.21,1.63,0,0.73,1.09,0,36.22,0.27,0,48.53,0.53,2.07,1.69,1.43,0.83,0,1,0.95,0.88,1.83,7.71,0.89,20.98,23.52,1.41,0.16,0.15,0,1.62,1.51,0.53,0,0.99,0.15,3.32,0.54,0,1.85,5.92,3.38,14.82,0,1.48,0,0.48,0,4.82,0.29,0,50.18,0,1.05,1.44,1.14,0.56,1.47,0,0,0,1.06,0,8.14,0.08,16.54,0,8.93,60.58,125.21,100.8,1.66,81.34,0.33,0.06,27.75,1.76,1.34,0.48,0.89,14.61,3.03,2021-VA-206,2021,202102,BB-19,15775.111434999999,0.0118874563416939,361173.59900967753,94,27,2,42.05,0,26,0.3057,0.0851,0,63.98062,-169.77538,35,2.7,9,NBS,13
5.86,0.15,0.12,0.27,0.1,2.2,0,0.74,0.31,0,35.38,0.13,0,39.27,0.45,1.8,1.34,1.31,1.29,0,0.97,1.11,0.79,1.57,7.8,1.12,14.99,19.48,0.82,0.11,0.04,0,1.59,1.27,0.55,0,0.61,0.13,3.33,0.44,0,0.57,12.56,0,18.66,0,0.85,0,0.27,0.05,5.36,0.13,0,42.65,0.04,0.73,1.38,0.83,0.38,1.69,0,0,0,1.3,0.06,4.42,0.1,13.12,0,7.86,57.41,111.77,83.39,1.45,65.19,0.31,0.06,34.16,1.72,1.11,0.54,0.77,11.79,3.25,2021-VA-207,2021,202102,AA-18,5030.877193,0.0128600130093435,143247.78199381015,94,25,1,55.14,10.81,70,0.3219,0.098,1,63.68096,-168.96346,36,1.5,8,NBS,12
0.38,0.05,0,0.06,0.04,0.14,0,0.09,0.87,0.02,6.79,0.03,0,3.1,0.09,0.32,0.57,0.12,0.36,0,0,0.32,0.85,0,2.81,0.2,5.93,6.73,0.69,0.12,0.05,0,0.37,0.18,0.07,0,0,0.02,0.12,0.12,0,0.25,0.54,0.72,0.5,0,0.63,0,0.08,0,4.88,0,0.12,14.41,0,0.15,0.35,0.87,0,0,0,0,0,0.34,0,1.69,0.13,10.65,0,2.4,12.63,20.32,34.96,2.77,28.11,0.74,0.09,3.13,0.39,0.46,0.82,0.88,25.76,1.35,2021-VA-208,2021,202102,Y-18,1965.704115,0.0130325869358487,79948.30689630446,94,23,2,42.8,0,26,0.3027,0.0417,0,62.86545,-168.82581,40,-0.2,8,NBS,12
9.78,0.09,0.28,0.58,0.27,1.98,0,0.84,0.49,0,39.91,0.18,0,54.24,0.54,1.78,1.48,3.14,0.84,0,1.41,0.93,0.53,3.5,8.85,0.78,25.47,21.59,0.91,0.16,0.06,0,1.87,1.43,0.71,0,0.76,0.03,6.12,0.46,0,2.52,11.29,0,19.06,0,1.48,0,0.47,0,5.03,0.34,0,57.41,0,0.91,1.34,1.07,0.65,2.71,0,0,0,1.02,0.13,5.17,0,13.08,0,8.36,66.91,138.75,110.03,1.64,85.32,0.23,0.08,33.68,1.9,1.36,0.61,1.18,8.86,4.39,2021-VA-209,2021,202102,BB-19,15775.111434999999,0.0118874563416939,361173.59900967753,94,27,2,52.2,0,44,0.3038,0.1046,0,63.98062,-169.77538,35,2.7,9,NBS,13
2.97,0.11,0.09,0.49,0.89,0.95,0,0.85,0.25,0,11.5,0,0,8.73,0.37,1.39,1.51,1.28,0.99,0,0.67,0,0.9,0.57,4,0.72,7.57,7.85,0.95,0.37,0,0,1.05,0.69,0.33,0,0.54,0.12,0.64,0.16,0,1.56,3.22,1.1,4.43,0,0,0.92,0,0.07,2.8,0,0.27,18.81,0.28,0.43,0.51,0.78,0.32,0.68,0,0,0,0.5,0,2.32,0.11,7.84,0.48,6.31,26.35,37.58,42.98,1.63,32.45,0.42,0.14,10.47,1.18,0.76,0.67,0.96,13.72,2.4,2021-VA-21,2021,202101,L-20,4901.876082,0.0131611532165982,21882.580900037585,94,106,1,90.17,17.64,270,0.3175,0.0761,0,58.66873,-169.78651,67,3.7,3,EBS,6
11.26,0.11,0.39,1.06,0.52,2.11,0,1.23,1.09,0,40,0.15,0,42.12,0.76,2.87,2.73,0,1.16,0,1.1,1.5,0.41,2.89,9.34,0.74,31.85,24.48,2.73,0,0.12,0,2.54,1.08,0.64,0,0.99,0.06,3.38,0.37,0,0,15.26,0,17.59,0,1.61,0,0.33,0,5.7,0.61,0,48.53,0,2.62,1.85,1.33,0.59,1.72,0.1,0,0,1.13,0,8.72,0,16.5,0,13.11,73.49,143.37,99.11,1.35,78.31,0.34,0.05,38.65,2.6,1.05,0.48,1.3,12.46,2.94,2021-VA-210,2021,202102,AA-18,5030.877193,0.0128600130093435,143247.78199381015,94,25,2,46.9,0,34,0.2874,0.0925,0,63.68096,-168.96346,36,1.5,8,NBS,12
10.72,0.07,0.27,0.43,0.14,1.91,0,0.69,0.41,0,38.52,0.39,0,42.6,0.65,1.92,1.46,1.27,1.03,0,0.99,1.2,1.13,1.88,9.18,1.56,27.02,19.93,1.86,0.14,0.1,0,1.77,1.07,0.57,0,0.9,0.16,3.42,0.42,0,0,14.82,0,21.79,0,1.41,0,0,0,5.48,0.44,0,59.35,0,1.56,1.82,1.3,0.96,1.9,0,0,0,1.04,0,6.55,0,16.57,0,8.17,66.48,136.92,107.38,1.62,87.62,0.28,0.06,41.3,1.93,1.11,0.63,1.36,12.46,3.58,2021-VA-211,2021,202102,AA-18,5030.877193,0.0128600130093435,143247.78199381015,94,25,2,51.49,0,44,0.3162,0.0936,0,63.68096,-168.96346,36,1.5,8,NBS,12
4.47,0.12,0.2,0.73,0.41,1.64,0,1.06,0.64,0,21.06,0.11,0,24,0.55,1.95,2,0.77,0.76,0,0.39,0.66,0.61,0.66,5.24,0.71,10.28,10.91,0.83,0.12,0.07,0,1.25,0.89,0.3,0,0.6,0.12,2.01,0.25,0,1.87,7.77,0,11.91,0,0.96,0,0.29,0,3.66,0.16,0.63,28.19,0,0.5,0.99,0.78,0.62,1.32,0,0,0,0.65,0,4.11,0,8.8,0,9.1,40.1,70.32,59.2,1.48,46.49,0.31,0.05,21.94,1.37,1.14,0.33,0.94,11.96,3.2,2021-VA-212,2021,202102,Y-01,3275.678977,0.012722531027151,29974.354881600706,94,24,2,43.04,0,28,0.1762,0.0424,0,62.99652,-168.20091,40,0.8,8,NBS,12
9.41,0.13,0.28,1.42,0.81,2.33,0,1.77,0.8,0,42.25,0.12,0,50.75,0.77,2.95,3.9,2.99,1.31,0,1.24,1.57,0,2.82,10.28,0.62,27.72,24.81,1.55,0,0.06,0,3.3,1.71,0.81,0,1.19,0.15,5.85,0.42,0,0,15.67,0,21.51,0,0,2.13,0,0,6.06,0.54,0,54.42,0,1.43,2.18,1.14,0.5,1.46,0.1,0,0.1,1.13,0,5.66,0.03,17.06,0,15.55,77.39,150.11,109.69,1.42,83.78,0.31,0.07,41.92,3.46,1.2,0.52,1.12,8.67,3.19,2021-VA-213,2021,202102,AA-18,5030.877193,0.0128600130093435,143247.78199381015,94,25,2,55.21,0,56,0.3398,0.112,0,63.68096,-168.96346,36,1.5,8,NBS,12
11.29,0.04,0.15,0.36,0.1,1.46,0,0.46,0.43,0,26.45,0.11,0,37.16,0.44,1.11,0.94,2.17,0.55,0,0.8,0.52,0.35,2.16,5.51,0.54,11.12,10.27,1.37,0.09,0.07,0,1.11,0.97,0.53,0,0.75,0.33,3.98,0.47,0,1.04,13.44,0,11.69,0,0.8,0,0.35,0,3.74,0.23,0,40.14,0,7.98,0,1.26,0,0.82,0,0,0,0.89,0,3.6,0,10.77,0,5.39,48.71,96.15,76.06,1.56,60.44,0.27,0.08,34.37,1.44,1.4,0.59,1.08,9.33,3.73,2021-VA-214,2021,202102,BB-01,10921.38004,0.012448021885992,111937.40039676658,94,29,2,42.12,0,22,0.2373,0.0643,0,64.0101,-168.3144,37,0.7,9,NBS,13
5.65,0,0.11,0.18,0.09,0.87,0,0.38,0.46,0,15.91,0.09,0,14.47,0.25,1.15,0.81,0,1.56,0.39,0.7,0,0.37,0.57,3.72,0.33,10.59,7.93,0.17,0.84,0.14,0,0.66,0.22,0,0,0,0,0.86,0.51,0,1.48,5.46,2.86,8.89,0,0,0,0,0,2.78,0.12,0,20,0,2.79,1.37,1.72,0.39,0.67,0.89,0,0,0.2,0,3.23,0,8.73,0,4.32,31.17,57.9,42.51,1.36,35.67,0.44,0.05,23.11,0.66,0.91,0.42,1.34,16.92,2.29,2021-VA-215,2021,202102,AA-18,5030.877193,0.0128600130093435,143247.78199381015,94,25,2,43.97,0,28,0.1942,0.0525,0,63.68096,-168.96346,36,1.5,8,NBS,12
11.88,0.07,0.35,0.61,0.21,2.17,0,0.75,0.46,0,52.76,0.25,0,57.65,0.57,2.3,1.78,3.5,1.38,0,1.92,1.7,0.02,4.79,13.83,0,54.13,36.55,1.93,0,0.18,0,3.05,1.51,0.9,0,1.23,0.16,6.46,0.36,0,0,10.53,8.65,24.07,0,2.59,0,0.38,0,6.96,0.94,0,61.54,0,1,1.97,0.81,0.72,2.85,0.19,0,0,1.55,0,7.6,0,19.99,0,9.96,88.17,200.17,129.36,1.47,96.89,0.32,0.08,47.04,3.2,1.09,0.74,1.48,8.92,3.08,2021-VA-216,2021,202102,BB-19,15775.111434999999,0.0118874563416939,361173.59900967753,94,27,2,55.59,0,54,0.2946,0.115,0,63.98062,-169.77538,35,2.7,9,NBS,13
2.24,0.13,0.04,0.7,0.49,0.92,0,0.99,0.75,0,13.16,0.11,0,11.98,0.49,1.75,1.97,0.5,0.64,0,0.22,0.43,0.56,0.36,3.94,0.64,5.83,7.11,0.67,0.1,0.05,0,0.78,0.4,0.11,0,0.38,0.15,0.97,0.23,0,1.9,3.69,0,3.17,0,0.99,0,0.2,0,3.98,0.14,0,24.77,0,0.4,0.24,0.48,0.24,0.59,0,0,0,0.47,0,3.91,0,7.5,0,8,27.69,35.38,49.39,1.78,39.89,0.3,0.06,7.98,0.93,0.91,0.33,0.82,12.32,3.3,2021-VA-217,2021,202102,Y-01,3275.678977,0.012722531027151,29974.354881600706,94,24,2,41.63,0,NA,0.3034,0.0554,0,62.99652,-168.20091,40,0.8,8,NBS,12
4.6,0.1,0.12,0.74,0.43,1.38,0,1.05,0.68,0,22.44,0.14,0,19.89,0.48,1.97,1.94,0.51,0.81,0,0.37,0.69,0.65,0.6,6.07,0.79,15.3,13.15,1.18,0.13,0.07,0,1.31,0.73,0.3,0,0.46,0.15,1.22,0.44,0,2.84,5.2,3.38,9.89,0,1.15,0,0.15,0,3.79,0.2,0.46,26.75,0,0.86,1,0.93,0.37,0.68,0,0,0,0.71,0,4.87,0,10.44,0,8.88,42.22,73.13,59.21,1.4,47.58,0.39,0.05,21.26,1.46,0.89,0.28,1.16,16.37,2.56,2021-VA-218,2021,202102,Y-01,3275.678977,0.012722531027151,29974.354881600706,94,24,2,43.57,0,30,0.3138,0.0653,0,62.99652,-168.20091,40,0.8,8,NBS,12
3.39,0.05,0.1,0.46,0.24,1.19,0,0.64,0.71,0,18.79,0.12,0,13.16,0.38,2.08,1.55,0,0.96,0,0,1.17,0.86,0.12,7.39,0.48,20.09,14.74,1.75,0,0.08,0,1.64,0.82,0.41,0,0.55,0.28,0.55,0.17,0,4.79,5.22,6.23,12.99,0,2.38,0,0.19,0,6.04,0.5,0,27.67,0,2.07,1.65,1.36,1.37,1.6,0,0,0,0.87,0,6.32,0,13.1,0,8.03,37.44,81.51,70.31,1.88,54.07,0.47,0.03,29.52,1.93,0.7,0.1,1.36,23.73,2.11,2021-VA-219,2021,202102,Y-01,3275.678977,0.012722531027151,29974.354881600706,94,24,2,43.68,0,26,0.1234,0.0272,0,62.99652,-168.20091,40,0.8,8,NBS,12
10.64,0.26,0.28,0.73,0.66,1.8,0,0.99,0.55,0,35.48,0,0,35.13,0.79,2.66,1.95,4.69,1.19,0,2.65,0,1.25,4.01,9.09,1.08,23.6,21.6,1.58,0.77,0.15,0,2.14,1.96,0.51,0,1.51,0.52,4.34,1.68,0,1.38,6.2,3.78,13.13,0,0,1.45,0.23,0.09,3.48,0,1.16,58.98,0.64,0.54,1.38,1.85,0.85,1.85,0,0,0,1.36,0.12,4.89,0.12,15.79,0.64,9.33,66.83,112.34,116.95,1.75,88.43,0.27,0.15,26.88,2.66,0.99,0.89,1.09,8.09,3.74,2021-VA-22,2021,202101,L-21,5266.087708,0.013591330854816,7725.512764100944,94,128,1,86.6,16.53,240,0.3107,0.1031,0,58.662350000000004,-170.43126,74,3.1,3,EBS,6
10.97,0.13,0.3,0.9,0.56,2.31,0,1.25,0.77,0,51.11,0.3,0,58.65,0.77,2.75,2.58,3.69,1.26,0,1.43,1.46,0.32,3.1,12.06,1.68,38.13,23.47,1.58,0.21,0.11,0,2.6,1.23,0.73,0,0.93,0.04,7.45,0.39,0,0,15.98,0,21.29,0,2.07,0,0.44,0,7.31,0.61,0,66.38,0,1.45,2.34,1.44,0.64,1.59,0.16,0,0,1.35,0.04,8.75,0,20.01,0,12.56,86.64,169.04,131.36,1.52,103.76,0.3,0.07,42.49,2.64,1.15,0.63,1.62,7.88,3.32,2021-VA-220,2021,202102,Y-18,1965.704115,0.0130325869358487,79948.30689630446,94,23,1,51.04,8.41,NA,0.3005,0.1095,0,62.86545,-168.82581,40,-0.2,8,NBS,12
9.29,0.24,0.39,2.27,1.33,2.01,0,2.32,1.38,0,37.66,0.28,0,35.51,1.15,3.51,4.73,0,1.27,0,0.36,2.26,0,0.42,7.84,0.89,30.6,23.79,2.16,0.21,0.09,0,3.52,1.2,0.26,0,1.19,0.45,1.18,0.45,0,1.29,16.53,0,10.21,0,1.79,0,0.3,0,6.4,0.64,0,35.67,0,5.18,1.61,0.46,1,2.13,0.06,0,0,1.09,0.1,8.49,0,16.11,0,19.81,73.84,131.22,84.2,1.14,63.99,0.45,0.01,33.99,3.97,0.94,0.08,1.29,30.06,2.21,2021-VA-222,2021,202102,AA-01,11182.124596,0.01286217779296725,98455.95593402667,94,30,2,43.59,0,30,0.3279,0.0954,0,63.68902,-168.26882,33,0.9,8,NBS,12
4.66,0.05,0.11,0.58,0.22,1.22,0,0.68,0.51,0,25.32,0.07,0,26.4,0.36,1.61,1.71,0.77,0.74,0,0.49,0.82,0,0.97,5.82,0.35,21.34,16.55,1.38,0,0.07,0,1.73,0.86,0.46,0,0.71,0.05,2.61,0.36,0,0,6.44,3.99,11.92,0,2.21,0,0.27,0,4.63,0.4,0,33.22,0,2,1.72,1.56,0.62,1.45,0.1,0,0,1.01,0.06,4.74,0.03,14.78,0,7.35,43.14,95.01,72.56,1.68,55.96,0.44,0.04,27.63,1.77,1.04,0.33,1.29,10.13,2.25,2021-VA-225,2021,202102,BB-01,10921.38004,0.012448021885992,111937.40039676658,94,29,2,45.26,0,30,0.233,0.0673,0,64.0101,-168.3144,37,0.7,9,NBS,13
5.04,0.1,0.23,0.82,0.53,1.51,0,0.95,0.76,0,30.78,0.13,0,32.53,0.6,1.86,2.16,0.6,1.13,0,0.44,1.56,1.04,0.63,6.67,0.75,23.31,19.17,1.19,0.14,0.09,0,1.98,0.7,0.22,0,0.88,0.22,1.47,0.24,0,0,7.93,0,10.14,0,1.27,0,0.2,0,5.63,0.29,0,35.17,0,0.72,0.79,0.76,0.48,1.8,0,0,0,0.82,0,5.76,0,13.21,0,10.15,52.32,99.95,73.13,1.4,57.15,0.38,0.04,20.34,2.19,1.06,0.47,1.22,22.09,2.66,2021-VA-226,2021,202102,ZZ-01,1314.156903,0.012980339992422,191392.1485454441,94,31,1,53.5,8.72,52,0.3115,0.0947,0,63.37205,-168.28373,29,0.4,8,NBS,12
7.93,0.13,0.29,1.16,0.77,1.99,0,1.33,1.05,0,34.54,0.2,0,34.43,0.82,2.65,2.69,0,1.18,0,0.39,1.74,1.09,0.66,8.97,0,35.73,21.8,1.92,0.19,0.13,0,3.18,0.77,0.21,0,0.95,0.88,2.05,0.19,0,0,14.18,0,11.93,0,2.2,0,0.32,0,7.2,0.76,0,38.63,0,2.41,1.34,1.14,0.58,1.4,0.1,0,0,1.13,0,9.37,0,24.12,0,13.38,64.4,128.11,96.32,1.5,77,0.62,0.03,30.99,4.06,1,0.25,1.64,16.81,1.6,2021-VA-228,2021,202102,ZZ-01,1314.156903,0.012980339992422,191392.1485454441,94,31,1,50.44,8,42,0.3222,0.1131,0,63.37205,-168.28373,29,0.4,8,NBS,12
5.45,0.16,0.69,1.07,1.78,1.29,0,1.4,0.36,0,25.15,0,0,21,0.59,2.51,2.59,2.71,1.2,0,0.58,0,1.45,1.02,8.15,1.36,23.32,21.68,1.82,0.7,0.16,0,2.19,1.55,0.47,0,1.33,0.18,1.55,0.25,0,2.11,8.78,3.82,12.04,0,0,1.86,0,0.16,4.4,0,0.7,33.71,0.66,1.07,1.7,2.54,0.78,1.71,0,0,0,1.15,0,3.95,0.13,11.42,1.21,11,52.05,102.33,75.24,1.45,55.07,0.34,0.11,29.95,2.36,0.84,0.59,1.08,13.55,2.95,2021-VA-23,2021,202101,M-20,9284.736035,0.0137065999703787,15612.91643897647,94,105,1,88.71,16.85,248,0.3207,0.0898,0,58.99643,-169.83571,63,3.5,3,EBS,6
5.76,0.06,0.12,0.53,0.17,1.66,0,0.79,0.74,0,25,0.14,0,25.39,0.46,1.67,1.76,1.63,1.05,0,0.61,0.92,1.05,0.96,6.71,1.16,14.12,13.72,1.05,0.11,0.08,0,1.59,0.74,0.27,0,0.83,0.14,3.11,0.4,0,1.26,9.66,0,13.62,0,1.71,0,0.3,0,4.79,0.48,0,39.83,0,1.07,1.08,1.41,0.94,1.31,0.08,0,0,0.95,0,5.76,0,15.73,0,8.24,45.89,84.04,84.57,1.84,67.45,0.4,0.08,26.84,1.73,1.02,0.5,1.03,8.15,2.53,2021-VA-231,2021,202102,BB-02,15830.890916,0.0127300904224098,244666.83005778698,94,34,1,47.86,7.88,38,0.3128,0.0881,0,64.029,-167.56952,35,3.5,9,NBS,13
6.95,0.14,0.28,1.13,0.79,2.03,0,1.31,0.99,0,30.63,0.2,0,34.33,0.79,2.59,2.87,1.85,1.21,0,0.68,1.63,1.22,0.96,7.02,1.09,22.01,18.28,1.32,0.16,0.1,0,2.37,0.73,0.51,0,1.1,0.2,1.74,0.33,0,1.5,9.22,0,11.55,0,1.69,0,0.32,0,6.67,0.34,0,39.04,0,1.5,1.34,1.09,1.11,3.67,0,0,0,1.08,0,6.03,0,15.1,0,13.33,57.65,104.79,88.31,1.53,65.16,0.39,0.07,24.7,2.57,1.12,0.55,1.2,19.77,2.58,2021-VA-235,2021,202102,ZZ-01,1314.156903,0.012980339992422,191392.1485454441,94,31,1,50.34,8.43,50,0.2886,0.0857,0,63.37205,-168.28373,29,0.4,8,NBS,12
19.8,0.1,0.28,0.77,0.24,2.88,0,0.98,1,0,54.45,0.3,0,76.63,0.85,2.83,2.07,5.32,1.36,0,2.36,1.37,0.78,6.5,12.72,1.01,27.13,23.88,3.38,0.25,0.16,0,2.75,1.53,1.09,0,1.38,0.04,11.1,0.94,0,0,20.96,0,21.11,0,2.69,0,0.62,0,9.52,0.68,0,89.09,0,3.08,0.6,1.07,0,0.69,0.05,0,0.07,1.45,0,8.69,0.04,25.07,0,12.14,99.25,181.9,172.57,1.74,135.5,0.28,0.1,46.81,2.79,1.41,0.79,1.14,6.9,3.55,2021-VA-236,2021,202102,BB-01,10921.38004,0.012448021885992,111937.40039676658,94,29,2,45,0,28,0.2932,0.0791,0,64.0101,-168.3144,37,0.7,9,NBS,13
8.02,0.04,0.22,0.31,0.12,1.26,0,0.44,0.18,0,26.81,0.1,0,38.75,0.34,0.97,0.84,1.96,0.41,0,0.97,0.59,0.09,2.53,4.76,0.38,16.29,9.68,0.54,0.08,0.04,0,0.93,0.54,0.44,0,0.63,0.27,3.76,0.29,0,0,8.5,0,10.47,0,0.58,0,0.26,0,2.61,0.16,0,34.71,0,2.75,0.97,0.56,0.23,0.47,0,0,0,0.57,0.09,3.1,0,9.94,0,4.7,44.16,90.22,65.16,1.48,52.11,0.29,0.08,23.25,1.2,1.45,0.8,1.68,10.32,3.49,2021-VA-237,2021,202102,BB-01,10921.38004,0.012448021885992,111937.40039676658,94,29,2,41.78,0,24,0.2999,0.1003,0,64.0101,-168.3144,37,0.7,9,NBS,13
9.52,0.31,0.45,0.82,1.1,1.81,0,1.13,0.68,0,36.49,0,0,34.66,0.71,2.62,2.01,3.91,1.09,0,2.26,0,1.43,4,9.94,0.91,26.76,21.41,1.54,0.77,0,0,2.1,1.99,0.57,0,1.41,0.55,4.66,1.62,0,1.77,6.57,4.8,14.24,0,0,1.59,0.26,0.18,3.18,0,1.1,62.95,0.86,0.71,1.44,3.95,1.02,1.75,0,0,0,1.14,0,4.19,0.17,18.27,1.17,10.17,68.74,120.11,121.7,1.77,94.92,0.29,0.14,31.73,2.65,0.95,0.79,1.25,7.43,3.45,2021-VA-24,2021,202101,K-20,6400.780089,0.01297932976006425,7088.193435309142,94,107,1,93.29,17.1,NA,0.3308,0.0975,0,58.33916,-169.72913,69,3.1,3,EBS,6
4.27,0.04,0.54,0.59,0.16,1.47,0,0.72,0.64,0,29.38,0.17,0,22.91,0.39,1.95,1.63,1.07,1.15,0,0.29,1.36,1.12,0.46,7.3,0.78,24.87,18.3,1.38,0,0.12,0,1.51,0.62,0.46,0,0.72,0.18,1.08,0.37,0,0,9.4,0,11.89,0,1.73,0,0.12,0,5.94,0.38,0,32.29,0,1.02,0.85,1.1,0.72,1.79,0,0,0,0.94,0,5.98,0,14.52,0,8.53,49.31,94.95,72.4,1.47,55.55,0.45,0.05,24.25,1.69,0.78,0.58,1.36,21.31,2.22,2021-VA-240,2021,202102,BB-02,15830.890916,0.0127300904224098,244666.83005778698,94,34,1,50.33,8.65,NA,0.3812,0.1097,0,64.029,-167.56952,35,3.5,9,NBS,13
5.31,0.14,0.35,1.06,1,1.39,0,1.24,0.43,0,21.55,0,0,16.6,0.56,2.28,2.28,2.81,1.07,0,1.09,0,0.86,0.69,7.13,1.39,17.59,14.46,1.72,0.57,0.15,0,1.77,1.17,0.39,0,1.13,0.21,1.09,0.27,0,1.57,7.63,2.52,9.06,0,0,1.75,0.25,0.11,4.14,0,0.4,26.65,0.33,0.88,1.06,1.97,0.8,1.36,0,0,0,0.94,0,4.03,0.12,10.73,0.73,9.7,45.46,77.09,64.25,1.41,45.55,0.4,0.12,23.13,1.98,0.77,0.7,1.22,15.28,2.48,2021-VA-25,2021,202101,L-20,4901.876082,0.0131611532165982,21882.580900037585,94,106,1,80.61,15.91,200,0.3315,0.0947,0,58.66873,-169.78651,67,3.7,3,EBS,6
7.15,0.29,0.2,0.9,2.08,1.49,0,1.2,0.97,0,27.49,0,0,26.58,0.68,2.23,2.48,3.81,1.12,0,0.93,0,1.79,2.96,9.13,0.94,19.52,17.79,1.39,0.65,0,0,2.14,2.02,0.66,0,1.3,0.5,3.41,0.39,1.45,0,7.81,4.31,13.95,0,0,1.94,0.31,0.31,4.93,0,1.02,58.33,0.78,1.33,1.98,1.72,0.44,2.14,0,0,0,1.32,0,5.36,0.25,17.23,2.5,11.35,59.32,101.36,112.93,1.9,87.64,0.3,0.15,31.1,2.63,0.97,0.91,1.1,7.8,3.38,2021-VA-26,2021,202101,K-20,6400.780089,0.01297932976006425,7088.193435309142,94,107,1,94.23,19.12,318,0.1519,0.0455,0,58.33916,-169.72913,69,3.1,3,EBS,6
7.11,0.24,0.24,0.53,0.96,1.48,0,0.82,0.46,0,29.36,0,0,25.01,0.55,1.95,1.5,2.81,1.01,0,1.64,0,1.33,2.93,8.8,0.67,19.8,14.79,1.1,0.6,0,0,1.58,1.2,0.49,0,0.94,0.38,3.05,1.13,0,1.3,4.67,3.5,10.52,0,0,1.24,0.19,0.21,2.93,0,0.81,48.5,0.6,0.34,1.17,1.36,0.62,1.25,0,0,0,0.67,0,2.95,0.14,13.69,1.17,7.7,55.17,85.49,91.63,1.66,72.01,0.28,0.14,21.56,1.96,0.85,0.87,1.34,8.2,3.54,2021-VA-27,2021,202101,K-20,6400.780089,0.01297932976006425,7088.193435309142,94,107,1,91.12,18.11,NA,0.3485,0.1121,0,58.33916,-169.72913,69,3.1,3,EBS,6
12.05,0.11,0.71,1.42,3.3,2.41,0,2.3,0.27,0,65.17,0.49,0,53.28,0.83,3.99,3.8,0,3.31,2.16,4.21,0,2,2.08,15.32,2.09,67.55,43.77,0.58,2.77,1.05,0,4.52,0.79,0,0,0,0.91,2.85,1.07,1.25,0,16.53,9.03,20.07,0,0,2.84,0,0,10.12,0.47,0,65.19,0,4.6,2.86,3.22,1.28,2.82,2.28,0,0,0.19,0.18,11.3,0,30.62,2.24,19.64,116.86,230.62,146.75,1.26,115.78,0.47,0.06,56.31,5.43,0.82,0.74,1.54,18.7,2.13,2021-VA-28,2021,202101,HG2019,7205.887799,0.0133272220047582,2251.0317596037,94,113,1,86.41,15.7,220,0.3406,0.1465,0,57.17713,-169.31361,73,4.1,2,EBS,5
5.13,0.05,0.16,1.07,0.81,1.22,0,1.01,0.15,0,20.41,0,0,16.16,0.47,2.21,2.16,1.79,1.16,0,1.53,0,0.8,0.38,7.59,1.34,20.63,20.15,1.74,0.61,0.12,0,2.22,1.58,0.49,0,1.11,0.11,1.11,0.4,0,2.7,8.27,4.27,15.31,0,0,2.38,0.3,0.09,4.17,0,0.58,28.38,0.22,1.07,1.39,3.9,0.94,1.82,0,0,0,1.12,0,4.4,0.14,10.72,0.77,8.63,43.42,96.23,69.13,1.59,48.79,0.38,0.11,34.21,2.32,0.79,0.46,1.02,14.59,2.65,2021-VA-29,2021,202101,L-20,4901.876082,0.0131611532165982,21882.580900037585,94,106,1,91.6,17.72,284,0.3448,0.0859,0,58.66873,-169.78651,67,3.7,3,EBS,6
3.14,0,0.5,0.75,0.23,0.81,0,0.8,0.11,0,12.77,0,0,9.88,0.34,1.68,1.46,1.79,0.75,0,0.74,0,0.34,0.7,3.76,0.79,11.22,9.13,1.34,0.47,0,0,1.3,0.82,0.32,0,0,0.18,0.78,0.23,0,1.28,3.92,1.53,4.81,0,0,1.3,0,0.04,3.36,0,0.35,20.91,0.17,0.24,0.57,1.81,0.4,0.48,0,0,0,0.55,0,3.13,0,7.63,0.23,5.84,26.47,46.77,46.59,1.76,34.61,0.37,0.13,12.87,1.48,0.77,0.73,1.23,12.61,2.74,2021-VA-3,2021,202101,M-20,9284.736035,0.0137065999703787,15612.91643897647,94,105,1,84.45,13.96,212,0.3592,0.0853,0,58.99643,-169.83571,63,3.5,3,EBS,6
1.77,0.03,0.05,0.35,0.17,0.61,0,0.45,0.15,0,11.81,0,0,7.95,0.22,1.16,1.05,1.01,0.65,0,0.25,0,0.52,0.36,4.22,0.4,8.14,9.2,0.88,0.34,0,0,0.91,0.65,0.24,0,0.46,0.08,0.71,0.15,0,1.08,2.44,1.32,4.82,0,0,1.43,0,0.03,3.26,0,0.32,21.58,0.32,0.2,0.54,3.1,0,0.51,0,0,0,0.55,0,2.28,0,7.73,0.25,3.95,22.76,39.86,44.08,1.94,34.31,0.36,0.1,12.42,0.99,0.67,0.5,0.88,11.15,2.79,2021-VA-30,2021,202101,N-20,38333.052856,0.0145007528107365,2827.4394119485437,94,104,1,86.27,15.7,206,0.3154,0.0739,0,59.32582,-169.88594,61,3.1,3,EBS,6
2.15,0.05,0.06,0.45,0.29,0.65,0,0.68,0.35,0,9.35,0,0,6.1,0.25,1.45,1.37,1.5,0.67,0,0.65,0,0.75,0.18,3.42,0.45,6.82,6.68,0.95,0.39,0,0,0.82,0.59,0.25,0,0.36,0.12,0.24,0.13,0,0.51,2.71,1.34,3.69,0,0,0.98,0.1,0.06,3.7,0,0.2,16.81,0.17,0.93,0.83,0.83,0.26,0.58,0,0,0,0.72,0,2.72,0.1,7.33,0.62,5.23,21.2,32.65,39.47,1.86,28.69,0.44,0.16,10.33,0.93,0.65,1.02,1.02,24.93,2.29,2021-VA-31,2021,202101,C-07,6459.317972,0.0143957253812526,69.46506504648174,94,42,1,89.65,15.65,270,0.3161,0.0659,0,55.71306,-163.98506,93,3.5,NA,NA,NA
3.77,0.06,0.11,0.46,0.37,1.27,0,0.7,0.24,0,25.55,0,0,20.61,0.51,2.3,2.05,2.23,1.3,0,0.66,0,1.4,1.14,7.47,0.68,24.53,22.96,1.7,0.5,0,0,2.6,1.74,0.51,0,0.78,0.25,1.96,0.28,0,1.83,7.08,6.45,19.9,0,0,2.11,0.29,0.09,6.25,0,0.82,40.18,0.51,1.49,2.34,2.54,0.33,3.87,0,0,0,1.46,0,6.89,0.11,17.74,0.7,7.4,46.27,112.08,95.3,2.06,71.06,0.44,0.1,39.79,2.85,0.81,0.55,1.07,10.51,2.27,2021-VA-32,2021,202101,S-23,3381.863706,0.0141766848480378,1269.690353770641,94,137,1,93.86,16.29,NA,0.3066,0.0729,0,61.00118,-172.13922,64,1.7,4,EBS,9
6.85,0.3,0.28,0.95,0.86,1.91,0,1.04,1.02,0,38.77,0,0,38.3,0.9,3.02,2.13,4.51,1.65,0,1.89,0,1.17,3.11,10.18,1.71,28.67,29.98,1.82,1.35,0.1,0,2.82,2.41,0.58,0,1.3,0.35,3.14,0.37,0,1.39,10.52,4.59,20.54,0,0,1.51,0.24,0.09,3.11,0,0.84,48.12,0.41,1.4,1.71,2.67,0.3,4.21,0,0,0,1.25,0,4.95,0.15,12.79,0.83,10.92,69.33,145.25,100.42,1.45,72.73,0.27,0.12,41.43,3.16,0.99,0.86,0.96,12.21,3.76,2021-VA-33,2021,202101,M-21,2279.62811,0.01310937946425855,23265.784687334202,94,129,1,83.67,17.06,236,0.3166,0.1074,1,58.98934,-170.47748,72,2.8,3,EBS,6
7.69,0.27,0.28,1.08,1.21,1.8,0,1.18,0.81,0,36.01,0,0,35.7,0.99,3.05,2.72,4.3,1.44,0,2.39,0,0.59,4.31,9.33,1.47,27.47,24.09,1.66,1.46,0.13,0,2.65,2.23,0.53,0,1.26,0.18,3.36,1.44,1.03,0,7.63,3.92,13.2,0,0,1.39,0,0.09,3.25,0,0.95,55.15,0.43,0.6,1.38,2.89,0.65,2.26,0,0,0,0.91,0,4.56,0,13.61,1.04,11.85,68.14,123.78,106.09,1.56,78.39,0.25,0.14,29.62,2.83,0.99,0.99,1.14,10.63,4.05,2021-VA-34,2021,202101,M-21,2279.62811,0.01310937946425855,23265.784687334202,94,129,1,86.17,16.5,214,0.3256,0.1165,0,58.98934,-170.47748,72,2.8,3,EBS,6
7.18,0.19,0.17,0.55,0.36,2.31,0,0.66,0.31,0,29.01,0,0,42.92,0.64,1.79,1.92,3.17,1.49,0,3.71,0,0.94,0.71,8.82,1.38,24.06,24.2,1.76,0.33,0.1,0,3.38,1.4,0.86,0,0.92,0.65,2.06,0.51,0,1.32,8.81,6.89,21.71,0,0,3.64,0.52,0.12,5.22,0,1.46,39.58,0.33,2.11,1.95,2.89,0.83,1.78,0,0,0,0.85,0,4.97,0.13,12.51,0.86,7.9,55.19,140.69,91.1,1.65,63.48,0.32,0.11,44.36,4.03,1.48,0.76,0.99,20.79,3.16,2021-VA-35,2021,202101,S-22,118.364819,0.015047540709927,3588.626277274379,94,136,1,84.31,15.32,NA,0.3097,0.0773,0,60.97536,-171.49696,61,1.7,4,EBS,9
7.54,0.26,0.32,0.99,1.35,1.58,0,1.35,0.88,0,35.62,0,0,33.11,0.86,2.86,2.69,5.14,1.21,0,2.17,0,1.31,3.28,9.29,1.37,28.37,24.73,1.88,0.85,0.13,0,2.68,2.14,0.54,0,1.55,0.08,4.19,1.64,0,1.55,7.28,4,12.99,0,0,1.75,0.24,0.11,3.37,0,0.96,52.77,0.39,0.63,1.47,1.34,0.55,1.94,0,0,0,1.25,0,4.72,0.12,14.76,0.88,11.7,66.24,120.07,108.72,1.64,80.34,0.28,0.15,27.71,2.75,0.93,0.82,1.15,7.9,3.58,2021-VA-36,2021,202101,L-21,5266.087708,0.013591330854816,7725.512764100944,94,128,1,85.02,16.03,238,0.2986,0.0933,0,58.662350000000004,-170.43126,74,3.1,3,EBS,6
9.39,0.15,0.58,1.36,0.56,2.75,0,1.53,0.17,0,47.41,0.41,0,44.74,0.73,3.85,3,0,2.31,1.57,3.15,0,1.43,0.77,12.99,1.97,51.7,33.26,0.61,2.8,0.94,0,3.75,0.54,0,0,0,0.68,1.98,1.74,0.77,0.36,17.24,8.67,20.7,0,0,0,0,0,12.54,0.41,0,59.46,0,4.63,2.98,5.28,2.11,2.94,2.08,0,0,1.49,0,11.07,0,25.2,1.28,14.81,87.82,197.59,132.65,1.51,102.67,0.42,0.05,59.51,4.43,0.94,0.54,1.55,22.65,2.36,2021-VA-37,2021,202101,J-23,13137.891085,0.0148162613501859,6276.8871176015755,94,150,1,87.9,15.27,248,0.3821,0.137,0,58.00583,-171.59305,98,3.3,2,EBS,5
2.65,0.11,0.06,0.54,0.41,0.98,0,0.7,0.48,0,15.64,0,0,14.09,0.42,1.93,1.98,2.34,0.91,0,0.82,0,0.98,0.64,4.81,1.06,14.17,13.6,1.41,0.44,0,0,1.61,0.91,0.42,0,1.11,0.09,0.76,0.81,0,0.86,5.72,3.44,10.83,0,0,2.32,0.2,0.12,3.89,0,0.67,27.26,0.32,0.89,1.25,4.4,0.94,1.37,0,0,0,0.94,0,5.48,0.12,9.8,0.75,7.01,31.7,72.53,64.21,2.03,45.9,0.36,0.14,26.53,1.7,0.9,0.73,1.04,18.59,2.78,2021-VA-38,2021,202101,Q-22,170.51616,0.01429758415034235,29010.0268435957,94,134,1,88.7,17.99,266,0.4644,0.1218,1,60.33417,-171.33298,67,2.3,4,EBS,9
3.12,0.06,0.07,0.72,0.38,0.94,0,0.68,0.28,0,14.45,0,0,10.27,0.36,1.72,1.6,1.93,0.85,0,0.67,0.04,0.92,0.68,4.78,0.65,15.83,14.79,1.44,0.46,0,0,1.62,1.06,0.33,0,0.54,0.1,0.79,0.25,0,3.12,6.04,3.87,10.05,0,0,2.91,0,0.09,4.73,0,0.44,23.99,0.52,2.29,1.71,3.13,0.65,1.43,0,0,0,1.01,0,4.02,0,11.03,0.89,6.36,30.19,71.89,62.21,2.06,44.4,0.46,0.14,27.09,1.72,0.71,0.54,1.07,13.04,2.18,2021-VA-39,2021,202101,PO2524,2255.136388,0.01035953748238365,23553.175073203893,94,142,1,89.76,16.4,276,0.4337,0.0938,0,59.83505,-172.90544,79,2,4,EBS,9
3.92,0.09,0.23,0.57,0.29,1.03,0,0.68,0.25,0,17.15,0,0,13.76,0.31,1.64,1.37,2.09,0.81,0,0.82,0,0.71,0.9,4.72,0.85,14.67,12.36,1.16,0.42,0,0,1.44,0.9,0.31,0,0.82,0.17,0.83,0.2,0,1.61,4.8,2.38,8.97,0,0,1.48,0,0.06,2.83,0,0.35,21.55,0.27,0.47,0.84,2.35,0.65,1.05,0,0,0,0.6,0,2.85,0,8.2,0.47,5.83,32.86,64.04,50.36,1.53,36.25,0.38,0.13,19.82,1.61,0.8,0.72,1.19,16.66,2.63,2021-VA-4,2021,202101,M-20,9284.736035,0.0137065999703787,15612.91643897647,94,105,1,87.83,16.69,238,0.3229,0.0782,0,58.99643,-169.83571,63,3.5,3,EBS,6
4.59,0.17,0.13,0.41,0.39,1.44,0,0.54,0.26,0,20.14,0,0,26.09,0.51,1.43,1.65,2.3,1.18,0,0.66,0,0.92,1.02,5.96,1.15,14.89,19.18,1.45,0.25,0,0,2.26,1.02,0.55,0,0.75,0.25,1.81,0.43,0,1.17,6.82,1.81,16.81,0,0,2.62,0,0.1,4.6,0,0.82,33.78,0.47,0.91,1.12,2.47,1.02,2.32,0,0,0.91,1.26,0,4.54,0.11,11.71,0.56,6.12,38.82,94.16,76.71,1.98,55,0.35,0.09,29.94,2.51,1.3,0.6,0.78,14.43,2.89,2021-VA-40,2021,202101,S-22,118.364819,0.015047540709927,3588.626277274379,94,136,1,78.81,14.72,NA,0.3247,0.093,0,60.97536,-171.49696,61,1.7,4,EBS,9
0.25,0.02,0,0.06,0.06,0.2,0,0.12,0,0,5.75,0,0,1.98,0.07,0.41,0.36,0.13,0.69,0,0.27,0,1.01,0.02,2.97,0.32,3.51,5.5,0.63,0.15,0,0,0.39,0.2,0.13,0,0.12,0.07,0.07,0.07,0,0.22,0.69,0.53,1.29,0,0,0.81,0,0,4.5,0,0.06,13.44,0.11,0.05,0.19,0.94,0.08,0.14,0,0,0,0.32,0,1.71,0,6.27,0.13,1.21,10.99,15.98,30.04,2.73,22.85,0.47,0.15,3.69,0.46,0.34,1.13,0.64,30.32,2.14,2021-VA-41,2021,202101,S-23,3381.863706,0.0141766848480378,1269.690353770641,94,137,1,70.37,13.38,144,0.3434,0.0635,0,61.00118,-172.13922,64,1.7,4,EBS,9
2.51,0.08,0.06,0.24,0.2,0.76,0,0.38,0.17,0,11.43,0,0,9.77,0.25,1.07,1.13,1.65,0.71,0,0.55,0,0.76,0.71,3.35,0.83,9.71,6.9,0.86,0.14,0,0,0.97,0.51,0.28,0,0.61,0.07,0.68,0.6,0,1.54,2.57,1.08,4.36,0,0,0.78,0.09,0.04,3.91,0,0.42,24.67,0.57,0.33,0.73,2.09,0.48,0.59,0,0,0,0.78,0,3.34,0.06,8.31,0.44,3.94,22.68,40.14,52.28,2.3,39.79,0.34,0.15,11.17,1.04,0.85,0.7,1.41,14.42,2.97,2021-VA-42,2021,202101,Q-22,170.51616,0.01429758415034235,29010.0268435957,94,134,1,87.42,16.62,232,0.3132,0.0737,0,60.33417,-171.33298,67,2.3,4,EBS,9
7.76,0.33,0.32,1.11,0.87,1.88,0,1.12,1.13,0,38.06,0,0,34.55,0.91,3.22,2.59,4.78,1.36,0,2.14,0,0.64,3.6,9.54,1.33,29.45,26.98,1.9,1.45,0.13,0,2.62,2.24,0.51,0,1.43,0.2,3.31,0.3,0,1.16,8.21,4.39,14.87,0,0,1.52,0.24,0.11,3.36,0.49,0.9,50.27,0.81,0.83,1.68,3.66,0.66,2.39,0,0,0,1.69,0,5.95,0.17,14.07,0.76,11.93,70.07,131.29,104.58,1.49,76.98,0.28,0.13,33.65,2.82,0.91,0.94,1.09,10.44,3.57,2021-VA-43,2021,202101,M-21,2279.62811,0.01310937946425855,23265.784687334202,94,129,1,81.27,15.67,206,0.3232,0.1106,0,58.98934,-170.47748,72,2.8,3,EBS,6
1.68,0.03,0.04,0.45,0.29,0.62,0,0.62,0.51,0,9.96,0,0,5.43,0.24,1.51,1.52,1.84,0.65,0,0.59,0,0.93,0.09,3.78,0.46,10.33,8.31,1,0.52,0,0,1.11,0.68,0.28,0,0.37,0.25,0.25,0.15,0,1.91,4.53,2.5,6.34,0,0,1.28,0.12,0.09,3.99,0,0.23,16.61,0.25,1.89,1.3,1.65,0.52,1.13,0,0,0,1.09,0,3.08,0.13,8.05,0.84,5.52,22.09,45.38,44.54,2.02,31.31,0.48,0.18,18.21,1.36,0.55,0.69,1.24,21.86,2.06,2021-VA-44,2021,202101,PO2524,2255.136388,0.01035953748238365,23553.175073203893,94,142,1,93.03,17.04,286,0.315,0.0734,0,59.83505,-172.90544,79,2,4,EBS,9
1.91,0.06,0.14,0.41,0.28,0.54,0,0.76,0.14,0,8.42,0,0,6.82,0.27,1.48,1.42,0.95,0.51,0,0.14,0,0.53,0.21,2.72,0.53,5.4,5.99,0.92,0.27,0,0,0.69,0.47,0.18,0,0.5,0.04,0.25,0.13,0,1.2,2.59,0.69,2.35,0,0,0.6,0.1,0.03,2.88,0,0.25,14.79,0.48,0.34,0.49,2.94,0,0.36,0,0,0,0.49,0.02,2.34,0.1,5.07,0.42,5.02,19.26,30.18,32.19,1.67,24.49,0.34,0.11,9.41,0.73,0.81,0.53,0.9,27.53,2.92,2021-VA-45,2021,202101,PO2524,2255.136388,0.01035953748238365,23553.175073203893,94,142,1,87.4,15.79,262,0.307,0.0689,0,59.83505,-172.90544,79,2,4,EBS,9
8.12,0.28,0.25,0.78,1.13,1.55,0,0.98,0.62,0,33.02,0,0,32.19,0.78,2.45,1.86,4.48,1.15,0,2.63,0,1.43,4.24,8.75,1.09,22.32,19.31,1.45,0.76,0,0,2.16,2.05,0.55,0,1.33,0.56,4.37,1.61,0,2.1,6.12,2.94,10.42,0,0,1.16,0.19,0.13,3.23,0,0.96,61.06,0.44,0.48,1.32,1.11,0.53,1.81,0,0,0,1.04,0,3.84,0.17,15.45,1.2,9.37,61.42,101.74,116.77,1.9,89.77,0.25,0.16,22.39,2.72,0.97,0.87,1.16,7.36,3.95,2021-VA-46,2021,202101,L-21,5266.087708,0.013591330854816,7725.512764100944,94,128,1,86.96,15.03,238,0.325,0.0944,0,58.662350000000004,-170.43126,74,3.1,3,EBS,6
6.4,0.26,0.28,1.06,0.81,1.69,0,1.11,0.95,0,31.37,0,0,27.43,0.9,3.04,2.41,4.17,1.31,0,0.87,0,1.05,2.9,8.4,1.53,19.96,18.34,1.48,1.38,0,0,2.15,1.8,0.41,0,1.34,0.45,2.65,1.37,0,1.01,6.43,2.52,9.15,0,0,0.96,0.18,0,2.85,0,0.72,46.04,0.31,0.45,1.13,3.93,0,1.88,0,0,0,1.27,0,4.72,0,12.74,0.47,11.07,59.11,95.39,91.52,1.55,69.38,0.28,0.13,23.62,2.59,0.87,0.8,1.09,10.36,3.61,2021-VA-47,2021,202101,M-21,2279.62811,0.01310937946425855,23265.784687334202,94,129,1,82.07,16.3,206,0.3572,0.107,0,58.98934,-170.47748,72,2.8,3,EBS,6
1.72,0.03,0.13,0.43,0.19,0.48,0,0.59,0.19,0,8.82,0,0,4.81,0.2,1.21,1.14,1.25,0.5,0,0.45,0,0.46,0.15,2.63,0.24,6.95,6.38,0.89,0.32,0,0,0.75,0.49,0.16,0,0.38,0.24,0.22,0.12,0,2.39,3.48,1.76,3.43,0,0,0.91,0.12,0.04,3.21,0,0.21,13.47,0.14,2.46,0.86,1.01,0.24,0.49,0,0,0,0.67,0,2.31,0.09,5.76,0.46,4.22,18.19,33.39,34.45,1.89,25.07,0.43,0.14,12.99,0.99,0.55,0.49,1.09,22.22,2.34,2021-VA-48,2021,202101,PO2524,2255.136388,0.01035953748238365,23553.175073203893,94,142,1,88.1,16.61,264,0.3135,0.0659,0,59.83505,-172.90544,79,2,4,EBS,9
4.36,0.14,0.45,0.75,0.36,1.14,0,1.12,0.33,0,13.2,0,0,11.75,0.48,1.92,1.62,2.36,0.77,0,0.35,0,0.73,0.8,4.19,1.01,8.24,8.71,1.3,0.38,0,0,0.9,0.78,0.26,0,0.64,0.1,0.64,0.52,0,0.78,3.62,1.49,4.02,0,0,0.93,0.09,0,4.11,0,0.45,27.45,1.9,0.72,0.97,7.4,0,0.66,0,0,0,1.37,0,4.46,0,9.97,0.53,7.24,31.81,51.07,58.35,1.83,44.57,0.36,0.14,18.21,1,0.89,0.92,0.95,18.42,2.75,2021-VA-49,2021,202101,PO2524,2255.136388,0.01035953748238365,23553.175073203893,94,142,1,92.21,18.07,292,0.6137,0.1331,0,59.83505,-172.90544,79,2,4,EBS,9
9.74,0.32,0.4,0.74,1.3,1.87,0,1,0.57,0,47.79,0,0,47.21,0.74,2.44,1.93,4.03,1.36,0,1.63,0,1.6,3.03,12.6,1.02,46.85,37.03,1.91,0.77,0.05,0,3.09,2.4,0.72,0,1.44,0.27,4.3,0.36,0,1.48,8.34,6.75,21.05,0,0,2.13,0.3,0.21,4.01,0,1.24,60.57,1.02,0.83,2,2.41,0.83,2.39,0,0,0,1.24,0,4.07,0.17,16.71,1.75,9.86,83.08,179.06,117.87,1.42,90.24,0.28,0.1,41.39,3.36,0.99,0.73,1.27,10.99,3.63,2021-VA-5,2021,202101,K-20,6400.780089,0.01297932976006425,7088.193435309142,94,107,1,93.36,18.15,288,0.3763,0.132,0,58.33916,-169.72913,69,3.1,3,EBS,6
2.78,0.08,0.05,0.41,0.32,0.78,0,0.58,0.45,0,12.7,0,0,11.12,0.36,1.5,1.63,2.36,0.7,0,0.48,0,0.92,0.7,4.03,0.97,9.81,9.17,1.17,0.37,0,0,1.26,0.78,0.3,0,0.83,0.08,0.76,0.69,0,0.69,4.42,2.32,6.77,0,0,1.77,0,0.09,3.9,0,0.6,26.25,0.35,0.95,1.08,2.04,0.58,0.91,0,0,0,0.92,0,4.38,0.12,8.63,0.8,5.69,26.53,51.4,57.78,2.18,42.3,0.33,0.16,17.58,1.34,0.88,0.83,1.07,14.63,3.04,2021-VA-50,2021,202101,Q-22,170.51616,0.01429758415034235,29010.0268435957,94,134,1,90.79,16.76,250,0.3106,0.0816,0,60.33417,-171.33298,67,2.3,4,EBS,9
1.72,0.04,0.03,0.22,0.24,0.49,0,0.39,0.35,0,9.1,0,0,6.88,0.22,1.17,1.25,1.2,0.62,0,0.4,0,0.63,0.35,3.23,0.72,6.5,6.81,0.92,0.27,0,0,0.82,0.47,0.24,0,0.51,0.14,0.45,0.47,0,1.58,2.55,1.29,3.97,0,0,0.92,0,0.05,2.94,0,0.35,18.42,0.13,0.65,0.64,0.8,0.21,0.49,0,0,0,0.61,0,3.21,0.08,5.64,0.52,4.11,19.1,32.78,40.06,2.1,30.43,0.31,0.14,9.91,0.96,0.76,0.55,0.95,15.18,3.26,2021-VA-51,2021,202101,Q-22,170.51616,0.01429758415034235,29010.0268435957,94,134,1,88.37,15.95,228,0.3161,0.0765,0,60.33417,-171.33298,67,2.3,4,EBS,9
6.73,0.17,0.21,0.6,0.37,1.94,0,0.77,0.31,0,33.77,0,0,34.03,0.72,2.28,1.43,3.9,1.45,0,2.01,0,1.08,3.35,9.03,1.08,23.35,25.93,1.57,0.52,0,0,2.92,2.44,0.55,0,1.1,0.22,3.46,1.03,0,1.29,9.67,2.15,23.29,0,0,1.74,0.32,0.08,4.31,0,1.12,53.84,0.84,0.95,1.91,3.09,0.16,3.79,0,0,0,1.25,0,4.61,0.11,15.3,0.94,7.7,59.89,129.39,109.8,1.83,80.93,0.28,0.13,41.05,3.15,1.01,0.79,0.9,9.84,3.52,2021-VA-52,2021,202101,P-21,807.025039,0.0147210003748203,4483.39095982162,94,132,1,82.81,14.45,NA,0.3047,0.0924,0,59.99164,-170.63108,65,3.3,4,EBS,9
2.09,0.06,0.05,0.47,0.35,0.77,0,0.61,0.36,0,14.73,0,0,12.19,0.39,1.73,1.85,1.84,0.98,0,0.36,0,0.93,0.37,5.45,0.89,12,14.13,1.28,0.41,0.07,0,1.52,1.09,0.37,0,0.75,0.08,0.88,0.17,0,1.44,5.09,2.97,11.35,0,0,1.85,0.2,0.07,4.1,0,0.58,25.68,0.2,0.96,1.23,2.39,0.6,1.75,0,0,0,1.05,0,5.08,0,9.47,0.63,6.14,29.73,65.96,60.23,2.03,44.14,0.37,0.11,23.99,1.6,0.83,0.55,0.85,13.86,2.71,2021-VA-53,2021,202101,Q-22,170.51616,0.01429758415034235,29010.0268435957,94,134,1,90.04,17.33,258,0.3293,0.0866,0,60.33417,-171.33298,67,2.3,4,EBS,9
2.54,0.1,0.05,0.51,0.42,0.9,0,0.66,0.58,0,14.17,0,0,12.59,0.37,1.72,1.87,2.64,0.81,0,0.66,0,0.85,0.64,4.4,0.8,10.57,11.19,1.31,0.36,0.06,0,1.37,0.86,0.36,0,0.87,0.27,0.83,0.22,0,1.25,4.24,2.54,8.11,0,0,1.57,0,0.1,3.97,0,0.57,24.13,0.3,1.24,1.1,1.95,0.64,1.19,0,0,0,0.93,0,4.6,0.12,7.7,0.79,6.67,29.2,57.22,56.19,1.92,40.2,0.32,0.15,19.18,1.64,0.89,0.79,0.94,15.23,3.13,2021-VA-54,2021,202101,Q-22,170.51616,0.01429758415034235,29010.0268435957,94,134,1,88.46,16.53,242,0.3961,0.0913,0,60.33417,-171.33298,67,2.3,4,EBS,9
7.87,0.15,0.27,0.53,0.31,2.2,0,0.68,0.37,0,38.21,0,0,40.05,0.75,2.21,1.46,4.33,1.7,0,1.88,0,1.32,2.94,9.82,1.29,28.78,32.52,1.84,0.43,0.13,0,3.62,2.5,0.75,0,1.13,0.3,3.56,0.46,0,1.54,9.47,5.17,23.76,0,0,2.34,0.29,0.1,4.5,0,1.08,51.11,0.84,1.42,2.06,3.11,0.95,3.89,0,0,0,1.17,0,4.95,0.15,14.71,0.9,7.76,66.6,151.83,109.43,1.64,78.57,0.29,0.12,44.98,3.92,1.05,0.75,0.89,11.26,3.47,2021-VA-55,2021,202101,P-21,807.025039,0.0147210003748203,4483.39095982162,94,132,1,85.5,15.44,NA,0.3342,0.1081,0,59.99164,-170.63108,65,3.3,4,EBS,9
6.53,0.28,0.25,1.46,1.09,1.81,0,1.49,1.42,0,32.64,0,0,29.92,1.11,4.07,3.3,4.68,1.56,0,1.8,0,1.16,2.63,8.75,1.76,20.28,21.81,1.89,1.8,0.12,0,2.9,2.22,0.49,0,1.66,0.19,2.56,1.45,0,1.23,7.89,3.1,11.15,0,0,1.41,0,0.09,3.18,0,0.9,49.51,0.35,0.59,1.35,1.13,0.44,2.03,0,0,0,1.79,0,6.76,0.12,15.26,0.22,14.64,64.97,104.24,104.36,1.61,77.57,0.31,0.14,25.2,3.09,0.92,0.8,0.93,11.69,3.25,2021-VA-56,2021,202101,M-21,2279.62811,0.01310937946425855,23265.784687334202,94,129,1,86.1,16.52,242,0.3192,0.1002,0,58.98934,-170.47748,72,2.8,3,EBS,6
6.92,0.12,0.23,0.38,0.23,1.6,0,0.51,0.24,0,31.83,0,0,38.1,0.62,1.6,1.04,3.06,1.26,0,1.8,0,0.92,2.92,8.17,0.75,26.25,27.44,1.35,0.32,0.12,0,3.2,2.24,0.65,0,0.98,0.24,3.91,1,0,1.14,6.82,4.03,18.88,0,0,1.53,0.28,0.08,3.97,0,1.28,50.27,0.34,0.83,1.5,2.6,0.21,3.27,0,0,0,0.99,0,4.35,0,12.95,0.61,5.6,54.33,130.34,101.29,1.86,75.05,0.26,0.11,34.66,3.44,1.2,0.65,0.96,9.75,3.88,2021-VA-57,2021,202101,P-21,807.025039,0.0147210003748203,4483.39095982162,94,132,1,81.6,14.66,198,0.3348,0.1169,0,59.99164,-170.63108,65,3.3,4,EBS,9
5.06,0.09,0.18,0.44,0.36,1.5,0,0.66,0.49,0,31.3,0,0,27.02,0.55,2.2,1.85,2.88,1.41,0,0.77,0,1.4,1.32,9.09,0.9,32.01,28.47,1.81,0.4,0,0,3.1,2.18,0.65,0,1.1,0.46,2.82,0.41,0,2.06,8.25,7.03,21.87,0,0,2.94,0.26,0.11,6.81,0.97,1.27,48.06,0.33,2,2.87,1.87,0.25,4.14,0,0,0,1.56,0,7.26,0.15,17.61,0.84,7.51,55.05,136.06,110.31,2,81.91,0.37,0.1,43.89,3.57,0.86,0.5,1.12,9.59,2.73,2021-VA-58,2021,202101,R-23,757.8138799999999,0.0139672195099437,1933.0977064388412,94,138,1,89.9,16.71,NA,0.308,0.0609,0,60.68044,-172.11475,61,1.9,4,EBS,9
8.11,0.12,0.23,0.37,0.25,1.65,0,0.53,0.21,0,28.52,0,0,30.92,0.62,1.66,1.08,3.01,1.29,0,1.56,0,1.07,2.75,7.88,0.83,17.63,19.25,1.44,0.32,0,0,3.49,1.42,0.67,0,0.82,0.18,3.41,0.25,0,1.22,6.01,3.52,16.1,0,0,1.84,0.23,0.08,4.38,0,0.93,48.31,0.25,0.83,1.29,1.74,0.61,2.16,0,0,0,1.1,0,3.77,0.09,14.03,0.68,5.76,52.1,101.39,97.19,1.87,72.92,0.29,0.12,29.49,3.66,1.08,0.73,0.92,9.07,3.44,2021-VA-59,2021,202101,P-21,807.025039,0.0147210003748203,4483.39095982162,94,132,1,85.27,14.66,NA,0.3338,0.107,0,59.99164,-170.63108,65,3.3,4,EBS,9
5.69,0.15,0.19,0.68,0.38,1.61,0,0.86,0.38,0,28.95,0,0,28.16,0.53,2.22,1.93,3.31,1.3,0,1.09,0,1,2.07,8.54,1.39,21.6,24.34,1.68,0.68,0,0,2.29,1.78,0.59,0,1.18,0.15,3.34,0.38,0,1.71,8.47,4.15,18.09,0,0,1.82,0,0.12,3.92,0,0.88,45.53,0.31,0.95,1.55,1.53,0.76,2.73,0,0,0,1.47,0,4.58,0.11,13.16,0.74,8.06,53.25,114.05,93.74,1.76,70.35,0.29,0.11,34.74,2.44,0.97,0.65,0.89,8.44,3.46,2021-VA-6,2021,202101,N-20,38333.052856,0.0145007528107365,2827.4394119485437,94,104,1,83.35,15.93,196,0.3024,0.0845,0,59.32582,-169.88594,61,3.1,3,EBS,6
7.79,0.34,0.27,1.23,1.46,1.88,0,1.37,0.75,0,37.42,0,0,31.44,0.95,3.65,3.01,4.24,1.47,0,1.55,0,1.54,2.75,9.99,1.7,27.02,24.96,2.07,1.55,0.14,0,2.66,2.21,0.61,0,1.49,0.26,2.75,1.47,0,1.65,7.64,4.16,13.44,0,0,1.8,0.25,0.16,3.74,0,0.97,50.99,0.67,0.96,1.65,2.16,0.66,1.82,0,0,0,1.53,0,5.6,0.17,15.05,1.46,13.35,71.36,121.45,105.7,1.48,78.8,0.3,0.13,30.01,2.91,0.84,0.76,1.08,11.45,3.39,2021-VA-60,2021,202101,M-21,2279.62811,0.01310937946425855,23265.784687334202,94,129,1,88.17,17.31,252,0.3325,0.101,0,58.98934,-170.47748,72,2.8,3,EBS,6
8.52,0.09,0.29,0.91,0.4,1.7,0,1.05,0.13,0,30.34,0,0,22.12,0.75,2.66,2.03,1.97,1.34,0,0.41,0,0.29,0.49,9.15,1.02,30.64,19.58,2.62,0.39,0,0,3.02,0.97,0.48,0,1.1,0.09,2.06,0.23,0,0.74,15.33,6.68,12.72,0,0,2.7,0.33,0.1,6.88,0,1.07,37.5,0.4,8.08,1.78,1.67,0.93,1.4,0,0,0,1.38,0.19,8.7,0.18,27.46,1.42,8.88,59,125.09,100.39,1.7,78.09,0.73,0.06,46.26,3.11,0.73,0.36,1.56,10.74,1.37,2021-VA-61,2021,202101,M-25,1612.993651,0.014457343432455,1106.7040134138283,94,165,1,95.84,17.7,NA,0.3344,0.1133,0,58.98877,-173.07986,107,2.7,5,EBS,8
16.87,0.19,0.45,1.05,0.51,2.52,0,0.95,0.88,0.01,46.76,0.2,0,42.11,0.84,2.78,2.47,4.16,2.39,0,1.53,0,1.44,2.93,11.64,0.86,45.47,31.5,2.18,1.06,0.03,0,3.84,2.64,0.87,0,1.57,0.55,3.07,1.03,0,1.03,22.18,8.53,27.4,0,0,2.86,0.52,0.13,8.51,1.04,1.69,76.62,0,12.9,3.58,2.55,0.42,4.98,0.07,0,0.04,2.49,0,9.24,0.16,24.72,1.51,11.18,89.32,203.31,157.9,1.77,119.47,0.32,0.1,77.13,4.39,0.9,0.69,1.44,13.74,3.1,2021-VA-62,2021,202101,S-28,3709.718554,0.0143244504999915,12007.441402384131,94,174,1,76.9,14.61,184,0.3428,0.1536,0,61.00998,-175.54969,102,1.5,5,EBS,8
9.59,0.11,0.31,0.52,0.26,1.5,0,0.47,0.31,0,32.99,0,0,30.33,0.52,1.48,1.1,2.57,1.49,0,1.21,0,0.56,2.43,7.7,0.82,29.63,21.62,1.44,0.45,0,0,2.44,1.74,0.44,0,0.78,0.09,2.51,0.27,0,1.11,14.03,4.96,17.63,0,0,1.6,0.37,0.07,4.9,0.64,0.89,50.98,0.17,8.07,2.04,2.13,0.24,3.23,0,0,0.15,1,0,5.38,0,13.56,0.84,5.64,57.76,134.83,99.08,1.72,75.72,0.27,0.1,48.86,2.52,0.92,0.72,1.37,12.08,3.76,2021-VA-63,2021,202101,S-28,3709.718554,0.0143244504999915,12007.441402384131,94,174,1,94.07,18.2,286,0.3226,0.1085,0,61.00998,-175.54969,102,1.5,5,EBS,8
1.5,0,0.04,0.31,0.14,0.44,0,0.33,0.09,0,5.88,0,0,3.01,0.23,0.72,0.71,0.83,0.55,0,0.35,0,0.9,0.13,3.5,0.79,3.43,3.66,0.57,0.15,0,0,0.49,0.29,0.16,0.12,0.12,0.05,0.21,0.07,0,2.34,3.06,1.19,1.91,0,0,1.07,0.04,0.04,3.27,0,0.14,17.64,0.24,1.1,0.42,1.33,0,0.22,0,0,0,0.42,0,1.96,0.12,6.26,0.44,2.74,14.71,21.35,36.95,2.51,29.5,0.35,0.2,9.02,0.54,0.51,0.59,0.94,14.53,2.82,2021-VA-64,2021,202101,N-26,3560.801138,0.0149145113304957,268.1951765875963,94,167,2,58.17,0,62,0.4553,0.0923,0,59.32609,-173.80514,111,2.6,5,EBS,8
6.73,0.04,0.07,0.17,0.13,0.67,0,0.32,0,0,16.94,0,0,7.15,0.28,1.26,0.9,1.82,0.89,0,0.25,0,0.62,0.46,4.92,0.4,10.87,7.79,1.24,0.34,0,0,0.94,0.68,0.26,0,0.41,0.15,0.7,0.14,0,1.11,17.12,4.32,5.85,0,0,1.43,0.16,0.09,5.19,0,0.34,26.36,0.28,16.62,1.7,3.38,0,0.91,0,0,0,0.65,0,3.27,0,11.71,1.42,3.45,33.35,78.55,57.57,1.73,44.27,0.44,0.11,49,1.1,0.42,0.71,1.4,10.14,2.25,2021-VA-65,2021,202101,R-27,914.172731,0.01460712459271725,17183.39556884059,94,172,1,80.97,15.04,216,0.3321,0.0699,0,60.6563,-174.82539,98,1.8,4,EBS,9
8.47,0.12,0.19,0.44,0.2,1.67,0,0.54,0.33,0,34.32,0,0,32.37,0.48,1.72,1.03,3.44,1.59,0,1.59,0,1.21,2.92,9.29,1,23.43,19.82,1.52,0.69,0,0,2.14,2.02,0.5,0,0.87,0.31,2.86,0.36,0,0.94,12.86,5.34,17.93,0,0,1.62,0.3,0.06,4.93,0.44,0.93,55.16,0.25,7.06,2.19,1.31,0.19,3.07,0,0,0,1.21,0.28,5.74,0.12,15.3,0.99,5.93,60.15,127.19,108.34,1.8,83.17,0.28,0.12,46.7,2.45,0.94,0.91,1.18,11.34,3.6,2021-VA-66,2021,202101,S-28,3709.718554,0.0143244504999915,12007.441402384131,94,174,1,91.41,16.21,262,0.3013,0.0923,0,61.00998,-175.54969,102,1.5,5,EBS,8
7.84,0.13,0.19,0.5,0.41,1.59,0,0.59,0.63,0,31.49,0,0,26.99,0.56,1.94,1.34,3.47,1.61,0,1.16,0,1.11,2.17,7.92,1.23,23.38,19.89,1.51,0.69,0,0,2.24,1.74,0.47,0,0.69,0.29,1.99,0.27,0,1.95,13.61,5.5,18.96,0,0,1.44,0.24,0.06,4.22,0,0.7,44.34,0.26,7.69,2.51,2.07,0.24,3.85,0,0,0,0.96,0,5.77,0.14,13.87,1.12,6.99,56.44,125.88,93.2,1.65,70.03,0.31,0.12,50.33,2.52,0.86,0.82,1.18,13.57,3.2,2021-VA-67,2021,202101,S-27,344.31785,0.0138148309880724,13101.86133701337,94,173,1,87.1,16.7,244,0.3173,0.0917,0,60.98117,-174.87678,92,1.7,4,EBS,9
14.22,0.29,0.64,1.9,0.83,3.48,0,2.03,0.43,0,68.97,0.56,0,65.37,1.12,5.47,4.62,0,4.31,2.89,4.66,0,2.15,2.33,18.19,3.05,62.6,53.6,0.77,4.12,1.39,0,6.23,1.16,0,0,0,1.3,4.89,2.35,1.51,0,22.2,10.41,35.31,0.43,0,0,0,0,13.37,0.49,0,93.79,0,5.17,1.88,5.53,3.53,5.91,2.76,0,0,0.72,0,15.26,0,30.91,1.65,21.66,129.15,273.99,193.63,1.5,151.55,0.33,0.06,80.5,7.53,0.95,0.53,1.17,13.37,3.03,2021-VA-68,2021,202101,I-23,9661.138381,0.0161050665196872,2607.874978265892,94,151,1,90.42,17.36,NA,0.4018,0.1666,0,57.6774,-171.52829,99,3.6,2,EBS,5
9.53,0.07,0.3,0.47,0.3,1.84,0,0.59,0.41,0,40.91,0,0,35.75,0.57,2,1.15,3.5,1.64,0,1.37,0,1.38,2.38,9.41,1.73,34.97,24.92,1.67,0.77,0,0,2.39,1.97,0.51,0,0.9,0.33,2.39,0.12,0,1.59,15.51,6.27,21.76,0,0,1.58,0.26,0.08,4.22,0.62,0.84,49.68,0.26,6.7,2.71,6.39,0,3.86,0,0,0,1.27,0,5.52,0.14,15.14,1.27,6.76,68.79,161.29,101.81,1.48,77.49,0.3,0.1,59.34,2.71,0.87,0.84,1.4,14.94,3.28,2021-VA-69,2021,202101,S-27,344.31785,0.0138148309880724,13101.86133701337,94,173,1,88.44,16.01,228,0.3081,0.1059,0,60.98117,-174.87678,92,1.7,4,EBS,9
5.95,0.07,0.83,1.46,0.76,1.45,0,1.42,0.2,0,24.15,0,0,21.48,0.62,3.04,2.85,2.46,1.25,0,0.51,0,1.14,0.93,7.5,1.34,22.66,23.36,2.15,0.79,0,0,2.42,1.64,0.5,0,1.53,0.33,1.61,0.28,0,2.18,8.63,3.9,13.59,0,0,2.41,0,0.12,5.32,0,0.72,34.91,0.77,1.06,1.79,2.93,0.74,1.86,0,0,0,1.32,0,5.11,0.13,11.89,0.8,11.17,51.1,105.94,79.78,1.56,57.89,0.34,0.1,31.91,2.75,0.89,0.48,0.97,13.35,2.94,2021-VA-7,2021,202101,M-20,9284.736035,0.0137065999703787,15612.91643897647,94,105,1,91.8,17.38,280,0.3198,0.0854,0,58.99643,-169.83571,63,3.5,3,EBS,6
12.32,0.22,0.57,1.22,0.51,2.44,0,1.24,0.26,0,55.36,0.4,0,58.42,0.9,3.87,2.99,0,4.3,2.29,3.86,0,1.64,2.76,14.76,2.2,51.49,49.82,0.65,3.2,1.04,0,4.89,1.24,0,0,0,0,6.6,1.32,1.37,0,17.02,9.08,28.5,0,0,0,0,0.15,10.13,0.57,0,76.8,0,4.1,1.24,4.02,3.13,4.64,2.01,0,0,0.47,0.12,11.5,0,27.38,1.71,14.82,103.29,233.31,160.1,1.55,126.62,0.36,0.07,63.96,4.89,1.06,0.55,1.03,8.86,2.8,2021-VA-70,2021,202101,I-23,9661.138381,0.0161050665196872,2607.874978265892,94,151,1,82.59,15.09,218,0.3182,0.1455,0,57.6774,-171.52829,99,3.6,2,EBS,5
10.15,0.16,0.71,1.55,0.63,2.09,0,1.41,0.13,0,34.63,0,0,33.45,0.7,3.3,2.72,2.16,1.54,0,2.83,0,1.5,0.38,11.13,2.5,39.18,25.31,2.77,0.82,0,0,3,0.6,0.59,0,1.71,0.37,1.34,0.27,0,0.81,18.09,6.23,12.64,0,0,2.62,0.42,0.13,9.88,0,0.97,46.88,0,5.49,1.96,1.63,0.71,1.78,0.06,0,0,1.96,0,8.76,0.1,21.56,1.31,11.83,69.68,152.8,111.18,1.6,82.26,0.46,0.09,46.05,3.37,0.97,0.79,1.55,24.96,2.17,2021-VA-71,2021,202101,I-23,9661.138381,0.0161050665196872,2607.874978265892,94,151,1,92.65,17.76,NA,0.4269,0.1574,0,57.6774,-171.52829,99,3.6,2,EBS,5
5.9,0.04,0.11,0.23,0.15,1.35,0,0.35,0.44,0,21.33,0,0,17.43,0.33,1.2,0.73,2.65,1.35,0,0.97,0,1.13,1.72,6.42,1.1,10.93,11.63,1,0.44,0,0,1.34,1.22,0.33,0,0.41,0.15,1.96,0.25,0,2.55,10.36,2.53,10.9,0,0,0.86,0.15,0.07,2.92,0,0.41,33.95,0.23,5.57,1.41,0,0,2.14,0,0,0,0.62,0,3.19,0,8.71,0.93,4.47,39.82,74.66,67.66,1.7,52.07,0.26,0.14,30.77,1.49,0.82,0.79,0.94,8.91,3.9,2021-VA-72,2021,202101,S-27,344.31785,0.0138148309880724,13101.86133701337,94,173,1,88.1,15.11,248,0.3653,0.0813,0,60.98117,-174.87678,92,1.7,4,EBS,9
15.56,0.13,1.15,2.1,7.04,2.97,0,4.23,0.31,0,74.5,0.57,0,61.78,1.35,5.26,6.32,0,5.43,2.56,4.9,0,2.53,2.38,19.13,3.59,102.72,71.57,0.24,5.15,1.52,0,7.47,1.09,0,0,0,1.3,4.49,2.62,1.98,0,25.72,16.46,33.8,0.69,0,5.12,0,0,14.65,0.57,0,111.19,0,5.78,5.82,4.51,1.96,4.65,3.32,0,0,0,0.55,16.95,0,40.59,3.35,30.8,147.53,343.55,228.56,1.55,181.5,0.37,0.07,92.09,8.77,0.83,0.53,1.44,13.76,2.74,2021-VA-73,2021,202101,J-23,13137.891085,0.0148162613501859,6276.8871176015755,94,150,1,88.57,16.62,264,0.3374,0.1483,0,58.00583,-171.59305,98,3.3,2,EBS,5
19.4,0.27,0.86,1.31,0.67,2.91,0,1.21,1.09,0,57.71,0.32,0,53.18,0.96,3.53,2.93,4.92,2.39,0,1.47,0,0,2.58,13.6,1.19,58.25,38.61,2.72,1.4,0.05,0,4.15,0,0.48,0,2.05,0.59,2.89,1.53,0.23,1.18,24.95,8.35,26.94,0,0,3.04,0.57,0.13,10.34,1.34,2.19,86.28,0.34,11.75,4.23,5.78,1.36,3.59,0.13,0,0,2.29,0.03,10.82,0.2,28.02,1.5,13.66,107.93,240.98,171.91,1.59,133.49,0.32,0.07,81.99,4.75,0.92,0.69,1.51,18.38,3.08,2021-VA-74,2021,202101,Q-28,6520.532297,0.01431919816639125,9846.920083202891,94,176,1,86.91,16.81,NA,0.39,0.1915,0,60.33854,-175.38804,111,2,5,EBS,8
19.27,0.06,0.38,0.53,0.32,1.99,0,0.48,0,0,38.48,0,0,33.47,0.62,1.89,1.16,4.07,2.03,0,1.51,0,1.3,2.94,8.67,1.22,30.62,25.93,1.88,0.8,0,0,2.86,2.42,0.65,0,1.03,0.39,2.6,0.29,0,1.8,25.08,7.58,22.85,0,0,2,0.35,0.09,5.71,0.63,0.98,62.45,0.28,18.94,2.81,4.65,1.14,4.13,0,0,0,1.23,0,7.09,0.12,19.07,1.54,6.36,75.35,178.36,126.65,1.68,96.32,0.31,0.12,81.92,3.25,0.87,0.81,1.18,12.87,3.28,2021-VA-75,2021,202101,S-28,3709.718554,0.0143244504999915,12007.441402384131,94,174,1,88.57,17.21,NA,0.3302,0.1075,0,61.00998,-175.54969,102,1.5,5,EBS,8
8.45,0.11,0.86,1.63,1.25,2.23,0,1.87,1.9,0.02,57.17,0.42,0,45.66,0.81,3.84,3.38,2.59,1.79,0,3.14,0,0,0.26,14.57,1.7,64.93,35.49,3.17,0.96,0.29,0,4.05,0.7,0.72,0,2.22,0.5,1.19,0.38,0,0.86,15.16,7.25,17.25,0,0,3.21,0.43,0.15,8.8,0,0.94,51.8,0,2.62,0,0,1.09,2.25,0.08,0,0,1.79,0,9.32,0.11,29.12,1.17,16.1,98.48,197.44,125.73,1.28,93.81,0.56,0.05,42.27,4.55,0.8,0.55,1.83,38.43,1.78,2021-VA-76,2021,202101,I-23,9661.138381,0.0161050665196872,2607.874978265892,94,151,1,84.43,14.19,NA,0.3592,0.1469,0,57.6774,-171.52829,99,3.6,2,EBS,5
4.93,0.06,0.09,0.83,0.47,1.7,0,0.85,0.16,0,27.7,0,0,15.5,0.55,2.21,2.26,2.15,2.31,0,2.52,0,1.69,0.39,7.52,1.56,22.22,18.75,1.77,0.85,0,0,2.26,1.52,0.56,0,0.93,0.47,0.79,0.16,0,0.95,11.65,3.7,14.49,0,0,2.27,0.23,0.07,7.94,0,0.47,42.97,0.2,3.35,1.52,0,0,3.85,0,0,0,1.8,0.08,7.11,0.1,20.98,0.48,8.48,51.37,96.48,102.08,1.99,75.52,0.49,0.13,34.71,2.73,0.56,0.88,1.18,19.69,2.05,2021-VA-77,2021,202101,R-28,3305.280553,0.01512279267043545,4033.646518162809,94,175,1,88.19,17.38,272,0.3324,0.0777,0,60.68122,-175.45864,107,1.7,5,EBS,8
18.01,0.14,0.94,1.51,0.74,3.53,0,1.45,0.47,0,70.93,0.5,0,87.03,1.32,4.25,3.64,0,6.15,3.27,5.99,0,2,4.76,16.21,3.04,55.84,67.75,0.75,3.33,0.69,0,6.23,1.52,0,0,0,0,10.44,1.56,1.45,0,21.64,9.43,33.36,0,0,2.85,0,0.14,13.09,0.57,0,106.55,0,6.77,2.25,4.41,4.13,6.14,2.59,0,0,1.43,0.5,12.68,0,31.13,1.74,18.86,131.88,300.09,214.83,1.63,166.45,0.29,0.07,77.85,6.23,1.23,0.62,0.82,8.33,3.42,2021-VA-78,2021,202101,J-23,13137.891085,0.0148162613501859,6276.8871176015755,94,150,1,82.17,15.3,NA,0.3338,0.1519,0,58.00583,-171.59305,98,3.3,2,EBS,5
8.85,0.13,0.23,0.37,0.3,1.37,0,0.46,0,0,26.6,0,0,23.87,0.43,1.42,1.03,2.98,1.32,0,1.28,0,1.02,2.43,6.29,1.35,15.82,14.62,1.09,0.41,0,0,1.53,1.44,0.38,0,0.62,0.28,2.22,0.25,0,2.35,13.09,3.25,12.75,0,0,0.94,0.18,0.05,3.14,0.27,0.55,42.58,0.19,7.57,1.78,0,0,2.83,0,0,0,0.68,0.19,3.54,0,10.57,0.97,4.95,48.37,97.22,82.26,1.7,63.58,0.25,0.13,38.44,1.81,0.9,0.85,1.08,10.78,4.03,2021-VA-79,2021,202101,S-27,344.31785,0.0138148309880724,13101.86133701337,94,173,1,85.24,16.81,256,0.3229,0.0848,0,60.98117,-174.87678,92,1.7,4,EBS,9
6.18,0.07,0.83,0.98,0.56,1.29,0,1,0.21,0,24.97,0,0,22.3,0.51,2.38,2.19,2.34,1.29,0,0.54,0,1.01,1.13,7.67,1.25,20.84,21.1,1.94,0.65,0.15,0,2.15,1.55,0.55,0,1.3,0.32,1.38,0.3,0,1.65,8.22,3.35,14.7,0,0,1.91,0,0.09,4.38,0,0.69,32.52,0.29,0.82,1.34,3.71,0.8,2.12,0,0,0,0.96,0,4.79,0,10.75,0.8,8.62,49.18,102.35,73.27,1.49,53.1,0.33,0.09,32.13,2.46,0.89,0.54,0.99,16.16,3.03,2021-VA-8,2021,202101,M-20,9284.736035,0.0137065999703787,15612.91643897647,94,105,1,84.61,16.26,224,0.3391,0.0977,0,58.99643,-169.83571,63,3.5,3,EBS,6
7.61,0.05,0.22,0.44,0.33,1.74,0,0.59,0.56,0,33.41,0,0,31.56,0.53,1.95,1.3,3.61,1.52,0,1.14,0,1.23,1.96,8.21,1.13,24.55,20.31,1.46,0.79,0.08,0,2.12,1.81,0.47,0,0.82,0.23,2.15,0.35,0,1.8,13.17,4.34,18.68,0,0,1.32,0.23,0.06,4.26,0.33,0.75,42.76,0.26,6.12,1.97,0,0.69,3.16,0,0,0,1.29,0.09,4.88,0.11,13.46,0.98,6.91,58.16,125.81,91,1.56,67.69,0.31,0.11,44.27,2.35,0.94,0.81,1.21,14.66,3.18,2021-VA-80,2021,202101,S-27,344.31785,0.0138148309880724,13101.86133701337,94,173,1,95.27,17.11,288,0.3534,0.1063,0,60.98117,-174.87678,92,1.7,4,EBS,9
17.28,0.1,0.71,1.1,0.47,1.88,0,1.1,0,0,42.68,0,0,33.88,0.83,2.94,2.27,3.34,1.49,0,0.47,0,1.11,0.59,11.72,1.12,45.7,27.95,3.15,0.39,0,0,3.44,0.5,0.66,0,1.29,1.06,2.26,0.24,0,1.05,28.75,9.04,13.85,0,0,2.39,0.34,0.12,7.9,0.96,1.26,46.22,0,18.72,2.55,1.64,0.62,1.99,0,0,0,1.47,0.06,8.99,0.1,28.3,1.81,9.75,83.23,190.1,116.52,1.4,91.28,0.61,0.07,74.55,4.5,0.79,0.53,1.64,15.02,1.63,2021-VA-81,2021,202101,I-23,9661.138381,0.0161050665196872,2607.874978265892,94,151,1,93.23,16.84,NA,0.3314,0.1285,0,57.6774,-171.52829,99,3.6,2,EBS,5
12.77,0.16,0.45,1.16,0.49,2.54,0,1.39,1.33,0.03,46.78,0.27,0,42.55,0.87,3.66,2.79,3.24,2.34,0,0.64,2.76,1.41,0.95,13.37,1.4,41.72,40.42,3.23,0.56,0,0,4.22,2.43,0.61,0,0,0.25,5.05,0.51,0,1.25,23.67,8.91,26.32,4.25,0,0.13,0.45,0.19,9.81,1.09,1.36,57.23,0.18,10.79,3.08,2.76,1.62,4.42,0,0,0,2.26,0,9.82,0.49,28.87,1.91,16.12,89.67,211.67,141.85,1.58,106.31,0.5,0.06,75.53,4.46,0.91,0.44,1.03,8.42,1.98,2021-VA-82,2021,202101,F-24,13764.242642,0.0080819900610075,1361.0509190144612,94,153,1,91.89,NA,336,0.3115,0.1141,NA,56.6693,-171.95965,126,4.1,6,EBS,8
9.66,0.14,0.41,1.12,0.79,2.57,0,1.34,1.22,0.02,56.73,0.34,0,47.8,1.03,4.08,3.61,1.92,2.32,0,1.42,2.64,1.78,2.4,12.82,1.68,51.17,38.15,2.71,0.76,0,0,4.7,2.82,0.52,0,0,0.19,4.32,0.33,0.24,0.85,15.85,8.8,27.42,0,2.8,0,0.37,0.13,8.38,0.96,1.64,71.12,0.24,2.29,2.63,3.68,1.76,4.71,0.07,0,0,2.5,0,11.2,0.19,24.67,0.49,17.36,97.22,207.84,151.43,1.56,116.8,0.35,0.07,60.67,4.89,0.84,0.55,1.34,11.07,2.88,2021-VA-83,2021,202101,Q-27,4874.504224,0.01437836162994,482359.6838431265,94,171,1,82.86,14.37,NA,0.3548,0.1631,0,60.31753,-174.70464,103,1.9,5,EBS,8
15.34,0.4,0.72,1.74,0.69,3.83,0,1.72,0.22,0,73.17,0.62,0,89.42,1.32,5.03,4.33,0,5.87,3.16,6.93,0,2.16,4.07,17.03,3.71,78.53,80.88,1.03,4.29,0.85,0,7.43,1.58,0,0,0,0,7.12,3.06,1.65,0,24.84,12.32,43.6,0,0,0,0,0,14.9,0.75,0,124.62,0,5.01,4.01,6.18,6.19,6.86,3.46,0,0,1.88,0.68,17.64,0,43.41,1.89,20.72,134.19,358.38,253.59,1.89,199.84,0.35,0.07,95.96,7.43,1.22,0.66,0.97,12.56,2.87,2021-VA-84,2021,202101,J-23,13137.891085,0.0148162613501859,6276.8871176015755,94,150,1,88.2,16,262,0.3618,0.1701,0,58.00583,-171.59305,98,3.3,2,EBS,5
8.5,0.28,0.73,1.45,0.51,2.26,0,1.41,0.77,0,58.45,0.31,0,61.93,0.84,3.69,3.08,3.37,2.46,0,1.83,2.74,0.59,2.82,14.43,1.23,56.78,54.89,2.94,0.68,0.27,0,5,2.87,0.93,0,0,0.17,6.54,0.44,0,1.31,13.38,7.47,27.91,0,2.91,0,0.47,0.11,10.22,0,1.93,87.42,0.26,1.54,2.61,4.63,1.5,4.29,0,0,0,2.65,0,9.83,0.09,25.36,0.78,15.91,97.75,241.39,172.74,1.77,133.16,0.29,0.07,57.54,5.17,1.06,0.49,1.03,9.47,3.45,2021-VA-85,2021,202101,J-23,13137.891085,0.0148162613501859,6276.8871176015755,94,150,1,96.1,19.31,NA,0.451,0.21,0,58.00583,-171.59305,98,3.3,2,EBS,5
8.61,0.06,0.27,0.51,0.33,1.62,0,0.54,0.5,0,31.76,0,0,30.1,0.53,1.69,1.47,3.07,1.49,0,1.14,1.25,0.77,1.92,7.9,1.38,24.5,20.08,1.36,0.6,0,0,1.93,1.61,0.43,0,0,0.26,1.91,0.39,0,1.54,13.33,4.79,17.09,1.37,0,0,0.24,0.06,3.59,0.35,0.67,38.99,0.25,6.93,1.99,2.68,0.87,0,0,0,0.27,0.75,0,4.09,0,10.27,0.75,7.89,56.78,127.64,76.44,1.35,58.85,0.26,0.1,46.81,2.18,0.95,0.86,1.22,15.75,3.79,2021-VA-86,2021,202101,S-27,344.31785,0.0138148309880724,13101.86133701337,94,173,1,94.41,17.11,302,0.3228,0.0959,0,60.98117,-174.87678,92,1.7,4,EBS,9
16.16,0.27,0.61,1.16,0.54,2.91,0,1.13,1.06,0,56.09,0.28,0,54.15,0.91,3.53,2.73,4.11,2.18,0,1.41,2.4,1.76,2.33,14.57,1.65,53.76,35.2,2.76,1.39,0,0,4.09,2.81,0.98,0,0,0.18,4.21,0.4,0,1.22,22.78,9.75,30.73,0,3.14,0,0.64,0.14,10.7,0.96,1.98,82.66,0.15,7.59,3.87,2.29,1.02,4.01,0.06,0,0,2.13,0,10.56,0.18,28.25,1.77,15.45,102.79,231.87,169.61,1.65,131.85,0.34,0.08,77,4.27,0.97,0.69,1.53,12.87,2.93,2021-VA-87,2021,202101,Q-27,4874.504224,0.01437836162994,482359.6838431265,94,171,1,83.53,15.69,228,0.3709,0.1692,0,60.31753,-174.70464,103,1.9,5,EBS,8
10.46,0.15,0.35,1.1,0.52,2.32,0,1.17,1.67,0.01,48.96,0.24,0,51.03,0.81,3.44,2.86,3.52,2.28,0,0.87,2.75,1.78,1.62,13.65,1.41,46.57,51.87,2.88,0.6,0.23,0,4.47,2.67,1.04,0,0,0.21,5.45,0.32,0,1,19.98,6.3,29.02,0,2.7,0,0.45,0.14,9.45,1.15,2.3,75.09,0.11,2.5,2.71,4.42,1.67,4.74,0.05,0,0,2.36,0,11.15,0.1,26.97,1.1,15.84,88.94,224.55,161.27,1.81,125.15,0.36,0.07,64.94,4.68,1.04,0.51,0.9,9.36,2.78,2021-VA-88,2021,202101,J-23,13137.891085,0.0148162613501859,6276.8871176015755,94,150,1,90.11,17.72,270,0.2452,0.1175,0,58.00583,-171.59305,98,3.3,2,EBS,5
7.8,0.15,0.35,1.01,0.47,2.38,0,1.13,0,0,41.51,0,0,36.31,0.81,3.57,2.55,2.8,2.09,0,0.57,2.94,2.44,0.59,12.62,2.06,48.18,37.56,3.47,1.03,0,0,4.17,1.66,1.06,0,0,0.54,2.45,0.29,0,1.07,18.53,10.24,0,4.3,0,0,0.56,0.45,11.09,1.87,1.44,63.04,0,0,3,18.66,0,0,0,0,0,2.13,0.66,0,0,31.56,1.2,14.06,75.73,184.34,134.27,1.77,105.06,0.5,0.08,50.43,4.71,0.87,0.57,1.28,14.85,2,2021-VA-89,2021,202101,F-24,13764.242642,0.0080819900610075,1361.0509190144612,94,153,1,92.21,NA,284,0.2657,0.1092,NA,56.6693,-171.95965,126,4.1,6,EBS,8
7.16,0.26,0.26,0.88,1.26,1.4,0,1.02,0.56,0,28.49,0,0,28.48,0.76,2.45,2.26,4.53,1.15,0,1.93,0,1.65,3.22,8.39,1.16,20.67,21.37,1.48,0.74,0.13,0,2.18,1.95,0.52,0,1.42,0.16,3.3,1.49,0,1.87,6.84,3.42,12.01,0,0,1.5,0.24,0.15,3.5,0,0.99,49.73,0.8,0.73,1.82,2.71,0.63,1.79,0,0,0,1.38,0,4.21,0.16,12.98,1.52,9.84,56.42,103.98,101.28,1.8,74.89,0.26,0.16,27.53,2.35,1,0.87,0.97,8.63,3.83,2021-VA-9,2021,202101,L-21,5266.087708,0.013591330854816,7725.512764100944,94,128,1,85.79,15.29,226,0.3394,0.1021,0,58.662350000000004,-170.43126,74,3.1,3,EBS,6
6.31,0,0.09,0.12,0,1.28,0,0.18,0.18,0,19,0.08,0,14.25,0.34,0.93,0.43,0,1.49,1.43,1.5,0,0.84,1.18,0,0.43,10.01,10.66,0,0.8,0,0,1.25,0.35,0,0,0,0,1.47,0.77,0.26,0,10.31,2.4,0,0,0,0,0,0,3.57,0,0,29.02,0,7.03,1.1,2.41,0,2.41,1.16,0,0,1.79,0,2.81,0,8.84,0.51,4.56,31.62,60.4,56.97,1.8,44.14,0.3,0.09,23.25,1.25,0.75,0.92,0.94,9.73,3.28,2021-VA-90,2021,202101,R-28,3305.280553,0.01512279267043545,4033.646518162809,94,175,1,93.37,17.21,306,0.3059,0.0772,0,60.68122,-175.45864,107,1.7,5,EBS,8
20.98,0.39,0.69,1.23,0.76,3.47,0,1.16,0.77,0,70.63,0.39,0,75.75,1.09,3.61,3.11,0,5.77,2.54,4.75,0,1.41,3.82,17.04,1.99,75.64,50.82,0.8,3.07,1.24,0,4.96,1.24,0,0,2.74,0,5.41,1.32,1.78,0,25.72,14.26,41.44,0,0,0,0,0,11.2,0.55,0,115.74,0,12.73,4.82,3.38,1.27,4.12,4.95,0,0,0.21,0.57,12.9,0,30.97,1.85,16.66,133.25,314.44,209.39,1.57,172.51,0.27,0.06,102.34,4.96,1.07,0.59,1.49,13.99,3.74,2021-VA-91,2021,202101,S-29,3746.837362,0.0140027161303062,6855.812765655255,94,188,1,92.83,16.83,NA,0.3409,0.1576,0,60.97676,-176.26886,113,1.6,5,EBS,8
17.9,0.26,0.7,1.3,0.61,3.07,0,1.28,1.13,0,66.21,0.29,0,59.92,0.94,3.63,3.12,2.59,2.38,0,1.55,2.76,1.74,2.59,15.06,0.65,64.56,39.5,2.72,1.23,0.25,0,4.23,2.8,0.52,0,0,0.15,3.35,0.41,0,1.33,24.33,7.95,29.78,0,3.63,0,0.59,0.15,10.93,1.23,0,86.25,0.1,10.81,3.75,2.43,1.09,3.2,0.14,0,0,2.74,0,11.03,0.16,25.36,1.75,16.9,116.35,254.06,167.71,1.44,130.59,0.29,0.06,79.05,4.38,0.9,0.65,1.63,17.89,3.4,2021-VA-92,2021,202101,R-30,6079.43505,0.015826343849514,8909.196043047546,94,186,1,78.6,15.11,204,0.3191,0.155,0,60.65664,-176.79445,129,1.9,5,EBS,8
15.28,0.3,0.78,1.57,0.87,3.38,0,1.69,0.79,0,70.25,0.47,0,65.74,1.09,4.45,3.88,0,5.12,2.44,4.45,0,1.78,2.24,14,2.28,63.93,42.14,0.72,3.14,1.59,0,4.64,0.8,0,0,2.41,1.02,2.62,1.23,1.21,0,21.09,9.58,30.74,0.6,0,3.16,0,0.18,10.58,0.55,0,51.52,0.39,7.92,1.82,2.07,1.68,4.84,3.62,0,0,0.28,0.41,13.36,0.17,28.13,1.31,19.07,125.97,254.84,141.52,1.12,103.01,0.55,0.06,73.23,5.66,0.94,0.59,1.52,25.11,1.83,2021-VA-93,2021,202101,Q-28,6520.532297,0.01431919816639125,9846.920083202891,94,176,1,82.22,17.61,264,0.4036,0.201,1,60.33854,-175.38804,111,2,5,EBS,8
15.62,0.23,0.8,1.64,0.96,2.7,0,1.65,1.52,0.02,57.59,0.34,0,48.1,1.05,4.47,3.81,4.47,2.22,0,0.67,3,1.87,1.33,13.24,1.08,57.73,33.39,3.11,1.42,0,0,4.15,1.65,0.82,0,2.02,0.49,1.91,0.35,0.02,1.28,26.24,8.84,19.89,0,3.62,0,0.37,0.15,9.44,1.24,1.55,61.12,0,15.11,3.34,2.87,1.67,3.66,0.1,0,0,2.23,0,11.72,0.17,27.43,1.49,19.75,105.99,227.78,145.18,1.37,108.71,0.45,0.07,76.28,4.65,0.84,0.66,1.73,25.19,2.23,2021-VA-94,2021,202101,P-28,1496.7114920000001,0.0137356474306392,7644.342979114581,94,177,1,89.92,17,282,0.3921,0.2008,0,60.01147,-175.26673,117,2.3,5,EBS,8
16.3,0.06,0.66,1.64,1.11,3.1,0,1.52,1.21,0,50.95,0.47,0,40.53,1.16,4.57,3.79,0,5.87,2.33,3.78,0,2.53,1.86,12.61,2.93,49.35,32.13,0.57,3.17,1.65,0,4.43,0.81,0,0,0,1.02,1.96,0.65,1.6,0,27.23,10.1,22.13,0.61,0,3.17,0,0.17,9.9,0.4,0,66.72,0,13.21,4.59,3.55,2.67,4.22,2.7,0,0,1.03,0.59,14.04,0,28.98,2.54,19.28,106.84,214.34,153.71,1.44,118.93,0.43,0.08,80.82,5.45,0.8,0.78,1.54,20.71,2.3,2021-VA-95,2021,202101,Q-28,6520.532297,0.01431919816639125,9846.920083202891,94,176,1,81.11,15.3,200,0.3631,0.1609,0,60.33854,-175.38804,111,2,5,EBS,8
14.88,0.07,0.47,0.93,0.54,3.04,0,0.98,0.39,0,56.34,0.34,0,47.55,0.86,3.39,2.45,0,4.39,2.25,3.72,0,1.83,2.36,13.89,2.41,56.45,32.49,0.54,2.67,1.15,0,3.81,0.81,0,0,1.98,0,2.89,0.83,1.72,0,19.02,11.46,28.14,0.11,0,3.12,0,0.12,10.91,0.51,0,85.09,0,7.5,2.37,4.08,4.28,3.3,3.41,0,0,1.56,0.5,12.76,0,29.5,1.69,13.98,105.4,218.04,174.46,1.66,136.5,0.35,0.07,72.58,3.81,0.84,0.69,1.74,16.43,2.88,2021-VA-96,2021,202101,Q-28,6520.532297,0.01431919816639125,9846.920083202891,94,176,1,75.9,13.51,166,0.3262,0.1429,0,60.33854,-175.38804,111,2,5,EBS,8
18.39,0.27,0.77,1.16,0.68,3.28,0,1.25,0.81,0,63.05,0.4,0,57.84,1.01,4,3.12,0,5.16,2.62,4.53,0,2.14,2.11,14.17,2.09,69.1,42.2,0.71,3.29,1.26,0,4.55,0.88,0,0,0,1.09,2.52,2.07,1.51,0,28.06,12.83,30.72,0.47,0,0,0,0,11.24,0.67,0,79.76,0,14.54,4.77,4.94,5.08,4.85,3.11,0,0,1.81,0.46,12.1,0,32.24,2.19,16.94,119.48,275.46,172.94,1.45,134.09,0.4,0.07,95.87,5.64,0.92,0.71,1.64,22.95,2.47,2021-VA-97,2021,202101,P-28,1496.7114920000001,0.0137356474306392,7644.342979114581,94,177,1,83.86,15.96,NA,0.3337,0.158,0,60.01147,-175.26673,117,2.3,5,EBS,8
12.82,0.07,0.37,0.65,0.28,1.65,0,0.49,0.49,0,33.33,0.1,0,31.33,0.55,1.76,1.26,3.7,1.64,0,1.33,1.42,1.18,2.56,7.89,0.81,26.69,22.78,1.68,0.44,0,0,2.82,2.07,0.29,0,0,0.25,2.22,0.39,0.07,2.28,20.6,6.18,19.94,0,1.76,0,0.32,0.08,5.01,0.47,0.88,53.75,0.18,14.32,2.45,3.06,1.07,3.36,0,0,0,1.06,0,6.28,0.1,16.41,1.43,8.01,62.77,154.14,109.47,1.74,83.73,0.31,0.12,66.55,3.07,0.94,0.85,1.17,14.1,3.28,2021-VA-98,2021,202101,T-28,1396.386989,0.0116611986968532,7632.148487789411,94,189,1,93.11,16.4,280,0.3874,0.1112,0,61.34088,-175.72779,98,1.5,4,EBS,9
18.85,0.29,0.67,1.26,0.64,3.1,0,1.13,1.15,0,59.03,0.34,0,54.22,0.97,3.21,3.03,4.81,2.59,0,1.97,2.6,1.85,2.82,14.39,1.34,51.09,37.48,2.51,0.72,0.2,0,4.49,3.01,1,0,0,0.44,3.39,0.29,0,1.32,26.13,7.97,30,0,3.7,0,0.69,0.15,10.86,1.39,2.15,88.4,0,12.14,3.58,3.05,1.41,4.56,0.12,0,0,4.15,0,10.6,0.13,24.31,1.55,16.12,108.94,236.36,177.94,1.63,133.97,0.27,0.09,82.86,4.94,0.92,0.81,1.36,15.98,3.64,2021-VA-99,2021,202101,R-30,6079.43505,0.015826343849514,8909.196043047546,94,186,1,91.37,17.9,308,0.3195,0.137,0,60.65664,-176.79445,129,1.9,5,EBS,8
13.48,0,0.35,1,0.58,2.51,0,1.01,0.77,0,52.89,0.34,0,82.94,0.85,1.99,2.56,4.47,0,1.19,1.52,0,0.58,4.04,10.8,1.65,40.81,30.93,0.57,1.94,0.36,0,2.86,1.1,0,0,1.56,0.6,6.28,1.64,0.64,0.67,9.03,4.6,20.81,0,0,1.48,0.56,0,6.78,0.11,0,77.43,0.31,0.96,2,1.46,0.72,1.7,2.56,0,0,0.12,0,6,0,15.66,0,11.61,86.44,199.26,138.8,1.61,109.9,0.2,0.07,38.87,3.46,1.57,0.7,1.32,13.2,4.94,2022-AKK-1,2022,202202,W-24,933.711211,0.01652750720665605,232464.78806269722,162,1,1,56.96,10.1,70,0.3463,0.1162,0,62.33188,-173.16956,59,-1.3,7,NBS,10
6.65,0.19,0.18,0.79,0.74,1.68,0,0.65,0.22,0,22.87,0.35,0,33.4,0.96,1.68,1.24,2.4,0,1.23,2.04,0,1.39,0.93,6.04,1.66,16.93,21.19,0.37,1.73,0.5,0,1.89,0.95,0,0,0.93,0.45,2.04,0.45,0,3.05,7.82,3.11,15.18,0,0,1.84,0.23,0.3,6.68,0,0,43.71,0.82,1.06,1.91,4.6,1.14,2.1,1.21,0,0,0,0,4.11,0,12.7,1.28,8.23,49.24,111.74,90.75,1.84,68.67,0.29,0.11,33.69,2.35,1.46,0.66,0.8,16.36,3.44,2022-AKK-10,2022,202202,W-24,933.711211,0.01652750720665605,232464.78806269722,162,1,2,43.78,0,28,0.3487,0.0943,0,62.33188,-173.16956,59,-1.3,7,NBS,10
10.79,0,0.27,0.35,0.23,2.47,0,0.57,0.27,0,47.46,0.25,0,86.46,0.64,1.22,1.39,3.72,0,0.91,1.16,0,0.57,3.7,9.22,1.56,32.02,27.94,0.56,0.93,0.23,0,2.24,1.01,0,0,1.34,0.54,6.16,1.38,0,2.05,9.97,3.87,26.5,0,0,1.56,0.6,0,6.26,0.15,0,71.36,0.43,0.85,1.77,2.17,1.09,1.79,2.34,0,0,0,0,3.77,0.15,13.44,0.99,7.4,73,196.73,126.43,1.73,100.36,0.19,0.06,45.13,2.77,1.82,0.61,1.15,14.04,5.31,2022-AKK-11,2022,202202,W-25,3403.484807,0.0152514735316515,918093.2505269716,162,2,2,45.29,0,33,0.3276,0.121,0,62.33338,-173.84636,64,-1.3,7,NBS,10
8.35,0.28,0.21,0.3,0.14,1.78,0,0.49,0.22,0,35.21,0.26,0,58.72,0.49,1.04,1.15,2.64,0,0.76,1.8,0,0.73,2.46,6.96,1.39,20.47,18.74,0.37,1.15,0.28,0,1.43,0.67,0,0,0.88,0.36,4.09,1.51,0,1.58,7.61,3.31,19.93,0,0,1.42,0.35,0,4.33,0,0,53.14,0.34,0.95,1.48,1.85,1.84,2.03,1.85,0,0,0,0,3.56,0,11.87,0.71,5.87,56.93,137.65,98.81,1.74,77.18,0.22,0.07,35.13,1.79,1.67,0.71,1.09,14.37,4.48,2022-AKK-12,2022,202202,W-25,3403.484807,0.0152514735316515,918093.2505269716,162,2,2,48.7,0,39,0.3346,0.115,0,62.33338,-173.84636,64,-1.3,7,NBS,10
8.27,0,0.24,0.27,0.16,1.88,0,0.43,0.25,0,38.13,0.22,0,67.81,0.51,0.99,1.14,3,0,0.82,2.3,0,0.43,3.24,7.24,1.18,24.65,24.63,0.39,1.11,0.2,0,1.69,0.83,0,0,1.08,0.44,5.41,2,0,1.64,8.41,3.29,23.15,0,0,1.23,0.49,0,4.75,0.15,0,59.39,0.23,0.9,1.53,1.26,0.46,1.77,2.03,0,0,0,0,3.56,0.11,10.64,0.3,5.94,61.35,159.59,106.73,1.74,83.69,0.18,0.08,38.54,2.13,1.78,0.67,1,12.53,5.58,2022-AKK-13,2022,202202,W-25,3403.484807,0.0152514735316515,918093.2505269716,162,2,2,46.46,0,34,0.3246,0.1196,0,62.33338,-173.84636,64,-1.3,7,NBS,10
9.7,0,0.27,0.31,0.19,2.14,0,0.43,0.2,0,35.44,0.27,0,67.14,0.53,1.07,1.19,3.03,0,0.81,1.13,0,0.61,2.78,6.87,1.38,25.36,22.64,0.44,1.25,0.25,0,1.75,0.84,0,0,1.15,0.42,4.87,1.2,0,1.61,8.96,3.61,22.91,0,0,1.29,0.48,0,5.03,0,0,60.01,0.37,0.92,1.71,2.48,0.97,1.7,2.02,0,0,0,0,3.72,0,11.75,0.92,6.35,57.52,160.79,106.6,1.85,85.01,0.2,0.07,40.59,2.17,1.89,0.62,1.12,13.78,5.1,2022-AKK-14,2022,202202,W-25,3403.484807,0.0152514735316515,918093.2505269716,162,2,2,47.32,0,38,0.3379,0.1242,0,62.33338,-173.84636,64,-1.3,7,NBS,10
8.5,0.18,0.18,0.37,0.25,1.73,0,0.59,0.25,0,28.72,0.44,0,50.89,0.52,1.32,1.5,2.39,0,0.81,0.91,0,0.63,1.47,6.62,1.93,16.46,20.86,0.45,1.62,0.35,0,1.47,0.65,0,0,0.95,0.41,2.89,0.94,0,2.96,8.74,2.84,17.61,0,0,1.6,0.26,0,4.7,0,0,49.18,0,1.11,1.31,2.29,0.98,1.78,1.83,0,0,0,0,4.6,0,12.75,0.54,6.83,56.18,127.79,93.68,1.67,75.25,0.26,0.06,33.89,1.87,1.77,0.51,0.79,17.63,3.86,2022-AKK-15,2022,202202,W-25,3403.484807,0.0152514735316515,918093.2505269716,162,2,2,48.22,0,37,0.3375,0.0894,0,62.33338,-173.84636,64,-1.3,7,NBS,10
13.84,0.22,0.28,0.63,0.43,2.91,0,0.79,0.41,0,45.22,0.48,0,74.76,0.84,1.98,1.98,3.83,0,1.34,2.61,0,1.29,1.98,9.67,3.42,30.75,36.86,0.55,2.23,0.45,0,2.59,1.09,0,0,1.45,0.66,4.75,0.89,0,3.32,18.8,3.21,40.38,0,0,2.21,0.6,0.2,8.05,0.34,0,78.64,0.63,2.11,2.86,3.59,1.27,3.96,2.94,0,0,0.1,0,6.67,0.22,19.06,1.57,10.48,84.29,222.71,148.77,1.77,117.68,0.24,0.07,70.96,3.25,1.65,0.64,0.83,15.72,4.13,2022-AKK-16,2022,202202,W-25,3403.484807,0.0152514735316515,918093.2505269716,162,2,2,46.38,0,35,0.323,0.1087,0,62.33338,-173.84636,64,-1.3,7,NBS,10
2.33,0,0,0.71,0.31,1.02,0,0.65,0.36,0,25.17,0,0,9.8,0.35,1.82,1.6,3.45,0,1.37,1.18,0,1.92,0.37,7.67,0.6,24.31,27.49,0,2.1,0.6,0,1.68,0.35,0,0,0.95,0.54,0.57,0.45,0.71,0.45,6.31,5.98,11.98,0,0,3.38,0.27,0,7.41,0,0,33.35,0.79,0.92,1.8,4.66,1.01,1.63,0.73,0,0,0,0,5.04,0,22.16,1.41,7.86,48.37,97.72,87.49,1.81,64.76,0.66,0.16,31.65,2.22,0.39,1.24,0.88,17.13,1.51,2022-AKK-161,2022,202201,P-20,3610.1855210000003,0.0145989654722175,6438.812406186336,162,120,1,84.28,15.07,234,0.3067,0.0687,0,59.99996,-169.97629,55,1,4,EBS,9
6.17,0.11,0.23,0.73,0.38,1.32,0,0.72,0.64,0,39.17,0.13,0,29.4,0.59,2.26,2.03,5.64,0,1.35,2.46,0,1.05,2.17,10.8,1.1,37.55,37.8,0.09,2.11,0.81,0,2.85,0.77,0,0,1.75,0.69,3.45,1.44,1.1,0.92,10.41,7.74,23.43,0.26,0,2.27,0.42,0.15,5.46,0.24,0,59.09,0.31,1.91,3.16,3.03,0.74,3.1,2.38,0,0,0.08,0,6.61,0.21,18.88,1.36,9.44,72.3,160.05,123.56,1.71,93.32,0.32,0.14,49.69,3.53,0.75,0.89,0.99,8.53,3.13,2022-AKK-162,2022,202201,N-21,1853.018409,0.01561344722004375,183796.20141258973,162,123,1,98.91,18.48,348,0.312,0.0862,0,59.32744,-170.53788,69,0.1,3,EBS,6
11.01,0.18,0.18,1.43,1.31,1.54,0,1.29,1.93,0,26.62,0.28,0,25.34,1.05,2.86,3.07,3.55,0,1.12,1.76,0,1.04,1.11,5.82,0.9,14.14,12.09,0.3,1.64,0.31,0,1.7,0.48,0,0,0.58,0.68,1.94,0.52,0,3.04,17.28,3.46,4.21,0,0,1.13,0.28,0,3.78,0.17,0,36.27,0.73,11.63,1.86,1.77,0,0.33,1.05,0,0,0.39,0,4.2,0,6.28,1.09,14.55,60.2,97.22,70.6,1.17,54.67,0.17,0.12,40.21,2.37,0.95,0.81,1.17,13.06,5.77,2022-AKK-163,2022,202201,Q-31,2894.577335,0.0168178829726754,1664.8944486944388,162,186,2,41.01,0,29,0.3287,0.0862,0,60.33585,-177.37448,149,1.6,5,EBS,8
12.3,0.16,0.4,0.84,0.35,2.38,0,0.71,0.51,0,49.06,0.25,0,44.34,0.63,2.11,1.45,3.21,0,2.81,3.76,0,1.71,2.18,11.54,2.13,43.42,32.51,0.35,1.72,0.42,0,3.09,0.69,0,0,0,0.69,2.06,1.11,0.93,0.72,23.27,6.48,23.7,0,0,1.94,0.28,0.14,7.48,0.23,0,54.86,0.4,10.36,3.69,2.6,0.45,8.03,2.76,0,0,0.09,0,6.99,0.19,18.18,1.6,11.16,80.24,197.45,120.95,1.51,88.21,0.33,0.1,70.1,3.78,0.9,1.23,1.34,21.48,3.02,2022-AKK-164,2022,202201,T-29,1367.828254,0.01515479123370465,28679.320836394865,162,192,2,46.06,0,32,0.3453,0.1273,0,61.33116,-176.30919,106,0.9,5,EBS,8
6.65,0.11,0.25,1.05,0.47,1.48,0,0.96,0.62,0,40.37,0.19,0,27.81,0.61,2.86,2.44,4.7,0,1.61,2.34,0,1.37,1.62,11.4,1.8,46.41,40.77,0.1,2.41,1.15,0,3.59,0.84,0,0,1.82,0.76,2.57,0.73,1.22,0.87,16.88,10.47,29.71,0.43,0,2.94,0.44,0.21,6.22,0.21,0,58.17,0.71,3.4,1.71,3.85,4.03,5.56,2.64,0,0,0.14,0,7.99,0.27,22.95,2.16,11.49,77.35,188.54,134.08,1.73,97.55,0.39,0.13,66.02,4.35,0.69,0.81,1.14,10.82,2.53,2022-AKK-165,2022,202201,M-21,3885.626929,0.01568123862187905,7269.8338918803875,162,124,1,93.41,17.06,231,0.3141,0.096,0,59.01035,-170.48345,71,0.1,3,EBS,6
11.58,0.34,0.28,0.8,0.39,2.36,0,0.73,0.51,0,43.02,0.18,0,67.88,0.73,2.15,2.21,3.86,0,2.23,3.2,0,1.24,2.6,11.2,1.3,32.98,39.62,0.44,1.77,0.49,0,2.96,1.17,0,0,1.19,0.71,3.84,1.61,0.77,0.96,11.13,5.2,26.19,0,0,2.67,0.66,0,7.3,0.28,0,66.86,0.54,1.93,2.34,3.97,1.31,4.82,1.96,0,0,0.18,0,7.55,0.13,17.92,0.69,11.37,78.66,196.63,135.34,1.72,101.32,0.27,0.09,50.75,3.67,1.58,0.84,0.83,17.66,3.73,2022-AKK-166,2022,202201,U-29,764.809982,0.0162692880258216,6208.015977078965,162,193,1,74.52,13.26,159,0.3124,0.1105,0,61.66493,-176.47266,105,0,5,EBS,8
11.29,0.17,0.48,0.83,0.3,2.04,0,0.59,0.27,0,43.99,0.18,0,43.99,0.52,1.87,1.24,2.44,0,2.42,3.46,0,1.38,2.29,9.56,1.66,38.02,28.51,0.37,1.51,0.36,0,2.67,0.61,0,0,0,0.58,1.95,0.95,0,2.12,16.2,4.8,18.56,0,0,1.16,0,0,6.16,0,0,49.01,0.44,5.86,2.6,2.77,0.4,7.51,2.32,0,0,0,0,6.16,0,16.52,0.82,9.56,75.41,166.87,108.06,1.43,80.04,0.34,0.1,50.8,3.26,1,1.03,1.33,22.6,2.97,2022-AKK-167,2022,202201,T-29,1367.828254,0.01515479123370465,28679.320836394865,162,192,2,57.73,0,66,0.3213,0.118,0,61.33116,-176.30919,106,0.9,5,EBS,8
11.68,0.17,0.36,0.66,0.33,2.05,0,0.55,0.34,0,39.8,0.18,0,40.98,0.52,1.82,1.26,2.88,0,2.58,3.2,0,1.47,2.02,9.96,1.91,38.69,29.88,0.35,1.55,0.42,0,2.76,0.71,0,0,1.37,0.64,2.1,1.08,0.73,1.17,19.84,6.74,21.48,0,0,1.57,0.19,0.11,6.54,0.25,0,49.64,0.43,7.88,3.8,2.87,2.43,7.39,2.27,0,0,0.14,0,5.96,0.15,16.29,1.4,9.59,68.18,178.44,112.49,1.65,79.79,0.33,0.11,62.61,3.4,1.03,0.93,1.3,19.47,3.05,2022-AKK-168,2022,202201,T-29,1367.828254,0.01515479123370465,28679.320836394865,162,192,2,52.02,0,47,0.3984,0.1445,0,61.33116,-176.30919,106,0.9,5,EBS,8
7.23,0.14,0.2,0.6,0.34,1.86,0,0.62,0.4,0,27.46,0.12,0,27.7,0.53,1.51,1.28,2.64,0,2.27,2.19,0,1.17,1.73,8.02,1.07,22.26,22.21,0.32,1.38,0.34,0,2.53,0.66,0,0,0,0.57,1.73,0.83,0,2.55,16.89,4.79,19.1,0,0,1.76,0.21,0,5.81,0.19,0,41.35,0.41,8.69,3.29,2.01,0.43,6.95,1.8,0,0,0,0,5.34,0.15,14.42,1.06,8.88,51.69,131.62,95.19,1.84,69.11,0.35,0.12,54.76,3.1,1.01,0.84,1,16.03,2.87,2022-AKK-169,2022,202201,T-29,1367.828254,0.01515479123370465,28679.320836394865,162,192,2,59.76,0,72,0.3105,0.0777,0,61.33116,-176.30919,106,0.9,5,EBS,8
17.66,0.36,0.4,0.66,0.43,2.75,0,0.71,0.57,0,64.62,0.32,0,110.69,0.87,1.7,2.03,5.79,0,1.46,1.7,0,0.73,5.12,11.66,1.84,50.07,39.36,0.87,1.38,0.28,0,3.15,1.41,0,0.05,1.7,0.75,9.09,1.94,0.66,0.97,9.04,5.11,24.88,0,0,1.55,0.75,0.11,7.8,0.3,0,95.58,0.5,1.19,2.15,2.49,0.93,1.94,3.08,0,0,0.13,1.35,5.63,0.07,18.57,0.62,10.3,95.9,251.27,170.24,1.78,136.05,0.19,0.07,44.86,3.89,1.71,0.69,1.27,12.17,5.15,2022-AKK-17,2022,202202,W-25,3403.484807,0.0152514735316515,918093.2505269716,162,2,1,54.25,9.4,62,0.3313,0.1345,0,62.33338,-173.84636,64,-1.3,7,NBS,10
6.64,0.12,0.17,0.99,0.88,1.67,0,1.28,0.61,0,28.99,0.28,0,17.07,0.7,2.53,2.24,3.76,0,1.41,2.13,0,1.17,1.96,9.37,1.25,32.42,22.88,0.14,2.78,0.64,0,2.44,0.65,0,0,1.46,0.71,1.46,0.98,0.9,1.43,17.45,9.54,12.6,0,0,3.66,0.39,0.18,9.41,0.46,0,45.37,0.83,12.47,3.1,3.57,2.74,1.49,1.56,0,0,0,0,7.48,0.2,30.1,1.94,11.61,64.78,138.37,121.43,1.87,89.72,0.66,0.16,58.73,3.14,0.59,0.92,1.42,11.73,1.51,2022-AKK-170,2022,202201,L-22,2328.3547829999998,0.015646566222837,8308.532245896742,162,126,1,90.57,17.17,337,0.3355,0.0906,0,58.66466,-171.0847,83,-0.4,3,EBS,6
12.57,0.17,0.44,0.87,0.4,2.15,0,0.91,0.56,0,43.27,0.25,0,36.15,0.67,2.22,2.43,4.33,0,2.26,3.61,0,1.88,2.44,11.36,1.44,45.01,34.43,0.43,2.15,0.75,0,3.34,0.77,0,0,1.57,0.75,2.95,1.32,1.08,0.61,25.56,8.92,25.37,0,0,3.03,0.37,0.15,7.43,0.53,0,65.05,0.79,14.3,4.14,4.73,2,5.29,2.75,0,0,0.13,0,8.86,0.22,22.18,1.66,11.8,77.41,205.66,141.93,1.83,105.55,0.34,0.13,83.02,4.09,0.84,1.02,1.31,12.26,2.93,2022-AKK-171,2022,202201,S-30,3069.0881090000003,0.015650712111474,19999.089994795217,162,190,1,99.08,18.71,364,0.3504,0.1243,0,61.00888,-176.96671,122,1.6,5,EBS,8
8.58,0.15,0.48,0.92,0.47,1.98,0,1.18,0.49,0,37.97,0.29,0,38.94,0.69,3.19,2.77,3.58,0,1.76,2.9,0,1.56,1.4,10.16,2.15,44.67,34.08,0.43,2.64,0.89,0,3.09,1.04,0,0,1.57,0.66,1.02,0.61,0.9,0.72,12.63,8.49,24.13,0,0,3.88,0.49,0.17,9.42,0.36,0,57.37,0.72,2.22,2.98,4.22,3.32,3.34,2.22,0,0,0.64,0,9.88,0.34,21.2,1.21,12.76,77.78,180.25,131.16,1.69,95,0.37,0.11,54.66,3.75,1.03,0.98,1.31,38.34,2.71,2022-AKK-172,2022,202201,N-24,2847.348622,0.015210524863644,2761.2459383560035,162,150,1,99.68,18.86,342,0.3135,0.0936,0,59.3343,-172.50217,88,-0.1,3,EBS,6
14.6,0.08,0.31,1.01,0.55,2.54,0,0.93,0.5,0,47.4,0.23,0,80.62,0.92,2.42,2.42,4,0,2.37,3.57,0,1.09,3.15,11.63,1.61,33.58,44.47,0.65,2.05,0.42,0,3.36,1.28,0,0,1.21,0.85,3.37,1.71,0.69,0.74,11.43,5.4,30.08,0.34,0,2.17,0.61,0,8.4,0.38,0,75.68,0.54,1.67,2.78,3.27,1.76,5.4,2.39,0,0,0,0,8.23,0.11,19.39,0.61,12.74,75.64,219.65,149.51,1.98,112.13,0.26,0.08,54.62,4.21,1.7,0.91,0.76,23.9,3.9,2022-AKK-173,2022,202201,U-29,764.809982,0.0162692880258216,6208.015977078965,162,193,1,72.52,13.68,145,0.3229,0.1094,0,61.66493,-176.47266,105,0,5,EBS,8
2.45,0,0,0.89,0.4,0.64,0,0.92,0.34,0,16.73,0,0,9.07,0.3,2.46,2.22,1.64,0,0.78,0.87,0,0.74,0,6.54,0.62,21.24,15.36,0,2.18,0.66,0,1.64,0.48,0,0,0,0.46,0,0.51,0.68,0.8,9.47,7.54,7.59,0,0,3.83,0.3,0,10.08,0,0,26.42,0.38,10.33,3.53,1.92,0,0.99,0.5,0,0,0,0,5.81,0,14.72,1.71,8.65,48.1,90.87,70.44,1.46,49.45,0.56,0.11,40.4,2.1,0.54,0.72,1.38,NA,1.8,2022-AKK-174,2022,202201,K-22,4202.926396,0.0134014223323332,2462.4251950020193,162,129,1,94.22,17.41,340,0.3083,0.06,0,58.33816,-171.01678,84,-0.6,3,EBS,6
15.12,0.22,0.3,1.97,1.68,2.53,0,1.5,1.49,0,36.22,0.35,0,32.37,1.25,3.41,3.51,4.59,0,1.81,3.18,0,1.34,1.83,9.19,2.41,27.85,24.5,0.4,2.24,0.42,0,3.1,0.72,0,0,2,0.94,3.29,1.46,0.96,0.81,30.58,5.66,12.94,0,0,2.4,0.35,0,6.38,0.61,0,60.82,0.62,12.4,4.74,3.96,0.89,1.92,2.21,0,0,0,0,6.5,0,20.75,1.65,17.91,76.22,163.6,126.53,1.66,97.28,0.34,0.13,70.28,4.04,0.89,0.86,1.14,9.83,2.93,2022-AKK-175,2022,202201,Q-31,2894.577335,0.0168178829726754,1664.8944486944388,162,186,2,32,0,43.7,0.3289,0.1256,0,60.33585,-177.37448,149,1.6,5,EBS,8
11.1,0.1,0.36,0.88,0.46,1.59,0,0.99,0.69,0,36.97,0.27,0,18.04,0.76,2.96,1.96,3.18,0,1.37,1.97,0,1.66,0.62,9.37,0.99,48.02,21.33,0.14,3.15,0.47,0,3.45,0.67,0,0,1.3,1.05,1.96,0.49,1.45,0.51,35.16,16.27,12.19,0,0,5.42,0.38,0.19,8.36,0.85,0,48.44,0.64,37.86,6.46,3.45,8.82,1.64,1.65,0,0,0.18,0,11.84,0.23,43.85,3.07,10.9,63.88,207.51,148.74,2.33,111.79,0.91,0.12,111.38,4.5,0.49,0.75,2.25,9.23,1.1,2022-AKK-177,2022,202201,J-25,4271.506634,0.0158223501517257,252.8069447106586,162,164,1,75.45,13.44,163,0.3281,0.1037,0,58.00653,-172.85404,109,2.7,6,EBS,8
4.03,0,0,0.89,0,1.34,0,1.43,0,0,25.43,0,0,15.39,0.48,3.22,3.02,2.96,0,2.04,1.23,0,1.99,0.55,11.73,0.82,16.37,20.72,0,2.68,1.06,0,2.81,0.85,0,0,0,0,0,0.48,0,1.44,6.38,6.19,11.55,0,0,2.38,0,0,13.16,0,0,51.83,0,3.19,1.54,5.18,0,0.79,1.33,0,0,0,0,7.72,0,17.43,0,11.94,57.2,90.48,108.01,1.89,81.75,0.34,0.14,34.02,2.81,0.61,1.01,0.79,NA,2.97,2022-AKK-178,2022,202201,PO2524,956.464983,0.0154902341503536,9877.190913638153,162,157,1,75.68,13.24,187,0.3381,0.0702,0,59.82958,-172.93313,80,-0.5,4,EBS,9
8.11,0.17,0.27,0.65,0.43,1.83,0,0.98,0.37,0,35.62,0.22,0,41.82,0.7,2.78,2.57,3.54,0,1.95,2.89,0,1.32,2.33,9.64,1.35,34.4,34.23,0.44,2.42,0.81,0,3.53,1.17,0,0,1.43,0.68,0.91,1.3,0.68,0.98,10.84,7.48,24.28,0,0,3.48,0.51,0.13,9.17,0.41,0,60.95,0.79,2.7,1.28,3.64,1.22,3.58,2.11,0,0,0,0,8.51,0.15,17.73,1.18,11.56,70.81,167.24,128.57,1.82,93.61,0.29,0.11,50.22,4.21,1.17,0.93,1.01,45.85,3.44,2022-AKK-179,2022,202201,O-24,1665.6463899999999,0.01493801723623275,7162.93188767163,162,151,1,89.51,16.56,265,0.3921,0.1152,0,59.6709,-172.57502,84,-0.5,3,EBS,6
7.58,0.24,0.15,0.37,0.22,2.08,0,0.47,0.26,0,35.67,0.16,0,60.14,0.53,1.09,1.37,3.3,0,1.05,1.36,0,0.55,2.26,7.06,1.47,25.09,25.37,0.37,1.19,0.22,0,2.13,0.89,0,0,1.08,0.51,4.81,1.05,0.23,0.38,8.55,2.24,22.98,0,0,1.54,0.48,0,6.37,0.11,0,55.32,0.76,0.61,1.48,2.74,4.8,3.35,1.84,0,0,0,0,4.13,0,11.46,0.35,6.91,59.96,153.43,107.93,1.8,79.09,0.21,0.07,38.59,2.63,1.69,0.68,0.99,12.52,4.83,2022-AKK-18,2022,202202,W-25,3403.484807,0.0152514735316515,918093.2505269716,162,2,1,52.92,9.12,54,0.3206,0.1193,0,62.33338,-173.84636,64,-1.3,7,NBS,10
12.08,0.08,0.37,0.67,0.3,2.7,0,0.46,0.48,0,47.54,0.17,0,53,0.62,1.9,1.03,3.85,0,3.38,4.73,0,1.67,3.89,11.6,1.96,37.96,36.17,0.45,1.67,0.4,0,3.31,1.17,0,0,0,0.83,3.34,1.24,0.84,0.82,16.15,5.79,26.03,0,0,1.55,0.28,0,9,0.26,0,76.72,0.35,5.03,3.18,2.17,0.41,8.91,3.56,0,0,0,0,7.72,0.13,19.92,1.18,10.92,84.55,191.89,153.57,1.82,114.83,0.26,0.12,58.35,4.13,1.11,1.28,1.05,15.89,3.85,2022-AKK-180,2022,202201,U-29,764.809982,0.0162692880258216,6208.015977078965,162,193,2,56.2,0,60,0.2967,0.0998,0,61.66493,-176.47266,105,0,5,EBS,8
13.09,0.15,0.24,0.91,0.56,1.97,0,0.83,0.44,0,36.98,0.26,0,29.6,0.67,3.14,2.33,3.73,0,2.24,2.74,0,1.52,1.8,13.12,1.34,42.43,32.66,0.14,2.77,0.85,0,3.36,0.83,0,0,1.67,0.8,2.69,0.82,1.82,0,26.09,9.93,21.64,0,0,3.02,0.38,0.17,7.46,0.46,0,62.59,0.51,14.43,5.68,3.6,3.86,4.6,2.4,0,0,0.19,0.25,12.57,0.23,24.44,1.88,12.41,72.29,193.38,143.06,1.98,107.72,0.39,0.13,81.38,4.16,0.8,0.89,1.3,11,2.56,2022-AKK-181,2022,202201,T-29,1367.828254,0.01515479123370465,28679.320836394865,162,192,1,113.18,22.52,591,0.3456,0.1107,0,61.33116,-176.30919,106,0.9,5,EBS,8
6.91,0.12,0.18,0.7,0.4,1.57,0,1.02,0.54,0,31.77,0.25,0,33.09,0.65,3.02,2.59,3.64,0,1.87,2.2,0,1.19,1.94,8.94,1.23,32.97,31.41,0.13,2.5,0.81,0,2.9,0.89,0,0,1.25,0.57,1.1,0.59,0.51,1.45,9.59,10.95,18.45,0,0,2.19,0.45,0,7.47,0.25,0,57.02,0.71,5.29,3.35,4.13,4.29,3.59,2.29,0,0,0.5,0,9.8,0.17,21.15,1.2,11.71,65.03,155.39,127.52,1.96,94.81,0.37,0.12,51.77,3.47,1.04,0.94,1.05,30.17,2.7,2022-AKK-182,2022,202201,O-24,1665.6463899999999,0.01493801723623275,7162.93188767163,162,151,1,83.96,16.71,252,0.3029,0.0876,0,59.6709,-172.57502,84,-0.5,3,EBS,6
11.1,0.23,0.56,0.68,0.36,2.39,0,0.74,0.66,0,44.51,0.25,0,40.89,0.63,1.99,2.39,4.87,0,2.59,4.59,0,1.94,4.23,12.39,1.18,36.15,34.1,0.43,1.82,0.69,0,3.02,0.86,0,0,1.59,0.66,4.53,0.73,1.04,0.65,14.64,6.16,22.43,0,0,2.45,0.31,0,8.82,0.45,0,75.84,0.54,5.96,2.86,4.2,1.71,5.79,2.62,0,0,0,0,8.1,0.33,18.67,0.98,11.8,81.65,173.23,153.14,1.88,113.47,0.25,0.15,56.24,3.68,0.92,1.23,1.06,9.02,4.06,2022-AKK-183,2022,202201,S-30,3069.0881090000003,0.015650712111474,19999.089994795217,162,190,1,107.01,21.31,451,0.3319,0.1015,0,61.00888,-176.96671,122,1.6,5,EBS,8
10.81,0.1,0.31,1.21,0.49,1.57,0,1.12,0.73,0,36.9,0.2,0,22.92,0.65,3.31,2.84,3.39,0,1.53,2.04,0,1.32,0.62,10.63,1.59,55.62,43.53,0.15,3.77,1.14,0,4.89,0.88,0,0,0,0.96,2.17,1.04,2.12,0,45.16,15.62,23.33,0.62,0,5.58,0.56,0.24,8.78,0.58,0,55.38,0.79,23.82,6.01,4.96,1.6,2.64,1.86,0,0,0.22,0,12.46,0.19,36.83,3.06,12.79,68.87,250.72,145.56,2.11,111.55,0.66,0.11,118.91,5.85,0.62,0.67,1.28,10.57,1.5,2022-AKK-184,2022,202201,K-21,7758.335566,0.0147477976263255,10883.981057176547,162,128,1,93.14,18.31,211,0.3584,0.114,0,58.33725,-170.38538,75,0,3,EBS,6
5.11,0.12,0.23,0.74,0.5,1.62,0,1.16,0.46,0,31.91,0.19,0,24.46,0.56,2.67,2.23,2.83,0,1.69,1.97,0,1.13,1.04,9.2,1.12,36.39,27.2,0.11,2.38,0.89,0,3.11,0.74,0,0,1.3,0.68,1.14,1.05,0.96,0.34,12.22,9.58,24.26,0,0,4.39,0.55,0.18,8.96,0.6,0,47.98,0.4,4.7,3.81,2.6,1.07,3.72,2.08,0,0,0,0,9.51,0,16.49,1.07,11.07,64.34,150.89,111.56,1.73,79.94,0.34,0.11,57.18,3.79,0.77,0.75,1.34,21.55,2.91,2022-AKK-185,2022,202201,O-24,1665.6463899999999,0.01493801723623275,7162.93188767163,162,151,1,75.34,12.28,159,0.3936,0.1163,0,59.6709,-172.57502,84,-0.5,3,EBS,6
10.48,0.16,0.48,1.08,0.71,2.26,0,1.41,0.79,0,49.5,0.37,0,36.32,0.93,3.98,2.83,4.3,0,1.95,2.94,0,1.43,1.1,13.22,1.93,56.63,32.54,0.22,3.33,0.95,0,3.67,0.66,0,0,1.85,0.84,2.56,1.6,1.82,0,22.21,12.67,19.88,0,0,4.07,0.37,0.17,10.47,0.79,0,59.19,1.34,11.28,3.67,4.98,2.55,2.96,2.82,0,0,0,0.18,11.1,0.4,38.59,2.33,15.01,99.44,209.76,155,1.56,117.49,0.65,0.1,74.69,4.52,0.73,0.8,1.74,14.22,1.53,2022-AKK-186,2022,202201,QP2625,616.092759,0.0161361840087327,373857.49609295576,162,153,1,94.9,19.13,374,0.3597,0.138,0,60.13564,-173.7605,88,-0.2,4,EBS,9
17.83,0.21,0,1.38,1.37,1.79,0,1.15,2.24,0,24.93,0.27,0,25.66,1.07,2.72,2.78,3.92,0,1.24,1.18,0,1.27,1.11,6.45,1.36,11.86,14.96,0.28,1.73,0.32,0,1.97,0.54,0,0,1.24,0,2.08,1.28,0,3.49,39.51,4.72,5.97,0,0,1.27,0.21,0,4.37,0,0,41.81,0,29.61,3.82,2.77,4.74,1.62,1.73,0,0,1.15,0,4.62,0,12.51,2.36,14.67,NA,145.95,92.42,NA,67.5,0.3,0.13,86.4,1.97,1.03,0.69,0.79,12.37,3.34,2022-AKK-188,2022,202201,Q-31,2894.577335,0.0168178829726754,1664.8944486944388,162,186,2,58.05,0,71,0.3591,0.0977,0,60.33585,-177.37448,149,1.6,5,EBS,8
NA,NA,NA,NA,NA,NA,NA,NA,NA,NA,NA,NA,NA,NA,NA,NA,NA,NA,NA,NA,NA,NA,NA,NA,NA,NA,NA,NA,NA,NA,NA,NA,NA,NA,NA,NA,NA,NA,NA,NA,NA,NA,NA,NA,NA,NA,NA,NA,NA,NA,NA,NA,NA,NA,NA,NA,NA,NA,NA,NA,NA,NA,NA,NA,NA,NA,NA,NA,NA,NA,NA,NA,NA,NA,NA,NA,NA,NA,NA,NA,NA,NA,NA,NA,2022-AKK-189,2022,202201,L-21,2400.577941,0.0154052492643621,18953.577120979517,162,127,1,98.65,18.66,310,0.3117,0.0842,0,58.66451,-170.43344,74,-0.1,3,EBS,6
9.09,0.23,0.2,0.68,0.39,2.14,0,0.86,0.18,0,37.39,0.2,0,64.82,0.63,1.46,1.94,2.79,0,0.89,2.16,0,0.57,1.94,7.45,1.47,26.97,25.61,0.38,1.34,0.3,0,2.29,0.84,0,0,1.13,0.5,4.53,1.69,0,1.34,8.98,4.26,23.85,0,0,1.74,0.56,0,5.17,0.13,0,61.49,0.26,1.21,1.69,1.48,0.65,1.97,2.22,0,0,0,0,4.74,0,12.65,0,8.54,64.15,163.08,111.41,1.74,88.17,0.21,0.07,41.47,2.79,1.73,0.59,1.05,14.3,4.86,2022-AKK-19,2022,202202,W-25,3403.484807,0.0152514735316515,918093.2505269716,162,2,1,63.85,11.36,89,0.3257,0.1062,0,62.33338,-173.84636,64,-1.3,7,NBS,10
8.93,0.19,0.42,0.88,0.41,2.21,0,1.34,0.5,0,39.24,0.33,0,47.17,0.8,2.79,2.47,4.31,0,1.7,2.88,0,1.35,2.51,9.38,2.2,32.25,30.95,0.47,2.47,0.73,0,2.66,1.04,0,0,1.69,0.54,1.61,0.81,0.66,0.97,10.57,6.45,22.1,0,0,2.8,0.63,0.19,8.47,0.31,0,74.19,0.58,1.77,2.79,3.55,3.27,3.23,2.5,0,0,0,0.15,8.47,0.13,24.61,1.07,12.3,76.87,165.35,149.75,1.95,114.72,0.33,0.11,47.22,3.2,1.2,1.1,1.04,29.26,3.01,2022-AKK-190,2022,202201,O-24,1665.6463899999999,0.01493801723623275,7162.93188767163,162,151,1,78.44,14.23,195,0.3258,0.1014,0,59.6709,-172.57502,84,-0.5,3,EBS,6
14.2,0.16,0.49,0.97,0.44,2.84,0,0.74,0.53,0,56.37,0.3,0,54.29,0.75,2.42,1.53,3.38,0,2.99,4.24,0,1.81,1.85,12.28,2.63,51.08,36.03,0.53,2.26,0.43,0,3.49,0.75,0,0,0,0.83,2.33,1.47,0,1.79,23.99,6.54,24.08,0,0,1.94,0.31,0.16,8.73,0.43,0,59.69,0.48,8.78,3.47,3.06,0.54,10.07,3.05,0,0,0.14,0.13,8.86,0.17,24.25,1.46,12.47,89.85,219.72,140.52,1.56,103.16,0.41,0.09,69.91,4.32,0.96,1.02,1.42,23.31,2.46,2022-AKK-191,2022,202201,T-29,1367.828254,0.01515479123370465,28679.320836394865,162,192,2,47.61,0,25,0.3261,0.1172,0,61.33116,-176.30919,106,0.9,5,EBS,8
7.77,0.13,0.29,0.78,0.55,1.89,0,1.16,0.59,0,44.37,0.23,0,41.36,0.77,3.6,2.9,4.11,0,1.8,2.87,0,1.51,1.96,10.46,1.38,47.43,39.54,0.15,3.25,1.01,0,3.76,1,0,0,1.5,0.82,1.67,0.56,0.64,1.43,11.41,11.28,27.32,0,0,3.33,0.57,0.14,10.07,0.53,0,72.96,0.37,3.66,3.47,2.29,0.61,4.96,2.77,0,0,0,0.13,11.92,0.16,30.5,1.28,13.27,79.6,195.12,160.56,2.02,124.25,0.42,0.11,59.43,4.59,0.93,0.89,1.2,24.7,2.39,2022-AKK-192,2022,202201,O-24,1665.6463899999999,0.01493801723623275,7162.93188767163,162,151,1,85.78,14.12,241,0.3844,0.1176,0,59.6709,-172.57502,84,-0.5,3,EBS,6
10.07,0.19,0.49,1.34,0.61,1.85,0,1.12,0.51,0,43.58,0.25,0,39.2,0.79,3.38,3.03,4.57,0,2.29,1.83,0,1.48,3.36,12.28,2.12,50.42,47.88,0.15,2.9,1.1,0,3.97,1.01,0,0,2.03,0.82,3.9,0.73,0.98,1.27,26.4,10.2,29.5,0.37,0,2.84,0.59,0.11,8.48,0.28,0,80.1,0.61,11.76,5.25,3.77,1.6,5.05,3.76,0,0,0.22,0.34,10.91,0.23,26.16,1.74,14.14,83.36,232.81,166.75,2,129.01,0.33,0.12,86.88,4.79,0.9,0.76,1.05,10.05,3.06,2022-AKK-193,2022,202201,L-21,2400.577941,0.0154052492643621,18953.577120979517,162,127,1,104.35,19.36,397,0.3282,0.0941,0,58.66451,-170.43344,74,-0.1,3,EBS,6
11.24,0.19,0.42,1.25,0.72,2.16,0,1.21,0.63,0,52.66,0.44,0,42.89,0.95,3.49,3.04,6.57,0,2.17,1.7,0,1.51,4.17,14.4,2.51,53.46,45.72,0.15,3.35,1.18,0,4.28,1.05,0,0,2.39,0.97,4.77,2.3,1.16,0.62,17.68,8.96,27.88,0,0,2.63,0.58,0.11,8.51,0.25,0,92.08,0.75,3.5,4.36,3.98,4.03,4.85,3.94,0,0,0.94,0,11.1,0.21,30.13,1.55,14.68,92.01,217.81,190.56,2.07,145.38,0.33,0.13,66.36,5.25,0.81,0.79,1.17,8.98,3.06,2022-AKK-194,2022,202201,L-21,2400.577941,0.0154052492643621,18953.577120979517,162,127,1,98.57,18.28,268,0.3774,0.1048,0,58.66451,-170.43344,74,-0.1,3,EBS,6
7.85,0.15,0.34,0.8,0.42,1.97,0,1.03,0.45,0,40.22,0.25,0,41.59,0.77,3.09,2.59,3.92,0,1.99,3,0,1.43,2.1,11.49,1.55,48.2,45.5,0.17,3.27,0.97,0,4.03,1.22,0,0,1.54,0.88,2.24,0.7,0.93,1.06,11.82,10.59,29.02,0,0,3.97,0.63,0.17,9.53,0.56,0,72.5,0.64,3.41,3.46,4.58,3.19,4.1,2.64,0,0,0.28,0.22,11.21,0.25,32.85,1.59,12.34,81.05,206.1,164.78,2.03,125.57,0.45,0.11,62.88,4.91,1.03,0.83,1.06,18.54,2.21,2022-AKK-195,2022,202201,O-24,1665.6463899999999,0.01493801723623275,7162.93188767163,162,151,1,80.79,19.49,194,0.3276,0.1065,1,59.6709,-172.57502,84,-0.5,3,EBS,6
14.86,0.08,0.31,1.66,1.17,3.35,0,1.67,1.22,0,49.36,0.6,0,45.69,1.46,4.2,3.45,5.69,0,2.48,2.53,0,1.91,3.11,13.19,2.33,42.09,33.56,0.18,3.39,1.01,0,3.92,1.02,0,0,3.18,0.98,4.39,2.8,1.52,0,22.7,9.04,17.22,0,0,3.53,0.56,0.18,11.6,0.64,0,69.41,0.71,12.08,5.14,4.01,2.49,2.79,2.34,0,0,0.31,0.15,11.92,0.17,25.06,1.59,19.19,94.48,201.4,161.35,1.71,116.81,0.36,0.12,70.2,4.91,0.93,0.76,1.25,10.41,2.77,2022-AKK-196,2022,202201,S-31,3436.4519539999997,0.0167529499598835,3163.621936847746,162,189,1,84.07,13.27,191,0.3233,0.1516,0,61.00789,-177.6324,135,1.5,5,EBS,8
10.07,0.14,0.27,0.58,0.24,1.9,0,0.39,0.29,0,36,0.15,0,35.94,0.47,1.54,0.88,2.46,0,2.55,2.9,0,1.34,1.81,9.07,1.75,28.78,25.68,0.3,1.36,0.36,0,2.68,0.84,0,0,0,0.58,1.78,0.82,0.66,0.98,16.61,4.69,20.5,0,0,1.29,0.17,0,6.11,0.22,0,46.74,0.38,6.62,3.16,2.2,0.42,8.38,2.3,0,0,0,0,5.66,0.31,15.39,1.32,8.37,61.85,149.77,103.24,1.67,74.99,0.33,0.11,53.77,3.26,1,1.06,1.12,20.21,3.04,2022-AKK-197,2022,202201,T-29,1367.828254,0.01515479123370465,28679.320836394865,162,192,2,51.71,0,45,0.3609,0.1175,0,61.33116,-176.30919,106,0.9,5,EBS,8
6.92,0.15,0.28,0.95,0.51,1.49,0,0.87,0.84,0,39.98,0.17,0,32.13,0.69,2.59,2.26,5.5,0,1.56,1.14,0,1.38,2.65,11.8,1.51,41.81,39.65,0.1,2.17,0.98,0,3.24,0.85,0,0,2.11,0.7,3.69,1.87,1.75,0,12.83,8.41,23.03,0.35,0,2.19,0.47,0.14,6.41,0.27,0,68.23,0.52,2.31,3.53,2.09,0.43,3.65,3.02,0,0,0.46,0,8.19,0.22,21,1.51,11.07,73.43,172.22,138.77,1.89,106.48,0.31,0.13,52.2,3.94,0.8,0.79,1.05,8.7,3.25,2022-AKK-198,2022,202201,L-21,2400.577941,0.0154052492643621,18953.577120979517,162,127,1,95.81,17.86,256,0.3774,0.119,0,58.66451,-170.43344,74,-0.1,3,EBS,6
7.81,0.16,0.26,0.76,0.45,1.55,0,0.75,0.82,0,41.39,0.19,0,33.81,0.71,2.48,2.1,7.05,0,1.84,3.32,0,1.51,3.17,11.75,1.47,39.07,39.79,0.12,2.32,1.03,0,3.6,0.93,0,0,1.82,0.73,3.62,1.9,1.16,0.73,14.3,8.18,25.04,0,0,2.37,0.48,0,7.57,0.33,0,69.45,0.58,3.06,4.03,2.38,0.49,4.33,2.93,0,0,0,0,8.01,0.24,22.67,1.42,10.75,69.73,176.14,148.04,2.12,109.98,0.33,0.17,56.98,4.33,0.82,1.05,0.98,9.33,3.06,2022-AKK-199,2022,202201,L-21,2400.577941,0.0154052492643621,18953.577120979517,162,127,1,96.21,17.5,220,0.3011,0.0844,0,58.66451,-170.43344,74,-0.1,3,EBS,6
10.17,0.23,0.19,0.64,0.42,1.93,0,0.74,0.68,0,37.94,0.22,0,65.5,0.66,1.74,1.91,3.89,0,1.07,1.24,0,0.78,2.37,7.8,1.16,24.21,22.55,0.47,1.61,0.34,0,2.03,0.83,0,0,0.95,0.46,3.85,0.78,0,1.69,7.37,4.04,17.27,0,0,1.64,0.5,0.1,6.14,0.23,0,61.88,0.35,1.7,1.17,1.83,0.58,1.64,2.05,0,0,0,0.63,5.77,0.11,14.78,0.33,9.13,66.73,150.28,115.05,1.72,92.13,0.24,0.07,33.39,2.49,1.73,0.76,1.07,17.02,4.19,2022-AKK-2,2022,202202,W-24,933.711211,0.01652750720665605,232464.78806269722,162,1,1,57.97,9.94,67,0.3336,0.1068,0,62.33188,-173.16956,59,-1.3,7,NBS,10
10.29,0.34,0.21,0.39,0.22,2.22,0,0.58,0.29,0,45.87,0.25,0,87.73,0.64,1.27,1.57,3.5,0,0.93,2.46,0,0.52,3.43,8.29,1.35,24.88,24.31,0.49,0.86,0.37,0,1.99,0.97,0,0,1.31,0.47,6,1.58,0,1.31,8.83,3.28,25.38,0,0,1.68,0.68,0,5.2,0,0,71.97,0.32,0.95,1.69,1.72,0.69,1.56,2.49,0,0,0,0,4,0.11,11.91,0.73,7.47,71.11,183.29,124.08,1.75,98.67,0.17,0.07,41.84,2.46,1.91,0.71,1.02,14.62,6.04,2022-AKK-20,2022,202202,W-25,3403.484807,0.0152514735316515,918093.2505269716,162,2,1,55.61,9.68,66,0.3306,0.1112,0,62.33338,-173.84636,64,-1.3,7,NBS,10
3.69,0,0.1,0.49,0.42,1.09,0,0.67,0.54,0,30.91,0.12,0,25.23,0.51,2.12,2,3.05,0,1.31,0.96,0,0.93,2.18,8.08,0.97,29.32,32.02,0.23,1.4,0.78,0,2.97,0.71,0,0,0.92,0.55,2.67,0.81,0.6,0.86,10.15,7.05,28.21,0,0,2.25,0.36,0,4.78,0.14,0,52.63,0.83,0.92,3.14,4.19,2.27,5.19,2.44,0,0,0,0,6.57,0,17.92,1.22,8.63,60.04,144.8,111.93,1.86,84.71,0.34,0.11,53.67,3.52,0.82,0.69,0.92,9.45,2.94,2022-AKK-200,2022,202201,N-21,1853.018409,0.01561344722004375,183796.20141258973,162,123,1,87.15,15.57,NA,0.3129,0.0694,0,59.32744,-170.53788,69,0.1,3,EBS,6
8.71,0.3,0.28,0.9,0.48,1.59,0,0.59,0.36,0,29.43,0.44,0,52,0.82,1.46,1.41,3.07,0,0.85,1.76,0,1.02,1.27,6.4,1.68,20.26,20.79,0.34,1.5,0.36,0,1.4,0.55,0,0,0.85,0.38,1.77,0.7,0,2.38,9.98,1.47,17.71,0,0,1.43,0.24,0.15,4.65,0.16,0,44.17,0.46,0.91,1.45,2.87,1.09,2.06,1.54,0,0,0,0,3.6,0,11.69,0.86,7.66,55.91,133.35,86.15,1.54,66.71,0.26,0.08,34.38,1.78,1.77,0.85,0.97,29.38,3.78,2022-AKK-21,2022,202202,W-26,1487.804902,0.0148925305403325,449856.8656183815,162,3,2,43.64,0,26,0.3074,0.1045,0,62.32656,-174.58062,71,-1.5,7,NBS,10
11.52,0.36,0.38,0.52,0.35,1.95,0,0.5,0.45,0,38.56,0.23,0,73.75,0.65,1.35,1.57,3.75,0,0.86,1.51,0,0.87,3.02,6.83,1.22,34.26,27.65,0.49,1.51,0.28,0,2.49,0.93,0,0,0.95,0.55,4.09,0.91,0,1.88,6.77,3.72,16.3,0,0,1.2,0.43,0,5.5,0,0,54,0.48,0.98,0.73,1.94,2.22,2.14,1.61,0,0,0,0,3.84,0,12.69,0.52,7.54,64.19,171.1,104.83,1.63,79.53,0.24,0.07,30.44,3.04,1.91,0.76,1.24,18.02,4.25,2022-AKK-22,2022,202202,W-26,1487.804902,0.0148925305403325,449856.8656183815,162,3,2,48.65,0,39,0.3069,0.1056,0,62.32656,-174.58062,71,-1.5,7,NBS,10
10.41,0.33,0.25,0.83,0.53,1.77,0,0.63,0.37,0,29.62,0.33,0,60.95,0.85,1.5,1.58,3.31,0,0.93,0.98,0,1.01,1.89,6.54,1.47,18.11,21.33,0.4,1.5,0.34,0,1.59,0.75,0,0,0.83,0.39,2.41,0.68,0,1.91,8.74,1.6,19.7,0,0,1.39,0.3,0.15,5.03,0.14,0,49.25,0.42,0.92,0.77,2.57,1.09,2.01,1.81,0,0,0,0,4.14,0.18,12.92,0.9,8.15,57.77,140.4,94.17,1.63,73.98,0.26,0.07,34.31,1.98,2.06,0.81,0.85,25.29,3.81,2022-AKK-23,2022,202202,W-26,1487.804902,0.0148925305403325,449856.8656183815,162,3,2,45.21,0,29,0.3294,0.1066,0,62.32656,-174.58062,71,-1.5,7,NBS,10
12.38,0.31,0.42,0.83,0.5,2.28,0,0.76,0.5,0,43.51,0.44,0,71.44,0.86,1.84,1.92,4.19,0,1.2,2.03,0,1.17,3.11,8,2.42,37.4,35.47,0.47,1.93,0.32,0,2.98,1.05,0,0,1.12,0.68,4.19,0.7,0,1.73,10.49,5.01,21.08,0,0,1.71,0.37,0.12,6.17,0.2,0,57.64,0.31,1.47,1.78,1.99,1.02,3.51,1.82,0,0,0.1,0,5.37,0.17,17.01,0.81,9.83,77.81,193.47,118.19,1.52,89.81,0.3,0.08,41.82,3.67,1.64,0.82,1.05,17.05,3.39,2022-AKK-24,2022,202202,W-26,1487.804902,0.0148925305403325,449856.8656183815,162,3,2,44.24,0,25,0.329,0.1159,0,62.32656,-174.58062,71,-1.5,7,NBS,10
15.58,0.52,0.35,1.43,1.02,2.05,0,0.81,0.43,0,39.93,0.46,0,82.11,1.33,2.28,2.04,4.18,0,1.34,1.3,0,1.69,2.22,10.09,2.43,27.33,31.17,0.66,2.2,0.62,0,2.21,1.19,0,0,1.34,0.51,2.82,0.95,0.83,1.75,13.46,2.73,25.97,0,0,2.15,0.58,0.26,7.34,0.12,0,67.44,0.67,1.17,2.68,4.55,0.75,1.91,2.24,0,0,0,0,4.46,0.19,14.95,1.66,11.39,77.39,200.24,122.7,1.59,95.97,0.22,0.07,50.55,2.72,2.06,0.83,0.88,29.15,4.51,2022-AKK-25,2022,202202,W-26,1487.804902,0.0148925305403325,449856.8656183815,162,3,2,46.75,0,31,0.3487,0.118,0,62.32656,-174.58062,71,-1.5,7,NBS,10
13.5,0.29,0.35,0.74,0.43,2.6,0,0.81,0.41,0,49.51,0.4,0,87.88,0.73,1.64,2.14,4.17,0,1.23,1.88,0,0.82,3.19,9.07,1.58,40.9,33.22,0.5,1.57,0.29,0,2.9,1.17,0,0,1.43,0.64,5.25,1.11,0.54,1.14,8.39,4.42,23.24,0,0,1.71,0.62,0.09,7.13,0.11,0,62.89,0.37,0.85,1.71,2.08,3.81,2.86,1.94,0,0,0.09,0,4.89,0.14,12.88,0.16,9.99,80.42,207.97,122.92,1.53,90.57,0.2,0.07,40.68,3.54,1.77,0.72,1.23,16.73,4.88,2022-AKK-26,2022,202202,W-26,1487.804902,0.0148925305403325,449856.8656183815,162,3,1,61.41,10.93,88,0.3263,0.1245,0,62.32656,-174.58062,71,-1.5,7,NBS,10
10.42,0.31,0.19,0.59,0.34,1.77,0,0.67,0.29,0,34.84,0.17,0,69,0.63,1.25,1.67,3.44,0,0.93,0.93,0,0.65,2.55,7.04,1,21.36,21.25,0.39,1.31,0.48,0,1.95,0.89,0,0,1.01,0.49,4.01,0.92,0,1.51,6.45,2.75,17.93,0,0,1.25,0.48,0,4.52,0,0,54.68,0.36,0.41,1.29,1.93,0.68,1.39,1.8,0,0,0,0,3.3,0,9.67,0.35,7.51,65.66,146.43,96.59,1.47,76.1,0.18,0.07,30.78,2.44,1.98,0.67,1.01,17.22,5.66,2022-AKK-27,2022,202202,W-26,1487.804902,0.0148925305403325,449856.8656183815,162,3,1,58.1,10.08,71,0.3143,0.1104,0,62.32656,-174.58062,71,-1.5,7,NBS,10
15.61,0.4,0.33,0.76,0.47,2.49,0,0.96,0.68,0,56.82,0.48,0,97.88,0.85,1.95,2.22,4.88,0,1.17,1.24,0,0.57,4.55,11.89,3.19,34.81,31.04,0.6,1.28,0.26,0,2.79,1.19,0,0,1.53,0.61,6.11,1.69,0.57,0.47,10.11,4.77,23.15,0,0,1.78,0.71,0,6.42,0.3,0,85.46,0.28,1.07,1.92,1.93,0.73,2.15,2.84,0,0,0.09,0,6.28,0.12,16.76,0.82,10.69,93.09,214.24,149.39,1.6,119.4,0.2,0.07,42.95,3.39,1.72,0.77,1.12,16.01,5.1,2022-AKK-28,2022,202202,W-26,1487.804902,0.0148925305403325,449856.8656183815,162,3,1,65.83,10.52,98,0.3409,0.1415,0,62.32656,-174.58062,71,-1.5,7,NBS,10
12.3,0.46,0.32,0.49,0.22,2.32,0,0.53,0.27,0,47.51,0.21,0,91.72,0.67,1.35,1.4,4.29,0,0.83,1.03,0,0.73,3.54,8.85,1.39,28.66,26.22,0.6,0.98,0.25,0,2.02,1.02,0,0,1.05,0.56,5.16,1.08,0,1.87,8.33,3.51,23.74,0,0,1.55,0.59,0,5.9,0.29,0,73.88,0.35,0.68,1.95,1.49,0.62,1.67,2.58,0,0,0,0,4.03,0.17,15.04,0.85,7.4,75.49,191.32,128.76,1.71,104.16,0.2,0.06,39.71,2.58,1.93,0.74,1.09,17.76,4.91,2022-AKK-29,2022,202202,W-26,1487.804902,0.0148925305403325,449856.8656183815,162,3,1,54.37,9.09,58,0.3136,0.1111,0,62.32656,-174.58062,71,-1.5,7,NBS,10
11.07,0.25,0.31,0.66,0.39,2.12,0,0.8,0.54,0,50.87,0.33,0,71.96,0.68,1.85,1.95,3.96,0,1.35,1.55,0,1,3.27,11.14,1.89,45.23,30.42,0.48,1.9,0.32,0,2.82,0.95,0,0,1.15,0.57,5.61,1.07,0.66,0.6,9.05,5.65,19.11,0,0,1.36,0.45,0,6.55,0.18,0,68.54,0.33,1.39,1.33,2.01,1.15,2.18,2.27,0,0,0,0,6.67,0,20.26,0.63,9.67,82.94,192.38,132.49,1.6,105.7,0.3,0.07,38.55,3.4,1.41,0.75,1.49,12.82,3.38,2022-AKK-3,2022,202202,W-24,933.711211,0.01652750720665605,232464.78806269722,162,1,1,56.79,10.65,69,0.375,0.1429,0,62.33188,-173.16956,59,-1.3,7,NBS,10
10.74,0.38,0.28,0.57,0.29,2.11,0,0.69,0.29,0,40.91,0.22,0,77.14,0.71,1.53,1.79,3.41,0,0.89,1.13,0,0.79,2.45,8.22,1.85,26.2,27.52,0.47,1.62,0.37,0,1.97,0.88,0,0,1.26,0.49,4.04,1.02,0,1.73,10.44,3.99,26.92,0,0,1.86,0.59,0,5.99,0,0,65.23,0.38,1,2.28,2.2,1.03,1.82,2.46,0,0,0,0,5.27,0,16.68,0.87,8.15,71.34,183.7,120.46,1.69,96.68,0.26,0.06,46.82,2.46,1.89,0.66,0.95,19.09,3.91,2022-AKK-30,2022,202202,W-26,1487.804902,0.0148925305403325,449856.8656183815,162,3,1,55.6,9.68,67,0.3211,0.1127,0,62.32656,-174.58062,71,-1.5,7,NBS,10
13.3,0.43,0.2,0.86,0.49,2.28,0,0.81,0.51,0,44.4,0.21,0,92.08,0.8,1.62,2.03,4.19,0,1.27,1.37,0,0.74,2.68,9.79,1.57,25.72,28.4,0.53,0.99,0.27,0,2.32,1.13,0,0,1.07,0.61,4.66,0.97,0.61,0.96,7.52,3.75,19.22,0,0,1.36,0.61,0,6.2,0.11,0,66,0.35,0.91,1.76,1.89,1.27,2.16,1.91,0,0,0.09,0,4.62,0.12,12.59,0.5,9.87,80.45,186.05,117.89,1.47,92.21,0.19,0.06,35.05,2.93,2.07,0.75,0.91,19.75,5.24,2022-AKK-31,2022,202202,W-27,803.949668,0.0162765133009413,139471.40815894,162,4,1,64.47,11.47,95,0.3549,0.1257,0,62.33041,-175.28957,78,-1.6,7,NBS,10
14.89,0.37,0.38,0.84,0.49,2.04,0,0.68,0.37,0,45.36,0.31,0,93.4,0.86,1.61,1.96,5.06,0,1.02,1.57,0,0.91,3.44,8.02,1.6,34.17,35.12,0.5,1.72,0.3,0,2.76,1.16,0,0,1.18,0.67,4.8,0.95,0.54,1.49,9.32,2.2,23.28,0,0,1.48,0.51,0,6.15,0.28,0,67.88,0.4,0.85,1.83,2.42,0.74,2.36,2.14,0,0,0.21,0,4.5,0.12,16.4,0.78,9.01,78.34,208.75,126.95,1.62,99.07,0.24,0.07,39.91,3.43,2.06,0.83,0.97,19.46,4.14,2022-AKK-32,2022,202202,W-27,803.949668,0.0162765133009413,139471.40815894,162,4,2,50.36,0,40,0.3312,0.1074,0,62.33041,-175.28957,78,-1.6,7,NBS,10
14.53,0.47,0.45,0.97,0.52,2.2,0,0.84,0.5,0,43.16,0.21,0,103,0.88,1.58,2.13,5.01,0,0.87,1.34,0,0.92,3.69,6.96,1.21,32.34,29.49,0.56,1.08,0.24,0,2.34,1.07,0,0,0.98,0.59,4.76,0.66,0.47,0.85,6.38,1.95,17.17,0,0,1.36,0.51,0,5.96,0.22,0,65.88,0.62,0.6,1.73,2.33,1.5,1.93,2.01,0,0,0.52,0,4.26,0.12,15.15,0,9.62,74.93,199.37,121.75,1.62,94.64,0.23,0.07,30.17,2.93,2.39,0.95,1.1,21.62,4.35,2022-AKK-33,2022,202202,W-27,803.949668,0.0162765133009413,139471.40815894,162,4,1,56.22,8.77,64,0.3168,0.0954,0,62.33041,-175.28957,78,-1.6,7,NBS,10
13.49,0.31,0.5,0.97,0.46,2.02,0,0.76,0.35,0,44.78,0.28,0,87.99,0.72,1.57,2.16,4.4,0,1.13,1.78,0,0.85,3.38,7.79,1.44,38.24,34.21,0.59,1.88,0.31,0,2.73,1.05,0,0,1.15,0.66,4.24,1.92,0.46,1.04,8.43,3.65,17.37,0,0,1.48,0.48,0,6.19,0.2,0,57.81,0.24,1.15,1.81,1.74,0.64,1.98,1.59,0,0,0.11,0,4.39,0,13.84,0.6,9.42,78.83,200.61,112.21,1.42,84.6,0.24,0.07,34.15,3.39,1.96,0.79,1.12,20.74,4.18,2022-AKK-34,2022,202202,W-27,803.949668,0.0162765133009413,139471.40815894,162,4,2,45.01,0,31,0.317,0.1092,0,62.33041,-175.28957,78,-1.6,7,NBS,10
15.83,0.48,0.35,0.93,0.53,2.72,0,0.89,0.44,0,53.88,0.31,0,115.93,0.95,2.05,2.45,4.98,0,1.43,3.32,0,1.05,3.22,9.22,1.6,38.38,39.34,0.66,1.44,0.34,0,3.02,1.4,0,0,1.23,0.79,5.1,0.9,0.63,1.2,9.33,2.6,25.87,0,0,1.75,0.65,0,7.77,0.19,0,75.19,0.45,1.13,2.11,2.19,1.68,3.19,2.14,0,0,0.14,0,5.95,0,15.56,0.73,11.44,90.22,242.92,140.76,1.56,107.17,0.21,0.07,43.22,3.81,2.15,0.9,0.98,22.75,4.83,2022-AKK-35,2022,202202,W-27,803.949668,0.0162765133009413,139471.40815894,162,4,1,56.18,9.3,60,0.3317,0.1083,0,62.33041,-175.28957,78,-1.6,7,NBS,10
14.13,0.28,0.5,1.01,0.58,1.95,0,0.82,0.4,0,46.63,0.27,0,95.51,0.87,1.6,2.36,4.9,0,1.22,1.75,0,0.98,4.4,8.17,1.49,43.17,32.36,0.69,2.07,0.31,0,2.79,1.12,0,0,0.99,0.69,4.79,0,0.58,1.54,8.33,4.07,16.47,0,0,1.51,0.43,0,6.19,0.16,0,64.85,0.39,1.1,1.99,2.89,1.11,1.85,1.85,0,0,0.5,0,4.59,0.09,17.12,0.87,9.95,82.4,212.64,124.43,1.51,96.58,0.26,0.08,34.84,3.48,2.05,0.98,1.33,19.95,3.79,2022-AKK-36,2022,202202,W-27,803.949668,0.0162765133009413,139471.40815894,162,4,2,45.13,0,29,0.314,0.1008,0,62.33041,-175.28957,78,-1.6,7,NBS,10
16.31,0.37,0.46,1.07,0.53,2.38,0,0.85,0.44,0,52.85,0.29,0,112.39,0.95,1.86,2.4,5.11,0,1.36,2.13,0,1,4.18,9.35,1.71,42.13,36.14,0.72,1.5,0.33,0,2.91,1.27,0,0,1.25,0.77,4.99,0.62,0.48,1.37,9.24,2.43,21.47,0,0,1.34,0.51,0,7,0.14,0,66.22,0.48,0.92,1.74,2.99,2.02,2.77,1.88,0,0,0.41,0,4.79,0.11,16.25,0.74,10.9,91.4,235.83,129.25,1.41,97.41,0.25,0.07,38.79,3.68,2.13,0.92,1.17,22.53,4.07,2022-AKK-37,2022,202202,W-27,803.949668,0.0162765133009413,139471.40815894,162,4,2,46.41,0,35,0.3125,0.0997,0,62.33041,-175.28957,78,-1.6,7,NBS,10
16.87,0.38,0.64,0.88,0.41,2.14,0,0.64,0.4,0,50.15,0.37,0,110.6,0.81,1.63,1.94,5.86,0,1.14,1.54,0,1.16,4.29,9.2,1.79,43.77,39.31,0.61,1.89,0.38,0,2.6,1.19,0,0,1.19,0.7,4.93,0.98,0.64,0.85,10.16,4.69,20.2,0,0,1.58,0.52,0,6.52,0.27,0,70.9,0.5,1.25,1.93,2.72,1.25,2.28,2.01,0,0,0.24,0,4.33,0.17,16.88,0.88,9.18,83.22,241.63,132.46,1.59,102.04,0.24,0.07,40.95,3.3,2.21,1,1.11,22.41,4.2,2022-AKK-38,2022,202202,W-27,803.949668,0.0162765133009413,139471.40815894,162,4,2,47.26,0,33,0.3221,0.1151,0,62.33041,-175.28957,78,-1.6,7,NBS,10
12.99,0.23,0.44,0.98,0.62,2.69,0,0.9,0.81,0,49.21,0.21,0,79.37,0.82,1.72,2.53,4.19,0,1.16,3.63,0,0.95,3.67,7.44,1.17,45.25,31.22,0.51,1.63,0.39,0,2.85,1.06,0,0,1.11,0.62,4.92,0,0,1.9,8.24,3.58,18.75,0,0,1.44,0.51,0.12,6.71,0,0,61.87,0.33,0.93,1.69,1.38,0.68,2.27,1.91,0,0,0,1.09,5.47,0,13.96,0.48,11.4,76.45,195.67,121.19,1.59,92.69,0.23,0.09,34.56,3.47,1.61,0.97,1.45,16.15,4.43,2022-AKK-39,2022,202202,X-25,309.749156,0.0154271909863764,398833.39328809414,162,6,1,55.76,8.73,61,0.3442,0.1121,0,62.65939,-173.95076,70,-1.5,7,NBS,10
10.03,0,0.2,0.53,0.32,1.89,0,0.69,0.49,0,34.71,0.34,0,63.27,0.59,1.44,1.63,3.31,0,0.99,1.01,0,0.67,2.72,7.78,1.95,23.2,21.41,0.41,1.26,0.23,0,1.91,0.8,0,0,1.06,0.45,4.8,1.88,0.4,0.68,7.47,3.48,17.3,0,0,1.1,0.46,0,5.8,0,0,61.67,0.31,1.05,1.34,1.79,0.8,1.96,2.04,0,0,0,0,4.85,0,12.47,0.49,7.98,59.39,145.54,110.66,1.86,87.63,0.2,0.07,32.42,2.36,1.82,0.65,1.08,13.17,4.95,2022-AKK-4,2022,202202,W-24,933.711211,0.01652750720665605,232464.78806269722,162,1,1,56.62,10.15,65,0.3419,0.1126,0,62.33188,-173.16956,59,-1.3,7,NBS,10
7.71,0.26,0.29,0.37,0.22,1.8,0,0.5,0.28,0,30.86,0.39,0,52.49,0.5,1.21,1.38,2.84,0,0.86,1.8,0,0.71,1.35,6.95,1.63,19.27,22.66,0.34,1.28,0.23,0,1.57,0.74,0,0,0.9,0.4,2.95,0.73,0,2.49,10.37,2.68,23.51,0,0,1.41,0.37,0,5.73,0,0,50.68,0.46,1.06,1.45,2.72,0.87,2.37,1.77,0,0,0.28,0.87,4.37,0.13,11.03,0.61,6.62,55.92,141.24,96.47,1.73,75.28,0.22,0.07,41.79,1.97,1.7,0.67,0.85,17.8,4.6,2022-AKK-40,2022,202202,X-25,309.749156,0.0154271909863764,398833.39328809414,162,6,2,46.74,0,33,0.3027,0.0987,0,62.65939,-173.95076,70,-1.5,7,NBS,10
10.64,0.28,0.25,0.73,0.46,1.58,0,0.87,1.26,0,45,0.33,0,53.18,0.7,2.22,2.17,7.1,0,1.44,4.09,0,1.2,6.48,9.81,1.59,30.19,31.94,0.33,1.87,0.3,0,2.37,0.92,0,0,1.29,0.56,5.32,2.51,0,2.39,8.5,4.41,15.7,0,0,1.21,0.41,0,5.13,0.17,0,76.63,0.34,1.44,1.54,2.77,1.1,2.83,3.01,0,0,0,0.92,6.52,0.11,18.01,0.65,10.72,83.69,155.39,150.51,1.8,114.75,0.24,0.16,34.36,2.94,1.18,1.2,0.95,10,4.25,2022-AKK-41,2022,202202,DD-18,4653.199455,0.0140402641200393,97680.13609106957,162,20,1,58.69,9.38,73,0.3326,0.1231,0,64.63831,-169.13645,44,1.8,9,NBS,13
17.44,0.54,0.3,0.57,0.25,1.48,0,0.48,0.91,0,58.27,0.23,0,76.4,0.8,1.99,0.39,14,0,1.11,5.92,0,1.34,12.25,11.96,1.57,46.58,42.17,0.5,2.68,0.39,0,2.74,1.46,0,0,1.8,0.73,9.47,4.84,1.09,1.05,5.08,8.09,16.78,0,0,1.44,0.73,0,5.81,0.35,0,133.78,0.74,1.71,1.68,3.25,1.51,1.27,5.76,0,0,0.38,0.75,6.66,0.16,24.38,0.86,7.2,87.68,208.7,238.82,2.72,184.27,0.18,0.2,36.61,3.47,1.31,1.49,1.1,8.07,5.49,2022-AKK-42,2022,202202,DD-18,4653.199455,0.0140402641200393,97680.13609106957,162,20,1,52.65,9.62,61,0.3002,0.1313,0,64.63831,-169.13645,44,1.8,9,NBS,13
7.73,0.16,0,0.57,0.24,1.19,0,0.9,0.43,0,31.9,0.13,0,37.7,0.49,1.65,2,4.92,0,0.99,2.48,0,1.19,3.11,7.42,1.08,28.07,34.36,0.29,1.67,0.32,0,2.27,0.81,0,0,1.04,0.43,2.96,2.13,0.55,0.48,6.13,4.12,14.96,0,0,1.77,0.5,0,5.68,0,0,62.98,0.55,0.31,1.62,4.28,0.88,1.92,2.86,0,0,0,0.67,4.95,0,19.38,0.57,7.96,58.24,135.78,123.75,2.12,95.92,0.31,0.14,31.42,2.7,1.18,1.12,0.82,12.72,3.25,2022-AKK-43,2022,202202,DD-18,4653.199455,0.0140402641200393,97680.13609106957,162,20,1,50.02,8.46,44,0.3008,0.0856,0,64.63831,-169.13645,44,1.8,9,NBS,13
9.7,0.29,0.24,0.68,0.42,1.14,0,0.64,0.74,0,29.08,0.15,0,38.68,0.57,1.6,1.87,7.07,0,0.83,3.22,0,1,5.23,5.77,0.98,22.99,23.54,0.11,1.79,0.25,0,2.01,0.75,0,0,1.04,0.48,4,2.14,0.5,0.62,6.03,3.98,11.36,0,0,1.27,0.28,0,4.02,0.11,0,63.55,0.27,1.5,0.86,2.13,0.55,1.72,2.84,0,0,0.15,0.75,4.52,0,16.61,0.6,7.92,57.17,115.49,124.18,2.17,94.48,0.26,0.19,25.85,2.49,1.33,1.46,0.98,9.66,3.83,2022-AKK-44,2022,202202,FF-18,5881.390063,0.0135616110725304,39414.17115866798,162,15,2,54.94,0,56,0.3343,0.1152,0,65.22116,-168.88522,53,1.6,9,NBS,13
13.35,0.28,0.45,0.86,0.42,1.73,0,0.83,1.95,0,47.28,0.31,0,47.01,0.69,2.3,1.98,7.88,0,1.01,4.43,0,1.29,6.05,9.2,1.52,41.06,29,0.13,2.65,0.37,0,2.9,0.8,0,0,1.78,0.61,5.05,2.67,0.85,0.37,14.51,9.45,18.36,0,0,1.75,0.4,0,5.43,0.34,0,80.13,0.46,12.48,3.76,3.07,1.59,2.49,3.43,0,0,0.45,1.31,6.95,0.11,22.71,2.09,11.08,77.94,186.53,161.17,2.07,122.17,0.28,0.17,61.62,3.51,0.99,1.35,1.42,9.31,3.53,2022-AKK-45,2022,202202,FF-18,5881.390063,0.0135616110725304,39414.17115866798,162,15,2,52.44,0,46,0.3054,0.0991,0,65.22116,-168.88522,53,1.6,9,NBS,13
8.67,0.33,0.29,0.98,1.05,1.51,0,1.04,1.38,0,43.84,0.24,0,60.79,0.8,2.43,2.65,4.19,0,1.33,3.76,0,1.39,4.43,9.19,1.62,29.49,37.58,0.4,1.74,0.44,0,2.55,1.24,0,0,1.08,0.59,4.65,0.71,0.53,0.5,10.56,4.24,14.57,0,0,1.12,0.34,0,5.05,0,0,61.16,0.46,2.28,2.3,2.71,1.2,3.44,2,0,0,0,0,4.85,0.09,15.71,0.75,12.36,78.97,170.37,120.42,1.52,90.86,0.26,0.12,36.67,3.14,1.39,1.17,0.78,13.07,3.89,2022-AKK-46,2022,202202,FF-18,5881.390063,0.0135616110725304,39414.17115866798,162,15,2,55.97,0,57,0.4383,0.139,0,65.22116,-168.88522,53,1.6,9,NBS,13
12.17,0.29,0.31,0.93,0.45,1.98,0,1.58,0.73,0,60.07,0.48,0,67.17,0.87,2.87,2.54,4.33,0,1.56,1.67,0,1.41,2.66,14.89,1.81,52.22,43.84,0.43,2.5,0.59,0,3.11,1.04,0,0,0.83,0.76,4.52,0.82,0.89,0,11.35,7.48,20.79,0,0,1.89,0.45,0,6.38,0.17,0,68.75,0.48,3.21,2.49,3.35,1.61,3.17,2.44,0,0,0,0.94,7.95,0.13,25.18,0.83,12.64,98.21,219.1,140.68,1.43,112.12,0.37,0.07,48.65,3.87,1.12,0.86,1.19,14.85,2.73,2022-AKK-47,2022,202202,FF-01,17055.211573,0.0135848158036569,107460.88582276003,162,14,1,55.86,9.45,67,0.3236,0.1269,0,65.34335,-168.42497,53,2.2,9,NBS,13
8.82,0.19,0.37,0.7,0.32,1.38,0,0.76,0.37,0,48.46,0.24,0,51.97,0.7,2.32,1.83,4.75,0,1.33,2.64,0,1.25,2.88,10.93,1.83,34.19,32.49,0.13,2.84,0.32,0,2.36,0.86,0,0,1.09,0.6,3.99,0.58,0.47,0.71,10.07,4.34,17.27,0,0,1.2,0.19,0,4.77,0.2,0,57.02,0.49,2.07,2.17,4.35,1.47,3.71,2.12,0,0,0.65,0.86,5.72,0,18.72,0.61,9.01,74.91,165.64,118.65,1.58,91.19,0.33,0.1,40.26,2.95,1.07,1.1,1.05,13.01,3.05,2022-AKK-48,2022,202202,FF-01,17055.211573,0.0135848158036569,107460.88582276003,162,14,1,51.63,8.12,51,0.3404,0.1211,0,65.34335,-168.42497,53,2.2,9,NBS,13
5.37,0.2,0,0.44,0.3,1.1,0,0.44,0.46,0,31.99,0.16,0,39.8,0.51,1.48,1.29,2.61,0,1.13,1.07,0,1.2,1.79,6.94,1.61,20.51,30.08,0.28,1.23,0.26,0,1.6,0.87,0,0,0.35,0.44,3.11,0.84,0.53,0,8.19,3.02,13.86,0,0,0.8,0.17,0,4.17,0,0,43.66,0,3,1.78,1.24,0.78,3.27,1.49,0,0,0,0,3.81,0,14.64,0.56,6.65,53.64,125.84,86.92,1.62,68.34,0.34,0.08,31.09,2.04,1.24,0.89,0.68,12.8,2.98,2022-AKK-49,2022,202202,FF-01,17055.211573,0.0135848158036569,107460.88582276003,162,14,1,57.26,9.66,70,0.3378,0.1001,0,65.34335,-168.42497,53,2.2,9,NBS,13
8.2,0.35,0.16,0.57,0.47,1.47,0,0.77,0.62,0,29.79,0.56,0,54.98,0.61,1.78,2.15,3.42,0,1.02,1.98,0,1.16,1.61,6.6,1.79,19.41,27.99,0.39,2.15,0.25,0,1.73,0.56,0,0,1.03,0.51,2.64,1.9,0,2.1,6.89,3.31,12.73,0,0,1.67,0.26,0,4.76,0,0,46.15,0.44,1.11,1.32,2.59,0.8,2.01,1.47,0,0,0,0,6.47,0.14,13.72,0.48,8.86,54.69,136.45,96.21,1.76,74.23,0.3,0.09,27.96,2.25,1.85,0.76,0.69,20.8,3.36,2022-AKK-5,2022,202202,W-24,933.711211,0.01652750720665605,232464.78806269722,162,1,2,45.48,0,35,0.3395,0.0971,0,62.33188,-173.16956,59,-1.3,7,NBS,10
7.33,0.14,0.14,0.77,0.45,1.3,0,0.9,0.59,0,29.8,0.14,0,35.3,0.82,2.19,2.12,2.64,0,1.26,1.94,0,0.95,1.28,7.69,1.31,20.02,26.49,0,2.14,0.33,0,1.79,0.85,0,0,0.79,0.53,2.53,0.32,0.63,0.35,9.38,4.64,15.25,0,0,1.37,0.25,0,5.77,0,0,44.67,0,2.74,2.9,2.3,0.93,3.24,1.55,0,0,0,0,6.01,0,17.04,0.76,9.58,63.59,124.33,95.12,1.5,73.63,0.38,0.09,37.2,2.32,1.18,0.91,0.76,13.96,2.62,2022-AKK-50,2022,202202,FF-01,17055.211573,0.0135848158036569,107460.88582276003,162,14,1,54.3,10.11,65,0.3319,0.0925,0,65.34335,-168.42497,53,2.2,9,NBS,13
15.75,0.57,0.33,0.92,0.31,2.24,0,0.94,0.87,0,61.72,0.36,0,75.96,1,2.57,1.93,9.17,0,1.37,4.85,0,1.5,6.59,12.14,1.52,45.79,43.04,0.59,2.44,0.42,0,4.05,1.53,0,0,1.84,1.11,6.92,3.55,0.78,1.26,9.87,7.33,19.22,0,0,1.89,0.65,0.09,7.28,0.39,0,103.74,0.43,4.14,3.01,2.26,0.83,2.01,3.83,0,0,0.36,0.55,6.21,0.16,31.72,1.16,11.15,93.31,218.03,202.28,2.17,157.24,0.31,0.14,45.84,5.16,1.23,1.07,1.06,10.97,3.27,2022-AKK-51,2022,202202,CC-18,17499.291845,0.0126744369696417,907238.4657040165,162,21,2,40.98,0,24,0.3252,0.1308,0,64.31985,-169.11643,41,1.1,9,NBS,13
6.28,0,0,0.45,0.29,1.21,0,0.51,0.54,0,21.7,0,0,31.36,0.47,1.04,2.49,3.99,0,0.68,1.45,0,0.68,1.69,3.36,0.58,17.42,14.05,0.23,1.07,0.18,0,1.79,0.48,0,0,0.55,0.52,1.85,0.71,0,2.38,4.25,2.53,9.76,0,0,1.16,0.29,0,3.74,0,0,42.06,0,1.52,1.25,5.77,0,0.52,1.66,0,0,0,0,2.81,0,15.1,0,7.22,42.57,90.28,83.62,1.96,67.06,0.36,0.13,25.09,2.31,1.45,0.92,1.24,16.91,2.79,2022-AKK-52,2022,202202,CC-18,17499.291845,0.0126744369696417,907238.4657040165,162,21,1,47.16,7.11,37,0.309,0.094,0,64.31985,-169.11643,41,1.1,9,NBS,13
10.3,0.31,0.13,0.67,0.42,1.3,0,0.67,1.26,0,35.99,0.16,0,55.2,0.72,1.79,2.73,7.97,0,0.97,2.74,0,1.1,3.97,6.65,1.18,22.81,26.89,0.39,2.1,0.31,0,2.2,0.99,0,0,1.29,0.46,4.19,2.4,0.58,0.78,6.86,3.68,15.23,0,0,1.48,0.5,0,4.96,0,0,83.1,0.43,1.03,1.84,2.76,0.84,1.92,3.3,0,0,0,1.12,6.01,0,19.19,0.48,9.8,66.58,141.45,150.83,2.27,119.26,0.23,0.15,31.39,2.67,1.53,1.25,0.85,13.17,4.33,2022-AKK-53,2022,202202,CC-18,17499.291845,0.0126744369696417,907238.4657040165,162,21,1,49.83,5.66,44,0.3104,0.1052,0,64.31985,-169.11643,41,1.1,9,NBS,13
12.83,0.31,0.34,0.45,0.2,2.8,0,0.72,0.46,0,68.93,0.3,0,88.42,0.75,2.12,1.78,5.05,0,1.52,4.07,0,0.79,5.04,14.49,1.92,43.71,36.7,0.55,1.3,0.36,0,2.7,1.42,0,0,1.96,0.67,6.88,2.9,0.57,0.73,12.63,5.74,31.87,0,0,1.36,0.75,0,7.56,0.18,0,95.14,0.25,1.54,1.94,1.37,0.7,2.21,3.8,0,0,0.12,1.66,6.06,0.2,20.58,0.92,10.05,107.3,230.01,172.7,1.61,136.48,0.22,0.09,55.1,3.37,1.28,0.85,1.19,12.84,4.62,2022-AKK-54,2022,202202,AA-18,8766.448987,0.0126212255677332,426172.5171722803,162,23,1,50.57,8.43,52,0.3076,0.1302,0,63.67053,-169.00176,35,4.6,8,NBS,12
12.48,0.27,0.26,0.8,0.49,2.88,0,1.29,0.52,0,56.5,0.4,0,87.6,0.89,2.5,2.77,5.07,0,1.32,3.76,0,0.63,4.94,11.86,2.09,30.99,30.17,0.63,1.21,0.36,0,2.82,1.43,0,0,1.93,0.68,6.85,2.01,0,2.53,12.25,5.55,26.11,0,0,1.98,0.82,0,6.38,0.08,0,88.65,0.36,2.01,2.22,1.95,0.72,1.89,3.38,0,0,0,0,5.91,0.1,17.35,0.87,12.58,90.59,205.2,160.18,1.77,126.07,0.2,0.09,50.09,3.5,1.55,0.77,1.03,12.79,5.11,2022-AKK-55,2022,202202,AA-18,8766.448987,0.0126212255677332,426172.5171722803,162,23,1,59.01,9.48,77,0.3547,0.1322,0,63.67053,-169.00176,35,4.6,8,NBS,12
8.91,0.13,0.15,0.27,0.13,2.17,0,0.68,0.29,0,34.15,0.19,0,52.09,0.6,1.53,1.41,3.49,0,0.79,1.92,0,0.64,2.38,7.56,1.38,14.43,15.37,0.37,1.12,0.26,0,1.34,0.75,0,0,1,0.42,4.08,1.78,0,3.14,7.8,3.48,18.67,0,0,1.21,0.51,0,4.52,0,0,56.67,0,1.7,2.28,2.02,0.6,0.82,2.32,0,0,0.2,0.69,3.59,0,13.61,0.84,7.26,60.53,122.48,105.96,1.75,85.19,0.24,0.09,35.95,1.76,1.53,0.66,0.94,12.76,4.16,2022-AKK-56,2022,202202,AA-18,8766.448987,0.0126212255677332,426172.5171722803,162,23,2,43.74,0,27,0.3068,0.0957,0,63.67053,-169.00176,35,4.6,8,NBS,12
11.42,0.21,0.33,0.6,0.37,2.76,0,1.11,0.34,0,64.56,0.42,0,83.46,0.76,2.29,2.23,4.35,0,1.26,3.51,0,0.63,4.85,12.89,1.95,40.21,28.27,0.63,1.16,0.34,0,2.56,1.16,0,0,1.79,0.56,6.55,1.92,0,1.28,12.04,4.77,27.56,0,0,1.24,0.65,0,6.75,0.07,0,84.97,0.49,1.72,2.21,1.64,0.68,1.38,3.66,0,0,0,0.61,6.23,0.17,18.41,0.8,10.96,96.96,207.94,154.13,1.59,122.96,0.22,0.08,49.94,3.12,1.29,0.83,1.42,12.74,4.62,2022-AKK-57,2022,202202,AA-18,8766.448987,0.0126212255677332,426172.5171722803,162,23,1,52.39,8.55,52,0.3704,0.1529,0,63.67053,-169.00176,35,4.6,8,NBS,12
7.68,0,0.15,0.89,0.7,1.36,0,1.65,0.54,0,22.87,0.15,0,24.85,0.58,2,2.99,3.54,0,0.83,0.94,0,0.98,1.79,6.01,1.14,16.26,13.93,0.34,1.81,0.36,0,2.25,0.77,0,0,0.92,0.63,2.01,0.49,0,5.59,8.03,6.51,11.07,0,0,1.4,0.29,0,4.71,0,0,41.6,0.72,5.72,3.28,2.87,0.88,0.96,1.43,0,0,0.23,0.55,4.94,0.3,17.87,1.44,10.96,53.53,98.14,95.12,1.78,75.59,0.43,0.13,37.49,2.88,1.09,0.56,1.17,12.37,2.33,2022-AKK-58,2022,202202,AA-18,8766.448987,0.0126212255677332,426172.5171722803,162,23,2,44.06,0,27,0.3296,0.0883,0,63.67053,-169.00176,35,4.6,8,NBS,12
12.67,0.2,0.35,1.09,0.62,2.25,0,1.38,0.68,0,45.89,0.27,0,59.41,0.83,2.86,2.88,3.44,0,1.06,1.28,0,0.79,2.85,11.21,1.37,35.41,26,0.48,2.04,0.63,0,2.76,0.82,0,0,1.47,0.71,4.39,1.12,0,2.09,10.66,6.79,20.84,0,0,1.55,0.54,0,6.96,0.26,0,65.31,0.3,3.49,3.12,1.4,0.52,0.94,2.51,0,0,0,1.08,6.83,0.21,18.42,0.9,12.83,78.24,173.35,127.27,1.63,102.38,0.28,0.07,46.29,3.47,1.29,0.6,1.36,13.53,3.54,2022-AKK-59,2022,202202,AA-18,8766.448987,0.0126212255677332,426172.5171722803,162,23,2,46.35,0,33,0.3199,0.1153,0,63.67053,-169.00176,35,4.6,8,NBS,12
8.51,0.21,0.29,0.51,0.34,1.65,0,0.58,0.44,0,27.31,0.62,0,39.03,0.62,1.38,1.97,3.4,0,0.97,1.75,0,1.28,0.76,6.16,4.59,20.33,25.07,0.37,1.8,0.25,0,1.45,0.42,0,0,0.83,0.49,1.23,0.59,0,3.65,10.59,3.19,16.57,0,0,1.66,0.13,0,4.67,0.15,0,44.55,0.54,1.65,1.41,3.97,1.01,3.57,1.54,0,0,0,0,4.85,0,14.35,0.59,7.83,48.48,130.7,92.58,1.91,72.08,0.32,0.1,37.39,1.93,1.43,0.81,0.81,31.63,3.1,2022-AKK-6,2022,202202,W-24,933.711211,0.01652750720665605,232464.78806269722,162,1,2,45.12,0,32,0.3243,0.0788,0,62.33188,-173.16956,59,-1.3,7,NBS,10
7.6,0.16,0,0.31,0.23,1.74,0,0.72,0.38,0,29.64,0.18,0,37.4,0.54,1.9,1.79,2.64,0,1.11,0.87,0,0.98,1.8,7.57,1.28,14.08,15.84,0.44,1.39,0.26,0,1.49,0.71,0,0,0.74,0.22,3.15,0.66,0,8.32,6.83,3.97,12.83,0.51,0,1.03,0.33,0,5.9,0,0,58.16,0.7,2.81,2.92,1.49,0,0.77,2.23,0,0,0,0,4.42,0.26,17.74,0.96,8.18,57.68,102.96,112.91,1.96,95.2,0.31,0.08,30.85,1.71,1.26,0.4,0.89,11.88,3.28,2022-AKK-60,2022,202202,AA-18,8766.448987,0.0126212255677332,426172.5171722803,162,23,2,44.57,0,29,0.3127,0.0809,0,63.67053,-169.00176,35,4.6,8,NBS,12
11.18,0.33,0.32,0.5,0.33,1.61,0,0.67,0.82,0,38.25,0.46,0,62.59,0.7,1.89,1.76,4.47,0,0.85,1.09,0,1.32,3.03,6.42,1.52,25.79,21.83,0.55,1.85,0.22,0,1.84,0.8,0,0,1.22,0.46,3.26,0.93,0.51,1.47,9.7,3.33,11.75,0,0,1.16,0.39,0,5.16,0,0,62.75,0.59,6.05,1.61,2.85,1.32,1.73,2.11,0,0,0.11,1.29,5.33,0.17,17.36,1.07,8.43,67.33,151.97,118.83,1.76,95.36,0.28,0.09,35.29,2.3,1.64,0.97,1.18,19.2,3.61,2022-AKK-61,2022,202202,ZZ-24,651.550342,0.01530637506832995,62909.14443827629,162,39,1,54.79,8.86,62,0.3247,0.0998,0,63.33898,-173.43322,71,-1.7,8,NBS,12
12.64,0.34,0.32,0.43,0.19,1.98,0,0.51,0.43,0,54.34,0.51,0,71.53,0.74,1.83,1.38,4.78,0,1.26,1.18,0,1.5,3.58,13.89,2.57,44.75,33.6,0.56,2.46,0.28,0,2.76,1.15,0,0,1.27,0.69,4.69,1.19,0.68,1.08,11.74,7.9,20.36,0,0,2.14,0.48,0,7.86,0.34,0,87.13,0.48,2.84,1.87,3.12,1.52,2.65,2.65,0,0,0.24,0,8.21,0.12,25.88,1.01,8.01,87.15,205.88,163.23,1.87,132.16,0.3,0.08,47.83,3.45,1.32,0.84,1.33,15.25,3.37,2022-AKK-62,2022,202202,ZZ-24,651.550342,0.01530637506832995,62909.14443827629,162,39,1,54.43,9.04,61,0.3138,0.1266,0,63.33898,-173.43322,71,-1.7,8,NBS,12
9.28,0.23,0.27,0.28,0.11,1.65,0,0.42,0.24,0,41.29,0.29,0,58.08,0.49,1.32,1.07,3.38,0,0.71,1.02,0,0.68,2.5,8,1.45,40.07,22.31,0.49,1.49,0.22,0,1.69,0.75,0,0,1.06,0.44,3.3,0.72,0,1.46,7.67,4.89,15.69,0,0,1.25,0.27,0,6.23,0.18,0,58.66,0.44,1.66,1.42,3.04,1.4,1.36,2.03,0,0,0.61,1.13,5.48,0.13,17.28,0.63,5.81,71.01,159.96,113.12,1.59,90.65,0.29,0.07,34.38,2.13,1.41,0.79,1.8,17.59,3.4,2022-AKK-63,2022,202202,ZZ-24,651.550342,0.01530637506832995,62909.14443827629,162,39,1,45.83,7.6,34,0.3298,0.1166,0,63.33898,-173.43322,71,-1.7,8,NBS,12
15.1,0.5,0.5,0.63,0.28,2.01,0,0.72,0.73,0,64.24,0.53,0,91.53,0.75,2.42,1.91,7.19,0,1.23,1.51,0,1.2,5.1,16.34,2.22,67.28,43.89,0.78,2.72,0.58,0,2.9,1.3,0,0,1.44,0.72,5.69,2.08,1.33,0,11.45,9.1,19.97,0,0,1.58,0.56,0,7.67,0.33,0,87.97,0.36,4.14,3,2.07,1.03,1.71,2.85,0,0,0.15,0,8.67,0.09,24.16,1.12,9.92,106.04,261.06,166.39,1.57,131.6,0.27,0.09,49.73,3.62,1.42,1.02,1.53,16.08,3.64,2022-AKK-64,2022,202202,ZZ-24,651.550342,0.01530637506832995,62909.14443827629,162,39,2,46.35,0,33,0.3333,0.1303,0,63.33898,-173.43322,71,-1.7,8,NBS,12
13.26,0.37,0.31,0.35,0.12,1.78,0,0.32,0.44,0,43.33,0.27,0,84.9,0.62,1.22,0.35,7.12,0,0.76,3.18,0,0.53,5.1,6.85,1.23,32.54,25.18,0.55,0.99,0.18,0,1.85,1.22,0,0,1.06,0.5,6.46,1.4,0.48,0.41,5.39,3.41,15.59,0,0,0.93,0.43,0,5,0,0,79.35,0.51,0.57,1.66,2.42,2.95,1.24,2.79,0,0,0.68,0,3.74,0.14,15.98,0.76,5.34,68.7,176.38,142.09,2.07,109.75,0.2,0.11,29.03,2.34,1.96,1.22,1.29,13.14,4.97,2022-AKK-65,2022,202202,ZZ-24,651.550342,0.01530637506832995,62909.14443827629,162,39,2,46.88,0,35,0.3135,0.1124,0,63.33898,-173.43322,71,-1.7,8,NBS,12
11.69,0.38,0.39,0.55,0.2,1.53,0,0.5,0.44,0,42.34,0.52,0,63.01,0.64,1.59,1.41,5.73,0,0.8,2.84,0,0.86,4.19,9.68,1.87,36.8,31.45,0.48,2.25,0.28,0,2.18,1.02,0,0,1.17,0.5,3.69,1.1,0.63,0.38,6.86,4.95,13.74,0,0,1.27,0.36,0,5.28,0.15,0,63.67,0.34,1.57,1.65,2.51,0.79,1.74,2.24,0,0,0.23,1.27,6.38,0,18.53,0.75,7.02,74.77,169.44,125.85,1.68,97.69,0.29,0.11,31.28,2.68,1.49,1.32,1.17,17.06,3.44,2022-AKK-66,2022,202202,ZZ-24,651.550342,0.01530637506832995,62909.14443827629,162,39,2,44.96,0,33,0.3144,0.1079,0,63.33898,-173.43322,71,-1.7,8,NBS,12
14.38,0.48,0.49,0.59,1.04,1.87,0,0.74,0.32,0,55.38,0.37,0,77.96,0.72,1.91,1.71,5.08,0,1.11,3.53,0,1.21,4.76,11.2,1.67,50.75,34.1,0.62,2.09,0.31,0,2.38,1.11,0,0,1.44,0.73,5.09,1.38,1.04,0,8.56,5.99,16.99,0,0,1.47,0.42,0,6.7,0.2,0,74.1,0.42,1.9,2.09,2.54,1.36,1.79,2.26,0,0,0.24,0,6.12,0.15,21.12,0.96,9.28,82.48,207.8,142.78,1.73,110.82,0.28,0.1,38.07,3.11,1.41,1.17,1.49,15.33,3.51,2022-AKK-67,2022,202202,ZZ-24,651.550342,0.01530637506832995,62909.14443827629,162,39,2,43.43,0,29,0.3379,0.122,0,63.33898,-173.43322,71,-1.7,8,NBS,12
4.53,0,0,0.34,0.22,0.86,0,0.48,1,0,22.83,0.21,0,18.02,0.4,1.6,1.17,4.29,0,0.85,1.16,0,0.85,0.36,5.54,0.99,17.12,13.17,0,1.46,0.23,0,1.07,0.41,0,0,0.66,0.44,0.99,0.69,0,1.57,7.25,3.25,7.05,0,0,1.01,0.17,0,3.91,0,0,31.11,0.46,5.7,1.64,2.95,1.83,1.17,0.81,0,0,0,0,6.36,0,18.07,1.2,6.52,41.35,80.41,77.18,1.87,60.2,0.58,0.14,27.85,1.52,0.79,1.09,1.3,18.12,1.72,2022-AKK-68,2022,202202,AA-23,1269.919007,0.0134775113425095,254336.92414624535,162,36,1,60.36,12.03,85,0.3189,0.0844,1,63.66676,-172.69469,55,-0.7,8,NBS,12
5.99,0,0,0.37,0.2,0.95,0,0.5,0.61,0,27.57,0.13,0,20,0.38,1.79,1.25,3.9,0,0.85,1.25,0,1.03,0.62,7.68,0.88,23.33,23.96,0,2.21,0.4,0,1.43,0.53,0,0,0.51,0.42,1.07,0.22,0,1.96,8.95,6.91,10.39,0,0,2.1,0.25,0,7.08,0.31,0,40.44,0.55,5.99,2.02,1.87,0.43,1.57,1.13,0,0,0,0,7,0,18.77,1.42,6.52,50.79,108.45,92.39,1.82,72.11,0.46,0.12,36.13,1.84,0.73,1.04,0.97,18.73,2.15,2022-AKK-69,2022,202202,AA-23,1269.919007,0.0134775113425095,254336.92414624535,162,36,1,54.2,10.55,61,0.3205,0.0777,0,63.66676,-172.69469,55,-0.7,8,NBS,12
6.43,0.36,0.26,0.61,0.45,2.03,0,0.75,0.3,0,31.75,0.58,0,44.98,0.59,1.76,2.06,2.55,0,1.04,2.17,0,1.28,1.05,6.55,2.56,25.25,26.57,0.37,1.88,0.39,0,1.8,0.73,0,0,1.15,0.56,1.67,0.92,0,2.93,10.38,1.67,20.8,0,0,1.96,0.35,0,5.94,0.18,0,47.71,0.64,1.77,1.22,3.03,1.59,4.32,1.39,0,0,0,0,5.67,0,11.38,0.43,9,56.82,142.33,97.68,1.72,72.77,0.24,0.08,38.86,2.36,1.42,0.7,0.95,26.94,4.19,2022-AKK-7,2022,202202,W-24,933.711211,0.01652750720665605,232464.78806269722,162,1,2,50.31,0,41,0.3185,0.0918,0,62.33188,-173.16956,59,-1.3,7,NBS,10
8.47,0.17,0.29,0.43,0.21,0.97,0,0.57,0.39,0,31.61,0.26,0,27.48,0.48,1.74,1.36,2.43,0,0.87,1.65,0,1,1.15,5.9,1.54,31.03,22.29,0.11,2.04,0.36,0,1.6,0.52,0,0,0.84,0.42,1.24,1.05,0.58,0.68,11.67,5.75,8.84,0,0,1.19,0.21,0,5.18,0.15,0,41.96,0.7,8.1,1.88,2.54,1.04,1.57,1.21,0,0,0,0.57,5.73,0,19.23,0.95,6.55,54.87,125.25,90.97,1.66,72.19,0.46,0.09,38.77,2.02,0.87,0.93,1.39,22.12,2.18,2022-AKK-70,2022,202202,AA-23,1269.919007,0.0134775113425095,254336.92414624535,162,36,1,55.56,8.75,59,0.3103,0.0971,0,63.66676,-172.69469,55,-0.7,8,NBS,12
9.37,0.18,0.28,0.45,0.17,1.55,0,0.6,0.43,0,39.74,0.49,0,41.5,0.53,1.78,1.32,4.53,0,0.85,1.1,0,1.22,2.35,9.13,1.61,34.37,26.41,0.4,1.86,0.28,0,2.12,0.63,0,0,1.01,0.59,2.96,0.89,0,2.67,10.38,5.57,19.41,0,0,1.53,0.39,0,4.91,0.23,0,56.29,0.51,3.91,1.98,3.49,1.1,3.13,2.07,0,0,0.21,0.78,6.84,0.13,18.7,0.9,7.15,66.66,153.08,116.54,1.75,92.36,0.33,0.1,44.74,2.72,1.04,0.83,1.3,14.03,3.01,2022-AKK-71,2022,202202,AA-23,1269.919007,0.0134775113425095,254336.92414624535,162,36,2,49.24,0,38,0.3691,0.131,0,63.66676,-172.69469,55,-0.7,8,NBS,12
9.8,0.21,0.27,0.52,0.19,1.74,0,0.72,0.43,0,39.34,0.57,0,44.36,0.59,2.05,1.56,5.21,0,1.19,2.57,0,1.16,2.67,10.21,1.84,32.91,33.87,0.14,2.93,0.3,0,2.45,0.65,0,0,1.25,0.65,3.11,0.76,0.46,0.78,11.35,5.71,21.75,0,0,1.92,0.29,0,5.28,0.22,0,54.27,0.6,2.79,1.94,5.45,1.24,2.9,1.93,0,0.31,0.33,0.51,8.29,0.14,20.13,0.79,8.4,74.51,167.26,119.18,1.6,91.05,0.37,0.12,48.99,3.11,1.13,1.17,0.97,14.26,2.7,2022-AKK-72,2022,202202,AA-23,1269.919007,0.0134775113425095,254336.92414624535,162,36,2,46.92,0,37,0.3224,0.0978,0,63.66676,-172.69469,55,-0.7,8,NBS,12
15.14,0.06,0.55,0.88,0.34,1.92,0,0.8,0.66,0,54.08,0.74,0,62.37,0.99,2.56,1.81,5.62,0,1.19,2.91,0,1.44,2.04,12.2,2.25,63.93,43.75,0.56,3.17,0.43,0,3.65,0.86,0,0,0.93,1.39,3.16,0.7,1,0,15.01,11.34,17.55,0,0,2.33,0.39,0,6.39,0.39,0,65.85,0.37,6.73,3.5,2.55,1.3,2.41,2.19,0,0,0.14,1.57,9.39,0.13,33.28,1.39,10.17,87.11,236.37,148.75,1.71,118.65,0.51,0.09,56.67,5.03,1.15,1.08,1.46,19.77,1.98,2022-AKK-73,2022,202202,AA-23,1269.919007,0.0134775113425095,254336.92414624535,162,36,2,45.09,0,30,0.3406,0.1322,0,63.66676,-172.69469,55,-0.7,8,NBS,12
9.09,0.19,0.16,0.47,0.26,1.18,0,0.39,0.42,0,34.6,0.23,0,38.28,0.6,1.48,0.96,5.72,0,0.88,0.73,0,1.27,1.96,8.55,1.18,26.47,30.59,0.4,2.14,0.3,0,2.3,0.85,0,0,0.79,0.68,2.68,0.63,0,1.68,7.73,4.72,12.43,0,0,1.35,0.24,0,4.53,0.22,0,50.95,0.33,2.82,1.96,1.61,0.23,2.36,1.7,0,0,0,0.59,5,0,20.49,1.36,6.03,64.38,132.69,107.25,1.67,85.25,0.4,0.12,31.27,2.97,1.11,0.98,0.87,14.28,2.49,2022-AKK-74,2022,202202,AA-23,1269.919007,0.0134775113425095,254336.92414624535,162,36,2,42.08,0,29,0.4618,0.1294,0,63.66676,-172.69469,55,-0.7,8,NBS,12
14.67,0.08,0.48,0.72,0.23,1.7,0,0.59,1.03,0,46.42,0.38,0,46.4,0.69,2.03,1.05,6.13,0,1.1,2.28,0,1.29,1.86,10.54,0.98,48.34,30.14,0.52,2.71,0.44,0,2.98,0.76,0,0,0.89,1.63,3.16,0,0,1.85,10.04,11.27,14.45,0,0,1.73,0.27,0.1,7.05,0.4,0,60.02,0.52,9.05,3.41,2.79,1.34,1.64,1.62,0,0,0.27,0.71,8.84,0.13,28.85,1.95,8.45,75.12,183.62,136.02,1.81,108.38,0.48,0.11,51.03,4.62,1,0.99,1.6,14.66,2.08,2022-AKK-75,2022,202202,AA-23,1269.919007,0.0134775113425095,254336.92414624535,162,36,2,40.16,0,23,0.3257,0.1029,0,63.66676,-172.69469,55,-0.7,8,NBS,12
8.88,0.2,0.16,0.38,0.26,1.04,0,0.51,0.37,0,33.61,0.57,0,38.23,0.67,1.65,1.1,6.84,0,0.77,1.53,0,1.33,2.12,7.82,0.99,20.73,23.01,0.12,2.24,0.22,0,2.02,0.62,0,0,0.66,0.49,2.18,1.56,0.5,0.92,6.77,2.87,8.67,0,0,1.08,0.31,0,3.82,0,0,58.11,0.65,3.44,1.63,2.27,0,1.28,2.18,0,0,0,0,7.63,0,17.81,1.12,6.07,55.73,113.51,112.72,2.02,90.64,0.31,0.14,25.65,2.51,1.14,1.36,0.9,17.53,3.26,2022-AKK-76,2022,202202,AA-23,1269.919007,0.0134775113425095,254336.92414624535,162,36,1,53.7,8.48,59,0.3816,0.101,0,63.66676,-172.69469,55,-0.7,8,NBS,12
6.88,0.12,0.11,0.4,0.25,0.97,0,0.51,0.89,0,24.71,0.32,0,23.84,0.58,1.67,1.35,4.09,0,0.78,1.38,0,1.08,1.09,5.88,1.47,16.69,18.61,0.11,2.24,0.34,0,1.54,0.54,0,0,0.83,0.38,2.04,0.72,0,3.45,7.68,3.56,8.4,0,0,1.19,0.29,0,3.91,0,0,43.35,0.41,5.33,1.63,3.47,0.73,1.62,1.68,0,0,0,0,5.82,0.22,17.95,1.22,6.82,47.94,95.29,94.01,1.96,75.75,0.41,0.13,30.08,1.92,0.97,0.78,0.9,11.67,2.41,2022-AKK-77,2022,202202,AA-23,1269.919007,0.0134775113425095,254336.92414624535,162,36,1,52.05,8.8,54,0.3628,0.0992,0,63.66676,-172.69469,55,-0.7,8,NBS,12
9.77,0.26,0.2,0.32,0.17,1.51,0,0.34,0.31,0,31.47,0.24,0,62.76,0.57,0.91,1.15,3.32,0,0.63,1.08,0,0.47,1.85,4.87,2.36,22.3,19.24,0.42,0.79,0.17,0,1.35,0.56,0,0,0.68,0.38,3.33,0.83,0,1.58,5.98,2.2,11.14,0,0,0.78,0.33,0,3.6,0,0,46.31,0,0.65,0.94,2.6,0.87,1.75,1.59,0,0,0.15,0,2.76,0,10.32,0.24,5.32,53.78,132.64,84.08,1.56,66.75,0.22,0.07,23.52,1.73,1.99,0.76,1.16,18.82,4.49,2022-AKK-78,2022,202202,Y-22,1631.943396,0.0149492376669075,23780.826683019895,162,43,2,47.45,0,41,0.3441,0.1012,0,63.00125,-171.84919,54,-1.2,8,NBS,12
11.85,0.47,0.23,0.31,0.17,2.08,0,0.39,0.35,0,43.04,0.27,0,81.21,0.63,1.08,1.17,3.76,0,0.85,0.97,0,0.71,2.7,7.85,2.24,24.55,27.42,0.49,1.04,0.21,0,2.07,0.95,0,0,1.46,0.5,6.47,1.58,0,1.59,8.77,4,22.75,0,0,1.53,0.53,0,4.17,0.17,0,59.09,0.31,1.45,1.48,1.44,0.66,2.1,1.82,0,0,0,0.34,3.11,0,20.64,0.67,6.4,71.18,178.64,117.14,1.65,94.45,0.35,0.06,39.89,2.57,1.89,0.55,0.9,12.56,2.86,2022-AKK-79,2022,202202,Y-22,1631.943396,0.0149492376669075,23780.826683019895,162,43,2,44.28,0,33,0.3261,0.1134,0,63.00125,-171.84919,54,-1.2,8,NBS,12
8.52,0.23,0.41,1.11,0.78,2.04,0,1.11,0.76,0,29.36,0.39,0,38.53,0.91,2.24,2.53,4.18,0,1.24,2.12,0,1.42,0.91,8.02,2.37,23.81,28.93,0.41,2.29,0.59,0,2.8,1,0,0,1.24,0.66,2.47,0,0,3.77,9.47,7.62,17.98,0,0,2.44,0.39,0.25,6.61,0.35,0,46.76,0.43,3.47,2.56,2.89,0.79,2.83,1.42,0,0,0,0,6.96,0,16.8,1.14,11.8,58.41,143.17,106.53,1.82,80.61,0.36,0.11,44,3.46,1.31,0.69,0.82,15.61,2.78,2022-AKK-8,2022,202202,W-24,933.711211,0.01652750720665605,232464.78806269722,162,1,2,45.45,0,31,0.3377,0.0912,0,62.33188,-173.16956,59,-1.3,7,NBS,10
13.11,0.36,0.3,0.34,0.18,1.59,0,0.39,0.43,0,46.45,0.5,0,71.86,0.66,1.46,0.49,6.56,0,0.97,2.98,0,0.99,5.13,10.9,2.17,38.2,29.42,0.41,1.63,0.26,0,2.34,1.09,0,0,1.05,0.56,5.33,1.45,0.69,0.56,7.42,6.73,17.86,0,0,1.3,0.48,0.11,4.18,0.16,0,65.82,0.47,2.01,2.1,2.31,0.61,1.45,2.51,0,0,0.22,0.16,4.85,0.14,16.75,0.85,5.85,75.52,184.46,126.78,1.68,97.69,0.25,0.12,38.45,2.9,1.55,1.24,1.3,13.48,3.93,2022-AKK-80,2022,202202,Y-22,1631.943396,0.0149492376669075,23780.826683019895,162,43,2,46.54,0,36,0.3196,0.1306,0,63.00125,-171.84919,54,-1.2,8,NBS,12
10.54,0.34,0.24,0.48,0.24,1.61,0,0.43,0.68,0,39.1,0.21,0,81.93,0.68,1.28,1.34,5.22,0,0.94,1.22,0,0.71,3.12,5.96,1.13,27.28,26.57,0.41,1.34,0.19,0,1.66,0.74,0,0,0.82,0.5,4.36,1.32,0.41,0.46,4.48,2.82,11.18,0,0,0.88,0.32,0,4.89,0,0,65.82,0.37,0.44,1.37,2.19,0.51,1.19,2.09,0,0,0,0,3.63,0,14.3,0,6.99,61.7,162.26,113.95,1.85,91.87,0.22,0.08,22.47,2.16,2.1,1.02,1.03,18.81,4.6,2022-AKK-81,2022,202202,Y-25,290.807337,0.01676890754938905,46352.5848485174,162,40,1,52.59,8.74,58,0.3326,0.1173,0,62.99305,-174.02492,74,-1.6,8,NBS,12
8.53,0.27,0.14,0.45,0.26,1.36,0,0.37,0.57,0,29.43,0,0,61.44,0.55,1.1,1.21,4.11,0,0.95,1.81,0,0.61,1.64,6.56,1.45,22.57,27.33,0.4,1.49,0.23,0,1.48,0.79,0,0,0.77,0.47,2.38,0.67,0.41,0.39,4.74,2.89,11.7,0,0,1.13,0.36,0,4.55,0,0,44.16,0.34,0,1.24,2.17,0.59,1.51,1.69,0,0,0,0,3.34,0,10.74,0.34,6.25,51.86,138.46,83.44,1.61,63.79,0.24,0.08,22.75,1.95,2.09,1.14,0.83,25.78,4.11,2022-AKK-82,2022,202202,Y-25,290.807337,0.01676890754938905,46352.5848485174,162,40,1,55.49,10.36,72,0.3149,0.0859,0,62.99305,-174.02492,74,-1.6,8,NBS,12
8.61,0.22,0.21,0.38,0.2,2,0,0.59,0.43,0,54.18,0.23,0,62.28,0.6,1.76,1.57,3.88,0,1.47,3.29,0,0.93,3.94,12.24,1.75,34.35,32.41,0.37,1.36,0.3,0,2.19,1.16,0,0,1.02,0.49,6.46,2.01,0.54,0.47,10.81,4.88,25.32,0,0,1.19,0.51,0,5.64,0,0,71.91,0.4,0.95,1.77,1.9,0.66,2.88,2.78,0,0,0,0.27,5.48,0.15,18.53,0.84,8.4,91.73,180.01,136.01,1.48,107.32,0.26,0.09,45.63,2.68,1.15,0.85,1.06,9.63,3.88,2022-AKK-83,2022,202202,BB-18,3755.65951,0.013260126249216,37617.59810013062,162,22,1,57.07,9.03,68,0.3389,0.1494,0,64.00589,-169.05189,35,3,9,NBS,13
15.59,0.3,0.32,0.47,0.15,2.59,0,0.74,0.39,0,67.18,0.3,0,92.56,0.78,1.95,1.58,4.98,0,1.11,3.37,0,0.65,4.89,14.59,1.65,43.27,33.36,0.44,1.88,0.47,0,2.47,1.33,0,0,1.84,0.71,7.08,2.87,0.8,0,11.65,9.64,30.57,0,0,1.67,0.83,0,6.59,0.23,0,91.24,0.28,5.2,3.12,1.91,0.6,1.3,3.64,0,0,0.09,0.1,6.05,0.12,21.99,1.06,8.99,102.3,237.71,165.01,1.61,131.7,0.24,0.08,62.09,3.19,1.38,0.83,1.3,13.08,4.15,2022-AKK-84,2022,202202,BB-18,3755.65951,0.013260126249216,37617.59810013062,162,22,1,48.91,7.44,36,0.3818,0.1744,0,64.00589,-169.05189,35,3,9,NBS,13
10.03,0.19,0.24,0.75,0.41,1.59,0,0.91,0.78,0,47.71,0.22,0,56.73,0.73,2,2.22,3.74,0,1.24,3.16,0,1.01,3.54,9.96,1.4,29.9,32.39,0.32,1.51,0.31,0,2.38,0.95,0,0,1.11,0.63,4.83,0.98,0.5,0.27,8.81,3.84,15.53,0,0,0.83,0.29,0,4.05,0,0,58.83,0.3,2.31,2.21,2.89,0.61,2.75,2.1,0,0,0,0,4.01,0,15.01,0.56,9.91,80.87,159.59,111.4,1.38,86.7,0.26,0.1,35.58,3.01,1.19,1,0.92,11.74,3.92,2022-AKK-85,2022,202202,BB-18,3755.65951,0.013260126249216,37617.59810013062,162,22,1,46.69,6.94,29,0.3675,0.147,0,64.00589,-169.05189,35,3,9,NBS,13
12.29,0.3,0.3,0.73,0.52,2.33,0,0.93,0.93,0,60.44,0.37,0,72.76,0.74,2.32,2.37,4.37,0,1.54,1.74,0,1.29,3.66,13.87,1.84,43.68,36.68,0.43,1.81,0.39,0,3.01,1.01,0,0,1.55,0.7,5.36,1.36,0.8,0.41,10.69,6.31,21.83,0,0,1.69,0.47,0,6.8,0.23,0,67.11,0.49,3.09,2.46,2.44,0.86,2.64,2.37,0,0,0.16,0,6.6,0.18,19.75,0.76,11.66,99.77,206.2,133.54,1.34,103.83,0.29,0.08,46.83,3.71,1.2,0.8,1.19,13.57,3.4,2022-AKK-86,2022,202202,BB-18,3755.65951,0.013260126249216,37617.59810013062,162,22,1,47.68,7.61,36,0.3838,0.1683,0,64.00589,-169.05189,35,3,9,NBS,13
12.02,0.23,0.43,1.59,0.81,2.3,0,1.69,1.24,0,58.08,0.38,0,60.96,0.98,3.01,3.51,4.25,0,1.53,3.01,0,1.22,2.28,12.6,2.39,45.03,34.36,0.38,2.41,0.71,0,3.49,0.77,0,0,1.54,0.99,4.23,1.84,0,1.56,13.26,6.59,19.99,0,0,1.67,0.51,0.11,5.73,0.27,0,66.9,0.44,5.21,3.35,3.39,0.8,2.06,2.52,0,0,0.11,0,7.27,0.15,25.05,0.95,15.68,95.54,200.08,138.79,1.45,110.01,0.37,0.08,51.79,4.48,1.05,0.71,1.31,14.42,2.67,2022-AKK-87,2022,202202,BB-18,3755.65951,0.013260126249216,37617.59810013062,162,22,1,44.72,6.84,29,0.3812,0.1524,0,64.00589,-169.05189,35,3,9,NBS,13
8.23,0.18,0,0.56,0.31,1.66,0,0.89,0.44,0,29.3,0.22,0,43.55,0.6,1.62,1.89,2.57,0,0.91,1,0,0.84,1.59,6.9,1.58,15.87,24.67,0.35,1.43,0.27,0,1.86,0.85,0,0,1.1,0.43,2.64,0.53,0,1.14,6.95,3.01,15.22,0,0,1.88,0.49,0,5.11,0,0,47.15,0.54,0.85,1.51,2.97,0.84,1.46,1.89,0,0,0,0,4.5,0,14.25,0.19,8.29,58.22,118.97,92.4,1.59,72.84,0.3,0.08,30.51,2.29,1.49,0.68,0.64,16.49,3.31,2022-AKK-88,2022,202202,BB-18,3755.65951,0.013260126249216,37617.59810013062,162,22,1,47.56,7.7,32,0.3272,0.0993,0,64.00589,-169.05189,35,3,9,NBS,13
13.01,0.25,0.29,0.97,0.44,2.35,0,1.57,0.7,0,59.81,0.32,0,67.38,0.84,2.58,2.67,4.63,0,1.72,1.85,0,1.13,2.77,15.03,2.08,40.72,41.89,0.42,2.29,0.42,0,3.45,1.1,0,0,1.57,0.87,5.51,1.13,0.62,1.25,14.94,8.44,24.6,0,0,2.15,0.56,0.14,6.88,0.31,0,68.61,0.37,6.15,3.18,2.94,0.8,3.15,2.59,0,0,0.12,0,7.36,0.18,22.85,0.95,12.99,98.2,217.43,141.07,1.44,110.48,0.33,0.07,60.25,4.32,1.13,0.68,0.97,12.23,3,2022-AKK-89,2022,202202,BB-18,3755.65951,0.013260126249216,37617.59810013062,162,22,1,45.91,7.24,32,0.3415,0.1569,0,64.00589,-169.05189,35,3,9,NBS,13
8.32,0.24,0.2,0.61,0.41,1.51,0,0.55,0.33,0,28.89,0.62,0,37.62,0.72,1.51,1.53,3.33,0,1.1,1.84,0,1.41,0.96,7.46,2.1,23.86,27.05,0.11,2.15,0.29,0,2.38,0.8,0,0,1,0.5,2.45,0.68,0,2.5,9.06,6.09,16.18,0,0,1.81,0.3,0.23,5.66,0.2,0,46.93,0.78,2.25,1.9,3.82,1.05,2.11,1.57,0,0,0,0,5.69,0.13,17.33,1.25,7.55,51.93,134.98,100.79,1.94,78.58,0.37,0.1,39.3,2.88,1.3,0.71,0.88,15.38,2.71,2022-AKK-9,2022,202202,W-24,933.711211,0.01652750720665605,232464.78806269722,162,1,2,43.03,0,25,0.3266,0.1,0,62.33188,-173.16956,59,-1.3,7,NBS,10
8.81,0.24,0.19,0.44,0.26,2.36,0,0.86,0.44,0,45.4,0.31,0,54.94,0.59,2.02,1.87,4.51,0,1.35,1.22,0,0.91,2.93,10.79,2.04,24.21,24.67,0.33,1.27,0.27,0,2.06,0.96,0,0,1.3,0.44,5.02,1.87,0.41,0.64,12.91,3.63,27.73,0,0,1.6,0.61,0,6.07,0,0,67.03,0.48,1.4,2.22,2.82,1.19,2.52,2.66,0,0,0,0.1,5.87,0.21,15.83,0.39,9.59,69.44,159.63,125.59,1.81,98.51,0.24,0.09,50.7,2.5,1.21,0.76,0.98,10.94,4.23,2022-AKK-90,2022,202202,BB-20,39232.247758,0.0130989800478174,86874.13415746148,162,31,1,51.19,10.6,52,0.3202,0.1121,1,63.97803,-170.55256,30,4.2,9,NBS,13
11,0.25,0.24,0.74,1.06,1.97,0,1.32,0.57,0,28.26,0.19,0,27.94,0.85,2.83,2.59,3.57,0,1.14,2.83,0,1.33,2.62,8.82,1.24,17.89,16.51,0,2.12,0.71,0,2.9,0.89,0,0,1.53,0,4.46,1.75,0.5,0.86,8.16,3.93,16.29,0,0,2.52,0.3,0,3.74,0.3,0,45.07,0.82,0.58,1.07,3.23,1.54,2.27,2.91,0,0,0,0,4.11,0,24.8,0.82,12.21,60.16,101.07,111.01,1.85,83.84,0.55,0.15,33.26,2.9,0.99,0.79,1.08,6.26,1.82,2022-VA-1,2022,202201,K-19,10939.217499,0.01376736639424575,726.3553328674125,94,110,2,59.11,0,NA,0.2925,0.0795,0,58.33895,-169.11492,68,0.9,3,EBS,6
7.91,0.17,0.31,0.78,0.39,1.58,0,0.96,0.52,0,25.25,0.45,0,27.62,0.64,2.45,2.12,3.73,0,1.47,2.02,0,0.92,1.44,6.78,1.98,24.65,21.24,0,2.46,0.61,0,2.16,0.5,0,0,1.36,0.47,0.66,1.12,0,1.73,9.18,6.04,15.81,0,0,2.44,0.34,0,5,0.32,0,42.08,0.46,1.91,1.76,2.42,1.47,2,1.65,0,0,0,0,6.71,0,16.17,0.99,10.27,50.78,117.47,94.92,1.87,70.73,0.38,0.13,37.13,2.62,1.09,0.94,1.16,41.9,2.6,2022-VA-10,2022,202201,N-23,2238.60739,0.0145612093133925,6043.45409134824,94,136,1,90.56,14.37,NA,0.3143,0.0876,0,59.33373,-171.84187,79,-0.5,3,EBS,6
9.44,0.38,0.28,0.61,0.34,1.43,0,0.62,0.74,0,30.6,0.18,0,61.6,0.61,1.52,1.55,2.89,0,1.04,1.14,0,0.49,2.3,5.92,1.1,22.04,27.27,0.37,0.93,0.27,0,2.14,0.72,0,0,0.74,0,2.75,0.89,0.35,0.9,0,1.63,16.41,0,0,0,0,0,4.17,0,0,46.51,0,1.19,1.45,1.95,0.67,2.44,1.5,0,0,0.17,0,4.36,0,10.73,0.37,7.86,57.21,137.39,85.81,1.5,67.25,0.23,0.07,22.64,2.14,2.01,0.81,0.81,22.37,4.33,2022-VA-100,2022,202201,T-27,214.652205,0.0161836593900333,44098.88040769817,94,192,2,49.8,0,42,0.311,0.1177,0,61.32121,-175.00831,87,-0.6,4,EBS,9
12.1,0.44,0.3,0.81,0.44,1.72,0,0.77,0.75,0,33.34,0.25,0,69.36,0.75,1.87,1.9,3.5,0,1.36,1.36,0,0.72,2.29,7.04,1.78,24.3,36.26,0.48,1.74,0.45,0,2.24,0.83,0,0,1.01,0,2.56,0.97,0,1.88,9.28,2.09,22.69,0,0,1.4,0.38,0,5.29,0.22,0,54.13,0.33,2.01,1.95,1.73,0.3,3.27,1.66,0,0,0,0,6,0,15.04,0.58,9.62,58.74,175.56,105.49,1.8,82.2,0.28,0.07,39.76,2.24,2.08,0.79,0.67,27.14,3.6,2022-VA-101,2022,202201,T-27,214.652205,0.0161836593900333,44098.88040769817,94,192,2,56.48,0,60,0.3225,0.1085,0,61.32121,-175.00831,87,-0.6,4,EBS,9
7.97,0.29,0.21,0.44,0.25,1.54,0,0.45,0.33,0,34.07,0.13,0,67.29,0.59,1.22,1.34,3,0,1,1.04,0,0.57,2.62,6.71,1.4,21.49,32.4,0.31,0.98,0.26,0,1.87,0.82,0,0,0.79,0,4.3,0.96,0.43,1.14,0,3.09,18.52,0,0,0,0,0,4.23,0.11,0,49.27,0,0.85,1.67,2.6,0.74,2.8,1.49,0,0,0,0,4.08,0,11.27,0,6.57,56.52,151.54,91.37,1.62,72.22,0.23,0.07,26.73,1.87,1.98,0.71,0.66,15.63,4.37,2022-VA-102,2022,202201,U-26,591.469659,0.0142289277097176,193499.45731466817,94,194,2,51.46,0,48,0.3188,0.1062,0,61.66746,-174.47425,76,-1.4,4,EBS,9
8.45,0.33,0.25,0.54,0.35,1.75,0,0.55,0.28,0,37.52,0.22,0,71.81,0.65,1.46,1.43,3.01,0,1.11,1.18,0,0.84,2.66,8.03,1.55,25.12,31.24,0.46,1.47,0.26,0,1.91,0.93,0,0,0.94,0,4.13,1.1,0.51,0.86,9.14,3.01,21.71,0,0,1.2,0,0,5.11,0.09,0,54.49,0,0.85,1.7,2.27,0.35,3.14,1.73,0,0,0,0,4.65,0,11.98,0.62,7.48,61.44,172.09,100.56,1.64,78.78,0.22,0.07,38.68,1.91,1.91,0.76,0.8,17.37,4.55,2022-VA-103,2022,202201,U-26,591.469659,0.0142289277097176,193499.45731466817,94,194,2,47.62,0,42,0.3015,0.1094,0,61.66746,-174.47425,76,-1.4,4,EBS,9
7.58,0.13,0.51,0.7,0.29,1.27,0,0.74,0.49,0,26.87,0.3,0,34.48,0.51,1.67,1.71,2.2,0,0.72,0.76,0,0.67,1.51,6.37,1.75,19.31,16.13,0.23,1.3,0.35,0,1.48,0.41,0,0,0.97,0,2.6,1.14,0.37,0.78,0,3.72,10.4,0,0,0,0.33,0,3.4,0,0,37.52,0,2.17,2.21,2.33,0.67,1.21,1.34,0,0,0,0,5.21,0,12.1,0.7,7.58,53.52,96.05,74.67,1.4,60.23,0.32,0.08,20.83,1.48,1.28,0.66,1.2,13.28,3.1,2022-VA-104,2022,202202,BB-02,10185.542612,0.01339783010350785,50799.9836347978,94,25,2,43.82,0,30,0.3433,0.1122,0,64.01357,-167.57013,33,3.6,9,NBS,13
12.19,0.28,0.24,0.51,0.19,2.26,0,0.65,0.29,0,43.93,0.24,0,61.63,0.68,1.79,1.43,3.78,0,1.05,1.4,0,0.62,2.74,9.66,2.05,25.02,22.26,0.43,2.4,0.38,0,1.93,0.93,0,0,1.19,0,3.15,0.81,0.42,0.77,9.11,4.92,18.49,0,0,0,0,0,4.54,0.2,0,59.51,0,3.07,1.76,2.41,1.16,1.46,2.27,0,0,0,0,7.31,0,13.93,0.77,8.16,64.76,155.47,108.08,1.67,87.77,0.23,0.07,39.76,1.93,1.4,0.93,1.12,19.54,4.27,2022-VA-105,2022,202202,BB-01,6274.013709,0.01302795444467055,199449.72336489536,94,24,1,51.48,10.55,58,0.31,0.1154,1,64.02313,-168.29402,35,3.5,9,NBS,13
2.31,0,0,0,0,0.42,0,0.32,0,0,11.77,0,0,8.14,0,1.09,0.79,0.31,0,0.67,0.59,0,1.03,0,0,0.36,7.54,11.73,0,1.26,0.28,0,0.83,0.35,0,0,0,0,0.79,0,0,2.89,2.48,2.61,0,0,0,0,0,0,4.28,0,0,23.69,0,1.65,1.59,1.09,0,0.46,0.47,0,0,0,0,2.63,0,13.31,0,3.29,27.3,38.44,51.92,1.9,44.82,0.56,0.09,9.42,0.83,0.69,0.38,0.64,10.24,1.78,2022-VA-106,2022,202202,CC-02,33409.338234,0.0125999182658085,150245.04921885912,94,22,1,54.22,9.53,NA,0.3143,0.062,0,64.34441,-167.5762,31,2.7,9,NBS,13
12.24,0.22,0.28,0.8,0.32,1.87,0,0.91,0.4,0,31.06,0.74,0,33.43,0.8,1.99,1.63,2.76,0,0.98,1.8,0,1.06,1.23,7.12,2.41,27.1,23.11,0.13,2.56,0.38,0,2.81,0.52,0,0,1.02,0,2.43,0.61,0.34,0.81,10.33,6.92,14.72,0,0,0,0,0,4.1,0.34,0,43.54,0,3.88,4.62,2.23,0.91,1.45,1.64,0,0,0,0,5.78,0,25.89,1.04,8.9,57.53,134.3,99.09,1.72,81.49,0.59,0.09,42.7,2.81,1.08,0.8,1.17,13.74,1.68,2022-VA-107,2022,202202,BB-02,10185.542612,0.01339783010350785,50799.9836347978,94,25,2,41,0,24,0.3069,0.1071,0,64.01357,-167.57013,33,3.6,9,NBS,13
9.89,0.16,0.27,0.67,0.3,1.69,0,0.71,0.43,0,36.77,0.37,0,38.49,0.63,1.69,1.43,2.49,0,1.01,1.82,0,0.93,1.67,7.97,1.83,28.17,20.35,0.32,1.72,0.28,0,2.37,0.54,0,0,0.86,0,2.8,0.5,0.42,0.72,9.16,4.94,13,0,0,0,0,0,3.52,0.3,0,44.79,0,4.16,3.08,2.16,1.06,1.15,1.74,0,0,0.17,0,5.58,0,21.1,0.91,7.93,61.9,129.56,94.4,1.52,77.96,0.47,0.08,36.49,2.37,1.05,0.86,1.38,13.76,2.12,2022-VA-108,2022,202202,BB-01,6274.013709,0.01302795444467055,199449.72336489536,94,24,2,40.63,0,NA,0.3081,0.1117,0,64.02313,-168.29402,35,3.5,9,NBS,13
8.65,0.19,0.14,0.27,0.11,1.36,0,0.39,0.36,0,28.11,0.16,0,40.09,0.47,1,0.86,2.36,0,0.5,0,0,0.47,1.93,6.19,0.85,13.52,9.42,0.23,0.93,0.18,0,0.98,0.63,0,0,0.64,0,2.65,1.24,0.28,0.53,6.51,2.8,11.6,0,0,0,0,0,3.07,0,0,44.75,0,4.04,2.13,1.02,0.09,0.4,1.66,0,0,0.24,0,3.14,0,12.9,0.87,4.86,52.84,94.78,77.87,1.47,66.11,0.29,0.06,28.1,0.98,1.43,0.69,1.44,15.1,3.47,2022-VA-109,2022,202202,BB-01,6274.013709,0.01302795444467055,199449.72336489536,94,24,2,41.98,0,24,0.3259,0.1141,0,64.02313,-168.29402,35,3.5,9,NBS,13
7.85,0.18,0.18,0.76,0.36,1.41,0,0.87,0.78,0,26.19,0.45,0,33.21,0.52,1.87,1.8,3.64,0,1.02,1.03,0,0.75,1.3,6.53,2.1,21.18,18.84,0.29,1.59,0.44,0,1.82,0.58,0,0,1.36,0.41,0.91,1.45,0,1.8,8.75,3.53,14.61,0,0,1.96,0.45,0,0,0.21,0,49.43,0.56,0.8,1.55,2.79,1.03,1.82,1.99,0,0,0,0,5.01,0,15.38,0.52,8.88,59.6,110.93,92.76,1.56,75.89,0.31,0.1,32.04,2.22,1.27,0.77,1.12,36.69,3.21,2022-VA-11,2022,202201,N-23,2238.60739,0.0145612093133925,6043.45409134824,94,136,1,74.13,10.66,NA,0.3711,0.1055,0,59.33373,-171.84187,79,-0.5,3,EBS,6
13.2,0.27,0.23,0.38,0.17,1.66,0,0.42,0.54,0,34.54,0.52,0,49.31,0.59,1.2,0.91,4.1,0,0.75,0,0,0.61,2.87,8.3,2,23.11,16.6,0.34,1.33,0.21,0,1.72,0.83,0,0,0.91,0,3.3,1.59,0.42,0.74,9.62,5.15,15.79,0,0,0,0,0,3.5,0.12,0,51.37,0,4.35,2.87,1.62,0.41,0.88,2.08,0,0,0.17,0,3.8,0,14.58,0.87,6.04,61.23,134.3,93.8,1.53,76.6,0.28,0.08,39.39,1.72,1.43,0.82,1.39,14.95,3.52,2022-VA-110,2022,202202,BB-02,10185.542612,0.01339783010350785,50799.9836347978,94,25,2,41.69,0,NA,0.3568,0.1325,0,64.01357,-167.57013,33,3.6,9,NBS,13
11.66,0.21,0.29,0.71,0.36,1.46,0,0.78,1.03,0,31.68,0.83,0,47.4,0.62,1.72,1.76,4.1,0,0.73,0.73,0,0.65,1.83,6.96,2.85,19.88,20.77,0.36,1.59,0.27,0,1.94,0.66,0,0,1.24,0,3.07,1.76,0,1.57,8.65,4.27,11.9,0,0,0,0,0,2.76,0.11,0,42.24,0,2.44,2.23,0.78,0.41,0.73,1.84,0,0,0.16,0,5.46,0,11.68,0.61,8.56,51.58,125.46,83.23,1.61,66.62,0.28,0.08,30.27,1.94,1.5,0.7,0.96,15.44,3.62,2022-VA-111,2022,202202,BB-02,10185.542612,0.01339783010350785,50799.9836347978,94,25,2,43.21,0,30,0.3195,0.1156,0,64.01357,-167.57013,33,3.6,9,NBS,13
4.18,0.23,0.14,0.91,0.81,1.07,0,1.35,1.32,0,21.21,0.28,0,32.25,0.79,2.1,2.67,1.7,0,0.79,1.5,0,0.6,1.2,0,0.88,9.76,9.94,0.29,1.07,0,0,1.59,0.47,0,0,0,0,1.37,0.56,2.07,0,0,1.32,3.04,0,0,0,0,0,3.34,0,0,26.64,0,0.81,0.67,1.06,0,0.36,0.79,0,0,0,0,4.26,0,7.9,0,11.02,43.29,62.32,52.28,1.21,41.56,0.3,0.08,6.9,1.59,1.52,1.25,0.98,23.54,3.37,2022-VA-112,2022,202202,AA-02,8028.832075,0.0130962446942877,33918.100216449864,94,26,2,53.39,0,NA,0.3785,0.1057,0,63.68443,-167.53972,28,4,9,NBS,13
8.76,0.18,0.24,0.95,0.33,1.47,0,0.96,0.56,0,28.05,0.34,0,33.69,0.54,1.84,1.92,2.35,0,0.83,1.53,0,0.55,1.2,7.23,1.75,23.9,20.9,0.24,1.55,0.4,0,1.73,0.48,0,0,1.17,0,1.91,1.27,0,1.25,8.06,4.94,11.01,0,0,0,0,0,3.28,0,0,35.02,0,2.39,2.46,1.29,0,0.59,1.57,0,0,0,0,5.67,0,15.23,0.72,8.85,53.69,114.02,75.2,1.4,61.2,0.43,0.08,30.16,1.73,1.2,0.69,1.14,17.6,2.3,2022-VA-113,2022,202202,BB-02,10185.542612,0.01339783010350785,50799.9836347978,94,25,2,43.15,0,NA,0.3029,0.0855,0,64.01357,-167.57013,33,3.6,9,NBS,13
9.39,0.15,0.2,0.58,0.25,1.62,0,0.59,0.67,0,26.14,0.19,0,32.89,0.53,1.34,1.26,2.35,0,0.66,0.71,0,0.68,1.55,0,0.88,18.4,12.43,0.3,1.43,0,0,1.43,0.5,0,0,0.86,0,2.26,0.56,1.77,0,8.82,5.33,10.85,0,0,0,0,0,3.15,0,0,36.54,0,6.41,3.62,1.44,0.28,0,1.57,0,0,0,0,3.57,0,14.51,1.02,6.95,37.99,104.74,70.52,1.86,59.13,0.4,0.08,36.47,1.43,1.26,0.94,1.48,14.53,2.52,2022-VA-114,2022,202202,BB-01,6274.013709,0.01302795444467055,199449.72336489536,94,24,2,43.33,0,28,0.3287,0.1021,0,64.02313,-168.29402,35,3.5,9,NBS,13
2.97,0,0,0.3,2.12,0.94,0,1.25,0.28,0,11.8,0.17,0,11.32,0.43,1.49,1.47,1.27,0,0.74,0.75,0,1.22,0.25,0,0.89,11.41,11.1,0,1.25,0.34,0,1.11,0.4,0,0,0,0,0.79,0.44,0,7.18,0,3.23,5.88,0,0,0,0,0,3.91,0,0,29.71,0,2.26,1.91,2.78,0,0.75,0.93,0,0,0,0,2.98,0,14.17,1.17,8.59,27.14,53.82,66.21,2.44,56.99,0.48,0.13,16.06,1.11,0.96,0.34,1.03,14.32,2.1,2022-VA-115,2022,202202,CC-02,33409.338234,0.0125999182658085,150245.04921885912,94,22,2,40.49,0,22,0.337,0.0867,0,64.34441,-167.5762,31,2.7,9,NBS,13
6.74,0.31,0.24,0.99,0.68,1.35,0,1.18,1.41,0,32.39,0.28,0,43.1,0.76,2.24,2.65,2.59,0,1.25,2.19,0,1,1.9,6.9,1.28,27.09,23.83,0.37,1.56,0.4,0,2.54,0.63,0,0,0,0,2.89,0.62,0,1.43,6.61,3.92,10.12,0,0,0,0,0,3.98,0,0,34.39,0,1.44,1.61,1.03,0.97,2.31,1.18,0,0,0,0,4.79,0,12.03,0.3,11.76,57.96,123.53,75.85,1.31,57.72,0.35,0.09,24.71,2.54,1.33,0.9,1.14,14.91,2.86,2022-VA-116,2022,202202,AA-02,8028.832075,0.0130962446942877,33918.100216449864,94,26,2,47.31,0,36,0.33,0.1246,0,63.68443,-167.53972,28,4,9,NBS,13
6.61,0.18,0,0.81,0.34,1.18,0,1.05,0.36,0,18.54,0.21,0,21.89,0.57,1.63,1.84,2.07,0,0.9,1.44,0,0.92,1.16,0,1.88,16.11,15.61,0,2.13,0.3,0,2.18,0.54,0,0,0.96,0,1.76,0.89,0,3.49,7.3,5.72,9.82,0,0,0,0,0,3.3,0,0,28.86,0,5.5,3.42,2.21,1.04,2.17,0.83,0,0,0,0,3.28,0,15.7,1.03,8.11,34.53,93.39,70.9,2.05,54.85,0.54,0.12,33.97,2.18,1.18,0.55,1.03,12.46,1.84,2022-VA-117,2022,202202,BB-02,10185.542612,0.01339783010350785,50799.9836347978,94,25,2,44.75,0,30,0.349,0.0933,0,64.01357,-167.57013,33,3.6,9,NBS,13
7.71,0.31,0.26,0.93,0.67,1.61,0,1.25,1.06,0,37.15,0.49,0,45.63,0.85,2.38,2.65,2.77,0,1.19,1.35,0,0.92,2.14,9.02,1.65,26.6,21.12,0.34,1.57,0.3,0,2.54,0.62,0,0,0,0,3.73,0.55,0.37,0.44,7.75,3.53,10.76,0,0,0,0,0,4.31,0.15,0,43.72,0,1.56,1.34,1.59,1.01,1.83,1.57,0,0,0,0,6.14,0,13.75,0.37,11.74,70.29,125.43,87.86,1.25,70.43,0.31,0.08,26.54,2.54,1.23,0.88,1.26,12.23,3.18,2022-VA-118,2022,202202,AA-02,8028.832075,0.0130962446942877,33918.100216449864,94,26,1,50.49,8.51,NA,0.416,0.1679,0,63.68443,-167.53972,28,4,9,NBS,13
11.71,0.19,0.44,0.91,0.36,1.98,0,1.02,1.04,0,37.76,0.38,0,53.35,0.76,2.13,2.14,3.72,0,1.02,0,0,1.04,2.81,8.73,1.78,21.77,21.87,0.4,1.8,0.47,0,2.02,0.79,0,0.07,1.44,0,4.74,1.83,0.47,1.17,8.42,5.44,13.46,0,0,0,0,0,3.96,0.2,0,53.45,0,3.27,3.63,1.7,0.7,0.83,2.16,0,0,0.1,0,6.19,0,17.23,0,10.59,68.47,138.48,104.82,1.53,86.17,0.32,0.08,35.91,2.02,1.41,0.61,1,11.26,3.1,2022-VA-119,2022,202202,BB-02,10185.542612,0.01339783010350785,50799.9836347978,94,25,2,42.02,0,24,0.2903,0.1029,0,64.01357,-167.57013,33,3.6,9,NBS,13
17.26,0.26,0.26,0.22,0.13,1.6,0,0.37,0.17,0,33.57,0,0,55.71,0.75,1.16,0.33,5.5,0,0.54,3.62,0,0.75,4.79,5.98,0.81,13.2,16.78,0.16,0.64,0.24,0,6.99,1.06,0,0,0.95,0,7.76,2.02,0,1.41,3.49,2.63,10.67,0,0,2.48,0.2,0,2.7,0,0,63.77,0.34,0,0.67,1.35,0.69,0.88,2.77,0,0,0.81,0,2.04,0,18.42,0.53,4.52,51.18,107.65,129.83,2.54,96.91,0.29,0.14,18.81,6.99,1.66,0.72,0.79,7.18,3.46,2022-VA-12,2022,202201,M-19,5291.9719780000005,0.01334221746820875,824.4506601852592,94,112,2,51.4,0,NA,0.326,0.1077,0,58.98863,-169.17239,54,1.6,3,EBS,6
10.67,0.14,0.19,0.54,0.24,1.49,0,0.56,0.53,0,29.76,0.26,0,31.5,0.6,1.47,1.3,2.39,0,0.95,0.76,0,0.71,1.27,7.02,1.36,18.7,13.69,0.29,1.57,0.25,0,2.01,0.48,0,0,0.86,0,2.18,0.48,1.79,0,11.56,5.59,14.67,0,0,0,0,0,3.64,0.16,0,41.66,0,5.96,3.27,2.06,0.78,2.06,1.73,0,0,0.14,0,5.48,0,18.89,1,7.07,51.78,112.28,85.93,1.66,70.81,0.45,0.08,43.12,2.01,1.06,0.82,1.37,14.44,2.21,2022-VA-120,2022,202202,BB-01,6274.013709,0.01302795444467055,199449.72336489536,94,24,2,40.65,0,26,0.4566,0.1503,0,64.02313,-168.29402,35,3.5,9,NBS,13
6.02,0.12,0.11,0.45,0.32,1.53,0,0.75,0.33,0,25.91,0.13,0,40.32,0.44,1.42,1.62,1.94,0,0.58,0.63,0,0.39,1.6,0,0.82,10.58,10.62,0.27,0.91,0.26,0,1.25,0.54,0,0,0.74,0,2.68,0,0,1.26,5.91,2.15,12.23,0,0,0,0,0,3.63,0,0,43.28,0,1.58,1.46,0.52,0,0.54,1.69,0,0,0,0,3.4,0,9.87,0,7.01,37.53,88.04,73.7,1.96,62.58,0.23,0.06,23.85,1.25,1.56,0.68,1,15.03,4.38,2022-VA-128,2022,202202,AA-01,15797.927533,0.0123563785045932,263429.9061646593,94,38,1,53.58,10.79,NA,0.3158,0.0946,1,63.66443,-168.27987,31,2.5,8,NBS,12
6.51,0.15,0,0.43,0.22,1.37,0,0.57,0.35,0,28.26,0.27,0,36.88,0.58,1.91,1.67,3.34,0,1.64,1.26,0,0.8,2.54,7.49,1.54,25.39,35.92,0.27,1.59,0.38,0,2.4,0.88,0,0,1.03,0.6,2.23,1.05,0.37,1,9.18,4.91,24.33,0,0,2.29,0.45,0,5.34,0.37,0,59.29,0,0.76,2.35,2.44,0.37,3.97,2.15,0,0,0.62,0,6.94,0,17.91,0.61,8.17,54.58,147.04,117.22,2.15,91.3,0.3,0.11,43.99,3,1.31,0.83,0.71,16.52,3.31,2022-VA-13,2022,202201,N-22,1761.418855,0.0147892139459064,5138.880286537238,94,137,1,82.5,12.78,186,0.3664,0.1054,0,59.32165,-171.17434,74,-0.2,3,EBS,6
4.49,0.14,0.2,0.85,0.65,1.23,0,1.06,0.57,0,24.36,0.37,0,25.47,0.56,1.92,2.3,1.83,0,0.69,1.35,0,0.68,1.15,0,1.18,18.4,13.74,0.19,1.01,0.3,0,1.52,0.27,0,0,0,0,1.93,0.39,0,1.1,5.91,1.84,0,0,0,0,0,0,2.87,0,0,26.94,0,0,0.71,1.64,0.37,0.86,1.08,0,0,0,0,4.01,0,8.63,0,9.27,49.78,71.23,55.28,1.11,44.36,0.32,0.09,10.12,1.52,1.05,0.91,1.34,13.22,3.12,2022-VA-130,2022,202202,Y-18,1792.98277,0.0122583670149237,646489.4957339738,94,27,2,52.88,0,52,0.3436,0.0971,0,62.86239,-168.82471,39,0.6,8,NBS,12
16.01,0.38,0.28,0.58,0.2,2.46,0,0.7,0.53,0,49.76,0.33,0,79.15,0.92,1.83,1.47,4.79,0,1.02,0,0,0.87,4.57,11.7,1.51,28.7,24.14,0.59,2,0,0,2.56,1.24,0,0,1.27,0,5.64,2.57,0.66,0.9,9.21,5.89,18.97,0,0,0,0,0,5.73,0.16,0,83.91,0,4.57,3.57,1.98,0.34,1.01,3,0,0,0,0,5.58,0,22.94,0.72,8.81,83.39,182.52,147.08,1.76,123.01,0.27,0.07,44.18,2.56,1.59,0.72,1.19,14.05,3.66,2022-VA-133,2022,202202,BB-01,6274.013709,0.01302795444467055,199449.72336489536,94,24,2,42.38,0,30,0.311,0.1085,0,64.02313,-168.29402,35,3.5,9,NBS,13
12.1,0.32,0.3,0.64,0.22,1.79,0,0.64,0.45,0,35.94,0.32,0,47.39,0.75,1.71,1.37,3.64,0,1.01,0,0,0.91,3.02,9.72,1.65,28.35,23.8,0.37,1.9,0.48,0,2.22,0.86,0,0,1.13,0,4.13,0.52,0.7,0.7,10.86,7.02,17.68,0,0,0,0,0,4.72,0.24,0,53.28,0,5.57,3.55,2.23,0.88,1.59,2.19,0,0,0.16,0,4.67,0,19.66,1.31,7.82,61.47,153.05,105.01,1.71,85.78,0.37,0.08,46.91,2.22,1.32,0.75,1.19,11.47,2.71,2022-VA-134,2022,202202,BB-01,6274.013709,0.01302795444467055,199449.72336489536,94,24,2,43.22,0,30,0.3409,0.1193,0,64.02313,-168.29402,35,3.5,9,NBS,13
6.96,0.2,0.25,0.97,0.65,1.42,0,1.16,0.72,0,34.11,0.25,0,42.13,0.69,2.02,2.45,2.84,0,0.86,2.04,0,0.73,1.76,7.09,1.24,24.8,19.85,0.34,1.47,0.45,0,2.04,0.51,0,0,1.07,0,3.07,1.33,0,1.38,6.2,3.28,10.13,0,0,0,0.31,0,3.96,0.18,0,39.77,0,1.4,1.48,1.53,0.83,1.24,1.34,0,0,0,0,5.39,0,12.63,0.41,10.25,58.85,115.45,82.88,1.41,64.49,0.32,0.09,24.01,2.04,1.24,0.75,1.25,13.7,3.15,2022-VA-135,2022,202202,AA-01,15797.927533,0.0123563785045932,263429.9061646593,94,38,1,50.29,8.59,52,0.2952,0.1103,0,63.66443,-168.27987,31,2.5,8,NBS,12
7.21,0.2,0.26,0.81,0.49,1.19,0,0.95,0.89,0,30.32,0.24,0,34.75,0.56,1.72,1.98,1.95,0,0.78,0.87,0,0.63,1.72,7.03,1.32,22.06,17.33,0.25,1.23,0.3,0,1.44,0.46,0,0,0.86,0,2.26,1.14,1.06,0,6.27,3.85,8.3,0,0,0,0,0,2.91,0,0,33.52,0,2.21,2.22,0.77,0.69,1.27,1.19,0,0,0,0,4.08,0,11.79,0.51,8.81,57.68,102.13,67.08,1.16,53.47,0.35,0.07,23.62,1.44,1.15,0.8,1.27,15.36,2.84,2022-VA-137,2022,202202,AA-01,15797.927533,0.0123563785045932,263429.9061646593,94,38,2,45.85,0,36,0.3226,0.0999,0,63.66443,-168.27987,31,2.5,8,NBS,12
10.26,0.21,0.32,0.91,0.54,1.66,0,0.99,0.68,0,31.43,0.44,0,40.29,0.68,2.03,2.13,3.06,0,0.85,0.99,0,0.79,2.06,7.38,1.69,22.54,17.91,0.32,1.6,0.42,0,2.08,0.53,0,0,0.97,0,2.68,0,0,2.15,8.14,4.53,11.9,0,0,0,0,0,3.62,0.11,0,42.26,0,3.5,3.1,1.83,0.73,1.43,1.54,0,0,0.1,0,5.02,0,15.07,0.57,9.78,61.1,119.35,85.6,1.4,69.61,0.36,0.09,32.99,2.08,1.28,0.78,1.26,15.02,2.8,2022-VA-138,2022,202202,AA-01,15797.927533,0.0123563785045932,263429.9061646593,94,38,2,51.82,0,48,0.3194,0.0975,0,63.66443,-168.27987,31,2.5,8,NBS,12
12.3,0.29,0.34,0.47,0.28,2.42,0,0.74,0.39,0,55.43,0.27,0,76.47,0.75,1.75,1.84,4.92,0,1.05,0,0,0.93,4.06,9.18,1.32,43.54,26.62,0.56,1.88,0.25,0,2.58,0.96,0,0,1.27,0,9.06,1.15,0.4,0.55,8.69,5.81,19.6,0,0,0,0,0,6.71,0.21,0,72.23,0,1.82,2.26,1.69,0.7,1.37,2.62,0,0,0.09,0,6.21,0,19.51,0.95,8.94,83.54,192.58,135.4,1.62,111.33,0.27,0.07,39.88,2.58,1.38,0.63,1.64,8.44,3.7,2022-VA-139,2022,202202,X-18,1241.546511,0.0127555389481179,145992.47805791633,94,28,1,61.99,10.11,92,0.3046,0.1113,0,62.66556,-168.8891,35,-0.1,7,NBS,10
10.13,0.48,0,0.47,2.21,1.69,0,1.08,0.54,0,33.1,0,0,29.78,0.94,1.73,2.46,5.37,0,1.06,3.13,0,2.37,3.21,8.39,1.17,20.84,18.61,0.36,1.5,0.72,0,4.42,0.91,0,0,1.47,0,5.46,2.15,0,2.54,6,4.45,9.1,0,0,2.79,0,0.31,5.18,0.49,0,61.21,0.82,0,1.61,1.42,0,0.8,3.11,0,0,0,0,2.87,0,26.34,2.14,11.25,64.47,97.93,134.52,2.09,104.39,0.43,0.18,22.58,4.42,0.9,0.8,1.12,5.46,2.32,2022-VA-14,2022,202201,K-01,13816.46472,0.0157000925023635,191.08167671931733,94,97,2,45.47,0,NA,0.3202,0.0946,0,58.31114,-167.83477,61,0.8,3,EBS,6
9.3,0.2,0.35,1.09,0.7,1.52,0,1.26,1.51,0,32.37,0.27,0,39.63,0.81,2.27,2.73,2.74,0,0.82,2,0,0.77,1.44,6.41,1.3,21.82,16.87,0.33,1.64,0.41,0,1.8,0.45,0,0,1.04,0,2.21,0.52,0,1.6,7.24,4.54,7.4,0,0,0,0,0,3.12,0,0,38.14,0,3.88,2.58,3.26,0.79,0.99,1.26,0,0,0,0,5,0,14.11,0.78,11.92,61.72,112.71,78.4,1.27,63.09,0.37,0.09,28.9,1.8,1.22,0.87,1.29,17.94,2.7,2022-VA-141,2022,202202,AA-01,15797.927533,0.0123563785045932,263429.9061646593,94,38,2,43.71,0,32,0.3369,0.1035,0,63.66443,-168.27987,31,2.5,8,NBS,12
10.83,0.31,0.34,1.2,0.75,1.76,0,1.44,1.34,0,32.49,0.71,0,43.28,0.87,2.66,3.08,3.15,0,0.92,1.94,0,0.91,1.53,7.89,2.29,25.69,21.59,0.35,1.82,0.56,0,2.75,0.69,0,0,0,0,2.39,0.62,0,1.68,11.27,7.06,13.2,0,0,1.65,0,0,4.43,0.19,0,41.88,0,4.88,3.08,1.57,1.18,1.86,1.8,0,0,0,0,6.72,0,14.41,0.91,13.15,60.2,138.9,90.36,1.5,69.99,0.34,0.09,41.05,2.75,1.33,0.87,1.19,18.11,2.91,2022-VA-142,2022,202202,AA-01,15797.927533,0.0123563785045932,263429.9061646593,94,38,2,46.35,0,38,0.3236,0.1095,0,63.66443,-168.27987,31,2.5,8,NBS,12
6.36,0.2,0.23,1.48,0.98,1.64,0,1.84,1,0,31.61,0.35,0,39.02,0.92,2.76,3.35,2.63,0,0.77,1.61,0,0.3,1.11,0,1.63,21.18,17.39,0.32,1.45,0,0,1.76,0.36,0,0,0.84,0,2.37,0.43,0,1.49,6.93,3.52,10.34,0,0,0,0,0,4.38,0,0,39.2,0,1.35,1.08,0.59,0.16,0.61,1.66,0,0,0,0,6.02,0,12.92,0,13.82,51.93,106.29,77.85,1.5,63.96,0.33,0.07,23.81,1.76,1.23,0.78,1.22,16.5,3.03,2022-VA-143,2022,202202,Y-18,1792.98277,0.0122583670149237,646489.4957339738,94,27,1,51.23,8.46,50,0.3429,0.1022,0,62.86239,-168.82471,39,0.6,8,NBS,12
6.29,0.18,0.22,1.36,0.95,1.49,0,1.87,1.02,0,28.69,0.29,0,33,0.81,2.53,3.16,3.35,0,0.78,0.86,0,0.42,1.72,0,0.95,19.84,15.87,0.27,1.31,0.36,0,1.8,0.39,0,0,0,0,2.7,1,0.95,0,5.28,3.3,8.16,0,0,0,0,0,4.09,0,0,36.72,0,1,1.5,1.89,0.55,0.73,1.39,0,0,0,0,5.99,0,12.83,0,13.16,52.35,93.7,74.89,1.43,60.05,0.35,0.09,21.13,1.8,1.15,1.01,1.25,12.21,2.86,2022-VA-144,2022,202202,Y-18,1792.98277,0.0122583670149237,646489.4957339738,94,27,2,51.39,0,46,0.3171,0.095,0,62.86239,-168.82471,39,0.6,8,NBS,12
9.38,0.21,0.35,1.4,0.81,1.71,0,1.61,0.85,0,46.59,0.33,0,56.1,0.83,2.67,3.29,2.56,0,1.01,2.24,0,0.59,1.62,8.57,1.6,35.79,24.57,0.43,1.86,0.56,0,2.51,0.58,0,0,1.35,0,2.92,0.86,0.41,0.59,7.89,4.08,11.91,0,0,0,0,0,4.33,0,0,47.47,0,1.24,1.89,1.65,0.54,0.85,1.66,0,0,0,0,5.86,0,14.86,0.4,13.35,78.53,150.93,91.95,1.17,73.95,0.31,0.06,28.67,2.51,1.2,0.75,1.46,19.23,3.19,2022-VA-145,2022,202202,AA-01,15797.927533,0.0123563785045932,263429.9061646593,94,38,1,50.06,8.14,NA,0.2988,0.116,0,63.66443,-168.27987,31,2.5,8,NBS,12
9.41,0.21,0.25,0.88,0.56,2.11,0,1.23,0.72,0,45.74,0.38,0,52.52,0.7,2.4,2.38,3,0,1.12,1.26,0,0.57,2.27,9.89,1.75,29.75,20.1,0.39,1.54,0.29,0,2.23,0.58,0,0,1.03,0,4.25,0.63,0,1.09,8.63,4.67,17.87,0,0,0,0,0,4.98,0.21,0,52.78,0,1.75,0.69,1.35,0.72,1.32,2.13,0,0,0,0,6.68,0,13.72,0.3,11.39,72.92,142.64,99.75,1.37,81.44,0.26,0.07,34.96,2.23,1.15,0.7,1.48,12.36,3.85,2022-VA-146,2022,202202,Y-18,1792.98277,0.0122583670149237,646489.4957339738,94,27,1,52.69,8.94,56,0.3194,0.125,0,62.86239,-168.82471,39,0.6,8,NBS,12
5.69,0.16,0.19,0.69,0.61,1.2,0,0.95,0.69,0,23.48,0.27,0,30.19,0.6,1.81,2.05,2.27,0,0.69,0,0,0.58,1.55,0,1.01,13.67,11.8,0.29,1.02,0,0,1.54,0.46,0,0,0.55,0,2.67,0.61,0,1.57,4.3,1.52,0,0,0,0,0,0,3.62,0,0,31.77,0,0,0.85,2.2,0,0.37,1.33,0,0,0,0,3.13,0,8.85,0,8.69,39.18,67.93,60.87,1.55,49.9,0.28,0.07,8.88,1.54,1.29,0.6,1.16,11.32,3.59,2022-VA-147,2022,202202,Y-18,1792.98277,0.0122583670149237,646489.4957339738,94,27,2,50.97,0,46,0.3218,0.0857,0,62.86239,-168.82471,39,0.6,8,NBS,12
6.86,0.13,0.14,0.56,0.41,1.34,0,0.78,0.61,0,22.91,0.16,0,35.06,0.59,1.56,1.69,2.07,0,0.71,0.73,0,0.71,1.5,0,1.06,11.42,11.72,0.32,1.22,0.25,0,1.47,0.62,0,0,0.63,0,2.73,0.56,0,2.89,6.33,4.64,10.36,0,0,0,0,0,3.68,0,0,40.59,0,3.39,2.63,0.95,0.44,0.99,1.47,0,0,0,0,3.87,0,13.37,0.58,7.67,41.55,90.57,78.57,1.89,65.64,0.33,0.08,28.3,1.47,1.53,0.55,0.97,12.84,3.04,2022-VA-148,2022,202202,AA-01,15797.927533,0.0123563785045932,263429.9061646593,94,38,2,56.06,0,60,0.3226,0.0776,0,63.66443,-168.27987,31,2.5,8,NBS,12
10.12,0.6,0.5,0.78,2.24,1.77,0,0.93,0.61,0,34.3,0.5,0,42.75,0.77,1.99,2.13,5.64,0,1.16,4.68,0,1.99,4.9,9.44,2.28,24.24,20.34,0.41,1.29,0.4,0,3.34,1.06,0,0,1.85,0.5,5.37,2.37,0.86,1.17,8.99,2.61,11.3,0,0,1.68,0.3,0.26,4.82,0,0,64.52,0.91,0.67,1.67,2.74,1.39,2.05,2.73,0,0,0.96,0,4.34,0.25,19.19,2.08,11.62,68.83,123.14,135.25,1.97,99.8,0.3,0.18,27.97,3.84,1.25,1.07,1.19,7.97,3.36,2022-VA-15,2022,202201,I-18,20840.70064,0.0144576781357008,3804.206974575452,94,94,2,49.17,0,NA,0.2689,0.0849,0,57.65536,-168.40507,70,1,2,EBS,5
10.85,0.24,0.28,0.28,0.16,1.68,0,0.41,0.27,0,41.29,0.18,0.23,55.84,0.58,1.13,1.05,4.12,0,0.75,0,0,0.64,3.88,5.92,0.98,28.99,15.39,0.36,1.16,0.17,0,1.58,0.66,0,0,0.74,0,7.53,0.76,0.29,0.57,6.34,2.8,12.59,0,0,0,0,0,4.12,0,0,49.74,0,0.64,1.4,1.65,0.41,0.78,1.84,0,0,0.14,0,3.67,0,11.96,0.48,5.74,62.64,129.89,93.3,1.49,75.95,0.24,0.08,25.42,1.58,1.35,0.72,1.88,7.41,4.16,2022-VA-150,2022,202202,X-18,1241.546511,0.0127555389481179,145992.47805791633,94,28,1,55.27,10.56,70,0.3173,0.1202,0,62.66556,-168.8891,35,-0.1,7,NBS,10
9.15,0.3,0.34,1.51,1.01,1.94,0,1.91,1.27,0,46.41,0.52,0,56.72,1.06,3.23,3.66,4.04,0,1.16,1.39,0,0.63,2.59,8.62,1.87,29.41,25.39,0.45,1.64,0.31,0,2.66,0.65,0,0,1.09,0,4.21,0.7,0,0.96,8.19,2.43,11.61,0,0,0,0,0,4.37,0,0,52.18,0,0.42,1.22,1.79,0.39,1.44,2.29,0,0,0,0,6.07,0,14.08,0,15.69,83.24,143.07,100.05,1.2,80.43,0.27,0.08,25.66,2.66,1.22,0.82,1.16,13.46,3.71,2022-VA-151,2022,202202,Y-18,1792.98277,0.0122583670149237,646489.4957339738,94,27,1,54.04,9,62,0.3381,0.1245,0,62.86239,-168.82471,39,0.6,8,NBS,12
12.22,0.46,0.18,0.36,0.14,0.82,0,0.26,0.56,0,36.43,0.08,0,64.64,0.57,0.92,0.24,9.61,0,0.45,0,0.2,0.65,8.52,6.96,0.34,24.18,27.56,0.39,1.37,0.25,0,1.75,1.12,0,0,1.03,0,6.14,2.96,0.74,0.41,1.92,3.01,8.28,0,0,0,0,0,3.43,0.16,0,82.25,0,0.4,1.35,1.41,0.06,0.27,3.15,0,0,0.19,0,2.38,0,13.1,0.4,3.95,60.3,136.3,137.45,2.28,108.25,0.16,0.16,16.38,1.75,1.77,1.38,0.88,10.52,6.28,2022-VA-152,2022,202202,CC-01,20141.912865000002,0.0118590438846297,41023.86201897347,94,23,1,54.58,9.07,NA,0.3307,0.1294,0,64.33917,-168.36378,39,4.2,9,NBS,13
11.94,0.24,0.39,0.99,0.48,1.88,0,1.1,0.96,0,41.84,0.32,0,53.95,0.83,2.13,2.24,3.57,0,0.96,1.04,0,0.54,2.43,8.55,1.84,30.41,21.28,0.41,1.87,0.33,0,2.61,0.62,0,0,1.32,0,4.1,1.79,1.32,0,10.13,5.55,13.65,0,0,0,0,0,3.95,0.23,0,50.83,0,4.65,2.99,0.99,0.17,0.67,2.19,0,0,0.14,0.25,5.8,0,19.53,0.79,10.75,71.13,150.03,102.1,1.44,83.46,0.38,0.07,37.96,2.61,1.29,0.7,1.43,13.17,2.6,2022-VA-153,2022,202202,BB-01,6274.013709,0.01302795444467055,199449.72336489536,94,24,2,40.31,0,24,0.3037,0.1079,0,64.02313,-168.29402,35,3.5,9,NBS,13
8.43,0.21,0.29,1.21,0.82,2.3,0,1.69,0.85,0,42.36,0.34,0,47.51,0.93,3.07,3.26,2.92,0,1.23,2.39,0,0.74,1.86,9.57,1.79,31.46,23.33,0.39,1.84,0.52,0,2.36,0.62,0,0,1.22,0,3.66,0.7,1.93,0,11.8,6.73,21.26,0,0,0,0,0,5.69,0.26,0,47.6,0,3.55,2.42,2.66,0.74,1.66,2.04,0,0,0,0,7.08,0,17.51,0.85,14.43,75.34,157.14,99.58,1.32,78.89,0.37,0.08,48.41,2.36,1.12,0.87,1.35,13,2.72,2022-VA-154,2022,202202,Y-18,1792.98277,0.0122583670149237,646489.4957339738,94,27,2,51.51,0,46,0.3224,0.1059,0,62.86239,-168.82471,39,0.6,8,NBS,12
6.84,0.16,0.17,1.07,0.74,1.98,0,1.48,0.58,0,36.74,0.36,0,40.88,0.76,2.53,2.96,2.68,0,1.26,2.02,0,0.77,1.64,8.19,1.92,19.4,20.89,0.31,1.42,0.26,0,2.14,0.68,0,0,1.1,0,3.59,0.49,0,1.01,10.41,4.01,16.97,0,0,0,0,0,5.55,0,0,51.37,0,2.02,1.69,1.69,0.7,2.18,2.15,0,0,0,0,3.18,0,14.47,0.52,12.6,64.51,123.41,95.98,1.49,76.54,0.28,0.08,36.79,2.14,1.11,0.77,0.93,11.37,3.55,2022-VA-155,2022,202202,Y-18,1792.98277,0.0122583670149237,646489.4957339738,94,27,1,52.97,9.42,58,0.304,0.0986,0,62.86239,-168.82471,39,0.6,8,NBS,12
6.82,0.22,0.33,1.54,1.14,1.68,0,1.93,0.92,0,34.17,0.35,0,45.41,0.95,2.88,3.79,2.47,0,0.83,1.26,0,0.5,2.02,0,1.51,25.18,16.99,0.34,1.44,0.34,0,1.8,0.36,0,0,0.49,0,3.47,0.65,0,1.68,6.68,2.87,9.27,0,0,0,0,0,3.93,0,0,39.41,0,1.21,1.29,2.1,0.52,0.7,1.49,0,0,0,0,4.81,0,11.17,0,14.72,58.67,115.91,77.08,1.31,62.53,0.28,0.07,23.41,1.8,1.33,0.71,1.48,13.07,3.53,2022-VA-156,2022,202202,Y-18,1792.98277,0.0122583670149237,646489.4957339738,94,27,2,55.44,0,60,0.3461,0.1007,0,62.86239,-168.82471,39,0.6,8,NBS,12
9.56,0.28,0.24,0.4,0.2,2.17,0,0.69,0.3,0,47.21,0.25,0,56.51,0.64,1.75,1.49,3.56,0,1.13,1.24,0,0.7,2.8,8.73,1.18,34.24,23.9,0.44,1.67,0.25,0,2.36,0.76,0,0,1.13,0,6.54,0.79,0.37,0.97,10.03,5.24,23.72,0,0,0,0,0,6.12,0.14,0,59.59,0,1.31,1.98,1.94,0.79,1.34,2.39,0,0,0.1,0,5.43,0,18.51,0.97,8.12,70.51,164.26,115.54,1.64,94.28,0.31,0.07,44.22,2.36,1.2,0.65,1.43,8.64,3.22,2022-VA-158,2022,202202,X-18,1241.546511,0.0127555389481179,145992.47805791633,94,28,1,55.41,12.2,72,0.3266,0.122,1,62.66556,-168.8891,35,-0.1,7,NBS,10
10.59,0.6,0.34,0.62,2.96,1.88,0,0.9,0.6,0,28.7,0.36,0,40.54,0.74,1.69,2,5.9,0,0.98,4.19,0,2.43,4.79,9.35,1.88,23.13,16.59,0.39,1.35,0.49,0,3.05,1.1,0,0,1.46,0.49,5.25,1.97,1.08,1.24,7.11,2.57,9.9,0,0,1.72,0.25,0.24,4.33,0,0,61.75,1.16,0.56,1.79,3.25,1.8,1.92,2.78,0,0,0.96,0,3.07,0,17.28,2.65,11.64,61.47,113.14,128.22,2.09,94.29,0.28,0.2,25.17,3.53,1.41,1.15,1.39,7.73,3.57,2022-VA-16,2022,202201,I-18,20840.70064,0.0144576781357008,3804.206974575452,94,94,2,49.47,0,NA,0.2707,0.0817,0,57.65536,-168.40507,70,1,2,EBS,5
5.8,0.17,0.16,1,0.72,1.3,0,1.26,0.83,0,28.17,0.23,0,33.5,0.73,2.23,2.72,2.62,0,0.89,0.93,0,0.69,1.73,0,1.19,17.05,20.24,0.29,1.24,0.25,0,2.06,0.55,0,0,0,0,3.26,0.51,1.38,0,5.62,1.89,8.9,0,0,0,0,0,3.62,0,0,38.79,0,0.55,1.03,2.06,0.4,1.4,1.46,0,0,0.24,0,2.09,0,11.32,0,10.95,40.66,94.68,71.91,1.77,57.6,0.29,0.09,20.05,2.06,1.19,0.9,0.84,10.28,3.43,2022-VA-160,2022,202202,Y-18,1792.98277,0.0122583670149237,646489.4957339738,94,27,1,50.53,8.66,54,0.307,0.0967,0,62.86239,-168.82471,39,0.6,8,NBS,12
8.71,0.17,0.14,0.29,0.18,1.54,0,0.5,0.42,0,27.29,0.4,0,38.18,0.59,1.57,1.31,3.65,0,1.4,2.45,0,0.84,2.38,8.05,1.82,18.96,24.59,0.32,1.44,0.4,0,2.5,0.82,0,0,1.16,0,2.78,1.35,0,2.14,9.23,5.72,22.32,0,0,1.59,0.35,0,0,0.25,0,46.94,0.33,2.51,2.04,2.01,1.36,3,2.09,0,0,0.71,0,4.31,0,13.19,0,7.22,63.94,130.26,94.25,1.47,72.54,0.28,0.12,43.83,2.5,1.4,0.84,0.77,13.74,3.56,2022-VA-17,2022,202201,P-22,1141.778273,0.0142794404938185,15686.889139456724,94,142,1,84.01,11.15,222,0.3803,0.1104,0,59.98028,-171.2998,68,-0.2,4,EBS,9
20.88,0.31,0.45,0.88,0.41,2.88,0,1.31,0.52,0,47.02,0.4,0,61.66,1.04,2.83,2.43,5.87,0,1.24,4.05,0,1.2,3.8,10.63,1.73,26.57,27.44,0.54,2.24,0.58,0,4.7,1,0,0,1.74,0.76,5.38,1.1,0.59,0.96,9.32,4.89,19.19,0,0,2.85,0.23,0,3.71,0,0,50.81,0,0.9,1.5,2.27,1.35,2.03,2.51,0,0,0,0,3.78,0,15.68,0.73,12.5,79.01,160.86,114.07,1.44,81.07,0.31,0.12,38.08,5.46,1.31,0.92,0.97,11.46,3.24,2022-VA-18,2022,202201,M-20,13442.757468,0.01444634633164635,761.4382036448386,94,117,2,53.74,0,NA,0.2703,0.0874,0,59.0026,-169.83127,63,0.9,3,EBS,6
7.96,0.19,0.15,0.27,0.16,1.51,0,0.45,0.35,0,25.6,0.35,0,36.08,0.52,1.42,1.08,3.51,0,1.35,2.35,0,0.77,2.27,6.93,1.78,17.52,21.03,0.27,1.23,0.38,0,2.2,0.61,0,0,1.13,0.5,2.78,1.2,0,1.86,9.28,3.77,19.55,0,0,1.6,0.31,0,5.05,0,0,47.38,0,1.02,2.12,1.24,0.36,2.75,1.93,0,0,0,0,4.61,0,12.52,0.26,6.58,50.33,116.14,96.06,1.91,72.34,0.26,0.12,36.97,2.7,1.41,0.83,0.83,12.99,3.79,2022-VA-19,2022,202201,P-22,1141.778273,0.0142794404938185,15686.889139456724,94,142,1,71.89,10.38,148,0.3733,0.1049,0,59.98028,-171.2998,68,-0.2,4,EBS,9
9.29,0,0.39,0.68,3.24,1.41,0,0.8,0.21,0.03,22.65,0.25,0,38.48,0.77,1.33,1.52,0.16,0,0.88,4.04,0.28,3.27,4.49,7.64,0,18.73,15.52,0.05,0.35,0,0.2,2.41,0.04,0.97,0,1.26,0.5,4.56,1.48,0,4.63,5.07,2.05,6.39,0,0.07,1.5,0.23,0,4.64,0.21,1.12,59.55,0,0.6,1.57,1.71,0.45,0.86,2.41,0,0,0.18,0.41,2.98,0,13.96,1.76,10.35,50.08,93.97,116.59,2.33,93.61,0.23,0.16,17.39,2.91,1.7,0.74,1.21,8.43,4.27,2022-VA-2,2022,202201,I-18,20840.70064,0.0144576781357008,3804.206974575452,94,94,2,50.31,0,NA,0.2795,0.0857,0,57.65536,-168.40507,70,1,2,EBS,5
11.03,0,0.36,0.93,4.09,1.35,0,1.17,0.59,0,20.26,0.2,0,38.98,1,1.81,2.13,4.58,0,0.99,3.43,0,2.88,3.58,9.36,1.71,17.62,14.62,0.37,1.51,0.61,0,3.46,1.17,0,0,1.24,0,5.1,1.89,1.17,2.66,6.85,2.4,6.14,0,0,1.97,0.22,0.39,5.12,0.28,0,59.96,1.82,1,2.14,2.96,0.83,1.02,2.56,0,0,0.86,0,3.58,0,15.85,4.46,13.07,55.12,102.33,122.86,2.23,92.87,0.26,0.19,21.5,3.46,1.92,0.9,1.2,7.65,3.78,2022-VA-20,2022,202201,IH1918,28599.468991,0.0145816081350786,205.73862445137152,94,93,2,50.38,0,NA,0.3022,0.0852,0,57.48975,-168.7529,72,1.3,2,EBS,5
9.06,0.32,0.16,0.56,0.34,1.64,0,0.66,1.92,0,31.71,0.35,0,46.1,0.65,1.9,1.59,4.38,0,1.28,0,0,0.81,3.17,8.02,1.45,19.67,22.71,0.37,1.44,0.32,0,2.14,0.82,0,0,1.3,0,2.66,1.84,0.54,1.13,7.66,4.3,16.9,0,0,1.53,0.45,0,3.95,0.24,0,53.46,0.33,1.88,1.72,1.18,0.56,2.36,2.3,0,0,0.61,0,5.1,0,13.85,0.64,9.87,56.51,127.18,102.98,1.82,79.55,0.26,0.1,33.65,2.14,1.45,0.82,0.87,17.31,3.86,2022-VA-21,2022,202201,O-22,1469.71153,0.0139526733302055,20712.87653344232,94,138,1,73,11.05,128,0.3243,0.1006,0,59.66689,-171.25353,71,-0.2,3,EBS,6
5.71,0,0,0.6,1.35,1.52,0,1.09,0.4,0,20.73,0.33,0,13.74,0.63,2.28,2.25,3.22,0,1.17,1.49,0,1.44,0.53,7.76,1.04,26.62,18.09,0,2.4,0.67,0,2.51,0.81,0,0,1.22,0.61,0.78,0.56,0.6,2.25,13.06,8.61,15.15,0,0,3.18,0.3,0,6.62,0.41,0,32.85,0.81,7.16,3.22,3.64,1.71,1.95,1.35,0,0,0.46,0,6.73,0,23.55,2.09,10.67,50.65,115.79,95.21,1.88,69.97,0.72,0.16,50.84,3.12,0.66,0.71,1.47,17.6,1.39,2022-VA-22,2022,202201,JI2120,7198.663193,0.0143734547870595,904.4450476655043,94,107,1,93.06,16.66,NA,0.3229,0.0679,0,57.82862,-169.97711,72,0.5,2,EBS,5
10.07,0.21,0.21,0.53,0.31,1.69,0,0.69,1.14,0,33.02,0.37,0,42.94,0.65,2.03,1.66,3.65,0,1.3,0,0,0.88,2.99,7.75,1.98,24.99,26.83,0.37,1.65,0.38,0,2.62,0.82,0,0,1.31,0,2.84,1.59,0.52,0.81,8.83,5.27,20.08,0,0,1.98,0.4,0,4.33,0.2,0,57.24,0,2.06,1.97,2.15,0.75,2.69,2.54,0,0,0.74,0,5.78,0,17.66,0.69,9.34,67.97,141.03,112.2,1.65,87.95,0.31,0.09,40.36,2.62,1.3,0.73,0.93,15.11,3.24,2022-VA-23,2022,202201,O-22,1469.71153,0.0139526733302055,20712.87653344232,94,138,1,73.13,10.12,124,0.3662,0.1154,0,59.66689,-171.25353,71,-0.2,3,EBS,6
17.12,0.3,0.35,0.49,0.29,2.21,0,0.68,0.34,0,34.89,0.36,0,46.14,0.99,1.66,1.79,4.18,0,1.02,2.86,0,1.05,2.91,7.33,1.81,20.32,19.65,0.38,1.55,0.43,0,6.14,0.94,0,0,0.98,0,4.63,0.73,0,1.54,7.85,3.25,15.32,0,0,2.74,0.29,0,3.42,0.41,0,43.06,0,0.64,1.06,2.19,1.17,1.87,2.18,0,0,0.99,0,3.2,0.12,17.71,0.56,8.49,67.54,122.41,103.43,1.53,73.78,0.41,0.12,30.31,6.14,1.32,0.71,1.03,9.97,2.43,2022-VA-24,2022,202201,N-20,7431.377933,0.014743351437738,14228.08110393819,94,116,2,50.48,0,NA,0.3066,0.108,0,59.32724,-169.88624,61,0.8,3,EBS,6
16.42,0.41,0.38,0.46,0.32,2.53,0,0.81,0.45,0,51.45,0.59,0,68.52,0.91,2.23,1.82,5.97,0,1.58,4.97,0,1.56,5.69,12.25,2.9,37.75,32.69,0.47,1.98,0.48,0,5.19,1.15,0,0,1.94,0,6.13,2.56,0.78,0.76,13.59,5.06,25.82,0,0,3.21,0.46,0.16,6.54,0.52,0,72.88,0,1.28,2.26,2.37,1.07,4.04,3,0,0,0.48,0,5.67,0,23.51,1.03,10.18,89.86,197.63,157.8,1.76,114.04,0.32,0.13,50.39,5.19,1.33,1,1.15,11.18,3.1,2022-VA-25,2022,202201,P-22,1141.778273,0.0142794404938185,15686.889139456724,94,142,2,57.41,0,NA,0.3637,0.1317,0,59.98028,-171.2998,68,-0.2,4,EBS,9
14.63,0.38,0.3,0.46,0.28,2.04,0,0.65,0.45,0,38.61,0.46,0,63.15,0.83,1.64,1.59,4.95,0,1.34,3.72,0,0.92,4.25,9.05,2.1,26.04,29.72,0.47,1.74,0.33,0,5.13,1.05,0,0,1.5,0,5.16,2.16,0.54,0.77,8.81,3.85,22.07,0,0,2.87,0.45,0,4.67,0.47,0,60.27,0.29,0.83,1.78,1.45,0.65,2.12,2.6,0,0,0,0,5.17,0,17.58,0.59,8.45,73.89,164.19,126.79,1.72,92.95,0.29,0.12,38.79,5.13,1.64,0.86,0.88,12.23,3.43,2022-VA-26,2022,202201,P-22,1141.778273,0.0142794404938185,15686.889139456724,94,142,1,70.75,10.18,124,0.3327,0.1208,0,59.98028,-171.2998,68,-0.2,4,EBS,9
16.57,0,0.23,0.22,0,1.71,0,0.39,0.23,0,37.74,0,0,55.2,0.76,1.45,0.36,6.33,0,0.72,0,0,1,4.21,7.65,1.03,18.17,19.85,0.28,0.44,0.3,0,7.56,1.16,0,0,0.89,0,7.08,1.02,0,2.58,4.04,3,11.61,0,0,2.53,0.23,0,3.51,0,0,65.88,0,0,0.82,2.98,0.97,1.11,2.78,0,0,1.29,0,2.53,0,20.08,0.65,5.08,60.47,119.05,133.05,2.2,101.94,0.3,0.11,22.45,7.56,1.46,0.56,0.92,7.79,3.28,2022-VA-27,2022,202201,M-19,5291.9719780000005,0.01334221746820875,824.4506601852592,94,112,2,46.02,0,NA,0.3016,0.0913,0,58.98863,-169.17239,54,1.6,3,EBS,6
10,0.18,0.28,1.06,0.62,1.85,0,1.44,0.7,0,35.29,0.53,0,34.41,0.76,3.25,2.78,4.26,0,1.64,2.24,0,0.96,1.39,9.94,2.53,33.15,30,0.15,2.83,0.64,0,2.58,0.71,0,0,1.57,0.62,1.25,1.47,0.61,1.3,12.49,7.21,18.45,0,0,3.01,0.46,0,7.58,0.49,0,51.35,0.41,2.59,2.8,2.76,0.85,2.26,1.79,0,0,0,0,8.3,0.18,18.84,1.56,13.34,75.8,152.51,113.91,1.5,84.91,0.37,0.11,46.3,3.2,0.98,0.87,1.1,27.45,2.73,2022-VA-28,2022,202201,PO2423,2587.166369,0.01429229508102,33492.30457994699,94,140,1,75.04,12.58,146,0.3194,0.0913,0,59.82478,-172.25274,75,-0.6,4,EBS,9
15.85,0.41,0.38,0.52,0.32,1.95,0,0.63,0.51,0,43.47,0.45,0,59.32,0.87,1.76,1.68,5.89,0,1.3,3.38,0,1.13,3.81,10.17,2.44,33.19,34.1,0.46,1.96,0.42,0,7.68,1.18,0,0,1.45,0,5.12,0.81,0,2.15,10.16,6.02,21.15,0,0,4.14,0.45,0.1,4.52,0.42,0,59.07,0,1.44,1.65,2.98,2.1,2.54,2.59,0,0,1.06,0,4.83,0,20.3,0.99,8.66,73.45,177.56,135.04,1.84,95.61,0.34,0.12,43.41,7.68,1.36,0.75,0.97,11.58,2.91,2022-VA-29,2022,202201,P-22,1141.778273,0.0142794404938185,15686.889139456724,94,142,2,56.36,0,58,0.361,0.1399,0,59.98028,-171.2998,68,-0.2,4,EBS,9
9.69,0,0.5,0.82,6.76,1.92,0,1.77,0.81,0,25.1,0.28,0,39.72,1.03,1.46,2.88,4.68,0,1.1,4.06,0,2.75,4.11,9.37,1.51,20.48,16.36,0.36,1.27,0.51,0,2.9,1.05,0,0,1.38,0.56,5.38,2.4,1.44,1.82,5.65,2.51,7.69,0,0,1.86,0.22,0.49,4.9,0,0,63.42,1.93,0,1.76,3.23,1.48,1.45,2.67,0,0,0,0,3.08,0,17.69,4.06,17.51,61.07,106.42,128.37,2.1,97.38,0.28,0.19,20.84,3.45,1.58,0.98,1.25,7.38,3.59,2022-VA-3,2022,202201,I-18,20840.70064,0.0144576781357008,3804.206974575452,94,94,2,52.4,0,NA,0.3103,0.092,0,57.65536,-168.40507,70,1,2,EBS,5
10.63,0.12,0.37,1.27,0.59,2.19,0,1.47,0.8,0,40.76,0.31,0,29.59,0.87,3.91,3.16,4.43,0,2.17,2.63,0,1.58,1.65,13.36,1.65,41.99,31.86,0.14,3.36,1.1,0,4.19,0.83,0,0,1.95,0.9,2.11,1.29,1.66,0,27.25,13.26,25.37,0,0,4.53,0.58,0.25,8.9,0.78,0,56.39,0.76,16.02,5.43,4.3,2.5,4.43,2.58,0,0,0,0,11.75,0.34,33.08,3.26,15.55,76.59,205.02,148.16,1.93,109.16,0.59,0.13,91.62,5.09,0.73,0.83,1.32,14.03,1.7,2022-VA-30,2022,202201,M-23,1888.310456,0.0140018327236557,16234.760440749686,94,135,1,92.7,18.74,328,0.3116,0.1128,0,58.99078,-171.77895,87,0.1,3,EBS,6
3.78,0,0,0.63,0.24,1.11,0,0.56,0,0,15.54,0,0,21.06,0.47,1.59,1.39,1.11,0,0.85,1.68,0,0.75,0.56,3.59,0.49,20.91,21.39,0,1.73,0.35,0,1.57,0.32,0,0,0.47,0.46,1.1,0.58,0.27,0.3,3.54,3.3,10.95,0,0,1.91,0,0,4.34,0.17,0,39.86,0,0.71,0.9,1.34,0.44,1.12,1.32,0,0,0.28,0,4.17,0,18.55,0,6.37,38.41,86.79,81.42,2.12,66.69,0.47,0.1,20.74,2.03,1.36,0.8,0.98,19.07,2.15,2022-VA-31,2022,202201,M-23,1888.310456,0.0140018327236557,16234.760440749686,94,135,1,71.72,11.92,138,0.3597,0.1198,0,58.99078,-171.77895,87,0.1,3,EBS,6
12.64,0.22,0.23,0.31,0.17,1.91,0,0.52,0.41,0,37.74,0.41,0,48.43,0.64,1.6,0.91,4.45,0,1.35,0,0,0.9,4.1,8.89,1.86,26.12,24.17,0.39,1.42,0.37,0,3.08,0.7,0,0,1.26,0,4.27,1.89,0.42,1.44,9.29,3.55,20.76,0,0,1.7,0.34,0,4.17,0,0,56.22,0.38,0.6,1.82,1.74,0.75,2.76,2.58,0,0,0.77,0,4.27,0,14.11,0.54,7.19,65.46,141.98,110.13,1.68,83.79,0.25,0.1,37.76,3.08,1.28,0.73,1.08,11.34,3.98,2022-VA-32,2022,202201,P-22,1141.778273,0.0142794404938185,15686.889139456724,94,142,1,73.24,10.9,NA,0.2984,0.1008,0,59.98028,-171.2998,68,-0.2,4,EBS,9
10.63,0.1,0.2,0.33,0.22,2.03,0,0.6,0.52,0,40.51,0.48,0,47.04,0.61,1.76,1.51,4.34,0,1.54,3.21,0,1.02,3.07,9.84,2.38,30.23,24.22,0.38,1.55,0.4,0,2.91,0.84,0,0,1.43,0,3.42,1.75,0.48,1.04,11.07,2.62,25.48,0,0,1.95,0.39,0,5.23,0.32,0,56.71,0,0.84,2.1,1.96,0.85,3.19,2.43,0,0,0.79,0,5.58,0,15.65,0,8.53,67.28,151.14,116.5,1.73,86.16,0.28,0.12,44.06,2.91,1.16,0.99,1.25,13.76,3.62,2022-VA-33,2022,202201,P-22,1141.778273,0.0142794404938185,15686.889139456724,94,142,1,79.32,12.53,174,0.3253,0.1014,0,59.98028,-171.2998,68,-0.2,4,EBS,9
7.82,0,0.3,0.23,0.13,1.34,0,0.43,0.08,0.02,29.55,0.32,0,43.16,0.56,1.14,0.57,0,0,0.8,2.6,0,0,4.25,6.21,0,23.77,17.78,0.03,0.24,0,0.1,0,0.14,0.6,0,1.04,0.5,4.15,1.22,4.03,2.02,5.39,2.37,10.29,0,0.09,1.36,0.25,0.08,3.39,0.27,1.05,46.81,0.14,0.51,0.85,0.75,0,1.46,1.92,0,0,0.08,0.29,2.46,0.11,13.31,0.49,4.72,53.96,106.8,89.34,1.66,72.77,0.28,0.09,20.16,0.5,1.46,0.7,1.34,10.4,3.52,2022-VA-34,2022,202201,P-22,1141.778273,0.0142794404938185,15686.889139456724,94,142,2,60.02,0,66,0.3154,0.1167,0,59.98028,-171.2998,68,-0.2,4,EBS,9
9.09,0.22,0.15,0.5,0.29,1.79,0,0.66,1.23,0,26.65,0.34,0,41.68,0.61,1.83,1.61,3.93,0,1.25,0.93,0,0.71,2.4,6.99,2,17.44,19.19,0.32,1.4,0.47,0,1.91,0.76,0,0,1.43,0.49,2.07,1.58,0.46,1,8.49,3.51,17.89,0,0,1.65,0.29,0,4.65,0.14,0,50.68,0.46,0.86,1.99,2.42,0.84,2.16,2.12,0,0,0.73,0,5.11,0.12,13.23,0.69,9.16,57.99,118.98,99.28,1.71,75.54,0.26,0.1,35.16,2.39,1.56,0.82,0.91,20.18,3.83,2022-VA-35,2022,202201,O-22,1469.71153,0.0139526733302055,20712.87653344232,94,138,1,74.69,11.27,144,0.3688,0.1116,0,59.66689,-171.25353,71,-0.2,3,EBS,6
13.93,0.33,0.25,0.51,0.29,2.16,0,0.69,0.72,0,38.83,0.51,0,56.26,0.82,1.89,1.71,5.46,0,1.66,3.66,0,1.08,3.69,9.93,2.68,25.86,28.37,0.46,2.08,0.38,0,3.78,1.01,0,0,1.74,0,3.66,2.11,0.48,1.02,11.41,4.08,24.09,0,0,2.4,0.51,0,5.93,0.37,0,68.93,0.34,1.33,2.32,1.75,0.87,3.12,2.75,0,0,0,0,6.38,0,19.89,0.69,9.63,81.15,162.97,138.73,1.71,104.08,0.29,0.13,44.98,3.78,1.45,1.01,0.91,15.38,3.47,2022-VA-36,2022,202201,P-22,1141.778273,0.0142794404938185,15686.889139456724,94,142,1,78.2,11.87,184,0.3473,0.1048,0,59.98028,-171.2998,68,-0.2,4,EBS,9
21.61,0.32,0.38,0.41,0.23,2.49,0,0.72,0.35,0,42.19,0.34,0,56.54,1.2,1.8,1.67,5.08,0,1.02,3.38,0,1,4.33,9.61,1.32,18.13,20.45,0.55,1.85,0.47,0,7.74,1.3,0,0,1.1,0,7.19,1.11,0,2.01,6.32,3.13,15.74,0,0,3.06,0.39,0,3.29,0.35,0,61.75,0,0,0.67,2.2,1.16,1.54,3.34,0,0,1.19,0,3.62,0,24.29,0.31,8.68,71.99,129.14,138.68,1.93,103.53,0.39,0.12,28.06,7.74,1.34,0.66,0.89,7.87,2.54,2022-VA-37,2022,202201,N-20,7431.377933,0.014743351437738,14228.08110393819,94,116,2,43.71,0,NA,0.2688,0.0903,0,59.32724,-169.88624,61,0.8,3,EBS,6
11.19,0.35,0.17,0.75,0.44,1.94,0,1,2.11,0,31.96,0.56,0,48.73,0.87,2.64,2.32,5.76,0,1.63,2.95,0,1.09,2.85,8.72,2.49,20.22,23.3,0.46,2.07,0.68,0,2.65,0.81,0,0,1.81,0.7,2.38,2,0,2.1,10.89,4.47,20.31,0,0,2.35,0.5,0,5.68,0.18,0,65.22,0,1.21,2.19,2.74,1.2,2.87,2.55,0,0,0.82,0,6.94,0,19.71,0.53,12.83,64.45,141.22,133.8,2.08,100.87,0.3,0.13,41.81,3.35,1.53,0.96,0.87,20.44,3.31,2022-VA-38,2022,202201,O-22,1469.71153,0.0139526733302055,20712.87653344232,94,138,1,85.92,13.37,202,0.308,0.0864,0,59.66689,-171.25353,71,-0.2,3,EBS,6
10.59,0.22,0.2,0.48,0.3,1.7,0,0.68,1.31,0,32.75,0.41,0,44.22,0.73,2.24,1.75,4.58,0,1.29,0,0,0.92,3.35,8.35,2.18,20.07,22.29,0.41,1.52,0.32,0,2.54,0.84,0,0,1.32,0,3.05,1.88,0,1.78,8.63,2.74,21.21,0,0,1.71,0.43,0,4.4,0.15,0,65.96,0.56,1.09,1.97,2,0.29,3.52,2.96,0,0,0,0.21,5.87,0,17.47,0.64,9.75,60.59,130.31,123.54,2.04,98.36,0.26,0.1,37.64,2.54,1.35,0.75,0.9,14.52,3.77,2022-VA-39,2022,202201,O-22,1469.71153,0.0139526733302055,20712.87653344232,94,138,1,78.46,11.95,176,0.3155,0.0937,0,59.66689,-171.25353,71,-0.2,3,EBS,6
5.23,0.13,0.21,0.6,0.45,1.38,0,0.67,0.4,0,45.43,0.17,0,30.98,0.54,2.31,1.99,3.37,0,2.1,1.52,0,1,2.99,14.42,1.41,47.67,39.04,0.29,1.78,1.16,0,3.65,0.84,0,0,1.39,0.77,3.04,0.6,1.29,0,12.43,8.81,30.62,0.32,0,1.89,0.38,0,6.05,0.23,0,71.77,0.35,1.21,2.95,2.18,0.42,5.63,3.08,0,0,0.17,0.19,7.76,0.14,23.02,1.14,9.91,75.7,181.42,141.24,1.87,110.86,0.32,0.1,58.2,4.43,0.68,0.77,1.22,10.2,3.12,2022-VA-4,2022,202201,N-19,3889.280431,0.0143473036177779,906.0936010228123,94,115,1,85.13,16.39,NA,0.3084,0.1082,0,59.34587,-169.22528,50,2.5,3,EBS,6
8.96,0.2,0.22,0.47,0.26,1.74,0,0.61,0.98,0,38.83,0.38,0,47.7,0.68,2.07,1.7,5.05,0,1.54,1.32,0,1.09,3.02,9.24,1.99,30.95,31.08,0.39,1.79,0.42,0,3.42,0.9,0,0,1.64,0.64,3.25,1.75,0.59,0.83,10.63,5.86,25.02,0,0,2.23,0.45,0,5.94,0.2,0,73.03,0.38,1.4,2.65,2.55,0.74,3.23,3.05,0,0,0.55,0,6.68,0,20.25,0.84,9.36,69.7,164.12,139.69,2,109.02,0.28,0.11,48.11,4.06,1.23,0.81,1,14.66,3.61,2022-VA-40,2022,202201,O-22,1469.71153,0.0139526733302055,20712.87653344232,94,138,1,77.42,11.01,164,0.3205,0.0979,0,59.66689,-171.25353,71,-0.2,3,EBS,6
11.11,0.18,0.23,0.48,0.25,1.89,0,0.62,0.35,0,36.76,0.27,0,47.17,0.61,1.71,1.49,3.83,0,1.52,1.47,0,1.04,2.9,8.41,1.82,27,31.07,0.33,1.56,0.39,0,2.61,0.59,0,0,1.01,0,3.77,0.55,0.5,0.95,10.37,4.5,23.59,0,0,1.77,0.3,0,5.79,0.29,0,54.28,0,1.52,2.15,1.62,0.3,4.79,2.39,0,0,0.55,0,5.17,0,19.28,0.78,8.31,71.05,154.58,114.03,1.6,87.18,0.36,0.1,43.74,2.61,1.28,0.94,0.87,12.5,2.82,2022-VA-41,2022,202201,Q-23,14041.844546,0.0130135724094684,1189789.816571397,94,149,2,54.39,0,52,0.3127,0.1079,0,60.34951,-172.06765,59,0.1,4,EBS,9
16.89,0.41,0.25,0.55,0.36,2.41,0,0.89,0.49,0,42.64,0.45,0,71.06,1.09,2.46,2.37,5.37,0,1.62,0,0,1.38,3.91,11.52,2.53,28.15,37.91,0.59,2.41,0.5,0,4.68,1.23,0,0,2.04,0.9,5.2,0.98,0.76,0.73,13.14,5.35,29.67,0,0,4.54,0.67,0.19,6.54,0.49,0,71.46,0.59,1.12,2.29,3.05,1.59,3.27,3.45,0,0,1.01,0,6.92,0.18,24.43,0.83,11.15,86.51,199.91,151.29,1.75,114.96,0.34,0.08,54.63,5.58,1.67,0.66,0.74,13.67,2.92,2022-VA-42,2022,202201,Q-22,723.924565,0.0138047175854676,10141.460637150574,94,143,1,76.53,12.17,172,0.3391,0.1005,0,60.32517,-171.3717,65,0,4,EBS,9
19.07,0.35,0.47,0.85,0.5,2.98,0,1.22,0.48,0,60.72,0.57,0,90.56,1.08,3.13,2.91,6.4,0,1.83,5.08,0,2.59,5.89,12.31,2.56,42.58,44.83,0.71,2.69,0.58,0,4.5,0.96,0,0,2.08,0,6.68,3.98,0.54,1.55,12.11,6.39,27.17,0,0,2.69,0.45,0,8.01,0.26,0,84.13,0.54,1.44,2.29,2.91,0.34,6.64,3.8,0,0,0.81,0,6.81,0.13,29.95,0.89,13.91,99.54,239.24,184.17,1.85,135.77,0.36,0.12,52.31,4.5,1.49,0.98,0.95,13.55,2.81,2022-VA-43,2022,202201,R-23,1338.208637,0.0146677708966041,166023.04311719222,94,148,2,51.15,0,NA,0.3141,0.103,0,60.68129,-172.11482,60,-0.2,4,EBS,9
11.04,0.41,0.31,0.62,0.37,2,0,0.74,0.57,0,44.66,0.25,0,74.94,0.84,2.17,1.9,4.14,0,1.56,1.48,0,1.1,3.89,9.58,2.07,32.34,38.89,0.54,1.86,0.57,0,2.62,0.94,0,0,1.11,0.7,4.65,0.76,0.61,0.35,10.58,4.29,25.27,0,0,1.37,0.38,0.12,5.97,0.35,0,69.33,0,1.41,2.06,1.84,0.41,5.73,2.29,0,0,0.49,0,6.48,0,21.98,0.59,9.94,77.12,198.08,137.07,1.78,107.22,0.32,0.08,45.44,3.33,1.68,0.91,0.83,16.13,3.15,2022-VA-44,2022,202201,R-26,286.614231,0.013987965863223,67629.99561553323,94,156,2,55.66,0,NA,0.3103,0.0991,0,60.67961,-174.14472,86,-0.5,4,EBS,9
11.8,0.11,0.22,0.62,0.49,2.05,0,0.9,0.75,0,39.1,0.23,0,62.06,0.83,2.47,2.43,4.27,0,1.88,1.57,0,1.14,3.22,8.87,2.43,23.22,35.45,0.52,1.82,0.4,0,2.7,1.07,0,0,1.14,0.62,3.36,1.73,0.49,0.99,10.9,2.29,25.85,0,0,1.57,0.44,0,6.95,0,0,72.86,0,1.2,2.3,2.78,0.55,5.71,2.44,0,0,0.87,0,8.75,0,20.04,0.55,11.6,72.32,172.67,142.39,1.97,110.2,0.28,0.09,45.33,3.32,1.59,0.85,0.65,18.49,3.63,2022-VA-45,2022,202201,R-26,286.614231,0.013987965863223,67629.99561553323,94,156,1,80.16,12.22,162,0.3382,0.0966,0,60.67961,-174.14472,86,-0.5,4,EBS,9
12.15,0.12,0.32,0.59,0.33,2.2,0,0.77,0.37,0,48.7,0.34,0,77.39,0.86,2.23,1.91,4.09,0,1.82,1.54,0,1.15,3.72,10.47,2.63,33.9,42.33,0.57,1.97,0.38,0,3.14,1.07,0,0,1.14,0.71,4.58,0.54,0,1.49,13.16,2.63,29.72,0,0,1.32,0.36,0.09,6.24,0.37,0,70.43,0.32,1.78,2.44,2.28,0.36,6.68,2.36,0,0,0.73,0.58,6.87,0,22.13,0.16,10.21,87.47,212.48,141.99,1.62,110.66,0.31,0.08,52.01,3.85,1.59,0.8,0.8,16.91,3.18,2022-VA-46,2022,202201,R-26,286.614231,0.013987965863223,67629.99561553323,94,156,2,49.03,0,40,0.3732,0.1467,0,60.67961,-174.14472,86,-0.5,4,EBS,9
17.56,0.42,0.45,0.97,0.57,2.83,0,1.23,0.53,0,54.2,0.54,0,79.53,1.09,3.13,2.94,6.26,0,1.92,4.97,0,2.47,5.41,11.27,2.68,44.87,43.42,0.64,2.64,0.61,0,4.53,0.94,0,0,2.18,1.01,6.34,3.61,0.59,0.98,12.05,7.55,27.43,0,0,2.94,0.42,0,7.91,0.49,0,80.97,0.47,1.92,2.69,2.81,0.47,7.02,3.54,0,0,1.08,0,6.89,0.1,30.53,0.9,14.13,95.01,231.22,181.56,1.91,133.2,0.38,0.12,54.45,5.54,1.47,0.95,1.03,12.55,2.65,2022-VA-47,2022,202201,R-23,1338.208637,0.0146677708966041,166023.04311719222,94,148,2,49.58,0,NA,0.3209,0.1219,0,60.68129,-172.11482,60,-0.2,4,EBS,9
13.82,0.35,0.43,0.85,0.51,2.12,0,0.97,0.48,0,45.38,0.37,0,69.97,0.89,2.39,2.46,5.03,0,1.31,4.12,0,1.87,4.61,8.58,1.92,36.81,35.75,0.56,2,0.41,0,3.11,0.7,0,0,1.59,0,4.72,3.07,0.5,0.8,8.59,5.12,19.08,0,0,1.82,0.28,0.12,5.93,0.26,0,60.98,0.53,1.15,1.84,2.67,0.29,5.26,2.8,0,0,1.17,0,5.19,0.1,21.94,0.66,11.11,75.37,187.81,135.93,1.8,98.56,0.36,0.12,38.45,3.11,1.54,1.09,1.03,14.82,2.78,2022-VA-48,2022,202201,R-23,1338.208637,0.0146677708966041,166023.04311719222,94,148,2,48.21,0,NA,0.3221,0.1142,0,60.68129,-172.11482,60,-0.2,4,EBS,9
8.7,0.24,0.17,0.47,0.32,1.73,0,0.62,0.46,0,35.77,0.21,0,62.36,0.75,1.63,1.74,3.9,0,1.74,0,0,1.12,4.28,7.97,1.4,17.68,31.96,0.46,1.51,0.25,0,2.34,0.88,0,0,1.02,0,4.66,0.71,0.42,0.62,7.66,1.41,19.95,0,0,1.17,0.31,0,5.77,0,0,62.51,0.21,0.69,1.67,1.05,0.4,4.43,2.19,0,0,0.46,0.21,4.56,0,15.04,0,8.71,64.47,148.93,116.81,1.81,90.89,0.24,0.09,32.43,2.34,1.74,0.89,0.55,13.39,4.16,2022-VA-49,2022,202201,R-23,1338.208637,0.0146677708966041,166023.04311719222,94,148,1,74.39,10.7,NA,0.3112,0.093,0,60.68129,-172.11482,60,-0.2,4,EBS,9
4.03,0,0.23,1.19,0.53,1.27,0,1.17,0.27,0,23.34,0.18,0,16.66,0.51,3.1,2.77,1.92,0,1.07,1.54,0,0.72,0.44,6.96,1.12,26.54,24.4,0,2.35,0.79,0,2.53,0.56,0,0,0,0.57,1,0.93,0.73,0.78,12.01,6.82,16.48,0.23,0,3.19,0.43,0,6.02,0.42,0,32.96,0.59,3.79,2.47,3.79,1.54,2.68,1.18,0,0,0,0,8.06,0,15.73,1.18,11.38,52.75,118.52,84.22,1.6,61.43,0.48,0.1,45.36,3.1,0.71,0.64,1.09,16.59,2.09,2022-VA-5,2022,202201,L-23,2697.565489,0.0139560687605196,111903.73355124217,94,134,1,76.8,15.33,186,0.3209,0.0896,1,58.66024,-171.7168,91,-0.2,3,EBS,6
11.16,0.28,0.26,0.73,0.38,2.58,0,0.93,0.46,0,48.67,0.49,0,56.36,0.84,2.57,2.23,4.32,0,1.94,3.43,0,1.55,2.9,12,3.34,43.44,44.16,0.45,2.23,0.51,0,4.28,0.82,0,0,1.42,0.88,4.18,1.78,1.25,0,15.79,6.3,32.92,0,0,2.52,0.42,0,8.15,0.48,0,68.56,0.44,1.98,2.68,2.8,0.35,6.88,3.11,0,0,0.79,0.2,7.62,0,26.32,0.8,11.82,81.96,214.86,151.46,1.85,112.88,0.38,0.1,62.47,5.15,1.16,0.88,0.98,13.48,2.61,2022-VA-50,2022,202201,Q-23,14041.844546,0.0130135724094684,1189789.816571397,94,149,2,50.95,0,42,0.3261,0.1108,0,60.34951,-172.06765,59,0.1,4,EBS,9
7.5,0.29,0.25,0.72,0.43,1.77,0,0.74,0.26,0,36.03,0.25,0,46.52,0.68,1.92,1.97,3.76,0,1.18,0,0,1.17,3.78,8.07,1.91,29.81,27.16,0.38,1.59,0.33,0,2.75,0.63,0,0,1.23,0,4.26,1.71,0,1.45,7.8,4.23,16.16,0,0,1.5,0.25,0,5.3,0,0,52.3,0,1.44,1.71,2.52,0.3,4.42,1.85,0,0,1.03,0,4.18,0.12,16.25,0.53,9,66.69,142.94,108.45,1.63,81.45,0.31,0.09,33.85,2.75,1.29,0.7,1.1,10.92,3.22,2022-VA-51,2022,202201,S-23,4073.492647,0.0137896716832875,103693.36651669347,94,147,2,52.25,0,46,0.3018,0.105,0,61.00486,-172.15955,62,-0.4,4,EBS,9
13.19,0.28,0.3,0.52,0.28,2.31,0,0.84,0.62,0,39.45,0.56,0,54.13,0.8,2.32,2.01,4.65,0,1.58,1.48,0,1.23,2.91,10.57,2.28,33.56,33.83,0.48,2.2,0.5,0,3.95,1.07,0,0,1.68,0,3.91,0.84,0.56,1.45,11.91,5.85,26.49,0,0,3.37,0.49,0.13,5.56,0.21,0,60.99,0,1.4,2.26,2.77,1.48,2.82,3.01,0,0,0.55,0,6.6,0,20.46,0.77,10.48,77.12,179.6,129.19,1.68,97.85,0.34,0.1,50.69,3.95,1.37,0.77,0.99,13.86,2.98,2022-VA-52,2022,202201,R-22,586.4959,0.013571120376594,2800.0635869046073,94,144,1,72.14,10.42,NA,0.3064,0.0907,0,60.65603,-171.43412,62,0.2,4,EBS,9
15.64,0.07,0.29,0.44,0.31,2.2,0,0.77,0.54,0,40.71,0.59,0,63.07,0.85,2.22,2.04,5.65,0,1.67,0,0,1.17,4.33,11.5,2.33,27.96,32.42,0.48,1.93,0.41,0,3.51,0.94,0,0,1.72,0,5.18,2.28,0.56,1.04,10.49,4.41,24.18,0,0,2.59,0.47,0,5.65,0.28,0,69.45,0,0.82,1.98,2.26,1.13,3.06,3.58,0,0,0.71,0,5.94,0,22.42,0.62,10.19,74.7,174.65,141.5,1.89,109.06,0.32,0.1,44.13,3.51,1.55,0.74,0.86,12.18,3.1,2022-VA-53,2022,202201,Q-22,723.924565,0.0138047175854676,10141.460637150574,94,143,1,83.19,11.75,220,0.3283,0.1071,0,60.32517,-171.3717,65,0,4,EBS,9
11.67,0.37,0.24,0.46,0.31,1.9,0,0.72,0.52,0,33.25,0.58,0,48.45,0.79,1.8,1.81,4.1,0,1.32,0,0,0.93,2.94,9.04,2.1,23.87,24.89,0.39,1.76,0.36,0,3.13,0.81,0,0,1.48,0,3.59,1.66,0,1.75,10.03,3.47,19.2,0,0,2.58,0.46,0.15,4.86,0.1,0,53.68,0.24,0.77,1.39,1.3,0.7,2.19,2.4,0,0,0,0,5.24,0,16.9,0.42,8.83,65.94,139.65,109.86,1.67,84.6,0.31,0.09,36.16,3.13,1.46,0.62,0.96,13.48,3.18,2022-VA-54,2022,202201,Q-22,723.924565,0.0138047175854676,10141.460637150574,94,143,1,84.07,12.55,216,0.3102,0.0974,0,60.32517,-171.3717,65,0,4,EBS,9
14.05,0.4,0.4,0.61,0.34,2.09,0,0.75,0.54,0,49.66,0.52,0,91.56,0.83,2.08,1.98,4.78,0,1.4,1.58,0,1.05,3.87,10.12,2.86,39.65,45.79,0.65,2.07,0.38,0,3.03,0.85,0,0,1.23,0.82,5.8,1.26,0.55,0.59,11.64,4.35,25.75,0,0,1.42,0,0,5.31,0,0,28.08,0,1.25,1.95,2.64,0.35,5.43,2.22,0,0,0.66,0,5.75,0,18.65,0.58,9.79,77.75,232.49,93.13,1.2,62.96,0.66,0.07,47.58,3.85,1.84,0.81,0.87,15.79,1.51,2022-VA-55,2022,202201,R-25,544.760502,0.0145482182792232,2062.108185635626,94,155,2,47.76,0,32,0.3092,0.1018,0,60.66665,-173.44639,64,3.2,4,EBS,9
7.22,0.15,0.14,0.4,0.3,1.49,0,0.63,0.35,0,27.22,0.17,0,48.42,0.64,1.72,1.65,2.91,0,1.53,0.93,0,0.97,2.27,6.52,1.3,14.22,29.47,0.4,1.36,0.36,0,1.78,0.81,0,0,0.66,0.48,2.52,1.23,0,1.77,7.55,2.11,20,0,0,1.25,0,0,4.72,0,0,54.51,0,1.06,1.83,2.14,0.33,3.8,1.98,0,0,0.44,0,5.68,0,15.59,0.4,8.05,56.63,131.22,104.99,1.85,83.5,0.29,0.08,34.69,2.27,1.78,0.74,0.48,19.23,3.5,2022-VA-56,2022,202201,R-26,286.614231,0.013987965863223,67629.99561553323,94,156,1,72.44,10.59,130,0.3151,0.0874,0,60.67961,-174.14472,86,-0.5,4,EBS,9
14.69,0.33,0.37,0.68,0.41,2.33,0,0.95,0.48,0,41.99,0.58,0,59.88,0.82,2.45,2.27,5.14,0,1.32,1.4,0,2.02,3.46,9.84,3.23,34.52,35,0.55,2.25,0.49,0,3.26,0.76,0,0,1.68,0,4.94,2.83,0.55,0.64,11.79,5.71,21.93,0,0,2.34,0.34,0.13,5.92,0.28,0,62.81,0,1.4,1.13,2.73,0.35,5.09,2.97,0,0,0.73,0,6.28,0,25.69,0.78,10.89,69.23,182.68,139.42,2.01,105.65,0.41,0.1,44.69,3.26,1.43,0.82,0.99,12.11,2.44,2022-VA-57,2022,202201,R-23,1338.208637,0.0146677708966041,166023.04311719222,94,148,2,48.21,0,36,0.3417,0.1134,0,60.68129,-172.11482,60,-0.2,4,EBS,9
5.5,0.1,0.2,0.96,0.62,1.83,0,1.37,0.49,0,34.65,0.26,0,20.86,0.68,3.77,3.24,3.26,0,1.5,2.01,0,1.03,0.52,10.03,1.29,40.56,28.92,0.12,3.45,0.95,0,3.42,0.52,0,0,1.63,0.74,1.2,1.12,0.86,0.73,10.78,12.83,18.23,0,0,4.47,0.45,0.2,9.78,0.41,0,46.29,0.62,5.16,3.82,4.72,2.78,2.36,1.68,0,0,0.36,0,11.08,0,27.43,2.16,13.78,65.86,154.03,124.2,1.89,90.58,0.59,0.11,55.53,4.16,0.6,0.66,1.4,17.45,1.69,2022-VA-58,2022,202201,O-23,899.851866,0.0149248049130708,51114.168958543436,94,139,1,71.07,12.97,150,0.3305,0.0975,0,59.66055,-171.86433,77,-0.7,3,EBS,6
5.62,0,0,0.36,0.22,1.21,0,0.45,0.3,0,24.03,0.17,0,33.25,0.52,1.64,1.3,2.86,0,1.41,0,0,1.2,1.79,6.64,1.23,10.89,25.4,0.31,1.27,0.3,0,1.77,0.65,0,0,0.72,0,3.1,0.72,0,1.01,6.98,3.24,18.57,0,0,1.34,0,0,5.94,0,0,41.44,0,0.97,1.88,1.25,0.24,4.73,1.59,0,0,0,0,4.66,0,14.75,0.5,6.9,45.63,106.43,88.81,1.95,67.75,0.36,0.09,32.9,1.77,1.38,0.71,0.43,10.72,2.81,2022-VA-59,2022,202201,S-23,4073.492647,0.0137896716832875,103693.36651669347,94,147,1,75.99,13.85,170,0.3873,0.0891,0,61.00486,-172.15955,62,-0.4,4,EBS,9
9.76,0.53,0.29,0.58,2.19,1.87,0,0.87,0.49,0,31.4,0.4,0,38.66,0.68,1.7,1.77,5.22,0,1.16,4.53,0,2.11,4.36,8.96,2.29,22.63,18.45,0.36,1.35,0.42,0,3.01,0.99,0,0,1.54,0.51,5.2,2.04,0.94,1.58,7.9,2.65,11.43,0,0,1.72,0.22,0.31,4.77,0,0,61.46,1.22,0.66,1.6,2.88,1.62,1.78,2.64,0,0,1.34,0,3.46,0,19.37,2.08,10.64,70.92,114.31,129.88,1.83,96.32,0.32,0.19,27.12,3.52,1.23,1.06,1.23,7.44,3.17,2022-VA-6,2022,202201,I-18,20840.70064,0.0144576781357008,3804.206974575452,94,94,2,53.77,0,NA,0.2087,0.0654,0,57.65536,-168.40507,70,1,2,EBS,5
8.06,0.19,0.17,0.31,0.19,1.68,0,0.53,0.42,0,27.55,0.45,0,40.36,0.56,1.52,1.3,3.59,0,1.1,0,0,0.89,2.34,7.39,1.72,19.67,20.54,0.35,1.47,0.33,0,2.42,0.58,0,0,1.3,0,2.69,1.6,0.4,1.04,9.79,3.81,18.74,0,0,1.95,0.23,0,4.24,0,0,47.4,0,1.23,1.99,2.25,0.87,2.12,1.96,0,0,0,0,4.68,0,12.58,0.73,7.05,51.38,123.83,92.82,1.81,71.24,0.27,0.09,37.8,2.42,1.46,0.68,0.96,14.99,3.77,2022-VA-60,2022,202201,Q-22,723.924565,0.0138047175854676,10141.460637150574,94,143,1,83.67,12.89,NA,0.3678,0.1023,0,60.32517,-171.3717,65,0,4,EBS,9
8.81,0.21,0.16,0.45,0.29,1.62,0,0.58,0.37,0,34.46,0.21,0,63.81,0.7,1.78,1.73,3.46,0,1.76,0,0,0.83,3.2,8.15,1.6,19.25,34.31,0.51,1.59,0.51,0,2.45,1,0,0,0.96,0.61,3.75,1.68,0.39,1.19,8.81,2.28,23.46,0,0,1.24,0,0,4.94,0,0,63.56,0,1.17,2.13,2.02,0.32,4.45,2.21,0,0,0.45,0,5.53,0,13.25,0,8.58,62.42,162.02,115.57,1.85,90.92,0.21,0.07,39.88,3.06,1.85,0.62,0.56,17.02,4.8,2022-VA-61,2022,202201,R-26,286.614231,0.013987965863223,67629.99561553323,94,156,1,76.71,11.31,158,0.3412,0.1109,0,60.67961,-174.14472,86,-0.5,4,EBS,9
10.65,0.38,0.31,0.5,0.33,1.65,0,0.67,0.48,0,36.69,0.42,0,65.41,0.7,1.75,1.66,3.98,0,1.26,1.24,0,0.84,3.14,7.74,2.48,29.06,33.21,0.56,1.74,0.31,0,2.52,0.66,0,0,0.97,0,4.31,1.1,0.36,0.99,9.48,3.63,19.54,0,0,1.35,0.28,0,4.49,0.1,0,52.15,0,1.22,1.5,2.19,0.26,4.7,1.82,0,0,0.55,0,4.95,0,15.93,0.44,8.29,67.62,171.89,106.65,1.58,81.09,0.31,0.08,37.56,2.52,1.78,0.85,0.88,15.19,3.27,2022-VA-62,2022,202201,S-25,390.88853,0.0150755928070506,279563.7481020918,94,154,2,48.69,0,NA,0.3292,0.118,0,60.99834,-173.48328,74,-0.8,4,EBS,9
14.16,0.35,0.26,0.29,0.19,1.91,0,0.56,0.34,0,37.75,0.53,0,59.81,0.82,1.59,1.53,4.52,0,1.28,0,0,0.85,4.25,9.75,2.04,25.33,27.13,0.49,1.68,0.34,0,3.62,0.97,0,0,1.45,0,5.2,0.81,0,1.64,9.67,3.94,21.58,0,0,2.46,0.45,0,4.52,0.13,0,64.48,0,0.73,1.57,2.32,1.12,2.5,2.91,0,0,0.53,0,4.84,0,18.54,0.43,7.69,64.36,158.31,126.13,1.96,98.59,0.29,0.09,39.8,3.62,1.58,0.69,0.93,11.5,3.48,2022-VA-63,2022,202201,Q-22,723.924565,0.0138047175854676,10141.460637150574,94,143,1,78.09,12.31,184,0.3374,0.1221,0,60.32517,-171.3717,65,0,4,EBS,9
8.82,0.23,0.18,0.45,0.32,1.75,0,0.57,0.5,0,35.45,0.17,0,56.2,0.72,1.88,1.81,3.79,0,1.85,0,0,1.39,3.27,8.45,1.57,18.23,33.78,0.49,1.65,0.32,0,2.8,0.86,0,0,0.92,0,4.51,0.79,0,1.57,8.95,4.51,23.19,0,0,1.44,0.26,0,6.5,0,0,61.52,0,1.86,2.18,1.36,0.35,5.22,2.37,0,0,0,0,5.92,0,18.29,0.61,9.12,65.68,155.68,122.1,1.86,95.58,0.3,0.08,42.05,2.8,1.59,0.72,0.54,12.46,3.36,2022-VA-64,2022,202201,S-23,4073.492647,0.0137896716832875,103693.36651669347,94,147,1,85.2,13.62,198,0.3328,0.0947,0,61.00486,-172.15955,62,-0.4,4,EBS,9
12.42,0.37,0.28,0.59,0.41,1.86,0,0.71,0.84,0,40.39,0.42,0,74.06,0.83,1.83,1.83,4.57,0,1.35,0,0,0.94,4.03,7.78,2.14,28.14,33.09,0.43,1.22,0.29,0,2.65,0.72,0,0,1.09,0,5.34,1.02,0.43,0.64,8.97,3.37,19.43,0,0,1.3,0.34,0,4.82,0,0,57.69,0,0.56,1.53,1.83,0.23,4.49,2.09,0,0,0.57,0,5.33,0,16.66,0.55,9.41,65.44,176.84,114.8,1.75,88.69,0.29,0.08,35.7,2.65,1.83,0.81,0.85,13.86,3.46,2022-VA-65,2022,202201,R-25,544.760502,0.0145482182792232,2062.108185635626,94,155,2,47.69,0,36,0.3123,0.1095,0,60.66665,-173.44639,64,3.2,4,EBS,9
7.05,0.25,0.26,0.81,0.56,1.65,0,0.88,0.57,0,27.42,0.29,0,41.31,0.83,1.87,2.06,3.32,0,0.82,0,0,0.83,2.37,4.98,1.56,18.9,17.7,0.43,1.44,0.25,0,2.26,0.59,0,0,1.03,0,3.46,1.68,0,1.7,5.33,2.28,8.6,0,0,0.98,0,0,3.08,0,0,36.85,0,0.54,0.78,2.52,0.69,2.09,1.34,0,0,0,0,3.42,0,13.44,0.38,9.22,53.78,103.15,79.35,1.48,61.03,0.36,0.09,20.06,2.26,1.51,0.59,1.07,11.95,2.74,2022-VA-66,2022,202201,S-23,4073.492647,0.0137896716832875,103693.36651669347,94,147,2,52.51,0,48,0.3213,0.0981,0,61.00486,-172.15955,62,-0.4,4,EBS,9
11.92,0.31,0.33,0.74,0.41,2.03,0,0.93,0.34,0,38.21,0.38,0,55.48,0.8,2.25,2.12,4.33,0,1.4,1.31,0,1.49,3.62,8.93,2.12,33.71,31.66,0.48,1.94,0.47,0,3.62,0.71,0,0,1.57,0,4.58,2.41,0.55,0.43,8.96,5.43,19.92,0,0,2.44,0.34,0,5.61,0.16,0,55.64,0,1.03,1.68,1.78,0.35,4.18,2.33,0,0,0.45,0,5.28,0,20.7,0.57,10.22,66.5,166.27,122.02,1.83,90.61,0.37,0.1,38.8,3.62,1.45,0.78,1.06,12.12,2.69,2022-VA-67,2022,202201,R-23,1338.208637,0.0146677708966041,166023.04311719222,94,148,2,47.35,0,34,0.3091,0.1227,0,60.68129,-172.11482,60,-0.2,4,EBS,9
8.27,0.28,0.23,0.69,0.46,1.48,0,0.81,0.5,0,31.21,0.45,0,45.7,0.77,1.7,1.81,3.47,0,0.83,0,0,0.81,3,6.06,1.78,22.17,20.52,0.39,1.45,0.28,0,2.25,0.49,0,0,1.08,0,4.12,1.84,0,1.82,6.14,2.59,10.67,0,0,1.26,0,0,3.68,0,0,45.03,0,0.59,1.27,0.92,0.21,1.45,1.68,0,0,0,0,3.71,0,15.98,0.38,8.28,54.36,116.03,92.17,1.7,73.15,0.35,0.09,22.18,2.25,1.46,0.61,1.08,11.09,2.82,2022-VA-68,2022,202201,S-23,4073.492647,0.0137896716832875,103693.36651669347,94,147,2,45.25,0,30,0.324,0.1152,0,61.00486,-172.15955,62,-0.4,4,EBS,9
8.53,0.21,0.25,0.33,0.2,1.22,0,0.42,0.42,0,29.52,0.27,0,54.73,0.48,1.16,1.06,2.9,0,0.76,0,0,0.62,2.81,5.75,1.64,21.36,22.97,0.35,1.06,0.25,0,1.41,0.54,0,0,0.74,0,3.7,0.62,0.32,0.5,5.5,2.59,12.34,0,0,0.65,0.16,0,2.56,0,0,37.77,0,0.79,0.92,1.55,0,3.13,1.31,0,0,0,0,3.39,0,10.7,0.24,5.57,48.63,127.03,73.76,1.52,57.99,0.28,0.07,23.69,1.41,1.85,0.81,0.93,14.78,3.53,2022-VA-69,2022,202201,R-25,544.760502,0.0145482182792232,2062.108185635626,94,155,2,49.78,0,NA,0.3136,0.0962,0,60.66665,-173.44639,64,3.2,4,EBS,9
16.92,0.3,0.34,0.54,0.37,2.16,0,0.65,0.39,0,43.69,0.3,0,48.25,0.92,1.89,1.53,4.63,0,1.01,3.12,0,1.35,3.5,9.52,1.73,25.99,21.34,0.14,1.11,0.45,0,8.1,1.17,0,0,1.18,0,5.49,1.79,0.55,0.36,8.12,3.59,16.27,0,0,3.14,0.31,0.15,3.67,0.37,0,52.6,0.38,0.63,1.2,1.75,0.94,1.86,2.59,0,0,0,0,3.03,0,20.35,0.73,8.53,68.56,132.4,119.98,1.75,86.14,0.39,0.12,31.55,8.1,1.1,0.68,1.22,8.79,2.58,2022-VA-7,2022,202201,N-20,7431.377933,0.014743351437738,14228.08110393819,94,116,2,48.03,0,NA,0.0603,0.025,0,59.32724,-169.88624,61,0.8,3,EBS,6
7.25,0.27,0.21,0.71,0.45,1.43,0,0.73,0.34,0,29.26,0.32,0,39.85,0.7,1.7,1.78,3.13,0,0.88,0,0,0.9,2.88,5.86,1.58,23.71,21.06,0.34,1.41,0.38,0,2.25,0.65,0,0,0.97,0,3.39,1.51,0,1.54,5.4,3.92,10.47,0,0,1.21,0,0,3.96,0,0,41.92,0,1.59,1.18,1.25,0,1.87,1.59,0,0,0,0,4.05,0,14.12,0.35,8.02,50.48,113.32,86.32,1.71,67.51,0.34,0.09,23.8,2.25,1.36,0.65,1.13,11.74,2.97,2022-VA-70,2022,202201,S-23,4073.492647,0.0137896716832875,103693.36651669347,94,147,2,51.16,0,46,0.3085,0.1067,0,61.00486,-172.15955,62,-0.4,4,EBS,9
7.07,0.22,0.23,0.55,0.32,1.4,0,0.6,0.31,0,27.46,0.29,0,40.11,0.61,1.28,1.41,2.95,0,0.76,0,0,0.69,2.52,4.94,1.67,23.38,18.26,0.3,1.22,0.23,0,2.21,0.44,0,0,0.85,0,3.4,0.47,0,1,5.55,2.89,10.22,0,0,1.59,0.25,0,3.87,0,0,36.71,0,0.69,0.81,1.09,0,1.59,1.24,0,0,0,0,3.37,0,13.83,0.39,6.64,47.28,107.71,77.21,1.63,60.24,0.38,0.08,21.24,2.21,1.46,0.72,1.28,11.81,2.65,2022-VA-71,2022,202201,S-23,4073.492647,0.0137896716832875,103693.36651669347,94,147,2,49.39,0,NA,0.3429,0.1127,0,61.00486,-172.15955,62,-0.4,4,EBS,9
8.03,0.2,0.18,0.4,0.3,1.68,0,0.6,0.4,0,34.17,0.2,0,53.15,0.67,1.8,1.68,3.57,0,1.73,0,0,0.81,3.47,8.18,1.54,21.94,34.7,0.35,1.32,0.46,0,2.13,0.98,0,0,0.98,0,3.73,0.75,0,2.32,8.86,3.91,23.64,0,0,1.25,0.37,0,5.11,0,0,71.99,0,1.23,2.43,1.95,0.36,4.24,2.66,0,0,0,0,6,0,15.41,0.5,8.6,64.41,156.56,126.59,1.97,102.92,0.21,0.08,42,2.13,1.56,0.69,0.63,14.25,4.67,2022-VA-72,2022,202201,R-26,286.614231,0.013987965863223,67629.99561553323,94,156,1,75.63,11.43,156,0.3065,0.096,0,60.67961,-174.14472,86,-0.5,4,EBS,9
13.27,0.37,0.3,0.7,0.4,2.04,0,0.9,0.63,0,42.01,0.35,0,64.57,0.92,2.16,2.06,4.77,0,1.23,0,0,1.35,2.98,8.82,1.9,31.87,32.15,0.48,2.01,0.43,0,5.39,1.02,0,0,1.56,0,4.69,2.4,0.51,0.91,9.85,5.28,20.28,0,0,3.12,0.45,0,5.35,0.29,0,56.88,0,1.27,2.07,1.81,0.35,3.1,2.49,0,0,0,0,4.81,0,21.58,0.94,10.13,72.89,176.05,123.91,1.7,93,0.38,0.08,40.57,5.39,1.54,0.56,0.99,13.76,2.64,2022-VA-73,2022,202201,R-23,1338.208637,0.0146677708966041,166023.04311719222,94,148,2,54.48,0,NA,0.3033,0.1212,0,60.68129,-172.11482,60,-0.2,4,EBS,9
11.05,0.2,0.22,0.43,0.32,2.06,0,0.74,0.55,0,33.75,0.53,0,53.09,0.82,2.09,1.8,4.39,0,1.39,0,0,0.9,2.9,8.84,2.11,22.27,29.53,0.39,1.67,0.41,0,2.78,0.82,0,0,1.38,0,3.78,1.77,0,2.06,10.25,4.76,24.33,0,0,2.29,0,0,4.73,0.12,0,61.11,0,1.15,2.13,3.18,2.14,3.23,2.77,0,0,0.14,0,6,0,18.1,0.63,9.38,60.76,157.06,121.81,2,94.84,0.3,0.08,45.8,2.78,1.57,0.63,0.75,14.04,3.38,2022-VA-74,2022,202201,Q-22,723.924565,0.0138047175854676,10141.460637150574,94,143,1,73.82,10.33,142,0.3534,0.0916,0,60.32517,-171.3717,65,0,4,EBS,9
8.59,0.22,0.17,0.5,0.34,1.6,0,0.59,0.67,0,33.17,0.15,0,59.99,0.7,1.84,1.76,3.56,0,1.58,0,0,0.84,3.16,7.82,1.45,17.08,33.23,0.45,1.37,0.33,0,2.33,0.97,0,0,0.91,0,3.51,0.95,0,1.85,7.81,1.98,22.45,0,0,1.18,0,0,4.27,0,0,60.08,0,0.93,1.97,1.87,0.32,4.46,2.04,0,0,0,0,5.13,0,12.88,0,8.88,66.94,151.61,108.74,1.62,86.32,0.21,0.07,37.01,2.33,1.81,0.7,0.51,17.11,4.67,2022-VA-75,2022,202201,R-26,286.614231,0.013987965863223,67629.99561553323,94,156,1,74.13,11.32,140,0.3344,0.102,0,60.67961,-174.14472,86,-0.5,4,EBS,9
16.84,0.34,0.38,0.79,0.44,2.49,0,0.9,0.54,0,46.51,0.57,0,63.95,0.88,2.48,2.28,5.39,0,1.7,1.68,0,2.07,3.59,10.4,4.05,36.7,37.28,0.5,2.22,0.52,0,3.8,0.75,0,0,1.79,0,3.99,3,0.63,1.62,14.54,6.47,27.71,0,0,2.65,0,0,6.17,0.19,0,64.45,0,0.79,2.31,3.15,0.43,7,3.34,0,0,0,0,5.85,0,25.77,1.02,11.62,75.34,202.52,144.06,1.91,107.28,0.4,0.1,54.96,3.8,1.38,0.82,0.98,16.01,2.5,2022-VA-76,2022,202201,R-23,1338.208637,0.0146677708966041,166023.04311719222,94,148,2,49.67,0,NA,0.3111,0.1073,0,60.68129,-172.11482,60,-0.2,4,EBS,9
5.84,0.12,0.12,0.34,0.26,1.13,0,0.52,0.31,0,24.41,0.14,0,34.96,0.53,1.6,1.51,2.35,0,1.3,1.03,0,0.66,1.76,5.69,1.34,18.89,23.82,0.24,1.13,0.39,0,1.7,0.57,0,0,0.75,0.46,1.96,0.49,0,2.12,7.77,3.94,18.03,0,0,1.22,0,0,4.54,0,0,48.68,0,1.45,2.03,2.65,1.55,3.41,1.82,0,0,0,0,5.55,0,14.07,0.45,6.97,46.15,117.49,95.1,2.06,75.33,0.29,0.09,35.86,2.15,1.43,0.69,0.79,17.85,3.46,2022-VA-77,2022,202201,R-26,286.614231,0.013987965863223,67629.99561553323,94,156,1,80.54,12.61,186,0.3028,0.0824,0,60.67961,-174.14472,86,-0.5,4,EBS,9
8.97,0.19,0.2,0.59,0.41,2.47,0,1.11,0.57,0,43.82,0.22,0,47.7,0.84,2.59,2.15,4.08,0,2.35,3.32,0,1.17,2.69,12.03,2,29.24,34.66,0.5,2.55,0.47,0,4.35,1.02,0,0,1.35,0.92,3.53,0.72,1.06,0,12.44,3.41,30.62,0,0,3.89,0,0,10.09,0.28,0,74.4,0,1.26,2.52,2.37,0.91,4.25,2.94,0,0,0,0,9.99,0,32.28,1.11,12.24,NA,171.64,162.65,NA,125.51,0.43,0.11,52.62,5.27,1.09,0.91,0.84,13.52,2.3,2022-VA-78,2022,202201,R-23,1338.208637,0.0146677708966041,166023.04311719222,94,148,1,75.86,14.24,180,0.3261,0.1165,0,60.68129,-172.11482,60,-0.2,4,EBS,9
NA,NA,NA,NA,NA,NA,NA,NA,NA,NA,NA,NA,NA,NA,NA,NA,NA,NA,NA,NA,NA,NA,NA,NA,NA,NA,NA,NA,NA,NA,NA,NA,NA,NA,NA,NA,NA,NA,NA,NA,NA,NA,NA,NA,NA,NA,NA,NA,NA,NA,NA,NA,NA,NA,NA,NA,NA,NA,NA,NA,NA,NA,NA,NA,NA,NA,NA,NA,NA,NA,NA,NA,NA,NA,NA,NA,NA,NA,NA,NA,NA,NA,NA,NA,2022-VA-79,2022,202201,PO2423,2587.166369,0.01429229508102,33492.30457994699,94,140,2,45.49,0,NA,0.3084,0.0994,0,59.82478,-172.25274,75,-0.6,4,EBS,9
5.43,0.11,0.23,0.74,0.92,1.34,0,1.01,0.42,0,32.35,0.24,0,19.43,0.62,2.62,2.09,2.5,0,1.45,1.87,0,1.29,0.84,10.44,1.18,44.23,29.57,0.1,2.49,1,0,3.41,0.55,0,0,1.45,0.64,1.72,0.43,1.15,0,10.89,9.25,17.94,0,0,2.99,0.35,0.18,6.72,0.37,0,49.58,0.47,2.69,2.54,2.53,1.58,2.1,1.94,0,0,0,0,7.34,0.08,28.93,1.65,10.58,65.62,145.57,117.57,1.79,91.8,0.58,0.11,45.82,4.05,0.6,0.71,1.5,11.32,1.71,2022-VA-8,2022,202201,M-19,5291.9719780000005,0.01334221746820875,824.4506601852592,94,112,1,91.56,16.92,NA,0.3848,0.1209,0,58.98863,-169.17239,54,1.6,3,EBS,6
12.43,0.4,0.32,0.46,0.21,1.99,0,0.59,0.42,0,40.69,0.4,0,74.6,0.73,1.68,1.44,4.37,0,1.18,1.33,0,0.83,3.25,8.01,2.46,30.13,36.68,0.52,1.74,0.35,0,2.5,0.7,0,0,0.97,0,4.35,0.98,0.47,0.45,9.95,3.55,22.26,0,0,1.14,0,0,4.28,0,0,51.97,0,1.03,1.57,2.36,0.24,4.85,1.77,0,0,0,0,4.82,0,16.74,0,7.97,68.24,188.31,105.91,1.55,80.93,0.32,0.08,40.72,2.5,1.83,0.95,0.82,17.16,3.1,2022-VA-80,2022,202201,R-25,544.760502,0.0145482182792232,2062.108185635626,94,155,2,46.87,0,36,0.3134,0.1083,0,60.66665,-173.44639,64,3.2,4,EBS,9
10.7,0.31,0.28,0.5,0.28,1.64,0,0.6,0.45,0,36.46,0.39,0,69.62,0.68,1.59,1.55,3.86,0,1.13,0,0,0.82,3.17,6.88,2.26,22.37,33.36,0.45,1.52,0.24,0,2.27,0.83,0,0,0.89,0,4.87,1.46,0.43,0.39,8.8,1.69,20.01,0,0,1.1,0,0,3.97,0,0,52.65,0,0.81,1.4,1.29,0.21,3.87,1.8,0,0,0,0,4.75,0,13.35,0.56,7.74,64.7,165.48,100.51,1.55,78.64,0.25,0.07,33.99,2.27,1.91,0.72,0.67,14.29,3.94,2022-VA-81,2022,202201,S-25,390.88853,0.0150755928070506,279563.7481020918,94,154,2,41.61,0,NA,0.3075,0.1073,0,60.99834,-173.48328,74,-0.8,4,EBS,9
12.88,0.36,0.31,0.56,0.32,1.89,0,0.68,0.55,0,39.55,0.31,0,71.24,0.75,1.8,1.71,4.12,0,1.13,1.26,0,1.03,3.38,7,1.62,30.67,32.73,0.49,1.66,0.35,0,2.62,0.66,0,0,1.08,0,4.52,0.89,0.47,0.78,7.84,3.91,19.39,0,0,1.44,0.32,0,5.16,0,0,52.21,0,1.02,1.55,2.08,0.25,3.88,2.03,0,0,0,0,4.57,0,17.94,0.48,8.64,67.44,176.05,108.49,1.61,83.08,0.34,0.08,35.78,2.62,1.8,0.9,0.94,15.78,2.91,2022-VA-82,2022,202201,S-25,390.88853,0.0150755928070506,279563.7481020918,94,154,2,47.69,0,30,0.317,0.1113,0,60.99834,-173.48328,74,-0.8,4,EBS,9
11.42,0.37,0.3,0.48,0.3,1.74,0,0.61,0.52,0,34.31,0.32,0,73.25,0.7,1.6,1.49,3.76,0,1.05,0,0,0.8,3.27,6.45,2.59,22.68,31.64,0.5,1.51,0.29,0,2.07,0.66,0,0,0.89,0,4.67,1.01,0.41,0.55,8.69,1.93,20.36,0,0,0.99,0,0,4.04,0,0,50.96,0,0.9,1.32,2.12,0.2,4.82,1.78,0,0,0,0,4.69,0,14.53,0.41,7.78,61.93,169.21,99.96,1.61,77.98,0.29,0.07,35.32,2.07,2.13,0.77,0.72,15.69,3.51,2022-VA-83,2022,202201,S-25,390.88853,0.0150755928070506,279563.7481020918,94,154,2,48.16,0,NA,0.3066,0.1182,0,60.99834,-173.48328,74,-0.8,4,EBS,9
12.6,0.42,0.35,0.44,0.29,1.84,0,0.6,0.48,0,39.41,0.3,0,80.54,0.72,1.59,1.5,4.1,0,1.08,0,0,0.65,4.35,8.19,2.61,24.84,33.21,0.44,1.13,0.27,0,2.31,0.88,0,0,1.01,0,5.27,1.14,0,1.64,9.2,1.64,22.32,0,0,1.04,0.22,0,4.17,0,0,57,0,0,1.45,1.31,0.22,4.45,1.94,0,0,0,0,4.66,0,15.64,0,7.8,64.78,180.06,110.95,1.71,86.78,0.27,0.07,35.91,2.31,2.04,0.73,0.75,15.29,3.65,2022-VA-84,2022,202201,S-25,390.88853,0.0150755928070506,279563.7481020918,94,154,2,50.44,0,NA,0.3427,0.1164,0,60.99834,-173.48328,74,-0.8,4,EBS,9
8.96,0.24,0.31,1.04,0.89,2.39,0,0.97,1.03,0,41.93,0.26,0,42.27,1.07,2.92,2.73,4.61,0,2.64,2.37,0,1.18,3.5,9.93,1.51,27.75,33.52,0.39,2.29,0.57,0,3.16,0.92,0,0,1.7,0.95,4.71,1.64,0.82,0.73,18.01,6.14,22.5,0,0,0,0.42,0,9.09,0.54,0,74.26,0,5.91,3.88,2.96,1.74,4.25,2.74,0,0,0,0,9.85,0.34,22.04,1.22,14.61,75.27,169.99,150.97,2.01,116.99,0.3,0.12,59.4,4.1,1.01,0.81,0.83,8.98,3.37,2022-VA-85,2022,202201,P-30,19812.435074999998,0.01517651079206625,3624.021407394385,94,179,1,87.2,16.43,280,0.3599,0.1444,0,60.0072,-176.71824,141,2,5,EBS,8
7.4,0,0.19,0.74,0.65,1.06,0,0.8,0.91,0,16.3,0.15,0,13.27,0.5,1.55,1.69,2.31,0,1.05,1.27,0,0.74,0.56,5.19,0.92,13.56,13.47,0,1.34,0.31,0,1.46,0.43,0,0,0.78,0.4,1.02,0.61,0.58,0.98,18.94,4.64,10.99,0,0,0,0,0,3.5,0.27,0,19.66,0,13.94,2.33,1.41,0.96,2.27,0.65,0,0,0,0,3.58,0,6.45,1.02,8.46,38.1,96.66,48.22,1.27,33.75,0.33,0.14,52.25,1.86,0.81,0.81,1.01,13.01,3.05,2022-VA-86,2022,202201,O-29,11684.287624,0.0150490375448259,1063.1909151891948,94,178,2,59.74,0,NA,0.3818,0.1305,0,59.666,-175.82968,136,1.9,5,EBS,8
7.57,0.16,0.23,0.69,0.36,1.89,0,0.68,0.47,0,53.58,0.19,0,42.4,0.67,2.55,2.29,3.58,0,3.14,3.53,0,1.7,2.54,16.98,2.06,62.73,53.89,0.12,2.64,1.12,0,4.49,1.13,0,0,1.84,1.12,3.35,0.66,1.61,0,19.01,13.72,36.48,0.37,0,3.28,0.56,0.13,8.55,0.53,0,83.06,0,6.68,1.78,4.26,0.63,5.89,4.17,0,0,0,0,11.79,0.28,28.7,1.42,12.08,92.16,248.29,172.6,1.87,134.43,0.35,0.1,81.94,5.61,0.79,0.83,1.16,12.67,2.89,2022-VA-87,2022,202201,S-29,3296.119948,0.01525469082286875,19438.957068566433,94,184,1,92.03,15.13,306,0.298,0.1251,0,60.99116,-176.27538,111,1.2,5,EBS,8
7.34,0.12,0.38,0.75,0.4,1.83,0,0.79,0.37,0,37.33,0.27,0,31.94,0.58,1.9,1.77,2.48,0,1.99,2.79,0,1.18,1.84,8.36,1.38,30.88,22.34,0.32,1.33,0.36,0,2.56,0.55,0,0,0,0,2.1,0.97,0,1.72,12.36,3.71,15.34,0,0,0,0,0,5.39,0.27,0,45.35,0,3.97,0.99,3.35,2.02,5.94,2.06,0,0,0.7,0,5.87,0,15.01,0.86,9.81,64.99,129.98,99.15,1.53,73.57,0.33,0.11,39.71,2.56,0.86,1,1.38,15.18,3.02,2022-VA-88,2022,202201,S-29,3296.119948,0.01525469082286875,19438.957068566433,94,184,2,46.51,0,38,0.3106,0.1046,0,60.99116,-176.27538,111,1.2,5,EBS,8
9.37,0.18,0.34,0.7,0.41,2.09,0,0.49,0.36,0,28.97,0.27,0,31.98,0.63,1.69,1.04,3.05,0,2.28,3,0,1.65,2.01,8.01,2.21,18.99,22.82,0.3,1.27,0.37,0,2.32,0.82,0,0,0,0.46,2.1,0.99,0,2.75,16.49,3.12,19.82,0,0,1.09,0.22,0,5.25,0,0,47.16,0,4.46,2.19,2.69,2.59,7.15,2.2,0,0,0,0,4.86,0,10.24,0.82,9.07,55.24,128.39,100.28,1.82,71.42,0.22,0.14,48.77,2.78,1.1,0.99,0.83,15.2,4.61,2022-VA-89,2022,202201,R-28,4153.0434159999995,0.0152135482718835,63836.188813023335,94,187,2,55.58,0,60,0.3181,0.1031,0,60.68487,-175.45661,106,1.1,5,EBS,8
10.26,0,0.36,0.64,0.61,1.77,0,0.95,0.34,0,30.58,0,0,27.86,0.72,2.2,2.06,4.55,0,1.35,3.13,0,1.39,3.61,8.59,1.5,16.47,16.27,0.38,1.92,0.63,0,2.27,0.85,0,0,1.36,0,4.5,2.08,0,2.67,6.77,0,12.03,0,0,1.82,0.31,0,4.22,0,0,57.43,0,0,0,1.06,0.99,1.94,2.98,0,0,0,0,4.31,0,25.13,0,9.91,56.99,85.34,126.15,2.21,98.41,0.44,0.18,19.86,2.27,0.91,0.88,1.01,6.19,2.29,2022-VA-9,2022,202201,K-19,10939.217499,0.01376736639424575,726.3553328674125,94,110,2,47.25,0,34,0.3463,0.0923,0,58.33895,-169.11492,68,0.9,3,EBS,6
9.02,0.18,0.33,0.59,0.34,1.78,0,0.35,0.29,0,31.79,0.24,0,29.52,0.48,1.42,1.19,2.72,0,2.3,2.79,0,1.19,1.97,9.44,1.88,25,22.42,0.3,1.24,0.32,0,2.3,0.82,0,0,0,0.46,1.85,0.98,0.5,1.68,14.9,3.92,19.04,0,0,0,0.18,0,5,0,0,41.56,0,4.61,1.89,2.32,2.98,6.01,1.86,0,0,0,0,4.77,0,10.02,0.78,8.26,58.09,128.89,89.46,1.54,63.39,0.24,0.12,46.67,2.76,0.93,1.03,1.11,15.97,4.15,2022-VA-90,2022,202201,R-28,4153.0434159999995,0.0152135482718835,63836.188813023335,94,187,2,60.22,0,72,0.3306,0.1135,0,60.68487,-175.45661,106,1.1,5,EBS,8
7.93,0.15,0.2,0.33,0.17,1.41,0,0.35,0.25,0,30.72,0.17,0,39.31,0.48,1.19,0.65,2.55,0,1.97,1.05,0,1.1,2.71,7.51,2.5,16.04,25.51,0.3,0.82,0.29,0,2.15,1.02,0,0,0,0.48,2.38,1.11,0,3.04,11.06,1.53,19.58,0,0,0,0,0,4.56,0,0,59.25,0,2.31,1.9,1.45,0.27,6.71,2.26,0,0,0,0,4.96,0,11.7,0.58,6.31,52.25,123.72,107.6,2.06,85.18,0.2,0.09,37.83,2.63,1.28,0.71,0.63,16.53,5.06,2022-VA-91,2022,202201,R-27,951.852946,0.014703665195736,44420.134796690516,94,190,2,51.43,0,NA,0.305,0.0956,0,60.65575,-174.81936,97,0.7,4,EBS,9
7.56,0.08,0.17,0.61,0.42,2.04,0,0.82,0.62,0,38.45,0.16,0,43.1,0.79,2.72,2.08,3.62,0,2.44,2.99,0,0.99,2.22,10.23,1.54,29.33,35.02,0.41,2.2,0.72,0,3.12,0.95,0,0,1.23,0.74,2.96,1.17,0.58,0.59,11.03,9.4,27.86,0,0,2.49,0.48,0,8.84,0.36,0,69.75,0,3.89,3.2,2.57,1.27,4.44,2.76,0,0,0,0,11.08,0,24.97,1.21,11.75,65.69,171.87,147.71,2.25,114.19,0.36,0.11,57.94,3.86,1.12,0.86,0.84,14.58,2.79,2022-VA-92,2022,202201,R-27,951.852946,0.014703665195736,44420.134796690516,94,190,1,65.17,13.49,NA,0.3321,0.1225,1,60.65575,-174.81936,97,0.7,4,EBS,9
4.62,0,0.14,0.34,0.22,1.32,0,0.36,0.28,0,26.43,0.12,0,21.96,0.4,1.5,1.32,2.18,0,1.65,2.09,0,0.92,1.5,7.37,1.48,29.5,26.18,0.23,1.32,0.56,0,2.15,0.66,0,0,0.94,0.63,1.83,0.88,0.56,1.96,10.22,8.18,21.68,0,0,0,0,0,5.55,0.28,0,49.55,0,4.01,2.94,3.04,1.05,3.87,2.47,0,0,0.78,0,6.47,0,15.34,0.83,6.99,50.27,132.21,101.65,2.02,79.44,0.31,0.12,50.07,2.77,0.83,0.7,1.13,12.02,3.23,2022-VA-93,2022,202201,S-27,1248.990623,0.0151737267491271,5469.981196595276,94,191,1,102.73,16.94,NA,0.3671,0.0917,0,60.98942,-174.88082,91,0,4,EBS,9
8.92,0.29,0.2,1,0.76,2.38,0,1.31,1.18,0,41.84,0.32,0,63.6,1.03,3.08,2.98,4.68,0,2.18,3.6,0,1.02,2.43,9.81,2.74,31.17,42.63,0.53,2.3,0.8,0,3.17,0.98,0,0,1.62,0.9,3.29,0.97,0.58,1.11,12.83,5.44,28.53,0,0,2.27,0,0.12,8.49,0.25,0,75.61,0,2.5,2.89,3.04,1.31,4.23,2.69,0,0,0,0.09,8.61,0,20.33,0.9,14.88,73.51,200.64,148.43,2.02,113.88,0.27,0.1,55.23,4.07,1.52,0.91,0.73,19.35,3.72,2022-VA-94,2022,202201,S-27,1248.990623,0.0151737267491271,5469.981196595276,94,191,1,79.32,11.05,NA,0.3073,0.1022,0,60.98942,-174.88082,91,0,4,EBS,9
5.99,0.12,0.16,0.4,0.34,1.29,0,0.49,0.44,0,22.43,0.22,0,22.99,0.45,1.55,1.39,2.14,0,1.32,1.88,0,0.72,1.33,5.51,1.66,22.37,18.61,0.22,1.19,0.39,0,1.55,0.42,0,0,0,0.41,1.43,0.76,0,1.72,8.95,5.18,14.07,0,0,1.16,0,0,4.42,0.15,0,39.84,0,3.7,2.09,3.1,1.13,2.7,1.7,0,0,0.3,0,5.23,0,12.54,0.87,7.22,46.55,105.82,81.92,1.76,63.74,0.31,0.12,37.08,1.95,1.02,0.91,1.2,16.07,3.18,2022-VA-95,2022,202201,S-27,1248.990623,0.0151737267491271,5469.981196595276,94,191,1,94.73,14.33,NA,0.3194,0.0857,0,60.98942,-174.88082,91,0,4,EBS,9
11.27,0.26,0.25,0.82,0.47,1.65,0,0.77,0.85,0,31.74,0.21,0,61.62,0.77,1.83,1.79,2.94,0,1.32,2.15,0,0.6,1.66,6.49,1.41,23.35,34.17,0.42,1.62,0.45,0,2.2,0.72,0,0,0.83,0,2.37,1.3,0.47,0.87,9.95,3.51,18.87,0,0,0,0,0,4.32,0.11,0,50.07,0,3.82,1.66,1.72,0.24,2.91,1.58,0,0,0,0,5.49,0,15.05,0.69,9.51,59.24,164.04,95.87,1.62,76.13,0.3,0.07,39.54,2.2,1.94,0.84,0.68,26.04,3.33,2022-VA-96,2022,202201,T-27,214.652205,0.0161836593900333,44098.88040769817,94,192,2,50.05,0,44,0.314,0.1058,0,61.32121,-175.00831,87,-0.6,4,EBS,9
10.79,0.34,0.27,0.71,0.4,1.74,0,0.76,0.62,0,39.23,0.22,0,67.18,0.69,1.86,1.93,3.27,0,1.45,1.56,0,0.78,2.87,9.15,1.57,32.59,36.73,0.43,1.71,0.39,0,2.65,0.87,0,0,1.04,0,3.12,0.9,0.58,0.62,10.15,3.89,22.49,0,0,1.4,0,0,5.63,0.21,0,55.42,0,1.65,1.96,2.29,0.29,4.34,1.73,0,0,0.07,0,5.74,0,15.28,0.6,9.47,71.72,184.43,108.15,1.51,82.88,0.28,0.07,42.43,2.65,1.71,0.89,0.89,21.55,3.63,2022-VA-97,2022,202201,T-27,214.652205,0.0161836593900333,44098.88040769817,94,192,2,50.8,0,46,0.366,0.1382,0,61.32121,-175.00831,87,-0.6,4,EBS,9
12.94,0.34,0.31,0.79,0.49,2.02,0,0.85,0.82,0,43.39,0.23,0,78.42,0.77,1.92,2.18,3.87,0,1.2,1.49,0,0.67,3.19,9.55,1.91,33.32,34.76,0.38,1.28,0.35,0,2.93,0.98,0,0,1.25,0,4.63,1.03,0.54,0.63,10.94,4.3,23.72,0,0,1.61,0.58,0.09,5.22,0.12,0,65.2,0,2.56,1.98,2.21,0.78,2.78,2.2,0,0,0.13,0.07,6.17,0,15.4,0.68,10.27,71.95,197.78,121.25,1.69,95.08,0.24,0.07,45.71,2.93,1.81,0.78,0.96,16.95,4.23,2022-VA-98,2022,202201,T-27,214.652205,0.0161836593900333,44098.88040769817,94,192,2,56.04,0,60,0.308,0.1214,0,61.32121,-175.00831,87,-0.6,4,EBS,9
7.77,0.32,0.22,0.65,0.36,1.74,0,0.67,0.31,0,29.29,0.26,0,52.14,0.6,1.97,1.88,2.85,0,1.28,2.15,0,0.8,1.45,7.06,1.85,24.06,33.73,0.41,1.61,0.45,0,2.12,0.7,0,0,0,0.57,1.8,1.23,0.49,0.39,9.62,2.17,22.28,0,0,0,0.34,0,4.91,0,0,44.46,0,1.34,1.93,3.46,0.94,3.49,1.39,0,0,0,0,5.97,0,15.12,0.54,8.85,55.44,156.21,91.13,1.64,70.51,0.34,0.08,40.79,2.69,1.78,1,0.71,28.92,2.94,2022-VA-99,2022,202201,T-27,214.652205,0.0161836593900333,44098.88040769817,94,192,2,52.34,0,50,0.3118,0.0992,0,61.32121,-175.00831,87,-0.6,4,EBS,9
NA,NA,NA,NA,NA,NA,NA,NA,NA,NA,NA,NA,NA,NA,NA,NA,NA,NA,NA,NA,NA,NA,NA,NA,NA,NA,NA,NA,NA,NA,NA,NA,NA,NA,NA,NA,NA,NA,NA,NA,NA,NA,NA,NA,NA,NA,NA,NA,NA,NA,NA,NA,NA,NA,NA,NA,NA,NA,NA,NA,NA,NA,NA,NA,NA,NA,NA,NA,NA,NA,NA,NA,NA,NA,NA,NA,NA,NA,NA,NA,NA,NA,NA,NA,23-393,2023,202301,E-02,893.606344,0.01529959062187545,130.72245195504692,134,86,1,82.08,18.16,246,0.3167,0.1309,1,56.34574,-167.05705,111,4.5,1,EBS,4
NA,NA,NA,NA,NA,NA,NA,NA,NA,NA,NA,NA,NA,NA,NA,NA,NA,NA,NA,NA,NA,NA,NA,NA,NA,NA,NA,NA,NA,NA,NA,NA,NA,NA,NA,NA,NA,NA,NA,NA,NA,NA,NA,NA,NA,NA,NA,NA,NA,NA,NA,NA,NA,NA,NA,NA,NA,NA,NA,NA,NA,NA,NA,NA,NA,NA,NA,NA,NA,NA,NA,NA,NA,NA,NA,NA,NA,NA,NA,NA,NA,NA,NA,NA,23-369,2023,202301,GF1918,3350.252262,0.0146560230459192,1364.6266751449173,134,100,1,72.77,16.68,174,0.3084,0.0932,1,56.81727,-168.60692,98,3.9,2,EBS,5
NA,NA,NA,NA,NA,NA,NA,NA,NA,NA,NA,NA,NA,NA,NA,NA,NA,NA,NA,NA,NA,NA,NA,NA,NA,NA,NA,NA,NA,NA,NA,NA,NA,NA,NA,NA,NA,NA,NA,NA,NA,NA,NA,NA,NA,NA,NA,NA,NA,NA,NA,NA,NA,NA,NA,NA,NA,NA,NA,NA,NA,NA,NA,NA,NA,NA,NA,NA,NA,NA,NA,NA,NA,NA,NA,NA,NA,NA,NA,NA,NA,NA,NA,NA,23-384,2023,202301,GF1918,3350.252262,0.0146560230459192,1364.6266751449173,134,100,1,90.85,20.21,342,0.3098,0.0985,1,56.81727,-168.60692,98,3.9,2,EBS,5
NA,NA,NA,NA,NA,NA,NA,NA,NA,NA,NA,NA,NA,NA,NA,NA,NA,NA,NA,NA,NA,NA,NA,NA,NA,NA,NA,NA,NA,NA,NA,NA,NA,NA,NA,NA,NA,NA,NA,NA,NA,NA,NA,NA,NA,NA,NA,NA,NA,NA,NA,NA,NA,NA,NA,NA,NA,NA,NA,NA,NA,NA,NA,NA,NA,NA,NA,NA,NA,NA,NA,NA,NA,NA,NA,NA,NA,NA,NA,NA,NA,NA,NA,NA,23-391,2023,202301,GF1918,3350.252262,0.0146560230459192,1364.6266751449173,134,100,1,71.41,15.38,154,0.3205,0.0945,1,56.81727,-168.60692,98,3.9,2,EBS,5
NA,NA,NA,NA,NA,NA,NA,NA,NA,NA,NA,NA,NA,NA,NA,NA,NA,NA,NA,NA,NA,NA,NA,NA,NA,NA,NA,NA,NA,NA,NA,NA,NA,NA,NA,NA,NA,NA,NA,NA,NA,NA,NA,NA,NA,NA,NA,NA,NA,NA,NA,NA,NA,NA,NA,NA,NA,NA,NA,NA,NA,NA,NA,NA,NA,NA,NA,NA,NA,NA,NA,NA,NA,NA,NA,NA,NA,NA,NA,NA,NA,NA,NA,NA,23-396,2023,202301,GF1918,3350.252262,0.0146560230459192,1364.6266751449173,134,100,1,78.78,17.56,184,0.3417,0.1215,1,56.81727,-168.60692,98,3.9,2,EBS,5
NA,NA,NA,NA,NA,NA,NA,NA,NA,NA,NA,NA,NA,NA,NA,NA,NA,NA,NA,NA,NA,NA,NA,NA,NA,NA,NA,NA,NA,NA,NA,NA,NA,NA,NA,NA,NA,NA,NA,NA,NA,NA,NA,NA,NA,NA,NA,NA,NA,NA,NA,NA,NA,NA,NA,NA,NA,NA,NA,NA,NA,NA,NA,NA,NA,NA,NA,NA,NA,NA,NA,NA,NA,NA,NA,NA,NA,NA,NA,NA,NA,NA,NA,NA,23-1,2023,202301,H-18,10234.640754,0.01409472774358605,1489.9188109224929,162,110,2,65.68,0,NA,0.3503,0.1214,0,57.33481,-168.36853,73,3.1,2,EBS,5
NA,NA,NA,NA,NA,NA,NA,NA,NA,NA,NA,NA,NA,NA,NA,NA,NA,NA,NA,NA,NA,NA,NA,NA,NA,NA,NA,NA,NA,NA,NA,NA,NA,NA,NA,NA,NA,NA,NA,NA,NA,NA,NA,NA,NA,NA,NA,NA,NA,NA,NA,NA,NA,NA,NA,NA,NA,NA,NA,NA,NA,NA,NA,NA,NA,NA,NA,NA,NA,NA,NA,NA,NA,NA,NA,NA,NA,NA,NA,NA,NA,NA,NA,NA,23-2,2023,202301,H-18,10234.640754,0.01409472774358605,1489.9188109224929,162,110,2,60.4,0,NA,0.3024,0.0942,0,57.33481,-168.36853,73,3.1,2,EBS,5
NA,NA,NA,NA,NA,NA,NA,NA,NA,NA,NA,NA,NA,NA,NA,NA,NA,NA,NA,NA,NA,NA,NA,NA,NA,NA,NA,NA,NA,NA,NA,NA,NA,NA,NA,NA,NA,NA,NA,NA,NA,NA,NA,NA,NA,NA,NA,NA,NA,NA,NA,NA,NA,NA,NA,NA,NA,NA,NA,NA,NA,NA,NA,NA,NA,NA,NA,NA,NA,NA,NA,NA,NA,NA,NA,NA,NA,NA,NA,NA,NA,NA,NA,NA,23-3,2023,202301,H-18,10234.640754,0.01409472774358605,1489.9188109224929,162,110,2,68.85,0,95,0.3122,0.1129,0,57.33481,-168.36853,73,3.1,2,EBS,5
NA,NA,NA,NA,NA,NA,NA,NA,NA,NA,NA,NA,NA,NA,NA,NA,NA,NA,NA,NA,NA,NA,NA,NA,NA,NA,NA,NA,NA,NA,NA,NA,NA,NA,NA,NA,NA,NA,NA,NA,NA,NA,NA,NA,NA,NA,NA,NA,NA,NA,NA,NA,NA,NA,NA,NA,NA,NA,NA,NA,NA,NA,NA,NA,NA,NA,NA,NA,NA,NA,NA,NA,NA,NA,NA,NA,NA,NA,NA,NA,NA,NA,NA,NA,23-4,2023,202301,H-18,10234.640754,0.01409472774358605,1489.9188109224929,162,110,2,64.26,0,85,0.3096,0.1038,0,57.33481,-168.36853,73,3.1,2,EBS,5
NA,NA,NA,NA,NA,NA,NA,NA,NA,NA,NA,NA,NA,NA,NA,NA,NA,NA,NA,NA,NA,NA,NA,NA,NA,NA,NA,NA,NA,NA,NA,NA,NA,NA,NA,NA,NA,NA,NA,NA,NA,NA,NA,NA,NA,NA,NA,NA,NA,NA,NA,NA,NA,NA,NA,NA,NA,NA,NA,NA,NA,NA,NA,NA,NA,NA,NA,NA,NA,NA,NA,NA,NA,NA,NA,NA,NA,NA,NA,NA,NA,NA,NA,NA,23-5,2023,202301,H-18,10234.640754,0.01409472774358605,1489.9188109224929,162,110,2,71.15,0,115,0.3158,0.1111,0,57.33481,-168.36853,73,3.1,2,EBS,5
NA,NA,NA,NA,NA,NA,NA,NA,NA,NA,NA,NA,NA,NA,NA,NA,NA,NA,NA,NA,NA,NA,NA,NA,NA,NA,NA,NA,NA,NA,NA,NA,NA,NA,NA,NA,NA,NA,NA,NA,NA,NA,NA,NA,NA,NA,NA,NA,NA,NA,NA,NA,NA,NA,NA,NA,NA,NA,NA,NA,NA,NA,NA,NA,NA,NA,NA,NA,NA,NA,NA,NA,NA,NA,NA,NA,NA,NA,NA,NA,NA,NA,NA,NA,23-41,2023,202301,H-20,5371.173317,0.01459429566221055,161789.9975888494,162,138,2,64.45,0,90,0.3233,0.1068,0,57.3367,-169.59332,64,1.7,2,EBS,5
NA,NA,NA,NA,NA,NA,NA,NA,NA,NA,NA,NA,NA,NA,NA,NA,NA,NA,NA,NA,NA,NA,NA,NA,NA,NA,NA,NA,NA,NA,NA,NA,NA,NA,NA,NA,NA,NA,NA,NA,NA,NA,NA,NA,NA,NA,NA,NA,NA,NA,NA,NA,NA,NA,NA,NA,NA,NA,NA,NA,NA,NA,NA,NA,NA,NA,NA,NA,NA,NA,NA,NA,NA,NA,NA,NA,NA,NA,NA,NA,NA,NA,NA,NA,23-42,2023,202301,H-20,5371.173317,0.01459429566221055,161789.9975888494,162,138,2,55.35,0,58,0.315,0.1225,0,57.3367,-169.59332,64,1.7,2,EBS,5
NA,NA,NA,NA,NA,NA,NA,NA,NA,NA,NA,NA,NA,NA,NA,NA,NA,NA,NA,NA,NA,NA,NA,NA,NA,NA,NA,NA,NA,NA,NA,NA,NA,NA,NA,NA,NA,NA,NA,NA,NA,NA,NA,NA,NA,NA,NA,NA,NA,NA,NA,NA,NA,NA,NA,NA,NA,NA,NA,NA,NA,NA,NA,NA,NA,NA,NA,NA,NA,NA,NA,NA,NA,NA,NA,NA,NA,NA,NA,NA,NA,NA,NA,NA,23-43,2023,202301,H-20,5371.173317,0.01459429566221055,161789.9975888494,162,138,2,52.13,0,50,0.2501,0.0944,0,57.3367,-169.59332,64,1.7,2,EBS,5
NA,NA,NA,NA,NA,NA,NA,NA,NA,NA,NA,NA,NA,NA,NA,NA,NA,NA,NA,NA,NA,NA,NA,NA,NA,NA,NA,NA,NA,NA,NA,NA,NA,NA,NA,NA,NA,NA,NA,NA,NA,NA,NA,NA,NA,NA,NA,NA,NA,NA,NA,NA,NA,NA,NA,NA,NA,NA,NA,NA,NA,NA,NA,NA,NA,NA,NA,NA,NA,NA,NA,NA,NA,NA,NA,NA,NA,NA,NA,NA,NA,NA,NA,NA,23-44,2023,202301,H-20,5371.173317,0.01459429566221055,161789.9975888494,162,138,2,51.84,0,48,0.3298,0.1353,0,57.3367,-169.59332,64,1.7,2,EBS,5
NA,NA,NA,NA,NA,NA,NA,NA,NA,NA,NA,NA,NA,NA,NA,NA,NA,NA,NA,NA,NA,NA,NA,NA,NA,NA,NA,NA,NA,NA,NA,NA,NA,NA,NA,NA,NA,NA,NA,NA,NA,NA,NA,NA,NA,NA,NA,NA,NA,NA,NA,NA,NA,NA,NA,NA,NA,NA,NA,NA,NA,NA,NA,NA,NA,NA,NA,NA,NA,NA,NA,NA,NA,NA,NA,NA,NA,NA,NA,NA,NA,NA,NA,NA,23-45,2023,202301,H-20,5371.173317,0.01459429566221055,161789.9975888494,162,138,2,51.43,0,46,0.287,0.1177,0,57.3367,-169.59332,64,1.7,2,EBS,5
NA,NA,NA,NA,NA,NA,NA,NA,NA,NA,NA,NA,NA,NA,NA,NA,NA,NA,NA,NA,NA,NA,NA,NA,NA,NA,NA,NA,NA,NA,NA,NA,NA,NA,NA,NA,NA,NA,NA,NA,NA,NA,NA,NA,NA,NA,NA,NA,NA,NA,NA,NA,NA,NA,NA,NA,NA,NA,NA,NA,NA,NA,NA,NA,NA,NA,NA,NA,NA,NA,NA,NA,NA,NA,NA,NA,NA,NA,NA,NA,NA,NA,NA,NA,23-12,2023,202301,I-18,11672.752789,0.01402415550589845,1497.4163678638306,162,111,2,49.26,0,40,0.3025,0.0994,0,57.67082,-168.39597,71,2.7,2,EBS,5
NA,NA,NA,NA,NA,NA,NA,NA,NA,NA,NA,NA,NA,NA,NA,NA,NA,NA,NA,NA,NA,NA,NA,NA,NA,NA,NA,NA,NA,NA,NA,NA,NA,NA,NA,NA,NA,NA,NA,NA,NA,NA,NA,NA,NA,NA,NA,NA,NA,NA,NA,NA,NA,NA,NA,NA,NA,NA,NA,NA,NA,NA,NA,NA,NA,NA,NA,NA,NA,NA,NA,NA,NA,NA,NA,NA,NA,NA,NA,NA,NA,NA,NA,NA,23-13,2023,202301,I-18,11672.752789,0.01402415550589845,1497.4163678638306,162,111,2,56.7,0,60,0.3034,0.0996,0,57.67082,-168.39597,71,2.7,2,EBS,5
NA,NA,NA,NA,NA,NA,NA,NA,NA,NA,NA,NA,NA,NA,NA,NA,NA,NA,NA,NA,NA,NA,NA,NA,NA,NA,NA,NA,NA,NA,NA,NA,NA,NA,NA,NA,NA,NA,NA,NA,NA,NA,NA,NA,NA,NA,NA,NA,NA,NA,NA,NA,NA,NA,NA,NA,NA,NA,NA,NA,NA,NA,NA,NA,NA,NA,NA,NA,NA,NA,NA,NA,NA,NA,NA,NA,NA,NA,NA,NA,NA,NA,NA,NA,23-14,2023,202301,I-18,11672.752789,0.01402415550589845,1497.4163678638306,162,111,2,56.16,0,60,0.3084,0.1087,0,57.67082,-168.39597,71,2.7,2,EBS,5
NA,NA,NA,NA,NA,NA,NA,NA,NA,NA,NA,NA,NA,NA,NA,NA,NA,NA,NA,NA,NA,NA,NA,NA,NA,NA,NA,NA,NA,NA,NA,NA,NA,NA,NA,NA,NA,NA,NA,NA,NA,NA,NA,NA,NA,NA,NA,NA,NA,NA,NA,NA,NA,NA,NA,NA,NA,NA,NA,NA,NA,NA,NA,NA,NA,NA,NA,NA,NA,NA,NA,NA,NA,NA,NA,NA,NA,NA,NA,NA,NA,NA,NA,NA,23-15,2023,202301,I-18,11672.752789,0.01402415550589845,1497.4163678638306,162,111,2,56.08,0,60,0.316,0.0995,0,57.67082,-168.39597,71,2.7,2,EBS,5
NA,NA,NA,NA,NA,NA,NA,NA,NA,NA,NA,NA,NA,NA,NA,NA,NA,NA,NA,NA,NA,NA,NA,NA,NA,NA,NA,NA,NA,NA,NA,NA,NA,NA,NA,NA,NA,NA,NA,NA,NA,NA,NA,NA,NA,NA,NA,NA,NA,NA,NA,NA,NA,NA,NA,NA,NA,NA,NA,NA,NA,NA,NA,NA,NA,NA,NA,NA,NA,NA,NA,NA,NA,NA,NA,NA,NA,NA,NA,NA,NA,NA,NA,NA,23-16,2023,202301,I-18,11672.752789,0.01402415550589845,1497.4163678638306,162,111,2,63.35,0,70,0.2665,0.0518,0,57.67082,-168.39597,71,2.7,2,EBS,5
NA,NA,NA,NA,NA,NA,NA,NA,NA,NA,NA,NA,NA,NA,NA,NA,NA,NA,NA,NA,NA,NA,NA,NA,NA,NA,NA,NA,NA,NA,NA,NA,NA,NA,NA,NA,NA,NA,NA,NA,NA,NA,NA,NA,NA,NA,NA,NA,NA,NA,NA,NA,NA,NA,NA,NA,NA,NA,NA,NA,NA,NA,NA,NA,NA,NA,NA,NA,NA,NA,NA,NA,NA,NA,NA,NA,NA,NA,NA,NA,NA,NA,NA,NA,23-28,2023,202301,I-20,29703.141648,0.01425212340269025,4560.723912040399,162,136,2,67.99,0,110,0.3041,0.0994,0,57.65951,-169.65312,71,1.8,2,EBS,5
NA,NA,NA,NA,NA,NA,NA,NA,NA,NA,NA,NA,NA,NA,NA,NA,NA,NA,NA,NA,NA,NA,NA,NA,NA,NA,NA,NA,NA,NA,NA,NA,NA,NA,NA,NA,NA,NA,NA,NA,NA,NA,NA,NA,NA,NA,NA,NA,NA,NA,NA,NA,NA,NA,NA,NA,NA,NA,NA,NA,NA,NA,NA,NA,NA,NA,NA,NA,NA,NA,NA,NA,NA,NA,NA,NA,NA,NA,NA,NA,NA,NA,NA,NA,23-29,2023,202301,I-20,29703.141648,0.01425212340269025,4560.723912040399,162,136,2,46.43,0,35,0.3032,0.1113,0,57.65951,-169.65312,71,1.8,2,EBS,5
NA,NA,NA,NA,NA,NA,NA,NA,NA,NA,NA,NA,NA,NA,NA,NA,NA,NA,NA,NA,NA,NA,NA,NA,NA,NA,NA,NA,NA,NA,NA,NA,NA,NA,NA,NA,NA,NA,NA,NA,NA,NA,NA,NA,NA,NA,NA,NA,NA,NA,NA,NA,NA,NA,NA,NA,NA,NA,NA,NA,NA,NA,NA,NA,NA,NA,NA,NA,NA,NA,NA,NA,NA,NA,NA,NA,NA,NA,NA,NA,NA,NA,NA,NA,23-30,2023,202301,I-20,29703.141648,0.01425212340269025,4560.723912040399,162,136,2,52.92,0,55,0.3094,0.1026,0,57.65951,-169.65312,71,1.8,2,EBS,5
NA,NA,NA,NA,NA,NA,NA,NA,NA,NA,NA,NA,NA,NA,NA,NA,NA,NA,NA,NA,NA,NA,NA,NA,NA,NA,NA,NA,NA,NA,NA,NA,NA,NA,NA,NA,NA,NA,NA,NA,NA,NA,NA,NA,NA,NA,NA,NA,NA,NA,NA,NA,NA,NA,NA,NA,NA,NA,NA,NA,NA,NA,NA,NA,NA,NA,NA,NA,NA,NA,NA,NA,NA,NA,NA,NA,NA,NA,NA,NA,NA,NA,NA,NA,23-31,2023,202301,I-20,29703.141648,0.01425212340269025,4560.723912040399,162,136,2,49.16,0,40,0.3114,0.1016,0,57.65951,-169.65312,71,1.8,2,EBS,5
NA,NA,NA,NA,NA,NA,NA,NA,NA,NA,NA,NA,NA,NA,NA,NA,NA,NA,NA,NA,NA,NA,NA,NA,NA,NA,NA,NA,NA,NA,NA,NA,NA,NA,NA,NA,NA,NA,NA,NA,NA,NA,NA,NA,NA,NA,NA,NA,NA,NA,NA,NA,NA,NA,NA,NA,NA,NA,NA,NA,NA,NA,NA,NA,NA,NA,NA,NA,NA,NA,NA,NA,NA,NA,NA,NA,NA,NA,NA,NA,NA,NA,NA,NA,23-32,2023,202301,I-20,29703.141648,0.01425212340269025,4560.723912040399,162,136,2,49.46,0,45,0.2149,0.0785,0,57.65951,-169.65312,71,1.8,2,EBS,5
NA,NA,NA,NA,NA,NA,NA,NA,NA,NA,NA,NA,NA,NA,NA,NA,NA,NA,NA,NA,NA,NA,NA,NA,NA,NA,NA,NA,NA,NA,NA,NA,NA,NA,NA,NA,NA,NA,NA,NA,NA,NA,NA,NA,NA,NA,NA,NA,NA,NA,NA,NA,NA,NA,NA,NA,NA,NA,NA,NA,NA,NA,NA,NA,NA,NA,NA,NA,NA,NA,NA,NA,NA,NA,NA,NA,NA,NA,NA,NA,NA,NA,NA,NA,23-38,2023,202301,I-20,29703.141648,0.01425212340269025,4560.723912040399,162,136,2,47.89,0,38,0.3214,0.1082,0,57.65951,-169.65312,71,1.8,2,EBS,5
NA,NA,NA,NA,NA,NA,NA,NA,NA,NA,NA,NA,NA,NA,NA,NA,NA,NA,NA,NA,NA,NA,NA,NA,NA,NA,NA,NA,NA,NA,NA,NA,NA,NA,NA,NA,NA,NA,NA,NA,NA,NA,NA,NA,NA,NA,NA,NA,NA,NA,NA,NA,NA,NA,NA,NA,NA,NA,NA,NA,NA,NA,NA,NA,NA,NA,NA,NA,NA,NA,NA,NA,NA,NA,NA,NA,NA,NA,NA,NA,NA,NA,NA,NA,23-39,2023,202301,I-20,29703.141648,0.01425212340269025,4560.723912040399,162,136,2,45.06,0,NA,0.2326,0.0779,0,57.65951,-169.65312,71,1.8,2,EBS,5
NA,NA,NA,NA,NA,NA,NA,NA,NA,NA,NA,NA,NA,NA,NA,NA,NA,NA,NA,NA,NA,NA,NA,NA,NA,NA,NA,NA,NA,NA,NA,NA,NA,NA,NA,NA,NA,NA,NA,NA,NA,NA,NA,NA,NA,NA,NA,NA,NA,NA,NA,NA,NA,NA,NA,NA,NA,NA,NA,NA,NA,NA,NA,NA,NA,NA,NA,NA,NA,NA,NA,NA,NA,NA,NA,NA,NA,NA,NA,NA,NA,NA,NA,NA,23-40,2023,202301,I-20,29703.141648,0.01425212340269025,4560.723912040399,162,136,2,45.6,0,32,0.103,0.0319,0,57.65951,-169.65312,71,1.8,2,EBS,5
NA,NA,NA,NA,NA,NA,NA,NA,NA,NA,NA,NA,NA,NA,NA,NA,NA,NA,NA,NA,NA,NA,NA,NA,NA,NA,NA,NA,NA,NA,NA,NA,NA,NA,NA,NA,NA,NA,NA,NA,NA,NA,NA,NA,NA,NA,NA,NA,NA,NA,NA,NA,NA,NA,NA,NA,NA,NA,NA,NA,NA,NA,NA,NA,NA,NA,NA,NA,NA,NA,NA,NA,NA,NA,NA,NA,NA,NA,NA,NA,NA,NA,NA,NA,23-33,2023,202301,IH2019,7745.780041,0.0142929563240178,64207.89367822161,162,137,2,66.45,0,92,0.3051,0.1116,0,57.49803,-169.37649,70,2.3,2,EBS,5
NA,NA,NA,NA,NA,NA,NA,NA,NA,NA,NA,NA,NA,NA,NA,NA,NA,NA,NA,NA,NA,NA,NA,NA,NA,NA,NA,NA,NA,NA,NA,NA,NA,NA,NA,NA,NA,NA,NA,NA,NA,NA,NA,NA,NA,NA,NA,NA,NA,NA,NA,NA,NA,NA,NA,NA,NA,NA,NA,NA,NA,NA,NA,NA,NA,NA,NA,NA,NA,NA,NA,NA,NA,NA,NA,NA,NA,NA,NA,NA,NA,NA,NA,NA,23-34,2023,202301,IH2019,7745.780041,0.0142929563240178,64207.89367822161,162,137,2,68.9,0,106,0.3525,0.1269,0,57.49803,-169.37649,70,2.3,2,EBS,5
NA,NA,NA,NA,NA,NA,NA,NA,NA,NA,NA,NA,NA,NA,NA,NA,NA,NA,NA,NA,NA,NA,NA,NA,NA,NA,NA,NA,NA,NA,NA,NA,NA,NA,NA,NA,NA,NA,NA,NA,NA,NA,NA,NA,NA,NA,NA,NA,NA,NA,NA,NA,NA,NA,NA,NA,NA,NA,NA,NA,NA,NA,NA,NA,NA,NA,NA,NA,NA,NA,NA,NA,NA,NA,NA,NA,NA,NA,NA,NA,NA,NA,NA,NA,23-35,2023,202301,IH2019,7745.780041,0.0142929563240178,64207.89367822161,162,137,2,68.48,0,NA,0.311,0.1019,0,57.49803,-169.37649,70,2.3,2,EBS,5
NA,NA,NA,NA,NA,NA,NA,NA,NA,NA,NA,NA,NA,NA,NA,NA,NA,NA,NA,NA,NA,NA,NA,NA,NA,NA,NA,NA,NA,NA,NA,NA,NA,NA,NA,NA,NA,NA,NA,NA,NA,NA,NA,NA,NA,NA,NA,NA,NA,NA,NA,NA,NA,NA,NA,NA,NA,NA,NA,NA,NA,NA,NA,NA,NA,NA,NA,NA,NA,NA,NA,NA,NA,NA,NA,NA,NA,NA,NA,NA,NA,NA,NA,NA,23-36,2023,202301,IH2019,7745.780041,0.0142929563240178,64207.89367822161,162,137,2,70.46,0,NA,0.333,0.1111,0,57.49803,-169.37649,70,2.3,2,EBS,5
NA,NA,NA,NA,NA,NA,NA,NA,NA,NA,NA,NA,NA,NA,NA,NA,NA,NA,NA,NA,NA,NA,NA,NA,NA,NA,NA,NA,NA,NA,NA,NA,NA,NA,NA,NA,NA,NA,NA,NA,NA,NA,NA,NA,NA,NA,NA,NA,NA,NA,NA,NA,NA,NA,NA,NA,NA,NA,NA,NA,NA,NA,NA,NA,NA,NA,NA,NA,NA,NA,NA,NA,NA,NA,NA,NA,NA,NA,NA,NA,NA,NA,NA,NA,23-37,2023,202301,IH2019,7745.780041,0.0142929563240178,64207.89367822161,162,137,2,70.29,0,NA,0.3125,0.1126,0,57.49803,-169.37649,70,2.3,2,EBS,5
NA,NA,NA,NA,NA,NA,NA,NA,NA,NA,NA,NA,NA,NA,NA,NA,NA,NA,NA,NA,NA,NA,NA,NA,NA,NA,NA,NA,NA,NA,NA,NA,NA,NA,NA,NA,NA,NA,NA,NA,NA,NA,NA,NA,NA,NA,NA,NA,NA,NA,NA,NA,NA,NA,NA,NA,NA,NA,NA,NA,NA,NA,NA,NA,NA,NA,NA,NA,NA,NA,NA,NA,NA,NA,NA,NA,NA,NA,NA,NA,NA,NA,NA,NA,23-321,2023,202301,IH2120,8314.215708,0.0143436038057664,54252.79173474916,134,129,2,52.96,0,50,0.3113,0.1109,0,57.50772,-169.96235,68,2.3,2,EBS,5
NA,NA,NA,NA,NA,NA,NA,NA,NA,NA,NA,NA,NA,NA,NA,NA,NA,NA,NA,NA,NA,NA,NA,NA,NA,NA,NA,NA,NA,NA,NA,NA,NA,NA,NA,NA,NA,NA,NA,NA,NA,NA,NA,NA,NA,NA,NA,NA,NA,NA,NA,NA,NA,NA,NA,NA,NA,NA,NA,NA,NA,NA,NA,NA,NA,NA,NA,NA,NA,NA,NA,NA,NA,NA,NA,NA,NA,NA,NA,NA,NA,NA,NA,NA,23-324,2023,202301,IH2120,8314.215708,0.0143436038057664,54252.79173474916,134,129,2,50.91,0,40,0.3007,0.1219,0,57.50772,-169.96235,68,2.3,2,EBS,5
NA,NA,NA,NA,NA,NA,NA,NA,NA,NA,NA,NA,NA,NA,NA,NA,NA,NA,NA,NA,NA,NA,NA,NA,NA,NA,NA,NA,NA,NA,NA,NA,NA,NA,NA,NA,NA,NA,NA,NA,NA,NA,NA,NA,NA,NA,NA,NA,NA,NA,NA,NA,NA,NA,NA,NA,NA,NA,NA,NA,NA,NA,NA,NA,NA,NA,NA,NA,NA,NA,NA,NA,NA,NA,NA,NA,NA,NA,NA,NA,NA,NA,NA,NA,23-332,2023,202301,IH2120,8314.215708,0.0143436038057664,54252.79173474916,134,129,2,45.75,0,34,0.3207,0.1128,0,57.50772,-169.96235,68,2.3,2,EBS,5
NA,NA,NA,NA,NA,NA,NA,NA,NA,NA,NA,NA,NA,NA,NA,NA,NA,NA,NA,NA,NA,NA,NA,NA,NA,NA,NA,NA,NA,NA,NA,NA,NA,NA,NA,NA,NA,NA,NA,NA,NA,NA,NA,NA,NA,NA,NA,NA,NA,NA,NA,NA,NA,NA,NA,NA,NA,NA,NA,NA,NA,NA,NA,NA,NA,NA,NA,NA,NA,NA,NA,NA,NA,NA,NA,NA,NA,NA,NA,NA,NA,NA,NA,NA,23-341,2023,202301,IH2120,8314.215708,0.0143436038057664,54252.79173474916,134,129,2,49.55,0,42,0.306,0.1211,0,57.50772,-169.96235,68,2.3,2,EBS,5
NA,NA,NA,NA,NA,NA,NA,NA,NA,NA,NA,NA,NA,NA,NA,NA,NA,NA,NA,NA,NA,NA,NA,NA,NA,NA,NA,NA,NA,NA,NA,NA,NA,NA,NA,NA,NA,NA,NA,NA,NA,NA,NA,NA,NA,NA,NA,NA,NA,NA,NA,NA,NA,NA,NA,NA,NA,NA,NA,NA,NA,NA,NA,NA,NA,NA,NA,NA,NA,NA,NA,NA,NA,NA,NA,NA,NA,NA,NA,NA,NA,NA,NA,NA,23-342,2023,202301,IH2120,8314.215708,0.0143436038057664,54252.79173474916,134,129,2,48.88,0,34,0.308,0.1157,0,57.50772,-169.96235,68,2.3,2,EBS,5
NA,NA,NA,NA,NA,NA,NA,NA,NA,NA,NA,NA,NA,NA,NA,NA,NA,NA,NA,NA,NA,NA,NA,NA,NA,NA,NA,NA,NA,NA,NA,NA,NA,NA,NA,NA,NA,NA,NA,NA,NA,NA,NA,NA,NA,NA,NA,NA,NA,NA,NA,NA,NA,NA,NA,NA,NA,NA,NA,NA,NA,NA,NA,NA,NA,NA,NA,NA,NA,NA,NA,NA,NA,NA,NA,NA,NA,NA,NA,NA,NA,NA,NA,NA,23-346,2023,202301,IH2120,8314.215708,0.0143436038057664,54252.79173474916,134,129,2,53.64,0,46,0.2969,0.117,0,57.50772,-169.96235,68,2.3,2,EBS,5
NA,NA,NA,NA,NA,NA,NA,NA,NA,NA,NA,NA,NA,NA,NA,NA,NA,NA,NA,NA,NA,NA,NA,NA,NA,NA,NA,NA,NA,NA,NA,NA,NA,NA,NA,NA,NA,NA,NA,NA,NA,NA,NA,NA,NA,NA,NA,NA,NA,NA,NA,NA,NA,NA,NA,NA,NA,NA,NA,NA,NA,NA,NA,NA,NA,NA,NA,NA,NA,NA,NA,NA,NA,NA,NA,NA,NA,NA,NA,NA,NA,NA,NA,NA,23-366,2023,202301,IH2120,8314.215708,0.0143436038057664,54252.79173474916,134,129,1,52.3,7.37,68,0.3147,0.0979,0,57.50772,-169.96235,68,2.3,2,EBS,5
NA,NA,NA,NA,NA,NA,NA,NA,NA,NA,NA,NA,NA,NA,NA,NA,NA,NA,NA,NA,NA,NA,NA,NA,NA,NA,NA,NA,NA,NA,NA,NA,NA,NA,NA,NA,NA,NA,NA,NA,NA,NA,NA,NA,NA,NA,NA,NA,NA,NA,NA,NA,NA,NA,NA,NA,NA,NA,NA,NA,NA,NA,NA,NA,NA,NA,NA,NA,NA,NA,NA,NA,NA,NA,NA,NA,NA,NA,NA,NA,NA,NA,NA,NA,23-375,2023,202301,IH2120,8314.215708,0.0143436038057664,54252.79173474916,134,129,2,47.15,0,35,0.3087,0.1111,0,57.50772,-169.96235,68,2.3,2,EBS,5
NA,NA,NA,NA,NA,NA,NA,NA,NA,NA,NA,NA,NA,NA,NA,NA,NA,NA,NA,NA,NA,NA,NA,NA,NA,NA,NA,NA,NA,NA,NA,NA,NA,NA,NA,NA,NA,NA,NA,NA,NA,NA,NA,NA,NA,NA,NA,NA,NA,NA,NA,NA,NA,NA,NA,NA,NA,NA,NA,NA,NA,NA,NA,NA,NA,NA,NA,NA,NA,NA,NA,NA,NA,NA,NA,NA,NA,NA,NA,NA,NA,NA,NA,NA,23-377,2023,202301,IH2120,8314.215708,0.0143436038057664,54252.79173474916,134,129,2,47.99,0,36,0.2951,0.1133,0,57.50772,-169.96235,68,2.3,2,EBS,5
NA,NA,NA,NA,NA,NA,NA,NA,NA,NA,NA,NA,NA,NA,NA,NA,NA,NA,NA,NA,NA,NA,NA,NA,NA,NA,NA,NA,NA,NA,NA,NA,NA,NA,NA,NA,NA,NA,NA,NA,NA,NA,NA,NA,NA,NA,NA,NA,NA,NA,NA,NA,NA,NA,NA,NA,NA,NA,NA,NA,NA,NA,NA,NA,NA,NA,NA,NA,NA,NA,NA,NA,NA,NA,NA,NA,NA,NA,NA,NA,NA,NA,NA,NA,23-17,2023,202301,J-18,26514.423093,0.0135843615635376,1177.8249515197185,162,113,1,70.56,12.83,115,0.3164,0.0917,0,58.00433,-168.42941,69,2,2,EBS,5
NA,NA,NA,NA,NA,NA,NA,NA,NA,NA,NA,NA,NA,NA,NA,NA,NA,NA,NA,NA,NA,NA,NA,NA,NA,NA,NA,NA,NA,NA,NA,NA,NA,NA,NA,NA,NA,NA,NA,NA,NA,NA,NA,NA,NA,NA,NA,NA,NA,NA,NA,NA,NA,NA,NA,NA,NA,NA,NA,NA,NA,NA,NA,NA,NA,NA,NA,NA,NA,NA,NA,NA,NA,NA,NA,NA,NA,NA,NA,NA,NA,NA,NA,NA,23-18,2023,202301,J-18,26514.423093,0.0135843615635376,1177.8249515197185,162,113,2,58.87,0,70,0.3093,0.1008,0,58.00433,-168.42941,69,2,2,EBS,5
NA,NA,NA,NA,NA,NA,NA,NA,NA,NA,NA,NA,NA,NA,NA,NA,NA,NA,NA,NA,NA,NA,NA,NA,NA,NA,NA,NA,NA,NA,NA,NA,NA,NA,NA,NA,NA,NA,NA,NA,NA,NA,NA,NA,NA,NA,NA,NA,NA,NA,NA,NA,NA,NA,NA,NA,NA,NA,NA,NA,NA,NA,NA,NA,NA,NA,NA,NA,NA,NA,NA,NA,NA,NA,NA,NA,NA,NA,NA,NA,NA,NA,NA,NA,23-19,2023,202301,J-18,26514.423093,0.0135843615635376,1177.8249515197185,162,113,2,46.31,0,35,0.2928,0.0963,0,58.00433,-168.42941,69,2,2,EBS,5
NA,NA,NA,NA,NA,NA,NA,NA,NA,NA,NA,NA,NA,NA,NA,NA,NA,NA,NA,NA,NA,NA,NA,NA,NA,NA,NA,NA,NA,NA,NA,NA,NA,NA,NA,NA,NA,NA,NA,NA,NA,NA,NA,NA,NA,NA,NA,NA,NA,NA,NA,NA,NA,NA,NA,NA,NA,NA,NA,NA,NA,NA,NA,NA,NA,NA,NA,NA,NA,NA,NA,NA,NA,NA,NA,NA,NA,NA,NA,NA,NA,NA,NA,NA,23-20,2023,202301,J-18,26514.423093,0.0135843615635376,1177.8249515197185,162,113,2,57.68,0,60,0.3383,0.1069,0,58.00433,-168.42941,69,2,2,EBS,5
NA,NA,NA,NA,NA,NA,NA,NA,NA,NA,NA,NA,NA,NA,NA,NA,NA,NA,NA,NA,NA,NA,NA,NA,NA,NA,NA,NA,NA,NA,NA,NA,NA,NA,NA,NA,NA,NA,NA,NA,NA,NA,NA,NA,NA,NA,NA,NA,NA,NA,NA,NA,NA,NA,NA,NA,NA,NA,NA,NA,NA,NA,NA,NA,NA,NA,NA,NA,NA,NA,NA,NA,NA,NA,NA,NA,NA,NA,NA,NA,NA,NA,NA,NA,23-21,2023,202301,J-18,26514.423093,0.0135843615635376,1177.8249515197185,162,113,2,56.05,0,55,0.306,0.0904,0,58.00433,-168.42941,69,2,2,EBS,5
NA,NA,NA,NA,NA,NA,NA,NA,NA,NA,NA,NA,NA,NA,NA,NA,NA,NA,NA,NA,NA,NA,NA,NA,NA,NA,NA,NA,NA,NA,NA,NA,NA,NA,NA,NA,NA,NA,NA,NA,NA,NA,NA,NA,NA,NA,NA,NA,NA,NA,NA,NA,NA,NA,NA,NA,NA,NA,NA,NA,NA,NA,NA,NA,NA,NA,NA,NA,NA,NA,NA,NA,NA,NA,NA,NA,NA,NA,NA,NA,NA,NA,NA,NA,23-22,2023,202301,J-18,26514.423093,0.0135843615635376,1177.8249515197185,162,113,2,48.52,0,40,0.2488,0.0945,0,58.00433,-168.42941,69,2,2,EBS,5
NA,NA,NA,NA,NA,NA,NA,NA,NA,NA,NA,NA,NA,NA,NA,NA,NA,NA,NA,NA,NA,NA,NA,NA,NA,NA,NA,NA,NA,NA,NA,NA,NA,NA,NA,NA,NA,NA,NA,NA,NA,NA,NA,NA,NA,NA,NA,NA,NA,NA,NA,NA,NA,NA,NA,NA,NA,NA,NA,NA,NA,NA,NA,NA,NA,NA,NA,NA,NA,NA,NA,NA,NA,NA,NA,NA,NA,NA,NA,NA,NA,NA,NA,NA,23-23,2023,202301,J-20,6670.630347,0.0141581012375088,2825.237602767575,162,134,2,47.06,0,25,0.2515,0.0818,0,57.9989,-169.7099,70,1.2,2,EBS,5
NA,NA,NA,NA,NA,NA,NA,NA,NA,NA,NA,NA,NA,NA,NA,NA,NA,NA,NA,NA,NA,NA,NA,NA,NA,NA,NA,NA,NA,NA,NA,NA,NA,NA,NA,NA,NA,NA,NA,NA,NA,NA,NA,NA,NA,NA,NA,NA,NA,NA,NA,NA,NA,NA,NA,NA,NA,NA,NA,NA,NA,NA,NA,NA,NA,NA,NA,NA,NA,NA,NA,NA,NA,NA,NA,NA,NA,NA,NA,NA,NA,NA,NA,NA,23-24,2023,202301,J-20,6670.630347,0.0141581012375088,2825.237602767575,162,134,2,48.72,0,40,0.3325,0.1226,0,57.9989,-169.7099,70,1.2,2,EBS,5
NA,NA,NA,NA,NA,NA,NA,NA,NA,NA,NA,NA,NA,NA,NA,NA,NA,NA,NA,NA,NA,NA,NA,NA,NA,NA,NA,NA,NA,NA,NA,NA,NA,NA,NA,NA,NA,NA,NA,NA,NA,NA,NA,NA,NA,NA,NA,NA,NA,NA,NA,NA,NA,NA,NA,NA,NA,NA,NA,NA,NA,NA,NA,NA,NA,NA,NA,NA,NA,NA,NA,NA,NA,NA,NA,NA,NA,NA,NA,NA,NA,NA,NA,NA,23-25,2023,202301,J-20,6670.630347,0.0141581012375088,2825.237602767575,162,134,2,48.29,0,35,0.2804,0.0944,0,57.9989,-169.7099,70,1.2,2,EBS,5
NA,NA,NA,NA,NA,NA,NA,NA,NA,NA,NA,NA,NA,NA,NA,NA,NA,NA,NA,NA,NA,NA,NA,NA,NA,NA,NA,NA,NA,NA,NA,NA,NA,NA,NA,NA,NA,NA,NA,NA,NA,NA,NA,NA,NA,NA,NA,NA,NA,NA,NA,NA,NA,NA,NA,NA,NA,NA,NA,NA,NA,NA,NA,NA,NA,NA,NA,NA,NA,NA,NA,NA,NA,NA,NA,NA,NA,NA,NA,NA,NA,NA,NA,NA,23-26,2023,202301,J-20,6670.630347,0.0141581012375088,2825.237602767575,162,134,2,49.18,0,NA,0.2999,0.1034,0,57.9989,-169.7099,70,1.2,2,EBS,5
NA,NA,NA,NA,NA,NA,NA,NA,NA,NA,NA,NA,NA,NA,NA,NA,NA,NA,NA,NA,NA,NA,NA,NA,NA,NA,NA,NA,NA,NA,NA,NA,NA,NA,NA,NA,NA,NA,NA,NA,NA,NA,NA,NA,NA,NA,NA,NA,NA,NA,NA,NA,NA,NA,NA,NA,NA,NA,NA,NA,NA,NA,NA,NA,NA,NA,NA,NA,NA,NA,NA,NA,NA,NA,NA,NA,NA,NA,NA,NA,NA,NA,NA,NA,23-27,2023,202301,J-20,6670.630347,0.0141581012375088,2825.237602767575,162,134,2,51.09,0,NA,0.3009,0.094,0,57.9989,-169.7099,70,1.2,2,EBS,5
NA,NA,NA,NA,NA,NA,NA,NA,NA,NA,NA,NA,NA,NA,NA,NA,NA,NA,NA,NA,NA,NA,NA,NA,NA,NA,NA,NA,NA,NA,NA,NA,NA,NA,NA,NA,NA,NA,NA,NA,NA,NA,NA,NA,NA,NA,NA,NA,NA,NA,NA,NA,NA,NA,NA,NA,NA,NA,NA,NA,NA,NA,NA,NA,NA,NA,NA,NA,NA,NA,NA,NA,NA,NA,NA,NA,NA,NA,NA,NA,NA,NA,NA,NA,23-336,2023,202301,J-22,14602.663254000001,0.0149589504752094,16297.479586153071,134,124,2,50.47,0,46,0.3116,0.1219,0,57.98899,-170.96914,86,2.3,2,EBS,5
NA,NA,NA,NA,NA,NA,NA,NA,NA,NA,NA,NA,NA,NA,NA,NA,NA,NA,NA,NA,NA,NA,NA,NA,NA,NA,NA,NA,NA,NA,NA,NA,NA,NA,NA,NA,NA,NA,NA,NA,NA,NA,NA,NA,NA,NA,NA,NA,NA,NA,NA,NA,NA,NA,NA,NA,NA,NA,NA,NA,NA,NA,NA,NA,NA,NA,NA,NA,NA,NA,NA,NA,NA,NA,NA,NA,NA,NA,NA,NA,NA,NA,NA,NA,23-337,2023,202301,J-22,14602.663254000001,0.0149589504752094,16297.479586153071,134,124,2,68,0,98,0.3043,0.1109,0,57.98899,-170.96914,86,2.3,2,EBS,5
NA,NA,NA,NA,NA,NA,NA,NA,NA,NA,NA,NA,NA,NA,NA,NA,NA,NA,NA,NA,NA,NA,NA,NA,NA,NA,NA,NA,NA,NA,NA,NA,NA,NA,NA,NA,NA,NA,NA,NA,NA,NA,NA,NA,NA,NA,NA,NA,NA,NA,NA,NA,NA,NA,NA,NA,NA,NA,NA,NA,NA,NA,NA,NA,NA,NA,NA,NA,NA,NA,NA,NA,NA,NA,NA,NA,NA,NA,NA,NA,NA,NA,NA,NA,23-351,2023,202301,J-22,14602.663254000001,0.0149589504752094,16297.479586153071,134,124,2,52.08,0,46,0.3231,0.116,0,57.98899,-170.96914,86,2.3,2,EBS,5
NA,NA,NA,NA,NA,NA,NA,NA,NA,NA,NA,NA,NA,NA,NA,NA,NA,NA,NA,NA,NA,NA,NA,NA,NA,NA,NA,NA,NA,NA,NA,NA,NA,NA,NA,NA,NA,NA,NA,NA,NA,NA,NA,NA,NA,NA,NA,NA,NA,NA,NA,NA,NA,NA,NA,NA,NA,NA,NA,NA,NA,NA,NA,NA,NA,NA,NA,NA,NA,NA,NA,NA,NA,NA,NA,NA,NA,NA,NA,NA,NA,NA,NA,NA,23-362,2023,202301,J-22,14602.663254000001,0.0149589504752094,16297.479586153071,134,124,2,59.32,0,70,0.302,0.112,0,57.98899,-170.96914,86,2.3,2,EBS,5
NA,NA,NA,NA,NA,NA,NA,NA,NA,NA,NA,NA,NA,NA,NA,NA,NA,NA,NA,NA,NA,NA,NA,NA,NA,NA,NA,NA,NA,NA,NA,NA,NA,NA,NA,NA,NA,NA,NA,NA,NA,NA,NA,NA,NA,NA,NA,NA,NA,NA,NA,NA,NA,NA,NA,NA,NA,NA,NA,NA,NA,NA,NA,NA,NA,NA,NA,NA,NA,NA,NA,NA,NA,NA,NA,NA,NA,NA,NA,NA,NA,NA,NA,NA,23-398,2023,202301,J-22,14602.663254000001,0.0149589504752094,16297.479586153071,134,124,2,50.38,0,42,0.3052,0.1185,0,57.98899,-170.96914,86,2.3,2,EBS,5
NA,NA,NA,NA,NA,NA,NA,NA,NA,NA,NA,NA,NA,NA,NA,NA,NA,NA,NA,NA,NA,NA,NA,NA,NA,NA,NA,NA,NA,NA,NA,NA,NA,NA,NA,NA,NA,NA,NA,NA,NA,NA,NA,NA,NA,NA,NA,NA,NA,NA,NA,NA,NA,NA,NA,NA,NA,NA,NA,NA,NA,NA,NA,NA,NA,NA,NA,NA,NA,NA,NA,NA,NA,NA,NA,NA,NA,NA,NA,NA,NA,NA,NA,NA,23-56,2023,202301,J-25,2613.212879,0.0147167221209624,679.4991383139637,162,163,1,93.77,17.05,NA,0.3668,0.1701,0,57.99906,-172.85784,109,3,6,EBS,8
NA,NA,NA,NA,NA,NA,NA,NA,NA,NA,NA,NA,NA,NA,NA,NA,NA,NA,NA,NA,NA,NA,NA,NA,NA,NA,NA,NA,NA,NA,NA,NA,NA,NA,NA,NA,NA,NA,NA,NA,NA,NA,NA,NA,NA,NA,NA,NA,NA,NA,NA,NA,NA,NA,NA,NA,NA,NA,NA,NA,NA,NA,NA,NA,NA,NA,NA,NA,NA,NA,NA,NA,NA,NA,NA,NA,NA,NA,NA,NA,NA,NA,NA,NA,23-46,2023,202301,J-26,5271.928132,0.0147244191294024,747.0583323748706,162,162,1,101.26,19.19,NA,0.3207,0.1622,0,58.00152,-173.45447,117,3.3,6,EBS,8
NA,NA,NA,NA,NA,NA,NA,NA,NA,NA,NA,NA,NA,NA,NA,NA,NA,NA,NA,NA,NA,NA,NA,NA,NA,NA,NA,NA,NA,NA,NA,NA,NA,NA,NA,NA,NA,NA,NA,NA,NA,NA,NA,NA,NA,NA,NA,NA,NA,NA,NA,NA,NA,NA,NA,NA,NA,NA,NA,NA,NA,NA,NA,NA,NA,NA,NA,NA,NA,NA,NA,NA,NA,NA,NA,NA,NA,NA,NA,NA,NA,NA,NA,NA,23-7,2023,202301,JI1918,19848.296121,0.01454735207422035,1581.0437447759825,162,112,2,48.42,0,35,0.3166,0.0899,0,57.83235,-168.7359,71,2,2,EBS,5
NA,NA,NA,NA,NA,NA,NA,NA,NA,NA,NA,NA,NA,NA,NA,NA,NA,NA,NA,NA,NA,NA,NA,NA,NA,NA,NA,NA,NA,NA,NA,NA,NA,NA,NA,NA,NA,NA,NA,NA,NA,NA,NA,NA,NA,NA,NA,NA,NA,NA,NA,NA,NA,NA,NA,NA,NA,NA,NA,NA,NA,NA,NA,NA,NA,NA,NA,NA,NA,NA,NA,NA,NA,NA,NA,NA,NA,NA,NA,NA,NA,NA,NA,NA,23-8,2023,202301,JI1918,19848.296121,0.01454735207422035,1581.0437447759825,162,112,2,50.01,0,40,0.347,0.1022,0,57.83235,-168.7359,71,2,2,EBS,5
NA,NA,NA,NA,NA,NA,NA,NA,NA,NA,NA,NA,NA,NA,NA,NA,NA,NA,NA,NA,NA,NA,NA,NA,NA,NA,NA,NA,NA,NA,NA,NA,NA,NA,NA,NA,NA,NA,NA,NA,NA,NA,NA,NA,NA,NA,NA,NA,NA,NA,NA,NA,NA,NA,NA,NA,NA,NA,NA,NA,NA,NA,NA,NA,NA,NA,NA,NA,NA,NA,NA,NA,NA,NA,NA,NA,NA,NA,NA,NA,NA,NA,NA,NA,23-9,2023,202301,JI1918,19848.296121,0.01454735207422035,1581.0437447759825,162,112,2,46.87,0,35,0.2152,0.0699,0,57.83235,-168.7359,71,2,2,EBS,5
NA,NA,NA,NA,NA,NA,NA,NA,NA,NA,NA,NA,NA,NA,NA,NA,NA,NA,NA,NA,NA,NA,NA,NA,NA,NA,NA,NA,NA,NA,NA,NA,NA,NA,NA,NA,NA,NA,NA,NA,NA,NA,NA,NA,NA,NA,NA,NA,NA,NA,NA,NA,NA,NA,NA,NA,NA,NA,NA,NA,NA,NA,NA,NA,NA,NA,NA,NA,NA,NA,NA,NA,NA,NA,NA,NA,NA,NA,NA,NA,NA,NA,NA,NA,23-10,2023,202301,JI1918,19848.296121,0.01454735207422035,1581.0437447759825,162,112,2,45.12,0,30,0.3356,0.0904,0,57.83235,-168.7359,71,2,2,EBS,5
NA,NA,NA,NA,NA,NA,NA,NA,NA,NA,NA,NA,NA,NA,NA,NA,NA,NA,NA,NA,NA,NA,NA,NA,NA,NA,NA,NA,NA,NA,NA,NA,NA,NA,NA,NA,NA,NA,NA,NA,NA,NA,NA,NA,NA,NA,NA,NA,NA,NA,NA,NA,NA,NA,NA,NA,NA,NA,NA,NA,NA,NA,NA,NA,NA,NA,NA,NA,NA,NA,NA,NA,NA,NA,NA,NA,NA,NA,NA,NA,NA,NA,NA,NA,23-11,2023,202301,JI1918,19848.296121,0.01454735207422035,1581.0437447759825,162,112,2,44.95,0,30,0.144,0.0325,0,57.83235,-168.7359,71,2,2,EBS,5
NA,NA,NA,NA,NA,NA,NA,NA,NA,NA,NA,NA,NA,NA,NA,NA,NA,NA,NA,NA,NA,NA,NA,NA,NA,NA,NA,NA,NA,NA,NA,NA,NA,NA,NA,NA,NA,NA,NA,NA,NA,NA,NA,NA,NA,NA,NA,NA,NA,NA,NA,NA,NA,NA,NA,NA,NA,NA,NA,NA,NA,NA,NA,NA,NA,NA,NA,NA,NA,NA,NA,NA,NA,NA,NA,NA,NA,NA,NA,NA,NA,NA,NA,NA,23-325,2023,202301,K-21,4280.574355,0.01541000070930705,185653.5741930312,134,122,2,49.93,0,40,0.3009,0.098,0,58.3295,-170.38641,74,-0.2,3,EBS,6
NA,NA,NA,NA,NA,NA,NA,NA,NA,NA,NA,NA,NA,NA,NA,NA,NA,NA,NA,NA,NA,NA,NA,NA,NA,NA,NA,NA,NA,NA,NA,NA,NA,NA,NA,NA,NA,NA,NA,NA,NA,NA,NA,NA,NA,NA,NA,NA,NA,NA,NA,NA,NA,NA,NA,NA,NA,NA,NA,NA,NA,NA,NA,NA,NA,NA,NA,NA,NA,NA,NA,NA,NA,NA,NA,NA,NA,NA,NA,NA,NA,NA,NA,NA,23-331,2023,202301,K-21,4280.574355,0.01541000070930705,185653.5741930312,134,122,2,49.54,0,40,0.3128,0.1108,0,58.3295,-170.38641,74,-0.2,3,EBS,6
NA,NA,NA,NA,NA,NA,NA,NA,NA,NA,NA,NA,NA,NA,NA,NA,NA,NA,NA,NA,NA,NA,NA,NA,NA,NA,NA,NA,NA,NA,NA,NA,NA,NA,NA,NA,NA,NA,NA,NA,NA,NA,NA,NA,NA,NA,NA,NA,NA,NA,NA,NA,NA,NA,NA,NA,NA,NA,NA,NA,NA,NA,NA,NA,NA,NA,NA,NA,NA,NA,NA,NA,NA,NA,NA,NA,NA,NA,NA,NA,NA,NA,NA,NA,23-334,2023,202301,K-21,4280.574355,0.01541000070930705,185653.5741930312,134,122,2,56.63,0,60,0.3128,0.0996,0,58.3295,-170.38641,74,-0.2,3,EBS,6
NA,NA,NA,NA,NA,NA,NA,NA,NA,NA,NA,NA,NA,NA,NA,NA,NA,NA,NA,NA,NA,NA,NA,NA,NA,NA,NA,NA,NA,NA,NA,NA,NA,NA,NA,NA,NA,NA,NA,NA,NA,NA,NA,NA,NA,NA,NA,NA,NA,NA,NA,NA,NA,NA,NA,NA,NA,NA,NA,NA,NA,NA,NA,NA,NA,NA,NA,NA,NA,NA,NA,NA,NA,NA,NA,NA,NA,NA,NA,NA,NA,NA,NA,NA,23-335,2023,202301,K-21,4280.574355,0.01541000070930705,185653.5741930312,134,122,1,71.76,10.35,116,0.3172,0.1177,0,58.3295,-170.38641,74,-0.2,3,EBS,6
NA,NA,NA,NA,NA,NA,NA,NA,NA,NA,NA,NA,NA,NA,NA,NA,NA,NA,NA,NA,NA,NA,NA,NA,NA,NA,NA,NA,NA,NA,NA,NA,NA,NA,NA,NA,NA,NA,NA,NA,NA,NA,NA,NA,NA,NA,NA,NA,NA,NA,NA,NA,NA,NA,NA,NA,NA,NA,NA,NA,NA,NA,NA,NA,NA,NA,NA,NA,NA,NA,NA,NA,NA,NA,NA,NA,NA,NA,NA,NA,NA,NA,NA,NA,23-345,2023,202301,K-21,4280.574355,0.01541000070930705,185653.5741930312,134,122,2,47.02,0,34,0.3029,0.1181,0,58.3295,-170.38641,74,-0.2,3,EBS,6
NA,NA,NA,NA,NA,NA,NA,NA,NA,NA,NA,NA,NA,NA,NA,NA,NA,NA,NA,NA,NA,NA,NA,NA,NA,NA,NA,NA,NA,NA,NA,NA,NA,NA,NA,NA,NA,NA,NA,NA,NA,NA,NA,NA,NA,NA,NA,NA,NA,NA,NA,NA,NA,NA,NA,NA,NA,NA,NA,NA,NA,NA,NA,NA,NA,NA,NA,NA,NA,NA,NA,NA,NA,NA,NA,NA,NA,NA,NA,NA,NA,NA,NA,NA,23-348,2023,202301,K-21,4280.574355,0.01541000070930705,185653.5741930312,134,122,2,48.11,0,36,0.3019,0.113,0,58.3295,-170.38641,74,-0.2,3,EBS,6
NA,NA,NA,NA,NA,NA,NA,NA,NA,NA,NA,NA,NA,NA,NA,NA,NA,NA,NA,NA,NA,NA,NA,NA,NA,NA,NA,NA,NA,NA,NA,NA,NA,NA,NA,NA,NA,NA,NA,NA,NA,NA,NA,NA,NA,NA,NA,NA,NA,NA,NA,NA,NA,NA,NA,NA,NA,NA,NA,NA,NA,NA,NA,NA,NA,NA,NA,NA,NA,NA,NA,NA,NA,NA,NA,NA,NA,NA,NA,NA,NA,NA,NA,NA,23-354,2023,202301,K-21,4280.574355,0.01541000070930705,185653.5741930312,134,122,1,77.82,11.35,130,0.3043,0.092,0,58.3295,-170.38641,74,-0.2,3,EBS,6
NA,NA,NA,NA,NA,NA,NA,NA,NA,NA,NA,NA,NA,NA,NA,NA,NA,NA,NA,NA,NA,NA,NA,NA,NA,NA,NA,NA,NA,NA,NA,NA,NA,NA,NA,NA,NA,NA,NA,NA,NA,NA,NA,NA,NA,NA,NA,NA,NA,NA,NA,NA,NA,NA,NA,NA,NA,NA,NA,NA,NA,NA,NA,NA,NA,NA,NA,NA,NA,NA,NA,NA,NA,NA,NA,NA,NA,NA,NA,NA,NA,NA,NA,NA,23-372,2023,202301,K-21,4280.574355,0.01541000070930705,185653.5741930312,134,122,1,77.38,13.21,160,0.3021,0.1,0,58.3295,-170.38641,74,-0.2,3,EBS,6
NA,NA,NA,NA,NA,NA,NA,NA,NA,NA,NA,NA,NA,NA,NA,NA,NA,NA,NA,NA,NA,NA,NA,NA,NA,NA,NA,NA,NA,NA,NA,NA,NA,NA,NA,NA,NA,NA,NA,NA,NA,NA,NA,NA,NA,NA,NA,NA,NA,NA,NA,NA,NA,NA,NA,NA,NA,NA,NA,NA,NA,NA,NA,NA,NA,NA,NA,NA,NA,NA,NA,NA,NA,NA,NA,NA,NA,NA,NA,NA,NA,NA,NA,NA,23-380,2023,202301,K-21,4280.574355,0.01541000070930705,185653.5741930312,134,122,1,90.05,14.22,228,0.3061,0.0901,0,58.3295,-170.38641,74,-0.2,3,EBS,6
NA,NA,NA,NA,NA,NA,NA,NA,NA,NA,NA,NA,NA,NA,NA,NA,NA,NA,NA,NA,NA,NA,NA,NA,NA,NA,NA,NA,NA,NA,NA,NA,NA,NA,NA,NA,NA,NA,NA,NA,NA,NA,NA,NA,NA,NA,NA,NA,NA,NA,NA,NA,NA,NA,NA,NA,NA,NA,NA,NA,NA,NA,NA,NA,NA,NA,NA,NA,NA,NA,NA,NA,NA,NA,NA,NA,NA,NA,NA,NA,NA,NA,NA,NA,23-383,2023,202301,K-21,4280.574355,0.01541000070930705,185653.5741930312,134,122,1,70.38,12.13,138,0.3066,0.1091,0,58.3295,-170.38641,74,-0.2,3,EBS,6
NA,NA,NA,NA,NA,NA,NA,NA,NA,NA,NA,NA,NA,NA,NA,NA,NA,NA,NA,NA,NA,NA,NA,NA,NA,NA,NA,NA,NA,NA,NA,NA,NA,NA,NA,NA,NA,NA,NA,NA,NA,NA,NA,NA,NA,NA,NA,NA,NA,NA,NA,NA,NA,NA,NA,NA,NA,NA,NA,NA,NA,NA,NA,NA,NA,NA,NA,NA,NA,NA,NA,NA,NA,NA,NA,NA,NA,NA,NA,NA,NA,NA,NA,NA,23-343,2023,202301,K-22,4584.262996,0.0145798203299364,4321.040902722483,134,121,1,72.97,10.78,140,0.3089,0.1138,0,58.33438,-170.99082,83,1.6,3,EBS,6
NA,NA,NA,NA,NA,NA,NA,NA,NA,NA,NA,NA,NA,NA,NA,NA,NA,NA,NA,NA,NA,NA,NA,NA,NA,NA,NA,NA,NA,NA,NA,NA,NA,NA,NA,NA,NA,NA,NA,NA,NA,NA,NA,NA,NA,NA,NA,NA,NA,NA,NA,NA,NA,NA,NA,NA,NA,NA,NA,NA,NA,NA,NA,NA,NA,NA,NA,NA,NA,NA,NA,NA,NA,NA,NA,NA,NA,NA,NA,NA,NA,NA,NA,NA,23-381,2023,202301,K-22,4584.262996,0.0145798203299364,4321.040902722483,134,121,1,52.42,14.49,198,0.3189,0.1081,1,58.33438,-170.99082,83,1.6,3,EBS,6
NA,NA,NA,NA,NA,NA,NA,NA,NA,NA,NA,NA,NA,NA,NA,NA,NA,NA,NA,NA,NA,NA,NA,NA,NA,NA,NA,NA,NA,NA,NA,NA,NA,NA,NA,NA,NA,NA,NA,NA,NA,NA,NA,NA,NA,NA,NA,NA,NA,NA,NA,NA,NA,NA,NA,NA,NA,NA,NA,NA,NA,NA,NA,NA,NA,NA,NA,NA,NA,NA,NA,NA,NA,NA,NA,NA,NA,NA,NA,NA,NA,NA,NA,NA,23-60,2023,202301,K-24,7706.622545,0.01498257358539315,2536.279884321547,162,165,1,86.01,13.89,268,0.309,0.1396,0,58.33175,-172.29598,102,2.8,6,EBS,8
NA,NA,NA,NA,NA,NA,NA,NA,NA,NA,NA,NA,NA,NA,NA,NA,NA,NA,NA,NA,NA,NA,NA,NA,NA,NA,NA,NA,NA,NA,NA,NA,NA,NA,NA,NA,NA,NA,NA,NA,NA,NA,NA,NA,NA,NA,NA,NA,NA,NA,NA,NA,NA,NA,NA,NA,NA,NA,NA,NA,NA,NA,NA,NA,NA,NA,NA,NA,NA,NA,NA,NA,NA,NA,NA,NA,NA,NA,NA,NA,NA,NA,NA,NA,23-70,2023,202301,K-24,7706.622545,0.01498257358539315,2536.279884321547,162,165,1,89.1,15.03,280,0.3172,0.1318,0,58.33175,-172.29598,102,2.8,6,EBS,8
NA,NA,NA,NA,NA,NA,NA,NA,NA,NA,NA,NA,NA,NA,NA,NA,NA,NA,NA,NA,NA,NA,NA,NA,NA,NA,NA,NA,NA,NA,NA,NA,NA,NA,NA,NA,NA,NA,NA,NA,NA,NA,NA,NA,NA,NA,NA,NA,NA,NA,NA,NA,NA,NA,NA,NA,NA,NA,NA,NA,NA,NA,NA,NA,NA,NA,NA,NA,NA,NA,NA,NA,NA,NA,NA,NA,NA,NA,NA,NA,NA,NA,NA,NA,23-72,2023,202301,K-24,7706.622545,0.01498257358539315,2536.279884321547,162,165,1,88.6,15.84,252,0.3134,0.1533,0,58.33175,-172.29598,102,2.8,6,EBS,8
NA,NA,NA,NA,NA,NA,NA,NA,NA,NA,NA,NA,NA,NA,NA,NA,NA,NA,NA,NA,NA,NA,NA,NA,NA,NA,NA,NA,NA,NA,NA,NA,NA,NA,NA,NA,NA,NA,NA,NA,NA,NA,NA,NA,NA,NA,NA,NA,NA,NA,NA,NA,NA,NA,NA,NA,NA,NA,NA,NA,NA,NA,NA,NA,NA,NA,NA,NA,NA,NA,NA,NA,NA,NA,NA,NA,NA,NA,NA,NA,NA,NA,NA,NA,23-74,2023,202301,K-24,7706.622545,0.01498257358539315,2536.279884321547,162,165,1,92.41,17.68,318,0.3281,0.169,0,58.33175,-172.29598,102,2.8,6,EBS,8
NA,NA,NA,NA,NA,NA,NA,NA,NA,NA,NA,NA,NA,NA,NA,NA,NA,NA,NA,NA,NA,NA,NA,NA,NA,NA,NA,NA,NA,NA,NA,NA,NA,NA,NA,NA,NA,NA,NA,NA,NA,NA,NA,NA,NA,NA,NA,NA,NA,NA,NA,NA,NA,NA,NA,NA,NA,NA,NA,NA,NA,NA,NA,NA,NA,NA,NA,NA,NA,NA,NA,NA,NA,NA,NA,NA,NA,NA,NA,NA,NA,NA,NA,NA,23-79,2023,202301,K-24,7706.622545,0.01498257358539315,2536.279884321547,162,165,1,96.82,17.82,354,0.3223,0.1713,0,58.33175,-172.29598,102,2.8,6,EBS,8
NA,NA,NA,NA,NA,NA,NA,NA,NA,NA,NA,NA,NA,NA,NA,NA,NA,NA,NA,NA,NA,NA,NA,NA,NA,NA,NA,NA,NA,NA,NA,NA,NA,NA,NA,NA,NA,NA,NA,NA,NA,NA,NA,NA,NA,NA,NA,NA,NA,NA,NA,NA,NA,NA,NA,NA,NA,NA,NA,NA,NA,NA,NA,NA,NA,NA,NA,NA,NA,NA,NA,NA,NA,NA,NA,NA,NA,NA,NA,NA,NA,NA,NA,NA,23-98,2023,202301,K-24,7706.622545,0.01498257358539315,2536.279884321547,162,165,1,91.44,17.23,306,0.313,0.1529,0,58.33175,-172.29598,102,2.8,6,EBS,8
NA,NA,NA,NA,NA,NA,NA,NA,NA,NA,NA,NA,NA,NA,NA,NA,NA,NA,NA,NA,NA,NA,NA,NA,NA,NA,NA,NA,NA,NA,NA,NA,NA,NA,NA,NA,NA,NA,NA,NA,NA,NA,NA,NA,NA,NA,NA,NA,NA,NA,NA,NA,NA,NA,NA,NA,NA,NA,NA,NA,NA,NA,NA,NA,NA,NA,NA,NA,NA,NA,NA,NA,NA,NA,NA,NA,NA,NA,NA,NA,NA,NA,NA,NA,23-471,2023,202301,K-26,1364.150174,0.0159129142026228,62.84204057577196,134,169,1,83.53,14.13,218,0.3452,0.1295,0,58.33699,-173.57419,116,3.5,6,EBS,8
NA,NA,NA,NA,NA,NA,NA,NA,NA,NA,NA,NA,NA,NA,NA,NA,NA,NA,NA,NA,NA,NA,NA,NA,NA,NA,NA,NA,NA,NA,NA,NA,NA,NA,NA,NA,NA,NA,NA,NA,NA,NA,NA,NA,NA,NA,NA,NA,NA,NA,NA,NA,NA,NA,NA,NA,NA,NA,NA,NA,NA,NA,NA,NA,NA,NA,NA,NA,NA,NA,NA,NA,NA,NA,NA,NA,NA,NA,NA,NA,NA,NA,NA,NA,23-355,2023,202301,L-21,4047.9279739999997,0.015814745857251,48626.32425088327,134,119,2,47.4,0,38,0.3151,0.1146,0,58.66918,-170.43077,73,-0.5,3,EBS,6
NA,NA,NA,NA,NA,NA,NA,NA,NA,NA,NA,NA,NA,NA,NA,NA,NA,NA,NA,NA,NA,NA,NA,NA,NA,NA,NA,NA,NA,NA,NA,NA,NA,NA,NA,NA,NA,NA,NA,NA,NA,NA,NA,NA,NA,NA,NA,NA,NA,NA,NA,NA,NA,NA,NA,NA,NA,NA,NA,NA,NA,NA,NA,NA,NA,NA,NA,NA,NA,NA,NA,NA,NA,NA,NA,NA,NA,NA,NA,NA,NA,NA,NA,NA,23-368,2023,202301,L-21,4047.9279739999997,0.015814745857251,48626.32425088327,134,119,2,47.9,0,40,0.3024,0.111,0,58.66918,-170.43077,73,-0.5,3,EBS,6
NA,NA,NA,NA,NA,NA,NA,NA,NA,NA,NA,NA,NA,NA,NA,NA,NA,NA,NA,NA,NA,NA,NA,NA,NA,NA,NA,NA,NA,NA,NA,NA,NA,NA,NA,NA,NA,NA,NA,NA,NA,NA,NA,NA,NA,NA,NA,NA,NA,NA,NA,NA,NA,NA,NA,NA,NA,NA,NA,NA,NA,NA,NA,NA,NA,NA,NA,NA,NA,NA,NA,NA,NA,NA,NA,NA,NA,NA,NA,NA,NA,NA,NA,NA,23-370,2023,202301,L-21,4047.9279739999997,0.015814745857251,48626.32425088327,134,119,2,46.44,0,314,0.3224,0.115,0,58.66918,-170.43077,73,-0.5,3,EBS,6
NA,NA,NA,NA,NA,NA,NA,NA,NA,NA,NA,NA,NA,NA,NA,NA,NA,NA,NA,NA,NA,NA,NA,NA,NA,NA,NA,NA,NA,NA,NA,NA,NA,NA,NA,NA,NA,NA,NA,NA,NA,NA,NA,NA,NA,NA,NA,NA,NA,NA,NA,NA,NA,NA,NA,NA,NA,NA,NA,NA,NA,NA,NA,NA,NA,NA,NA,NA,NA,NA,NA,NA,NA,NA,NA,NA,NA,NA,NA,NA,NA,NA,NA,NA,23-387,2023,202301,L-21,4047.9279739999997,0.015814745857251,48626.32425088327,134,119,2,48.52,0,34,0.3411,0.1249,0,58.66918,-170.43077,73,-0.5,3,EBS,6
NA,NA,NA,NA,NA,NA,NA,NA,NA,NA,NA,NA,NA,NA,NA,NA,NA,NA,NA,NA,NA,NA,NA,NA,NA,NA,NA,NA,NA,NA,NA,NA,NA,NA,NA,NA,NA,NA,NA,NA,NA,NA,NA,NA,NA,NA,NA,NA,NA,NA,NA,NA,NA,NA,NA,NA,NA,NA,NA,NA,NA,NA,NA,NA,NA,NA,NA,NA,NA,NA,NA,NA,NA,NA,NA,NA,NA,NA,NA,NA,NA,NA,NA,NA,23-394,2023,202301,L-21,4047.9279739999997,0.015814745857251,48626.32425088327,134,119,2,49.64,0,44,0.3163,0.1059,0,58.66918,-170.43077,73,-0.5,3,EBS,6
NA,NA,NA,NA,NA,NA,NA,NA,NA,NA,NA,NA,NA,NA,NA,NA,NA,NA,NA,NA,NA,NA,NA,NA,NA,NA,NA,NA,NA,NA,NA,NA,NA,NA,NA,NA,NA,NA,NA,NA,NA,NA,NA,NA,NA,NA,NA,NA,NA,NA,NA,NA,NA,NA,NA,NA,NA,NA,NA,NA,NA,NA,NA,NA,NA,NA,NA,NA,NA,NA,NA,NA,NA,NA,NA,NA,NA,NA,NA,NA,NA,NA,NA,NA,23-340,2023,202301,L-22,2718.744126,0.015477267023559,88996.18245930235,134,120,1,88.17,14.8,236,0.3122,0.0934,0,58.66657,-171.08787,82,0.6,3,EBS,6
NA,NA,NA,NA,NA,NA,NA,NA,NA,NA,NA,NA,NA,NA,NA,NA,NA,NA,NA,NA,NA,NA,NA,NA,NA,NA,NA,NA,NA,NA,NA,NA,NA,NA,NA,NA,NA,NA,NA,NA,NA,NA,NA,NA,NA,NA,NA,NA,NA,NA,NA,NA,NA,NA,NA,NA,NA,NA,NA,NA,NA,NA,NA,NA,NA,NA,NA,NA,NA,NA,NA,NA,NA,NA,NA,NA,NA,NA,NA,NA,NA,NA,NA,NA,23-358,2023,202301,L-22,2718.744126,0.015477267023559,88996.18245930235,134,120,2,49.89,0,44,0.2965,0.1044,0,58.66657,-171.08787,82,0.6,3,EBS,6
NA,NA,NA,NA,NA,NA,NA,NA,NA,NA,NA,NA,NA,NA,NA,NA,NA,NA,NA,NA,NA,NA,NA,NA,NA,NA,NA,NA,NA,NA,NA,NA,NA,NA,NA,NA,NA,NA,NA,NA,NA,NA,NA,NA,NA,NA,NA,NA,NA,NA,NA,NA,NA,NA,NA,NA,NA,NA,NA,NA,NA,NA,NA,NA,NA,NA,NA,NA,NA,NA,NA,NA,NA,NA,NA,NA,NA,NA,NA,NA,NA,NA,NA,NA,23-360,2023,202301,L-22,2718.744126,0.015477267023559,88996.18245930235,134,120,2,49.31,0,38,0.3006,0.1094,0,58.66657,-171.08787,82,0.6,3,EBS,6
NA,NA,NA,NA,NA,NA,NA,NA,NA,NA,NA,NA,NA,NA,NA,NA,NA,NA,NA,NA,NA,NA,NA,NA,NA,NA,NA,NA,NA,NA,NA,NA,NA,NA,NA,NA,NA,NA,NA,NA,NA,NA,NA,NA,NA,NA,NA,NA,NA,NA,NA,NA,NA,NA,NA,NA,NA,NA,NA,NA,NA,NA,NA,NA,NA,NA,NA,NA,NA,NA,NA,NA,NA,NA,NA,NA,NA,NA,NA,NA,NA,NA,NA,NA,23-364,2023,202301,L-22,2718.744126,0.015477267023559,88996.18245930235,134,120,2,49.08,0,38,0.3272,0.1182,0,58.66657,-171.08787,82,0.6,3,EBS,6
NA,NA,NA,NA,NA,NA,NA,NA,NA,NA,NA,NA,NA,NA,NA,NA,NA,NA,NA,NA,NA,NA,NA,NA,NA,NA,NA,NA,NA,NA,NA,NA,NA,NA,NA,NA,NA,NA,NA,NA,NA,NA,NA,NA,NA,NA,NA,NA,NA,NA,NA,NA,NA,NA,NA,NA,NA,NA,NA,NA,NA,NA,NA,NA,NA,NA,NA,NA,NA,NA,NA,NA,NA,NA,NA,NA,NA,NA,NA,NA,NA,NA,NA,NA,23-386,2023,202301,L-22,2718.744126,0.015477267023559,88996.18245930235,134,120,1,95.94,16.32,308,0.3946,0.1306,0,58.66657,-171.08787,82,0.6,3,EBS,6
NA,NA,NA,NA,NA,NA,NA,NA,NA,NA,NA,NA,NA,NA,NA,NA,NA,NA,NA,NA,NA,NA,NA,NA,NA,NA,NA,NA,NA,NA,NA,NA,NA,NA,NA,NA,NA,NA,NA,NA,NA,NA,NA,NA,NA,NA,NA,NA,NA,NA,NA,NA,NA,NA,NA,NA,NA,NA,NA,NA,NA,NA,NA,NA,NA,NA,NA,NA,NA,NA,NA,NA,NA,NA,NA,NA,NA,NA,NA,NA,NA,NA,NA,NA,23-399,2023,202301,L-22,2718.744126,0.015477267023559,88996.18245930235,134,120,2,48.19,0,38,0.316,0.1045,0,58.66657,-171.08787,82,0.6,3,EBS,6
NA,NA,NA,NA,NA,NA,NA,NA,NA,NA,NA,NA,NA,NA,NA,NA,NA,NA,NA,NA,NA,NA,NA,NA,NA,NA,NA,NA,NA,NA,NA,NA,NA,NA,NA,NA,NA,NA,NA,NA,NA,NA,NA,NA,NA,NA,NA,NA,NA,NA,NA,NA,NA,NA,NA,NA,NA,NA,NA,NA,NA,NA,NA,NA,NA,NA,NA,NA,NA,NA,NA,NA,NA,NA,NA,NA,NA,NA,NA,NA,NA,NA,NA,NA,23-97,2023,202301,L-24,5186.5492810000005,0.0149233535604945,871.117872219683,162,166,2,49.01,0,NA,0.2466,0.0682,0,58.67862,-172.36947,101,2.3,6,EBS,8
NA,NA,NA,NA,NA,NA,NA,NA,NA,NA,NA,NA,NA,NA,NA,NA,NA,NA,NA,NA,NA,NA,NA,NA,NA,NA,NA,NA,NA,NA,NA,NA,NA,NA,NA,NA,NA,NA,NA,NA,NA,NA,NA,NA,NA,NA,NA,NA,NA,NA,NA,NA,NA,NA,NA,NA,NA,NA,NA,NA,NA,NA,NA,NA,NA,NA,NA,NA,NA,NA,NA,NA,NA,NA,NA,NA,NA,NA,NA,NA,NA,NA,NA,NA,23-339,2023,202301,M-21,637.4310300000001,0.01434460470841695,51518.26871648637,134,118,2,46.77,0,32,0.2989,0.0989,0,59.02424,-170.49168,71,0.1,3,EBS,6
NA,NA,NA,NA,NA,NA,NA,NA,NA,NA,NA,NA,NA,NA,NA,NA,NA,NA,NA,NA,NA,NA,NA,NA,NA,NA,NA,NA,NA,NA,NA,NA,NA,NA,NA,NA,NA,NA,NA,NA,NA,NA,NA,NA,NA,NA,NA,NA,NA,NA,NA,NA,NA,NA,NA,NA,NA,NA,NA,NA,NA,NA,NA,NA,NA,NA,NA,NA,NA,NA,NA,NA,NA,NA,NA,NA,NA,NA,NA,NA,NA,NA,NA,NA,23-357,2023,202301,M-21,637.4310300000001,0.01434460470841695,51518.26871648637,134,118,2,52.14,0,46,0.314,0.1174,0,59.02424,-170.49168,71,0.1,3,EBS,6
NA,NA,NA,NA,NA,NA,NA,NA,NA,NA,NA,NA,NA,NA,NA,NA,NA,NA,NA,NA,NA,NA,NA,NA,NA,NA,NA,NA,NA,NA,NA,NA,NA,NA,NA,NA,NA,NA,NA,NA,NA,NA,NA,NA,NA,NA,NA,NA,NA,NA,NA,NA,NA,NA,NA,NA,NA,NA,NA,NA,NA,NA,NA,NA,NA,NA,NA,NA,NA,NA,NA,NA,NA,NA,NA,NA,NA,NA,NA,NA,NA,NA,NA,NA,23-371,2023,202301,M-21,637.4310300000001,0.01434460470841695,51518.26871648637,134,118,2,45.41,0,28,0.3174,0.1249,0,59.02424,-170.49168,71,0.1,3,EBS,6
NA,NA,NA,NA,NA,NA,NA,NA,NA,NA,NA,NA,NA,NA,NA,NA,NA,NA,NA,NA,NA,NA,NA,NA,NA,NA,NA,NA,NA,NA,NA,NA,NA,NA,NA,NA,NA,NA,NA,NA,NA,NA,NA,NA,NA,NA,NA,NA,NA,NA,NA,NA,NA,NA,NA,NA,NA,NA,NA,NA,NA,NA,NA,NA,NA,NA,NA,NA,NA,NA,NA,NA,NA,NA,NA,NA,NA,NA,NA,NA,NA,NA,NA,NA,23-374,2023,202301,M-21,637.4310300000001,0.01434460470841695,51518.26871648637,134,118,2,52.44,0,46,0.3019,0.1022,0,59.02424,-170.49168,71,0.1,3,EBS,6
NA,NA,NA,NA,NA,NA,NA,NA,NA,NA,NA,NA,NA,NA,NA,NA,NA,NA,NA,NA,NA,NA,NA,NA,NA,NA,NA,NA,NA,NA,NA,NA,NA,NA,NA,NA,NA,NA,NA,NA,NA,NA,NA,NA,NA,NA,NA,NA,NA,NA,NA,NA,NA,NA,NA,NA,NA,NA,NA,NA,NA,NA,NA,NA,NA,NA,NA,NA,NA,NA,NA,NA,NA,NA,NA,NA,NA,NA,NA,NA,NA,NA,NA,NA,23-326,2023,202301,M-22,1735.009111,0.0141598400616882,7768.449327166009,134,146,2,48,0,38,0.2999,0.0988,0,58.9881,-171.12292,78,-0.6,3,EBS,6
NA,NA,NA,NA,NA,NA,NA,NA,NA,NA,NA,NA,NA,NA,NA,NA,NA,NA,NA,NA,NA,NA,NA,NA,NA,NA,NA,NA,NA,NA,NA,NA,NA,NA,NA,NA,NA,NA,NA,NA,NA,NA,NA,NA,NA,NA,NA,NA,NA,NA,NA,NA,NA,NA,NA,NA,NA,NA,NA,NA,NA,NA,NA,NA,NA,NA,NA,NA,NA,NA,NA,NA,NA,NA,NA,NA,NA,NA,NA,NA,NA,NA,NA,NA,23-338,2023,202301,M-22,1735.009111,0.0141598400616882,7768.449327166009,134,146,2,45.37,0,30,0.324,0.112,0,58.9881,-171.12292,78,-0.6,3,EBS,6
NA,NA,NA,NA,NA,NA,NA,NA,NA,NA,NA,NA,NA,NA,NA,NA,NA,NA,NA,NA,NA,NA,NA,NA,NA,NA,NA,NA,NA,NA,NA,NA,NA,NA,NA,NA,NA,NA,NA,NA,NA,NA,NA,NA,NA,NA,NA,NA,NA,NA,NA,NA,NA,NA,NA,NA,NA,NA,NA,NA,NA,NA,NA,NA,NA,NA,NA,NA,NA,NA,NA,NA,NA,NA,NA,NA,NA,NA,NA,NA,NA,NA,NA,NA,23-352,2023,202301,M-22,1735.009111,0.0141598400616882,7768.449327166009,134,146,2,46.11,0,30,0.2977,0.1073,0,58.9881,-171.12292,78,-0.6,3,EBS,6
NA,NA,NA,NA,NA,NA,NA,NA,NA,NA,NA,NA,NA,NA,NA,NA,NA,NA,NA,NA,NA,NA,NA,NA,NA,NA,NA,NA,NA,NA,NA,NA,NA,NA,NA,NA,NA,NA,NA,NA,NA,NA,NA,NA,NA,NA,NA,NA,NA,NA,NA,NA,NA,NA,NA,NA,NA,NA,NA,NA,NA,NA,NA,NA,NA,NA,NA,NA,NA,NA,NA,NA,NA,NA,NA,NA,NA,NA,NA,NA,NA,NA,NA,NA,23-359,2023,202301,M-22,1735.009111,0.0141598400616882,7768.449327166009,134,146,1,71,15.18,NA,0.3147,0.1089,1,58.9881,-171.12292,78,-0.6,3,EBS,6
NA,NA,NA,NA,NA,NA,NA,NA,NA,NA,NA,NA,NA,NA,NA,NA,NA,NA,NA,NA,NA,NA,NA,NA,NA,NA,NA,NA,NA,NA,NA,NA,NA,NA,NA,NA,NA,NA,NA,NA,NA,NA,NA,NA,NA,NA,NA,NA,NA,NA,NA,NA,NA,NA,NA,NA,NA,NA,NA,NA,NA,NA,NA,NA,NA,NA,NA,NA,NA,NA,NA,NA,NA,NA,NA,NA,NA,NA,NA,NA,NA,NA,NA,NA,23-379,2023,202301,M-22,1735.009111,0.0141598400616882,7768.449327166009,134,146,1,72.5,12.92,136,0.321,0.1171,0,58.9881,-171.12292,78,-0.6,3,EBS,6
NA,NA,NA,NA,NA,NA,NA,NA,NA,NA,NA,NA,NA,NA,NA,NA,NA,NA,NA,NA,NA,NA,NA,NA,NA,NA,NA,NA,NA,NA,NA,NA,NA,NA,NA,NA,NA,NA,NA,NA,NA,NA,NA,NA,NA,NA,NA,NA,NA,NA,NA,NA,NA,NA,NA,NA,NA,NA,NA,NA,NA,NA,NA,NA,NA,NA,NA,NA,NA,NA,NA,NA,NA,NA,NA,NA,NA,NA,NA,NA,NA,NA,NA,NA,23-388,2023,202301,M-22,1735.009111,0.0141598400616882,7768.449327166009,134,146,2,46.27,0,32,0.3109,0.1061,0,58.9881,-171.12292,78,-0.6,3,EBS,6
NA,NA,NA,NA,NA,NA,NA,NA,NA,NA,NA,NA,NA,NA,NA,NA,NA,NA,NA,NA,NA,NA,NA,NA,NA,NA,NA,NA,NA,NA,NA,NA,NA,NA,NA,NA,NA,NA,NA,NA,NA,NA,NA,NA,NA,NA,NA,NA,NA,NA,NA,NA,NA,NA,NA,NA,NA,NA,NA,NA,NA,NA,NA,NA,NA,NA,NA,NA,NA,NA,NA,NA,NA,NA,NA,NA,NA,NA,NA,NA,NA,NA,NA,NA,23-392,2023,202301,M-22,1735.009111,0.0141598400616882,7768.449327166009,134,146,2,49.61,0,38,0.3089,0.1057,0,58.9881,-171.12292,78,-0.6,3,EBS,6
NA,NA,NA,NA,NA,NA,NA,NA,NA,NA,NA,NA,NA,NA,NA,NA,NA,NA,NA,NA,NA,NA,NA,NA,NA,NA,NA,NA,NA,NA,NA,NA,NA,NA,NA,NA,NA,NA,NA,NA,NA,NA,NA,NA,NA,NA,NA,NA,NA,NA,NA,NA,NA,NA,NA,NA,NA,NA,NA,NA,NA,NA,NA,NA,NA,NA,NA,NA,NA,NA,NA,NA,NA,NA,NA,NA,NA,NA,NA,NA,NA,NA,NA,NA,23-404,2023,202301,M-22,1735.009111,0.0141598400616882,7768.449327166009,134,146,1,78.33,12.97,166,0.3215,0.1044,0,58.9881,-171.12292,78,-0.6,3,EBS,6
NA,NA,NA,NA,NA,NA,NA,NA,NA,NA,NA,NA,NA,NA,NA,NA,NA,NA,NA,NA,NA,NA,NA,NA,NA,NA,NA,NA,NA,NA,NA,NA,NA,NA,NA,NA,NA,NA,NA,NA,NA,NA,NA,NA,NA,NA,NA,NA,NA,NA,NA,NA,NA,NA,NA,NA,NA,NA,NA,NA,NA,NA,NA,NA,NA,NA,NA,NA,NA,NA,NA,NA,NA,NA,NA,NA,NA,NA,NA,NA,NA,NA,NA,NA,23-323,2023,202301,M-23,1502.426433,0.0144279886749636,2079.291901029697,134,145,1,86.88,5.05,232,0.3569,0.1162,0,58.99585,-171.77935,88,0.7,3,EBS,6
NA,NA,NA,NA,NA,NA,NA,NA,NA,NA,NA,NA,NA,NA,NA,NA,NA,NA,NA,NA,NA,NA,NA,NA,NA,NA,NA,NA,NA,NA,NA,NA,NA,NA,NA,NA,NA,NA,NA,NA,NA,NA,NA,NA,NA,NA,NA,NA,NA,NA,NA,NA,NA,NA,NA,NA,NA,NA,NA,NA,NA,NA,NA,NA,NA,NA,NA,NA,NA,NA,NA,NA,NA,NA,NA,NA,NA,NA,NA,NA,NA,NA,NA,NA,23-95,2023,202301,M-27,3935.66524,0.012731505039264,157.09061841722513,162,191,1,91.05,17.62,262,0.307,0.1028,0,59.00449,-174.38614,126,2.4,5,EBS,8
NA,NA,NA,NA,NA,NA,NA,NA,NA,NA,NA,NA,NA,NA,NA,NA,NA,NA,NA,NA,NA,NA,NA,NA,NA,NA,NA,NA,NA,NA,NA,NA,NA,NA,NA,NA,NA,NA,NA,NA,NA,NA,NA,NA,NA,NA,NA,NA,NA,NA,NA,NA,NA,NA,NA,NA,NA,NA,NA,NA,NA,NA,NA,NA,NA,NA,NA,NA,NA,NA,NA,NA,NA,NA,NA,NA,NA,NA,NA,NA,NA,NA,NA,NA,23-397,2023,202301,N-21,4171.004788,0.0149222579030052,1876.3916413990585,134,117,1,86.15,15.02,234,0.3162,0.0893,0,59.33106,-170.55124,68,-0.3,3,EBS,6
NA,NA,NA,NA,NA,NA,NA,NA,NA,NA,NA,NA,NA,NA,NA,NA,NA,NA,NA,NA,NA,NA,NA,NA,NA,NA,NA,NA,NA,NA,NA,NA,NA,NA,NA,NA,NA,NA,NA,NA,NA,NA,NA,NA,NA,NA,NA,NA,NA,NA,NA,NA,NA,NA,NA,NA,NA,NA,NA,NA,NA,NA,NA,NA,NA,NA,NA,NA,NA,NA,NA,NA,NA,NA,NA,NA,NA,NA,NA,NA,NA,NA,NA,NA,23-327,2023,202301,N-22,1222.929364,0.01429123061973915,7697.027843639107,134,147,1,80.7,13.33,190,0.3089,0.0926,0,59.33304,-171.18505,75,-0.4,3,EBS,6
NA,NA,NA,NA,NA,NA,NA,NA,NA,NA,NA,NA,NA,NA,NA,NA,NA,NA,NA,NA,NA,NA,NA,NA,NA,NA,NA,NA,NA,NA,NA,NA,NA,NA,NA,NA,NA,NA,NA,NA,NA,NA,NA,NA,NA,NA,NA,NA,NA,NA,NA,NA,NA,NA,NA,NA,NA,NA,NA,NA,NA,NA,NA,NA,NA,NA,NA,NA,NA,NA,NA,NA,NA,NA,NA,NA,NA,NA,NA,NA,NA,NA,NA,NA,23-333,2023,202301,N-22,1222.929364,0.01429123061973915,7697.027843639107,134,147,2,56.36,0,56,0.3376,0.1166,0,59.33304,-171.18505,75,-0.4,3,EBS,6
NA,NA,NA,NA,NA,NA,NA,NA,NA,NA,NA,NA,NA,NA,NA,NA,NA,NA,NA,NA,NA,NA,NA,NA,NA,NA,NA,NA,NA,NA,NA,NA,NA,NA,NA,NA,NA,NA,NA,NA,NA,NA,NA,NA,NA,NA,NA,NA,NA,NA,NA,NA,NA,NA,NA,NA,NA,NA,NA,NA,NA,NA,NA,NA,NA,NA,NA,NA,NA,NA,NA,NA,NA,NA,NA,NA,NA,NA,NA,NA,NA,NA,NA,NA,23-378,2023,202301,N-22,1222.929364,0.01429123061973915,7697.027843639107,134,147,2,54.28,0,48,0.3079,0.1081,0,59.33304,-171.18505,75,-0.4,3,EBS,6
NA,NA,NA,NA,NA,NA,NA,NA,NA,NA,NA,NA,NA,NA,NA,NA,NA,NA,NA,NA,NA,NA,NA,NA,NA,NA,NA,NA,NA,NA,NA,NA,NA,NA,NA,NA,NA,NA,NA,NA,NA,NA,NA,NA,NA,NA,NA,NA,NA,NA,NA,NA,NA,NA,NA,NA,NA,NA,NA,NA,NA,NA,NA,NA,NA,NA,NA,NA,NA,NA,NA,NA,NA,NA,NA,NA,NA,NA,NA,NA,NA,NA,NA,NA,23-367,2023,202301,N-23,1088.596989,0.014079017974428,23369.193831387744,134,159,1,82.35,19.01,367,0.3205,0.0869,1,59.33059,-171.8506,80,-0.8,3,EBS,6
NA,NA,NA,NA,NA,NA,NA,NA,NA,NA,NA,NA,NA,NA,NA,NA,NA,NA,NA,NA,NA,NA,NA,NA,NA,NA,NA,NA,NA,NA,NA,NA,NA,NA,NA,NA,NA,NA,NA,NA,NA,NA,NA,NA,NA,NA,NA,NA,NA,NA,NA,NA,NA,NA,NA,NA,NA,NA,NA,NA,NA,NA,NA,NA,NA,NA,NA,NA,NA,NA,NA,NA,NA,NA,NA,NA,NA,NA,NA,NA,NA,NA,NA,NA,23-403,2023,202301,N-23,1088.596989,0.014079017974428,23369.193831387744,134,159,1,78.34,16.94,NA,0.3295,0.0988,1,59.33059,-171.8506,80,-0.8,3,EBS,6
NA,NA,NA,NA,NA,NA,NA,NA,NA,NA,NA,NA,NA,NA,NA,NA,NA,NA,NA,NA,NA,NA,NA,NA,NA,NA,NA,NA,NA,NA,NA,NA,NA,NA,NA,NA,NA,NA,NA,NA,NA,NA,NA,NA,NA,NA,NA,NA,NA,NA,NA,NA,NA,NA,NA,NA,NA,NA,NA,NA,NA,NA,NA,NA,NA,NA,NA,NA,NA,NA,NA,NA,NA,NA,NA,NA,NA,NA,NA,NA,NA,NA,NA,NA,23-407,2023,202301,N-24,1772.401548,0.01367210308645335,2121.107470929904,134,160,1,79.58,14.07,192,0.3399,0.0953,0,59.33728,-172.50564,88,0.9,3,EBS,6
NA,NA,NA,NA,NA,NA,NA,NA,NA,NA,NA,NA,NA,NA,NA,NA,NA,NA,NA,NA,NA,NA,NA,NA,NA,NA,NA,NA,NA,NA,NA,NA,NA,NA,NA,NA,NA,NA,NA,NA,NA,NA,NA,NA,NA,NA,NA,NA,NA,NA,NA,NA,NA,NA,NA,NA,NA,NA,NA,NA,NA,NA,NA,NA,NA,NA,NA,NA,NA,NA,NA,NA,NA,NA,NA,NA,NA,NA,NA,NA,NA,NA,NA,NA,23-414,2023,202301,N-24,1772.401548,0.01367210308645335,2121.107470929904,134,160,1,72.11,12.28,150,0.3175,0.0921,0,59.33728,-172.50564,88,0.9,3,EBS,6
NA,NA,NA,NA,NA,NA,NA,NA,NA,NA,NA,NA,NA,NA,NA,NA,NA,NA,NA,NA,NA,NA,NA,NA,NA,NA,NA,NA,NA,NA,NA,NA,NA,NA,NA,NA,NA,NA,NA,NA,NA,NA,NA,NA,NA,NA,NA,NA,NA,NA,NA,NA,NA,NA,NA,NA,NA,NA,NA,NA,NA,NA,NA,NA,NA,NA,NA,NA,NA,NA,NA,NA,NA,NA,NA,NA,NA,NA,NA,NA,NA,NA,NA,NA,23-417,2023,202301,N-24,1772.401548,0.01367210308645335,2121.107470929904,134,160,1,72.6,12.7,NA,0.3152,0.1041,0,59.33728,-172.50564,88,0.9,3,EBS,6
NA,NA,NA,NA,NA,NA,NA,NA,NA,NA,NA,NA,NA,NA,NA,NA,NA,NA,NA,NA,NA,NA,NA,NA,NA,NA,NA,NA,NA,NA,NA,NA,NA,NA,NA,NA,NA,NA,NA,NA,NA,NA,NA,NA,NA,NA,NA,NA,NA,NA,NA,NA,NA,NA,NA,NA,NA,NA,NA,NA,NA,NA,NA,NA,NA,NA,NA,NA,NA,NA,NA,NA,NA,NA,NA,NA,NA,NA,NA,NA,NA,NA,NA,NA,23-51,2023,202301,N-27,3432.927589,0.0141284485124937,849.3501596717059,162,187,2,57.3,0,NA,0.313,0.0792,0,59.32002,-174.43518,120,2,5,EBS,8
NA,NA,NA,NA,NA,NA,NA,NA,NA,NA,NA,NA,NA,NA,NA,NA,NA,NA,NA,NA,NA,NA,NA,NA,NA,NA,NA,NA,NA,NA,NA,NA,NA,NA,NA,NA,NA,NA,NA,NA,NA,NA,NA,NA,NA,NA,NA,NA,NA,NA,NA,NA,NA,NA,NA,NA,NA,NA,NA,NA,NA,NA,NA,NA,NA,NA,NA,NA,NA,NA,NA,NA,NA,NA,NA,NA,NA,NA,NA,NA,NA,NA,NA,NA,23-58,2023,202301,N-27,3432.927589,0.0141284485124937,849.3501596717059,162,187,2,53.26,0,NA,0.32,0.0929,0,59.32002,-174.43518,120,2,5,EBS,8
NA,NA,NA,NA,NA,NA,NA,NA,NA,NA,NA,NA,NA,NA,NA,NA,NA,NA,NA,NA,NA,NA,NA,NA,NA,NA,NA,NA,NA,NA,NA,NA,NA,NA,NA,NA,NA,NA,NA,NA,NA,NA,NA,NA,NA,NA,NA,NA,NA,NA,NA,NA,NA,NA,NA,NA,NA,NA,NA,NA,NA,NA,NA,NA,NA,NA,NA,NA,NA,NA,NA,NA,NA,NA,NA,NA,NA,NA,NA,NA,NA,NA,NA,NA,23-68,2023,202301,N-29,4355.530151,0.0136189380415275,1541.9704485008906,162,194,2,56.13,0,NA,0.3147,0.1216,0,59.33743,-175.76101,136,2.1,5,EBS,8
NA,NA,NA,NA,NA,NA,NA,NA,NA,NA,NA,NA,NA,NA,NA,NA,NA,NA,NA,NA,NA,NA,NA,NA,NA,NA,NA,NA,NA,NA,NA,NA,NA,NA,NA,NA,NA,NA,NA,NA,NA,NA,NA,NA,NA,NA,NA,NA,NA,NA,NA,NA,NA,NA,NA,NA,NA,NA,NA,NA,NA,NA,NA,NA,NA,NA,NA,NA,NA,NA,NA,NA,NA,NA,NA,NA,NA,NA,NA,NA,NA,NA,NA,NA,23-59,2023,202301,O-26,3129.740382,0.01424686961132325,701.9085787134679,162,183,2,62.05,0,82,0.3023,0.09,0,59.67663,-173.87219,104,0.9,5,EBS,8
NA,NA,NA,NA,NA,NA,NA,NA,NA,NA,NA,NA,NA,NA,NA,NA,NA,NA,NA,NA,NA,NA,NA,NA,NA,NA,NA,NA,NA,NA,NA,NA,NA,NA,NA,NA,NA,NA,NA,NA,NA,NA,NA,NA,NA,NA,NA,NA,NA,NA,NA,NA,NA,NA,NA,NA,NA,NA,NA,NA,NA,NA,NA,NA,NA,NA,NA,NA,NA,NA,NA,NA,NA,NA,NA,NA,NA,NA,NA,NA,NA,NA,NA,NA,23-329,2023,202301,P-22,399.828516,0.01439505801563445,62173.69523818164,134,149,2,54.08,0,56,0.3236,0.1035,0,59.99128,-171.30483,70,-1.2,4,EBS,9
NA,NA,NA,NA,NA,NA,NA,NA,NA,NA,NA,NA,NA,NA,NA,NA,NA,NA,NA,NA,NA,NA,NA,NA,NA,NA,NA,NA,NA,NA,NA,NA,NA,NA,NA,NA,NA,NA,NA,NA,NA,NA,NA,NA,NA,NA,NA,NA,NA,NA,NA,NA,NA,NA,NA,NA,NA,NA,NA,NA,NA,NA,NA,NA,NA,NA,NA,NA,NA,NA,NA,NA,NA,NA,NA,NA,NA,NA,NA,NA,NA,NA,NA,NA,23-344,2023,202301,P-22,399.828516,0.01439505801563445,62173.69523818164,134,149,2,56.12,0,NA,0.3105,0.0886,0,59.99128,-171.30483,70,-1.2,4,EBS,9
NA,NA,NA,NA,NA,NA,NA,NA,NA,NA,NA,NA,NA,NA,NA,NA,NA,NA,NA,NA,NA,NA,NA,NA,NA,NA,NA,NA,NA,NA,NA,NA,NA,NA,NA,NA,NA,NA,NA,NA,NA,NA,NA,NA,NA,NA,NA,NA,NA,NA,NA,NA,NA,NA,NA,NA,NA,NA,NA,NA,NA,NA,NA,NA,NA,NA,NA,NA,NA,NA,NA,NA,NA,NA,NA,NA,NA,NA,NA,NA,NA,NA,NA,NA,23-347,2023,202301,P-22,399.828516,0.01439505801563445,62173.69523818164,134,149,2,53.78,0,50,0.326,0.0968,0,59.99128,-171.30483,70,-1.2,4,EBS,9
NA,NA,NA,NA,NA,NA,NA,NA,NA,NA,NA,NA,NA,NA,NA,NA,NA,NA,NA,NA,NA,NA,NA,NA,NA,NA,NA,NA,NA,NA,NA,NA,NA,NA,NA,NA,NA,NA,NA,NA,NA,NA,NA,NA,NA,NA,NA,NA,NA,NA,NA,NA,NA,NA,NA,NA,NA,NA,NA,NA,NA,NA,NA,NA,NA,NA,NA,NA,NA,NA,NA,NA,NA,NA,NA,NA,NA,NA,NA,NA,NA,NA,NA,NA,23-361,2023,202301,P-22,399.828516,0.01439505801563445,62173.69523818164,134,149,2,57.88,0,56,0.3173,0.095,0,59.99128,-171.30483,70,-1.2,4,EBS,9
NA,NA,NA,NA,NA,NA,NA,NA,NA,NA,NA,NA,NA,NA,NA,NA,NA,NA,NA,NA,NA,NA,NA,NA,NA,NA,NA,NA,NA,NA,NA,NA,NA,NA,NA,NA,NA,NA,NA,NA,NA,NA,NA,NA,NA,NA,NA,NA,NA,NA,NA,NA,NA,NA,NA,NA,NA,NA,NA,NA,NA,NA,NA,NA,NA,NA,NA,NA,NA,NA,NA,NA,NA,NA,NA,NA,NA,NA,NA,NA,NA,NA,NA,NA,23-382,2023,202301,P-22,399.828516,0.01439505801563445,62173.69523818164,134,149,1,82.34,14.38,184,0.313,0.0994,0,59.99128,-171.30483,70,-1.2,4,EBS,9
NA,NA,NA,NA,NA,NA,NA,NA,NA,NA,NA,NA,NA,NA,NA,NA,NA,NA,NA,NA,NA,NA,NA,NA,NA,NA,NA,NA,NA,NA,NA,NA,NA,NA,NA,NA,NA,NA,NA,NA,NA,NA,NA,NA,NA,NA,NA,NA,NA,NA,NA,NA,NA,NA,NA,NA,NA,NA,NA,NA,NA,NA,NA,NA,NA,NA,NA,NA,NA,NA,NA,NA,NA,NA,NA,NA,NA,NA,NA,NA,NA,NA,NA,NA,23-389,2023,202301,P-22,399.828516,0.01439505801563445,62173.69523818164,134,149,2,56.91,0,60,0.3179,0.0989,0,59.99128,-171.30483,70,-1.2,4,EBS,9
NA,NA,NA,NA,NA,NA,NA,NA,NA,NA,NA,NA,NA,NA,NA,NA,NA,NA,NA,NA,NA,NA,NA,NA,NA,NA,NA,NA,NA,NA,NA,NA,NA,NA,NA,NA,NA,NA,NA,NA,NA,NA,NA,NA,NA,NA,NA,NA,NA,NA,NA,NA,NA,NA,NA,NA,NA,NA,NA,NA,NA,NA,NA,NA,NA,NA,NA,NA,NA,NA,NA,NA,NA,NA,NA,NA,NA,NA,NA,NA,NA,NA,NA,NA,23-52,2023,202301,P-26,2878.4773099999998,0.0149702709086832,6279.111485248888,162,177,1,72.09,10.85,134,0.3457,0.1051,0,60.01043,-173.94376,96,0.4,4,EBS,9
NA,NA,NA,NA,NA,NA,NA,NA,NA,NA,NA,NA,NA,NA,NA,NA,NA,NA,NA,NA,NA,NA,NA,NA,NA,NA,NA,NA,NA,NA,NA,NA,NA,NA,NA,NA,NA,NA,NA,NA,NA,NA,NA,NA,NA,NA,NA,NA,NA,NA,NA,NA,NA,NA,NA,NA,NA,NA,NA,NA,NA,NA,NA,NA,NA,NA,NA,NA,NA,NA,NA,NA,NA,NA,NA,NA,NA,NA,NA,NA,NA,NA,NA,NA,23-62,2023,202301,P-26,2878.4773099999998,0.0149702709086832,6279.111485248888,162,177,1,72.39,12.61,128,0.2967,0.0899,0,60.01043,-173.94376,96,0.4,4,EBS,9
NA,NA,NA,NA,NA,NA,NA,NA,NA,NA,NA,NA,NA,NA,NA,NA,NA,NA,NA,NA,NA,NA,NA,NA,NA,NA,NA,NA,NA,NA,NA,NA,NA,NA,NA,NA,NA,NA,NA,NA,NA,NA,NA,NA,NA,NA,NA,NA,NA,NA,NA,NA,NA,NA,NA,NA,NA,NA,NA,NA,NA,NA,NA,NA,NA,NA,NA,NA,NA,NA,NA,NA,NA,NA,NA,NA,NA,NA,NA,NA,NA,NA,NA,NA,23-78,2023,202301,P-26,2878.4773099999998,0.0149702709086832,6279.111485248888,162,177,1,72.31,11.75,138,0.3253,0.1075,0,60.01043,-173.94376,96,0.4,4,EBS,9
NA,NA,NA,NA,NA,NA,NA,NA,NA,NA,NA,NA,NA,NA,NA,NA,NA,NA,NA,NA,NA,NA,NA,NA,NA,NA,NA,NA,NA,NA,NA,NA,NA,NA,NA,NA,NA,NA,NA,NA,NA,NA,NA,NA,NA,NA,NA,NA,NA,NA,NA,NA,NA,NA,NA,NA,NA,NA,NA,NA,NA,NA,NA,NA,NA,NA,NA,NA,NA,NA,NA,NA,NA,NA,NA,NA,NA,NA,NA,NA,NA,NA,NA,NA,23-88,2023,202301,P-26,2878.4773099999998,0.0149702709086832,6279.111485248888,162,177,1,78.72,11.25,186,0.3111,0.0905,0,60.01043,-173.94376,96,0.4,4,EBS,9
NA,NA,NA,NA,NA,NA,NA,NA,NA,NA,NA,NA,NA,NA,NA,NA,NA,NA,NA,NA,NA,NA,NA,NA,NA,NA,NA,NA,NA,NA,NA,NA,NA,NA,NA,NA,NA,NA,NA,NA,NA,NA,NA,NA,NA,NA,NA,NA,NA,NA,NA,NA,NA,NA,NA,NA,NA,NA,NA,NA,NA,NA,NA,NA,NA,NA,NA,NA,NA,NA,NA,NA,NA,NA,NA,NA,NA,NA,NA,NA,NA,NA,NA,NA,23-93,2023,202301,P-26,2878.4773099999998,0.0149702709086832,6279.111485248888,162,177,1,73.73,11.91,154,0.3951,0.1228,0,60.01043,-173.94376,96,0.4,4,EBS,9
NA,NA,NA,NA,NA,NA,NA,NA,NA,NA,NA,NA,NA,NA,NA,NA,NA,NA,NA,NA,NA,NA,NA,NA,NA,NA,NA,NA,NA,NA,NA,NA,NA,NA,NA,NA,NA,NA,NA,NA,NA,NA,NA,NA,NA,NA,NA,NA,NA,NA,NA,NA,NA,NA,NA,NA,NA,NA,NA,NA,NA,NA,NA,NA,NA,NA,NA,NA,NA,NA,NA,NA,NA,NA,NA,NA,NA,NA,NA,NA,NA,NA,NA,NA,23-94,2023,202301,P-26,2878.4773099999998,0.0149702709086832,6279.111485248888,162,177,1,71.68,12.21,138,0.3104,0.0886,0,60.01043,-173.94376,96,0.4,4,EBS,9
NA,NA,NA,NA,NA,NA,NA,NA,NA,NA,NA,NA,NA,NA,NA,NA,NA,NA,NA,NA,NA,NA,NA,NA,NA,NA,NA,NA,NA,NA,NA,NA,NA,NA,NA,NA,NA,NA,NA,NA,NA,NA,NA,NA,NA,NA,NA,NA,NA,NA,NA,NA,NA,NA,NA,NA,NA,NA,NA,NA,NA,NA,NA,NA,NA,NA,NA,NA,NA,NA,NA,NA,NA,NA,NA,NA,NA,NA,NA,NA,NA,NA,NA,NA,23-96,2023,202301,P-26,2878.4773099999998,0.0149702709086832,6279.111485248888,162,177,1,75.04,12.15,160,0.3186,0.1005,0,60.01043,-173.94376,96,0.4,4,EBS,9
NA,NA,NA,NA,NA,NA,NA,NA,NA,NA,NA,NA,NA,NA,NA,NA,NA,NA,NA,NA,NA,NA,NA,NA,NA,NA,NA,NA,NA,NA,NA,NA,NA,NA,NA,NA,NA,NA,NA,NA,NA,NA,NA,NA,NA,NA,NA,NA,NA,NA,NA,NA,NA,NA,NA,NA,NA,NA,NA,NA,NA,NA,NA,NA,NA,NA,NA,NA,NA,NA,NA,NA,NA,NA,NA,NA,NA,NA,NA,NA,NA,NA,NA,NA,23-349,2023,202301,P-28,1863.7911729999998,0.0147950181899982,6826.622225329775,134,186,1,88.83,16.57,NA,0.3574,0.1507,0,60.01223,-175.26855,117,1.6,5,EBS,8
NA,NA,NA,NA,NA,NA,NA,NA,NA,NA,NA,NA,NA,NA,NA,NA,NA,NA,NA,NA,NA,NA,NA,NA,NA,NA,NA,NA,NA,NA,NA,NA,NA,NA,NA,NA,NA,NA,NA,NA,NA,NA,NA,NA,NA,NA,NA,NA,NA,NA,NA,NA,NA,NA,NA,NA,NA,NA,NA,NA,NA,NA,NA,NA,NA,NA,NA,NA,NA,NA,NA,NA,NA,NA,NA,NA,NA,NA,NA,NA,NA,NA,NA,NA,23-373,2023,202301,P-28,1863.7911729999998,0.0147950181899982,6826.622225329775,134,186,1,89.03,15.73,NA,0.3189,0.1398,0,60.01223,-175.26855,117,1.6,5,EBS,8
NA,NA,NA,NA,NA,NA,NA,NA,NA,NA,NA,NA,NA,NA,NA,NA,NA,NA,NA,NA,NA,NA,NA,NA,NA,NA,NA,NA,NA,NA,NA,NA,NA,NA,NA,NA,NA,NA,NA,NA,NA,NA,NA,NA,NA,NA,NA,NA,NA,NA,NA,NA,NA,NA,NA,NA,NA,NA,NA,NA,NA,NA,NA,NA,NA,NA,NA,NA,NA,NA,NA,NA,NA,NA,NA,NA,NA,NA,NA,NA,NA,NA,NA,NA,23-406,2023,202301,P-28,1863.7911729999998,0.0147950181899982,6826.622225329775,134,186,1,95.68,17.25,NA,0.3107,0.1377,0,60.01223,-175.26855,117,1.6,5,EBS,8
NA,NA,NA,NA,NA,NA,NA,NA,NA,NA,NA,NA,NA,NA,NA,NA,NA,NA,NA,NA,NA,NA,NA,NA,NA,NA,NA,NA,NA,NA,NA,NA,NA,NA,NA,NA,NA,NA,NA,NA,NA,NA,NA,NA,NA,NA,NA,NA,NA,NA,NA,NA,NA,NA,NA,NA,NA,NA,NA,NA,NA,NA,NA,NA,NA,NA,NA,NA,NA,NA,NA,NA,NA,NA,NA,NA,NA,NA,NA,NA,NA,NA,NA,NA,23-408,2023,202301,P-28,1863.7911729999998,0.0147950181899982,6826.622225329775,134,186,1,91.53,16.13,294,0.3477,0.1493,0,60.01223,-175.26855,117,1.6,5,EBS,8
NA,NA,NA,NA,NA,NA,NA,NA,NA,NA,NA,NA,NA,NA,NA,NA,NA,NA,NA,NA,NA,NA,NA,NA,NA,NA,NA,NA,NA,NA,NA,NA,NA,NA,NA,NA,NA,NA,NA,NA,NA,NA,NA,NA,NA,NA,NA,NA,NA,NA,NA,NA,NA,NA,NA,NA,NA,NA,NA,NA,NA,NA,NA,NA,NA,NA,NA,NA,NA,NA,NA,NA,NA,NA,NA,NA,NA,NA,NA,NA,NA,NA,NA,NA,23-418,2023,202301,P-28,1863.7911729999998,0.0147950181899982,6826.622225329775,134,186,1,97.94,17.06,362,0.3123,0.1404,0,60.01223,-175.26855,117,1.6,5,EBS,8
NA,NA,NA,NA,NA,NA,NA,NA,NA,NA,NA,NA,NA,NA,NA,NA,NA,NA,NA,NA,NA,NA,NA,NA,NA,NA,NA,NA,NA,NA,NA,NA,NA,NA,NA,NA,NA,NA,NA,NA,NA,NA,NA,NA,NA,NA,NA,NA,NA,NA,NA,NA,NA,NA,NA,NA,NA,NA,NA,NA,NA,NA,NA,NA,NA,NA,NA,NA,NA,NA,NA,NA,NA,NA,NA,NA,NA,NA,NA,NA,NA,NA,NA,NA,23-89,2023,202301,P-29,2993.735866,0.0142771488844875,3291.973795346965,162,196,1,89.6,18.3,276,0.3054,0.1157,1,60.0046,-175.91732,128,1.8,5,EBS,8
NA,NA,NA,NA,NA,NA,NA,NA,NA,NA,NA,NA,NA,NA,NA,NA,NA,NA,NA,NA,NA,NA,NA,NA,NA,NA,NA,NA,NA,NA,NA,NA,NA,NA,NA,NA,NA,NA,NA,NA,NA,NA,NA,NA,NA,NA,NA,NA,NA,NA,NA,NA,NA,NA,NA,NA,NA,NA,NA,NA,NA,NA,NA,NA,NA,NA,NA,NA,NA,NA,NA,NA,NA,NA,NA,NA,NA,NA,NA,NA,NA,NA,NA,NA,23-76,2023,202301,P-30,3274.411867,0.0139392875328003,2439.1490540671593,162,197,2,64.09,0,NA,0.336,0.1139,0,60.00591,-176.6879,140,1.7,5,EBS,8
NA,NA,NA,NA,NA,NA,NA,NA,NA,NA,NA,NA,NA,NA,NA,NA,NA,NA,NA,NA,NA,NA,NA,NA,NA,NA,NA,NA,NA,NA,NA,NA,NA,NA,NA,NA,NA,NA,NA,NA,NA,NA,NA,NA,NA,NA,NA,NA,NA,NA,NA,NA,NA,NA,NA,NA,NA,NA,NA,NA,NA,NA,NA,NA,NA,NA,NA,NA,NA,NA,NA,NA,NA,NA,NA,NA,NA,NA,NA,NA,NA,NA,NA,NA,23-90,2023,202301,P-30,3274.411867,0.0139392875328003,2439.1490540671593,162,197,2,57.14,0,66,0.3199,0.1164,0,60.00591,-176.6879,140,1.7,5,EBS,8
NA,NA,NA,NA,NA,NA,NA,NA,NA,NA,NA,NA,NA,NA,NA,NA,NA,NA,NA,NA,NA,NA,NA,NA,NA,NA,NA,NA,NA,NA,NA,NA,NA,NA,NA,NA,NA,NA,NA,NA,NA,NA,NA,NA,NA,NA,NA,NA,NA,NA,NA,NA,NA,NA,NA,NA,NA,NA,NA,NA,NA,NA,NA,NA,NA,NA,NA,NA,NA,NA,NA,NA,NA,NA,NA,NA,NA,NA,NA,NA,NA,NA,NA,NA,23-328,2023,202301,Q-22,52.315238,0.0144563883036804,54187.41414137088,134,150,2,51.33,0,46,0.3256,0.1006,0,60.3255,-171.34276,67,-1.6,4,EBS,9
NA,NA,NA,NA,NA,NA,NA,NA,NA,NA,NA,NA,NA,NA,NA,NA,NA,NA,NA,NA,NA,NA,NA,NA,NA,NA,NA,NA,NA,NA,NA,NA,NA,NA,NA,NA,NA,NA,NA,NA,NA,NA,NA,NA,NA,NA,NA,NA,NA,NA,NA,NA,NA,NA,NA,NA,NA,NA,NA,NA,NA,NA,NA,NA,NA,NA,NA,NA,NA,NA,NA,NA,NA,NA,NA,NA,NA,NA,NA,NA,NA,NA,NA,NA,23-350,2023,202301,Q-22,52.315238,0.0144563883036804,54187.41414137088,134,150,2,52.34,0,44,0.3128,0.0885,0,60.3255,-171.34276,67,-1.6,4,EBS,9
NA,NA,NA,NA,NA,NA,NA,NA,NA,NA,NA,NA,NA,NA,NA,NA,NA,NA,NA,NA,NA,NA,NA,NA,NA,NA,NA,NA,NA,NA,NA,NA,NA,NA,NA,NA,NA,NA,NA,NA,NA,NA,NA,NA,NA,NA,NA,NA,NA,NA,NA,NA,NA,NA,NA,NA,NA,NA,NA,NA,NA,NA,NA,NA,NA,NA,NA,NA,NA,NA,NA,NA,NA,NA,NA,NA,NA,NA,NA,NA,NA,NA,NA,NA,23-363,2023,202301,Q-22,52.315238,0.0144563883036804,54187.41414137088,134,150,2,54.12,0,54,0.3394,0.0922,0,60.3255,-171.34276,67,-1.6,4,EBS,9
NA,NA,NA,NA,NA,NA,NA,NA,NA,NA,NA,NA,NA,NA,NA,NA,NA,NA,NA,NA,NA,NA,NA,NA,NA,NA,NA,NA,NA,NA,NA,NA,NA,NA,NA,NA,NA,NA,NA,NA,NA,NA,NA,NA,NA,NA,NA,NA,NA,NA,NA,NA,NA,NA,NA,NA,NA,NA,NA,NA,NA,NA,NA,NA,NA,NA,NA,NA,NA,NA,NA,NA,NA,NA,NA,NA,NA,NA,NA,NA,NA,NA,NA,NA,23-376,2023,202301,Q-22,52.315238,0.0144563883036804,54187.41414137088,134,150,2,53.51,0,52,0.3026,0.082,0,60.3255,-171.34276,67,-1.6,4,EBS,9
NA,NA,NA,NA,NA,NA,NA,NA,NA,NA,NA,NA,NA,NA,NA,NA,NA,NA,NA,NA,NA,NA,NA,NA,NA,NA,NA,NA,NA,NA,NA,NA,NA,NA,NA,NA,NA,NA,NA,NA,NA,NA,NA,NA,NA,NA,NA,NA,NA,NA,NA,NA,NA,NA,NA,NA,NA,NA,NA,NA,NA,NA,NA,NA,NA,NA,NA,NA,NA,NA,NA,NA,NA,NA,NA,NA,NA,NA,NA,NA,NA,NA,NA,NA,23-390,2023,202301,Q-22,52.315238,0.0144563883036804,54187.41414137088,134,150,2,49.98,0,40,0.3322,0.1009,0,60.3255,-171.34276,67,-1.6,4,EBS,9
NA,NA,NA,NA,NA,NA,NA,NA,NA,NA,NA,NA,NA,NA,NA,NA,NA,NA,NA,NA,NA,NA,NA,NA,NA,NA,NA,NA,NA,NA,NA,NA,NA,NA,NA,NA,NA,NA,NA,NA,NA,NA,NA,NA,NA,NA,NA,NA,NA,NA,NA,NA,NA,NA,NA,NA,NA,NA,NA,NA,NA,NA,NA,NA,NA,NA,NA,NA,NA,NA,NA,NA,NA,NA,NA,NA,NA,NA,NA,NA,NA,NA,NA,NA,23-47,2023,202301,Q-26,332.069426,0.0137238482665647,46518.023778749004,162,180,1,77.41,12.41,152,0.3439,0.1079,0,60.34264,-174.07871,89,-0.1,4,EBS,9
NA,NA,NA,NA,NA,NA,NA,NA,NA,NA,NA,NA,NA,NA,NA,NA,NA,NA,NA,NA,NA,NA,NA,NA,NA,NA,NA,NA,NA,NA,NA,NA,NA,NA,NA,NA,NA,NA,NA,NA,NA,NA,NA,NA,NA,NA,NA,NA,NA,NA,NA,NA,NA,NA,NA,NA,NA,NA,NA,NA,NA,NA,NA,NA,NA,NA,NA,NA,NA,NA,NA,NA,NA,NA,NA,NA,NA,NA,NA,NA,NA,NA,NA,NA,23-49,2023,202301,Q-26,332.069426,0.0137238482665647,46518.023778749004,162,180,1,74.54,13.11,156,0.3149,0.1065,0,60.34264,-174.07871,89,-0.1,4,EBS,9
NA,NA,NA,NA,NA,NA,NA,NA,NA,NA,NA,NA,NA,NA,NA,NA,NA,NA,NA,NA,NA,NA,NA,NA,NA,NA,NA,NA,NA,NA,NA,NA,NA,NA,NA,NA,NA,NA,NA,NA,NA,NA,NA,NA,NA,NA,NA,NA,NA,NA,NA,NA,NA,NA,NA,NA,NA,NA,NA,NA,NA,NA,NA,NA,NA,NA,NA,NA,NA,NA,NA,NA,NA,NA,NA,NA,NA,NA,NA,NA,NA,NA,NA,NA,23-69,2023,202301,Q-26,332.069426,0.0137238482665647,46518.023778749004,162,180,1,80.06,14.49,192,0.3094,0.1053,0,60.34264,-174.07871,89,-0.1,4,EBS,9
NA,NA,NA,NA,NA,NA,NA,NA,NA,NA,NA,NA,NA,NA,NA,NA,NA,NA,NA,NA,NA,NA,NA,NA,NA,NA,NA,NA,NA,NA,NA,NA,NA,NA,NA,NA,NA,NA,NA,NA,NA,NA,NA,NA,NA,NA,NA,NA,NA,NA,NA,NA,NA,NA,NA,NA,NA,NA,NA,NA,NA,NA,NA,NA,NA,NA,NA,NA,NA,NA,NA,NA,NA,NA,NA,NA,NA,NA,NA,NA,NA,NA,NA,NA,23-81,2023,202301,Q-26,332.069426,0.0137238482665647,46518.023778749004,162,180,1,73.49,13.55,148,0.2953,0.0989,0,60.34264,-174.07871,89,-0.1,4,EBS,9
NA,NA,NA,NA,NA,NA,NA,NA,NA,NA,NA,NA,NA,NA,NA,NA,NA,NA,NA,NA,NA,NA,NA,NA,NA,NA,NA,NA,NA,NA,NA,NA,NA,NA,NA,NA,NA,NA,NA,NA,NA,NA,NA,NA,NA,NA,NA,NA,NA,NA,NA,NA,NA,NA,NA,NA,NA,NA,NA,NA,NA,NA,NA,NA,NA,NA,NA,NA,NA,NA,NA,NA,NA,NA,NA,NA,NA,NA,NA,NA,NA,NA,NA,NA,23-85,2023,202301,Q-26,332.069426,0.0137238482665647,46518.023778749004,162,180,1,82.57,15.71,NA,0.3141,0.0933,0,60.34264,-174.07871,89,-0.1,4,EBS,9
NA,NA,NA,NA,NA,NA,NA,NA,NA,NA,NA,NA,NA,NA,NA,NA,NA,NA,NA,NA,NA,NA,NA,NA,NA,NA,NA,NA,NA,NA,NA,NA,NA,NA,NA,NA,NA,NA,NA,NA,NA,NA,NA,NA,NA,NA,NA,NA,NA,NA,NA,NA,NA,NA,NA,NA,NA,NA,NA,NA,NA,NA,NA,NA,NA,NA,NA,NA,NA,NA,NA,NA,NA,NA,NA,NA,NA,NA,NA,NA,NA,NA,NA,NA,23-433,2023,202301,Q-27,2587.12298,0.014146145217732,33534.786523,134,192,2,56.58,0,62,0.3052,0.1074,0,60.35148,-174.70663,102,0.8,5,EBS,8
NA,NA,NA,NA,NA,NA,NA,NA,NA,NA,NA,NA,NA,NA,NA,NA,NA,NA,NA,NA,NA,NA,NA,NA,NA,NA,NA,NA,NA,NA,NA,NA,NA,NA,NA,NA,NA,NA,NA,NA,NA,NA,NA,NA,NA,NA,NA,NA,NA,NA,NA,NA,NA,NA,NA,NA,NA,NA,NA,NA,NA,NA,NA,NA,NA,NA,NA,NA,NA,NA,NA,NA,NA,NA,NA,NA,NA,NA,NA,NA,NA,NA,NA,NA,23-434,2023,202301,Q-27,2587.12298,0.014146145217732,33534.786523,134,192,2,53.05,0,48,0.2993,0.1071,0,60.35148,-174.70663,102,0.8,5,EBS,8
NA,NA,NA,NA,NA,NA,NA,NA,NA,NA,NA,NA,NA,NA,NA,NA,NA,NA,NA,NA,NA,NA,NA,NA,NA,NA,NA,NA,NA,NA,NA,NA,NA,NA,NA,NA,NA,NA,NA,NA,NA,NA,NA,NA,NA,NA,NA,NA,NA,NA,NA,NA,NA,NA,NA,NA,NA,NA,NA,NA,NA,NA,NA,NA,NA,NA,NA,NA,NA,NA,NA,NA,NA,NA,NA,NA,NA,NA,NA,NA,NA,NA,NA,NA,23-440,2023,202301,Q-27,2587.12298,0.014146145217732,33534.786523,134,192,2,57.29,0,62,0.3158,0.103,0,60.35148,-174.70663,102,0.8,5,EBS,8
NA,NA,NA,NA,NA,NA,NA,NA,NA,NA,NA,NA,NA,NA,NA,NA,NA,NA,NA,NA,NA,NA,NA,NA,NA,NA,NA,NA,NA,NA,NA,NA,NA,NA,NA,NA,NA,NA,NA,NA,NA,NA,NA,NA,NA,NA,NA,NA,NA,NA,NA,NA,NA,NA,NA,NA,NA,NA,NA,NA,NA,NA,NA,NA,NA,NA,NA,NA,NA,NA,NA,NA,NA,NA,NA,NA,NA,NA,NA,NA,NA,NA,NA,NA,23-451,2023,202301,Q-27,2587.12298,0.014146145217732,33534.786523,134,192,2,45.83,0,34,0.3033,0.1051,0,60.35148,-174.70663,102,0.8,5,EBS,8
NA,NA,NA,NA,NA,NA,NA,NA,NA,NA,NA,NA,NA,NA,NA,NA,NA,NA,NA,NA,NA,NA,NA,NA,NA,NA,NA,NA,NA,NA,NA,NA,NA,NA,NA,NA,NA,NA,NA,NA,NA,NA,NA,NA,NA,NA,NA,NA,NA,NA,NA,NA,NA,NA,NA,NA,NA,NA,NA,NA,NA,NA,NA,NA,NA,NA,NA,NA,NA,NA,NA,NA,NA,NA,NA,NA,NA,NA,NA,NA,NA,NA,NA,NA,23-455,2023,202301,Q-27,2587.12298,0.014146145217732,33534.786523,134,192,2,54.78,0,NA,0.3179,0.1075,0,60.35148,-174.70663,102,0.8,5,EBS,8
NA,NA,NA,NA,NA,NA,NA,NA,NA,NA,NA,NA,NA,NA,NA,NA,NA,NA,NA,NA,NA,NA,NA,NA,NA,NA,NA,NA,NA,NA,NA,NA,NA,NA,NA,NA,NA,NA,NA,NA,NA,NA,NA,NA,NA,NA,NA,NA,NA,NA,NA,NA,NA,NA,NA,NA,NA,NA,NA,NA,NA,NA,NA,NA,NA,NA,NA,NA,NA,NA,NA,NA,NA,NA,NA,NA,NA,NA,NA,NA,NA,NA,NA,NA,23-457,2023,202301,Q-27,2587.12298,0.014146145217732,33534.786523,134,192,2,42.77,0,NA,0.3004,0.101,0,60.35148,-174.70663,102,0.8,5,EBS,8
NA,NA,NA,NA,NA,NA,NA,NA,NA,NA,NA,NA,NA,NA,NA,NA,NA,NA,NA,NA,NA,NA,NA,NA,NA,NA,NA,NA,NA,NA,NA,NA,NA,NA,NA,NA,NA,NA,NA,NA,NA,NA,NA,NA,NA,NA,NA,NA,NA,NA,NA,NA,NA,NA,NA,NA,NA,NA,NA,NA,NA,NA,NA,NA,NA,NA,NA,NA,NA,NA,NA,NA,NA,NA,NA,NA,NA,NA,NA,NA,NA,NA,NA,NA,23-462,2023,202301,Q-27,2587.12298,0.014146145217732,33534.786523,134,192,2,54.73,0,NA,0.3262,0.1263,0,60.35148,-174.70663,102,0.8,5,EBS,8
NA,NA,NA,NA,NA,NA,NA,NA,NA,NA,NA,NA,NA,NA,NA,NA,NA,NA,NA,NA,NA,NA,NA,NA,NA,NA,NA,NA,NA,NA,NA,NA,NA,NA,NA,NA,NA,NA,NA,NA,NA,NA,NA,NA,NA,NA,NA,NA,NA,NA,NA,NA,NA,NA,NA,NA,NA,NA,NA,NA,NA,NA,NA,NA,NA,NA,NA,NA,NA,NA,NA,NA,NA,NA,NA,NA,NA,NA,NA,NA,NA,NA,NA,NA,23-466,2023,202301,Q-27,2587.12298,0.014146145217732,33534.786523,134,192,2,56.54,0,60,0.3142,0.1134,0,60.35148,-174.70663,102,0.8,5,EBS,8
NA,NA,NA,NA,NA,NA,NA,NA,NA,NA,NA,NA,NA,NA,NA,NA,NA,NA,NA,NA,NA,NA,NA,NA,NA,NA,NA,NA,NA,NA,NA,NA,NA,NA,NA,NA,NA,NA,NA,NA,NA,NA,NA,NA,NA,NA,NA,NA,NA,NA,NA,NA,NA,NA,NA,NA,NA,NA,NA,NA,NA,NA,NA,NA,NA,NA,NA,NA,NA,NA,NA,NA,NA,NA,NA,NA,NA,NA,NA,NA,NA,NA,NA,NA,23-473,2023,202301,Q-27,2587.12298,0.014146145217732,33534.786523,134,192,2,57.46,0,62,0.315,0.1106,0,60.35148,-174.70663,102,0.8,5,EBS,8
NA,NA,NA,NA,NA,NA,NA,NA,NA,NA,NA,NA,NA,NA,NA,NA,NA,NA,NA,NA,NA,NA,NA,NA,NA,NA,NA,NA,NA,NA,NA,NA,NA,NA,NA,NA,NA,NA,NA,NA,NA,NA,NA,NA,NA,NA,NA,NA,NA,NA,NA,NA,NA,NA,NA,NA,NA,NA,NA,NA,NA,NA,NA,NA,NA,NA,NA,NA,NA,NA,NA,NA,NA,NA,NA,NA,NA,NA,NA,NA,NA,NA,NA,NA,23-353,2023,202301,Q-28,3262.670632,0.01504059590913,6914.619648605114,134,187,1,77.2,14.33,166,0.3074,0.1057,0,60.33091,-175.40158,112,1.3,5,EBS,8
NA,NA,NA,NA,NA,NA,NA,NA,NA,NA,NA,NA,NA,NA,NA,NA,NA,NA,NA,NA,NA,NA,NA,NA,NA,NA,NA,NA,NA,NA,NA,NA,NA,NA,NA,NA,NA,NA,NA,NA,NA,NA,NA,NA,NA,NA,NA,NA,NA,NA,NA,NA,NA,NA,NA,NA,NA,NA,NA,NA,NA,NA,NA,NA,NA,NA,NA,NA,NA,NA,NA,NA,NA,NA,NA,NA,NA,NA,NA,NA,NA,NA,NA,NA,23-405,2023,202301,Q-28,3262.670632,0.01504059590913,6914.619648605114,134,187,1,74.59,12.88,160,0.3472,0.1227,0,60.33091,-175.40158,112,1.3,5,EBS,8
NA,NA,NA,NA,NA,NA,NA,NA,NA,NA,NA,NA,NA,NA,NA,NA,NA,NA,NA,NA,NA,NA,NA,NA,NA,NA,NA,NA,NA,NA,NA,NA,NA,NA,NA,NA,NA,NA,NA,NA,NA,NA,NA,NA,NA,NA,NA,NA,NA,NA,NA,NA,NA,NA,NA,NA,NA,NA,NA,NA,NA,NA,NA,NA,NA,NA,NA,NA,NA,NA,NA,NA,NA,NA,NA,NA,NA,NA,NA,NA,NA,NA,NA,NA,23-412,2023,202301,Q-28,3262.670632,0.01504059590913,6914.619648605114,134,187,1,86.73,15.31,228,0.323,0.0965,0,60.33091,-175.40158,112,1.3,5,EBS,8
NA,NA,NA,NA,NA,NA,NA,NA,NA,NA,NA,NA,NA,NA,NA,NA,NA,NA,NA,NA,NA,NA,NA,NA,NA,NA,NA,NA,NA,NA,NA,NA,NA,NA,NA,NA,NA,NA,NA,NA,NA,NA,NA,NA,NA,NA,NA,NA,NA,NA,NA,NA,NA,NA,NA,NA,NA,NA,NA,NA,NA,NA,NA,NA,NA,NA,NA,NA,NA,NA,NA,NA,NA,NA,NA,NA,NA,NA,NA,NA,NA,NA,NA,NA,23-419,2023,202301,Q-28,3262.670632,0.01504059590913,6914.619648605114,134,187,1,71.06,11.82,130,0.3201,0.1038,0,60.33091,-175.40158,112,1.3,5,EBS,8
NA,NA,NA,NA,NA,NA,NA,NA,NA,NA,NA,NA,NA,NA,NA,NA,NA,NA,NA,NA,NA,NA,NA,NA,NA,NA,NA,NA,NA,NA,NA,NA,NA,NA,NA,NA,NA,NA,NA,NA,NA,NA,NA,NA,NA,NA,NA,NA,NA,NA,NA,NA,NA,NA,NA,NA,NA,NA,NA,NA,NA,NA,NA,NA,NA,NA,NA,NA,NA,NA,NA,NA,NA,NA,NA,NA,NA,NA,NA,NA,NA,NA,NA,NA,23-420,2023,202301,Q-28,3262.670632,0.01504059590913,6914.619648605114,134,187,1,72.71,12.94,132,0.3432,0.1008,0,60.33091,-175.40158,112,1.3,5,EBS,8
NA,NA,NA,NA,NA,NA,NA,NA,NA,NA,NA,NA,NA,NA,NA,NA,NA,NA,NA,NA,NA,NA,NA,NA,NA,NA,NA,NA,NA,NA,NA,NA,NA,NA,NA,NA,NA,NA,NA,NA,NA,NA,NA,NA,NA,NA,NA,NA,NA,NA,NA,NA,NA,NA,NA,NA,NA,NA,NA,NA,NA,NA,NA,NA,NA,NA,NA,NA,NA,NA,NA,NA,NA,NA,NA,NA,NA,NA,NA,NA,NA,NA,NA,NA,23-66,2023,202301,Q-31,7142.378627,0.01418330631616965,634.548799791454,162,200,2,52.89,0,46,0.3531,0.1057,0,60.34304,-177.38637,147,1.8,5,EBS,8
NA,NA,NA,NA,NA,NA,NA,NA,NA,NA,NA,NA,NA,NA,NA,NA,NA,NA,NA,NA,NA,NA,NA,NA,NA,NA,NA,NA,NA,NA,NA,NA,NA,NA,NA,NA,NA,NA,NA,NA,NA,NA,NA,NA,NA,NA,NA,NA,NA,NA,NA,NA,NA,NA,NA,NA,NA,NA,NA,NA,NA,NA,NA,NA,NA,NA,NA,NA,NA,NA,NA,NA,NA,NA,NA,NA,NA,NA,NA,NA,NA,NA,NA,NA,23-61,2023,202301,QP2625,314.334996,0.0151093710119682,13911.0092560114,162,178,1,72.75,12.3,138,0.3151,0.0949,0,60.13701,-173.76575,87,0,4,EBS,9
NA,NA,NA,NA,NA,NA,NA,NA,NA,NA,NA,NA,NA,NA,NA,NA,NA,NA,NA,NA,NA,NA,NA,NA,NA,NA,NA,NA,NA,NA,NA,NA,NA,NA,NA,NA,NA,NA,NA,NA,NA,NA,NA,NA,NA,NA,NA,NA,NA,NA,NA,NA,NA,NA,NA,NA,NA,NA,NA,NA,NA,NA,NA,NA,NA,NA,NA,NA,NA,NA,NA,NA,NA,NA,NA,NA,NA,NA,NA,NA,NA,NA,NA,NA,23-67,2023,202301,QP2625,314.334996,0.0151093710119682,13911.0092560114,162,178,1,72.53,14.33,NA,0.314,0.1298,1,60.13701,-173.76575,87,0,4,EBS,9
NA,NA,NA,NA,NA,NA,NA,NA,NA,NA,NA,NA,NA,NA,NA,NA,NA,NA,NA,NA,NA,NA,NA,NA,NA,NA,NA,NA,NA,NA,NA,NA,NA,NA,NA,NA,NA,NA,NA,NA,NA,NA,NA,NA,NA,NA,NA,NA,NA,NA,NA,NA,NA,NA,NA,NA,NA,NA,NA,NA,NA,NA,NA,NA,NA,NA,NA,NA,NA,NA,NA,NA,NA,NA,NA,NA,NA,NA,NA,NA,NA,NA,NA,NA,23-73,2023,202301,QP2625,314.334996,0.0151093710119682,13911.0092560114,162,178,1,77.9,14.19,NA,0.327,0.0504,0,60.13701,-173.76575,87,0,4,EBS,9
NA,NA,NA,NA,NA,NA,NA,NA,NA,NA,NA,NA,NA,NA,NA,NA,NA,NA,NA,NA,NA,NA,NA,NA,NA,NA,NA,NA,NA,NA,NA,NA,NA,NA,NA,NA,NA,NA,NA,NA,NA,NA,NA,NA,NA,NA,NA,NA,NA,NA,NA,NA,NA,NA,NA,NA,NA,NA,NA,NA,NA,NA,NA,NA,NA,NA,NA,NA,NA,NA,NA,NA,NA,NA,NA,NA,NA,NA,NA,NA,NA,NA,NA,NA,23-77,2023,202301,QP2625,314.334996,0.0151093710119682,13911.0092560114,162,178,1,81.33,14.14,NA,0.3125,0.0934,0,60.13701,-173.76575,87,0,4,EBS,9
NA,NA,NA,NA,NA,NA,NA,NA,NA,NA,NA,NA,NA,NA,NA,NA,NA,NA,NA,NA,NA,NA,NA,NA,NA,NA,NA,NA,NA,NA,NA,NA,NA,NA,NA,NA,NA,NA,NA,NA,NA,NA,NA,NA,NA,NA,NA,NA,NA,NA,NA,NA,NA,NA,NA,NA,NA,NA,NA,NA,NA,NA,NA,NA,NA,NA,NA,NA,NA,NA,NA,NA,NA,NA,NA,NA,NA,NA,NA,NA,NA,NA,NA,NA,23-82,2023,202301,QP2625,314.334996,0.0151093710119682,13911.0092560114,162,178,1,83.77,16.54,NA,0.3091,0.0896,0,60.13701,-173.76575,87,0,4,EBS,9
NA,NA,NA,NA,NA,NA,NA,NA,NA,NA,NA,NA,NA,NA,NA,NA,NA,NA,NA,NA,NA,NA,NA,NA,NA,NA,NA,NA,NA,NA,NA,NA,NA,NA,NA,NA,NA,NA,NA,NA,NA,NA,NA,NA,NA,NA,NA,NA,NA,NA,NA,NA,NA,NA,NA,NA,NA,NA,NA,NA,NA,NA,NA,NA,NA,NA,NA,NA,NA,NA,NA,NA,NA,NA,NA,NA,NA,NA,NA,NA,NA,NA,NA,NA,23-65,2023,202301,QP2726,3267.767738,0.0146904974802366,11912.462476878727,162,181,1,86.3,15.32,242,0.3057,0.1043,0,60.17071,-174.35513,99,0.5,4,EBS,9
NA,NA,NA,NA,NA,NA,NA,NA,NA,NA,NA,NA,NA,NA,NA,NA,NA,NA,NA,NA,NA,NA,NA,NA,NA,NA,NA,NA,NA,NA,NA,NA,NA,NA,NA,NA,NA,NA,NA,NA,NA,NA,NA,NA,NA,NA,NA,NA,NA,NA,NA,NA,NA,NA,NA,NA,NA,NA,NA,NA,NA,NA,NA,NA,NA,NA,NA,NA,NA,NA,NA,NA,NA,NA,NA,NA,NA,NA,NA,NA,NA,NA,NA,NA,23-83,2023,202301,QP2726,3267.767738,0.0146904974802366,11912.462476878727,162,181,1,79.27,13.71,186,0.3015,0.098,0,60.17071,-174.35513,99,0.5,4,EBS,9
NA,NA,NA,NA,NA,NA,NA,NA,NA,NA,NA,NA,NA,NA,NA,NA,NA,NA,NA,NA,NA,NA,NA,NA,NA,NA,NA,NA,NA,NA,NA,NA,NA,NA,NA,NA,NA,NA,NA,NA,NA,NA,NA,NA,NA,NA,NA,NA,NA,NA,NA,NA,NA,NA,NA,NA,NA,NA,NA,NA,NA,NA,NA,NA,NA,NA,NA,NA,NA,NA,NA,NA,NA,NA,NA,NA,NA,NA,NA,NA,NA,NA,NA,NA,23-385,2023,202301,R-22,100.04290499999999,0.0148482727418025,105147.50484105611,134,151,2,55.25,0,NA,0.3145,0.1046,0,60.65291,-171.43124,63,-1.1,4,EBS,9
NA,NA,NA,NA,NA,NA,NA,NA,NA,NA,NA,NA,NA,NA,NA,NA,NA,NA,NA,NA,NA,NA,NA,NA,NA,NA,NA,NA,NA,NA,NA,NA,NA,NA,NA,NA,NA,NA,NA,NA,NA,NA,NA,NA,NA,NA,NA,NA,NA,NA,NA,NA,NA,NA,NA,NA,NA,NA,NA,NA,NA,NA,NA,NA,NA,NA,NA,NA,NA,NA,NA,NA,NA,NA,NA,NA,NA,NA,NA,NA,NA,NA,NA,NA,23-401,2023,202301,R-22,100.04290499999999,0.0148482727418025,105147.50484105611,134,151,2,55.07,0,52,0.3244,0.1124,0,60.65291,-171.43124,63,-1.1,4,EBS,9
NA,NA,NA,NA,NA,NA,NA,NA,NA,NA,NA,NA,NA,NA,NA,NA,NA,NA,NA,NA,NA,NA,NA,NA,NA,NA,NA,NA,NA,NA,NA,NA,NA,NA,NA,NA,NA,NA,NA,NA,NA,NA,NA,NA,NA,NA,NA,NA,NA,NA,NA,NA,NA,NA,NA,NA,NA,NA,NA,NA,NA,NA,NA,NA,NA,NA,NA,NA,NA,NA,NA,NA,NA,NA,NA,NA,NA,NA,NA,NA,NA,NA,NA,NA,23-402,2023,202301,R-22,100.04290499999999,0.0148482727418025,105147.50484105611,134,151,2,53.43,0,NA,0.3245,0.1022,0,60.65291,-171.43124,63,-1.1,4,EBS,9
NA,NA,NA,NA,NA,NA,NA,NA,NA,NA,NA,NA,NA,NA,NA,NA,NA,NA,NA,NA,NA,NA,NA,NA,NA,NA,NA,NA,NA,NA,NA,NA,NA,NA,NA,NA,NA,NA,NA,NA,NA,NA,NA,NA,NA,NA,NA,NA,NA,NA,NA,NA,NA,NA,NA,NA,NA,NA,NA,NA,NA,NA,NA,NA,NA,NA,NA,NA,NA,NA,NA,NA,NA,NA,NA,NA,NA,NA,NA,NA,NA,NA,NA,NA,23-409,2023,202301,R-22,100.04290499999999,0.0148482727418025,105147.50484105611,134,151,2,50.83,0,44,0.3193,0.1012,0,60.65291,-171.43124,63,-1.1,4,EBS,9
NA,NA,NA,NA,NA,NA,NA,NA,NA,NA,NA,NA,NA,NA,NA,NA,NA,NA,NA,NA,NA,NA,NA,NA,NA,NA,NA,NA,NA,NA,NA,NA,NA,NA,NA,NA,NA,NA,NA,NA,NA,NA,NA,NA,NA,NA,NA,NA,NA,NA,NA,NA,NA,NA,NA,NA,NA,NA,NA,NA,NA,NA,NA,NA,NA,NA,NA,NA,NA,NA,NA,NA,NA,NA,NA,NA,NA,NA,NA,NA,NA,NA,NA,NA,23-410,2023,202301,R-22,100.04290499999999,0.0148482727418025,105147.50484105611,134,151,2,55.02,0,NA,0.34,0.1026,0,60.65291,-171.43124,63,-1.1,4,EBS,9
NA,NA,NA,NA,NA,NA,NA,NA,NA,NA,NA,NA,NA,NA,NA,NA,NA,NA,NA,NA,NA,NA,NA,NA,NA,NA,NA,NA,NA,NA,NA,NA,NA,NA,NA,NA,NA,NA,NA,NA,NA,NA,NA,NA,NA,NA,NA,NA,NA,NA,NA,NA,NA,NA,NA,NA,NA,NA,NA,NA,NA,NA,NA,NA,NA,NA,NA,NA,NA,NA,NA,NA,NA,NA,NA,NA,NA,NA,NA,NA,NA,NA,NA,NA,23-330,2023,202301,R-23,164.78276,0.0147348928919478,21033.764023447235,134,152,2,52.09,0,46,0.3653,0.1115,0,60.66061,-172.10918,61,-1.2,4,EBS,9
NA,NA,NA,NA,NA,NA,NA,NA,NA,NA,NA,NA,NA,NA,NA,NA,NA,NA,NA,NA,NA,NA,NA,NA,NA,NA,NA,NA,NA,NA,NA,NA,NA,NA,NA,NA,NA,NA,NA,NA,NA,NA,NA,NA,NA,NA,NA,NA,NA,NA,NA,NA,NA,NA,NA,NA,NA,NA,NA,NA,NA,NA,NA,NA,NA,NA,NA,NA,NA,NA,NA,NA,NA,NA,NA,NA,NA,NA,NA,NA,NA,NA,NA,NA,23-365,2023,202301,R-23,164.78276,0.0147348928919478,21033.764023447235,134,152,2,55.41,0,54,0.3268,0.0975,0,60.66061,-172.10918,61,-1.2,4,EBS,9
NA,NA,NA,NA,NA,NA,NA,NA,NA,NA,NA,NA,NA,NA,NA,NA,NA,NA,NA,NA,NA,NA,NA,NA,NA,NA,NA,NA,NA,NA,NA,NA,NA,NA,NA,NA,NA,NA,NA,NA,NA,NA,NA,NA,NA,NA,NA,NA,NA,NA,NA,NA,NA,NA,NA,NA,NA,NA,NA,NA,NA,NA,NA,NA,NA,NA,NA,NA,NA,NA,NA,NA,NA,NA,NA,NA,NA,NA,NA,NA,NA,NA,NA,NA,23-413,2023,202301,R-23,164.78276,0.0147348928919478,21033.764023447235,134,152,2,53.06,0,48,0.3083,0.0976,0,60.66061,-172.10918,61,-1.2,4,EBS,9
NA,NA,NA,NA,NA,NA,NA,NA,NA,NA,NA,NA,NA,NA,NA,NA,NA,NA,NA,NA,NA,NA,NA,NA,NA,NA,NA,NA,NA,NA,NA,NA,NA,NA,NA,NA,NA,NA,NA,NA,NA,NA,NA,NA,NA,NA,NA,NA,NA,NA,NA,NA,NA,NA,NA,NA,NA,NA,NA,NA,NA,NA,NA,NA,NA,NA,NA,NA,NA,NA,NA,NA,NA,NA,NA,NA,NA,NA,NA,NA,NA,NA,NA,NA,23-415,2023,202301,R-23,164.78276,0.0147348928919478,21033.764023447235,134,152,2,51.44,0,42,0.3271,0.0908,0,60.66061,-172.10918,61,-1.2,4,EBS,9
NA,NA,NA,NA,NA,NA,NA,NA,NA,NA,NA,NA,NA,NA,NA,NA,NA,NA,NA,NA,NA,NA,NA,NA,NA,NA,NA,NA,NA,NA,NA,NA,NA,NA,NA,NA,NA,NA,NA,NA,NA,NA,NA,NA,NA,NA,NA,NA,NA,NA,NA,NA,NA,NA,NA,NA,NA,NA,NA,NA,NA,NA,NA,NA,NA,NA,NA,NA,NA,NA,NA,NA,NA,NA,NA,NA,NA,NA,NA,NA,NA,NA,NA,NA,23-416,2023,202301,R-23,164.78276,0.0147348928919478,21033.764023447235,134,152,2,53.91,0,50,0.3386,0.1022,0,60.66061,-172.10918,61,-1.2,4,EBS,9
NA,NA,NA,NA,NA,NA,NA,NA,NA,NA,NA,NA,NA,NA,NA,NA,NA,NA,NA,NA,NA,NA,NA,NA,NA,NA,NA,NA,NA,NA,NA,NA,NA,NA,NA,NA,NA,NA,NA,NA,NA,NA,NA,NA,NA,NA,NA,NA,NA,NA,NA,NA,NA,NA,NA,NA,NA,NA,NA,NA,NA,NA,NA,NA,NA,NA,NA,NA,NA,NA,NA,NA,NA,NA,NA,NA,NA,NA,NA,NA,NA,NA,NA,NA,23-432,2023,202301,R-28,4362.050099,0.014461267740546,24336.756383622014,134,190,2,62.86,0,80,0.3018,0.1106,0,60.6681,-175.44834,107,0.4,5,EBS,8
NA,NA,NA,NA,NA,NA,NA,NA,NA,NA,NA,NA,NA,NA,NA,NA,NA,NA,NA,NA,NA,NA,NA,NA,NA,NA,NA,NA,NA,NA,NA,NA,NA,NA,NA,NA,NA,NA,NA,NA,NA,NA,NA,NA,NA,NA,NA,NA,NA,NA,NA,NA,NA,NA,NA,NA,NA,NA,NA,NA,NA,NA,NA,NA,NA,NA,NA,NA,NA,NA,NA,NA,NA,NA,NA,NA,NA,NA,NA,NA,NA,NA,NA,NA,23-447,2023,202301,R-28,4362.050099,0.014461267740546,24336.756383622014,134,190,2,55.48,0,52,0.3144,0.1191,0,60.6681,-175.44834,107,0.4,5,EBS,8
NA,NA,NA,NA,NA,NA,NA,NA,NA,NA,NA,NA,NA,NA,NA,NA,NA,NA,NA,NA,NA,NA,NA,NA,NA,NA,NA,NA,NA,NA,NA,NA,NA,NA,NA,NA,NA,NA,NA,NA,NA,NA,NA,NA,NA,NA,NA,NA,NA,NA,NA,NA,NA,NA,NA,NA,NA,NA,NA,NA,NA,NA,NA,NA,NA,NA,NA,NA,NA,NA,NA,NA,NA,NA,NA,NA,NA,NA,NA,NA,NA,NA,NA,NA,23-448,2023,202301,R-28,4362.050099,0.014461267740546,24336.756383622014,134,190,2,59.72,0,68,0.3075,0.0948,0,60.6681,-175.44834,107,0.4,5,EBS,8
NA,NA,NA,NA,NA,NA,NA,NA,NA,NA,NA,NA,NA,NA,NA,NA,NA,NA,NA,NA,NA,NA,NA,NA,NA,NA,NA,NA,NA,NA,NA,NA,NA,NA,NA,NA,NA,NA,NA,NA,NA,NA,NA,NA,NA,NA,NA,NA,NA,NA,NA,NA,NA,NA,NA,NA,NA,NA,NA,NA,NA,NA,NA,NA,NA,NA,NA,NA,NA,NA,NA,NA,NA,NA,NA,NA,NA,NA,NA,NA,NA,NA,NA,NA,23-460,2023,202301,R-28,4362.050099,0.014461267740546,24336.756383622014,134,190,2,51.02,0,46,0.3154,0.0972,0,60.6681,-175.44834,107,0.4,5,EBS,8
NA,NA,NA,NA,NA,NA,NA,NA,NA,NA,NA,NA,NA,NA,NA,NA,NA,NA,NA,NA,NA,NA,NA,NA,NA,NA,NA,NA,NA,NA,NA,NA,NA,NA,NA,NA,NA,NA,NA,NA,NA,NA,NA,NA,NA,NA,NA,NA,NA,NA,NA,NA,NA,NA,NA,NA,NA,NA,NA,NA,NA,NA,NA,NA,NA,NA,NA,NA,NA,NA,NA,NA,NA,NA,NA,NA,NA,NA,NA,NA,NA,NA,NA,NA,23-464,2023,202301,R-28,4362.050099,0.014461267740546,24336.756383622014,134,190,2,57.34,0,54,0.3153,0.0999,0,60.6681,-175.44834,107,0.4,5,EBS,8
NA,NA,NA,NA,NA,NA,NA,NA,NA,NA,NA,NA,NA,NA,NA,NA,NA,NA,NA,NA,NA,NA,NA,NA,NA,NA,NA,NA,NA,NA,NA,NA,NA,NA,NA,NA,NA,NA,NA,NA,NA,NA,NA,NA,NA,NA,NA,NA,NA,NA,NA,NA,NA,NA,NA,NA,NA,NA,NA,NA,NA,NA,NA,NA,NA,NA,NA,NA,NA,NA,NA,NA,NA,NA,NA,NA,NA,NA,NA,NA,NA,NA,NA,NA,23-469,2023,202301,R-28,4362.050099,0.014461267740546,24336.756383622014,134,190,1,70.64,12.15,NA,0.3258,0.105,0,60.6681,-175.44834,107,0.4,5,EBS,8
NA,NA,NA,NA,NA,NA,NA,NA,NA,NA,NA,NA,NA,NA,NA,NA,NA,NA,NA,NA,NA,NA,NA,NA,NA,NA,NA,NA,NA,NA,NA,NA,NA,NA,NA,NA,NA,NA,NA,NA,NA,NA,NA,NA,NA,NA,NA,NA,NA,NA,NA,NA,NA,NA,NA,NA,NA,NA,NA,NA,NA,NA,NA,NA,NA,NA,NA,NA,NA,NA,NA,NA,NA,NA,NA,NA,NA,NA,NA,NA,NA,NA,NA,NA,23-470,2023,202301,R-28,4362.050099,0.014461267740546,24336.756383622014,134,190,1,76.35,16.44,NA,0.3036,0.1147,1,60.6681,-175.44834,107,0.4,5,EBS,8
NA,NA,NA,NA,NA,NA,NA,NA,NA,NA,NA,NA,NA,NA,NA,NA,NA,NA,NA,NA,NA,NA,NA,NA,NA,NA,NA,NA,NA,NA,NA,NA,NA,NA,NA,NA,NA,NA,NA,NA,NA,NA,NA,NA,NA,NA,NA,NA,NA,NA,NA,NA,NA,NA,NA,NA,NA,NA,NA,NA,NA,NA,NA,NA,NA,NA,NA,NA,NA,NA,NA,NA,NA,NA,NA,NA,NA,NA,NA,NA,NA,NA,NA,NA,23-478,2023,202301,R-28,4362.050099,0.014461267740546,24336.756383622014,134,190,1,71.52,12.04,NA,0.313,0.1025,0,60.6681,-175.44834,107,0.4,5,EBS,8
NA,NA,NA,NA,NA,NA,NA,NA,NA,NA,NA,NA,NA,NA,NA,NA,NA,NA,NA,NA,NA,NA,NA,NA,NA,NA,NA,NA,NA,NA,NA,NA,NA,NA,NA,NA,NA,NA,NA,NA,NA,NA,NA,NA,NA,NA,NA,NA,NA,NA,NA,NA,NA,NA,NA,NA,NA,NA,NA,NA,NA,NA,NA,NA,NA,NA,NA,NA,NA,NA,NA,NA,NA,NA,NA,NA,NA,NA,NA,NA,NA,NA,NA,NA,23-479,2023,202301,R-28,4362.050099,0.014461267740546,24336.756383622014,134,190,1,91.8,21.72,334,0.3095,0.10780000000000001,1,60.6681,-175.44834,107,0.4,5,EBS,8
NA,NA,NA,NA,NA,NA,NA,NA,NA,NA,NA,NA,NA,NA,NA,NA,NA,NA,NA,NA,NA,NA,NA,NA,NA,NA,NA,NA,NA,NA,NA,NA,NA,NA,NA,NA,NA,NA,NA,NA,NA,NA,NA,NA,NA,NA,NA,NA,NA,NA,NA,NA,NA,NA,NA,NA,NA,NA,NA,NA,NA,NA,NA,NA,NA,NA,NA,NA,NA,NA,NA,NA,NA,NA,NA,NA,NA,NA,NA,NA,NA,NA,NA,NA,23-480,2023,202301,R-28,4362.050099,0.014461267740546,24336.756383622014,134,190,1,92.56,21.8,368,0.3299,0.129,1,60.6681,-175.44834,107,0.4,5,EBS,8
NA,NA,NA,NA,NA,NA,NA,NA,NA,NA,NA,NA,NA,NA,NA,NA,NA,NA,NA,NA,NA,NA,NA,NA,NA,NA,NA,NA,NA,NA,NA,NA,NA,NA,NA,NA,NA,NA,NA,NA,NA,NA,NA,NA,NA,NA,NA,NA,NA,NA,NA,NA,NA,NA,NA,NA,NA,NA,NA,NA,NA,NA,NA,NA,NA,NA,NA,NA,NA,NA,NA,NA,NA,NA,NA,NA,NA,NA,NA,NA,NA,NA,NA,NA,23-411,2023,202301,R-29,5373.552146,0.014587183801344,7883.632753664515,134,189,1,96.94,17.76,NA,0.316,0.0953,0,60.67284,-176.20668,119,1.1,5,EBS,8
NA,NA,NA,NA,NA,NA,NA,NA,NA,NA,NA,NA,NA,NA,NA,NA,NA,NA,NA,NA,NA,NA,NA,NA,NA,NA,NA,NA,NA,NA,NA,NA,NA,NA,NA,NA,NA,NA,NA,NA,NA,NA,NA,NA,NA,NA,NA,NA,NA,NA,NA,NA,NA,NA,NA,NA,NA,NA,NA,NA,NA,NA,NA,NA,NA,NA,NA,NA,NA,NA,NA,NA,NA,NA,NA,NA,NA,NA,NA,NA,NA,NA,NA,NA,23-456,2023,202301,R-29,5373.552146,0.014587183801344,7883.632753664515,134,189,1,80.2,14.48,NA,0.3342,0.1159,0,60.67284,-176.20668,119,1.1,5,EBS,8
NA,NA,NA,NA,NA,NA,NA,NA,NA,NA,NA,NA,NA,NA,NA,NA,NA,NA,NA,NA,NA,NA,NA,NA,NA,NA,NA,NA,NA,NA,NA,NA,NA,NA,NA,NA,NA,NA,NA,NA,NA,NA,NA,NA,NA,NA,NA,NA,NA,NA,NA,NA,NA,NA,NA,NA,NA,NA,NA,NA,NA,NA,NA,NA,NA,NA,NA,NA,NA,NA,NA,NA,NA,NA,NA,NA,NA,NA,NA,NA,NA,NA,NA,NA,23-474,2023,202301,R-29,5373.552146,0.014587183801344,7883.632753664515,134,189,1,82.15,14.83,204,0.3144,0.1144,0,60.67284,-176.20668,119,1.1,5,EBS,8
NA,NA,NA,NA,NA,NA,NA,NA,NA,NA,NA,NA,NA,NA,NA,NA,NA,NA,NA,NA,NA,NA,NA,NA,NA,NA,NA,NA,NA,NA,NA,NA,NA,NA,NA,NA,NA,NA,NA,NA,NA,NA,NA,NA,NA,NA,NA,NA,NA,NA,NA,NA,NA,NA,NA,NA,NA,NA,NA,NA,NA,NA,NA,NA,NA,NA,NA,NA,NA,NA,NA,NA,NA,NA,NA,NA,NA,NA,NA,NA,NA,NA,NA,NA,23-477,2023,202301,R-29,5373.552146,0.014587183801344,7883.632753664515,134,189,1,80.19,14.05,200,0.3291,0.1102,0,60.67284,-176.20668,119,1.1,5,EBS,8
NA,NA,NA,NA,NA,NA,NA,NA,NA,NA,NA,NA,NA,NA,NA,NA,NA,NA,NA,NA,NA,NA,NA,NA,NA,NA,NA,NA,NA,NA,NA,NA,NA,NA,NA,NA,NA,NA,NA,NA,NA,NA,NA,NA,NA,NA,NA,NA,NA,NA,NA,NA,NA,NA,NA,NA,NA,NA,NA,NA,NA,NA,NA,NA,NA,NA,NA,NA,NA,NA,NA,NA,NA,NA,NA,NA,NA,NA,NA,NA,NA,NA,NA,NA,23-84,2023,202302,AA-01,7417.765403,0.0121091226043788,281272.00221495534,162,35,1,51.15,8.27,52,0.3209,0.1107,0,63.6852,-168.2721,33,2.8,8,NBS,12
NA,NA,NA,NA,NA,NA,NA,NA,NA,NA,NA,NA,NA,NA,NA,NA,NA,NA,NA,NA,NA,NA,NA,NA,NA,NA,NA,NA,NA,NA,NA,NA,NA,NA,NA,NA,NA,NA,NA,NA,NA,NA,NA,NA,NA,NA,NA,NA,NA,NA,NA,NA,NA,NA,NA,NA,NA,NA,NA,NA,NA,NA,NA,NA,NA,NA,NA,NA,NA,NA,NA,NA,NA,NA,NA,NA,NA,NA,NA,NA,NA,NA,NA,NA,23-104,2023,202302,AA-01,7417.765403,0.0121091226043788,281272.00221495534,162,35,1,53.58,9.1,56,0.3645,0.137,0,63.6852,-168.2721,33,2.8,8,NBS,12
NA,NA,NA,NA,NA,NA,NA,NA,NA,NA,NA,NA,NA,NA,NA,NA,NA,NA,NA,NA,NA,NA,NA,NA,NA,NA,NA,NA,NA,NA,NA,NA,NA,NA,NA,NA,NA,NA,NA,NA,NA,NA,NA,NA,NA,NA,NA,NA,NA,NA,NA,NA,NA,NA,NA,NA,NA,NA,NA,NA,NA,NA,NA,NA,NA,NA,NA,NA,NA,NA,NA,NA,NA,NA,NA,NA,NA,NA,NA,NA,NA,NA,NA,NA,23-106,2023,202302,AA-01,7417.765403,0.0121091226043788,281272.00221495534,162,35,1,50.01,8.35,40,0.3275,0.0969,0,63.6852,-168.2721,33,2.8,8,NBS,12
NA,NA,NA,NA,NA,NA,NA,NA,NA,NA,NA,NA,NA,NA,NA,NA,NA,NA,NA,NA,NA,NA,NA,NA,NA,NA,NA,NA,NA,NA,NA,NA,NA,NA,NA,NA,NA,NA,NA,NA,NA,NA,NA,NA,NA,NA,NA,NA,NA,NA,NA,NA,NA,NA,NA,NA,NA,NA,NA,NA,NA,NA,NA,NA,NA,NA,NA,NA,NA,NA,NA,NA,NA,NA,NA,NA,NA,NA,NA,NA,NA,NA,NA,NA,23-115,2023,202302,AA-01,7417.765403,0.0121091226043788,281272.00221495534,162,35,1,51.62,10.2,54,0.3235,0.12,1,63.6852,-168.2721,33,2.8,8,NBS,12
NA,NA,NA,NA,NA,NA,NA,NA,NA,NA,NA,NA,NA,NA,NA,NA,NA,NA,NA,NA,NA,NA,NA,NA,NA,NA,NA,NA,NA,NA,NA,NA,NA,NA,NA,NA,NA,NA,NA,NA,NA,NA,NA,NA,NA,NA,NA,NA,NA,NA,NA,NA,NA,NA,NA,NA,NA,NA,NA,NA,NA,NA,NA,NA,NA,NA,NA,NA,NA,NA,NA,NA,NA,NA,NA,NA,NA,NA,NA,NA,NA,NA,NA,NA,23-126,2023,202302,AA-01,7417.765403,0.0121091226043788,281272.00221495534,162,35,2,44.69,0,26,0.3346,0.1,0,63.6852,-168.2721,33,2.8,8,NBS,12
NA,NA,NA,NA,NA,NA,NA,NA,NA,NA,NA,NA,NA,NA,NA,NA,NA,NA,NA,NA,NA,NA,NA,NA,NA,NA,NA,NA,NA,NA,NA,NA,NA,NA,NA,NA,NA,NA,NA,NA,NA,NA,NA,NA,NA,NA,NA,NA,NA,NA,NA,NA,NA,NA,NA,NA,NA,NA,NA,NA,NA,NA,NA,NA,NA,NA,NA,NA,NA,NA,NA,NA,NA,NA,NA,NA,NA,NA,NA,NA,NA,NA,NA,NA,23-130,2023,202302,AA-01,7417.765403,0.0121091226043788,281272.00221495534,162,35,1,56.53,9.86,66,0.3306,0.0897,0,63.6852,-168.2721,33,2.8,8,NBS,12
NA,NA,NA,NA,NA,NA,NA,NA,NA,NA,NA,NA,NA,NA,NA,NA,NA,NA,NA,NA,NA,NA,NA,NA,NA,NA,NA,NA,NA,NA,NA,NA,NA,NA,NA,NA,NA,NA,NA,NA,NA,NA,NA,NA,NA,NA,NA,NA,NA,NA,NA,NA,NA,NA,NA,NA,NA,NA,NA,NA,NA,NA,NA,NA,NA,NA,NA,NA,NA,NA,NA,NA,NA,NA,NA,NA,NA,NA,NA,NA,NA,NA,NA,NA,23-142,2023,202302,AA-01,7417.765403,0.0121091226043788,281272.00221495534,162,35,1,51.45,8.16,48,0.3004,0.1226,0,63.6852,-168.2721,33,2.8,8,NBS,12
NA,NA,NA,NA,NA,NA,NA,NA,NA,NA,NA,NA,NA,NA,NA,NA,NA,NA,NA,NA,NA,NA,NA,NA,NA,NA,NA,NA,NA,NA,NA,NA,NA,NA,NA,NA,NA,NA,NA,NA,NA,NA,NA,NA,NA,NA,NA,NA,NA,NA,NA,NA,NA,NA,NA,NA,NA,NA,NA,NA,NA,NA,NA,NA,NA,NA,NA,NA,NA,NA,NA,NA,NA,NA,NA,NA,NA,NA,NA,NA,NA,NA,NA,NA,23-143,2023,202302,AA-01,7417.765403,0.0121091226043788,281272.00221495534,162,35,1,52.56,8.47,52,0.3282,0.1355,0,63.6852,-168.2721,33,2.8,8,NBS,12
NA,NA,NA,NA,NA,NA,NA,NA,NA,NA,NA,NA,NA,NA,NA,NA,NA,NA,NA,NA,NA,NA,NA,NA,NA,NA,NA,NA,NA,NA,NA,NA,NA,NA,NA,NA,NA,NA,NA,NA,NA,NA,NA,NA,NA,NA,NA,NA,NA,NA,NA,NA,NA,NA,NA,NA,NA,NA,NA,NA,NA,NA,NA,NA,NA,NA,NA,NA,NA,NA,NA,NA,NA,NA,NA,NA,NA,NA,NA,NA,NA,NA,NA,NA,23-144,2023,202302,AA-01,7417.765403,0.0121091226043788,281272.00221495534,162,35,1,50.72,8.18,54,0.3047,0.0943,0,63.6852,-168.2721,33,2.8,8,NBS,12
NA,NA,NA,NA,NA,NA,NA,NA,NA,NA,NA,NA,NA,NA,NA,NA,NA,NA,NA,NA,NA,NA,NA,NA,NA,NA,NA,NA,NA,NA,NA,NA,NA,NA,NA,NA,NA,NA,NA,NA,NA,NA,NA,NA,NA,NA,NA,NA,NA,NA,NA,NA,NA,NA,NA,NA,NA,NA,NA,NA,NA,NA,NA,NA,NA,NA,NA,NA,NA,NA,NA,NA,NA,NA,NA,NA,NA,NA,NA,NA,NA,NA,NA,NA,23-152,2023,202302,AA-01,7417.765403,0.0121091226043788,281272.00221495534,162,35,1,53.7,9.05,54,0.326,0.1005,0,63.6852,-168.2721,33,2.8,8,NBS,12
NA,NA,NA,NA,NA,NA,NA,NA,NA,NA,NA,NA,NA,NA,NA,NA,NA,NA,NA,NA,NA,NA,NA,NA,NA,NA,NA,NA,NA,NA,NA,NA,NA,NA,NA,NA,NA,NA,NA,NA,NA,NA,NA,NA,NA,NA,NA,NA,NA,NA,NA,NA,NA,NA,NA,NA,NA,NA,NA,NA,NA,NA,NA,NA,NA,NA,NA,NA,NA,NA,NA,NA,NA,NA,NA,NA,NA,NA,NA,NA,NA,NA,NA,NA,23-156,2023,202302,AA-01,7417.765403,0.0121091226043788,281272.00221495534,162,35,1,57.17,9.66,60,0.3057,0.0968,0,63.6852,-168.2721,33,2.8,8,NBS,12
NA,NA,NA,NA,NA,NA,NA,NA,NA,NA,NA,NA,NA,NA,NA,NA,NA,NA,NA,NA,NA,NA,NA,NA,NA,NA,NA,NA,NA,NA,NA,NA,NA,NA,NA,NA,NA,NA,NA,NA,NA,NA,NA,NA,NA,NA,NA,NA,NA,NA,NA,NA,NA,NA,NA,NA,NA,NA,NA,NA,NA,NA,NA,NA,NA,NA,NA,NA,NA,NA,NA,NA,NA,NA,NA,NA,NA,NA,NA,NA,NA,NA,NA,NA,23-168,2023,202302,AA-01,7417.765403,0.0121091226043788,281272.00221495534,162,35,1,54.8,12.52,66,0.3178,0.1114,1,63.6852,-168.2721,33,2.8,8,NBS,12
NA,NA,NA,NA,NA,NA,NA,NA,NA,NA,NA,NA,NA,NA,NA,NA,NA,NA,NA,NA,NA,NA,NA,NA,NA,NA,NA,NA,NA,NA,NA,NA,NA,NA,NA,NA,NA,NA,NA,NA,NA,NA,NA,NA,NA,NA,NA,NA,NA,NA,NA,NA,NA,NA,NA,NA,NA,NA,NA,NA,NA,NA,NA,NA,NA,NA,NA,NA,NA,NA,NA,NA,NA,NA,NA,NA,NA,NA,NA,NA,NA,NA,NA,NA,23-191,2023,202302,AA-01,7417.765403,0.0121091226043788,281272.00221495534,162,35,2,55.64,0,54,0.3041,0.0994,0,63.6852,-168.2721,33,2.8,8,NBS,12
NA,NA,NA,NA,NA,NA,NA,NA,NA,NA,NA,NA,NA,NA,NA,NA,NA,NA,NA,NA,NA,NA,NA,NA,NA,NA,NA,NA,NA,NA,NA,NA,NA,NA,NA,NA,NA,NA,NA,NA,NA,NA,NA,NA,NA,NA,NA,NA,NA,NA,NA,NA,NA,NA,NA,NA,NA,NA,NA,NA,NA,NA,NA,NA,NA,NA,NA,NA,NA,NA,NA,NA,NA,NA,NA,NA,NA,NA,NA,NA,NA,NA,NA,NA,23-200,2023,202302,AA-01,7417.765403,0.0121091226043788,281272.00221495534,162,35,1,54.45,9.08,62,0.3152,0.1086,0,63.6852,-168.2721,33,2.8,8,NBS,12
NA,NA,NA,NA,NA,NA,NA,NA,NA,NA,NA,NA,NA,NA,NA,NA,NA,NA,NA,NA,NA,NA,NA,NA,NA,NA,NA,NA,NA,NA,NA,NA,NA,NA,NA,NA,NA,NA,NA,NA,NA,NA,NA,NA,NA,NA,NA,NA,NA,NA,NA,NA,NA,NA,NA,NA,NA,NA,NA,NA,NA,NA,NA,NA,NA,NA,NA,NA,NA,NA,NA,NA,NA,NA,NA,NA,NA,NA,NA,NA,NA,NA,NA,NA,23-201,2023,202302,AA-01,7417.765403,0.0121091226043788,281272.00221495534,162,35,2,44.78,0,32,0.3308,0.0974,0,63.6852,-168.2721,33,2.8,8,NBS,12
NA,NA,NA,NA,NA,NA,NA,NA,NA,NA,NA,NA,NA,NA,NA,NA,NA,NA,NA,NA,NA,NA,NA,NA,NA,NA,NA,NA,NA,NA,NA,NA,NA,NA,NA,NA,NA,NA,NA,NA,NA,NA,NA,NA,NA,NA,NA,NA,NA,NA,NA,NA,NA,NA,NA,NA,NA,NA,NA,NA,NA,NA,NA,NA,NA,NA,NA,NA,NA,NA,NA,NA,NA,NA,NA,NA,NA,NA,NA,NA,NA,NA,NA,NA,23-205,2023,202302,AA-01,7417.765403,0.0121091226043788,281272.00221495534,162,35,2,42.76,0,26,0.3032,0.0989,0,63.6852,-168.2721,33,2.8,8,NBS,12
NA,NA,NA,NA,NA,NA,NA,NA,NA,NA,NA,NA,NA,NA,NA,NA,NA,NA,NA,NA,NA,NA,NA,NA,NA,NA,NA,NA,NA,NA,NA,NA,NA,NA,NA,NA,NA,NA,NA,NA,NA,NA,NA,NA,NA,NA,NA,NA,NA,NA,NA,NA,NA,NA,NA,NA,NA,NA,NA,NA,NA,NA,NA,NA,NA,NA,NA,NA,NA,NA,NA,NA,NA,NA,NA,NA,NA,NA,NA,NA,NA,NA,NA,NA,23-210,2023,202302,AA-01,7417.765403,0.0121091226043788,281272.00221495534,162,35,1,51.17,9.19,50,0.3683,0.1183,0,63.6852,-168.2721,33,2.8,8,NBS,12
NA,NA,NA,NA,NA,NA,NA,NA,NA,NA,NA,NA,NA,NA,NA,NA,NA,NA,NA,NA,NA,NA,NA,NA,NA,NA,NA,NA,NA,NA,NA,NA,NA,NA,NA,NA,NA,NA,NA,NA,NA,NA,NA,NA,NA,NA,NA,NA,NA,NA,NA,NA,NA,NA,NA,NA,NA,NA,NA,NA,NA,NA,NA,NA,NA,NA,NA,NA,NA,NA,NA,NA,NA,NA,NA,NA,NA,NA,NA,NA,NA,NA,NA,NA,23-212,2023,202302,AA-01,7417.765403,0.0121091226043788,281272.00221495534,162,35,1,56.47,11.35,72,0.3473,0.1313,1,63.6852,-168.2721,33,2.8,8,NBS,12
NA,NA,NA,NA,NA,NA,NA,NA,NA,NA,NA,NA,NA,NA,NA,NA,NA,NA,NA,NA,NA,NA,NA,NA,NA,NA,NA,NA,NA,NA,NA,NA,NA,NA,NA,NA,NA,NA,NA,NA,NA,NA,NA,NA,NA,NA,NA,NA,NA,NA,NA,NA,NA,NA,NA,NA,NA,NA,NA,NA,NA,NA,NA,NA,NA,NA,NA,NA,NA,NA,NA,NA,NA,NA,NA,NA,NA,NA,NA,NA,NA,NA,NA,NA,23-213,2023,202302,AA-01,7417.765403,0.0121091226043788,281272.00221495534,162,35,1,51.18,8.98,52,0.2993,0.0946,0,63.6852,-168.2721,33,2.8,8,NBS,12
NA,NA,NA,NA,NA,NA,NA,NA,NA,NA,NA,NA,NA,NA,NA,NA,NA,NA,NA,NA,NA,NA,NA,NA,NA,NA,NA,NA,NA,NA,NA,NA,NA,NA,NA,NA,NA,NA,NA,NA,NA,NA,NA,NA,NA,NA,NA,NA,NA,NA,NA,NA,NA,NA,NA,NA,NA,NA,NA,NA,NA,NA,NA,NA,NA,NA,NA,NA,NA,NA,NA,NA,NA,NA,NA,NA,NA,NA,NA,NA,NA,NA,NA,NA,23-216,2023,202302,AA-01,7417.765403,0.0121091226043788,281272.00221495534,162,35,1,51.95,8.52,NA,0.3099,0.1065,0,63.6852,-168.2721,33,2.8,8,NBS,12
NA,NA,NA,NA,NA,NA,NA,NA,NA,NA,NA,NA,NA,NA,NA,NA,NA,NA,NA,NA,NA,NA,NA,NA,NA,NA,NA,NA,NA,NA,NA,NA,NA,NA,NA,NA,NA,NA,NA,NA,NA,NA,NA,NA,NA,NA,NA,NA,NA,NA,NA,NA,NA,NA,NA,NA,NA,NA,NA,NA,NA,NA,NA,NA,NA,NA,NA,NA,NA,NA,NA,NA,NA,NA,NA,NA,NA,NA,NA,NA,NA,NA,NA,NA,23-218,2023,202302,AA-01,7417.765403,0.0121091226043788,281272.00221495534,162,35,2,43.14,0,28,0.3075,0.0992,0,63.6852,-168.2721,33,2.8,8,NBS,12
NA,NA,NA,NA,NA,NA,NA,NA,NA,NA,NA,NA,NA,NA,NA,NA,NA,NA,NA,NA,NA,NA,NA,NA,NA,NA,NA,NA,NA,NA,NA,NA,NA,NA,NA,NA,NA,NA,NA,NA,NA,NA,NA,NA,NA,NA,NA,NA,NA,NA,NA,NA,NA,NA,NA,NA,NA,NA,NA,NA,NA,NA,NA,NA,NA,NA,NA,NA,NA,NA,NA,NA,NA,NA,NA,NA,NA,NA,NA,NA,NA,NA,NA,NA,23-219,2023,202302,AA-01,7417.765403,0.0121091226043788,281272.00221495534,162,35,1,51.46,9.76,92,0.3358,0.1413,0,63.6852,-168.2721,33,2.8,8,NBS,12
NA,NA,NA,NA,NA,NA,NA,NA,NA,NA,NA,NA,NA,NA,NA,NA,NA,NA,NA,NA,NA,NA,NA,NA,NA,NA,NA,NA,NA,NA,NA,NA,NA,NA,NA,NA,NA,NA,NA,NA,NA,NA,NA,NA,NA,NA,NA,NA,NA,NA,NA,NA,NA,NA,NA,NA,NA,NA,NA,NA,NA,NA,NA,NA,NA,NA,NA,NA,NA,NA,NA,NA,NA,NA,NA,NA,NA,NA,NA,NA,NA,NA,NA,NA,23-220,2023,202302,AA-01,7417.765403,0.0121091226043788,281272.00221495534,162,35,1,53.07,11.26,68,0.3196,0.0853,1,63.6852,-168.2721,33,2.8,8,NBS,12
NA,NA,NA,NA,NA,NA,NA,NA,NA,NA,NA,NA,NA,NA,NA,NA,NA,NA,NA,NA,NA,NA,NA,NA,NA,NA,NA,NA,NA,NA,NA,NA,NA,NA,NA,NA,NA,NA,NA,NA,NA,NA,NA,NA,NA,NA,NA,NA,NA,NA,NA,NA,NA,NA,NA,NA,NA,NA,NA,NA,NA,NA,NA,NA,NA,NA,NA,NA,NA,NA,NA,NA,NA,NA,NA,NA,NA,NA,NA,NA,NA,NA,NA,NA,23-101,2023,202302,AA-18,7195.274546,0.013434970793211,10867.161696680216,162,10,2,42.73,0,30,0.2983,0.0974,0,63.66763,-169.03946,36,2.7,8,NBS,12
NA,NA,NA,NA,NA,NA,NA,NA,NA,NA,NA,NA,NA,NA,NA,NA,NA,NA,NA,NA,NA,NA,NA,NA,NA,NA,NA,NA,NA,NA,NA,NA,NA,NA,NA,NA,NA,NA,NA,NA,NA,NA,NA,NA,NA,NA,NA,NA,NA,NA,NA,NA,NA,NA,NA,NA,NA,NA,NA,NA,NA,NA,NA,NA,NA,NA,NA,NA,NA,NA,NA,NA,NA,NA,NA,NA,NA,NA,NA,NA,NA,NA,NA,NA,23-114,2023,202302,AA-18,7195.274546,0.013434970793211,10867.161696680216,162,10,2,44.82,0,NA,0.302,0.0921,0,63.66763,-169.03946,36,2.7,8,NBS,12
NA,NA,NA,NA,NA,NA,NA,NA,NA,NA,NA,NA,NA,NA,NA,NA,NA,NA,NA,NA,NA,NA,NA,NA,NA,NA,NA,NA,NA,NA,NA,NA,NA,NA,NA,NA,NA,NA,NA,NA,NA,NA,NA,NA,NA,NA,NA,NA,NA,NA,NA,NA,NA,NA,NA,NA,NA,NA,NA,NA,NA,NA,NA,NA,NA,NA,NA,NA,NA,NA,NA,NA,NA,NA,NA,NA,NA,NA,NA,NA,NA,NA,NA,NA,23-120,2023,202302,AA-18,7195.274546,0.013434970793211,10867.161696680216,162,10,2,44.88,0,26,0.3085,0.098,0,63.66763,-169.03946,36,2.7,8,NBS,12
NA,NA,NA,NA,NA,NA,NA,NA,NA,NA,NA,NA,NA,NA,NA,NA,NA,NA,NA,NA,NA,NA,NA,NA,NA,NA,NA,NA,NA,NA,NA,NA,NA,NA,NA,NA,NA,NA,NA,NA,NA,NA,NA,NA,NA,NA,NA,NA,NA,NA,NA,NA,NA,NA,NA,NA,NA,NA,NA,NA,NA,NA,NA,NA,NA,NA,NA,NA,NA,NA,NA,NA,NA,NA,NA,NA,NA,NA,NA,NA,NA,NA,NA,NA,23-124,2023,202302,AA-18,7195.274546,0.013434970793211,10867.161696680216,162,10,2,42.79,0,32,0.3354,0.1201,0,63.66763,-169.03946,36,2.7,8,NBS,12
NA,NA,NA,NA,NA,NA,NA,NA,NA,NA,NA,NA,NA,NA,NA,NA,NA,NA,NA,NA,NA,NA,NA,NA,NA,NA,NA,NA,NA,NA,NA,NA,NA,NA,NA,NA,NA,NA,NA,NA,NA,NA,NA,NA,NA,NA,NA,NA,NA,NA,NA,NA,NA,NA,NA,NA,NA,NA,NA,NA,NA,NA,NA,NA,NA,NA,NA,NA,NA,NA,NA,NA,NA,NA,NA,NA,NA,NA,NA,NA,NA,NA,NA,NA,23-125,2023,202302,AA-18,7195.274546,0.013434970793211,10867.161696680216,162,10,2,44.07,0,26,0.3117,0.1047,0,63.66763,-169.03946,36,2.7,8,NBS,12
NA,NA,NA,NA,NA,NA,NA,NA,NA,NA,NA,NA,NA,NA,NA,NA,NA,NA,NA,NA,NA,NA,NA,NA,NA,NA,NA,NA,NA,NA,NA,NA,NA,NA,NA,NA,NA,NA,NA,NA,NA,NA,NA,NA,NA,NA,NA,NA,NA,NA,NA,NA,NA,NA,NA,NA,NA,NA,NA,NA,NA,NA,NA,NA,NA,NA,NA,NA,NA,NA,NA,NA,NA,NA,NA,NA,NA,NA,NA,NA,NA,NA,NA,NA,23-128,2023,202302,AA-18,7195.274546,0.013434970793211,10867.161696680216,162,10,1,52.08,8.72,58,0.3024,0.1303,0,63.66763,-169.03946,36,2.7,8,NBS,12
NA,NA,NA,NA,NA,NA,NA,NA,NA,NA,NA,NA,NA,NA,NA,NA,NA,NA,NA,NA,NA,NA,NA,NA,NA,NA,NA,NA,NA,NA,NA,NA,NA,NA,NA,NA,NA,NA,NA,NA,NA,NA,NA,NA,NA,NA,NA,NA,NA,NA,NA,NA,NA,NA,NA,NA,NA,NA,NA,NA,NA,NA,NA,NA,NA,NA,NA,NA,NA,NA,NA,NA,NA,NA,NA,NA,NA,NA,NA,NA,NA,NA,NA,NA,23-129,2023,202302,AA-18,7195.274546,0.013434970793211,10867.161696680216,162,10,2,41.97,0,26,0.3036,0.1246,0,63.66763,-169.03946,36,2.7,8,NBS,12
NA,NA,NA,NA,NA,NA,NA,NA,NA,NA,NA,NA,NA,NA,NA,NA,NA,NA,NA,NA,NA,NA,NA,NA,NA,NA,NA,NA,NA,NA,NA,NA,NA,NA,NA,NA,NA,NA,NA,NA,NA,NA,NA,NA,NA,NA,NA,NA,NA,NA,NA,NA,NA,NA,NA,NA,NA,NA,NA,NA,NA,NA,NA,NA,NA,NA,NA,NA,NA,NA,NA,NA,NA,NA,NA,NA,NA,NA,NA,NA,NA,NA,NA,NA,23-133,2023,202302,AA-18,7195.274546,0.013434970793211,10867.161696680216,162,10,2,46.52,0,38,0.3281,0.1195,0,63.66763,-169.03946,36,2.7,8,NBS,12
NA,NA,NA,NA,NA,NA,NA,NA,NA,NA,NA,NA,NA,NA,NA,NA,NA,NA,NA,NA,NA,NA,NA,NA,NA,NA,NA,NA,NA,NA,NA,NA,NA,NA,NA,NA,NA,NA,NA,NA,NA,NA,NA,NA,NA,NA,NA,NA,NA,NA,NA,NA,NA,NA,NA,NA,NA,NA,NA,NA,NA,NA,NA,NA,NA,NA,NA,NA,NA,NA,NA,NA,NA,NA,NA,NA,NA,NA,NA,NA,NA,NA,NA,NA,23-134,2023,202302,AA-18,7195.274546,0.013434970793211,10867.161696680216,162,10,1,51.56,11.6,NA,0.3147,0.1193,1,63.66763,-169.03946,36,2.7,8,NBS,12
NA,NA,NA,NA,NA,NA,NA,NA,NA,NA,NA,NA,NA,NA,NA,NA,NA,NA,NA,NA,NA,NA,NA,NA,NA,NA,NA,NA,NA,NA,NA,NA,NA,NA,NA,NA,NA,NA,NA,NA,NA,NA,NA,NA,NA,NA,NA,NA,NA,NA,NA,NA,NA,NA,NA,NA,NA,NA,NA,NA,NA,NA,NA,NA,NA,NA,NA,NA,NA,NA,NA,NA,NA,NA,NA,NA,NA,NA,NA,NA,NA,NA,NA,NA,23-158,2023,202302,AA-18,7195.274546,0.013434970793211,10867.161696680216,162,10,2,43.81,0,32,0.3077,0.1102,0,63.66763,-169.03946,36,2.7,8,NBS,12
NA,NA,NA,NA,NA,NA,NA,NA,NA,NA,NA,NA,NA,NA,NA,NA,NA,NA,NA,NA,NA,NA,NA,NA,NA,NA,NA,NA,NA,NA,NA,NA,NA,NA,NA,NA,NA,NA,NA,NA,NA,NA,NA,NA,NA,NA,NA,NA,NA,NA,NA,NA,NA,NA,NA,NA,NA,NA,NA,NA,NA,NA,NA,NA,NA,NA,NA,NA,NA,NA,NA,NA,NA,NA,NA,NA,NA,NA,NA,NA,NA,NA,NA,NA,23-164,2023,202302,AA-18,7195.274546,0.013434970793211,10867.161696680216,162,10,2,43.29,0,30,0.2998,0.1158,0,63.66763,-169.03946,36,2.7,8,NBS,12
NA,NA,NA,NA,NA,NA,NA,NA,NA,NA,NA,NA,NA,NA,NA,NA,NA,NA,NA,NA,NA,NA,NA,NA,NA,NA,NA,NA,NA,NA,NA,NA,NA,NA,NA,NA,NA,NA,NA,NA,NA,NA,NA,NA,NA,NA,NA,NA,NA,NA,NA,NA,NA,NA,NA,NA,NA,NA,NA,NA,NA,NA,NA,NA,NA,NA,NA,NA,NA,NA,NA,NA,NA,NA,NA,NA,NA,NA,NA,NA,NA,NA,NA,NA,23-167,2023,202302,AA-18,7195.274546,0.013434970793211,10867.161696680216,162,10,2,44.24,0,32,0.307,0.0997,0,63.66763,-169.03946,36,2.7,8,NBS,12
NA,NA,NA,NA,NA,NA,NA,NA,NA,NA,NA,NA,NA,NA,NA,NA,NA,NA,NA,NA,NA,NA,NA,NA,NA,NA,NA,NA,NA,NA,NA,NA,NA,NA,NA,NA,NA,NA,NA,NA,NA,NA,NA,NA,NA,NA,NA,NA,NA,NA,NA,NA,NA,NA,NA,NA,NA,NA,NA,NA,NA,NA,NA,NA,NA,NA,NA,NA,NA,NA,NA,NA,NA,NA,NA,NA,NA,NA,NA,NA,NA,NA,NA,NA,23-183,2023,202302,AA-18,7195.274546,0.013434970793211,10867.161696680216,162,10,2,41.82,0,NA,0.3132,0.1174,0,63.66763,-169.03946,36,2.7,8,NBS,12
NA,NA,NA,NA,NA,NA,NA,NA,NA,NA,NA,NA,NA,NA,NA,NA,NA,NA,NA,NA,NA,NA,NA,NA,NA,NA,NA,NA,NA,NA,NA,NA,NA,NA,NA,NA,NA,NA,NA,NA,NA,NA,NA,NA,NA,NA,NA,NA,NA,NA,NA,NA,NA,NA,NA,NA,NA,NA,NA,NA,NA,NA,NA,NA,NA,NA,NA,NA,NA,NA,NA,NA,NA,NA,NA,NA,NA,NA,NA,NA,NA,NA,NA,NA,23-186,2023,202302,AA-18,7195.274546,0.013434970793211,10867.161696680216,162,10,2,51.51,0,NA,0.2973,0.1137,0,63.66763,-169.03946,36,2.7,8,NBS,12
NA,NA,NA,NA,NA,NA,NA,NA,NA,NA,NA,NA,NA,NA,NA,NA,NA,NA,NA,NA,NA,NA,NA,NA,NA,NA,NA,NA,NA,NA,NA,NA,NA,NA,NA,NA,NA,NA,NA,NA,NA,NA,NA,NA,NA,NA,NA,NA,NA,NA,NA,NA,NA,NA,NA,NA,NA,NA,NA,NA,NA,NA,NA,NA,NA,NA,NA,NA,NA,NA,NA,NA,NA,NA,NA,NA,NA,NA,NA,NA,NA,NA,NA,NA,23-197,2023,202302,AA-18,7195.274546,0.013434970793211,10867.161696680216,162,10,2,56.56,0,60,0.3165,0.107,0,63.66763,-169.03946,36,2.7,8,NBS,12
NA,NA,NA,NA,NA,NA,NA,NA,NA,NA,NA,NA,NA,NA,NA,NA,NA,NA,NA,NA,NA,NA,NA,NA,NA,NA,NA,NA,NA,NA,NA,NA,NA,NA,NA,NA,NA,NA,NA,NA,NA,NA,NA,NA,NA,NA,NA,NA,NA,NA,NA,NA,NA,NA,NA,NA,NA,NA,NA,NA,NA,NA,NA,NA,NA,NA,NA,NA,NA,NA,NA,NA,NA,NA,NA,NA,NA,NA,NA,NA,NA,NA,NA,NA,23-112,2023,202302,AA-22,1066.239584,0.01301031080214195,2382.7255529434638,162,3,2,41.69,0,26,0.3005,0.0904,0,63.54793,-172.00571,37,2.7,8,NBS,12
NA,NA,NA,NA,NA,NA,NA,NA,NA,NA,NA,NA,NA,NA,NA,NA,NA,NA,NA,NA,NA,NA,NA,NA,NA,NA,NA,NA,NA,NA,NA,NA,NA,NA,NA,NA,NA,NA,NA,NA,NA,NA,NA,NA,NA,NA,NA,NA,NA,NA,NA,NA,NA,NA,NA,NA,NA,NA,NA,NA,NA,NA,NA,NA,NA,NA,NA,NA,NA,NA,NA,NA,NA,NA,NA,NA,NA,NA,NA,NA,NA,NA,NA,NA,23-194,2023,202302,AA-22,1066.239584,0.01301031080214195,2382.7255529434638,162,3,2,45.11,0,32,0.3047,0.1025,0,63.54793,-172.00571,37,2.7,8,NBS,12
NA,NA,NA,NA,NA,NA,NA,NA,NA,NA,NA,NA,NA,NA,NA,NA,NA,NA,NA,NA,NA,NA,NA,NA,NA,NA,NA,NA,NA,NA,NA,NA,NA,NA,NA,NA,NA,NA,NA,NA,NA,NA,NA,NA,NA,NA,NA,NA,NA,NA,NA,NA,NA,NA,NA,NA,NA,NA,NA,NA,NA,NA,NA,NA,NA,NA,NA,NA,NA,NA,NA,NA,NA,NA,NA,NA,NA,NA,NA,NA,NA,NA,NA,NA,23-102,2023,202302,BB-19,24566.517102,0.0134472265298316,190778.1685917748,162,8,1,62.18,10.86,NA,0.3072,0.1259,0,63.98959,-169.78633,34,3.2,9,NBS,13
NA,NA,NA,NA,NA,NA,NA,NA,NA,NA,NA,NA,NA,NA,NA,NA,NA,NA,NA,NA,NA,NA,NA,NA,NA,NA,NA,NA,NA,NA,NA,NA,NA,NA,NA,NA,NA,NA,NA,NA,NA,NA,NA,NA,NA,NA,NA,NA,NA,NA,NA,NA,NA,NA,NA,NA,NA,NA,NA,NA,NA,NA,NA,NA,NA,NA,NA,NA,NA,NA,NA,NA,NA,NA,NA,NA,NA,NA,NA,NA,NA,NA,NA,NA,23-103,2023,202302,BB-19,24566.517102,0.0134472265298316,190778.1685917748,162,8,1,52.98,10.41,60,0.3378,0.1338,1,63.98959,-169.78633,34,3.2,9,NBS,13
NA,NA,NA,NA,NA,NA,NA,NA,NA,NA,NA,NA,NA,NA,NA,NA,NA,NA,NA,NA,NA,NA,NA,NA,NA,NA,NA,NA,NA,NA,NA,NA,NA,NA,NA,NA,NA,NA,NA,NA,NA,NA,NA,NA,NA,NA,NA,NA,NA,NA,NA,NA,NA,NA,NA,NA,NA,NA,NA,NA,NA,NA,NA,NA,NA,NA,NA,NA,NA,NA,NA,NA,NA,NA,NA,NA,NA,NA,NA,NA,NA,NA,NA,NA,23-119,2023,202302,BB-19,24566.517102,0.0134472265298316,190778.1685917748,162,8,1,49.93,8.23,NA,0.3114,0.1377,0,63.98959,-169.78633,34,3.2,9,NBS,13
NA,NA,NA,NA,NA,NA,NA,NA,NA,NA,NA,NA,NA,NA,NA,NA,NA,NA,NA,NA,NA,NA,NA,NA,NA,NA,NA,NA,NA,NA,NA,NA,NA,NA,NA,NA,NA,NA,NA,NA,NA,NA,NA,NA,NA,NA,NA,NA,NA,NA,NA,NA,NA,NA,NA,NA,NA,NA,NA,NA,NA,NA,NA,NA,NA,NA,NA,NA,NA,NA,NA,NA,NA,NA,NA,NA,NA,NA,NA,NA,NA,NA,NA,NA,23-122,2023,202302,BB-19,24566.517102,0.0134472265298316,190778.1685917748,162,8,1,51.45,10.89,56,0.3127,0.1216,1,63.98959,-169.78633,34,3.2,9,NBS,13
NA,NA,NA,NA,NA,NA,NA,NA,NA,NA,NA,NA,NA,NA,NA,NA,NA,NA,NA,NA,NA,NA,NA,NA,NA,NA,NA,NA,NA,NA,NA,NA,NA,NA,NA,NA,NA,NA,NA,NA,NA,NA,NA,NA,NA,NA,NA,NA,NA,NA,NA,NA,NA,NA,NA,NA,NA,NA,NA,NA,NA,NA,NA,NA,NA,NA,NA,NA,NA,NA,NA,NA,NA,NA,NA,NA,NA,NA,NA,NA,NA,NA,NA,NA,23-159,2023,202302,BB-19,24566.517102,0.0134472265298316,190778.1685917748,162,8,1,50.39,7.86,45,0.315,0.1346,0,63.98959,-169.78633,34,3.2,9,NBS,13
NA,NA,NA,NA,NA,NA,NA,NA,NA,NA,NA,NA,NA,NA,NA,NA,NA,NA,NA,NA,NA,NA,NA,NA,NA,NA,NA,NA,NA,NA,NA,NA,NA,NA,NA,NA,NA,NA,NA,NA,NA,NA,NA,NA,NA,NA,NA,NA,NA,NA,NA,NA,NA,NA,NA,NA,NA,NA,NA,NA,NA,NA,NA,NA,NA,NA,NA,NA,NA,NA,NA,NA,NA,NA,NA,NA,NA,NA,NA,NA,NA,NA,NA,NA,23-165,2023,202302,BB-19,24566.517102,0.0134472265298316,190778.1685917748,162,8,1,56.36,9.15,74,0.3156,0.133,0,63.98959,-169.78633,34,3.2,9,NBS,13
NA,NA,NA,NA,NA,NA,NA,NA,NA,NA,NA,NA,NA,NA,NA,NA,NA,NA,NA,NA,NA,NA,NA,NA,NA,NA,NA,NA,NA,NA,NA,NA,NA,NA,NA,NA,NA,NA,NA,NA,NA,NA,NA,NA,NA,NA,NA,NA,NA,NA,NA,NA,NA,NA,NA,NA,NA,NA,NA,NA,NA,NA,NA,NA,NA,NA,NA,NA,NA,NA,NA,NA,NA,NA,NA,NA,NA,NA,NA,NA,NA,NA,NA,NA,23-182,2023,202302,BB-19,24566.517102,0.0134472265298316,190778.1685917748,162,8,1,51.48,8.31,52,0.2975,0.1165,0,63.98959,-169.78633,34,3.2,9,NBS,13
NA,NA,NA,NA,NA,NA,NA,NA,NA,NA,NA,NA,NA,NA,NA,NA,NA,NA,NA,NA,NA,NA,NA,NA,NA,NA,NA,NA,NA,NA,NA,NA,NA,NA,NA,NA,NA,NA,NA,NA,NA,NA,NA,NA,NA,NA,NA,NA,NA,NA,NA,NA,NA,NA,NA,NA,NA,NA,NA,NA,NA,NA,NA,NA,NA,NA,NA,NA,NA,NA,NA,NA,NA,NA,NA,NA,NA,NA,NA,NA,NA,NA,NA,NA,23-185,2023,202302,BB-19,24566.517102,0.0134472265298316,190778.1685917748,162,8,1,50.32,7.62,48,0.3379,0.1334,0,63.98959,-169.78633,34,3.2,9,NBS,13
NA,NA,NA,NA,NA,NA,NA,NA,NA,NA,NA,NA,NA,NA,NA,NA,NA,NA,NA,NA,NA,NA,NA,NA,NA,NA,NA,NA,NA,NA,NA,NA,NA,NA,NA,NA,NA,NA,NA,NA,NA,NA,NA,NA,NA,NA,NA,NA,NA,NA,NA,NA,NA,NA,NA,NA,NA,NA,NA,NA,NA,NA,NA,NA,NA,NA,NA,NA,NA,NA,NA,NA,NA,NA,NA,NA,NA,NA,NA,NA,NA,NA,NA,NA,23-123,2023,202302,BB-20,35803.295837,0.01360178012688,63752.606784631804,162,7,2,46.32,0,30,0.316,0.1311,0,63.99256,-170.54275,30,1.6,9,NBS,13
NA,NA,NA,NA,NA,NA,NA,NA,NA,NA,NA,NA,NA,NA,NA,NA,NA,NA,NA,NA,NA,NA,NA,NA,NA,NA,NA,NA,NA,NA,NA,NA,NA,NA,NA,NA,NA,NA,NA,NA,NA,NA,NA,NA,NA,NA,NA,NA,NA,NA,NA,NA,NA,NA,NA,NA,NA,NA,NA,NA,NA,NA,NA,NA,NA,NA,NA,NA,NA,NA,NA,NA,NA,NA,NA,NA,NA,NA,NA,NA,NA,NA,NA,NA,23-139,2023,202302,BB-20,35803.295837,0.01360178012688,63752.606784631804,162,7,2,44.8,0,28,0.328,0.136,0,63.99256,-170.54275,30,1.6,9,NBS,13
NA,NA,NA,NA,NA,NA,NA,NA,NA,NA,NA,NA,NA,NA,NA,NA,NA,NA,NA,NA,NA,NA,NA,NA,NA,NA,NA,NA,NA,NA,NA,NA,NA,NA,NA,NA,NA,NA,NA,NA,NA,NA,NA,NA,NA,NA,NA,NA,NA,NA,NA,NA,NA,NA,NA,NA,NA,NA,NA,NA,NA,NA,NA,NA,NA,NA,NA,NA,NA,NA,NA,NA,NA,NA,NA,NA,NA,NA,NA,NA,NA,NA,NA,NA,23-161,2023,202302,BB-20,35803.295837,0.01360178012688,63752.606784631804,162,7,2,46.8,0,NA,0.315,0.1161,0,63.99256,-170.54275,30,1.6,9,NBS,13
NA,NA,NA,NA,NA,NA,NA,NA,NA,NA,NA,NA,NA,NA,NA,NA,NA,NA,NA,NA,NA,NA,NA,NA,NA,NA,NA,NA,NA,NA,NA,NA,NA,NA,NA,NA,NA,NA,NA,NA,NA,NA,NA,NA,NA,NA,NA,NA,NA,NA,NA,NA,NA,NA,NA,NA,NA,NA,NA,NA,NA,NA,NA,NA,NA,NA,NA,NA,NA,NA,NA,NA,NA,NA,NA,NA,NA,NA,NA,NA,NA,NA,NA,NA,23-171,2023,202302,BB-20,35803.295837,0.01360178012688,63752.606784631804,162,7,2,45.54,0,NA,0.2999,0.1253,0,63.99256,-170.54275,30,1.6,9,NBS,13
NA,NA,NA,NA,NA,NA,NA,NA,NA,NA,NA,NA,NA,NA,NA,NA,NA,NA,NA,NA,NA,NA,NA,NA,NA,NA,NA,NA,NA,NA,NA,NA,NA,NA,NA,NA,NA,NA,NA,NA,NA,NA,NA,NA,NA,NA,NA,NA,NA,NA,NA,NA,NA,NA,NA,NA,NA,NA,NA,NA,NA,NA,NA,NA,NA,NA,NA,NA,NA,NA,NA,NA,NA,NA,NA,NA,NA,NA,NA,NA,NA,NA,NA,NA,23-91,2023,202302,BB-21,8728.961263,0.0126390558044058,1591198.8997619187,162,5,2,43.87,0,28,0.3613,0.1468,0,63.99967,-171.3382,28,1.4,9,NBS,13
NA,NA,NA,NA,NA,NA,NA,NA,NA,NA,NA,NA,NA,NA,NA,NA,NA,NA,NA,NA,NA,NA,NA,NA,NA,NA,NA,NA,NA,NA,NA,NA,NA,NA,NA,NA,NA,NA,NA,NA,NA,NA,NA,NA,NA,NA,NA,NA,NA,NA,NA,NA,NA,NA,NA,NA,NA,NA,NA,NA,NA,NA,NA,NA,NA,NA,NA,NA,NA,NA,NA,NA,NA,NA,NA,NA,NA,NA,NA,NA,NA,NA,NA,NA,23-105,2023,202302,BB-21,8728.961263,0.0126390558044058,1591198.8997619187,162,5,1,50.05,7.8,43,0.3324,0.141,0,63.99967,-171.3382,28,1.4,9,NBS,13
NA,NA,NA,NA,NA,NA,NA,NA,NA,NA,NA,NA,NA,NA,NA,NA,NA,NA,NA,NA,NA,NA,NA,NA,NA,NA,NA,NA,NA,NA,NA,NA,NA,NA,NA,NA,NA,NA,NA,NA,NA,NA,NA,NA,NA,NA,NA,NA,NA,NA,NA,NA,NA,NA,NA,NA,NA,NA,NA,NA,NA,NA,NA,NA,NA,NA,NA,NA,NA,NA,NA,NA,NA,NA,NA,NA,NA,NA,NA,NA,NA,NA,NA,NA,23-108,2023,202302,BB-21,8728.961263,0.0126390558044058,1591198.8997619187,162,5,1,50.62,8.1,NA,0.3404,0.1522,0,63.99967,-171.3382,28,1.4,9,NBS,13
NA,NA,NA,NA,NA,NA,NA,NA,NA,NA,NA,NA,NA,NA,NA,NA,NA,NA,NA,NA,NA,NA,NA,NA,NA,NA,NA,NA,NA,NA,NA,NA,NA,NA,NA,NA,NA,NA,NA,NA,NA,NA,NA,NA,NA,NA,NA,NA,NA,NA,NA,NA,NA,NA,NA,NA,NA,NA,NA,NA,NA,NA,NA,NA,NA,NA,NA,NA,NA,NA,NA,NA,NA,NA,NA,NA,NA,NA,NA,NA,NA,NA,NA,NA,23-111,2023,202302,BB-21,8728.961263,0.0126390558044058,1591198.8997619187,162,5,2,49.58,0,38,0.3232,0.1472,0,63.99967,-171.3382,28,1.4,9,NBS,13
NA,NA,NA,NA,NA,NA,NA,NA,NA,NA,NA,NA,NA,NA,NA,NA,NA,NA,NA,NA,NA,NA,NA,NA,NA,NA,NA,NA,NA,NA,NA,NA,NA,NA,NA,NA,NA,NA,NA,NA,NA,NA,NA,NA,NA,NA,NA,NA,NA,NA,NA,NA,NA,NA,NA,NA,NA,NA,NA,NA,NA,NA,NA,NA,NA,NA,NA,NA,NA,NA,NA,NA,NA,NA,NA,NA,NA,NA,NA,NA,NA,NA,NA,NA,23-116,2023,202302,BB-21,8728.961263,0.0126390558044058,1591198.8997619187,162,5,2,45.45,0,32,0.3089,0.0991,0,63.99967,-171.3382,28,1.4,9,NBS,13
NA,NA,NA,NA,NA,NA,NA,NA,NA,NA,NA,NA,NA,NA,NA,NA,NA,NA,NA,NA,NA,NA,NA,NA,NA,NA,NA,NA,NA,NA,NA,NA,NA,NA,NA,NA,NA,NA,NA,NA,NA,NA,NA,NA,NA,NA,NA,NA,NA,NA,NA,NA,NA,NA,NA,NA,NA,NA,NA,NA,NA,NA,NA,NA,NA,NA,NA,NA,NA,NA,NA,NA,NA,NA,NA,NA,NA,NA,NA,NA,NA,NA,NA,NA,23-138,2023,202302,BB-21,8728.961263,0.0126390558044058,1591198.8997619187,162,5,1,50.84,8.44,50,0.2928,0.0935,0,63.99967,-171.3382,28,1.4,9,NBS,13
NA,NA,NA,NA,NA,NA,NA,NA,NA,NA,NA,NA,NA,NA,NA,NA,NA,NA,NA,NA,NA,NA,NA,NA,NA,NA,NA,NA,NA,NA,NA,NA,NA,NA,NA,NA,NA,NA,NA,NA,NA,NA,NA,NA,NA,NA,NA,NA,NA,NA,NA,NA,NA,NA,NA,NA,NA,NA,NA,NA,NA,NA,NA,NA,NA,NA,NA,NA,NA,NA,NA,NA,NA,NA,NA,NA,NA,NA,NA,NA,NA,NA,NA,NA,23-140,2023,202302,BB-21,8728.961263,0.0126390558044058,1591198.8997619187,162,5,1,50.71,10,46,0.312,0.1173,1,63.99967,-171.3382,28,1.4,9,NBS,13
NA,NA,NA,NA,NA,NA,NA,NA,NA,NA,NA,NA,NA,NA,NA,NA,NA,NA,NA,NA,NA,NA,NA,NA,NA,NA,NA,NA,NA,NA,NA,NA,NA,NA,NA,NA,NA,NA,NA,NA,NA,NA,NA,NA,NA,NA,NA,NA,NA,NA,NA,NA,NA,NA,NA,NA,NA,NA,NA,NA,NA,NA,NA,NA,NA,NA,NA,NA,NA,NA,NA,NA,NA,NA,NA,NA,NA,NA,NA,NA,NA,NA,NA,NA,23-148,2023,202302,BB-21,8728.961263,0.0126390558044058,1591198.8997619187,162,5,2,42.73,0,38,0.3269,0.1182,0,63.99967,-171.3382,28,1.4,9,NBS,13
NA,NA,NA,NA,NA,NA,NA,NA,NA,NA,NA,NA,NA,NA,NA,NA,NA,NA,NA,NA,NA,NA,NA,NA,NA,NA,NA,NA,NA,NA,NA,NA,NA,NA,NA,NA,NA,NA,NA,NA,NA,NA,NA,NA,NA,NA,NA,NA,NA,NA,NA,NA,NA,NA,NA,NA,NA,NA,NA,NA,NA,NA,NA,NA,NA,NA,NA,NA,NA,NA,NA,NA,NA,NA,NA,NA,NA,NA,NA,NA,NA,NA,NA,NA,23-151,2023,202302,BB-21,8728.961263,0.0126390558044058,1591198.8997619187,162,5,2,47.78,0,NA,0.3037,0.1247,0,63.99967,-171.3382,28,1.4,9,NBS,13
NA,NA,NA,NA,NA,NA,NA,NA,NA,NA,NA,NA,NA,NA,NA,NA,NA,NA,NA,NA,NA,NA,NA,NA,NA,NA,NA,NA,NA,NA,NA,NA,NA,NA,NA,NA,NA,NA,NA,NA,NA,NA,NA,NA,NA,NA,NA,NA,NA,NA,NA,NA,NA,NA,NA,NA,NA,NA,NA,NA,NA,NA,NA,NA,NA,NA,NA,NA,NA,NA,NA,NA,NA,NA,NA,NA,NA,NA,NA,NA,NA,NA,NA,NA,23-155,2023,202302,BB-21,8728.961263,0.0126390558044058,1591198.8997619187,162,5,1,48.61,10.06,44,0.3218,0.1238,1,63.99967,-171.3382,28,1.4,9,NBS,13
NA,NA,NA,NA,NA,NA,NA,NA,NA,NA,NA,NA,NA,NA,NA,NA,NA,NA,NA,NA,NA,NA,NA,NA,NA,NA,NA,NA,NA,NA,NA,NA,NA,NA,NA,NA,NA,NA,NA,NA,NA,NA,NA,NA,NA,NA,NA,NA,NA,NA,NA,NA,NA,NA,NA,NA,NA,NA,NA,NA,NA,NA,NA,NA,NA,NA,NA,NA,NA,NA,NA,NA,NA,NA,NA,NA,NA,NA,NA,NA,NA,NA,NA,NA,23-157,2023,202302,BB-21,8728.961263,0.0126390558044058,1591198.8997619187,162,5,2,43.69,0,NA,0.3316,0.1216,0,63.99967,-171.3382,28,1.4,9,NBS,13
NA,NA,NA,NA,NA,NA,NA,NA,NA,NA,NA,NA,NA,NA,NA,NA,NA,NA,NA,NA,NA,NA,NA,NA,NA,NA,NA,NA,NA,NA,NA,NA,NA,NA,NA,NA,NA,NA,NA,NA,NA,NA,NA,NA,NA,NA,NA,NA,NA,NA,NA,NA,NA,NA,NA,NA,NA,NA,NA,NA,NA,NA,NA,NA,NA,NA,NA,NA,NA,NA,NA,NA,NA,NA,NA,NA,NA,NA,NA,NA,NA,NA,NA,NA,23-172,2023,202302,BB-21,8728.961263,0.0126390558044058,1591198.8997619187,162,5,2,45.67,0,NA,0.3038,0.0999,0,63.99967,-171.3382,28,1.4,9,NBS,13
NA,NA,NA,NA,NA,NA,NA,NA,NA,NA,NA,NA,NA,NA,NA,NA,NA,NA,NA,NA,NA,NA,NA,NA,NA,NA,NA,NA,NA,NA,NA,NA,NA,NA,NA,NA,NA,NA,NA,NA,NA,NA,NA,NA,NA,NA,NA,NA,NA,NA,NA,NA,NA,NA,NA,NA,NA,NA,NA,NA,NA,NA,NA,NA,NA,NA,NA,NA,NA,NA,NA,NA,NA,NA,NA,NA,NA,NA,NA,NA,NA,NA,NA,NA,23-175,2023,202302,BB-21,8728.961263,0.0126390558044058,1591198.8997619187,162,5,1,54.91,8.82,62,0.3052,0.1215,0,63.99967,-171.3382,28,1.4,9,NBS,13
NA,NA,NA,NA,NA,NA,NA,NA,NA,NA,NA,NA,NA,NA,NA,NA,NA,NA,NA,NA,NA,NA,NA,NA,NA,NA,NA,NA,NA,NA,NA,NA,NA,NA,NA,NA,NA,NA,NA,NA,NA,NA,NA,NA,NA,NA,NA,NA,NA,NA,NA,NA,NA,NA,NA,NA,NA,NA,NA,NA,NA,NA,NA,NA,NA,NA,NA,NA,NA,NA,NA,NA,NA,NA,NA,NA,NA,NA,NA,NA,NA,NA,NA,NA,23-177,2023,202302,BB-21,8728.961263,0.0126390558044058,1591198.8997619187,162,5,1,52.9,9.07,NA,0.3181,0.1149,0,63.99967,-171.3382,28,1.4,9,NBS,13
NA,NA,NA,NA,NA,NA,NA,NA,NA,NA,NA,NA,NA,NA,NA,NA,NA,NA,NA,NA,NA,NA,NA,NA,NA,NA,NA,NA,NA,NA,NA,NA,NA,NA,NA,NA,NA,NA,NA,NA,NA,NA,NA,NA,NA,NA,NA,NA,NA,NA,NA,NA,NA,NA,NA,NA,NA,NA,NA,NA,NA,NA,NA,NA,NA,NA,NA,NA,NA,NA,NA,NA,NA,NA,NA,NA,NA,NA,NA,NA,NA,NA,NA,NA,23-188,2023,202302,BB-21,8728.961263,0.0126390558044058,1591198.8997619187,162,5,2,46.67,0,NA,0.3268,0.1429,0,63.99967,-171.3382,28,1.4,9,NBS,13
NA,NA,NA,NA,NA,NA,NA,NA,NA,NA,NA,NA,NA,NA,NA,NA,NA,NA,NA,NA,NA,NA,NA,NA,NA,NA,NA,NA,NA,NA,NA,NA,NA,NA,NA,NA,NA,NA,NA,NA,NA,NA,NA,NA,NA,NA,NA,NA,NA,NA,NA,NA,NA,NA,NA,NA,NA,NA,NA,NA,NA,NA,NA,NA,NA,NA,NA,NA,NA,NA,NA,NA,NA,NA,NA,NA,NA,NA,NA,NA,NA,NA,NA,NA,23-193,2023,202302,BB-21,8728.961263,0.0126390558044058,1591198.8997619187,162,5,2,46,0,30,0.3067,0.1304,0,63.99967,-171.3382,28,1.4,9,NBS,13
NA,NA,NA,NA,NA,NA,NA,NA,NA,NA,NA,NA,NA,NA,NA,NA,NA,NA,NA,NA,NA,NA,NA,NA,NA,NA,NA,NA,NA,NA,NA,NA,NA,NA,NA,NA,NA,NA,NA,NA,NA,NA,NA,NA,NA,NA,NA,NA,NA,NA,NA,NA,NA,NA,NA,NA,NA,NA,NA,NA,NA,NA,NA,NA,NA,NA,NA,NA,NA,NA,NA,NA,NA,NA,NA,NA,NA,NA,NA,NA,NA,NA,NA,NA,23-107,2023,202302,BB-22,43352.123264999995,0.013524151131909,260875.89199411645,162,4,1,64.92,13.24,104,0.3083,0.0631,1,64.01139,-172.00107,53,-0.1,9,NBS,13
NA,NA,NA,NA,NA,NA,NA,NA,NA,NA,NA,NA,NA,NA,NA,NA,NA,NA,NA,NA,NA,NA,NA,NA,NA,NA,NA,NA,NA,NA,NA,NA,NA,NA,NA,NA,NA,NA,NA,NA,NA,NA,NA,NA,NA,NA,NA,NA,NA,NA,NA,NA,NA,NA,NA,NA,NA,NA,NA,NA,NA,NA,NA,NA,NA,NA,NA,NA,NA,NA,NA,NA,NA,NA,NA,NA,NA,NA,NA,NA,NA,NA,NA,NA,23-121,2023,202302,BB-22,43352.123264999995,0.013524151131909,260875.89199411645,162,4,2,46.8,0,28,0.3108,0.0543,0,64.01139,-172.00107,53,-0.1,9,NBS,13
NA,NA,NA,NA,NA,NA,NA,NA,NA,NA,NA,NA,NA,NA,NA,NA,NA,NA,NA,NA,NA,NA,NA,NA,NA,NA,NA,NA,NA,NA,NA,NA,NA,NA,NA,NA,NA,NA,NA,NA,NA,NA,NA,NA,NA,NA,NA,NA,NA,NA,NA,NA,NA,NA,NA,NA,NA,NA,NA,NA,NA,NA,NA,NA,NA,NA,NA,NA,NA,NA,NA,NA,NA,NA,NA,NA,NA,NA,NA,NA,NA,NA,NA,NA,23-132,2023,202302,BB-22,43352.123264999995,0.013524151131909,260875.89199411645,162,4,1,51.64,8.27,40,0.3005,0.057,0,64.01139,-172.00107,53,-0.1,9,NBS,13
NA,NA,NA,NA,NA,NA,NA,NA,NA,NA,NA,NA,NA,NA,NA,NA,NA,NA,NA,NA,NA,NA,NA,NA,NA,NA,NA,NA,NA,NA,NA,NA,NA,NA,NA,NA,NA,NA,NA,NA,NA,NA,NA,NA,NA,NA,NA,NA,NA,NA,NA,NA,NA,NA,NA,NA,NA,NA,NA,NA,NA,NA,NA,NA,NA,NA,NA,NA,NA,NA,NA,NA,NA,NA,NA,NA,NA,NA,NA,NA,NA,NA,NA,NA,23-137,2023,202302,BB-22,43352.123264999995,0.013524151131909,260875.89199411645,162,4,2,45.89,0,32,0.3103,0.081,0,64.01139,-172.00107,53,-0.1,9,NBS,13
NA,NA,NA,NA,NA,NA,NA,NA,NA,NA,NA,NA,NA,NA,NA,NA,NA,NA,NA,NA,NA,NA,NA,NA,NA,NA,NA,NA,NA,NA,NA,NA,NA,NA,NA,NA,NA,NA,NA,NA,NA,NA,NA,NA,NA,NA,NA,NA,NA,NA,NA,NA,NA,NA,NA,NA,NA,NA,NA,NA,NA,NA,NA,NA,NA,NA,NA,NA,NA,NA,NA,NA,NA,NA,NA,NA,NA,NA,NA,NA,NA,NA,NA,NA,23-153,2023,202302,BB-22,43352.123264999995,0.013524151131909,260875.89199411645,162,4,2,53.9,0,24,0.3032,0.0597,0,64.01139,-172.00107,53,-0.1,9,NBS,13
NA,NA,NA,NA,NA,NA,NA,NA,NA,NA,NA,NA,NA,NA,NA,NA,NA,NA,NA,NA,NA,NA,NA,NA,NA,NA,NA,NA,NA,NA,NA,NA,NA,NA,NA,NA,NA,NA,NA,NA,NA,NA,NA,NA,NA,NA,NA,NA,NA,NA,NA,NA,NA,NA,NA,NA,NA,NA,NA,NA,NA,NA,NA,NA,NA,NA,NA,NA,NA,NA,NA,NA,NA,NA,NA,NA,NA,NA,NA,NA,NA,NA,NA,NA,23-162,2023,202302,BB-22,43352.123264999995,0.013524151131909,260875.89199411645,162,4,1,53.96,10.64,70,0.3262,0.0833,1,64.01139,-172.00107,53,-0.1,9,NBS,13
NA,NA,NA,NA,NA,NA,NA,NA,NA,NA,NA,NA,NA,NA,NA,NA,NA,NA,NA,NA,NA,NA,NA,NA,NA,NA,NA,NA,NA,NA,NA,NA,NA,NA,NA,NA,NA,NA,NA,NA,NA,NA,NA,NA,NA,NA,NA,NA,NA,NA,NA,NA,NA,NA,NA,NA,NA,NA,NA,NA,NA,NA,NA,NA,NA,NA,NA,NA,NA,NA,NA,NA,NA,NA,NA,NA,NA,NA,NA,NA,NA,NA,NA,NA,23-169,2023,202302,BB-22,43352.123264999995,0.013524151131909,260875.89199411645,162,4,2,51.83,0,40,0.306,0.0733,0,64.01139,-172.00107,53,-0.1,9,NBS,13
NA,NA,NA,NA,NA,NA,NA,NA,NA,NA,NA,NA,NA,NA,NA,NA,NA,NA,NA,NA,NA,NA,NA,NA,NA,NA,NA,NA,NA,NA,NA,NA,NA,NA,NA,NA,NA,NA,NA,NA,NA,NA,NA,NA,NA,NA,NA,NA,NA,NA,NA,NA,NA,NA,NA,NA,NA,NA,NA,NA,NA,NA,NA,NA,NA,NA,NA,NA,NA,NA,NA,NA,NA,NA,NA,NA,NA,NA,NA,NA,NA,NA,NA,NA,23-176,2023,202302,BB-22,43352.123264999995,0.013524151131909,260875.89199411645,162,4,2,43.89,0,30,0.3106,0.1066,0,64.01139,-172.00107,53,-0.1,9,NBS,13
NA,NA,NA,NA,NA,NA,NA,NA,NA,NA,NA,NA,NA,NA,NA,NA,NA,NA,NA,NA,NA,NA,NA,NA,NA,NA,NA,NA,NA,NA,NA,NA,NA,NA,NA,NA,NA,NA,NA,NA,NA,NA,NA,NA,NA,NA,NA,NA,NA,NA,NA,NA,NA,NA,NA,NA,NA,NA,NA,NA,NA,NA,NA,NA,NA,NA,NA,NA,NA,NA,NA,NA,NA,NA,NA,NA,NA,NA,NA,NA,NA,NA,NA,NA,23-178,2023,202302,BB-22,43352.123264999995,0.013524151131909,260875.89199411645,162,4,2,50.68,0,36,0.3345,0.0708,0,64.01139,-172.00107,53,-0.1,9,NBS,13
NA,NA,NA,NA,NA,NA,NA,NA,NA,NA,NA,NA,NA,NA,NA,NA,NA,NA,NA,NA,NA,NA,NA,NA,NA,NA,NA,NA,NA,NA,NA,NA,NA,NA,NA,NA,NA,NA,NA,NA,NA,NA,NA,NA,NA,NA,NA,NA,NA,NA,NA,NA,NA,NA,NA,NA,NA,NA,NA,NA,NA,NA,NA,NA,NA,NA,NA,NA,NA,NA,NA,NA,NA,NA,NA,NA,NA,NA,NA,NA,NA,NA,NA,NA,23-179,2023,202302,BB-22,43352.123264999995,0.013524151131909,260875.89199411645,162,4,1,72.14,12.14,114,0.3061,0.0572,0,64.01139,-172.00107,53,-0.1,9,NBS,13
NA,NA,NA,NA,NA,NA,NA,NA,NA,NA,NA,NA,NA,NA,NA,NA,NA,NA,NA,NA,NA,NA,NA,NA,NA,NA,NA,NA,NA,NA,NA,NA,NA,NA,NA,NA,NA,NA,NA,NA,NA,NA,NA,NA,NA,NA,NA,NA,NA,NA,NA,NA,NA,NA,NA,NA,NA,NA,NA,NA,NA,NA,NA,NA,NA,NA,NA,NA,NA,NA,NA,NA,NA,NA,NA,NA,NA,NA,NA,NA,NA,NA,NA,NA,23-180,2023,202302,BB-22,43352.123264999995,0.013524151131909,260875.89199411645,162,4,1,71.73,14.04,144,0.325,0.0911,0,64.01139,-172.00107,53,-0.1,9,NBS,13
NA,NA,NA,NA,NA,NA,NA,NA,NA,NA,NA,NA,NA,NA,NA,NA,NA,NA,NA,NA,NA,NA,NA,NA,NA,NA,NA,NA,NA,NA,NA,NA,NA,NA,NA,NA,NA,NA,NA,NA,NA,NA,NA,NA,NA,NA,NA,NA,NA,NA,NA,NA,NA,NA,NA,NA,NA,NA,NA,NA,NA,NA,NA,NA,NA,NA,NA,NA,NA,NA,NA,NA,NA,NA,NA,NA,NA,NA,NA,NA,NA,NA,NA,NA,23-184,2023,202302,BB-22,43352.123264999995,0.013524151131909,260875.89199411645,162,4,2,43.74,0,24,0.3,0.0529,0,64.01139,-172.00107,53,-0.1,9,NBS,13
NA,NA,NA,NA,NA,NA,NA,NA,NA,NA,NA,NA,NA,NA,NA,NA,NA,NA,NA,NA,NA,NA,NA,NA,NA,NA,NA,NA,NA,NA,NA,NA,NA,NA,NA,NA,NA,NA,NA,NA,NA,NA,NA,NA,NA,NA,NA,NA,NA,NA,NA,NA,NA,NA,NA,NA,NA,NA,NA,NA,NA,NA,NA,NA,NA,NA,NA,NA,NA,NA,NA,NA,NA,NA,NA,NA,NA,NA,NA,NA,NA,NA,NA,NA,23-190,2023,202302,BB-22,43352.123264999995,0.013524151131909,260875.89199411645,162,4,1,50.72,8.08,50,0.3075,0.0993,0,64.01139,-172.00107,53,-0.1,9,NBS,13
NA,NA,NA,NA,NA,NA,NA,NA,NA,NA,NA,NA,NA,NA,NA,NA,NA,NA,NA,NA,NA,NA,NA,NA,NA,NA,NA,NA,NA,NA,NA,NA,NA,NA,NA,NA,NA,NA,NA,NA,NA,NA,NA,NA,NA,NA,NA,NA,NA,NA,NA,NA,NA,NA,NA,NA,NA,NA,NA,NA,NA,NA,NA,NA,NA,NA,NA,NA,NA,NA,NA,NA,NA,NA,NA,NA,NA,NA,NA,NA,NA,NA,NA,NA,23-92,2023,202302,W-26,1348.461931,0.01563557087134845,66985.21266781696,162,2,2,44.45,0,26,0.3174,0.1188,0,62.32472,-174.57742,70,-1.6,7,NBS,10
NA,NA,NA,NA,NA,NA,NA,NA,NA,NA,NA,NA,NA,NA,NA,NA,NA,NA,NA,NA,NA,NA,NA,NA,NA,NA,NA,NA,NA,NA,NA,NA,NA,NA,NA,NA,NA,NA,NA,NA,NA,NA,NA,NA,NA,NA,NA,NA,NA,NA,NA,NA,NA,NA,NA,NA,NA,NA,NA,NA,NA,NA,NA,NA,NA,NA,NA,NA,NA,NA,NA,NA,NA,NA,NA,NA,NA,NA,NA,NA,NA,NA,NA,NA,23-113,2023,202302,W-26,1348.461931,0.01563557087134845,66985.21266781696,162,2,2,51.5,0,42,0.3288,0.1296,0,62.32472,-174.57742,70,-1.6,7,NBS,10
NA,NA,NA,NA,NA,NA,NA,NA,NA,NA,NA,NA,NA,NA,NA,NA,NA,NA,NA,NA,NA,NA,NA,NA,NA,NA,NA,NA,NA,NA,NA,NA,NA,NA,NA,NA,NA,NA,NA,NA,NA,NA,NA,NA,NA,NA,NA,NA,NA,NA,NA,NA,NA,NA,NA,NA,NA,NA,NA,NA,NA,NA,NA,NA,NA,NA,NA,NA,NA,NA,NA,NA,NA,NA,NA,NA,NA,NA,NA,NA,NA,NA,NA,NA,23-127,2023,202302,W-26,1348.461931,0.01563557087134845,66985.21266781696,162,2,2,50.71,0,44,0.3161,0.0609,0,62.32472,-174.57742,70,-1.6,7,NBS,10
NA,NA,NA,NA,NA,NA,NA,NA,NA,NA,NA,NA,NA,NA,NA,NA,NA,NA,NA,NA,NA,NA,NA,NA,NA,NA,NA,NA,NA,NA,NA,NA,NA,NA,NA,NA,NA,NA,NA,NA,NA,NA,NA,NA,NA,NA,NA,NA,NA,NA,NA,NA,NA,NA,NA,NA,NA,NA,NA,NA,NA,NA,NA,NA,NA,NA,NA,NA,NA,NA,NA,NA,NA,NA,NA,NA,NA,NA,NA,NA,NA,NA,NA,NA,23-145,2023,202302,W-26,1348.461931,0.01563557087134845,66985.21266781696,162,2,1,56.56,9.41,58,0.359,0.1186,0,62.32472,-174.57742,70,-1.6,7,NBS,10
NA,NA,NA,NA,NA,NA,NA,NA,NA,NA,NA,NA,NA,NA,NA,NA,NA,NA,NA,NA,NA,NA,NA,NA,NA,NA,NA,NA,NA,NA,NA,NA,NA,NA,NA,NA,NA,NA,NA,NA,NA,NA,NA,NA,NA,NA,NA,NA,NA,NA,NA,NA,NA,NA,NA,NA,NA,NA,NA,NA,NA,NA,NA,NA,NA,NA,NA,NA,NA,NA,NA,NA,NA,NA,NA,NA,NA,NA,NA,NA,NA,NA,NA,NA,23-146,2023,202302,W-26,1348.461931,0.01563557087134845,66985.21266781696,162,2,1,53.73,8.49,54,0.3096,0.1087,0,62.32472,-174.57742,70,-1.6,7,NBS,10
NA,NA,NA,NA,NA,NA,NA,NA,NA,NA,NA,NA,NA,NA,NA,NA,NA,NA,NA,NA,NA,NA,NA,NA,NA,NA,NA,NA,NA,NA,NA,NA,NA,NA,NA,NA,NA,NA,NA,NA,NA,NA,NA,NA,NA,NA,NA,NA,NA,NA,NA,NA,NA,NA,NA,NA,NA,NA,NA,NA,NA,NA,NA,NA,NA,NA,NA,NA,NA,NA,NA,NA,NA,NA,NA,NA,NA,NA,NA,NA,NA,NA,NA,NA,23-149,2023,202302,W-26,1348.461931,0.01563557087134845,66985.21266781696,162,2,2,50.15,0,44,0.3068,0.1163,0,62.32472,-174.57742,70,-1.6,7,NBS,10
NA,NA,NA,NA,NA,NA,NA,NA,NA,NA,NA,NA,NA,NA,NA,NA,NA,NA,NA,NA,NA,NA,NA,NA,NA,NA,NA,NA,NA,NA,NA,NA,NA,NA,NA,NA,NA,NA,NA,NA,NA,NA,NA,NA,NA,NA,NA,NA,NA,NA,NA,NA,NA,NA,NA,NA,NA,NA,NA,NA,NA,NA,NA,NA,NA,NA,NA,NA,NA,NA,NA,NA,NA,NA,NA,NA,NA,NA,NA,NA,NA,NA,NA,NA,23-160,2023,202302,W-26,1348.461931,0.01563557087134845,66985.21266781696,162,2,2,51.83,0,58,0.3206,0.113,0,62.32472,-174.57742,70,-1.6,7,NBS,10
NA,NA,NA,NA,NA,NA,NA,NA,NA,NA,NA,NA,NA,NA,NA,NA,NA,NA,NA,NA,NA,NA,NA,NA,NA,NA,NA,NA,NA,NA,NA,NA,NA,NA,NA,NA,NA,NA,NA,NA,NA,NA,NA,NA,NA,NA,NA,NA,NA,NA,NA,NA,NA,NA,NA,NA,NA,NA,NA,NA,NA,NA,NA,NA,NA,NA,NA,NA,NA,NA,NA,NA,NA,NA,NA,NA,NA,NA,NA,NA,NA,NA,NA,NA,23-163,2023,202302,W-26,1348.461931,0.01563557087134845,66985.21266781696,162,2,2,54.3,0,48,0.2987,0.1048,0,62.32472,-174.57742,70,-1.6,7,NBS,10
NA,NA,NA,NA,NA,NA,NA,NA,NA,NA,NA,NA,NA,NA,NA,NA,NA,NA,NA,NA,NA,NA,NA,NA,NA,NA,NA,NA,NA,NA,NA,NA,NA,NA,NA,NA,NA,NA,NA,NA,NA,NA,NA,NA,NA,NA,NA,NA,NA,NA,NA,NA,NA,NA,NA,NA,NA,NA,NA,NA,NA,NA,NA,NA,NA,NA,NA,NA,NA,NA,NA,NA,NA,NA,NA,NA,NA,NA,NA,NA,NA,NA,NA,NA,23-170,2023,202302,W-26,1348.461931,0.01563557087134845,66985.21266781696,162,2,1,52.19,8.6,56,0.3146,0.0849,0,62.32472,-174.57742,70,-1.6,7,NBS,10
NA,NA,NA,NA,NA,NA,NA,NA,NA,NA,NA,NA,NA,NA,NA,NA,NA,NA,NA,NA,NA,NA,NA,NA,NA,NA,NA,NA,NA,NA,NA,NA,NA,NA,NA,NA,NA,NA,NA,NA,NA,NA,NA,NA,NA,NA,NA,NA,NA,NA,NA,NA,NA,NA,NA,NA,NA,NA,NA,NA,NA,NA,NA,NA,NA,NA,NA,NA,NA,NA,NA,NA,NA,NA,NA,NA,NA,NA,NA,NA,NA,NA,NA,NA,23-173,2023,202302,W-26,1348.461931,0.01563557087134845,66985.21266781696,162,2,2,45.73,0,36,0.3049,0.1368,0,62.32472,-174.57742,70,-1.6,7,NBS,10
NA,NA,NA,NA,NA,NA,NA,NA,NA,NA,NA,NA,NA,NA,NA,NA,NA,NA,NA,NA,NA,NA,NA,NA,NA,NA,NA,NA,NA,NA,NA,NA,NA,NA,NA,NA,NA,NA,NA,NA,NA,NA,NA,NA,NA,NA,NA,NA,NA,NA,NA,NA,NA,NA,NA,NA,NA,NA,NA,NA,NA,NA,NA,NA,NA,NA,NA,NA,NA,NA,NA,NA,NA,NA,NA,NA,NA,NA,NA,NA,NA,NA,NA,NA,23-181,2023,202302,W-26,1348.461931,0.01563557087134845,66985.21266781696,162,2,1,53,8.14,54,0.2993,0.0861,0,62.32472,-174.57742,70,-1.6,7,NBS,10
NA,NA,NA,NA,NA,NA,NA,NA,NA,NA,NA,NA,NA,NA,NA,NA,NA,NA,NA,NA,NA,NA,NA,NA,NA,NA,NA,NA,NA,NA,NA,NA,NA,NA,NA,NA,NA,NA,NA,NA,NA,NA,NA,NA,NA,NA,NA,NA,NA,NA,NA,NA,NA,NA,NA,NA,NA,NA,NA,NA,NA,NA,NA,NA,NA,NA,NA,NA,NA,NA,NA,NA,NA,NA,NA,NA,NA,NA,NA,NA,NA,NA,NA,NA,23-187,2023,202302,W-26,1348.461931,0.01563557087134845,66985.21266781696,162,2,2,49.1,0,30,0.3232,0.1101,0,62.32472,-174.57742,70,-1.6,7,NBS,10
NA,NA,NA,NA,NA,NA,NA,NA,NA,NA,NA,NA,NA,NA,NA,NA,NA,NA,NA,NA,NA,NA,NA,NA,NA,NA,NA,NA,NA,NA,NA,NA,NA,NA,NA,NA,NA,NA,NA,NA,NA,NA,NA,NA,NA,NA,NA,NA,NA,NA,NA,NA,NA,NA,NA,NA,NA,NA,NA,NA,NA,NA,NA,NA,NA,NA,NA,NA,NA,NA,NA,NA,NA,NA,NA,NA,NA,NA,NA,NA,NA,NA,NA,NA,23-189,2023,202302,W-26,1348.461931,0.01563557087134845,66985.21266781696,162,2,2,48.14,0,34,0.2988,0.1088,0,62.32472,-174.57742,70,-1.6,7,NBS,10
NA,NA,NA,NA,NA,NA,NA,NA,NA,NA,NA,NA,NA,NA,NA,NA,NA,NA,NA,NA,NA,NA,NA,NA,NA,NA,NA,NA,NA,NA,NA,NA,NA,NA,NA,NA,NA,NA,NA,NA,NA,NA,NA,NA,NA,NA,NA,NA,NA,NA,NA,NA,NA,NA,NA,NA,NA,NA,NA,NA,NA,NA,NA,NA,NA,NA,NA,NA,NA,NA,NA,NA,NA,NA,NA,NA,NA,NA,NA,NA,NA,NA,NA,NA,23-199,2023,202302,W-26,1348.461931,0.01563557087134845,66985.21266781696,162,2,1,54.1,9.15,62,0.3139,0.1092,0,62.32472,-174.57742,70,-1.6,7,NBS,10
NA,NA,NA,NA,NA,NA,NA,NA,NA,NA,NA,NA,NA,NA,NA,NA,NA,NA,NA,NA,NA,NA,NA,NA,NA,NA,NA,NA,NA,NA,NA,NA,NA,NA,NA,NA,NA,NA,NA,NA,NA,NA,NA,NA,NA,NA,NA,NA,NA,NA,NA,NA,NA,NA,NA,NA,NA,NA,NA,NA,NA,NA,NA,NA,NA,NA,NA,NA,NA,NA,NA,NA,NA,NA,NA,NA,NA,NA,NA,NA,NA,NA,NA,NA,23-86,2023,202302,W-27,500.688901,0.016458833855937,33654.9141238333,162,1,1,71.15,11.63,146,0.3014,0.1085,0,62.33318,-175.27462,78,-1.6,7,NBS,10
NA,NA,NA,NA,NA,NA,NA,NA,NA,NA,NA,NA,NA,NA,NA,NA,NA,NA,NA,NA,NA,NA,NA,NA,NA,NA,NA,NA,NA,NA,NA,NA,NA,NA,NA,NA,NA,NA,NA,NA,NA,NA,NA,NA,NA,NA,NA,NA,NA,NA,NA,NA,NA,NA,NA,NA,NA,NA,NA,NA,NA,NA,NA,NA,NA,NA,NA,NA,NA,NA,NA,NA,NA,NA,NA,NA,NA,NA,NA,NA,NA,NA,NA,NA,23-87,2023,202302,W-27,500.688901,0.016458833855937,33654.9141238333,162,1,2,53.54,0,54,0.3208,0.1191,0,62.33318,-175.27462,78,-1.6,7,NBS,10
NA,NA,NA,NA,NA,NA,NA,NA,NA,NA,NA,NA,NA,NA,NA,NA,NA,NA,NA,NA,NA,NA,NA,NA,NA,NA,NA,NA,NA,NA,NA,NA,NA,NA,NA,NA,NA,NA,NA,NA,NA,NA,NA,NA,NA,NA,NA,NA,NA,NA,NA,NA,NA,NA,NA,NA,NA,NA,NA,NA,NA,NA,NA,NA,NA,NA,NA,NA,NA,NA,NA,NA,NA,NA,NA,NA,NA,NA,NA,NA,NA,NA,NA,NA,23-100,2023,202302,W-27,500.688901,0.016458833855937,33654.9141238333,162,1,1,60.8,11.63,86,0.3397,0.115,0,62.33318,-175.27462,78,-1.6,7,NBS,10
NA,NA,NA,NA,NA,NA,NA,NA,NA,NA,NA,NA,NA,NA,NA,NA,NA,NA,NA,NA,NA,NA,NA,NA,NA,NA,NA,NA,NA,NA,NA,NA,NA,NA,NA,NA,NA,NA,NA,NA,NA,NA,NA,NA,NA,NA,NA,NA,NA,NA,NA,NA,NA,NA,NA,NA,NA,NA,NA,NA,NA,NA,NA,NA,NA,NA,NA,NA,NA,NA,NA,NA,NA,NA,NA,NA,NA,NA,NA,NA,NA,NA,NA,NA,23-109,2023,202302,W-27,500.688901,0.016458833855937,33654.9141238333,162,1,2,49.48,0,40,0.2914,0.0726,0,62.33318,-175.27462,78,-1.6,7,NBS,10
NA,NA,NA,NA,NA,NA,NA,NA,NA,NA,NA,NA,NA,NA,NA,NA,NA,NA,NA,NA,NA,NA,NA,NA,NA,NA,NA,NA,NA,NA,NA,NA,NA,NA,NA,NA,NA,NA,NA,NA,NA,NA,NA,NA,NA,NA,NA,NA,NA,NA,NA,NA,NA,NA,NA,NA,NA,NA,NA,NA,NA,NA,NA,NA,NA,NA,NA,NA,NA,NA,NA,NA,NA,NA,NA,NA,NA,NA,NA,NA,NA,NA,NA,NA,23-110,2023,202302,W-27,500.688901,0.016458833855937,33654.9141238333,162,1,2,48.55,0,41,0.3021,0.1112,0,62.33318,-175.27462,78,-1.6,7,NBS,10
NA,NA,NA,NA,NA,NA,NA,NA,NA,NA,NA,NA,NA,NA,NA,NA,NA,NA,NA,NA,NA,NA,NA,NA,NA,NA,NA,NA,NA,NA,NA,NA,NA,NA,NA,NA,NA,NA,NA,NA,NA,NA,NA,NA,NA,NA,NA,NA,NA,NA,NA,NA,NA,NA,NA,NA,NA,NA,NA,NA,NA,NA,NA,NA,NA,NA,NA,NA,NA,NA,NA,NA,NA,NA,NA,NA,NA,NA,NA,NA,NA,NA,NA,NA,23-117,2023,202302,W-27,500.688901,0.016458833855937,33654.9141238333,162,1,2,50.71,0,38,0.3029,0.0983,0,62.33318,-175.27462,78,-1.6,7,NBS,10
NA,NA,NA,NA,NA,NA,NA,NA,NA,NA,NA,NA,NA,NA,NA,NA,NA,NA,NA,NA,NA,NA,NA,NA,NA,NA,NA,NA,NA,NA,NA,NA,NA,NA,NA,NA,NA,NA,NA,NA,NA,NA,NA,NA,NA,NA,NA,NA,NA,NA,NA,NA,NA,NA,NA,NA,NA,NA,NA,NA,NA,NA,NA,NA,NA,NA,NA,NA,NA,NA,NA,NA,NA,NA,NA,NA,NA,NA,NA,NA,NA,NA,NA,NA,23-118,2023,202302,W-27,500.688901,0.016458833855937,33654.9141238333,162,1,2,50.4,0,42,0.3013,0.1079,0,62.33318,-175.27462,78,-1.6,7,NBS,10
NA,NA,NA,NA,NA,NA,NA,NA,NA,NA,NA,NA,NA,NA,NA,NA,NA,NA,NA,NA,NA,NA,NA,NA,NA,NA,NA,NA,NA,NA,NA,NA,NA,NA,NA,NA,NA,NA,NA,NA,NA,NA,NA,NA,NA,NA,NA,NA,NA,NA,NA,NA,NA,NA,NA,NA,NA,NA,NA,NA,NA,NA,NA,NA,NA,NA,NA,NA,NA,NA,NA,NA,NA,NA,NA,NA,NA,NA,NA,NA,NA,NA,NA,NA,23-131,2023,202302,W-27,500.688901,0.016458833855937,33654.9141238333,162,1,2,51.94,0,48,0.3188,0.1069,0,62.33318,-175.27462,78,-1.6,7,NBS,10
NA,NA,NA,NA,NA,NA,NA,NA,NA,NA,NA,NA,NA,NA,NA,NA,NA,NA,NA,NA,NA,NA,NA,NA,NA,NA,NA,NA,NA,NA,NA,NA,NA,NA,NA,NA,NA,NA,NA,NA,NA,NA,NA,NA,NA,NA,NA,NA,NA,NA,NA,NA,NA,NA,NA,NA,NA,NA,NA,NA,NA,NA,NA,NA,NA,NA,NA,NA,NA,NA,NA,NA,NA,NA,NA,NA,NA,NA,NA,NA,NA,NA,NA,NA,23-135,2023,202302,W-27,500.688901,0.016458833855937,33654.9141238333,162,1,1,52.79,7.73,42,0.3212,0.0992,0,62.33318,-175.27462,78,-1.6,7,NBS,10
NA,NA,NA,NA,NA,NA,NA,NA,NA,NA,NA,NA,NA,NA,NA,NA,NA,NA,NA,NA,NA,NA,NA,NA,NA,NA,NA,NA,NA,NA,NA,NA,NA,NA,NA,NA,NA,NA,NA,NA,NA,NA,NA,NA,NA,NA,NA,NA,NA,NA,NA,NA,NA,NA,NA,NA,NA,NA,NA,NA,NA,NA,NA,NA,NA,NA,NA,NA,NA,NA,NA,NA,NA,NA,NA,NA,NA,NA,NA,NA,NA,NA,NA,NA,23-136,2023,202302,W-27,500.688901,0.016458833855937,33654.9141238333,162,1,2,42.09,0,32,0.2929,0.1008,0,62.33318,-175.27462,78,-1.6,7,NBS,10
NA,NA,NA,NA,NA,NA,NA,NA,NA,NA,NA,NA,NA,NA,NA,NA,NA,NA,NA,NA,NA,NA,NA,NA,NA,NA,NA,NA,NA,NA,NA,NA,NA,NA,NA,NA,NA,NA,NA,NA,NA,NA,NA,NA,NA,NA,NA,NA,NA,NA,NA,NA,NA,NA,NA,NA,NA,NA,NA,NA,NA,NA,NA,NA,NA,NA,NA,NA,NA,NA,NA,NA,NA,NA,NA,NA,NA,NA,NA,NA,NA,NA,NA,NA,23-147,2023,202302,W-27,500.688901,0.016458833855937,33654.9141238333,162,1,1,50.17,8.7,110,0.3077,0.1007,0,62.33318,-175.27462,78,-1.6,7,NBS,10
NA,NA,NA,NA,NA,NA,NA,NA,NA,NA,NA,NA,NA,NA,NA,NA,NA,NA,NA,NA,NA,NA,NA,NA,NA,NA,NA,NA,NA,NA,NA,NA,NA,NA,NA,NA,NA,NA,NA,NA,NA,NA,NA,NA,NA,NA,NA,NA,NA,NA,NA,NA,NA,NA,NA,NA,NA,NA,NA,NA,NA,NA,NA,NA,NA,NA,NA,NA,NA,NA,NA,NA,NA,NA,NA,NA,NA,NA,NA,NA,NA,NA,NA,NA,23-154,2023,202302,W-27,500.688901,0.016458833855937,33654.9141238333,162,1,1,50.8,8.18,44,0.3171,0.1109,0,62.33318,-175.27462,78,-1.6,7,NBS,10
NA,NA,NA,NA,NA,NA,NA,NA,NA,NA,NA,NA,NA,NA,NA,NA,NA,NA,NA,NA,NA,NA,NA,NA,NA,NA,NA,NA,NA,NA,NA,NA,NA,NA,NA,NA,NA,NA,NA,NA,NA,NA,NA,NA,NA,NA,NA,NA,NA,NA,NA,NA,NA,NA,NA,NA,NA,NA,NA,NA,NA,NA,NA,NA,NA,NA,NA,NA,NA,NA,NA,NA,NA,NA,NA,NA,NA,NA,NA,NA,NA,NA,NA,NA,23-166,2023,202302,W-27,500.688901,0.016458833855937,33654.9141238333,162,1,2,49.71,0,36,0.3039,0.1121,0,62.33318,-175.27462,78,-1.6,7,NBS,10
NA,NA,NA,NA,NA,NA,NA,NA,NA,NA,NA,NA,NA,NA,NA,NA,NA,NA,NA,NA,NA,NA,NA,NA,NA,NA,NA,NA,NA,NA,NA,NA,NA,NA,NA,NA,NA,NA,NA,NA,NA,NA,NA,NA,NA,NA,NA,NA,NA,NA,NA,NA,NA,NA,NA,NA,NA,NA,NA,NA,NA,NA,NA,NA,NA,NA,NA,NA,NA,NA,NA,NA,NA,NA,NA,NA,NA,NA,NA,NA,NA,NA,NA,NA,23-174,2023,202302,W-27,500.688901,0.016458833855937,33654.9141238333,162,1,1,64.9,11.03,100,0.3282,0.1086,0,62.33318,-175.27462,78,-1.6,7,NBS,10
NA,NA,NA,NA,NA,NA,NA,NA,NA,NA,NA,NA,NA,NA,NA,NA,NA,NA,NA,NA,NA,NA,NA,NA,NA,NA,NA,NA,NA,NA,NA,NA,NA,NA,NA,NA,NA,NA,NA,NA,NA,NA,NA,NA,NA,NA,NA,NA,NA,NA,NA,NA,NA,NA,NA,NA,NA,NA,NA,NA,NA,NA,NA,NA,NA,NA,NA,NA,NA,NA,NA,NA,NA,NA,NA,NA,NA,NA,NA,NA,NA,NA,NA,NA,23-192,2023,202302,W-27,500.688901,0.016458833855937,33654.9141238333,162,1,2,52.05,0,46,0.3213,0.1122,0,62.33318,-175.27462,78,-1.6,7,NBS,10
NA,NA,NA,NA,NA,NA,NA,NA,NA,NA,NA,NA,NA,NA,NA,NA,NA,NA,NA,NA,NA,NA,NA,NA,NA,NA,NA,NA,NA,NA,NA,NA,NA,NA,NA,NA,NA,NA,NA,NA,NA,NA,NA,NA,NA,NA,NA,NA,NA,NA,NA,NA,NA,NA,NA,NA,NA,NA,NA,NA,NA,NA,NA,NA,NA,NA,NA,NA,NA,NA,NA,NA,NA,NA,NA,NA,NA,NA,NA,NA,NA,NA,NA,NA,23-195,2023,202302,W-27,500.688901,0.016458833855937,33654.9141238333,162,1,1,54.74,8.97,60,0.3049,0.113,0,62.33318,-175.27462,78,-1.6,7,NBS,10
NA,NA,NA,NA,NA,NA,NA,NA,NA,NA,NA,NA,NA,NA,NA,NA,NA,NA,NA,NA,NA,NA,NA,NA,NA,NA,NA,NA,NA,NA,NA,NA,NA,NA,NA,NA,NA,NA,NA,NA,NA,NA,NA,NA,NA,NA,NA,NA,NA,NA,NA,NA,NA,NA,NA,NA,NA,NA,NA,NA,NA,NA,NA,NA,NA,NA,NA,NA,NA,NA,NA,NA,NA,NA,NA,NA,NA,NA,NA,NA,NA,NA,NA,NA,23-196,2023,202302,W-27,500.688901,0.016458833855937,33654.9141238333,162,1,1,56.41,8.34,60,0.314,0.1134,0,62.33318,-175.27462,78,-1.6,7,NBS,10
NA,NA,NA,NA,NA,NA,NA,NA,NA,NA,NA,NA,NA,NA,NA,NA,NA,NA,NA,NA,NA,NA,NA,NA,NA,NA,NA,NA,NA,NA,NA,NA,NA,NA,NA,NA,NA,NA,NA,NA,NA,NA,NA,NA,NA,NA,NA,NA,NA,NA,NA,NA,NA,NA,NA,NA,NA,NA,NA,NA,NA,NA,NA,NA,NA,NA,NA,NA,NA,NA,NA,NA,NA,NA,NA,NA,NA,NA,NA,NA,NA,NA,NA,NA,23-198,2023,202302,W-27,500.688901,0.016458833855937,33654.9141238333,162,1,2,50.28,0,48,0.3196,0.1287,0,62.33318,-175.27462,78,-1.6,7,NBS,10
NA,NA,NA,NA,NA,NA,NA,NA,NA,NA,NA,NA,NA,NA,NA,NA,NA,NA,NA,NA,NA,NA,NA,NA,NA,NA,NA,NA,NA,NA,NA,NA,NA,NA,NA,NA,NA,NA,NA,NA,NA,NA,NA,NA,NA,NA,NA,NA,NA,NA,NA,NA,NA,NA,NA,NA,NA,NA,NA,NA,NA,NA,NA,NA,NA,NA,NA,NA,NA,NA,NA,NA,NA,NA,NA,NA,NA,NA,NA,NA,NA,NA,NA,NA,23-203,2023,202302,X-19,12799.479933,0.01232081628472695,936788.5384597138,162,38,1,55.58,8.87,74,0.3002,0.0947,0,62.67249,-169.58013,40,0.8,7,NBS,10
NA,NA,NA,NA,NA,NA,NA,NA,NA,NA,NA,NA,NA,NA,NA,NA,NA,NA,NA,NA,NA,NA,NA,NA,NA,NA,NA,NA,NA,NA,NA,NA,NA,NA,NA,NA,NA,NA,NA,NA,NA,NA,NA,NA,NA,NA,NA,NA,NA,NA,NA,NA,NA,NA,NA,NA,NA,NA,NA,NA,NA,NA,NA,NA,NA,NA,NA,NA,NA,NA,NA,NA,NA,NA,NA,NA,NA,NA,NA,NA,NA,NA,NA,NA,23-204,2023,202302,X-19,12799.479933,0.01232081628472695,936788.5384597138,162,38,1,55.28,10.55,64,0.3235,0.1102,0,62.67249,-169.58013,40,0.8,7,NBS,10
NA,NA,NA,NA,NA,NA,NA,NA,NA,NA,NA,NA,NA,NA,NA,NA,NA,NA,NA,NA,NA,NA,NA,NA,NA,NA,NA,NA,NA,NA,NA,NA,NA,NA,NA,NA,NA,NA,NA,NA,NA,NA,NA,NA,NA,NA,NA,NA,NA,NA,NA,NA,NA,NA,NA,NA,NA,NA,NA,NA,NA,NA,NA,NA,NA,NA,NA,NA,NA,NA,NA,NA,NA,NA,NA,NA,NA,NA,NA,NA,NA,NA,NA,NA,23-206,2023,202302,X-19,12799.479933,0.01232081628472695,936788.5384597138,162,38,1,50.98,8.54,48,0.3228,0.1059,0,62.67249,-169.58013,40,0.8,7,NBS,10
NA,NA,NA,NA,NA,NA,NA,NA,NA,NA,NA,NA,NA,NA,NA,NA,NA,NA,NA,NA,NA,NA,NA,NA,NA,NA,NA,NA,NA,NA,NA,NA,NA,NA,NA,NA,NA,NA,NA,NA,NA,NA,NA,NA,NA,NA,NA,NA,NA,NA,NA,NA,NA,NA,NA,NA,NA,NA,NA,NA,NA,NA,NA,NA,NA,NA,NA,NA,NA,NA,NA,NA,NA,NA,NA,NA,NA,NA,NA,NA,NA,NA,NA,NA,23-207,2023,202302,X-19,12799.479933,0.01232081628472695,936788.5384597138,162,38,1,54.74,8.23,62,0.3156,0.1072,0,62.67249,-169.58013,40,0.8,7,NBS,10
NA,NA,NA,NA,NA,NA,NA,NA,NA,NA,NA,NA,NA,NA,NA,NA,NA,NA,NA,NA,NA,NA,NA,NA,NA,NA,NA,NA,NA,NA,NA,NA,NA,NA,NA,NA,NA,NA,NA,NA,NA,NA,NA,NA,NA,NA,NA,NA,NA,NA,NA,NA,NA,NA,NA,NA,NA,NA,NA,NA,NA,NA,NA,NA,NA,NA,NA,NA,NA,NA,NA,NA,NA,NA,NA,NA,NA,NA,NA,NA,NA,NA,NA,NA,23-211,2023,202302,X-19,12799.479933,0.01232081628472695,936788.5384597138,162,38,1,53.39,7.13,52,0.3112,0.0896,0,62.67249,-169.58013,40,0.8,7,NBS,10
NA,NA,NA,NA,NA,NA,NA,NA,NA,NA,NA,NA,NA,NA,NA,NA,NA,NA,NA,NA,NA,NA,NA,NA,NA,NA,NA,NA,NA,NA,NA,NA,NA,NA,NA,NA,NA,NA,NA,NA,NA,NA,NA,NA,NA,NA,NA,NA,NA,NA,NA,NA,NA,NA,NA,NA,NA,NA,NA,NA,NA,NA,NA,NA,NA,NA,NA,NA,NA,NA,NA,NA,NA,NA,NA,NA,NA,NA,NA,NA,NA,NA,NA,NA,23-214,2023,202302,X-19,12799.479933,0.01232081628472695,936788.5384597138,162,38,1,51.26,9.28,54,0.3292,0.1213,0,62.67249,-169.58013,40,0.8,7,NBS,10
NA,NA,NA,NA,NA,NA,NA,NA,NA,NA,NA,NA,NA,NA,NA,NA,NA,NA,NA,NA,NA,NA,NA,NA,NA,NA,NA,NA,NA,NA,NA,NA,NA,NA,NA,NA,NA,NA,NA,NA,NA,NA,NA,NA,NA,NA,NA,NA,NA,NA,NA,NA,NA,NA,NA,NA,NA,NA,NA,NA,NA,NA,NA,NA,NA,NA,NA,NA,NA,NA,NA,NA,NA,NA,NA,NA,NA,NA,NA,NA,NA,NA,NA,NA,23-217,2023,202302,X-19,12799.479933,0.01232081628472695,936788.5384597138,162,38,1,54.88,8.93,62,0.3057,0.1004,0,62.67249,-169.58013,40,0.8,7,NBS,10
