14:0_perWWT,TMTD_perWWT,14:1_perWWT,i15:0_perWWT,ai15:0_perWWT,15:0_perWWT,15:1_perWWT,i16:0_perWWT,ai16:0?_perWWT,pristanic?_perWWT,16:0_perWWT,16:1w11?_perWWT,16:1w9?_perWWT,16:1w7_perWWT,16:1w5_perWWT,i17:0_perWWT,ai17:0_perWWT,16:2w4_perWWT,phytanic?_perWWT,17:0_perWWT,16:3w4?_perWWT,17:1_perWWT,16:4w3?_perWWT,16:4w1_perWWT,18:0_perWWT,18:1w11?_perWWT,18:1w9_perWWT,18:1w7_perWWT,18:1w6?_perWWT,18:1w5?_perWWT,18:2a_perWWT,18:2b_perWWT,18:2w6_perWWT,18:2w4_perWWT,18:3w6_perWWT,19:0_perWWT,18:3w4_perWWT,18:3w3_perWWT,18:4w3_perWWT,18:4w1?_perWWT,20:0_perWWT,18:5w3_perWWT,20:1w11?_perWWT,20:1w9_perWWT,20:1w7?_perWWT,20:2a?_perWWT,20:2b?_perWWT,20:2w6_perWWT,20:3w6_perWWT,21:0_perWWT,20:4w6_perWWT,20:3w3_perWWT,20:4w3_perWWT,20:5w3_perWWT,22:0_perWWT,22:1w11(13)_perWWT,22:1w9_perWWT,22:1w7_perWWT,22:2NMIDa?_perWWT,22:2NMIDb?_perWWT,21:5w3?_perWWT,23:0_perWWT,22:4w6?_perWWT,22:5w6_perWWT,22:4w3?_perWWT,22:5w3_perWWT,24:0_perWWT,22:6w3_perWWT,24:1(24:1n-9)_perWWT,vial_id,year,cruise,gis_station,area_swept,cpue,vessel,haul,sex,cw,ch_cc,crab_wgt,hepato_wwt,hepato_dwt,process_date,notes,maturity,mid_latitude,mid_longitude,bottom_depth,gear_temperature,region,lme
3.4,0.09,0.27,0.41,0.03,0.94,0,0.54,0,0,24.6,0,0,21.31,0.29,1.51,1.21,1.36,0.99,0,1.28,0,0.69,0.46,6.33,0.87,24.4,18.11,1.1,0.38,0.04,0,1.63,0.88,0.32,0,1.04,0.19,1.2,0,0,0.42,7.05,3.13,10.33,0,0,1.24,0,0.07,4.45,0.01,0.65,27.11,0.13,0.54,1.02,1.73,0.65,1.52,0.03,0,0,1.16,0.02,4.78,0.05,11.59,0.49,AKK-1,2021,202101,I-19,0.01251090207164655,1039.093738049624,162,100,1,96.68,18.45,357,0.2963,0.1243,,,0,57.67209,-169.03364,69,3.6,2,EBS
2.44,0.04,0.15,0.35,0.03,0.61,0,0.41,0.04,0,12.34,0,0,10.2,0.2,1.01,0.77,0.58,0.55,0,0.99,0,0.15,0.18,3.48,0.6,14.05,8.81,0.81,0.26,0,0,1.11,0.39,0.19,0,0.61,0.13,0.51,0,0,0.22,4.06,1.98,4.79,0,0,0.88,0,0.04,2.97,0,0.37,14.66,0.07,0.96,0.53,0.69,0.32,0.68,0.02,0,0,0.58,0.01,2.94,0.02,8.46,0.28,AKK-2,2021,202101,F-19,0.0141930788929083,775.0256362977203,162,106,1,89.77,15.22,277,0.2596,0.0832,,,0,56.6657,-168.91527,100,3.7,2,EBS
4.64,0.02,0.04,0.07,0.01,0.2,0,0.06,0,0,7.36,0,0,3.43,0.18,0.15,0.05,0.79,0.11,0,0.38,0.04,0.16,0.56,1.36,0.05,4.29,1.44,0.61,0,0,0,0.55,0.26,0.11,0.01,0.05,0.54,2.78,0.38,0.02,0.33,16.51,2.45,0.32,0,0,0.19,0,0.02,1,0,0.57,10.09,0.03,14.02,0.74,0.52,0.1,0.03,0,0,0.08,0.12,0,1.4,0.01,7.53,0.64,AKK-3,2021,202101,E-21,0.0151980825328794,2171.326542582466,162,110,1,102.55,17.95,354,0.3604,0.0951,,,0,56.34038,-170.04649,109,4.2,1,EBS
0.86,0.01,0.02,0.07,0,0.12,0,0.14,0.07,0,3.52,0,0,1.17,0.07,0.24,0.23,0.45,0.12,0,0.13,0,0.16,0,0.9,0.05,3.97,2.22,0.26,0.05,0,0,0.31,0.1,0.07,0,0,0.07,0.1,0.05,0,0.19,2.09,1.01,0.94,0,0,0.47,0,0.02,1.12,0,0.07,4.42,0.05,2.26,0.44,0.31,0.11,0.13,0,0,0,0.1,0,0.82,0.02,2.99,0.31,AKK-4,2021,202101,F-22,0.0159104838138972,3456.8401968995818,162,112,1,92.16,17.05,320,0.3442,0.0804,,,0,56.65739,-170.73806,115,3.9,6,EBS
4.35,0.05,0.18,0.4,0.02,0.81,0,0.45,0.06,0,14,0,0,11.68,0.35,1.14,0.88,0.98,0.66,0,1.03,0,0.43,0.31,3.84,0.57,13.9,11.02,1.14,0.18,0,0,1.47,0.7,0.28,0,0,0.43,1.13,0.15,0,0.41,8,3.16,6.63,0,0,1.15,0,0.05,3.55,0,0.46,18.56,0.1,4.3,1.27,1.47,0.47,1.01,0,0,0,0.58,0,3.71,0.05,10.82,0.58,AKK-5,2021,202101,F-22,0.0159104838138972,3456.8401968995818,162,112,1,95.73,16.75,324,0.3883,0.1069,,,0,56.65739,-170.73806,115,3.9,6,EBS
0.88,0.01,0.03,0.18,0.13,0.32,0,0.26,0.11,0,4.11,0,0,3.22,0.13,0.6,0.54,0.6,0.33,0,0.29,0,0.17,0.1,1.56,0.2,3.72,3.35,0.41,0.17,0,0,0.54,0.27,0.11,0,0.2,0.11,0.2,0,0,0.24,2.68,1.35,3.1,0,0,1,0,0,1.67,0,0.18,8.04,0.06,1.19,0.65,0.58,0.3,0.52,0,0,0,0.32,0,1.62,0.02,3.2,0.23,AKK-6,2021,202101,N-22,0.01544321388383235,12626.905349290499,162,124,1,95.03,18.2,340,0.3624,0.1254,,,0,59.33329,-171.19173,76,2.4,3,EBS
0.56,0.01,0.03,0.15,0.11,0.28,0,0.24,0.06,0,4.78,0,0,3.65,0.11,0.62,0.56,0.45,0.35,0,0.27,0,0.09,0.15,1.54,0.2,4.06,4.38,0.42,0.15,0,0,0.51,0.34,0.09,0,0.2,0.11,0.28,0.06,0,0.18,1.75,1.01,3.81,0,0,0.6,0,0.02,1.6,0,0.15,7.72,0.05,0.34,0.58,0.67,0.21,0.54,0,0,0,0.36,0,1.62,0.02,3.34,0.17,AKK-7,2021,202101,O-22,0.01482556569224445,4991.3778358360305,162,125,1,88.87,15.44,280,0.2446,0.0657,,,0,59.66137,-171.25106,73,2.4,3,EBS
2.12,0.06,0.04,0.11,0.01,0.38,0,0.14,0.16,0,8.78,0,0,14.18,0.17,0.43,0.43,1.07,0.39,0,0.23,0,0.21,0.69,1.83,0.22,4.61,6.98,0.3,0.15,0,0,0.57,0.4,0.21,0,0.18,0.05,0.74,0.12,0,0.54,1.9,0.93,5.2,0,0,0.4,0,0.02,1.12,0,0.2,11.69,0.06,0.32,0.62,0.45,0.07,0.9,0.01,0,0,0.23,0,1.16,0.03,3.02,0.19,AKK-8,2021,202101,T-25,0.0141581945345808,1977.65328987472,162,137,1,76.87,13.44,140,0.327,0.0929,,,0,61.32218,-173.58191,74,0.2,4,EBS
0.49,0.01,0.01,0.05,0.01,0.19,0,0.1,0.06,0,2.71,0,0,2.14,0.06,0.26,0.23,0.44,0.19,0,0.1,0,0.15,0.22,0.83,0.09,1.63,1.66,0.15,0,0,0,0.21,0.2,0.06,0,0.08,0.06,0.22,0,0,0.68,0.77,0.4,1.72,0,0,0.18,0,0.01,0.65,0,0.08,5.5,0.04,0.24,0.28,0.2,0.03,0.24,0,0,0,0.16,0,0.53,0.02,1.55,0.13,AKK-9,2021,202101,R-26,0.0139041419426712,7048.259461394185,162,140,1,77.04,12.91,164,0.3781,0.0959,,,0,60.67,-174.12725,87,2.3,4,EBS
1.71,0.01,0.05,0.15,0.08,0.31,0,0.2,0.1,0,8.56,0,0,5.36,0.11,0.64,0.46,0.58,0.28,0,0.33,0,0.21,0.01,2.6,0.16,9.67,5.8,0.55,0.22,0,0,0.59,0.38,0.12,0,0.27,0.07,0.3,0.07,0,0.34,5.14,2.89,4.7,0,0,0.82,0,0.04,2.33,0,0.33,9.69,0.1,3.71,1.11,0.69,0.14,0.33,0,0,0,0.39,0,2.45,0.05,5.69,0.61,AKK-10,2021,202101,QP2726,0.01391238269810895,7690.990272611179,162,142,1,77.29,12.8,184,0.2535,0.0505,,,0,60.17669,-174.34747,99,1.9,4,EBS
3.49,0.04,0.11,0.29,0.14,0.61,0,0.32,0.07,0,15.02,0,0,11.3,0.19,1.02,0.66,0.88,0.53,0,0.72,0,0.36,0.2,4.73,0.53,17.58,9.25,0.9,0.32,0,0,0.88,0.43,0.2,0,0.48,0.23,0.57,0.11,0,0.42,5.2,3.52,5.62,0,0,1.19,0,0.04,3.44,0,0.39,18.4,0.08,2.07,1.27,0.65,0.21,0.68,0.12,0,0,0.52,0,3.69,0.04,9.06,0.63,AKK-11,2021,202101,QP2726,0.01391238269810895,7690.990272611179,162,142,1,81.18,14.07,211,0.3258,0.1226,,,0,60.17669,-174.34747,99,1.9,4,EBS
1.6,0.02,0.03,0.22,0.13,0.33,0,0.25,0.12,0,5.32,0,0,3.72,0.14,0.66,0.59,0.63,0.29,0,0.36,0,0.21,0.08,1.89,0.17,5.09,4.65,0.52,0.21,0,0,0.64,0.36,0.15,0,0.23,0.14,0.24,0.06,0,0.31,4.54,2.08,4.51,0,0,0.75,0,0.03,1.6,0,0.21,6.61,0.07,2.9,0.94,2.14,0.31,0.72,0,0,0.09,0.34,0,1.88,0.06,3.28,0.4,AKK-12,2021,202101,QP2726,0.01391238269810895,7690.990272611179,162,142,1,85.75,16.97,255,0.3044,0.0674,,,0,60.17669,-174.34747,99,1.9,4,EBS
1.18,0.02,0.03,0.08,0.01,0.23,0,0.11,0.08,0,4.38,0,0,2.94,0.08,0.35,0.28,0.46,0.21,0,0.16,0,0.15,0.3,1.19,0.16,3.17,2.68,0.29,0.11,0,0,0.31,0.29,0.06,0,0.1,0.07,0.24,0.04,0,0.54,1.94,0.77,2.49,0,0,0.26,0,0.01,0.84,0,0.1,7.3,0.04,1.22,0.54,0.47,0.05,0.42,0,0,0,0.22,0,0.98,0.02,2.41,0.22,AKK-13,2021,202101,Q-26,0.01460145154763295,24381.137645024843,162,141,1,78.89,13.77,194,0.3279,0.0762,,,0,60.34057,-174.07043,90,2.1,4,EBS
0.42,0.01,0.01,0.05,0.04,0.13,0,0.07,0.05,0,1.82,0,0,1.77,0.05,0.18,0.13,0.32,0.09,0,0.08,0,0.09,0.19,0.58,0.09,1.39,1.03,0.09,0.06,0,0,0.15,0.11,0.04,0,0.08,0.02,0.21,0,0,0.16,0.57,0.3,1.08,0,0,0.1,0,0,0.38,0,0.07,3.14,0.03,0.15,0.18,0.21,0.07,0.14,0,0,0,0.11,0,0.4,0.03,1.21,0.09,AKK-14,2021,202101,R-26,0.0139041419426712,7048.259461394185,162,140,1,84.14,14.66,206,0.2316,0.0637,,,0,60.67,-174.12725,87,2.3,4,EBS
0.82,0.02,0.03,0.21,0.01,0.32,0,0.24,0.08,0,7.01,0,0,4.06,0.14,0.82,0.73,0.62,0.35,0,0.46,0,0.35,0.01,2.17,0.22,10.28,7.17,0.68,0.33,0,0,0.88,0.52,0.15,0,0.32,0.19,0.19,0.07,0,0.3,3.03,2.72,6.33,0,0,1.19,0,0.05,1.94,0,0.36,8.84,0.08,1.39,1.03,0.84,0.38,0.8,0.02,0,0,0.52,0,2.48,0.05,5.84,0.42,AKK-15,2021,202101,P-26,0.01438681347000315,5421.631423986408,162,143,1,76.53,13.8,155,0.3281,0.0973,,,0,60.00067,-173.97722,100,1.9,4,EBS
5.42,0.11,0.17,0.32,0.16,1.15,0,0.37,0.1,0,26.84,0,0,23.04,0.32,1.32,0.97,1.85,1.11,0,1.37,0,0.77,1.36,6.6,0.57,27.15,19.8,1.1,0.43,0,0,1.89,1.04,0.45,0,0.72,0.21,2.08,0,0,0.56,5.75,5.17,12.76,0,0,1.1,0,0.06,4.67,0,0.77,35.39,0.11,1.96,1.65,1.29,0.26,2.25,0.03,0,0,0.9,0.11,4.29,0.05,12.53,0.59,AKK-16,2021,202101,P-26,0.01438681347000315,5421.631423986408,162,143,1,83.03,15.52,219,0.394,0.1938,,,0,60.00067,-173.97722,100,1.9,4,EBS
0.67,0.03,0.05,0.13,0.05,0.21,0,0.15,0.01,0,5.38,0,0,3.61,0.1,0.39,0.28,0.25,0.18,0,0.3,0,0.05,0.07,1.36,0.2,6,3.22,0.37,0.11,0,0,0.37,0.1,0.06,0,0.13,0.09,0.12,0.08,0,0.09,0.92,0.91,1.57,0,0,0.28,0,0,0.86,0,0.11,5.37,0.03,0.2,0.22,0.41,0.14,0.21,0,0,0,0.18,0,1.03,0,3.66,0.15,AKK-17,2021,202101,P-26,0.01438681347000315,5421.631423986408,162,143,1,79.92,12.58,157,0.2889,0.1063,,,0,60.00067,-173.97722,100,1.9,4,EBS
2.23,0.05,0.13,0.39,0.03,0.72,0,0.49,0.06,0,10.43,0,0,9.71,0.29,1.15,1,1.01,0.6,0,0.93,0,0.41,0.42,3.11,0.56,8.84,7.97,0.86,0.21,0,0,0.86,0.38,0.19,0,0.48,0.07,0.58,0,0,0.37,3.56,1.71,4.36,0,0,0.84,0,0.04,3.27,0,0.36,15.94,0.12,1.17,0.61,0.63,0.3,0.58,0,0,0,0.6,0,3.24,0.07,7.41,0.39,AKK-18,2021,202101,L-24,0.0134158600542252,2236.159283023512,162,153,1,94.51,17.76,345,0.3927,0.1212,,,0,58.67781,-172.36717,101,2.8,6,EBS
7.32,0.06,0.2,0.35,0.04,0.66,0,0.31,0.12,0,13.44,0,0,7.77,0.26,0.8,0.34,1.03,0.42,0,0.74,0.04,0.66,0.38,3.28,0.57,15.11,6.12,0.99,0.13,0,0,1.29,0.31,0.17,0,0.48,0.31,0.73,0,0,0.55,15.3,3.3,3.3,0,0,1.38,0,0.08,1.83,0,0.62,13.93,0.15,10.45,1.96,1.26,0.76,0.53,0,0,0,0.34,0.06,2.06,0.06,6.99,1.04,AKK-19,2021,202101,O-31,0.0141704479387746,846.832792572802,162,179,1,72.57,10.3,115,0.2914,0.1232,,,0,59.66375,-177.14101,175,1.8,5,EBS
5.15,0.13,0.26,0.61,0.36,1.27,0,0.57,0.15,0,22.7,0,0,23.62,0.47,1.43,1.43,1.93,0.96,0,1.23,0,0.68,1.2,5.36,0.67,20.63,16.02,1.06,0.42,0.02,0,1.84,1.18,0.41,0,0.94,0.07,1.98,0.58,0,0.54,7.23,3.37,10.49,0,0,1.46,0,0.06,3.97,0,0.84,32.95,0.16,1.99,1.45,2.84,0.62,1.3,0.06,0,0,0.8,0.02,3.92,0.12,8.69,0.44,AKK-20,2021,202101,Q-31,0.01436445540980505,24992.2457731986,162,184,1,90.8,17.6,284,0.3518,0.1537,,,0,60.32376,-177.3797,146,1.5,5,EBS
6.9,0.13,0.24,0.58,0.39,1.4,0,0.56,0.26,0,21.45,0,0,20.73,0.5,1.39,1.37,2.11,1.01,0,1.18,0,0.92,1.04,5.24,0.8,19.36,14.22,1.22,0.42,0,0,1.87,0.81,0.45,0,1.04,0.2,1.45,0,0,0.65,12.23,4.38,11.42,0,0,1.69,0,0.08,4.19,0,0.77,32.71,0.15,6,1.9,1.98,0.84,1.49,0.05,0,0.2,0.96,0.03,3.96,0.09,10.08,0.75,AKK-21,2021,202101,Q-31,0.01436445540980505,24992.2457731986,162,184,1,97.26,20.1,342,0.3249,0.1458,,,1,60.32376,-177.3797,146,1.5,5,EBS
8.3,0.15,0.35,0.57,0.38,1.48,0,0.53,0.2,0,29.18,0,0,27.31,0.51,1.47,1.38,2.14,1.14,0,1.28,0,0.93,1.4,6.79,0.83,26.72,19.3,1.26,0.52,0.03,0,2.25,1.28,0.52,0,1.23,0.09,2.5,0.77,0,0.72,12.47,4.95,13.34,0,0,2.14,0,0.08,4.74,0,1.01,40.09,0.19,4.76,2.12,2.08,0.67,1.89,0.05,0,0,0.97,0.02,4.14,0.13,10.82,0.68,AKK-22,2021,202101,Q-31,0.01436445540980505,24992.2457731986,162,184,1,100.07,19.62,401,0.369,0.1843,,,0,60.32376,-177.3797,146,1.5,5,EBS
6.25,0.13,0.21,0.51,0.04,1.34,0,0.45,0.18,0,23.65,0,0,24.44,0.38,1.21,1.18,2.14,1.05,0,1.17,0,0.95,1.26,6.42,0.84,20.81,17.53,1.01,0.3,0,0,1.98,0.93,0.48,0,0.97,0.2,1.9,0,0,0.66,8.91,3.6,12.17,0,0,1.8,0,0.07,4.23,0,0.83,35.86,0.14,2.67,1.74,1.4,0.52,1.58,0.05,0,0,0.89,0.02,3.67,0.06,9.73,0.66,AKK-23,2021,202101,R-31,0.014138214966612,12589.991057594938,162,185,1,92.37,18.93,317,0.3225,0.1263,,,1,60.66455,-177.50949,147,1.8,5,EBS
8.65,0.13,0.38,0.74,0.34,1.43,0,0.58,0.1,0,27.83,0,0,24.9,0.44,1.69,1.41,2.01,1.09,0,2.09,0,1.07,1.08,6.59,1,31.34,19.45,1.41,0.55,0.02,0,2.32,0.93,0.43,0,1.14,0.07,1.67,0.53,0,0.7,15.84,5.05,12.95,0,0,1.85,0,0.09,5.1,0,0.92,38.28,0.14,5.97,2.96,2.72,0.51,1.7,0.04,0,0,1.06,0.05,4.43,0.11,11.85,0.88,AKK-24,2021,202101,R-31,0.014138214966612,12589.991057594938,162,185,1,86.61,16.12,262,0.4002,0.1918,,,0,60.66455,-177.50949,147,1.8,5,EBS
4.22,0.06,0.13,0.36,0.21,0.82,0,0.34,0.1,0,14.51,0,0,13.98,0.26,0.79,0.83,1.23,0.65,0,0.7,0,0.32,0.93,3.67,0.46,13.89,10.66,0.7,0.2,0,0,1.22,0.79,0.27,0,0.65,0.3,1.29,0,0,0.5,6.68,2.73,8.62,0,0,1.06,0,0.06,2.85,0,0.61,24.69,0.1,2.56,1.5,3.76,0,1.05,0.04,0,0,0.64,0,2.84,0.07,7.09,0.53,AKK-25,2021,202101,R-31,0.014138214966612,12589.991057594938,162,185,1,88.56,18.78,272,0.3574,0.145,,,1,60.66455,-177.50949,147,1.8,5,EBS
2.97,0.09,0.1,0.17,0.12,0.62,0,0.15,0.06,0,11.17,0,0,19.59,0.18,0.49,0.46,0.88,0.36,0,0.59,0,0.23,0.46,2.28,0.37,11.22,8.77,0.42,0.1,0,0,0.71,0.43,0.29,0,0.31,0.19,0.73,0.17,0,0.81,2.19,1.39,5.41,0,0,0.53,0,0.03,1.95,0,0.29,13.11,0.07,0.51,0.74,1.59,0.26,0.64,0,0,0,0.47,0,1.42,0.05,3.93,0.2,AKK-26,2021,202102,W-27,0.0136408902594624,26757.78435698558,162,2,2,57.41,0,58,0.3025,0.0956,,,0,62.33486,-175.27563,79,-0.6,7,NBS
3.71,0.09,0.15,0.23,0.15,0.69,0,0.18,0.12,0,14.19,0,0,26.5,0.23,0.54,0.57,1.26,0.38,0,0.75,0,0.26,0.76,2.46,0.3,15.26,10.87,0.46,0.11,0,0,0.94,0.5,0.32,0,0.31,0.16,1.12,0.19,0,0.6,2.28,1.47,5.68,0,0,0.56,0,0.03,2.17,0,0.3,16.5,0.11,0.4,0.71,0.68,0.26,0.87,0,0,0,0.57,0,1.42,0.02,4.71,0.2,AKK-27,2021,202102,W-27,0.0136408902594624,26757.78435698558,162,2,2,57.59,0,60,0.2567,0.0658,,,0,62.33486,-175.27563,79,-0.6,7,NBS
3.87,0.07,0.2,0.26,0.17,0.78,0,0.2,0.1,0,15.53,0,0,27.1,0.23,0.59,0.62,1.25,0.41,0,0.94,0,0.31,0.73,2.62,0.3,18.59,12.22,0.53,0.13,0,0,1.07,0.55,0.35,0,0.34,0.18,1.16,0.26,0,0.71,2.31,1.76,5.64,0,0,0.58,0,0.03,2.35,0,0.32,17.07,0.08,0.42,0.69,0.59,0.22,0.78,0,0,0,0.56,0,1.65,0.05,5.14,0.21,AKK-28,2021,202102,W-27,0.0136408902594624,26757.78435698558,162,2,2,55.27,0,56,0.3627,0.131,,,0,62.33486,-175.27563,79,-0.6,7,NBS
3.35,0.09,0.11,0.19,0.14,0.77,0,0.18,0.2,0,15.95,0,0,28.19,0.27,0.52,0.57,1.36,0.51,0,0.79,0,0.29,0.96,2.98,0.47,13.26,12.59,0.46,0.1,0,0,1.02,0.67,0.42,0,0.38,0.12,1.66,0.17,0,0.54,3.38,1.67,7.87,0,0,0.54,0,0.03,2.1,0,0.41,20.41,0.07,0.81,0.92,0.83,0.11,1.15,0,0,0,0.47,0,1.5,0.04,4.36,0.22,AKK-29,2021,202102,X-26,0.0138434125460796,45653.48304807834,162,4,2,53.86,0,47,0.2226,0.0686,,,0,62.6591,-174.62102,73,-1.7,7,NBS
3.47,0.07,0.13,0.26,0.17,0.72,0,0.25,0.21,0,14.12,0,0,23.87,0.26,0.59,0.71,1.28,0.47,0,0.71,0,0.29,0.82,2.75,0.5,11.87,12.37,0.53,0.11,0,0,1.05,0.6,0.35,0,0.34,0.12,1.5,0.21,0,0.5,3.25,1.52,7.32,0,0,0.55,0,0.03,1.93,0,0.4,19.21,0.09,0.66,0.75,0.84,0.11,1.11,0,0,0,0.43,0,1.67,0.03,5.24,0.23,AKK-30,2021,202102,X-26,0.0138434125460796,45653.48304807834,162,4,2,55.57,0,51,0.9023,0.3067,,,0,62.6591,-174.62102,73,-1.7,7,NBS
3.25,0.07,0.12,0.22,0.15,0.73,0,0.23,0.15,0,14.77,0,0,24.41,0.27,0.62,0.67,1.25,0.44,0,0.73,0,0.29,0.84,2.71,0.46,13.8,12.62,0.53,0.12,0,0,1.09,0.64,0.35,0,0.39,0.1,1.57,0.15,0,0.54,3.38,2.18,7.41,0,0,0.69,0,0.03,2.5,0,0.46,21.62,0.09,0.76,0.96,0.92,0.24,0.93,0,0,0,0.45,0,2.11,0.03,5.6,0.22,AKK-31,2021,202102,X-26,0.0138434125460796,45653.48304807834,162,4,2,52.81,0,48,0.2256,0.0786,,,0,62.6591,-174.62102,73,-1.7,7,NBS
2.93,0.11,0.06,0.13,0.02,0.82,0,0.26,0.13,0,15.07,0,0,20.71,0.2,0.53,0.49,1.32,0.38,0,0.45,0,0.21,0.53,3.34,0.87,8,8.43,0.33,0.09,0,0,0.62,0.44,0.27,0,0.35,0.05,1.55,0.17,0,0,4.17,1.13,8.51,0,0,0.59,0,0.03,1.71,0,0.46,20.56,0.08,0.36,0.54,0.55,0.17,0.6,0.05,0,0,0.34,0.11,1.71,0.07,3.95,0.18,AKK-32,2021,202102,Y-23,0.01446771019492095,13340.051563083893,162,12,1,58,10.42,63,0.3566,0.1278,,,0,63.00331,-172.56412,61,-1.7,8,NBS
2.74,0.09,0.08,0.14,0.1,0.67,0,0.18,0.11,0,12.41,0,0,20.9,0.2,0.45,0.46,1.09,0.33,0,0.46,0,0.12,0.92,2.45,0.5,8.27,7.69,0.38,0.08,0,0,0.77,0.5,0.3,0,0.4,0.03,1.98,0.22,0,0.49,2.68,1.31,6.81,0,0,0.54,0,0.02,1.77,0,0.51,20.68,0.06,0.39,0.62,0.44,0.14,0.54,0,0,0,0.39,0,1.58,0.05,4.32,0.19,AKK-33,2021,202102,Y-23,0.01446771019492095,13340.051563083893,162,12,1,49.62,6.94,30,0.3823,0.1293,,,0,63.00331,-172.56412,61,-1.7,8,NBS
2.41,0.11,0.09,0.11,0.09,0.55,0,0.15,0.16,0,11.47,0,0,16.69,0.15,0.42,0.27,1.1,0.24,0,0.36,0,0.23,0.92,2.06,0.46,8.79,5.98,0.38,0.06,0,0,0.57,0.27,0.23,0,0.28,0.13,1.51,0.15,0,0.55,2.3,1,3.96,0,0,0.31,0,0.03,1.55,0,0.34,17.49,0.08,0.51,0.45,0.51,0.15,0.44,0,0,0,0.26,0,1.45,0.04,4.43,0.26,AKK-34,2021,202102,Y-23,0.01446771019492095,13340.051563083893,162,12,2,42.14,0,10,0.3769,0.1253,,,0,63.00331,-172.56412,61,-1.7,8,NBS
3.88,0.1,0.13,0.15,0.09,0.66,0,0.21,0.11,0,14.77,0,0,23.16,0.21,0.65,0.52,1.26,0.29,0,0.4,0,0.34,1.24,3.17,0.42,10.28,8.01,0.51,0.09,0,0,0.64,0.34,0.28,0,0.31,0.16,1.79,0.15,0,0.48,2.14,1.41,5.06,0,0,0.44,0,0.02,2,0,0.38,20.36,0.07,0.5,0.47,0.68,0.18,0.49,0,0,0,0.28,0,1.94,0.03,4.77,0.19,AKK-35,2021,202102,Y-23,0.01446771019492095,13340.051563083893,162,12,2,53.59,0,37,0.3109,0.1082,,,0,63.00331,-172.56412,61,-1.7,8,NBS
0.4,0.01,0.01,0.1,0.04,0.15,0,0.08,0.03,0,2.74,0,0,2.62,0.05,0.21,0.22,0.18,0.13,0,0.18,0,0.11,0.04,0.91,0.1,1.91,2.3,0.18,0.03,0,0,0.21,0.14,0.07,0,0.09,0.05,0.15,0.06,0,0.44,0.91,0.52,2.16,0,0,0.32,0,0.01,0.91,0,0.09,5.03,0.07,0.21,0.24,0.25,0.06,0.19,0,0,0,0.16,0,0.75,0.02,1.4,0.08,AKK-36,2021,202102,Y-23,0.01446771019492095,13340.051563083893,162,12,1,55.28,8.89,39,0.3526,0.0874,,,0,63.00331,-172.56412,61,-1.7,8,NBS
2.5,0.09,0.04,0.08,0.05,0.69,0,0.14,0.1,0,11.53,0,0,19.72,0.17,0.39,0.35,1.01,0.27,0,0.29,0,0.16,1,2.16,0.38,5.03,4.41,0.29,0.05,0,0,0.54,0.26,0.25,0,0.28,0.13,1.86,0.17,0,0.29,1.92,0.64,4.49,0,0,0.32,0,0.01,1.63,0,0.39,19.99,0.28,0.32,0.49,0.61,0.09,0.3,0,0,0,0.27,0,1.26,0.04,3.4,0.14,AKK-37,2021,202102,Y-23,0.01446771019492095,13340.051563083893,162,12,1,52.75,8.33,34,0.3769,0.1185,,,0,63.00331,-172.56412,61,-1.7,8,NBS
3.55,0.11,0.1,0.13,0.09,0.62,0,0.19,0.18,0,13.21,0,0,21.57,0.18,0.56,0.5,1.46,0.3,0,0.33,0,0.17,1.39,2.68,0.32,8.33,6.51,0.47,0.07,0,0,0.66,0.3,0.31,0,0.3,0.17,1.79,0.28,0,0.57,1.98,1.37,4.46,0,0,0.38,0,0.02,1.79,0,0.38,19.34,0.06,0.68,0.5,0.38,0.16,0.41,0,0,0,0.29,0,1.97,0,3.75,0.16,AKK-38,2021,202102,Y-23,0.01446771019492095,13340.051563083893,162,12,2,49.43,0,26,0.3496,0.1145,,,0,63.00331,-172.56412,61,-1.7,8,NBS
1.94,0.05,0.05,0.1,0.05,0.4,0,0.13,0,0,8.14,0,0,10.91,0.11,0.43,0.32,0.58,0.22,0,0.31,0,0.22,0.35,2,0.4,6.81,5.01,0.43,0.06,0,0,0.44,0.2,0.16,0,0.19,0.01,0.85,0.11,0,0.27,1.82,1.44,3.36,0,0,0.35,0.09,0.02,1.74,0,0.28,12.19,0.05,0.81,0.38,0.39,0.12,0.4,0.01,0,0,0.25,0,1.72,0.01,3.52,0.14,AKK-39,2021,202102,Y-23,0.01446771019492095,13340.051563083893,162,12,2,50.28,0,22,0.265,0.0713,,,0,63.00331,-172.56412,61,-1.7,8,NBS
2.83,0.1,0.11,0.16,0.1,0.71,0,0.24,0.2,0,17.44,0,0,22.5,0.2,0.68,0.54,1.08,0.34,0,0.49,0,0.3,0.86,3.44,0.41,14.48,8.59,0.44,0.09,0,0,0.78,0.34,0.25,0,0.34,0.17,1.53,0.2,0,0.46,2.83,1.46,5.8,0,0,0.41,0,0.02,1.92,0,0.37,18.95,0.21,0.61,0.53,0.89,0.15,0.46,0,0,0,0.29,0,1.86,0.02,4.97,0.22,AKK-40,2021,202102,Y-23,0.01446771019492095,13340.051563083893,162,12,2,51.45,0,25,0.3566,0.1275,,,0,63.00331,-172.56412,61,-1.7,8,NBS
2.88,0.05,0.08,0.23,0.18,0.63,0,0.25,0.11,0,13.71,0,0,21.56,0.25,0.55,0.7,1.12,0.42,0,0.54,0,0.24,0.74,2.67,0.41,10.63,10.47,0.39,0.11,0,0,0.86,0.54,0.34,0,0.42,0.04,1.99,0.13,0,0.5,2.6,1.45,7,0,0,0.62,0,0.03,2.11,0,0.44,18.76,0.08,0.3,1,0.62,0.19,0.56,0,0,0,0.39,0.12,1.78,0.02,4.38,0.21,AKK-41,2021,202102,Y-24,0.0139751596738776,33559.545003028186,162,13,1,63.74,10.75,98,0.3087,0.103,,,0,63.004,-173.21533,69,-1.7,8,NBS
3.3,0.09,0.13,0.23,0.15,0.66,0,0.25,0.18,0,14.14,0,0,22.61,0.22,0.56,0.62,1.1,0.31,0,0.47,0,0.18,1.08,2.24,0.47,9.65,7.2,0.42,0.07,0,0,0.72,0.3,0.27,0,0.31,0.15,1.49,0.17,0,0.46,2.49,0.91,4.37,0,0,0.31,0,0.01,1.67,0,0.31,16.78,0.06,0.48,0.49,0.54,0.15,0.54,0,0,0,0.25,0.06,1.41,0.04,4.04,0.15,AKK-42,2021,202102,Y-24,0.0139751596738776,33559.545003028186,162,13,2,56.99,0,47,0.3463,0.1172,,,0,63.004,-173.21533,69,-1.7,8,NBS
2.6,0.08,0.08,0.12,0.08,0.62,0,0.17,0.2,0,11.94,0,0,19.03,0.18,0.46,0.41,1.05,0.25,0,0.37,0,0.21,0.8,2.34,0.32,8.2,6.18,0.4,0.07,0,0,0.62,0.28,0.27,0,0.31,0.15,1.58,0.17,0,0.32,2.3,1.14,4.81,0,0,0.33,0,0.02,1.8,0,0.35,17.8,0.05,0.79,0.46,0.34,0.09,0.42,0,0,0,0.28,0,1.52,0.02,4.04,0.27,AKK-43,2021,202102,Y-24,0.0139751596738776,33559.545003028186,162,13,1,51.12,8.22,54,0.3475,0.1168,,,0,63.004,-173.21533,69,-1.7,8,NBS
3.63,0.09,0.14,0.23,0.12,0.83,0,0.23,0.06,0,21.68,0,0,26.91,0.26,0.66,0.65,1.4,0.59,0,0.87,0,0.34,1.2,4.4,0.38,19.55,15.07,0.63,0.12,0,0,1.27,0.57,0.48,0,0.44,0.15,2.01,0.15,0,0.33,3.49,2.6,8.06,0,0,0.61,0,0.03,2.73,0,0.51,23.1,0.09,0.63,1.02,0.96,0.09,1.24,0,0,0,0.55,0,2.21,0.05,7,0.26,AKK-44,2021,202102,Y-24,0.0139751596738776,33559.545003028186,162,13,2,46.88,0,38,0.3126,0.1247,,,0,63.004,-173.21533,69,-1.7,8,NBS
2.89,0.1,0.07,0.14,0.13,0.62,0,0.2,0.1,0,12.08,0,0,18.06,0.18,0.51,0.48,1.01,0.26,0,0.33,0,0.27,0.86,2.49,0.52,7.79,5.72,0.38,0.07,0,0,0.59,0.3,0.24,0,0.26,0.11,1.81,0.14,0,0.4,2.33,1.13,4.61,0,0,0.4,0,0.02,1.5,0,0.38,17.64,0.07,0.46,0.45,0.54,0.19,0.49,0,0,0,0.27,0,1.48,0,4.1,0.23,AKK-45,2021,202102,Y-24,0.0139751596738776,33559.545003028186,162,13,1,51.48,8.55,53,0.3592,0.1125,,,0,63.004,-173.21533,69,-1.7,8,NBS
2.94,0.12,0.12,0.18,0.09,0.78,0,0.2,0.09,0,15.6,0,0,21.18,0.21,0.52,0.51,1.24,0.43,0,0.58,0,0.26,0.85,3.54,0.55,12.82,11.38,0.55,0.11,0,0,0.96,0.63,0.35,0,0.46,0.04,2.02,0.45,0,0.51,3.33,2.33,7.92,0,0,0.73,0,0.03,2.1,0,0.57,22.32,0.1,0.68,0.87,0.73,0.18,0.69,0.02,0,0,0.49,0.07,1.68,0.03,5.64,0.29,AKK-46,2021,202102,Y-24,0.0139751596738776,33559.545003028186,162,13,2,44.63,0,30,0.2393,0.0828,,,0,63.004,-173.21533,69,-1.7,8,NBS
2.38,0.08,0.07,0.11,0.08,0.61,0,0.17,0.11,0,12.43,0,0,18.54,0.17,0.46,0.42,0.92,0.28,0,0.41,0,0.26,0.75,2.63,0.35,9.11,6.96,0.39,0.07,0,0,0.66,0.33,0.26,0,0.32,0.16,1.71,0.12,0,0.42,2.34,1.51,5.18,0,0,0.49,0,0.02,1.93,0,0.4,20.31,0.08,0.67,0.56,0.55,0.17,0.48,0,0,0,0.28,0,1.82,0.05,5.02,0.24,AKK-47,2021,202102,Y-24,0.0139751596738776,33559.545003028186,162,13,1,51.83,8.9,51,0.3342,0.1126,,,0,63.004,-173.21533,69,-1.7,8,NBS
3.47,0.08,0.12,0.16,0.09,0.63,0,0.17,0.12,0,16.27,0,0,21.11,0.21,0.47,0.45,1.2,0.4,0,0.5,0,0.32,0.9,3.46,0.36,14.13,11.13,0.58,0.1,0,0,0.92,0.44,0.33,0,0.34,0.1,1.7,0.12,0,0.49,2.66,2.29,6,0,0,0.64,0,0.03,2.13,0,0.46,20.79,0.11,0.91,0.77,0.75,0.16,0.66,0.03,0,0,0.45,0,1.68,0.05,6.66,0.26,AKK-48,2021,202102,Y-24,0.0139751596738776,33559.545003028186,162,13,2,44.64,0,32,0.3214,0.123,,bitter,0,63.004,-173.21533,69,-1.7,8,NBS
4.57,0.13,0.17,0.25,0.13,0.74,0,0.22,0.22,0,20.06,0,0,29.1,0.28,0.63,0.65,2,0.48,0,0.81,0,0.32,1.71,4.26,0.54,17.74,14.86,0.63,0.12,0.02,0,1.31,0.56,0.47,0,0.34,0.04,3.04,0.18,0,0.49,3.28,2.21,7.49,0,0,0.63,0.21,0.04,2.18,0,0.57,26.17,0.25,0.63,0.89,1.1,0.2,0.78,0.01,0,0,0.55,0,1.85,0.07,6.91,0.29,AKK-49,2021,202102,Y-25,0.0151352592001281,42087.15500522176,162,14,2,53.16,0,50,0.392,0.1547,,,0,63.00044,-173.98169,73,-1.7,8,NBS
3.88,0.11,0.12,0.16,0.1,0.58,0,0.19,0.18,0,15.73,0,0,27.67,0.24,0.53,0.54,1.61,0.31,0,0.42,0,0.2,1.56,2.68,0.37,10.48,9.49,0.42,0.08,0,0,0.84,0.42,0.37,0,0.29,0.17,2.3,0.17,0,0.33,1.86,1.11,4.56,0,0,0.33,0,0.01,1.65,0,0.4,20.09,0.07,0.29,0.51,0.54,0.12,0.48,0,0,0,0.3,0.09,1.48,0.05,4.2,0.19,AKK-50,2021,202102,Y-25,0.0151352592001281,42087.15500522176,162,14,1,53.18,8.12,54,0.3827,0.1386,,,0,63.00044,-173.98169,73,-1.7,8,NBS
2.46,0.06,0.1,0.13,0.08,0.39,0,0.13,0.08,0,9.98,0,0,17.88,0.15,0.35,0.36,0.84,0.22,0,0.37,0,0.23,0.81,1.91,0.23,10.32,8.24,0.31,0.06,0,0,0.67,0.34,0.23,0,0.16,0.02,1.64,0.19,0.16,0,1.54,1.22,3.72,0,0,0.3,0,0.02,1.36,0,0.26,14.5,0.07,0.32,0.47,0.55,0.11,0.41,0,0,0,0.32,0.07,1.35,0.04,3.8,0.13,AKK-51,2021,202102,Y-25,0.0151352592001281,42087.15500522176,162,14,2,46.82,0,34,0.2196,0.0785,,,0,63.00044,-173.98169,73,-1.7,8,NBS
2.16,0.04,0.07,0.22,0.15,0.48,0,0.21,0.07,0,10.87,0,0,16.94,0.2,0.44,0.63,0.9,0.35,0,0.49,0,0.23,0.65,2.01,0.31,9.02,9.32,0.36,0.08,0,0,0.75,0.41,0.27,0,0.26,0.09,1.18,0.17,0,0.43,2.07,1,4.77,0,0,0.37,0,0.03,1.46,0,0.22,14.05,0.04,0.18,0.58,0.5,0.1,0.74,0,0,0,0.32,0,1.34,0,3.51,0.14,AKK-52,2021,202102,Y-25,0.0151352592001281,42087.15500522176,162,14,1,51.07,7.22,49,0.3187,0.0945,,,0,63.00044,-173.98169,73,-1.7,8,NBS
2.62,0.08,0.11,0.08,0.04,0.39,0,0.11,0.08,0,11.57,0,0,16.77,0.14,0.42,0.22,1.04,0.24,0,0.3,0,0.23,0.83,2.22,0.42,9.83,7.16,0.48,0.07,0,0,0.53,0.25,0.24,0,0.22,0.11,1.18,0.11,0,0.38,1.8,1.26,3.52,0,0,0.37,0,0.02,1.51,0,0.3,15.03,0.07,0.42,0.43,0.64,0.24,0.39,0,0,0,0.23,0,1.45,0,4.29,0.14,AKK-53,2021,202102,ZZ-24,0.01345770933053085,30168.581444906646,162,15,2,51.47,0,40,0.2394,0.0737,,,0,63.33903,-173.35745,71,-1.6,8,NBS
5.14,0.18,0.2,0.26,0.15,0.83,0,0.22,0.13,0,25.93,0,0,34.93,0.31,0.74,0.5,2.07,0.6,0,1.05,0,0.47,1.77,5.8,0.42,26.6,19.84,0.78,0.17,0,0,1.5,0.69,0.59,0,0.61,0.36,2.79,0.81,0,0.64,2.69,3.34,8.09,0,0,0.68,0,0.05,3.02,0,0.81,32.4,0.15,0.53,1.01,1.09,0.23,0.75,0,0,0,0.47,0,2.29,0.08,8.64,0.29,AKK-54,2021,202102,Y-25,0.0151352592001281,42087.15500522176,162,14,2,45.67,0,31,0.3183,0.1455,,,0,63.00044,-173.98169,73,-1.7,8,NBS
3.59,0.08,0.1,0.13,0.08,0.65,0,0.18,0.08,0,15.17,0,0,25.62,0.21,0.44,0.49,1.14,0.31,0,0.41,0,0.25,0.99,2.41,0.47,9.24,7.77,0.39,0.06,0,0,0.74,0.41,0.32,0,0.32,0.17,2.24,0.14,0,0.43,2.12,0.87,4.53,0,0,0.39,0,0.02,1.9,0,0.41,22.03,0.06,0.23,0.42,0.36,0.12,0.47,0,0,0,0.27,0,1.32,0,4.17,0.13,AKK-55,2021,202102,Y-25,0.0151352592001281,42087.15500522176,162,14,1,54.6,8.98,61,0.443,0.1561,,,0,63.00044,-173.98169,73,-1.7,8,NBS
3.11,0.05,0.11,0.16,0.12,0.58,0,0.16,0.15,0,14.11,0,0.08,21.41,0.22,0.45,0.55,1.25,0.43,0,0.67,0,0.31,0.8,2.62,0.35,14.14,11.87,0.48,0.09,0,0,0.98,0.55,0.33,0,0.33,0.12,1.53,0.18,0,0.43,2.74,1.48,6.39,0,0,0.5,0,0.02,1.64,0,0.32,16.81,0.07,0.54,0.79,0.6,0.23,0.95,0,0,0,0.44,0,1.5,0.05,4.36,0.2,AKK-56,2021,202102,Y-25,0.0151352592001281,42087.15500522176,162,14,2,51.14,0,43,0.3578,0.1183,,,0,63.00044,-173.98169,73,-1.7,8,NBS
3.88,0.09,0.14,0.18,0.16,0.73,0,0.16,0.14,0,16.71,0,0.13,26.46,0.27,0.47,0.54,1.46,0.49,0,0.74,0,0.24,1.32,3.01,0.4,16.63,12.72,0.47,0.09,0.03,0,1.08,0.57,0.4,0,0.3,0.11,2.06,0.19,0,0.44,2.47,1.46,6,0,0,0.46,0,0.03,2.06,0,0.39,22.65,0.07,0.6,0.87,0.62,0.11,0.91,0.03,0,0,0.45,0.14,1.63,0.05,5.02,0.19,AKK-57,2021,202102,Y-25,0.0151352592001281,42087.15500522176,162,14,1,54.3,7.24,53,0.3228,0.1171,,,0,63.00044,-173.98169,73,-1.7,8,NBS
2.65,0.06,0.11,0.16,0.13,0.57,0,0.15,0.11,0,14.05,0,0,22.04,0.21,0.41,0.49,1.03,0.39,0,0.6,0,0.2,0.74,2.56,0.32,14.15,12.64,0.43,0.08,0,0,0.92,0.51,0.31,0,0.23,0.1,1.26,0.21,0,0.49,2.76,1.47,6.03,0,0,0.36,0,0.03,1.65,0,0.27,15.99,0.08,0.86,0.81,0.67,0.09,0.96,0,0,0,0.32,0.07,1.2,0.04,3.62,0.21,AKK-58,2021,202102,Y-25,0.0151352592001281,42087.15500522176,162,14,2,50.24,0,41,0.373,0.1281,,,0,63.00044,-173.98169,73,-1.7,8,NBS
3.65,0.08,0.09,0.14,0.1,0.55,0,0.13,0.12,0,13.66,0,0,23.53,0.22,0.41,0.34,1.29,0.41,0,0.52,0,0.28,0.98,2.69,0.32,13.64,11.49,0.46,0.09,0,0,1,0.48,0.37,0,0.27,0.04,1.57,0.17,0,0.61,2.37,1.55,5.91,0,0,0.45,0,0.02,1.83,0,0.32,17.2,0.08,0.45,0.69,0.58,0.08,0.74,0,0,0,0.43,0,1.36,0.04,5.23,0.22,AKK-59,2021,202102,Y-25,0.0151352592001281,42087.15500522176,162,14,2,46.48,0,32,0.2553,0.0836,,,0,63.00044,-173.98169,73,-1.7,8,NBS
4.62,0.11,0.17,0.26,0.17,0.86,0,0.21,0.11,0,19.98,0,0,29,0.29,0.61,0.53,1.67,0.63,0,0.87,0,0.54,1.43,4.17,0.43,22.49,17.87,0.68,0.14,0.01,0,1.46,0.81,0.54,0,0.56,0.08,2.4,0.5,0,0.36,2.97,2.58,7.88,0,0,0.7,0,0.04,2.65,0.01,0.63,24.47,0.12,0.37,1.04,1.05,0.24,1.02,0.03,0,0,0.63,0,2.11,0.02,6.98,0.25,AKK-60,2021,202102,Y-25,0.0151352592001281,42087.15500522176,162,14,2,50.42,0,40,0.2448,0.1039,,,0,63.00044,-173.98169,73,-1.7,8,NBS
4.55,0.12,0.2,0.17,0.07,0.64,0,0.14,0.11,0,22.36,0,0,27.24,0.22,0.57,0.29,1.74,0.43,0,0.52,0,0.43,1.37,5.17,0.59,23.88,14.94,0.76,0.13,0,0,1.16,0.5,0.45,0,0.45,0.27,2.14,0.14,0,0.52,2.57,3.51,6.71,0,0,0.65,0,0.04,2.63,0,0.64,28.68,0.12,0.88,0.87,1.22,0.23,0.53,0,0,0,0.46,0,2.26,0.05,8.43,0.31,AKK-61,2021,202102,ZZ-24,0.01345770933053085,30168.581444906646,162,15,2,47.37,0,35,0.3599,0.1492,,,0,63.33903,-173.35745,71,-1.6,8,NBS
5.07,0.13,0.18,0.28,0.14,0.86,0,0.23,0,0,22.83,0,0,30.34,0.3,0.75,0.73,1.79,0.72,0,1,0,0.52,1.63,5.37,0.38,21.72,19.21,0.85,0.16,0.02,0,1.58,0.2,0.59,0,0.57,0.13,2.43,0.59,0,0.48,3.39,3.21,8.83,0,0,0.71,0.24,0.04,2.98,0.39,0.79,30.42,0.1,0.76,1.25,1.07,0.09,1.24,0,0,0,0.68,0,2.98,0.06,8.24,0.29,AKK-62,2021,202102,ZZ-24,0.01345770933053085,30168.581444906646,162,15,2,44.46,0,29,0.23,0.0976,,,0,63.33903,-173.35745,71,-1.6,8,NBS
2.13,0.08,0.06,0.07,0.04,0.48,0,0.1,0.08,0,9.71,0,0,15.53,0.14,0.34,0.2,0.83,0.24,0,0.27,0,0.19,0.73,2.03,0.37,5.59,5.66,0.33,0.05,0,0,0.51,0.37,0.24,0,0.18,0.12,1.43,0.22,0,0.51,2.38,0.96,4.51,0,0,0.41,0,0,1.43,0,0.31,16.59,0,1.01,0.45,0.78,0.06,0.67,0,0,0,0.25,0,1.23,0,3.29,0.11,AKK-63,2021,202102,ZZ-24,0.01345770933053085,30168.581444906646,162,15,1,51.53,8.53,51,0.3401,0.107,,,0,63.33903,-173.35745,71,-1.6,8,NBS
2.47,0.08,0.08,0.09,0.05,0.45,0,0.11,0.11,0,11.26,0,0,15.58,0.14,0.37,0.23,1.1,0.27,0,0.3,0,0.28,0.8,2.3,0.43,8.08,6.97,0.33,0.06,0,0,0.57,0.28,0.27,0,0.2,0.04,1.32,0.14,0,0.54,2.26,0.95,4.36,0,0,0.31,0,0.02,1.43,0,0.27,16.34,0.07,0.58,0.41,0.47,0.18,0.75,0,0,0,0.25,0,1.15,0.04,3.99,0.18,AKK-64,2021,202102,ZZ-24,0.01345770933053085,30168.581444906646,162,15,1,50.74,7.63,45,0.4201,0.137,,,0,63.33903,-173.35745,71,-1.6,8,NBS
4.95,0.13,0.15,0.22,0.1,0.79,0,0.21,0.09,0,25.89,0,0,31.12,0.24,0.67,0.56,1.44,0.47,0,0.58,0,0.37,1,5.98,0.7,25.67,15.56,0.72,0.14,0,0,1.21,0.54,0.45,0,0.55,0.03,2.46,0.17,0,0.46,3.42,3.37,8.43,0,0,0.76,0,0.03,2.62,0,0.72,29.83,0.12,0.8,0.9,1.14,0.24,0.78,0.03,0,0,0.66,0,2.58,0.05,9.25,0.26,AKK-65,2021,202102,ZZ-24,0.01345770933053085,30168.581444906646,162,15,2,44.15,0,28,0.3747,0.1638,,,0,63.33903,-173.35745,71,-1.6,8,NBS
2.29,0.09,0.08,0.09,0.04,0.51,0,0.11,0.07,0,10.3,0,0,17.02,0.15,0.4,0.22,0.87,0.27,0,0.27,0,0.21,0.82,2.3,0.44,7.31,5.47,0.36,0.05,0,0,0.51,0.26,0.25,0,0.22,0.13,1.43,0.21,0,0.48,1.96,1.12,4.33,0,0,0.37,0,0,1.67,0,0.37,18.1,0.04,0.55,0.46,0.66,0.11,0.46,0,0,0,0.29,0,1.58,0,3.89,0.22,AKK-66,2021,202102,ZZ-24,0.01345770933053085,30168.581444906646,162,15,1,52.62,8.32,52,0.3427,0.1085,,,0,63.33903,-173.35745,71,-1.6,8,NBS
2.88,0.07,0.17,0.14,0.06,0.41,0,0.16,0.11,0,15.85,0,0,19.06,0.14,0.54,0.39,0.92,0.25,0,0.39,0,0.24,0.66,3.49,0.32,18.06,10.1,0.67,0.15,0,0,0.58,0.27,0.23,0,0.29,0.13,0.97,0.17,0,0.33,2.2,2.08,3.91,0,0,0.46,0,0.03,1.82,0,0.31,15.97,0.12,0.86,0.5,0.64,0.14,0.24,0,0,0,0.36,0.04,1.96,0.03,5.44,0.21,AKK-67,2021,202102,ZZ-24,0.01345770933053085,30168.581444906646,162,15,2,46.18,0,33,0.3373,0.1152,,,0,63.33903,-173.35745,71,-1.6,8,NBS
2.16,0.07,0.15,0.1,0.05,0.35,0,0.13,0.1,0,11.47,0,0,12.72,0.11,0.36,0.32,0.71,0.21,0,0.29,0,0.22,0.53,2.26,0.41,10.58,7.24,0.38,0.07,0,0,0.49,0.21,0.17,0,0.21,0.05,0.71,0.12,0,0.23,1.96,1.39,3.35,0,0,0.38,0,0,1.18,0,0.24,10.78,0.07,0.47,0.35,0.84,0.17,0.37,0,0,0,0.22,0,1.1,0,3.6,0.14,AKK-68,2021,202102,ZZ-24,0.01345770933053085,30168.581444906646,162,15,2,41.08,0,41,0.3638,0.1142,,,0,63.33903,-173.35745,71,-1.6,8,NBS
2.22,0.08,0.09,0.1,0.06,0.34,0,0.13,0.08,0,8.49,0,0,13.44,0.12,0.41,0.36,0.85,0.21,0,0.28,0,0.25,0.61,1.84,0.29,8.01,6.45,0.43,0.07,0,0,0.5,0.22,0.19,0,0.2,0.02,0.88,0.13,0,0.29,1.35,1.1,2.56,0,0,0.37,0,0.01,1.36,0,0.23,10.97,0.07,0.44,0.36,0.38,0.1,0.3,0,0,0.04,0.21,0,1.21,0.03,3.7,0.16,AKK-69,2021,202102,ZZ-24,0.01345770933053085,30168.581444906646,162,15,2,46.23,0,32,0.3318,0.1001,,,0,63.33903,-173.35745,71,-1.6,8,NBS
0.18,0.01,0.01,0.03,0.03,0.07,0,0.02,0,0,1.44,0,0.01,1.65,0.02,0.07,0.07,0.05,0.06,0,0.05,0,0.07,0.03,0.44,0.05,1.19,1.56,0.11,0.01,0,0,0.08,0.06,0.03,0,0.04,0.02,0.1,0.04,0,0.13,0.16,0.13,0.22,0,0,0.08,0,0,0.48,0,0.06,2.39,0.02,0,0.07,0.27,0,0.04,0,0,0,0.08,0,0.34,0,0.94,0.02,AKK-70,2021,202102,ZZ-24,0.01345770933053085,30168.581444906646,162,15,2,45.43,0,33,0.3204,0.0592,,,0,63.33903,-173.35745,71,-1.6,8,NBS
NA,NA,NA,NA,NA,NA,NA,NA,NA,NA,NA,NA,NA,NA,NA,NA,NA,NA,NA,NA,NA,NA,NA,NA,NA,NA,NA,NA,NA,NA,NA,NA,NA,NA,NA,NA,NA,NA,NA,NA,NA,NA,NA,NA,NA,NA,NA,NA,NA,NA,NA,NA,NA,NA,NA,NA,NA,NA,NA,NA,NA,NA,NA,NA,NA,NA,NA,NA,NA,AKK-71,2021,202102,ZZ-22,0.0141334323254586,27311.12946320172,162,18,2,48.39,0,37,0.355,0.1012,,,0,63.24515,-171.99726,59,-1.5,8,NBS
2.52,0.07,0.06,0.07,0.04,0.56,0,0.14,0.04,0,10.94,0,0,16.38,0.13,0.39,0.32,0.74,0.27,0,0.3,0,0.3,0.64,1.97,0.51,6.99,5.34,0.23,0.04,0,0,0.5,0.27,0.2,0,0.24,0.1,1.48,0.17,0,0.23,2.46,0.81,4.87,0,0,0.3,0,0.02,1.38,0,0.32,15.31,0.06,0.56,0.34,0.45,0.13,0.51,0,0,0,0.24,0,1.31,0.03,4.07,0.13,AKK-72,2021,202102,ZZ-22,0.0141334323254586,27311.12946320172,162,18,1,55.12,9.36,55,0.4163,0.1216,,,0,63.24515,-171.99726,59,-1.5,8,NBS
0.8,0.02,0.02,0.02,0.01,0.17,0,0.04,0.03,0,4.26,0,0,5.41,0.07,0.17,0.08,0.32,0.12,0,0.1,0,0.16,0.19,0.95,0.14,2.78,2.84,0.15,0.03,0,0,0.19,0.17,0.09,0,0.08,0.02,0.5,0.14,0,0.3,0.77,0.41,1.9,0,0,0.18,0,0,0.79,0,0.13,6.85,0.02,0.11,0.19,0.43,0.03,0.38,0,0,0,0.1,0,0.48,0,2.05,0.09,AKK-73,2021,202102,ZZ-22,0.0141334323254586,27311.12946320172,162,18,2,47.03,0,30,0.3355,0.0761,,,0,63.24515,-171.99726,59,-1.5,8,NBS
0.16,0,0,0.01,0.01,0.09,0,0.03,0,0,1.16,0,0,0.86,0.02,0.06,0.07,0.04,0.04,0,0.04,0,0.06,0.01,0.34,0.06,0.73,0.64,0.06,0.01,0,0,0.04,0.03,0.02,0,0.04,0.01,0.04,0.02,0,0.14,0.23,0.11,0.35,0,0,0.07,0,0,0.4,0,0.02,1.52,0.04,0.03,0.04,0.19,0,0.02,0,0,0,0.04,0,0.18,0,0.45,0.03,AKK-74,2021,202102,ZZ-22,0.0141334323254586,27311.12946320172,162,18,1,52.13,8.83,41,0.3088,0.0585,,,0,63.24515,-171.99726,59,-1.5,8,NBS
2,0.08,0.07,0.11,0.05,0.48,0,0.16,0.07,0,8.85,0,0,15.62,0.13,0.33,0.37,0.78,0.23,0,0.26,0,0.14,0.57,1.75,0.53,3.91,5.22,0.25,0.04,0,0,0.42,0.31,0.18,0,0.29,0.03,1.26,0.37,0,0.17,2.04,0.52,3.97,0,0,0.31,0,0,1.17,0,0.32,13.01,0.03,0.18,0.28,0.21,0.05,0.42,0,0,0,0.24,0,0.95,0,2.46,0.06,AKK-75,2021,202102,ZZ-22,0.0141334323254586,27311.12946320172,162,18,2,47.44,0,36,0.344,0.0955,,,0,63.24515,-171.99726,59,-1.5,8,NBS
1.51,0.06,0.03,0.03,0.02,0.48,0,0.1,0.03,0,6.9,0,0,11.26,0.09,0.23,0.16,0.52,0.14,0,0.15,0,0.12,0.41,1.43,0.33,2.24,2.11,0.12,0.03,0,0,0.31,0.18,0.14,0,0.24,0.08,0.97,0.12,0,0.28,1.52,0.38,3.6,0,0,0.24,0,0,1.07,0,0.29,12.39,0.05,0.15,0.26,0.26,0.07,0.21,0,0,0,0.23,0.02,0.69,0,2.13,0.09,AKK-76,2021,202102,ZZ-22,0.0141334323254586,27311.12946320172,162,18,2,53.99,0,53,0.3618,0.0993,,,0,63.24515,-171.99726,59,-1.5,8,NBS
2.06,0.08,0.04,0.05,0.02,0.44,0,0.12,0.07,0,8.79,0,0,14.43,0.12,0.29,0.18,0.86,0.15,0,0.14,0,0.13,0.91,1.85,0.36,4.26,3.76,0.17,0.03,0,0,0.4,0.31,0.19,0,0.25,0.09,1.4,0.16,0,0.21,1.77,0.6,4.28,0,0,0.31,0,0,1.17,0,0.35,15.75,0.03,0.19,0.3,0.41,0.07,0.18,0,0,0,0.19,0,1.12,0.04,2.95,0.13,AKK-77,2021,202102,ZZ-22,0.0141334323254586,27311.12946320172,162,18,2,48.05,0,35,0.3084,0.0932,,,0,63.24515,-171.99726,59,-1.5,8,NBS
NA,NA,NA,NA,NA,NA,NA,NA,NA,NA,NA,NA,NA,NA,NA,NA,NA,NA,NA,NA,NA,NA,NA,NA,NA,NA,NA,NA,NA,NA,NA,NA,NA,NA,NA,NA,NA,NA,NA,NA,NA,NA,NA,NA,NA,NA,NA,NA,NA,NA,NA,NA,NA,NA,NA,NA,NA,NA,NA,NA,NA,NA,NA,NA,NA,NA,NA,NA,NA,AKK-78,2021,202102,ZZ-22,0.0141334323254586,27311.12946320172,162,18,2,48.75,0,39,0.3387,0.0659,,,0,63.24515,-171.99726,59,-1.5,8,NBS
2.14,0.08,0.07,0.07,0.03,0.54,0,0.15,0.08,0,10.28,0,0,13.93,0.14,0.45,0.32,0.67,0.2,0,0.31,0,0.22,0.46,1.99,0.3,8.45,5.14,0.39,0.07,0,0,0.43,0.19,0.17,0,0.21,0.04,0.92,0.11,0,0.4,2.26,1.2,5.11,0,0,0.37,0,0.02,1.49,0,0.28,12.91,0.07,0.36,0.31,0.64,0.25,0.33,0,0,0,0.25,0,1.45,0,4.31,0.14,AKK-79,2021,202102,ZZ-22,0.0141334323254586,27311.12946320172,162,18,2,45.06,0,32,0.3258,0.094,,,0,63.24515,-171.99726,59,-1.5,8,NBS
0.34,0,0.01,0.03,0.02,0.08,0,0.06,0.03,0,1.56,0,0.21,0.83,0.02,0.21,0.16,0.19,0.08,0,0.08,0,0.11,0.01,0.74,0.1,1.64,1.64,0.2,0.04,0,0,0.12,0.08,0.04,0,0.04,0.04,0.04,0,0,0.72,0.82,0.46,1.17,0,0,0.23,0,0.01,0.73,0,0.03,4.22,0.04,0.39,0.15,0.26,0.05,0.15,0,0,0,0.06,0,0.71,0,1.29,0.07,AKK-80,2021,202102,BB-22,0.01390997679986475,8411.228982145938,162,22,2,51.59,0,31,0.3244,0.07,,,0,64.01035,-171.79476,50,-0.9,9,NBS
0.37,0.01,0.02,0.04,0.04,0.16,0,0.09,0.06,0,2.88,0,0,1.95,0.03,0.28,0.18,0.19,0.11,0,0.13,0,0.13,0.01,1.04,0.09,3.07,2.04,0.22,0.06,0,0,0.17,0.11,0.06,0,0.06,0.05,0.04,0,0,0.08,1.13,0.85,2.12,0,0,0.26,0,0.02,1.03,0,0.05,4.46,0.05,0.61,0.23,0.22,0.05,0.12,0,0,0,0.11,0,0.9,0.03,2.06,0.16,AKK-81,2021,202102,BB-22,0.01390997679986475,8411.228982145938,162,22,1,53.09,8.19,54,0.2944,0.0708,,,0,64.01035,-171.79476,50,-0.9,9,NBS
NA,NA,NA,NA,NA,NA,NA,NA,NA,NA,NA,NA,NA,NA,NA,NA,NA,NA,NA,NA,NA,NA,NA,NA,NA,NA,NA,NA,NA,NA,NA,NA,NA,NA,NA,NA,NA,NA,NA,NA,NA,NA,NA,NA,NA,NA,NA,NA,NA,NA,NA,NA,NA,NA,NA,NA,NA,NA,NA,NA,NA,NA,NA,NA,NA,NA,NA,NA,NA,AKK-82,2021,202102,BB-22,0.01390997679986475,8411.228982145938,162,22,1,50.56,9.29,43,0.3643,0.0604,,,0,64.01035,-171.79476,50,-0.9,9,NBS
0.7,0.01,0.01,0.05,0.02,0.17,0,0.07,0.05,0,3.48,0,0,3.55,0.06,0.31,0.18,0.21,0.16,0,0.17,0,0.17,0.01,1.37,0.11,3.6,4.37,0.33,0.07,0,0,0.28,0.21,0.12,0,0.08,0.04,0.2,0.07,0,0.4,1.22,1.22,2.07,0,0,0.36,0,0.02,1.29,0,0.11,6.6,0.12,0.94,0.35,0.64,0.07,0.29,0,0,0,0.11,0,1.43,0,2.93,0.11,AKK-83,2021,202102,BB-22,0.01390997679986475,8411.228982145938,162,22,1,50.93,9.04,52,0.226,0.0543,,,0,64.01035,-171.79476,50,-0.9,9,NBS
0.23,0,0,0.02,0.01,0.04,0,0.03,0.02,0,1.22,0,0,0.84,0.02,0.1,0.07,0.14,0.06,0,0.05,0,0.1,0.01,0.46,0.07,1.17,0.85,0.13,0.02,0,0,0.06,0.03,0.03,0.01,0.01,0.01,0.03,0.03,0,0.26,0.2,0.17,0.23,0,0,0.08,0,0,0.61,0,0.02,2.38,0.09,0.06,0.07,0.3,0.03,0.02,0,0,0,0.03,0,0.33,0,0.91,0.06,AKK-84,2021,202102,BB-22,0.01390997679986475,8411.228982145938,162,22,2,46.61,0,33,0.3336,0.0714,,,0,64.01035,-171.79476,50,-0.9,9,NBS
0.07,0,0,0.01,0,0.02,0,0.02,0,0,0.66,0,0.08,0.22,0.01,0.09,0.08,0.07,0.05,0,0.03,0,0.08,0.01,0.37,0.03,0.62,0.6,0.08,0.02,0,0,0.04,0.02,0.02,0,0,0.01,0.01,0,0,0.33,0.13,0.14,0.13,0,0,0.06,0,0,0.49,0,0,1.89,0,0.08,0.04,0.34,0,0,0,0,0,0.02,0,0.27,0,0.65,0.03,AKK-85,2021,202102,BB-22,0.01390997679986475,8411.228982145938,162,22,2,50.49,0,47,0.3603,0.0803,,,0,64.01035,-171.79476,50,-0.9,9,NBS
0.45,0.01,0.01,0.06,0.02,0.1,0,0.09,0.05,0,2.25,0,0,1.93,0.03,0.26,0.2,0.2,0.11,0,0.1,0,0.16,0.01,1,0.1,2.15,1.76,0.25,0.06,0,0,0.16,0.08,0.06,0,0.06,0.04,0.07,0.05,0,0.73,0.89,0.79,1.41,0,0,0.26,0,0.01,0.93,0,0.06,4.6,0.06,0.6,0.19,0.35,0.07,0.09,0,0,0,0.07,0,1.04,0.02,1.67,0.09,AKK-86,2021,202102,BB-22,0.01390997679986475,8411.228982145938,162,22,2,51.61,0,48,0.3494,0.0816,,,0,64.01035,-171.79476,50,-0.9,9,NBS
1.03,0.03,0.05,0.09,0.05,0.19,0,0.12,0.11,0,4.49,0,0,4.93,0.06,0.42,0.26,0.35,0.13,0,0.2,0,0.17,0.07,1.54,0.09,5.17,3.27,0.37,0.08,0,0,0.23,0.1,0.09,0.03,0.07,0.05,0.13,0.08,0,0.75,1.06,1.22,2.04,0,0,0.26,0.04,0.01,1.17,0,0.08,5.45,0.04,0.73,0.29,0.36,0.07,0.24,0,0,0,0.11,0,1.48,0.02,2.22,0.12,AKK-87,2021,202102,BB-22,0.01390997679986475,8411.228982145938,162,22,2,46.69,0,32,0.3487,0.0966,,,0,64.01035,-171.79476,50,-0.9,9,NBS
0.06,0,0.01,0.01,0.01,0.02,0,0.02,0.01,0,0.89,0,0,0.49,0.01,0.12,0.09,0.12,0.05,0,0.03,0,0.11,0.01,0.48,0.04,0.75,0.93,0.11,0.02,0,0,0.05,0.04,0.03,0,0.02,0.02,0.01,0,0,0.75,0.12,0.18,0.15,0,0,0.1,0,0,0.61,0,0.02,2.8,0.13,0.05,0.06,0.43,0,0,0,0,0,0.02,0,0.39,0.01,0.86,0.04,AKK-88,2021,202102,BB-22,0.01390997679986475,8411.228982145938,162,22,2,50.18,0,39,0.3613,0.0767,,,0,64.01035,-171.79476,50,-0.9,9,NBS
1.28,0.03,0.04,0.09,0.05,0.45,0,0.21,0.06,0,7.15,0,0,8.07,0.1,0.5,0.37,0.51,0.21,0,0.26,0,0.14,0.15,2.11,0.33,5.64,4.31,0.27,0.06,0,0,0.42,0.21,0.12,0,0.2,0.03,0.53,0.09,0,1.16,3.04,0.54,0,0,0,0.43,0.12,0.02,1.54,0,0.27,11.19,0.07,0.69,0.49,0.49,0.1,0.27,0.01,0,0,0.35,0.02,1.56,0.04,3.64,0.18,AKK-89,2021,202102,CC-21,0.012403600817586,76613.785301174,162,26,2,56.93,0,58,0.3604,0.1046,,,0,64.23399,-171.10594,40,0.3,9,NBS
0.4,0.01,0.01,0.05,0.02,0.16,0,0.07,0.03,0,2.96,0,0,2.51,0.04,0.2,0.16,0.17,0.12,0,0.13,0,0.13,0,0.95,0.12,2.18,2.17,0.17,0.03,0,0,0.19,0.12,0.07,0,0.08,0.03,0.1,0.04,0,0.4,1.04,0.55,2.38,0,0,0.22,0,0.01,0.64,0,0.07,4.66,0.14,0.16,0.24,0.45,0.09,0.16,0,0,0,0.12,0,0.69,0.03,1.67,0.09,AKK-90,2021,202102,CC-21,0.012403600817586,76613.785301174,162,26,2,55.87,0,59,0.3562,0.0848,,,0,64.23399,-171.10594,40,0.3,9,NBS
1.02,0.02,0.03,0.09,0.06,0.29,0,0.12,0.08,0,7.57,0,0,4.92,0.08,0.37,0.31,0.62,0.33,0,0.39,0,0.31,0.08,1.76,0.36,6.37,5.32,0.46,0.06,0.03,0,0.41,0.35,0.11,0,0.19,0.04,0.25,0.06,0,0.58,2.78,1.3,5.32,0,0,0.54,0.07,0.02,1.13,0,0.17,9.69,0.1,0.39,0.37,0.81,0.37,0.55,0,0,0,0.29,0.01,1.49,0.03,4.66,0.12,AKK-91,2021,202102,CC-21,0.012403600817586,76613.785301174,162,26,1,57.44,9.54,66,0.2361,0.0574,,,0,64.23399,-171.10594,40,0.3,9,NBS
0.04,0,0,0,0,0.03,0,0.02,0,0,0.72,0,0,0.4,0.01,0.07,0.06,0.06,0.05,0,0.04,0,0.09,0.01,0.37,0.03,0.52,0.67,0.07,0.02,0,0,0.04,0.02,0.02,0,0,0,0.01,0,0,0.04,0.13,0.07,0.2,0,0,0.05,0,0,0.52,0,0.01,1.97,0,0.03,0.03,0.07,0,0.01,0,0,0,0.03,0,0.19,0,0.58,0.02,AKK-92,2021,202102,CC-21,0.012403600817586,76613.785301174,162,26,1,51.94,8.39,49,0.2976,0.0553,,,0,64.23399,-171.10594,40,0.3,9,NBS
0.43,0.01,0.02,0.06,0.04,0.16,0,0.08,0.03,0,3.03,0,0,2.18,0.04,0.23,0.23,0.21,0.14,0,0.16,0,0.17,0.03,0.89,0.14,2.88,2.66,0.21,0.05,0,0,0.22,0.16,0.06,0,0.09,0.02,0.09,0.04,0,1.15,1.35,0.72,2.38,0,0,0.3,0,0.01,0.75,0,0.05,5.19,0.11,0.51,0.28,0.51,0.12,0.21,0,0,0,0.13,0,0.74,0.03,1.99,0.09,AKK-93,2021,202102,CC-21,0.012403600817586,76613.785301174,162,26,2,50.36,0,44,0.3732,0.0952,,,0,64.23399,-171.10594,40,0.3,9,NBS
0.49,0.01,0.01,0.05,0.03,0.12,0,0.07,0.03,0,2.94,0,0,2.08,0.04,0.22,0.19,0.37,0.11,0,0.1,0,0.14,0.03,0.95,0.11,2.79,3,0.22,0.06,0,0,0.18,0.16,0.06,0,0.07,0.01,0.08,0.04,0,1.09,0.93,0.68,2.16,0,0,0.29,0.05,0.01,0.69,0,0.08,5.11,0.1,0.28,0.27,0.46,0.08,0.15,0,0,0,0.1,0,0.86,0.03,1.89,0.1,AKK-94,2021,202102,CC-21,0.012403600817586,76613.785301174,162,26,2,49.83,0,40,0.3409,0.0889,,,0,64.23399,-171.10594,40,0.3,9,NBS
0.1,0.01,0,0.01,0,0.05,0,0.02,0,0,0.83,0,0.12,0.25,0.01,0.1,0.07,0.07,0.06,0,0.03,0,0.09,0,0.57,0.03,0.67,0.65,0.09,0.02,0,0,0.05,0.03,0.02,0,0.01,0.01,0.02,0,0,0.82,0.2,0.18,0.18,0,0,0.09,0,0,0.55,0,0.02,2.54,0.07,0.07,0.06,0.32,0,0,0,0,0,0.02,0,0.33,0.02,0.87,0.05,AKK-95,2021,202102,CC-21,0.012403600817586,76613.785301174,162,26,2,46.86,0,35,0.233,0.0547,,,0,64.23399,-171.10594,40,0.3,9,NBS
0.48,0.01,0.01,0.05,0.03,0.13,0,0.11,0.05,0,2.71,0,0,2.08,0.04,0.26,0.22,0.32,0.11,0,0.12,0,0.11,0.03,0.94,0.1,2.78,2.35,0.24,0.06,0,0,0.19,0.13,0.06,0,0.07,0.04,0.08,0.05,0,0.93,0.89,1.08,2.01,0,0,0.29,0,0.02,0.75,0,0.07,4.45,0.04,0.58,0.26,0.44,0.12,0.17,0,0,0,0.09,0,0.8,0.02,1.74,0.1,AKK-96,2021,202102,CC-21,0.012403600817586,76613.785301174,162,26,2,44.55,0,34,0.3382,0.0829,,,0,64.23399,-171.10594,40,0.3,9,NBS
0.37,0.01,0.02,0.04,0.02,0.1,0,0.06,0.02,0,1.99,0,0,2.09,0.03,0.16,0.18,0.15,0.08,0,0.11,0,0.07,0.02,0.42,0.05,2.21,1.57,0.17,0.03,0,0,0.12,0.07,0.04,0,0.04,0.02,0.06,0.05,0,0.67,0.37,0.43,1.08,0,0,0.15,0,0.01,0.6,0,0.03,3.34,0.07,0.1,0.09,0.24,0,0.04,0.01,0,0,0.05,0,0.49,0.01,1.34,0.06,AKK-97,2021,202102,CC-20,0.0126596552147967,31570.401659348685,162,27,2,49.06,0,37,0.3847,0.0976,,,0,64.28089,-170.67872,34,0.6,9,NBS
0.05,0,0,0.01,0.01,0.02,0,0.01,0,0,0.59,0,0,0.28,0.01,0.04,0.06,0.04,0.03,0,0.03,0,0.09,0,0.27,0.03,0.39,0.53,0.06,0.01,0,0,0.03,0.02,0.02,0,0.01,0,0.01,0.01,0.02,0,0.13,0.08,0.2,0,0,0.06,0,0,0.26,0,0.01,4.37,0.13,0.06,0,0.45,0,0.03,0,0,0,0.01,0,0.14,0.01,0.39,0.02,AKK-98,2021,202102,CC-20,0.0126596552147967,31570.401659348685,162,27,2,54.3,0,47,0.2346,0.0452,,,0,64.28089,-170.67872,34,0.6,9,NBS
1.47,0.04,0.03,0.1,0.09,0.25,0,0.13,0.2,0,5.95,0,0,6.52,0.09,0.34,0.3,1,0.18,0,0.14,0,0.18,0.18,1.56,0.43,4.46,4.89,0.33,0.06,0,0,0.34,0.28,0.11,0,0.16,0.05,0.39,0.08,0,0.95,1.62,1.02,3.63,0,0,0.41,0,0.02,0.86,0,0.23,9.8,0.17,0.22,0.38,0.67,0.18,0.42,0,0,0,0.21,0,1.18,0.03,2.96,0.09,AKK-99,2021,202102,CC-20,0.0126596552147967,31570.401659348685,162,27,2,55.07,0,51,0.2924,0.0767,,,0,64.28089,-170.67872,34,0.6,9,NBS
1.69,0.03,0.04,0.12,0.07,0.23,0,0.11,0.11,0,7.75,0,0,7.65,0.11,0.34,0.29,1.05,0.18,0,0.2,0,0.21,0.25,1.64,0.21,8.93,7.46,0.44,0.07,0.01,0,0.54,0.43,0.14,0,0.22,0.06,0.52,0.07,0,0.93,1.67,1.7,4.5,0,0,0.44,0.11,0.02,1.04,0,0.37,11.25,0.2,0.58,0.52,1.03,0.21,0.46,0.01,0,0,0.2,0,1.18,0.04,4.06,0.16,AKK-100,2021,202102,CC-20,0.0126596552147967,31570.401659348685,162,27,2,53.1,0,48,0.3712,0.1203,,bitter,0,64.28089,-170.67872,34,0.6,9,NBS
0.64,0.01,0.02,0.05,0.03,0.17,0,0.09,0.04,0,3.8,0,0,3.37,0.06,0.26,0.21,0.31,0.12,0,0.17,0,0.14,0.09,1,0.15,2.95,3,0.45,0.05,0,0,0.19,0.15,0.07,0,0.07,0.03,0.11,0.1,0,0.2,0.98,0.63,2.15,0,0,0.34,0,0.02,0.92,0,0.09,6.23,0.05,0.22,0.38,0.41,0.14,0.21,0,0,0,0.12,0,1.36,0,2.52,0.07,AKK-101,2021,202102,CC-20,0.0126596552147967,31570.401659348685,162,27,1,53.24,9.65,58,0.5619,0.1521,,,0,64.28089,-170.67872,34,0.6,9,NBS
1.08,0.02,0.03,0.14,0.14,0.19,0,0.17,0.1,0,5.8,0,0,4.56,0.1,0.38,0.29,0.82,0.22,0,0.16,0,0.18,0.21,1.49,0.25,5.8,5.72,0.4,0.08,0,0,0.57,0.37,0.13,0,0.19,0.05,0.34,0.19,0,0.67,1.21,1.25,3.44,0,0,0.48,0,0.03,0.9,0,0.22,9.13,0.12,0.25,0.34,0.5,0.21,0.27,0,0,0,0.17,0,1.07,0.05,3.28,0.12,AKK-102,2021,202102,CC-20,0.0126596552147967,31570.401659348685,162,27,2,46.72,0,32,0.3315,0.0969,,,0,64.28089,-170.67872,34,0.6,9,NBS
0.43,0.01,0.01,0.05,0.02,0.1,0,0.08,0,0,2.99,0.01,0,1.69,0.04,0.18,0.16,0.33,0.13,0,0.12,0,0.18,0.02,0.9,0.11,2.88,2.48,0.26,0.06,0,0,0.2,0.13,0.05,0,0.07,0,0.08,0.01,0,1.26,1.2,0.8,1.99,0,0,0.32,0.03,0.02,0.61,0.03,0.05,4.26,0.05,0.77,0.23,0.32,0.09,0.13,0,0,0,0.1,0,0.53,0.02,1.92,0.15,AKK-103,2021,202102,CC-20,0.0126596552147967,31570.401659348685,162,27,2,48.77,0,40,0.1609,0.0404,,,0,64.28089,-170.67872,34,0.6,9,NBS
0.61,0.01,0.01,0.06,0.04,0.19,0,0.12,0.08,0,3.39,0,0,3.62,0.06,0.31,0.25,0.35,0.13,0,0.13,0,0.12,0.06,1.13,0.17,2.1,2.36,0.26,0.06,0,0,0.21,0.15,0.07,0,0.09,0.02,0.13,0.05,0,0.87,1.44,0.68,3.23,0,0,0.22,0,0.01,0.75,0,0.1,5.24,0.04,0.31,0.29,0.25,0.08,0.16,0,0,0,0.15,0,1.05,0.03,1.72,0.11,AKK-104,2021,202102,CC-20,0.0126596552147967,31570.401659348685,162,27,2,51.27,0,44,0.2609,0.0671,,,0,64.28089,-170.67872,34,0.6,9,NBS
0.97,0.02,0.04,0.1,0.05,0.17,0,0.1,0.06,0,3.19,0,0,3.63,0.11,0.24,0.24,0.79,0.11,0,0.09,0,0.12,0.27,0.7,0.13,1.33,1.99,0.5,0.03,0,0,0.14,0.15,0.05,0,0,0.03,0.19,0.05,0,0.59,0.56,0.26,0.78,0,0,0.13,0,0,0.51,0,0.07,4.94,0.05,0.15,0.26,0.32,0.04,0.11,0,0,0,0.06,0,0.83,0.02,1.28,0.08,AKK-105,2021,202102,CC-20,0.0126596552147967,31570.401659348685,162,27,2,43.52,0,29,0.3464,0.0917,,,0,64.28089,-170.67872,34,0.6,9,NBS
6.66,0.17,0.39,0.91,0.42,1.79,0,0.75,0.72,0,39.28,0.17,0,35.68,0.59,2.23,2.04,1.43,1.66,0,1.03,1.77,0.94,1.8,9.2,0.56,0,25.96,1.63,0.91,0.13,0,2.88,1.87,0.63,0,1.44,0.13,2.2,0.22,0,0.67,11.32,4.95,20.83,0,2.32,0,0.44,0.08,6.28,0.67,0,54.93,0,2.42,2.09,1.7,0.65,2.29,0.08,4.79,0,1.44,0,6.47,0.09,16.73,0.69,AKK-106,2021,202102,CC-19,0.012580480403964,217375.6503875896,162,28,1,51.34,7.33,50,0.2701,0.115,,,0,64.31672,-169.83788,39,0.3,9,NBS
3.24,0.11,0.1,0.26,0.21,1,0,0.38,0.26,0,20.48,0,0,23.68,0.25,1.02,0.76,1.13,0.44,0,0.23,0,0.22,0.44,5.49,0.48,15.75,9.16,0.87,0.12,0,0,0.81,0.37,0.27,0,0.37,0.2,0.83,0.15,0,0.34,4.2,2.34,11.36,0,0,0.78,0.28,0.04,2.66,0,0.52,23.32,0.11,0.62,0.88,0.86,0.2,0.39,0,0,0,0.53,0,3.58,0.08,7.16,0.26,AKK-107,2021,202102,CC-19,0.012580480403964,217375.6503875896,162,28,1,52.68,7.68,44,0.4736,0.188,,,0,64.31672,-169.83788,39,0.3,9,NBS
3.21,0.07,0.09,0.19,0.1,0.34,0,0.16,0.13,0,14.02,0,0,15.91,0.16,0.45,0.33,1.57,0.24,0,0.23,0,0.26,1.02,2.66,0.21,13.84,11.53,0.51,0.12,0,0,0.75,0.55,0.26,0,0.37,0.19,1.78,0.56,0,1.08,1.63,2.13,4.82,0,0,0.75,0,0.03,1.41,0,0.63,21.44,0.14,0.5,0.66,1.47,0.16,0.35,0,0,0,0.26,0,1.15,0.05,6.14,0.25,AKK-108,2021,202102,CC-19,0.012580480403964,217375.6503875896,162,28,2,49.91,0,42,0.2917,0.1029,,,0,64.31672,-169.83788,39,0.3,9,NBS
3.41,0.1,0.1,0.28,0.14,0.48,0,0.28,0.27,0,15.18,0,0,17.71,0.22,0.76,0.71,1.76,0.35,0,0.39,0,0.32,1.23,3.08,0.58,15.29,11.78,0.85,0.13,0.07,0,0.96,0.59,0.28,0,0.46,0.08,1.49,0.12,0,0.55,2.5,2.36,5.64,0,0,0.76,0,0.04,1.67,0,0.5,20.48,0.15,0.53,0.61,0.79,0.22,0.51,0,0,0,0.34,0,2.21,0.06,6.32,0.2,AKK-109,2021,202102,CC-19,0.012580480403964,217375.6503875896,162,28,2,46.67,0,33,0.16,0.0618,,,0,64.31672,-169.83788,39,0.3,9,NBS
3.09,0.06,0.09,0.24,0.14,0.49,0,0.26,0.15,0,14.09,0,0,15.08,0.2,0.79,0.65,1.44,0.38,0,0.38,0,0.39,0.95,3.18,0.37,12.55,10.64,0.7,0.12,0,0,0.91,0.57,0.26,0,0.37,0.14,1.49,0.11,0,0.48,2.34,2.26,5.08,0,0,0.67,0,0.03,1.77,0,0.44,19,0.38,0.96,0.75,1.62,0.18,0.57,0,0,0,0.59,0,2.36,0.06,7.26,0.26,AKK-110,2021,202102,CC-19,0.012580480403964,217375.6503875896,162,28,2,47.34,0,35,0.6405,0.2364,,,0,64.31672,-169.83788,39,0.3,9,NBS
4.56,0.13,0.12,0.2,0.06,0.51,0,0.19,0.12,0,19.41,0,0,23.4,0.2,0.57,0.37,2.02,0.33,0,0.26,0,0.33,1.99,4.66,0.35,0,14.18,0.63,0.14,0.04,0,0.98,0.65,0.39,0,0.54,0.24,2.89,0.82,0,0.83,2.03,3.04,6.24,0,0,0.69,0,0.04,1.99,0,0.85,32.84,0.21,0.63,0.92,0.97,0.24,0.24,0.07,0,0,0.35,0.12,1.83,0.06,7.72,0.25,AKK-111,2021,202102,CC-19,0.012580480403964,217375.6503875896,162,28,2,52.97,0,45,0.253,0.0992,,bitter,0,64.31672,-169.83788,39,0.3,9,NBS
5.52,0.14,0.19,0.44,0.19,0.6,0,0.33,0.31,0,23.25,0,0,26.33,0.3,0.96,0.67,2.45,0.44,0,0.96,0,0.42,2.12,4.35,0.39,22.49,19.13,0.91,0.15,0.12,0,1.41,0.94,0.43,0,0.73,0.32,2.62,1.01,0,0.92,2.8,3.21,6.99,0,0,0.82,0.26,0.05,2.5,0.33,1.05,42.58,0.25,1.02,1,1.18,0.22,0.41,0.03,0,0,0.48,0,2.88,0.08,10.97,0.33,AKK-112,2021,202102,CC-19,0.012580480403964,217375.6503875896,162,28,2,46.29,0,28,0.3211,0.1394,,,0,64.31672,-169.83788,39,0.3,9,NBS
0.21,0,0,0.04,0.01,0.07,0,0.04,0.02,0,1.7,0,0,1.09,0.02,0.12,0.11,0.16,0.08,0,0.07,0,0.14,0.03,0.54,0.07,1.04,1.2,0.17,0.03,0,0,0.09,0.05,0.04,0,0.03,0.02,0.06,0.04,0,0.32,0.35,0.18,0.62,0,0,0.15,0,0.01,0.52,0,0.03,3.42,0.03,0.14,0.08,0.14,0.05,0.05,0,0,0,0.05,0,0.47,0.02,1.24,0.06,AKK-113,2021,202102,CC-19,0.012580480403964,217375.6503875896,162,28,2,46.96,0,34,0.3114,0.0665,,,0,64.31672,-169.83788,39,0.3,9,NBS
4.2,0.11,0.08,0.19,0.08,0.43,0,0.14,0.23,0,14.61,0,0,17.15,0.19,0.54,0.28,1.88,0.31,0,0.2,0,0.39,1.46,3.13,0.6,13.12,12.53,0.59,0.13,0,0,0.81,0.67,0.31,0,0.44,0.14,2.21,0.82,0,0.92,2.48,2.5,6.03,0,0,0.79,0,0.03,1.48,0,0.77,29.32,0.15,1.31,0.85,0.97,0.54,0.41,0,0,0,0.27,0,2.21,0.05,6.54,0.27,AKK-114,2021,202102,CC-19,0.012580480403964,217375.6503875896,162,28,2,48.03,0,37,0.4163,0.1486,,,0,64.31672,-169.83788,39,0.3,9,NBS
1.95,0.05,0.06,0.09,0.05,0.54,0,0.25,0.06,0,13.09,0,0,16.04,0.15,0.56,0.49,0.68,0.25,0,0.3,0,0.19,0.45,2.53,0.4,7.76,6.42,0.29,0.05,0,0,0.54,0.39,0.23,0,0.21,0.04,0.63,0.1,0,0.41,2.79,0.46,6.51,0,0,0.31,0,0.01,1.49,0,0.25,15.42,0.06,0.28,0.5,0.39,0.12,0.53,0,0,0.05,0.34,0,1.19,0.04,3.71,0.15,AKK-115,2021,202102,DD-19,0.013149971562519,382212.8531688783,162,29,2,54.73,0,48,0.2261,0.0762,,,0,64.65693,-169.90694,47,0.3,9,NBS
2.82,0.05,0.08,0.15,0.07,0.39,0,0.16,0.21,0,12.39,0,0,11.22,0.16,0.48,0.27,1.56,0.26,0,0.24,0,0.31,1.37,2.68,0.42,11.57,8.45,0.62,0.09,0,0,0.65,0.63,0.18,0,0.35,0.05,1.33,0.59,0,0.84,2.41,1.85,5.09,0,0,0.54,0,0.03,1.53,0,0.61,21.05,0.13,0.77,0.65,0.91,0.21,0.57,0,0,0,0.32,0,1.51,0.04,6.03,0.23,AKK-116,2021,202102,DD-19,0.013149971562519,382212.8531688783,162,29,2,57.04,0,55,0.4027,0.1352,,,0,64.65693,-169.90694,47,0.3,9,NBS
3.62,0.11,0.15,0.23,0.14,0.57,0,0.26,0.26,0,16.7,0,0,15.95,0.2,0.79,0.49,2.05,0.39,0,0.37,0,0.47,1.73,3.64,0.52,16.03,11.65,0.65,0.13,0,0,0.89,0.77,0.26,0,0.5,0.08,1.61,0.78,0,0.92,3.71,2.84,7.45,0,0,0.75,0,0.05,2.13,0,0.7,26.87,0.16,1.18,0.89,1.27,0.37,0.76,0,0,0,0.55,0.05,2.33,0.06,7.21,0.34,AKK-117,2021,202102,DD-19,0.013149971562519,382212.8531688783,162,29,2,53.57,0,44,0.4747,0.1841,,,0,64.65693,-169.90694,47,0.3,9,NBS
2.83,0.07,0.1,0.17,0.08,0.38,0,0.19,0.17,0,11.61,0,0,11.76,0.16,0.57,0.37,1.76,0.29,0,0.54,0,0.28,1.45,2.56,0.33,9.29,7.8,0.55,0.07,0.05,0,0.64,0.56,0.21,0,0.32,0.02,1.4,0.57,0,0.54,2.57,1.47,4.94,0,0,0.43,0.12,0.02,1.34,0,0.5,21.07,0.1,0.84,0.58,0.92,0.18,0.55,0.01,0,0,0.29,0,1.54,0.04,5.53,0.2,AKK-118,2021,202102,DD-19,0.013149971562519,382212.8531688783,162,29,1,59.35,9.82,70,0.5296,0.1738,,,0,64.65693,-169.90694,47,0.3,9,NBS
3.18,0.1,0.09,0.2,0.13,0.6,0,0.23,0.19,0,16.29,0,0,15.39,0.22,0.69,0.44,1.82,0.43,0,0.42,0,0.36,1.34,3.41,0.73,13.19,10.34,0.67,0.1,0,0,0.85,0.69,0.25,0,0.4,0.03,1.68,0,0,0.61,3.47,1.85,7.1,0,0,0.6,0,0.04,1.98,0,0.58,24.89,0.12,0.76,0.78,1.45,0.35,0.82,0,0,0,0.47,0,2.07,0.06,8.38,0.21,AKK-119,2021,202102,DD-19,0.013149971562519,382212.8531688783,162,29,1,50.79,7.9,49,0.28,0.1029,,,0,64.65693,-169.90694,47,0.3,9,NBS
2.7,0.06,0.07,0.16,0.09,0.45,0,0.19,0.16,0,12.14,0,0,11.71,0.16,0.6,0.39,1.22,0.37,0,0.37,0,0.37,0.85,2.72,0.61,10.05,8.86,0.6,0.08,0,0,0.7,0.56,0.2,0,0.34,0.08,0.95,0.44,0,0.83,3.17,1.65,6.23,0,0,0.48,0,0.03,1.52,0,0.41,18.39,0.11,0.84,0.61,0.85,0.29,0.85,0,0,0,0.36,0,1.84,0.04,5.32,0.21,AKK-120,2021,202102,DD-19,0.013149971562519,382212.8531688783,162,29,2,60.6,0,68,0.3998,0.1318,,,0,64.65693,-169.90694,47,0.3,9,NBS
2.44,0.04,0.1,0.15,0.08,0.36,0,0.16,0.12,0,10.98,0,0,9.65,0.14,0.52,0.31,1.24,0.32,0,0.27,0,0.26,1.03,2.44,0.47,10.05,7.11,0.47,0.08,0,0,0.56,0.38,0.16,0,0.29,0.07,0.99,0.45,0,1.18,3.21,1.74,5.56,0,0,0.58,0,0.03,1.37,0,0.37,17.42,0.12,0.93,0.6,1.3,0.31,0.91,0,0,0,0.28,0.05,1.55,0.05,5.4,0.21,AKK-121,2021,202102,DD-19,0.013149971562519,382212.8531688783,162,29,2,57.34,0,55,0.4469,0.1443,,,0,64.65693,-169.90694,47,0.3,9,NBS
2.9,0.06,0.11,0.15,0.08,0.4,0,0.18,0.26,0,14.19,0,0,12.52,0.16,0.57,0.33,1.54,0.32,0,0.27,0,0.37,1.44,3.28,0.45,13.87,9.39,0.58,0.1,0,0,0.72,0.62,0.2,0,0.38,0.06,1.34,0.61,0,0.75,2.97,2.01,5.47,0,0,0.56,0.13,0.04,1.67,0,0.52,22.82,0.14,1.28,0.64,0.74,0.24,0.62,0,0,0,0.33,0,1.49,0.05,6.79,0.29,AKK-122,2021,202102,DD-19,0.013149971562519,382212.8531688783,162,29,2,53.65,0,49,0.2388,0.0883,,,0,64.65693,-169.90694,47,0.3,9,NBS
2.43,0.12,0.08,0.08,0.04,0.6,0,0.18,0.05,0,11.3,0,0,15.06,0.18,0.44,0.27,0.86,0.32,0,0.27,0,0.16,0.64,2.29,0.81,5.24,6.69,0.39,0.04,0,0,0.52,0.42,0.24,0,0.18,0.04,0.75,0.13,0,0.64,3.31,0.31,6.2,0,0,0.23,0,0,1.23,0,0.24,15.95,0.07,0.42,0.45,0.45,0.06,1.2,0,0,0,0.31,0,1.28,0,3.33,0.13,AKK-123,2021,202102,DD-19,0.013149971562519,382212.8531688783,162,29,2,50.47,0,41,0.1991,0.061,,,0,64.65693,-169.90694,47,0.3,9,NBS
1.48,0.08,0.03,0.05,0.02,0.49,0,0.15,0.04,0,7.96,0,0,10.31,0.1,0.36,0.27,0.37,0.2,0,0.21,0,0.16,0.24,1.74,0.46,4.72,4.36,0.23,0.04,0,0,0.37,0.2,0.17,0,0.17,0.04,0.48,0.05,0,0.7,2.45,0.38,5.49,0,0,0.26,0,0,1.24,0,0.23,13.26,0.06,0.41,0.4,0.47,0.12,0.39,0,0,0,0.29,0,0.94,0,3,0.11,AKK-124,2021,202102,DD-19,0.013149971562519,382212.8531688783,162,29,2,50.42,0,40,0.2381,0.0721,,,0,64.65693,-169.90694,47,0.3,9,NBS
3.28,0.08,0.07,0.2,0.09,0.47,0,0.21,0,0,12.54,0.06,0,11.33,0.18,0.67,0.39,1.93,0.33,0,0.43,0,0.3,1.2,3.15,0.33,11.58,9.8,0.74,0.11,0.06,0,0.79,0.68,0.22,0,0.4,0.13,1.32,0.6,0,0.83,0,2.78,0,0,0,0.71,0.15,0.04,1.86,0.26,0.53,23.47,0.14,0.93,0.73,0.99,0.23,0.62,0.02,0,0,0.42,0.03,2.05,0.05,6.64,0.33,AKK-125,2021,202102,DD-19,0.013149971562519,382212.8531688783,162,29,2,49.69,0,37,0.4972,0.1734,,,0,64.65693,-169.90694,47,0.3,9,NBS
1.28,0.02,0.04,0.09,0.05,0.28,0,0.11,0.07,0,4.74,0,0,4.69,0.1,0.3,0.24,0.45,0.16,0,0.16,0,0.15,0.16,1.17,0.3,3.02,3.4,0.27,0.04,0,0,0.28,0.22,0.11,0,0.13,0.07,0.33,0.06,0,1.18,1.84,0.64,3.33,0,0,0.34,0,0.02,0.92,0,0.13,7.64,0.15,0.68,0.36,0.91,0.2,0.36,0,0,0,0.17,0,0.88,0.04,2.4,0.15,AKK-126,2021,202102,DD-19,0.013149971562519,382212.8531688783,162,29,2,51.79,0,44,0.2087,0.0612,,,0,64.65693,-169.90694,47,0.3,9,NBS
0.89,0.02,0.02,0.03,0.02,0.36,0,0.1,0.03,0,4.59,0,0,5.75,0.09,0.26,0.19,0.38,0.19,0,0.18,0,0.14,0.19,1.06,0.51,2.46,3.87,0.22,0.02,0,0,0.31,0.2,0.13,0,0.08,0.02,0.3,0.07,0,0.3,2.05,0.14,3.57,0,0,0.13,0,0,0.99,0,0.11,8.02,0,0.16,0.26,0.38,0.04,0.94,0,0,0,0.23,0,1.05,0,2.74,0.06,AKK-127,2021,202102,DD-19,0.013149971562519,382212.8531688783,162,29,2,46.09,0,31,0.246,0.0723,,,0,64.65693,-169.90694,47,0.3,9,NBS
4.1,0.13,0.18,0.24,0.07,0.38,0,0.23,0.42,0,18.48,0,0,19.83,0.17,0.69,0.43,2.64,0.25,0,1.49,0.04,0.37,3.3,3.29,0.28,16.29,11.32,0.59,0.08,0.07,0,0.76,0.62,0.32,0,0.48,0.05,2.14,1.01,0,0.64,3.15,2.03,4.14,0,0,0.43,0.14,0.02,1.43,0,0.59,25.95,0.09,2.03,0.6,0.58,0.24,0.32,0,0,0,0.31,0.01,1.21,0.04,5.44,0.28,AKK-128,2021,202102,FF-18,0.012565926060732,9072.15269682712,162,33,2,51.19,0,49,0.3188,0.1182,,,0,65.2529,-168.94758,52,2.2,9,NBS
2.13,0.06,0.08,0.28,0.14,0.32,0,0.3,0.22,0,11.12,0,0,12.61,0.15,0.64,0.75,1.17,0.23,0,0.27,0,0.25,1.51,2.01,0.26,7.68,7.88,0.41,0.07,0,0,0.66,0.47,0.22,0,0.23,0.13,1.18,0.43,0,0.41,2.57,0.91,2.66,0,0,0.24,0,0.01,1.08,0,0.3,16.77,0.04,1.33,0.39,0.38,0.07,0.61,0,0,0,0.24,0.08,1.39,0,4,0.23,AKK-129,2021,202102,FF-18,0.012565926060732,9072.15269682712,162,33,1,58.62,9.91,73,0.2416,0.0764,,,0,65.2529,-168.94758,52,2.2,9,NBS
2.56,0.06,0.09,0.17,0.11,0.38,0,0.18,0.23,0,13.89,0,0,14.24,0.15,0.59,0.4,1.49,0.28,0,0.67,0,0.34,1.63,2.61,0.27,11.03,8.91,0.46,0.08,0,0,0.7,0.54,0.25,0,0.28,0.15,1.55,0.53,0,0.34,2.57,1.19,4.6,0,0,0.3,0,0.02,1.32,0,0.38,20.9,0.07,0.78,0.49,0.84,0.21,0.84,0,0,0,0.31,0,1.33,0.04,5.32,0.2,AKK-130,2021,202102,FF-18,0.012565926060732,9072.15269682712,162,33,1,58.55,9.64,76,0.3156,0.1095,,,0,65.2529,-168.94758,52,2.2,9,NBS
2.82,0.07,0.14,0.42,0.24,0.33,0,0.41,0.45,0,11.57,0,0,12.77,0.19,0.83,0.94,1.24,0.22,0,0.45,0,0.24,1.1,2,0.43,9.18,7.57,0.47,0.1,0,0,0.76,0.45,0.16,0.07,0.21,0.13,0.97,0.44,0,0.4,3.16,1.12,2.45,0,0,0.28,0,0.02,0.99,0,0.27,14.83,0.06,1.91,0.44,0.77,0.13,0.46,0,0,0,0.2,0,1.41,0,4.09,0.29,AKK-131,2021,202102,FF-18,0.012565926060732,9072.15269682712,162,33,1,52.75,8.6,60,0.4841,0.1505,,,0,65.2529,-168.94758,52,2.2,9,NBS
2.02,0.07,0.06,0.09,0.03,0.3,0,0.1,0.13,0,11.26,0,0,12.37,0.14,0.4,0.23,1.4,0.23,0,0.88,0,0.2,1.61,2.12,0.27,6.53,7.91,0.36,0.05,0,0,0.51,0.48,0.24,0,0.21,0.11,1.62,0.5,0.17,0,1.91,0.71,3.42,0,0,0.18,0,0,0.96,0,0.32,17.79,0.06,0.41,0.39,0.95,0.04,0.8,0,0,0,0.24,0,1.07,0,3.96,0.12,AKK-132,2021,202102,FF-18,0.012565926060732,9072.15269682712,162,33,1,55.79,9.49,67,0.2719,0.0916,,,0,65.2529,-168.94758,52,2.2,9,NBS
2.14,0.06,0.08,0.31,0.19,0.25,0,0.3,0.34,0,9.26,0,0,10.93,0.16,0.66,0.74,1.34,0.17,0,0.21,0,0.16,1.19,1.61,0.3,7.41,6.35,0.41,0.1,0,0,0.56,0.31,0.16,0.05,0.21,0.01,0.98,0.44,0,0.28,1.84,0.93,2.15,0,0,0.25,0,0,0.73,0,0.25,12.16,0.07,0.69,0.36,0.62,0.15,0.36,0,0,0,0.2,0.06,1.44,0,3.02,0.15,AKK-133,2021,202102,FF-18,0.012565926060732,9072.15269682712,162,33,1,58.73,9.44,74,0.3365,0.1006,,,0,65.2529,-168.94758,52,2.2,9,NBS
2.32,0.06,0.07,0.18,0.12,0.32,0,0.17,0,0,10.83,0,0,10.5,0.17,0.46,0.34,1.15,0.22,0,0.22,0,0.22,1.45,2.15,0.22,8.3,6.49,0.39,0.06,0,0,0.48,0.38,0.19,0.02,0.13,0.07,1.3,0.45,0,0.39,2.54,1.01,2.83,0,0,0.38,0,0.02,1.42,0,0.28,15.57,0.08,1.05,0.43,0.46,0.27,0.97,0,0,0,0.23,0,1.17,0.04,4.25,0.2,AKK-134,2021,202102,FF-18,0.012565926060732,9072.15269682712,162,33,1,56.56,8.92,69,0.3518,0.1115,,,0,65.2529,-168.94758,52,2.2,9,NBS
2.42,0.07,0.09,0.17,0.1,0.3,0,0.2,0,0,11.73,0,0,12.28,0.14,0.52,0.42,1.37,0.21,0,0.22,0,0.28,1.33,1.9,0.48,7.61,6.16,0.36,0.05,0,0,0.52,0.39,0.19,0,0.2,0.1,1.02,0.1,0,0.36,2.84,0.81,2.95,0,0,0.19,0,0.01,0.89,0,0.24,14.16,0.07,1.39,0.37,0.68,0.18,0.64,0,0,0,0.21,0.12,1.05,0,3.74,0.24,AKK-135,2021,202102,FF-18,0.012565926060732,9072.15269682712,162,33,1,55.95,9.39,68,0.1495,0.0462,,,0,65.2529,-168.94758,52,2.2,9,NBS
3.14,0.08,0.09,0.18,0.11,0.42,0,0.21,0.28,0,15,0,0,18.46,0.18,0.6,0.58,1.69,0.32,0,0.32,0,0.34,1.67,2.82,0.34,11.6,11.29,0.4,0.07,0,0,0.77,0.57,0.3,0,0.25,0.02,2.3,0.5,0,0.31,2.93,1.15,5.54,0,0,0.28,0,0.02,1.37,0,0.38,20.16,0.16,0.62,0.56,0.73,0.09,1.14,0.02,0,0,0.33,0,1.38,0.04,4.63,0.18,AKK-136,2021,202102,FF-18,0.012565926060732,9072.15269682712,162,33,1,58.66,8.39,74,0.3854,0.1387,,,0,65.2529,-168.94758,52,2.2,9,NBS
2.94,0.08,0.12,0.14,0.09,0.36,0,0.16,0.17,0,13.15,0,0,16.3,0.17,0.5,0.34,1.49,0.28,0,1.19,0,0.21,2.33,2.44,0.28,8.23,9.29,0.34,0.05,0,0,0.66,0.54,0.28,0,0.28,0.15,2.13,0.66,0,0.4,2.07,0.8,3.83,0,0,0.21,0,0.01,1.25,0,0.42,21.98,0.06,0.56,0.41,0.52,0.08,0.82,0,0,0,0.26,0,1.12,0,4.08,0.16,AKK-137,2021,202102,FF-18,0.012565926060732,9072.15269682712,162,33,1,67.03,11.6,116,0.3206,0.1087,,,0,65.2529,-168.94758,52,2.2,9,NBS
3.2,0.1,0.12,0.21,0.12,0.44,0,0.24,0.3,0,14.4,0,0,15.14,0.17,0.65,0.46,1.74,0.31,0,0.33,0,0.34,1.78,3.27,0.36,12.59,10.69,0.53,0.1,0.05,0,0.76,0.59,0.28,0,0.36,0.06,1.67,0.61,0,0.57,3.53,1.74,5.65,0,0,0.39,0.11,0.03,1.35,0,0.42,20.17,0.09,1.39,0.58,0.88,0.11,0.98,0,0,0,0.37,0.05,1.39,0.05,5.45,0.27,AKK-138,2021,202102,FF-18,0.012565926060732,9072.15269682712,162,33,2,54.26,0,54,0.3016,0.1023,,,0,65.2529,-168.94758,52,2.2,9,NBS
2.77,0.07,0.09,0.16,0.08,0.33,0,0.16,0.24,0,9.39,0,0,11.5,0.16,0.44,0.29,1.21,0.18,0,0.18,0,0.23,1.41,1.81,0.32,7.6,5.82,0.45,0.05,0,0,0.49,0.4,0.19,0,0.25,0.11,0.98,0.55,0,0.61,2.89,1.36,3.25,0,0,0.27,0,0.02,0.97,0,0.35,15.24,0.06,1.69,0.47,0.48,0.13,0.43,0,0,0,0.22,0,1.05,0.03,4.11,0.3,AKK-139,2021,202102,FF-18,0.012565926060732,9072.15269682712,162,33,2,54.08,0,56,0.1026,0.0323,,,0,65.2529,-168.94758,52,2.2,9,NBS
2.97,0.08,0.1,0.23,0.15,0.38,0,0.23,0,0,12.67,0,0,13.21,0.17,0.65,0.44,1.68,0.2,0,0.25,0,0.34,1.76,2.46,0.51,10.58,7.21,0.52,0.08,0,0,0.57,0.5,0.19,0,0.33,0.02,1.39,0.64,0,0.48,3.06,1.52,3.74,0,0,0.36,0,0.03,1.12,0,0.38,18.8,0.1,1.7,0.57,0.96,0.24,0.66,0.02,0,0,0.33,0,1.51,0.05,5.19,0.34,AKK-140,2021,202102,FF-18,0.012565926060732,9072.15269682712,162,33,2,51.93,0,44,0.1648,0.0547,,,0,65.2529,-168.94758,52,2.2,9,NBS
0.86,0.02,0.03,0.12,0.06,0.25,0,0.15,0.09,0,4.18,0,0,3.37,0.08,0.36,0.33,0.57,0.25,0,0.14,0,0.19,0.24,1.37,0.22,2.65,3.31,0.27,0.1,0,0,0.34,0.27,0.09,0,0.18,0.04,0.29,0.14,0,0.27,1.46,0.28,2.88,0,0,0.33,0,0.02,0.76,0,0.11,6.74,0.05,0.18,0.32,0.28,0.1,0.44,0,0,0,0.16,0,0.75,0,2.21,0.15,VA-1,2021,202101,N-20,0.0145007528107365,2827.4394119485437,94,104,1,73.57,14.42,164,0.313,0.0736,,,0,59.32582,-169.88594,61,3.1,3,EBS
1.46,0.04,0.1,0.19,0.09,0.37,0,0.22,0.12,0,6.42,0,0,5.25,0.12,0.54,0.46,0.82,0.31,0,0.25,0,0.26,0.49,1.96,0.29,6.02,5.02,0.43,0.16,0,0,0.54,0.37,0.13,0,0.29,0.06,0.51,0.25,0,0.32,1.8,0.96,3.48,0,0,0.54,0,0.03,1.04,0,0.17,9.84,0.14,0.23,0.34,0.6,0.19,0.5,0,0,0,0.23,0,1.13,0.03,3.25,0.14,VA-2,2021,202101,N-20,0.0145007528107365,2827.4394119485437,94,104,1,80.83,16.55,200,0.3421,0.0835,,,1,59.32582,-169.88594,61,3.1,3,EBS
0.74,0,0.12,0.18,0.05,0.19,0,0.19,0.03,0,3.03,0,0,2.35,0.08,0.4,0.35,0.42,0.18,0,0.17,0,0.08,0.17,0.89,0.19,2.66,2.17,0.32,0.11,0,0,0.31,0.19,0.08,0,0,0.04,0.19,0.06,0,0.3,0.93,0.36,1.14,0,0,0.31,0,0.01,0.8,0,0.08,4.97,0.04,0.06,0.13,0.43,0.09,0.12,0,0,0,0.13,0,0.74,0,1.81,0.05,VA-3,2021,202101,M-20,0.0137065999703787,15612.91643897647,94,105,1,84.45,13.96,212,0.3592,0.0853,,,0,58.99643,-169.83571,63,3.5,3,EBS
0.95,0.02,0.06,0.14,0.07,0.25,0,0.16,0.06,0,4.15,0,0,3.33,0.07,0.4,0.33,0.51,0.2,0,0.2,0,0.17,0.22,1.14,0.21,3.55,2.99,0.28,0.1,0,0,0.35,0.22,0.08,0,0.2,0.04,0.2,0.05,0,0.39,1.16,0.58,2.17,0,0,0.36,0,0.01,0.69,0,0.08,5.22,0.07,0.11,0.2,0.57,0.16,0.25,0,0,0,0.15,0,0.69,0,1.99,0.11,VA-4,2021,202101,M-20,0.0137065999703787,15612.91643897647,94,105,1,87.83,16.69,238,0.3229,0.0782,,,0,58.99643,-169.83571,63,3.5,3,EBS
3.42,0.11,0.14,0.26,0.46,0.66,0,0.35,0.2,0,16.76,0,0,16.56,0.26,0.86,0.68,1.41,0.48,0,0.57,0,0.56,1.06,4.42,0.36,16.43,12.99,0.67,0.27,0.02,0,1.08,0.84,0.25,0,0.51,0.1,1.51,0.13,0,0.52,2.93,2.37,7.39,0,0,0.75,0.11,0.07,1.41,0,0.44,21.25,0.36,0.29,0.7,0.85,0.29,0.84,0,0,0,0.43,0,1.43,0.06,5.86,0.61,VA-5,2021,202101,K-20,0.01297932976006425,7088.193435309142,94,107,1,93.36,18.15,288,0.3763,0.132,,,0,58.33916,-169.72913,69,3.1,3,EBS
1.59,0.04,0.05,0.19,0.11,0.45,0,0.24,0.11,0,8.09,0,0,7.87,0.15,0.62,0.54,0.92,0.36,0,0.3,0,0.28,0.58,2.39,0.39,6.03,6.8,0.47,0.19,0,0,0.64,0.5,0.17,0,0.33,0.04,0.93,0.11,0,0.48,2.37,1.16,5.06,0,0,0.51,0,0.03,1.1,0,0.25,12.72,0.09,0.27,0.43,0.43,0.21,0.76,0,0,0,0.41,0,1.28,0.03,3.68,0.21,VA-6,2021,202101,N-20,0.0145007528107365,2827.4394119485437,94,104,1,83.35,15.93,196,0.3024,0.0845,,,0,59.32582,-169.88594,61,3.1,3,EBS
1.59,0.02,0.22,0.39,0.2,0.39,0,0.38,0.05,0,6.45,0,0,5.74,0.16,0.81,0.76,0.66,0.33,0,0.14,0,0.3,0.25,2,0.36,6.05,6.24,0.57,0.21,0,0,0.65,0.44,0.13,0,0.41,0.09,0.43,0.07,0,0.58,2.3,1.04,3.63,0,0,0.64,0,0.03,1.42,0,0.19,9.32,0.2,0.28,0.48,0.78,0.2,0.5,0,0,0,0.35,0,1.37,0.03,3.17,0.21,VA-7,2021,202101,M-20,0.0137065999703787,15612.91643897647,94,105,1,91.8,17.38,280,0.3198,0.0854,,,0,58.99643,-169.83571,63,3.5,3,EBS
1.78,0.02,0.24,0.28,0.16,0.37,0,0.29,0.06,0,7.19,0,0,6.43,0.15,0.69,0.63,0.67,0.37,0,0.16,0,0.29,0.32,2.21,0.36,6,6.08,0.56,0.19,0.04,0,0.62,0.45,0.16,0,0.37,0.09,0.4,0.09,0,0.48,2.37,0.97,4.24,0,0,0.55,0,0.03,1.26,0,0.2,9.37,0.08,0.24,0.38,1.07,0.23,0.61,0,0,0,0.28,0,1.38,0,3.1,0.23,VA-8,2021,202101,M-20,0.0137065999703787,15612.91643897647,94,105,1,84.61,16.26,224,0.3391,0.0977,,,0,58.99643,-169.83571,63,3.5,3,EBS
2.15,0.08,0.08,0.27,0.38,0.42,0,0.31,0.17,0,8.57,0,0,8.57,0.23,0.74,0.68,1.36,0.35,0,0.58,0,0.5,0.97,2.52,0.35,6.22,6.43,0.45,0.22,0.04,0,0.66,0.59,0.16,0,0.43,0.05,0.99,0.45,0,0.56,2.06,1.03,3.61,0,0,0.45,0.07,0.05,1.05,0,0.3,14.96,0.24,0.22,0.55,0.82,0.19,0.54,0,0,0,0.42,0,1.27,0.05,3.9,0.46,VA-9,2021,202101,L-21,0.013591330854816,7725.512764100944,94,128,1,85.79,15.29,226,0.3394,0.1021,,,0,58.662350000000004,-170.43126,74,3.1,3,EBS
0.08,0,0,0.02,0.02,0.03,0,0.03,0,0,0.92,0,0,0.42,0.02,0.08,0.07,0.04,0.07,0,0.05,0,0.12,0.01,0.4,0.03,0.65,0.85,0.11,0.04,0,0,0.06,0.04,0.03,0,0.03,0.02,0.03,0.01,0,0.09,0.06,0.07,0.11,0,0,0.12,0,0,0.6,0,0.02,2.11,0.02,0,0.02,0.33,0,0.01,0,0,0,0.05,0,0.22,0,0.98,0.02,VA-10,2021,202101,N-20,0.0145007528107365,2827.4394119485437,94,104,1,78.88,15.53,188,0.3471,0.0632,,,0,59.32582,-169.88594,61,3.1,3,EBS
1.24,0.02,0.22,0.27,0.19,0.27,0,0.27,0.06,0,4.23,0,0,3.76,0.11,0.57,0.56,0.53,0.27,0,0.23,0,0.21,0.18,1.37,0.32,3.91,3.89,0.44,0.14,0,0,0.41,0.29,0.09,0,0,0.07,0.22,0.06,0,0.57,1.7,0.71,2.19,0,0,0.44,0,0.02,1.02,0,0.11,6.05,0.06,0.21,0.28,0.29,0.14,0.33,0,0,0,0.25,0,1.03,0.02,2.18,0.16,VA-11,2021,202101,L-20,0.0131611532165982,21882.580900037585,94,106,1,91.8,18,294,0.3709,0.0954,,,0,58.66873,-169.78651,67,3.7,3,EBS
1.67,0.02,0.31,0.32,0.24,0.34,0,0.34,0.1,0,6,0,0,5.64,0.15,0.69,0.68,0.64,0.27,0,0.3,0,0.24,0.21,1.7,0.33,5.37,5.6,0.48,0.17,0,0,0.54,0.35,0.13,0,0.34,0.07,0.37,0.09,0,0.42,2.06,1.09,3.31,0,0,0.53,0,0.04,0.96,0,0.16,7.25,0.18,0.39,0.39,0.93,0.25,0.47,0,0,0,0.33,0,1.14,0.03,2.68,0.22,VA-12,2021,202101,L-20,0.0131611532165982,21882.580900037585,94,106,1,91.84,17.74,294,0.3177,0.0874,,,0,58.66873,-169.78651,67,3.7,3,EBS
2.06,0.05,0.05,0.18,0.13,0.44,0,0.2,0.16,0,7.45,0,0,7.35,0.19,0.57,0.47,1.29,0.37,0,0.34,0,0.33,0.64,2.33,0.37,5.31,5.89,0.61,0.14,0.03,0,0.99,0.47,0.22,0,0.29,0.1,0.93,0.09,0,0.66,1.88,1.05,4.58,0,0,0.74,0.09,0.03,1.26,0,0.27,13.92,0.13,0.3,0.42,0.79,0.24,0.66,0,0,0,0.39,0,1.72,0.02,4.89,0.2,VA-13,2021,202101,O-20,0.01471867465374735,5774.976483929491,94,103,1,73.35,13.76,146,0.3216,0.0918,,,0,59.6737,-169.91835,57,3.1,3,EBS
1.6,0.08,0.06,0.2,0.46,0.34,0,0.29,0.14,0,6.1,0,0,5.97,0.16,0.56,0.6,0.73,0.27,0,0.38,0,0.41,0.74,1.96,0.22,3.62,3.81,0.31,0.14,0,0,0.41,0.38,0.11,0,0.27,0.03,0.72,0.33,0,0.34,1.18,0.76,2.1,0,0,0.34,0,0.04,0.83,0,0.2,11.98,0.27,0.13,0.36,0.69,0.16,0.28,0,0,0,0.2,0,0.91,0.05,3.2,0.38,VA-14,2021,202101,K-20,0.01297932976006425,7088.193435309142,94,107,1,92.74,16.5,266,0.6096,0.1727,,,0,58.33916,-169.72913,69,3.1,3,EBS
1.6,0.04,0.13,0.3,0.16,0.37,0,0.31,0.11,0,7.21,0,0,6.22,0.16,0.71,0.64,0.91,0.29,0,0.3,0,0.26,0.41,1.9,0.29,6.15,5,0.58,0.2,0,0,0.52,0.37,0.11,0,0.37,0.06,0.43,0.26,0,0.38,1.73,0.77,2.46,0,0,0.47,0,0.02,1.24,0,0.19,9.36,0.1,0.19,0.32,0.53,0.18,0.36,0,0,0,0.29,0,1.31,0,3.4,0.19,VA-15,2021,202101,M-20,0.0137065999703787,15612.91643897647,94,105,1,87.73,17.03,246,0.3468,0.0938,,,0,58.99643,-169.83571,63,3.5,3,EBS
0.84,0.03,0.03,0.14,0.15,0.24,0,0.19,0.12,0,3.54,0,0,2.89,0.1,0.41,0.39,0.52,0.21,0,0.11,0,0.19,0.21,1.2,0.18,2.53,3.02,0.27,0.12,0,0,0.35,0.26,0.09,0,0.17,0.04,0.28,0.05,0,0.6,1.08,0.59,2.11,0,0,0.32,0,0.02,0.63,0,0.1,5.51,0.06,0.16,0.21,0.26,0.12,0.3,0,0,0,0.17,0,0.68,0,2.07,0.12,VA-16,2021,202101,L-20,0.0131611532165982,21882.580900037585,94,106,1,95.31,17.71,304,0.3256,0.0758,,,0,58.66873,-169.78651,67,3.7,3,EBS
2.33,0.07,0.08,0.33,0.23,0.63,0,0.39,0.27,0,11.2,0,0,9.8,0.26,0.98,0.88,1.44,0.49,0,0.51,0,0.46,0.76,3.32,0.45,8.08,7.97,0.64,0.27,0,0,0.81,0.63,0.18,0,0.47,0.09,0.88,0.37,0,0.31,2.99,1.39,5.64,0,0,0.63,0.08,0.03,1.26,0,0.25,14.51,0.21,0.27,0.52,0.81,0.35,0.79,0,0,0,0.48,0,1.7,0.04,4.55,0.23,VA-17,2021,202101,L-21,0.013591330854816,7725.512764100944,94,128,1,88.47,14.77,240,0.3352,0.1103,,,0,58.662350000000004,-170.43126,74,3.1,3,EBS
1.48,0.06,0.07,0.16,0.23,0.33,0,0.22,0.11,0,6.92,0,0,5.49,0.13,0.5,0.45,0.56,0.23,0,0.21,0,0.26,0.51,1.99,0.16,5.49,3.68,0.28,0.15,0,0,0.39,0.28,0.09,0,0.21,0.03,0.46,0.2,0,0.39,1.15,0.9,2.47,0,0,0.29,0,0.04,0.57,0,0.11,7.11,0.23,0.11,0.24,0.86,0.2,0.3,0,0,0,0.48,0,0.51,0,2.3,0.22,VA-18,2021,202101,K-20,0.01297932976006425,7088.193435309142,94,107,1,94.32,18.32,270,0.2981,0.0965,,,0,58.33916,-169.72913,69,3.1,3,EBS
2.73,0.06,0.09,0.25,0.19,0.57,0,0.33,0.14,0,11.49,0,0,10.41,0.25,0.81,0.61,1.19,0.38,0,0.33,0,0.33,1.09,2.99,0.34,8.47,6.42,0.49,0.23,0,0,0.66,0.44,0.15,0,0.41,0.18,1.21,0.47,0,0.29,1.97,1.23,4.27,0,0,0.49,0,0.03,1.1,0,0.31,18.01,0.14,0.18,0.35,0.46,0.26,0.54,0,0,0,0.42,0,1.4,0.04,6.08,0.03,VA-19,2021,202101,L-21,0.013591330854816,7725.512764100944,94,128,1,88.85,17.43,258,0.3126,0.1076,,,0,58.662350000000004,-170.43126,74,3.1,3,EBS
2.12,0.06,0.07,0.16,0.12,0.45,0,0.2,0.15,0,8.08,0,0,7.77,0.16,0.53,0.45,1.13,0.31,0,0.29,0,0.35,0.73,2.06,0.36,5.93,4.47,0.5,0.11,0.04,0,0.79,0.28,0.17,0,0.31,0.13,0.77,0.08,0,0.41,1.57,0.78,2.97,0,0,0.42,0.06,0.03,1.11,0,0.21,12.56,0.07,0.21,0.35,0.52,0.2,0.46,0,0,0,0.26,0,1.29,0.03,3.86,0.14,VA-20,2021,202101,O-20,0.01471867465374735,5774.976483929491,94,103,1,72.15,12.9,134,0.3177,0.0928,,,0,59.6737,-169.91835,57,3.1,3,EBS
0.71,0.03,0.02,0.12,0.21,0.23,0,0.2,0.06,0,2.76,0,0,2.09,0.09,0.33,0.36,0.31,0.24,0,0.16,0,0.22,0.14,0.96,0.17,1.81,1.88,0.23,0.09,0,0,0.25,0.16,0.08,0,0.13,0.03,0.15,0.04,0,0.37,0.77,0.26,1.06,0,0,0.22,0,0.02,0.67,0,0.06,4.51,0.07,0.1,0.12,0.19,0.08,0.16,0,0,0,0.12,0,0.56,0.03,1.88,0.12,VA-21,2021,202101,L-20,0.0131611532165982,21882.580900037585,94,106,1,90.17,17.64,270,0.3175,0.0761,,,0,58.66873,-169.78651,67,3.7,3,EBS
3.53,0.09,0.09,0.24,0.22,0.6,0,0.33,0.18,0,11.77,0,0,11.66,0.26,0.88,0.65,1.55,0.39,0,0.88,0,0.41,1.33,3.02,0.36,7.83,7.17,0.52,0.25,0.05,0,0.71,0.65,0.17,0,0.5,0.17,1.44,0.56,0,0.46,2.06,1.25,4.36,0,0,0.48,0.07,0.03,1.16,0,0.38,19.57,0.21,0.18,0.46,0.61,0.28,0.61,0,0,0,0.45,0.04,1.62,0.04,5.24,0.21,VA-22,2021,202101,L-21,0.013591330854816,7725.512764100944,94,128,1,86.6,16.53,240,0.3107,0.1031,,,0,58.662350000000004,-170.43126,74,3.1,3,EBS
1.53,0.04,0.19,0.3,0.5,0.36,0,0.39,0.1,0,7.04,0,0,5.88,0.17,0.7,0.73,0.76,0.34,0,0.16,0,0.41,0.28,2.28,0.38,6.53,6.07,0.51,0.2,0.05,0,0.61,0.43,0.13,0,0.37,0.05,0.43,0.07,0,0.59,2.46,1.07,3.37,0,0,0.52,0,0.05,1.23,0,0.2,9.44,0.19,0.3,0.48,0.71,0.22,0.48,0,0,0,0.32,0,1.11,0.04,3.2,0.34,VA-23,2021,202101,M-20,0.0137065999703787,15612.91643897647,94,105,1,88.71,16.85,248,0.3207,0.0898,,,0,58.99643,-169.83571,63,3.5,3,EBS
2.81,0.09,0.13,0.24,0.32,0.53,0,0.33,0.2,0,10.76,0,0,10.22,0.21,0.77,0.59,1.15,0.32,0,0.67,0,0.42,1.18,2.93,0.27,7.89,6.31,0.45,0.23,0,0,0.62,0.59,0.17,0,0.42,0.16,1.37,0.48,0,0.52,1.94,1.42,4.2,0,0,0.47,0.08,0.05,0.94,0,0.32,18.55,0.25,0.21,0.43,1.17,0.3,0.51,0,0,0,0.34,0,1.23,0.05,5.39,0.35,VA-24,2021,202101,K-20,0.01297932976006425,7088.193435309142,94,107,1,93.29,17.1,NA,0.3308,0.0975,,,0,58.33916,-169.72913,69,3.1,3,EBS
1.52,0.04,0.1,0.3,0.29,0.4,0,0.36,0.12,0,6.16,0,0,4.74,0.16,0.65,0.65,0.8,0.31,0,0.31,0,0.25,0.2,2.04,0.4,5.02,4.13,0.49,0.16,0.04,0,0.51,0.33,0.11,0,0.32,0.06,0.31,0.08,0,0.45,2.18,0.72,2.59,0,0,0.5,0.07,0.03,1.18,0,0.12,7.61,0.09,0.25,0.3,0.56,0.23,0.39,0,0,0,0.27,0,1.15,0.04,3.07,0.21,VA-25,2021,202101,L-20,0.0131611532165982,21882.580900037585,94,106,1,80.61,15.91,200,0.3315,0.0947,,,0,58.66873,-169.78651,67,3.7,3,EBS
2.14,0.09,0.06,0.27,0.62,0.45,0,0.36,0.29,0,8.24,0,0,7.97,0.2,0.67,0.74,1.14,0.34,0,0.28,0,0.54,0.89,2.74,0.28,5.85,5.33,0.42,0.19,0,0,0.64,0.6,0.2,0,0.39,0.15,1.02,0.12,0.44,0,2.34,1.29,4.18,0,0,0.58,0.09,0.09,1.48,0,0.31,17.48,0.23,0.4,0.59,0.52,0.13,0.64,0,0,0,0.4,0,1.61,0.07,5.16,0.75,VA-26,2021,202101,K-20,0.01297932976006425,7088.193435309142,94,107,1,94.23,19.12,318,0.1519,0.0455,,,0,58.33916,-169.72913,69,3.1,3,EBS
2.29,0.08,0.08,0.17,0.31,0.48,0,0.26,0.15,0,9.44,0,0,8.04,0.18,0.63,0.48,0.9,0.32,0,0.53,0,0.43,0.94,2.83,0.22,6.37,4.76,0.35,0.19,0,0,0.51,0.39,0.16,0,0.3,0.12,0.98,0.36,0,0.42,1.5,1.13,3.38,0,0,0.4,0.06,0.07,0.94,0,0.26,15.6,0.19,0.11,0.38,0.44,0.2,0.4,0,0,0,0.21,0,0.95,0.04,4.4,0.38,VA-27,2021,202101,K-20,0.01297932976006425,7088.193435309142,94,107,1,91.12,18.11,NA,0.3485,0.1121,,,0,58.33916,-169.72913,69,3.1,3,EBS
4.87,0.15,0.31,0.6,1.31,0.96,0,0.92,0.57,0,26.07,0.13,0,22.43,0.34,1.54,1.5,1.21,0.86,0,0.62,0,0,0.79,6.23,0,28.39,17.43,1.11,0.41,0.13,0,1.75,0.38,0.34,0,0.95,0.22,1.39,0.26,0,0.47,6.81,3.14,7.92,0,0,1.12,0.16,0.1,4.15,0,0.68,27.06,0,1.95,1.03,1.07,0.41,1.12,0.04,0,0,1.29,0.03,3.87,0.06,12.37,0.69,VA-28,2021,202101,HG2019,0.0133272220047582,2251.0317596037,94,113,1,86.41,15.7,220,0.3406,0.1465,,,0,57.17713,-169.31361,73,4.1,2,EBS
1.28,0.01,0.04,0.27,0.2,0.3,0,0.25,0.04,0,5.09,0,0,4.03,0.12,0.55,0.54,0.45,0.29,0,0.38,0,0.2,0.09,1.89,0.33,5.14,5.02,0.43,0.15,0.03,0,0.55,0.39,0.12,0,0.28,0.03,0.28,0.1,0,0.67,2.06,1.06,3.81,0,0,0.59,0.07,0.02,1.04,0,0.15,7.07,0.05,0.27,0.35,0.97,0.23,0.45,0,0,0,0.28,0,1.1,0.03,2.67,0.19,VA-29,2021,202101,L-20,0.0131611532165982,21882.580900037585,94,106,1,91.6,17.72,284,0.3448,0.0859,,,0,58.66873,-169.78651,67,3.7,3,EBS
0.41,0.01,0.01,0.08,0.04,0.14,0,0.11,0.03,0,2.77,0,0,1.86,0.05,0.27,0.25,0.24,0.15,0,0.06,0,0.12,0.08,0.99,0.09,1.91,2.16,0.21,0.08,0,0,0.21,0.15,0.06,0,0.11,0.02,0.17,0.04,0,0.25,0.57,0.31,1.13,0,0,0.33,0,0.01,0.76,0,0.07,5.06,0.07,0.05,0.13,0.73,0,0.12,0,0,0,0.13,0,0.53,0,1.81,0.06,VA-30,2021,202101,N-20,0.0145007528107365,2827.4394119485437,94,104,1,86.27,15.7,206,0.3154,0.0739,,,0,59.32582,-169.88594,61,3.1,3,EBS
0.45,0.01,0.01,0.09,0.06,0.14,0,0.14,0.07,0,1.95,0,0,1.27,0.05,0.3,0.28,0.31,0.14,0,0.14,0,0.16,0.04,0.71,0.09,1.42,1.39,0.2,0.08,0,0,0.17,0.12,0.05,0,0.07,0.02,0.05,0.03,0,0.11,0.57,0.28,0.77,0,0,0.2,0.02,0.01,0.77,0,0.04,3.5,0.04,0.19,0.17,0.17,0.05,0.12,0,0,0,0.15,0,0.57,0.02,1.53,0.13,VA-31,2021,202101,C-07,0.0143957253812526,69.46506504648174,94,42,1,89.65,15.65,270,0.3161,0.0659,,,0,55.71306,-163.98506,93,3.5,NA,NA
0.9,0.01,0.03,0.11,0.09,0.3,0,0.17,0.06,0,6.08,0,0,4.9,0.12,0.55,0.49,0.53,0.31,0,0.16,0,0.33,0.27,1.78,0.16,5.83,5.46,0.4,0.12,0,0,0.62,0.41,0.12,0,0.18,0.06,0.47,0.07,0,0.44,1.68,1.53,4.73,0,0,0.5,0.07,0.02,1.49,0,0.19,9.55,0.12,0.35,0.56,0.6,0.08,0.92,0,0,0,0.35,0,1.64,0.03,4.22,0.17,VA-32,2021,202101,S-23,0.0141766848480378,1269.690353770641,94,137,1,93.86,16.29,NA,0.3066,0.0729,,,0,61.00118,-172.13922,64,1.7,4,EBS
2.32,0.1,0.09,0.32,0.29,0.65,0,0.35,0.34,0,13.15,0,0,12.99,0.3,1.02,0.72,1.53,0.56,0,0.64,0,0.4,1.05,3.45,0.58,9.72,10.17,0.62,0.46,0.03,0,0.96,0.82,0.2,0,0.44,0.12,1.06,0.12,0,0.47,3.57,1.56,6.97,0,0,0.51,0.08,0.03,1.05,0,0.28,16.32,0.14,0.47,0.58,0.91,0.1,1.43,0,0,0,0.42,0,1.68,0.05,4.34,0.28,VA-33,2021,202101,M-21,0.01310937946425855,23265.784687334202,94,129,1,83.67,17.06,236,0.3166,0.1074,,,1,58.98934,-170.47748,72,2.8,3,EBS
2.75,0.1,0.1,0.39,0.43,0.65,0,0.42,0.29,0,12.88,0,0,12.77,0.35,1.09,0.97,1.54,0.51,0,0.86,0,0.21,1.54,3.34,0.53,9.83,8.62,0.59,0.52,0.05,0,0.95,0.8,0.19,0,0.45,0.06,1.2,0.52,0.37,0,2.73,1.4,4.72,0,0,0.5,0,0.03,1.16,0,0.34,19.73,0.15,0.21,0.5,1.03,0.23,0.81,0,0,0,0.32,0,1.63,0,4.87,0.37,VA-34,2021,202101,M-21,0.01310937946425855,23265.784687334202,94,129,1,86.17,16.5,214,0.3256,0.1165,,,0,58.98934,-170.47748,72,2.8,3,EBS
1.79,0.05,0.04,0.14,0.09,0.58,0,0.17,0.08,0,7.24,0,0,10.71,0.16,0.45,0.48,0.79,0.37,0,0.93,0,0.23,0.18,2.2,0.35,6.01,6.04,0.44,0.08,0.03,0,0.84,0.35,0.22,0,0.23,0.16,0.52,0.13,0,0.33,2.2,1.72,5.42,0,0,0.91,0.13,0.03,1.3,0,0.36,9.88,0.08,0.53,0.49,0.72,0.21,0.44,0,0,0,0.21,0,1.24,0.03,3.12,0.22,VA-35,2021,202101,S-22,0.015047540709927,3588.626277274379,94,136,1,84.31,15.32,NA,0.3097,0.0773,,,0,60.97536,-171.49696,61,1.7,4,EBS
2.35,0.08,0.1,0.31,0.42,0.49,0,0.42,0.27,0,11.13,0,0,10.35,0.27,0.89,0.84,1.61,0.38,0,0.68,0,0.41,1.02,2.9,0.43,8.86,7.73,0.59,0.26,0.04,0,0.84,0.67,0.17,0,0.49,0.02,1.31,0.51,0,0.48,2.27,1.25,4.06,0,0,0.55,0.07,0.03,1.05,0,0.3,16.49,0.12,0.2,0.46,0.42,0.17,0.61,0,0,0,0.39,0,1.48,0.04,4.61,0.27,VA-36,2021,202101,L-21,0.013591330854816,7725.512764100944,94,128,1,85.02,16.03,238,0.2986,0.0933,,,0,58.662350000000004,-170.43126,74,3.1,3,EBS
2.87,0.05,0.19,0.42,0.16,0.81,0,0.47,0,0,16.05,0.11,0,14.16,0.22,1.15,0.91,0.79,0.53,0,1.02,0,0.45,0.19,4.28,0.46,16.43,10.5,0.87,0.32,0.07,0,1.09,0.21,0.21,0,0.61,0.1,0.69,0.16,0,0.36,5.47,2.6,6.47,0,0,1.06,0.16,0.04,4.06,0.1,0.42,18.98,0.09,1.44,0.8,1.09,0.36,0.91,0,0,0,0.92,0,3.55,0.05,8.08,0.36,VA-37,2021,202101,J-23,0.0148162613501859,6276.8871176015755,94,150,1,87.9,15.27,248,0.3821,0.137,,,0,58.00583,-171.59305,98,3.3,2,EBS
0.69,0.03,0.02,0.14,0.11,0.26,0,0.18,0.13,0,4.1,0,0,3.69,0.11,0.51,0.52,0.61,0.24,0,0.21,0,0.26,0.17,1.26,0.28,3.72,3.57,0.37,0.12,0,0,0.42,0.24,0.11,0,0.29,0.02,0.2,0.21,0,0.23,1.5,0.9,2.84,0,0,0.61,0.05,0.03,1.02,0,0.18,7.15,0.08,0.23,0.33,1.15,0.25,0.36,0,0,0,0.25,0,1.44,0.03,2.57,0.2,VA-38,2021,202101,Q-22,0.01429758415034235,29010.0268435957,94,134,1,88.7,17.99,266,0.4644,0.1218,,,1,60.33417,-171.33298,67,2.3,4,EBS
0.67,0.01,0.02,0.16,0.08,0.2,0,0.15,0.06,0,3.13,0,0,2.22,0.08,0.37,0.35,0.42,0.18,0,0.14,0.01,0.2,0.15,1.03,0.14,3.42,3.2,0.31,0.1,0,0,0.35,0.23,0.07,0,0.12,0.02,0.17,0.05,0,0.67,1.31,0.84,2.17,0,0,0.63,0,0.02,1.02,0,0.1,5.19,0.11,0.5,0.37,0.68,0.14,0.31,0,0,0,0.22,0,0.87,0,2.39,0.19,VA-39,2021,202101,PO2524,0.01035953748238365,23553.175073203893,94,142,1,89.76,16.4,276,0.4337,0.0938,,,0,59.83505,-172.90544,79,2,4,EBS
1.31,0.05,0.04,0.12,0.11,0.41,0,0.15,0.07,0,5.77,0,0,7.47,0.15,0.41,0.47,0.66,0.34,0,0.19,0,0.26,0.29,1.71,0.33,4.27,5.49,0.42,0.07,0,0,0.65,0.29,0.16,0,0.22,0.07,0.52,0.12,0,0.34,1.95,0.52,4.81,0,0,0.75,0,0.03,1.32,0,0.24,9.68,0.13,0.26,0.32,0.71,0.29,0.66,0,0,0.26,0.36,0,1.3,0.03,3.35,0.16,VA-40,2021,202101,S-22,0.015047540709927,3588.626277274379,94,136,1,78.81,14.72,NA,0.3247,0.093,,,0,60.97536,-171.49696,61,1.7,4,EBS
0.05,0,0,0.01,0.01,0.04,0,0.02,0,0,1.06,0,0,0.37,0.01,0.08,0.07,0.02,0.13,0,0.05,0,0.19,0,0.55,0.06,0.65,1.02,0.12,0.03,0,0,0.07,0.04,0.02,0,0.02,0.01,0.01,0.01,0,0.04,0.13,0.1,0.24,0,0,0.15,0,0,0.83,0,0.01,2.48,0.02,0.01,0.04,0.17,0.01,0.03,0,0,0,0.06,0,0.32,0,1.16,0.02,VA-41,2021,202101,S-23,0.0141766848480378,1269.690353770641,94,137,1,70.37,13.38,144,0.3434,0.0635,,,0,61.00118,-172.13922,64,1.7,4,EBS
0.59,0.02,0.01,0.06,0.05,0.18,0,0.09,0.04,0,2.69,0,0,2.3,0.06,0.25,0.27,0.39,0.17,0,0.13,0,0.18,0.17,0.79,0.2,2.29,1.62,0.2,0.03,0,0,0.23,0.12,0.07,0,0.14,0.02,0.16,0.14,0,0.36,0.61,0.26,1.03,0,0,0.18,0.02,0.01,0.92,0,0.1,5.81,0.13,0.08,0.17,0.49,0.11,0.14,0,0,0,0.18,0,0.79,0.01,1.95,0.1,VA-42,2021,202101,Q-22,0.01429758415034235,29010.0268435957,94,134,1,87.42,16.62,232,0.3132,0.0737,,,0,60.33417,-171.33298,67,2.3,4,EBS
2.66,0.11,0.11,0.38,0.3,0.64,0,0.38,0.39,0,13.03,0,0,11.82,0.31,1.1,0.89,1.64,0.47,0,0.73,0,0.22,1.23,3.27,0.46,10.08,9.23,0.65,0.5,0.04,0,0.9,0.77,0.18,0,0.49,0.07,1.13,0.1,0,0.4,2.81,1.5,5.09,0,0,0.52,0.08,0.04,1.15,0.17,0.31,17.2,0.28,0.29,0.58,1.25,0.23,0.82,0,0,0,0.58,0,2.04,0.06,4.81,0.26,VA-43,2021,202101,M-21,0.01310937946425855,23265.784687334202,94,129,1,81.27,15.67,206,0.3232,0.1106,,,0,58.98934,-170.47748,72,2.8,3,EBS
0.39,0.01,0.01,0.1,0.07,0.15,0,0.14,0.12,0,2.32,0,0,1.27,0.06,0.35,0.35,0.43,0.15,0,0.14,0,0.22,0.02,0.88,0.11,2.41,1.94,0.23,0.12,0,0,0.26,0.16,0.06,0,0.09,0.06,0.06,0.03,0,0.45,1.05,0.58,1.48,0,0,0.3,0.03,0.02,0.93,0,0.05,3.87,0.06,0.44,0.3,0.38,0.12,0.26,0,0,0,0.25,0,0.72,0.03,1.88,0.2,VA-44,2021,202101,PO2524,0.01035953748238365,23553.175073203893,94,142,1,93.03,17.04,286,0.315,0.0734,,,0,59.83505,-172.90544,79,2,4,EBS
0.43,0.01,0.03,0.09,0.06,0.12,0,0.17,0.03,0,1.89,0,0,1.53,0.06,0.33,0.32,0.21,0.11,0,0.03,0,0.12,0.05,0.61,0.12,1.21,1.34,0.21,0.06,0,0,0.16,0.1,0.04,0,0.11,0.01,0.06,0.03,0,0.27,0.58,0.16,0.53,0,0,0.13,0.02,0.01,0.65,0,0.06,3.32,0.11,0.08,0.11,0.66,0,0.08,0,0,0,0.11,0,0.53,0.02,1.14,0.09,VA-45,2021,202101,PO2524,0.01035953748238365,23553.175073203893,94,142,1,87.4,15.79,262,0.307,0.0689,,,0,59.83505,-172.90544,79,2,4,EBS
2.36,0.08,0.07,0.23,0.33,0.45,0,0.28,0.18,0,9.59,0,0,9.35,0.23,0.71,0.54,1.3,0.33,0,0.76,0,0.42,1.23,2.54,0.32,6.48,5.61,0.42,0.22,0,0,0.63,0.6,0.16,0,0.39,0.16,1.27,0.47,0,0.61,1.78,0.85,3.03,0,0,0.34,0.05,0.04,0.94,0,0.28,17.74,0.13,0.14,0.38,0.32,0.15,0.53,0,0,0,0.3,0,1.11,0.05,4.49,0.35,VA-46,2021,202101,L-21,0.013591330854816,7725.512764100944,94,128,1,86.96,15.03,238,0.325,0.0944,,,0,58.662350000000004,-170.43126,74,3.1,3,EBS
1.92,0.08,0.08,0.32,0.24,0.51,0,0.33,0.29,0,9.4,0,0,8.22,0.27,0.91,0.72,1.25,0.39,0,0.26,0,0.31,0.87,2.51,0.46,5.98,5.49,0.44,0.41,0,0,0.64,0.54,0.12,0,0.4,0.13,0.79,0.41,0,0.3,1.93,0.75,2.74,0,0,0.29,0.06,0,0.85,0,0.22,13.79,0.09,0.14,0.34,1.18,0,0.56,0,0,0,0.38,0,1.42,0,3.82,0.14,VA-47,2021,202101,M-21,0.01310937946425855,23265.784687334202,94,129,1,82.07,16.3,206,0.3572,0.107,,,0,58.98934,-170.47748,72,2.8,3,EBS
0.36,0.01,0.03,0.09,0.04,0.1,0,0.12,0.04,0,1.85,0,0,1.01,0.04,0.25,0.24,0.26,0.11,0,0.09,0,0.1,0.03,0.55,0.05,1.46,1.34,0.19,0.07,0,0,0.16,0.1,0.03,0,0.08,0.05,0.05,0.03,0,0.5,0.73,0.37,0.72,0,0,0.19,0.02,0.01,0.67,0,0.04,2.83,0.03,0.52,0.18,0.21,0.05,0.1,0,0,0,0.14,0,0.49,0.02,1.21,0.1,VA-48,2021,202101,PO2524,0.01035953748238365,23553.175073203893,94,142,1,88.1,16.61,264,0.3135,0.0659,,,0,59.83505,-172.90544,79,2,4,EBS
0.95,0.03,0.1,0.16,0.08,0.25,0,0.24,0.07,0,2.86,0,0,2.55,0.1,0.42,0.35,0.51,0.17,0,0.08,0,0.16,0.17,0.91,0.22,1.79,1.89,0.28,0.08,0,0,0.19,0.17,0.06,0,0.14,0.02,0.14,0.11,0,0.17,0.78,0.32,0.87,0,0,0.2,0.02,0,0.89,0,0.1,5.95,0.41,0.16,0.21,1.6,0,0.14,0,0,0,0.3,0,0.97,0,2.16,0.11,VA-49,2021,202101,PO2524,0.01035953748238365,23553.175073203893,94,142,1,92.21,18.07,292,0.6137,0.1331,,,0,59.83505,-172.90544,79,2,4,EBS
0.73,0.02,0.01,0.11,0.09,0.21,0,0.15,0.12,0,3.34,0,0,2.92,0.1,0.39,0.43,0.62,0.18,0,0.13,0,0.24,0.18,1.06,0.26,2.58,2.41,0.31,0.1,0,0,0.33,0.2,0.08,0,0.22,0.02,0.2,0.18,0,0.18,1.16,0.61,1.78,0,0,0.47,0,0.02,1.02,0,0.16,6.89,0.09,0.25,0.28,0.54,0.15,0.24,0,0,0,0.24,0,1.15,0.03,2.27,0.21,VA-50,2021,202101,Q-22,0.01429758415034235,29010.0268435957,94,134,1,90.79,16.76,250,0.3106,0.0816,,,0,60.33417,-171.33298,67,2.3,4,EBS
0.42,0.01,0.01,0.05,0.06,0.12,0,0.09,0.08,0,2.2,0,0,1.67,0.05,0.28,0.3,0.29,0.15,0,0.1,0,0.15,0.09,0.78,0.17,1.57,1.65,0.22,0.06,0,0,0.2,0.11,0.06,0,0.12,0.03,0.11,0.11,0,0.38,0.62,0.31,0.96,0,0,0.22,0,0.01,0.71,0,0.09,4.46,0.03,0.16,0.16,0.19,0.05,0.12,0,0,0,0.15,0,0.78,0.02,1.37,0.13,VA-51,2021,202101,Q-22,0.01429758415034235,29010.0268435957,94,134,1,88.37,15.95,228,0.3161,0.0765,,,0,60.33417,-171.33298,67,2.3,4,EBS
2.04,0.05,0.06,0.18,0.11,0.59,0,0.23,0.09,0,10.24,0,0,10.32,0.22,0.69,0.43,1.18,0.44,0,0.61,0,0.33,1.02,2.74,0.33,7.08,7.86,0.48,0.16,0,0,0.89,0.74,0.17,0,0.33,0.07,1.05,0.31,0,0.39,2.93,0.65,7.06,0,0,0.53,0.1,0.02,1.31,0,0.34,16.33,0.26,0.29,0.58,0.94,0.05,1.15,0,0,0,0.38,0,1.4,0.03,4.64,0.28,VA-52,2021,202101,P-21,0.0147210003748203,4483.39095982162,94,132,1,82.81,14.45,NA,0.3047,0.0924,,,0,59.99164,-170.63108,65,3.3,4,EBS
0.55,0.02,0.01,0.12,0.09,0.2,0,0.16,0.1,0,3.87,0,0,3.21,0.1,0.45,0.49,0.49,0.26,0,0.09,0,0.24,0.1,1.43,0.23,3.16,3.72,0.34,0.11,0.02,0,0.4,0.29,0.1,0,0.2,0.02,0.23,0.04,0,0.38,1.34,0.78,2.99,0,0,0.49,0.05,0.02,1.08,0,0.15,6.75,0.05,0.25,0.32,0.63,0.16,0.46,0,0,0,0.28,0,1.34,0,2.49,0.17,VA-53,2021,202101,Q-22,0.01429758415034235,29010.0268435957,94,134,1,90.04,17.33,258,0.3293,0.0866,,,0,60.33417,-171.33298,67,2.3,4,EBS
0.59,0.02,0.01,0.12,0.1,0.21,0,0.15,0.13,0,3.27,0,0,2.9,0.09,0.4,0.43,0.61,0.19,0,0.15,0,0.2,0.15,1.01,0.18,2.44,2.58,0.3,0.08,0.01,0,0.32,0.2,0.08,0,0.2,0.06,0.19,0.05,0,0.29,0.98,0.59,1.87,0,0,0.36,0,0.02,0.92,0,0.13,5.56,0.07,0.29,0.25,0.45,0.15,0.27,0,0,0,0.21,0,1.06,0.03,1.77,0.18,VA-54,2021,202101,Q-22,0.01429758415034235,29010.0268435957,94,134,1,88.46,16.53,242,0.3961,0.0913,,,0,60.33417,-171.33298,67,2.3,4,EBS
2.55,0.05,0.09,0.17,0.1,0.71,0,0.22,0.12,0,12.36,0,0,12.95,0.24,0.71,0.47,1.4,0.55,0,0.61,0,0.43,0.95,3.18,0.42,9.31,10.52,0.6,0.14,0.04,0,1.17,0.81,0.24,0,0.36,0.1,1.15,0.15,0,0.5,3.06,1.67,7.68,0,0,0.76,0.1,0.03,1.46,0,0.35,16.53,0.27,0.46,0.67,1.01,0.31,1.26,0,0,0,0.38,0,1.6,0.05,4.76,0.29,VA-55,2021,202101,P-21,0.0147210003748203,4483.39095982162,94,132,1,85.5,15.44,NA,0.3342,0.1081,,,0,59.99164,-170.63108,65,3.3,4,EBS
2.05,0.09,0.08,0.46,0.34,0.57,0,0.47,0.45,0,10.25,0,0,9.39,0.35,1.28,1.03,1.47,0.49,0,0.56,0,0.36,0.82,2.75,0.55,6.37,6.85,0.59,0.56,0.04,0,0.91,0.7,0.15,0,0.52,0.06,0.8,0.45,0,0.39,2.48,0.97,3.5,0,0,0.44,0,0.03,1,0,0.28,15.54,0.11,0.18,0.42,0.35,0.14,0.64,0,0,0,0.56,0,2.12,0.04,4.79,0.07,VA-56,2021,202101,M-21,0.01310937946425855,23265.784687334202,94,129,1,86.1,16.52,242,0.3192,0.1002,,,0,58.98934,-170.47748,72,2.8,3,EBS
2.42,0.04,0.08,0.13,0.08,0.56,0,0.18,0.08,0,11.11,0,0,13.3,0.22,0.56,0.36,1.07,0.44,0,0.63,0,0.32,1.02,2.85,0.26,9.17,9.58,0.47,0.11,0.04,0,1.12,0.78,0.23,0,0.34,0.08,1.36,0.35,0,0.4,2.38,1.41,6.59,0,0,0.54,0.1,0.03,1.39,0,0.45,17.55,0.12,0.29,0.52,0.91,0.07,1.14,0,0,0,0.35,0,1.52,0,4.52,0.21,VA-57,2021,202101,P-21,0.0147210003748203,4483.39095982162,94,132,1,81.6,14.66,198,0.3348,0.1169,,,0,59.99164,-170.63108,65,3.3,4,EBS
1,0.02,0.04,0.09,0.07,0.3,0,0.13,0.1,0,6.19,0,0,5.34,0.11,0.44,0.37,0.57,0.28,0,0.15,0,0.28,0.26,1.8,0.18,6.33,5.63,0.36,0.08,0,0,0.61,0.43,0.13,0,0.22,0.09,0.56,0.08,0,0.41,1.63,1.39,4.32,0,0,0.58,0.05,0.02,1.35,0.19,0.25,9.5,0.06,0.39,0.57,0.37,0.05,0.82,0,0,0,0.31,0,1.44,0.03,3.48,0.17,VA-58,2021,202101,R-23,0.0139672195099437,1933.0977064388412,94,138,1,89.9,16.71,NA,0.308,0.0609,,,0,60.68044,-172.11475,61,1.9,4,EBS
2.6,0.04,0.08,0.12,0.08,0.53,0,0.17,0.07,0,9.14,0,0,9.91,0.2,0.53,0.35,0.97,0.41,0,0.5,0,0.34,0.88,2.53,0.26,5.65,6.17,0.46,0.1,0,0,1.12,0.46,0.21,0,0.26,0.06,1.09,0.08,0,0.39,1.93,1.13,5.16,0,0,0.59,0.07,0.03,1.4,0,0.3,15.49,0.08,0.27,0.41,0.56,0.2,0.69,0,0,0,0.35,0,1.21,0.03,4.5,0.22,VA-59,2021,202101,P-21,0.0147210003748203,4483.39095982162,94,132,1,85.27,14.66,NA,0.3338,0.107,,,0,59.99164,-170.63108,65,3.3,4,EBS
2.37,0.1,0.08,0.37,0.44,0.57,0,0.42,0.23,0,11.37,0,0,9.55,0.29,1.11,0.91,1.29,0.45,0,0.47,0,0.47,0.83,3.03,0.52,8.21,7.58,0.63,0.47,0.04,0,0.81,0.67,0.19,0,0.45,0.08,0.83,0.45,0,0.5,2.32,1.26,4.08,0,0,0.55,0.08,0.05,1.14,0,0.29,15.49,0.2,0.29,0.5,0.66,0.2,0.55,0,0,0,0.46,0,1.7,0.05,4.57,0.44,VA-60,2021,202101,M-21,0.01310937946425855,23265.784687334202,94,129,1,88.17,17.31,252,0.3325,0.101,,,0,58.98934,-170.47748,72,2.8,3,EBS
2.89,0.03,0.1,0.31,0.14,0.57,0,0.36,0.04,0,10.28,0,0,7.5,0.25,0.9,0.69,0.67,0.45,0,0.14,0,0.1,0.17,3.1,0.35,10.38,6.64,0.89,0.13,0,0,1.02,0.33,0.16,0,0.37,0.03,0.7,0.08,0,0.25,5.2,2.26,4.31,0,0,0.91,0.11,0.03,2.33,0,0.36,12.7,0.14,2.74,0.6,0.56,0.32,0.47,0,0,0,0.47,0.06,2.95,0.06,9.3,0.48,VA-61,2021,202101,M-25,0.014457343432455,1106.7040134138283,94,165,1,95.84,17.7,NA,0.3344,0.1133,,,0,58.98877,-173.07986,107,2.7,5,EBS
7.56,0.08,0.2,0.47,0.23,1.13,0,0.42,0.4,0.01,20.95,0.09,0,18.87,0.38,1.25,1.11,1.86,1.07,0,0.68,0,0.65,1.31,5.21,0.39,20.37,14.11,0.98,0.48,0.01,0,1.72,1.18,0.39,0,0.7,0.25,1.37,0.46,0,0.46,9.94,3.82,12.28,0,0,1.28,0.23,0.06,3.81,0.46,0.76,34.33,0,5.78,1.6,1.14,0.19,2.23,0.03,0,0.02,1.12,0,4.14,0.07,11.08,0.68,VA-62,2021,202101,S-28,0.0143244504999915,12007.441402384131,94,174,1,76.9,14.61,184,0.3428,0.1536,,,0,61.00998,-175.54969,102,1.5,5,EBS
3.22,0.04,0.1,0.17,0.09,0.5,0,0.16,0.11,0,11.09,0,0,10.2,0.17,0.5,0.37,0.87,0.5,0,0.41,0,0.19,0.82,2.59,0.27,9.97,7.27,0.48,0.15,0,0,0.82,0.59,0.15,0,0.26,0.03,0.84,0.09,0,0.37,4.72,1.67,5.93,0,0,0.54,0.12,0.02,1.65,0.22,0.3,17.15,0.06,2.71,0.69,0.72,0.08,1.09,0,0,0.05,0.34,0,1.81,0,4.56,0.28,VA-63,2021,202101,S-28,0.0143244504999915,12007.441402384131,94,174,1,94.07,18.2,286,0.3226,0.1085,,,0,61.00998,-175.54969,102,1.5,5,EBS
0.3,0,0.01,0.06,0.03,0.09,0,0.07,0.02,0,1.19,0,0,0.61,0.05,0.15,0.14,0.17,0.11,0,0.07,0,0.18,0.03,0.71,0.16,0.7,0.74,0.12,0.03,0,0,0.1,0.06,0.03,0.02,0.02,0.01,0.04,0.01,0,0.47,0.62,0.24,0.39,0,0,0.22,0.01,0.01,0.66,0,0.03,3.58,0.05,0.22,0.09,0.27,0,0.04,0,0,0,0.09,0,0.4,0.03,1.27,0.09,VA-64,2021,202101,N-26,0.0149145113304957,268.1951765875963,94,167,2,58.17,0,62,0.4553,0.0923,,,0,59.32609,-173.80514,111,2.6,5,EBS
1.42,0.01,0.01,0.04,0.03,0.14,0,0.07,0,0,3.57,0,0,1.5,0.06,0.27,0.19,0.38,0.19,0,0.05,0,0.13,0.1,1.04,0.08,2.29,1.64,0.26,0.07,0,0,0.2,0.14,0.05,0,0.09,0.03,0.15,0.03,0,0.23,3.6,0.91,1.23,0,0,0.3,0.03,0.02,1.09,0,0.07,5.55,0.06,3.5,0.36,0.71,0,0.19,0,0,0,0.14,0,0.69,0,2.46,0.3,VA-65,2021,202101,R-27,0.01460712459271725,17183.39556884059,94,172,1,80.97,15.04,216,0.3321,0.0699,,,0,60.6563,-174.82539,98,1.8,4,EBS
2.59,0.04,0.06,0.13,0.06,0.51,0,0.17,0.1,0,10.51,0,0,9.92,0.15,0.53,0.32,1.05,0.49,0,0.49,0,0.37,0.89,2.84,0.31,7.18,6.07,0.47,0.21,0,0,0.66,0.62,0.15,0,0.27,0.09,0.87,0.11,0,0.29,3.94,1.64,5.49,0,0,0.5,0.09,0.02,1.51,0.13,0.29,16.9,0.08,2.16,0.67,0.4,0.06,0.94,0,0,0,0.37,0.09,1.76,0.04,4.69,0.3,VA-66,2021,202101,S-28,0.0143244504999915,12007.441402384131,94,174,1,91.41,16.21,262,0.3013,0.0923,,,0,61.00998,-175.54969,102,1.5,5,EBS
2.27,0.04,0.06,0.15,0.12,0.46,0,0.17,0.18,0,9.1,0,0,7.8,0.16,0.56,0.39,1,0.47,0,0.34,0,0.32,0.63,2.29,0.35,6.76,5.75,0.44,0.2,0,0,0.65,0.5,0.14,0,0.2,0.08,0.57,0.08,0,0.56,3.93,1.59,5.48,0,0,0.42,0.07,0.02,1.22,0,0.2,12.82,0.08,2.22,0.73,0.6,0.07,1.11,0,0,0,0.28,0,1.67,0.04,4.01,0.32,VA-67,2021,202101,S-27,0.0138148309880724,13101.86133701337,94,173,1,87.1,16.7,244,0.3173,0.0917,,,0,60.98117,-174.87678,92,1.7,4,EBS
4.15,0.08,0.21,0.57,0.23,0.99,0,0.6,0,0.01,20.1,0,0,19.99,0.33,1.56,1.35,1.18,0.85,0,0.32,0,0.7,0.63,5.55,0.68,19.25,16.18,1.2,0.28,0,0,2.03,1.07,0.38,0,0.77,0.06,1.89,0.04,0,0.43,6.73,2.96,10.73,0,0,1.3,0.2,0.06,4.13,0,0.59,28.55,0.09,1.68,1.05,1.07,0.43,1.69,0.03,0,0,0.96,0.06,4.23,0.05,9.33,0.46,VA-68,2021,202101,I-23,0.0161050665196872,2607.874978265892,94,151,1,90.42,17.36,NA,0.4018,0.1666,,,0,57.6774,-171.52829,99,3.6,2,EBS
3.27,0.02,0.1,0.16,0.1,0.63,0,0.2,0.14,0,14.06,0,0,12.29,0.2,0.69,0.4,1.2,0.56,0,0.47,0,0.47,0.82,3.23,0.6,12.02,8.56,0.57,0.26,0,0,0.82,0.68,0.17,0,0.31,0.11,0.82,0.04,0,0.55,5.33,2.15,7.48,0,0,0.54,0.09,0.03,1.45,0.21,0.29,17.08,0.09,2.3,0.93,2.2,0,1.33,0,0,0,0.44,0,1.9,0.05,5.2,0.44,VA-69,2021,202101,S-27,0.0138148309880724,13101.86133701337,94,173,1,88.44,16.01,228,0.3081,0.1059,,,0,60.98117,-174.87678,92,1.7,4,EBS
4.79,0.09,0.24,0.49,0.19,0.95,0,0.5,0,0.01,21.75,0.13,0,23.77,0.36,1.47,1.15,1.64,0.91,0,0.58,0,0.7,1.08,5.99,0.67,20.87,19.91,1.23,0.28,0.11,0,2,0.24,0.45,0,0.75,0.11,3.17,0.15,0,0.51,6.73,3.34,11.25,0,0,1.03,0.19,0.06,4.14,0,0.88,31.07,0.09,1.74,1.1,0,0.4,1.73,0,0,0,1.14,0,4.04,0.06,10.97,0.6,VA-70,2021,202101,I-23,0.0161050665196872,2607.874978265892,94,151,1,82.59,15.09,218,0.3182,0.1455,,,0,57.6774,-171.52829,99,3.6,2,EBS
3.74,0.06,0.26,0.57,0.23,0.77,0,0.52,0.05,0,12.77,0,0,12.33,0.26,1.22,1,0.8,0.57,0,1.04,0,0.55,0.14,4.1,0.92,14.45,9.33,1.02,0.3,0,0,1.11,0.22,0.22,0,0.63,0.14,0.49,0.1,0,0.3,6.67,2.3,4.66,0,0,0.97,0.16,0.05,3.64,0,0.36,17.29,0,2.02,0.72,0.6,0.26,0.66,0.02,0,0,0.72,0,3.23,0.04,7.95,0.48,VA-71,2021,202101,I-23,0.0161050665196872,2607.874978265892,94,151,1,92.65,17.76,NA,0.4269,0.1574,,,0,57.6774,-171.52829,99,3.6,2,EBS
1.31,0.01,0.02,0.05,0.03,0.3,0,0.08,0.1,0,4.75,0,0,3.88,0.07,0.27,0.16,0.59,0.3,0,0.22,0,0.25,0.38,1.43,0.24,2.43,2.59,0.22,0.1,0,0,0.3,0.27,0.07,0,0.09,0.03,0.44,0.05,0,0.57,2.31,0.56,2.43,0,0,0.19,0.03,0.02,0.65,0,0.09,7.56,0.05,1.24,0.31,0,0,0.48,0,0,0,0.14,0,0.71,0,1.94,0.21,VA-72,2021,202101,S-27,0.0138148309880724,13101.86133701337,94,173,1,88.1,15.11,248,0.3653,0.0813,,,0,60.98117,-174.87678,92,1.7,4,EBS
4.45,0.07,0.4,0.61,1.98,0.85,0,0,0.69,0,22.39,0.12,0,18.06,0.39,1.44,1.75,1.36,0.75,0,0.42,0,0,0.62,5.94,0.36,29.41,19.55,1.3,0.27,0.14,0,2.13,0,0.37,0,1.01,0.05,1.73,0.57,0,0.61,7.1,3.93,8.96,0,0,1.49,0.2,0.1,3.99,0,0.76,30.84,0,1.57,1.45,1.33,0.43,1.2,0.04,0,0,1.26,0,4.3,0.06,10.95,0.83,VA-73,2021,202101,J-23,0.0148162613501859,6276.8871176015755,94,150,1,88.57,16.62,264,0.3374,0.1483,,,0,58.00583,-171.59305,98,3.3,2,EBS
9.53,0.13,0.42,0.64,0.33,1.43,0,0.59,0.54,0,28.34,0.16,0,26.11,0.47,1.73,1.44,2.42,1.17,0,0.72,0,0,1.27,6.68,0.59,28.6,18.96,1.34,0.69,0.03,0,2.04,0,0.23,0,1,0.29,1.42,0.75,0.11,0.58,12.25,4.1,13.23,0,0,1.49,0.28,0.07,5.08,0.66,1.07,42.37,0.17,5.77,2.07,2.84,0.67,1.76,0.07,0,0,1.12,0.01,5.31,0.1,13.76,0.74,VA-74,2021,202101,Q-28,0.01431919816639125,9846.920083202891,94,176,1,86.91,16.81,NA,0.39,0.1915,,,0,60.33854,-175.38804,111,2,5,EBS
6.27,0.02,0.12,0.17,0.1,0.65,0,0.16,0,0,12.53,0,0,10.9,0.2,0.62,0.38,1.32,0.66,0,0.49,0,0.42,0.96,2.82,0.4,9.97,8.44,0.61,0.26,0,0,0.93,0.79,0.21,0,0.33,0.13,0.85,0.1,0,0.59,8.17,2.47,7.44,0,0,0.65,0.11,0.03,1.86,0.2,0.32,20.33,0.09,6.17,0.92,1.51,0.37,1.34,0,0,0,0.4,0,2.31,0.04,6.21,0.5,VA-75,2021,202101,S-28,0.0143244504999915,12007.441402384131,94,174,1,88.57,17.21,NA,0.3302,0.1075,,,0,61.00998,-175.54969,102,1.5,5,EBS
3.46,0.05,0.35,0.67,0.51,0.91,0,0.77,0.78,0.01,23.38,0.17,0,18.67,0.33,1.57,1.38,1.06,0.73,0,1.28,0,0,0.11,5.96,0.7,26.55,14.52,1.3,0.39,0.12,0,1.66,0.29,0.3,0,0.91,0.2,0.49,0.15,0,0.35,6.2,2.97,7.05,0,0,1.31,0.18,0.06,3.6,0,0.38,21.18,0,1.07,0,0,0.44,0.92,0.03,0,0,0.73,0,3.81,0.05,11.91,0.48,VA-76,2021,202101,I-23,0.0161050665196872,2607.874978265892,94,151,1,84.43,14.19,NA,0.3592,0.1469,,,0,57.6774,-171.52829,99,3.6,2,EBS
1.15,0.01,0.02,0.19,0.11,0.4,0,0.2,0.04,0,6.48,0,0,3.62,0.13,0.52,0.53,0.5,0.54,0,0.59,0,0.4,0.09,1.76,0.36,5.19,4.38,0.41,0.2,0,0,0.53,0.35,0.13,0,0.22,0.11,0.18,0.04,0,0.22,2.72,0.87,3.39,0,0,0.53,0.05,0.02,1.86,0,0.11,10.05,0.05,0.78,0.36,0,0,0.9,0,0,0,0.42,0.02,1.66,0.02,4.9,0.11,VA-77,2021,202101,R-28,0.01512279267043545,4033.646518162809,94,175,1,88.19,17.38,272,0.3324,0.0777,,,0,60.68122,-175.45864,107,1.7,5,EBS
4.84,0.09,0.29,0.42,0.19,0.96,0,0.4,0.53,0,20.25,0.09,0,25.22,0.37,1.12,1,1.71,0.89,0,0.77,0,0,1.34,4.85,0.54,16.16,18.78,0.99,0.17,0.08,0,1.66,0,0.44,0,0.6,0.13,3.48,0.27,0,0.45,6.01,2.21,9.01,0,0,0.82,0.17,0.04,3.93,0,0.8,31.29,0,1.86,0.88,0.91,0.15,1.76,0.04,0,0,0.71,0,3.06,0.03,8.68,0.41,VA-78,2021,202101,J-23,0.0148162613501859,6276.8871176015755,94,150,1,82.17,15.3,NA,0.3338,0.1519,,,0,58.00583,-171.59305,98,3.3,2,EBS
2.32,0.03,0.06,0.1,0.08,0.36,0,0.12,0,0,6.98,0,0,6.27,0.11,0.37,0.27,0.78,0.35,0,0.34,0,0.27,0.64,1.65,0.35,4.15,3.84,0.29,0.11,0,0,0.4,0.38,0.1,0,0.16,0.07,0.58,0.07,0,0.62,3.44,0.85,3.35,0,0,0.25,0.05,0.01,0.82,0.07,0.15,11.18,0.05,1.99,0.47,0,0,0.74,0,0,0,0.18,0.05,0.93,0,2.77,0.25,VA-79,2021,202101,S-27,0.0138148309880724,13101.86133701337,94,173,1,85.24,16.81,256,0.3229,0.0848,,,0,60.98117,-174.87678,92,1.7,4,EBS
2.29,0.02,0.07,0.13,0.1,0.52,0,0.18,0.17,0,10.05,0,0,9.49,0.16,0.59,0.39,1.09,0.46,0,0.34,0,0.37,0.59,2.47,0.34,7.38,6.11,0.44,0.24,0.02,0,0.64,0.54,0.14,0,0.25,0.07,0.65,0.11,0,0.54,3.96,1.3,5.62,0,0,0.4,0.07,0.02,1.28,0.1,0.22,12.86,0.08,1.84,0.59,0,0.21,0.95,0,0,0,0.39,0.03,1.47,0.03,4.05,0.29,VA-80,2021,202101,S-27,0.0138148309880724,13101.86133701337,94,173,1,95.27,17.11,288,0.3534,0.1063,,,0,60.98117,-174.87678,92,1.7,4,EBS
6.7,0.04,0.27,0.43,0.18,0.73,0,0.42,0,0,16.55,0,0,13.14,0.32,1.14,0.88,1.29,0.58,0,0.18,0,0.43,0.23,4.54,0.44,17.72,10.84,1.22,0.15,0,0,1.33,0.2,0.25,0,0.5,0.41,0.87,0.09,0,0.41,11.15,3.51,5.37,0,0,0.93,0.13,0.05,3.06,0.37,0.49,17.92,0,7.26,0.99,0.64,0.24,0.77,0,0,0,0.57,0.02,3.49,0.04,10.97,0.7,VA-81,2021,202101,I-23,0.0161050665196872,2607.874978265892,94,151,1,93.23,16.84,NA,0.3314,0.1285,,,0,57.6774,-171.52829,99,3.6,2,EBS
4.68,0.06,0.17,0.42,0.18,0.93,0,0.51,0.49,0.01,17.14,0.1,0,15.59,0.32,1.34,1.02,1.19,0.86,0,0.23,1.01,0.52,0.35,4.9,0.51,15.28,14.8,1.18,0.2,0,0,1.54,0.89,0.22,0,0,0.09,1.85,0.19,0,0.46,8.67,3.26,9.64,1.56,0,0.05,0.17,0.07,3.59,0.4,0.5,20.96,0.07,3.95,1.13,1.01,0.59,1.62,0,0,0,0.83,0,3.6,0.18,10.57,0.7,VA-82,2021,202101,F-24,0.0080819900610075,1361.0509190144612,94,153,1,91.89,NA,336,0.3115,0.1141,,,NA,56.6693,-171.95965,126,4.1,6,EBS
4.44,0.06,0.19,0.51,0.36,1.18,0,0.62,0.56,0.01,26.08,0.16,0,21.97,0.47,1.88,1.66,0.88,1.07,0,0.65,1.21,0.82,1.11,5.89,0.77,23.52,17.54,1.24,0.35,0,0,2.16,1.29,0.24,0,0,0.09,1.99,0.15,0.11,0.39,7.29,4.05,12.61,0,1.29,0,0.17,0.06,3.85,0.44,0.75,32.69,0.11,1.05,1.21,1.69,0.81,2.17,0.03,0,0,1.15,0,5.15,0.09,11.34,0.23,VA-83,2021,202101,Q-27,0.01437836162994,482359.6838431265,94,171,1,82.86,14.37,NA,0.3548,0.1631,,,0,60.31753,-174.70464,103,1.9,5,EBS
6.13,0.1,0.28,0.62,0.21,1.3,0,0.58,0.63,0,29.36,0.15,0,31.35,0.44,1.65,1.4,2,1.14,0,0.91,1.54,0.77,1.34,6.75,0.57,27.36,27.11,1.5,0.27,0.13,0,2.42,1.5,0.56,0,0,0.08,2.94,0.24,0,0.57,8.66,3.22,14.24,0,1.39,0,0.27,0.07,5.12,0.55,1,41.61,0.07,1.78,1.2,1.4,0.51,2.13,0.05,0,0.02,1.47,0,5.01,0.06,14.25,0.51,VA-84,2021,202101,J-23,0.0148162613501859,6276.8871176015755,94,150,1,88.2,16,262,0.3618,0.1701,,,0,58.00583,-171.59305,98,3.3,2,EBS
3.96,0.13,0.34,0.68,0.24,1.05,0,0.66,0.36,0,27.22,0.14,0,28.84,0.39,1.72,1.44,1.57,1.15,0,0.85,1.27,0.28,1.31,6.72,0.57,26.44,25.56,1.37,0.32,0.13,0,2.33,1.34,0.43,0,0,0.08,3.04,0.21,0,0.61,6.23,3.48,12.99,0,1.36,0,0.22,0.05,4.76,0,0.9,40.71,0.12,0.72,1.22,2.16,0.7,2,0,0,0,1.23,0,4.58,0.04,11.81,0.36,VA-85,2021,202101,J-23,0.0148162613501859,6276.8871176015755,94,150,1,96.1,19.31,NA,0.451,0.21,,,0,58.00583,-171.59305,98,3.3,2,EBS
2.56,0.02,0.08,0.15,0.1,0.48,0,0.16,0.15,0,9.43,0,0,8.94,0.16,0.5,0.44,0.91,0.44,0,0.34,0.37,0.23,0.57,2.35,0.41,7.28,5.97,0.4,0.18,0,0,0.57,0.48,0.13,0,0,0.08,0.57,0.12,0,0.46,3.96,1.42,5.08,0.41,0,0,0.07,0.02,1.07,0.1,0.2,11.58,0.07,2.06,0.59,0.8,0.26,0,0,0,0.08,0.22,0,1.21,0,3.05,0.22,VA-86,2021,202101,S-27,0.0138148309880724,13101.86133701337,94,173,1,94.41,17.11,302,0.3228,0.0959,,,0,60.98117,-174.87678,92,1.7,4,EBS
7.37,0.12,0.28,0.53,0.25,1.33,0,0.51,0.48,0,25.59,0.13,0,24.7,0.41,1.61,1.24,1.87,0.99,0,0.64,1.09,0.8,1.06,6.65,0.75,24.52,16.06,1.26,0.63,0,0,1.87,1.28,0.45,0,0,0.08,1.92,0.18,0,0.56,10.39,4.45,14.02,0,1.43,0,0.29,0.06,4.88,0.44,0.9,37.71,0.07,3.46,1.77,1.04,0.47,1.83,0.03,0,0,0.97,0,4.82,0.08,12.89,0.81,VA-87,2021,202101,Q-27,0.01437836162994,482359.6838431265,94,171,1,83.53,15.69,228,0.3709,0.1692,,,0,60.31753,-174.70464,103,1.9,5,EBS
5.01,0.07,0.17,0.53,0.25,1.11,0,0.56,0.8,0.01,23.46,0.11,0,24.45,0.39,1.65,1.37,1.69,1.09,0,0.42,1.32,0.85,0.78,6.54,0.68,22.31,24.86,1.38,0.29,0.11,0,2.14,1.28,0.5,0,0,0.1,2.61,0.15,0,0.48,9.58,3.02,13.91,0,1.29,0,0.22,0.07,4.53,0.55,1.1,35.98,0.05,1.2,1.3,2.12,0.8,2.27,0.02,0,0,1.13,0,5.35,0.05,12.92,0.53,VA-88,2021,202101,J-23,0.0148162613501859,6276.8871176015755,94,150,1,90.11,17.72,270,0.2452,0.1175,,,0,58.00583,-171.59305,98,3.3,2,EBS
3.2,0.06,0.14,0.41,0.19,0.98,0,0.47,0,0,17.05,0,0,14.92,0.33,1.47,1.05,1.15,0.86,0,0.23,1.21,1,0.24,5.18,0.85,19.79,15.43,1.43,0.42,0,0,1.71,0.68,0.44,0,0,0.22,1,0.12,0,0.44,7.61,4.21,0,1.76,0,0,0.23,0.19,4.55,0.77,0.59,25.9,0,0,1.23,7.66,0,0,0,0,0,0.88,0.27,0,0,12.96,0.49,VA-89,2021,202101,F-24,0.0080819900610075,1361.0509190144612,94,153,1,92.21,NA,284,0.2657,0.1092,,,NA,56.6693,-171.95965,126,4.1,6,EBS
1.8,0.01,0.04,0.04,0.02,0.37,0,0.06,0,0,6.48,0,0,5.11,0.09,0.26,0.12,0.44,0.46,0,0.24,0.3,0.31,0.39,1.5,0.11,3.59,3.82,0.26,0.06,0,0,0.44,0.35,0,0,0,0.04,0.42,0.05,0,0.15,3.59,0.75,2.59,0.2,0,0,0.04,0.01,1.33,0.03,0.12,10.52,0.03,2.4,0.31,0.64,0,0,0,0,0.01,0.22,0,0,0,3.14,0.13,VA-90,2021,202101,R-28,0.01512279267043545,4033.646518162809,94,175,1,93.37,17.21,306,0.3059,0.0772,,,0,60.68122,-175.45864,107,1.7,5,EBS
9.98,0.14,0.29,0.51,0.3,1.41,0,0.47,0.4,0,30.64,0.11,0,31.26,0.45,1.44,1.25,2.25,1.08,0,0.87,1.15,0.6,1.53,7.47,0.28,31.44,20.41,1.14,0.54,0.09,0,1.92,1.41,0.52,0,0,0.07,2.76,0.18,0.1,0.64,11.3,4.44,16.63,0,1.36,0,0.35,0.05,4.7,0.44,0,47.74,0.1,5.21,1.82,1.17,0.42,1.64,0.05,0,0,1.08,0,4.65,0.08,12.66,0.63,VA-91,2021,202101,S-29,0.0140027161303062,6855.812765655255,94,188,1,92.83,16.83,NA,0.3409,0.1576,,,0,60.97676,-176.26886,113,1.6,5,EBS
8.69,0.13,0.34,0.63,0.3,1.49,0,0.62,0.55,0,32.16,0.14,0,29.1,0.46,1.76,1.52,1.26,1.16,0,0.75,1.34,0.85,1.26,7.31,0.32,31.36,19.19,1.32,0.6,0.12,0,2.05,1.36,0.25,0,0,0.08,1.63,0.2,0,0.65,11.82,3.86,14.47,0,1.76,0,0.28,0.07,5.31,0.6,0,41.89,0.05,5.25,1.82,1.18,0.53,1.55,0.07,0,0,1.33,0,5.36,0.08,12.32,0.85,VA-92,2021,202101,R-30,0.015826343849514,8909.196043047546,94,186,1,78.6,15.11,204,0.3191,0.155,,,0,60.65664,-176.79445,129,1.9,5,EBS
7.17,0.14,0.38,0.76,0.39,1.59,0,0.79,0.62,0,32.78,0.16,0,32.09,0.54,2.07,1.85,2.12,1.14,0,0.61,1.64,0.84,1.02,6.74,0.41,31.56,20.02,1.42,0.75,0.1,0,2.12,0.99,0.25,0,1.11,0.26,1.36,0.15,0.06,0.5,10.72,3.55,14.62,0,1.71,0,0.26,0.07,5.28,0.61,0.96,38.35,0.09,3.8,1.58,1.37,0.73,2.3,0.05,0,0,1.37,0,5.65,0.08,13.61,0.51,VA-93,2021,202101,Q-28,0.01431919816639125,9846.920083202891,94,176,1,82.22,17.61,264,0.4036,0.201,,,1,60.33854,-175.38804,111,2,5,EBS
8,0.12,0.41,0.84,0.49,1.38,0,0.84,0.78,0.01,29.49,0.17,0,24.63,0.54,2.29,1.95,2.29,1.14,0,0.34,1.54,0.96,0.68,6.78,0.55,29.56,17.1,1.59,0.73,0,0,2.13,0.85,0.42,0,1.03,0.25,0.98,0.18,0.01,0.66,13.44,4.53,10.19,0,1.86,0,0.19,0.08,4.84,0.63,0.8,31.3,0,7.74,1.71,1.47,0.85,1.87,0.05,0,0,1.14,0,6,0.09,14.05,0.76,VA-94,2021,202101,P-28,0.0137356474306392,7644.342979114581,94,177,1,89.92,17,282,0.3921,0.2008,,,0,60.01147,-175.26673,117,2.3,5,EBS
6.43,0.11,0.27,0.66,0.4,1.15,0,0.59,0.66,0.01,19.8,0.15,0,16.62,0.45,1.69,1.44,1.97,0.89,0,0.34,1.15,1,0.65,4.97,0.8,20.13,12.76,1.25,0.65,0,0,1.67,0.73,0.36,0,0,0.21,0.83,0.14,0.1,0.56,11.27,3.14,8.68,0,1.54,0,0.17,0.07,4.3,0.5,0.63,27.2,0.08,5.28,1.65,1.42,0.75,1.61,0.04,0,0,0.82,0,4.99,0.06,11.15,0.7,VA-95,2021,202101,Q-28,0.01431919816639125,9846.920083202891,94,176,1,81.11,15.3,200,0.3631,0.1609,,,0,60.33854,-175.38804,111,2,5,EBS
5.38,0.05,0.19,0.35,0.18,1.07,0,0.36,0.4,0,20.02,0.1,0,17.92,0.32,1.16,0.87,1.39,0.79,0,0.45,0.98,0.72,0.81,4.95,0.59,20.74,11.55,0.93,0.41,0,0,1.38,0.62,0.19,0,0,0.13,1.02,0.01,0.08,0.56,6.92,3.39,9.73,0,1.15,0,0.17,0.05,4.12,0.43,0.94,30.83,0.06,1.15,1.1,2.05,0,1.11,0.03,0,0,0.78,0,3.9,0.04,10.23,0.5,VA-96,2021,202101,Q-28,0.01431919816639125,9846.920083202891,94,176,1,75.9,13.51,166,0.3262,0.1429,,,0,60.33854,-175.38804,111,2,5,EBS
7.12,0.1,0.31,0.47,0.23,1.25,0,0.49,0.47,0,27.05,0.11,0,23.19,0.38,1.49,1.17,1.86,1.1,0,0.47,1.39,0.9,0.77,6.23,0.35,28.13,16.73,1.28,0.52,0,0,1.75,0.81,0.28,0,0.77,0.21,1.07,0.17,0,0.57,11.95,3.96,12.13,0,1.55,0,0.19,0.07,4.86,0.6,0.8,32.3,0,5.67,1.7,1.18,0.65,1.8,0.03,0,0,1.54,0,5.03,0.06,13.04,0.79,VA-97,2021,202101,P-28,0.0137356474306392,7644.342979114581,94,177,1,83.86,15.96,NA,0.3337,0.158,,,0,60.01147,-175.26673,117,2.3,5,EBS
3.68,0.02,0.11,0.19,0.08,0.47,0,0.14,0.14,0,9.57,0.03,0,8.99,0.16,0.5,0.36,1.06,0.47,0,0.38,0.41,0.34,0.74,2.27,0.23,7.66,6.54,0.48,0.13,0,0,0.81,0.59,0.08,0,0,0.07,0.64,0.11,0.02,0.65,5.91,1.77,5.72,0,0.5,0,0.09,0.02,1.44,0.14,0.25,15.43,0.05,4.11,0.7,0.88,0.31,0.96,0,0,0,0.3,0,1.8,0.03,4.71,0.41,VA-98,2021,202101,T-28,0.0116611986968532,7632.148487789411,94,189,1,93.11,16.4,280,0.3874,0.1112,,,0,61.34088,-175.72779,98,1.5,4,EBS
8.08,0.12,0.29,0.54,0.28,1.33,0,0.48,0.49,0,25.31,0.15,0,23.25,0.42,1.38,1.3,2.06,1.11,0,0.84,1.12,0.79,1.21,6.17,0.58,21.91,16.07,1.08,0.31,0.09,0,1.93,1.29,0.43,0,0,0.19,1.46,0.13,0,0.57,11.2,3.42,12.86,0,1.59,0,0.29,0.07,4.66,0.6,0.92,37.9,0,5.21,1.53,1.31,0.61,1.96,0.05,0,0,1.78,0,4.55,0.05,10.42,0.67,VA-99,2021,202101,R-30,0.015826343849514,8909.196043047546,94,186,1,91.37,17.9,308,0.3195,0.137,,,0,60.65664,-176.79445,129,1.9,5,EBS
3.49,0,0.11,0.17,0.08,0.64,0.05,0,0,0,10.94,0.35,0,11.12,0,0.47,0.34,1.03,0.56,0,0.54,0.42,0.19,1.16,2.24,0.27,7.83,7.04,0,0.35,0.12,0,0.85,0.63,0,0.15,0.22,0.12,0.78,0.11,0.34,0,4.42,1.44,5.36,0,0,0.38,0.1,0,1.25,0.12,0.26,16.25,0,2.72,0.65,0,0.38,0.04,0.7,0,0.31,0.26,0,1.45,0,3.51,0.31,VA-100,2021,202101,T-28,0.0116611986968532,7632.148487789411,94,189,1,81.47,14.71,198,0.3013,0.0957,,,0,61.34088,-175.72779,98,1.5,4,EBS
3.93,0.01,0.1,0.4,0.22,0.63,0.06,0.33,0.28,0,10.37,0.04,0,26.08,0.31,0.82,0.76,0.59,0.32,0,0.28,0.32,0.26,0.42,2.48,0.28,7.56,7.15,0.11,0.46,0.25,0,0.69,0.39,0,0.1,0.33,0.16,0.53,0.17,0.28,0,2.3,1.63,4.83,0.23,0,0.62,0.15,0.03,1.42,0.16,0.3,12.99,0,0.49,0.7,0,0.51,0.13,0.54,0,0.59,0.39,0,1.51,0.03,3.84,0.53,VA-101,2021,202101,U-27,0.015346038860724,21438.757127223795,94,191,1,86.61,16.78,208,0.3379,0.1005,,,0,61.65579,-175.08604,85,0.3,4,EBS
5.21,0,0.12,0.16,0.1,0.46,0.04,0.15,0.23,0,10.05,0.03,0,9.44,0.15,0.49,0.35,0.96,0.46,0,0.45,0.36,0.32,0.85,2.21,0.14,7.4,6.63,0,0.42,0.12,0,0.79,0.59,0,0.08,0.21,0.12,0.74,0.11,0.47,0,6.09,1.59,4.73,0,0,0.41,0.09,0.02,1.33,0.11,0.25,15.3,0,4.72,0.67,0,0.43,0.03,0.62,0,0.42,0.24,0,1.54,0.02,3.57,0.39,VA-102,2021,202101,T-28,0.0116611986968532,7632.148487789411,94,189,1,92.31,17.6,276,0.3199,0.1036,,,0,61.34088,-175.72779,98,1.5,4,EBS
3.36,0.01,0.11,0.37,0.22,0.63,0,0.33,0.25,0,9.74,0.04,0,24.36,0.29,0.8,0.72,0.59,0,0.34,0.26,0,0.25,0.41,2.51,0.3,6.27,6.95,0.09,0.46,0.24,0,0.64,0.37,0,0.09,0.32,0.15,0.49,0.16,0.47,0,2.26,1.41,5.39,0.21,0,0.6,0.14,0.02,1.31,0.12,0.28,11.81,0,0.36,0.64,0,0.43,0.15,0.48,0,0.63,0.36,0,1.59,0.03,3.5,0.06,VA-103,2021,202101,U-27,0.015346038860724,21438.757127223795,94,191,1,90.77,18.45,302,0.3526,0.1085,,,1,61.65579,-175.08604,85,0.3,4,EBS
3.38,0.01,0.07,0.2,0.13,0.57,0,0.25,0.21,0,10.6,0.06,0,13.47,0.21,0.66,0.48,0.55,0,0.34,0.33,0,0.24,0.57,2.64,0.3,8,5.98,0.07,0.45,0.21,0,0.67,0.44,0,0.09,0.29,0.15,0.77,0.18,0,0.53,3.53,1.67,5.39,0,0,0.56,0.11,0.02,1.36,0.15,0.3,13.5,0,1.68,0.77,0,0.42,0.11,0.55,0,0.44,0.31,0,1.47,0.02,3.69,0.31,VA-104,2021,202101,T-27,0.01418279609780715,5922.6685218288885,94,190,1,87.91,15.98,NA,0.3207,0.0838,,,0,61.3181,-175.00914,87,1.2,4,EBS
9.02,0,0.32,0.46,0.24,1.32,0.1,0.44,0.17,0,28.81,0.09,0,27.6,0.38,1.29,0.17,1.91,1.08,0,0.79,1.09,0,1.4,6.28,0,27.98,18.66,18.66,0,0,0.28,0,1.24,0.06,0.23,0.83,0.28,1.55,0,1.08,0,14.56,14.73,0.39,0,0,0,0.28,0,4.29,0.4,0,41.28,0,4.36,1.82,0.94,0.94,0.09,1.67,0,1.22,0.85,0,4.54,0.04,10.82,0.62,VA-105,2021,202101,R-29,0.014630001326325,29746.57351649869,94,187,1,91.25,17.83,NA,0.3431,0.1662,,,0,60.66565,-176.20071,119,1.9,5,EBS
5.45,0.14,0.32,0.75,0.35,1.47,0,0.61,0.59,0,32.15,0.14,0,29.2,0.48,1.83,1.67,1.17,1.36,0,0.84,1.45,0.77,1.48,7.53,0.46,31.96,21.25,1.34,0.75,0.1,0,2.36,1.53,0.52,0,1.18,0.11,1.8,0.18,0,0.54,9.27,4.05,17.05,0,1.9,0,0.36,0.07,5.14,0.55,0,44.96,0,1.98,1.71,1.39,0.54,1.88,0.07,0,0,1.18,0,5.29,0.08,13.69,0.56,VA-106,2021,202101,S-29,0.0140027161303062,6855.812765655255,94,188,1,86.66,16.5,NA,0.3077,0.1511,,,0,60.97676,-176.26886,113,1.6,5,EBS
10.94,0.09,0.37,0.51,0.22,1.14,0,0.41,0.48,0,24.11,0.1,0,19.16,0.36,1.17,1.05,0.93,0.88,0,0.61,0.95,0.74,1.01,5.29,0.3,23.4,13.42,1.15,0.41,0.08,0,1.45,1.05,0.23,0,0,0.06,1.26,0.13,0,0.58,15.31,3.78,10.14,0,1.17,0,0.21,0.06,3.7,0.47,0,32.46,0,10.35,1.52,0.97,0.43,1.15,0.03,0,0,0.91,0,4.58,0.06,10.72,0.79,VA-107,2021,202101,R-29,0.014630001326325,29746.57351649869,94,187,1,81.06,15.14,216,0.449,0.2016,,,0,60.66565,-176.20071,119,1.9,5,EBS
8.83,0.13,0.45,0.82,0.41,1.46,0,0.77,0.73,0,31.7,0.18,0,27.18,0.54,2.04,1.79,2.25,1.12,0,0.47,1.37,0.75,0.88,7.22,0.37,30.98,19.39,1.47,0.78,0.1,0,2.24,1.25,0.21,0,1.15,0.09,1.58,0,0,0.58,14.3,3.45,15.76,0,1.61,0,0.32,0.05,4.83,0.6,0,40.22,0.04,6.91,1.65,1.58,0.63,1.66,0.09,0,0,1.26,0,5.95,0.07,14.07,0.75,VA-108,2021,202101,Q-28,0.01431919816639125,9846.920083202891,94,176,1,85.87,18.34,294,0.3819,0.1929,,,1,60.33854,-175.38804,111,2,5,EBS
1.61,0.01,0.02,0.22,0.14,0.37,0.02,0.27,0.13,0,5.04,0.05,0,6.01,0.15,0.52,0.42,0,0.23,0,0.17,0.19,0.21,0.24,1.45,0.18,3.11,3.53,0.08,0.29,0.16,0,0.41,0.33,0,0.05,0.19,0.08,0.37,0.13,0.24,0,1.58,0.91,2.24,0.12,0,0.33,0.06,0,0.9,0.07,0.2,8.52,0,0.89,0.41,0,0.28,0.07,0.38,4.65,0.47,0.2,0,1.13,0.01,2.91,0.11,VA-109,2021,202101,T-27,0.01418279609780715,5922.6685218288885,94,190,1,80.31,13.91,190,0.3291,0.0851,,,0,61.3181,-175.00914,87,1.2,4,EBS
7.25,0.02,0.17,0.14,0.08,0.56,0,0.13,0.12,0,13.13,0.03,0,13.44,0.18,0.52,0.35,1.42,0.6,0,0.74,0.5,0.3,1.57,2.64,0.26,8.14,7.76,0.57,0.09,0,0,0.92,0.74,0.21,0,0,0.02,1.39,0.14,0.17,0.56,9.42,1.75,5.61,0,0.43,0,0.08,0.02,1.55,0.15,0.29,22.64,0,7.65,0.81,0.61,0.06,1.6,0,0,0.05,0.3,0,2.04,0.02,5.31,0.51,VA-110,2021,202101,T-28,0.0116611986968532,7632.148487789411,94,189,1,82.01,15.97,202,0.322,0.1045,,,0,61.34088,-175.72779,98,1.5,4,EBS
2.76,0.05,0.06,0.2,0.12,0.56,0,0.24,0.21,0,9.13,0.06,0,11.87,0.2,0.69,0.48,0.55,0.34,0,0.33,0.32,0.3,0.6,2.36,0.46,6.94,5.79,0.48,0.23,0,0,0.61,0.43,0.15,0,0,0.07,0.81,0.15,0,0.54,3.32,1.67,5.39,0,0.61,0,0.11,0.02,1.56,0.19,0.43,15.41,0,1.26,0.76,0.56,0.24,0.51,0,0,0,0.37,0,1.76,0.03,4.64,0.32,VA-111,2021,202101,T-27,0.01418279609780715,5922.6685218288885,94,190,1,94.01,16.45,NA,0.3635,0.1059,,,0,61.3181,-175.00914,87,1.2,4,EBS
4.91,0.03,0.13,0.19,0.1,0.73,0,0.19,0.19,0,17.12,0.04,0,16.55,0.21,0.7,0.49,1.67,0.78,0,0.81,0.66,0.42,1.7,3.84,0.28,13.78,11.91,0.63,0.18,0.04,0,1.23,0.98,0.29,0,0.4,0.04,1.6,0.2,0.16,0.4,7.45,2.32,9.54,0,0.75,0,0.16,0.03,2.15,0.29,0,27.53,0,4.76,1.13,0.73,0.09,1.68,0,0,0,0.57,0,2.84,0.05,7.08,0.49,VA-112,2021,202101,T-28,0.0116611986968532,7632.148487789411,94,189,1,93.18,18.11,298,0.301,0.1106,,,0,61.34088,-175.72779,98,1.5,4,EBS
2.93,0.11,0.1,0.25,0.14,0.51,0,0.19,0.26,0,9.22,0.05,0,19.85,0.23,0.64,0.58,0.99,0.37,0,0.28,0.42,0.29,0.5,2.28,0.31,7.3,7.76,0.39,0.19,0.03,0,0.58,0.43,0.19,0,0,0.08,0.59,0.19,0,0.49,1.96,1.36,4.72,0.56,0,0,0.12,0.02,1.64,0.24,0.31,14.11,0,0.39,0.49,0.56,0.39,0.55,0.03,0,0,0.43,0,1.73,0.03,4.74,0.15,VA-113,2021,202101,U-27,0.015346038860724,21438.757127223795,94,191,1,94.88,17.64,320,0.4638,0.134,,,0,61.65579,-175.08604,85,0.3,4,EBS
8.98,0.09,0.44,0.74,0.43,1.44,0,0.79,0.71,0.01,28.75,0.17,0,23.81,0.54,2.13,1.82,2.37,1.12,0,0.37,1.42,0.91,0.72,6.68,0.55,26.8,16.39,1.57,0.62,0.12,0,2.06,0.83,0.42,0,0.96,0.23,1.17,0.17,0,0.6,14.68,4.55,11.33,0,1.84,0,0.22,0.07,5.17,0.72,0,33.02,0.05,8.2,1.79,1.38,0.75,1.85,0.07,0,0.04,1.11,0,6.35,0.09,14.1,0.79,VA-114,2021,202101,P-28,0.0137356474306392,7644.342979114581,94,177,1,94.06,17.01,NA,0.3198,0.1583,,,0,60.01147,-175.26673,117,2.3,5,EBS
4.22,0.04,0.11,0.21,0.1,0.51,0,0.17,0.19,0,10.46,0,0,9.95,0.17,0.57,0.53,0.56,0.48,0,0.36,0.45,0.35,0.67,2.4,0.32,8.69,7.14,0.54,0.12,0,0,0.79,0.57,0.08,0,0,0.07,0.67,0.11,0,0.55,5.67,1.84,5.6,0.55,0,0,0.1,0.02,1.51,0.16,0.25,15.47,0,4.06,0.71,1.13,0.59,0.99,0,0,0,0.3,0,3.15,0,4.75,0.31,VA-115,2021,202101,T-28,0.0116611986968532,7632.148487789411,94,189,1,90.57,17.67,278,0.327,0.0954,,,0,61.34088,-175.72779,98,1.5,4,EBS
6.38,0.04,0.15,0.36,0.19,0.96,0,0.33,0.36,0,21.46,0.09,0,19.11,0.32,1.15,0.91,0.92,0.81,0,0.61,0.85,0.57,1.06,4.8,0.22,21.08,12.67,0.95,0.44,0.07,0,1.45,0.76,0.15,0,0.67,0.14,1.19,0,0,0.47,8.2,3.16,9.83,0,1.09,0,0.22,0.04,3.45,0.42,0,31.77,0,4.99,1.37,0.91,0.28,1.16,0.05,0,0.03,0.72,0,3.83,0.04,10.11,0.55,VA-116,2021,202101,R-29,0.014630001326325,29746.57351649869,94,187,1,70.75,12.94,138,0.3835,0.167,,,0,60.66565,-176.20071,119,1.9,5,EBS
2.09,0.03,0.05,0.16,0.08,0.43,0,0.2,0.21,0,7.53,0,0,7.12,0.14,0.52,0.44,0.88,0.43,0,0.22,0.36,0.36,0.36,2.23,0.39,7.4,6.08,0.49,0.21,0,0,0.69,0.52,0.11,0,0,0.1,0.51,0.13,0,0.55,3.72,1.74,5.67,0.64,0,0,0.1,0,1.44,0.15,0.23,12.49,0,1.78,0.62,0.42,0.06,0.9,0,0,0,0.4,0,2.02,0,4.71,0.24,VA-117,2021,202101,T-27,0.01418279609780715,5922.6685218288885,94,190,1,86.54,16.34,NA,0.3614,0.1054,,,0,61.3181,-175.00914,87,1.2,4,EBS
3.17,0.02,0.07,0.23,0.14,0.61,0,0.27,0.24,0,11.26,0.07,0,14.41,0.24,0.77,0.65,1.51,0.41,0,0.36,0.4,0.31,0.63,2.88,0.37,9.99,7.59,0.62,0.27,0.04,0,0.83,0.56,0.21,0,0,0.1,1.01,0.14,0,0.53,3.28,2.2,6.49,0,0.77,0,0.16,0.02,1.9,0.27,0.45,19.28,0,1.4,0.87,0.64,0.26,0.61,0,0,0,0.53,0,2.41,0.05,5.78,0.34,VA-118,2021,202101,T-27,0.01418279609780715,5922.6685218288885,94,190,1,92.79,15.82,NA,0.3534,0.1145,,,0,61.3181,-175.00914,87,1.2,4,EBS
2.93,0.02,0.06,0.16,0.09,0.43,0,0.18,0.15,0,7.36,0.04,0,8.4,0.16,0.53,0.41,0.92,0.3,0,0.21,0.29,0.24,0.36,1.84,0.24,5.76,4.76,0.47,0.19,0.03,0,0.57,0.38,0.13,0,0,0.03,0.62,0.11,0,0.66,4.38,1.64,4.47,0,0.51,0,0.08,0.02,1.3,0.13,0.22,11.67,0,2.73,0.67,0.48,0.21,0.59,0,0,0,0.32,0,1.59,0,4.21,0.3,VA-119,2021,202101,T-27,0.01418279609780715,5922.6685218288885,94,190,1,89.61,17.97,300,0.3643,0.0975,,,0,61.3181,-175.00914,87,1.2,4,EBS
7.54,0.04,0.2,0.33,0.17,1,0,0.31,0.29,0,19.8,0.07,0,18.09,0.3,0.97,0.69,1.36,0.86,0,0.53,0.88,0.53,0.93,4.85,0.44,19.53,13.57,0.95,0.27,0,0,1.61,0.92,0.35,0,0,0.14,1.11,0.11,0.07,0.46,12.94,3.74,10.92,0,1.36,0,0.25,0.04,3.53,0.42,0.73,31.13,0,8,1.68,1.08,0.44,0.77,0.03,0,0,0.84,0,3.84,0.05,10.26,0.81,VA-120,2021,202101,Q-28,0.01431919816639125,9846.920083202891,94,176,1,92.31,13,290,0.3282,0.1395,,,0,60.33854,-175.38804,111,2,5,EBS
1.85,0.06,0.04,0.11,0.06,0.32,0,0.13,0.11,0,6,0.01,0,13.84,0.14,0.36,0.37,0.35,0.24,0,0.18,0.2,0.15,0.32,1.43,0.14,4.1,5.32,0.23,0.08,0.01,0,0.47,0.3,0.14,0,0,0.05,0.34,0.17,0,0.18,1.57,0.99,4.31,0,0.46,0,0.09,0,1.06,0.09,0.18,8.55,0,0.35,0.47,1.26,0,0.51,0,0,0,0.43,0,1.52,0.02,2.36,0.09,VA-121,2021,202101,U-26,0.01413347868244125,11249.884304671143,94,192,1,88.64,15.22,256,0.3135,0.0745,,,0,61.66716,-174.47995,77,-0.2,4,EBS
3.26,0.01,0.09,0.17,0.08,0.63,0,0.18,0.14,0,11.55,0.05,0,25.27,0.22,0.47,0.38,1.04,0.29,0,0.42,0.38,0.18,0.94,2.53,0.49,8.09,7.97,0.4,0.08,0.03,0,0.76,0.41,0.33,0,0,0.03,1.59,0.15,0,0.59,2.69,0.43,7.37,0,0.71,0,0.19,0.03,1.79,0.21,0.49,19.77,0,0.35,0.53,0.43,0.18,0.68,0,0,0,0.5,0,2.11,0.03,4.78,0.1,VA-122,2021,202101,V-26,0.0143457350607549,22236.57405138316,94,193,2,51.91,0,52,0.3085,0.0999,,,0,62.01599,-174.49611,73,-0.6,4,EBS
3.16,0.05,0.11,0.17,0.1,0.59,0,0.16,0.17,0,12.59,0.04,0,22.86,0.22,0.53,0.39,1.05,0.31,0,0.42,0.45,0.2,0.98,2.43,0.3,11.39,8.69,0.43,0.11,0.03,0,0.83,0.35,0.28,0,0,0.1,1.16,0.19,0,0.89,2.5,1.5,6.37,0,0.58,0,0.14,0,1.73,0.18,0.32,18.15,0,0.26,0.59,0.53,0.21,0.59,0,0,0,0.47,0,1.57,0.04,4.99,0,VA-123,2021,202101,V-26,0.0143457350607549,22236.57405138316,94,193,2,56.09,0,58,0.345,0.1158,,,0,62.01599,-174.49611,73,-0.6,4,EBS
3.1,0.02,0.09,0.16,0.09,0.58,0,0.16,0.15,0,12.07,0.04,0,22.72,0.21,0.49,0.37,0.99,0.29,0,0.38,0.4,0.18,0.88,2.44,0.3,10.91,8.68,0.4,0.1,0.02,0,0.81,0.45,0.29,0,0,0.09,1.12,0.19,0,0.72,2.54,1.38,6.71,0,0.64,0,0.15,0,1.77,0.12,0.34,17.98,0,0.27,0.62,0.49,0.21,0.62,0,0,0,0.45,0,1.44,0.03,4.48,0,VA-124,2021,202101,V-26,0.0143457350607549,22236.57405138316,94,193,2,53.58,0,48,0.3188,0.1041,,,0,62.01599,-174.49611,73,-0.6,4,EBS
5.37,0.12,0.13,0.27,0.14,1.07,0,0.26,0.25,0,18.48,0.07,0,32.26,0.3,0.66,0.58,1.6,0.57,0,0.69,0.93,0.29,1.31,4.11,0.45,16.4,14.09,0.63,0.14,0.05,0,1.32,0.71,0.48,0,0.54,0.16,1.88,0.17,0,0.82,3.76,2.67,8.67,0,0.94,0,0.25,0.03,3.21,0.34,0.6,27.51,0,1.16,0.98,0.84,0.22,0.73,0,0,0,0.69,0.03,2.38,0.04,7.3,0.21,VA-125,2021,202101,V-26,0.0143457350607549,22236.57405138316,94,193,2,52.48,0,48,0.3101,0.1183,,,0,62.01599,-174.49611,73,-0.6,4,EBS
2.53,0.02,0.08,0.2,0.11,0.53,0,0.19,0.16,0,10.66,0.03,0,17.94,0.2,0.54,0.44,0.48,0.31,0,0.29,0.39,0.16,0.62,2.48,0.23,10.51,8.19,0.46,0.13,0.02,0,0.82,0.42,0.26,0,0,0.11,0.85,0.19,0,0.55,2.76,1.76,6.84,0,0.58,0,0.14,0.03,1.65,0.14,0.27,14.7,0,0.39,0.62,0.74,0.31,0.72,0,0,0,0.54,0,1.87,0.04,4.66,0,VA-126,2021,202101,V-26,0.0143457350607549,22236.57405138316,94,193,2,49.59,0,44,0.3548,0.109,,,0,62.01599,-174.49611,73,-0.6,4,EBS
2.71,0.07,0.09,0.22,0.12,0.65,0,0.2,0.26,0,12.62,0.05,0,18.64,0.22,0.51,0.5,0.98,0.46,0,0.47,0.65,0.3,0.76,3.24,0.31,13.29,11.49,0.48,0.14,0.05,0,0.87,0.56,0.36,0,0.39,0.07,1.48,0.07,0,0.24,2.65,1.76,6.39,0,0.62,0,0.18,0.02,2.07,0.22,0.52,17.44,0,0.3,0.79,0.6,0.12,0.62,0,0,0,0.47,0,1.83,0.03,5.29,0,VA-127,2021,202101,V-26,0.0143457350607549,22236.57405138316,94,193,2,51.43,0,48,0.3226,0.1363,,,0,62.01599,-174.49611,73,-0.6,4,EBS
3.89,0.04,0.12,0.33,0.18,0.63,0,0.3,0.25,0,12.39,0.04,0,24.88,0.26,0.61,0.76,1.06,0.31,0,0.39,0.49,0.25,0.68,2.37,0.25,10.31,8.88,0.5,0.09,0.03,0,0.87,0.46,0.28,0,0,0.09,0.92,0.13,0,0.5,2.52,1.14,5.1,0,0.51,0,0.17,0.02,1.58,0.13,0.33,16.22,0,0.57,0.57,0.5,0.21,0.5,0,0,0,0.4,0,1.54,0.03,4.54,0,VA-128,2021,202101,V-26,0.0143457350607549,22236.57405138316,94,193,2,49.26,0,44,0.332,0.0959,,,0,62.01599,-174.49611,73,-0.6,4,EBS
2.52,0.01,0.04,0.14,0.07,0.38,0,0.14,0.11,0,6.84,0.02,0,19.75,0.18,0.4,0.34,0.85,0.29,0,0.31,0.2,0.21,0.58,1.41,0.19,2.65,6.21,0.25,0.08,0.01,0,0.51,0.3,0.17,0,0,0.05,0.52,0.25,0,0.41,1.42,0.18,4.09,0,0.35,0,0.08,0,0.94,0,0.17,10.76,0,0.17,0.27,0.36,0.17,0.58,0,0,0,0.35,0,1.06,0,2.34,0,VA-129,2021,202101,U-26,0.01413347868244125,11249.884304671143,94,192,1,88.35,15.62,234,0.3495,0.087,,,0,61.66716,-174.47995,77,-0.2,4,EBS
2.34,0.02,0.09,0.17,0.09,0.55,0,0.16,0.15,0,10.4,0.03,0,16.83,0.18,0.49,0.37,0.44,0.29,0,0.26,0.44,0.25,0.5,2.24,0.31,10.36,7.5,0.42,0.1,0.02,0,0.73,0.42,0.22,0,0,0.09,0.72,0.18,0,0.56,2.54,1.55,6.32,0,0.59,0,0.11,0,1.62,0.16,0.24,14.08,0,0.45,0.52,0.64,0.29,0.75,0,0,0,0.38,0,1.52,0.03,4.16,0,VA-130,2021,202101,V-26,0.0143457350607549,22236.57405138316,94,193,2,46.84,0,36,0.3208,0.095,,,0,62.01599,-174.49611,73,-0.6,4,EBS
2.43,0.07,0.05,0.29,0.17,0.39,0,0.23,0.3,0,7.44,0.05,0,13.51,0.23,0.67,0.61,0.99,0.32,0,0.19,0.28,0.24,0.32,1.9,0.24,5.23,5.93,0.44,0.23,0.03,0,0.58,0.44,0.06,0,0,0.02,0.51,0.19,0,0.27,2.63,1.35,3.88,0,0.55,0,0.13,0.02,1.31,0.13,0.28,12.3,0,1.33,0.56,0.45,0.22,0.54,0,0,0,0.44,0,1.88,0.03,3.94,0.19,VA-131,2021,202101,U-27,0.015346038860724,21438.757127223795,94,191,1,91.95,17.73,274,0.2023,0.0597,,,0,61.65579,-175.08604,85,0.3,4,EBS
1.59,0.06,0.11,0.25,0.12,0.23,0,0.18,0.26,0.01,4.17,0.03,0,13.57,0.17,0.45,0.48,0.46,0.19,0,0.13,0.15,0.15,0.21,1.09,0.15,2.15,4.09,0.29,0.13,0.03,0,0.31,0.2,0.09,0,0,0.04,0.24,0.1,0,0.28,0.87,0.48,1.34,0,0.33,0,0.09,0.01,0.79,0.06,0.16,7.48,0,0.17,0.22,0.22,0.04,0.15,0.01,0,0,0.18,0,1.01,0,2.02,0.07,VA-132,2021,202101,U-27,0.015346038860724,21438.757127223795,94,191,1,92.47,16.56,248,0.3189,0.081,,,0,61.65579,-175.08604,85,0.3,4,EBS
5.8,0.05,0.13,0.33,0.16,0.97,0,0.36,0.24,0,19.22,0.07,0,39.23,0.32,0.78,0.71,1.67,0.41,0,0.77,0.55,0.21,1.76,4.33,0.51,13.24,10.73,0.58,0.1,0.04,0,1.03,0.5,0.39,0,0.54,0.08,2.19,0.19,0,0.62,3.76,1.78,8.74,0,0.82,0,0.21,0.03,2.52,0.22,0.7,28.91,0,0.63,0.74,0.63,0.26,0.81,0,0,0.03,0.58,0,2.54,0.03,6.13,0,VA-133,2021,202101,V-26,0.0143457350607549,22236.57405138316,94,193,2,51.79,0,44,0.3207,0.1258,,,0,62.01599,-174.49611,73,-0.6,4,EBS
4.55,0.06,0.15,0.44,0.24,0.79,0,0.39,0.25,0,18.62,0.09,0,29.36,0.3,0.84,0.94,1.49,0.47,0,0.67,0.7,0.2,1.15,4.58,0.45,17.87,13.51,0.58,0.14,0.04,0,1.27,0.56,0.41,0,0.52,0.04,2.06,0.17,0,0.42,3.72,2.11,7.53,0,0.61,0,0.18,0.03,2.23,0.2,0.69,22.06,0,0.45,0.72,0.71,0.23,0.66,0,0,0,0.57,0,1.99,0.04,5.19,0,VA-134,2021,202101,V-26,0.0143457350607549,22236.57405138316,94,193,2,55.44,0,62,0.3405,0.1275,,,0,62.01599,-174.49611,73,-0.6,4,EBS
2.54,0.01,0.06,0.2,0.09,0.49,0,0.2,0.17,0,10.09,0.02,0,15.9,0.18,0.57,0.56,0.55,0.45,0,0.34,0.37,0.26,0.58,2.44,0.23,8.88,8.91,0.41,0.21,0.02,0,0.81,0.56,0.19,0,0,0.09,0.54,0.16,0,0.61,2.9,1.65,7.05,0,0.65,0,0.13,0.02,1.76,0.18,0.3,15.81,0,0.61,0.73,0.58,0.04,1.21,0,0,0,0.5,0,1.97,0.02,4.43,0.13,VA-135,2021,202101,U-26,0.01413347868244125,11249.884304671143,94,192,1,92.23,16.69,NA,0.3432,0.0977,,,0,61.66716,-174.47995,77,-0.2,4,EBS
2.01,0.04,0.08,0.23,0.12,0.48,0,0.2,0.29,0,9.93,0.04,0,13.51,0.18,0.49,0.58,0.81,0.36,0,0.31,0.48,0.29,0.47,2.5,0.2,11.41,9.25,0.45,0.1,0.03,0,0.84,0.47,0.27,0,0.3,0.05,1.03,0.07,0,0.29,2.15,1.42,4.89,0,0.6,0,0.15,0.02,1.7,0.15,0.32,12.85,0,0.31,0.55,0.59,0.15,0.53,0,0,0,0.42,0.02,1.46,0.02,4.13,0,VA-136,2021,202101,V-26,0.0143457350607549,22236.57405138316,94,193,2,46.17,0,36,0.3048,0.1238,,,0,62.01599,-174.49611,73,-0.6,4,EBS
2.47,0.01,0.06,0.2,0.1,0.43,0,0.2,0.16,0,9.09,0.03,0,19.35,0.19,0.51,0.47,1,0.36,0,0.3,0.33,0.23,0.54,2.05,0.24,7.36,8.17,0.36,0.13,0.02,0,0.7,0.42,0.21,0,0,0.07,0.58,0.19,0,0.37,2.41,1.3,5.71,0,0.59,0,0.11,0.02,1.45,0.15,0.25,13.76,0,0.44,0.52,0.48,0.18,0.72,0,0,0,0.53,0,1.49,0.02,3.89,0,VA-137,2021,202101,U-26,0.01413347868244125,11249.884304671143,94,192,1,90.81,16.75,NA,0.3079,0.0937,,,0,61.66716,-174.47995,77,-0.2,4,EBS
4.26,0.01,0.1,0.17,0.1,0.68,0,0.17,0.13,0,13.32,0.04,0,27.78,0.25,0.51,0.4,1.19,0.3,0,0.45,0.42,0.18,1.03,2.53,0.3,10.2,8.66,0.36,0.1,0.02,0,0.82,0.48,0.32,0,0,0.09,1.26,0.25,0,0.8,2.83,1.61,7.22,0,0.71,0,0.17,0.02,1.86,0.27,0.41,21.46,0,0.31,0.63,0.82,0.3,0.68,0,0,0,0.48,0,1.74,0.04,5.15,0,VA-138,2021,202101,V-26,0.0143457350607549,22236.57405138316,94,193,2,55.61,0,56,0.3342,0.1064,,,0,62.01599,-174.49611,73,-0.6,4,EBS
2.78,0.1,0.07,0.39,0.22,0.53,0,0.3,0.34,0,9.19,0.05,0,23.39,0.3,0.82,0.77,1.12,0.35,0,0.28,0.35,0.3,0.49,2.15,0.26,6.48,7.32,0.47,0.28,0.03,0,0.7,0.44,0.18,0,0,0.07,0.6,0.14,0,0.46,2.33,1.27,5.05,0,0.62,0,0.16,0.02,1.61,0.21,0.38,15.69,0,0.41,0.62,0.51,0.23,0.55,0.05,4.06,0,0.44,0,1.88,0.03,4.82,0.07,VA-139,2021,202101,U-27,0.015346038860724,21438.757127223795,94,191,1,90.34,17.14,288,0.3762,0.1134,,,0,61.65579,-175.08604,85,0.3,4,EBS
2.03,0.01,0.04,0.16,0.08,0.38,0,0.17,0.13,0,7.61,0.02,0,15.85,0.18,0.48,0.48,0.81,0.34,0,0.28,0.26,0.21,0.5,1.76,0.17,5.86,7.65,0.33,0.16,0.02,0,0.64,0.42,0.17,0,0,0.07,0.54,0.14,0,0.43,1.99,1.21,5.44,0,0.56,0,0.12,0.01,1.36,0.16,0.26,12.86,0,0.29,0.49,0.47,0.17,0.73,0.03,0,0,0.42,0,1.53,0.03,3.56,0,VA-140,2021,202101,U-26,0.01413347868244125,11249.884304671143,94,192,1,82.23,12.79,194,0.3357,0.0893,,,0,61.66716,-174.47995,77,-0.2,4,EBS
4.28,0.11,0.12,0.24,0.09,0.83,0,0.21,0.2,0,14.95,0.06,0,26.49,0.25,0.6,0.5,1.37,0.55,0,0.59,0.74,0.19,1.2,3.66,0.33,14.09,14.47,0.59,0.13,0.05,0,1.25,0.72,0.46,0,0.51,0.15,1.7,0.17,0,0.64,3.67,2.07,8.77,0,0.77,0,0.25,0.02,2.47,0.26,0.63,23.29,0,0.48,1.16,0.97,0.23,0.88,0,0,0,0.61,0,2.22,0.04,7.05,0,VA-141,2021,202101,V-25,0.013597919960526,3750.5736280291503,94,194,2,47.3,0,38,0.3083,0.1127,,,0,61.98327,-173.75066,63,-0.3,4,EBS
3.87,0.02,0.09,0.17,0.08,0.63,0,0.21,0.15,0,13.73,0.05,0,27.32,0.25,0.57,0.42,1.21,0.38,0,0.54,0.4,0.2,1.2,2.56,0.26,8.24,10.43,0.45,0.08,0.03,0,0.82,0.57,0.28,0,0,0.07,1.54,0.22,0,0.63,2.76,0.19,7.3,0,0.5,0,0.11,0.02,1.87,0.14,0.41,20.87,0,0.34,0.5,0.54,0.02,0.96,0,0,0,0.44,0,1.7,0.02,5.77,0,VA-142,2021,202101,U-25,0.0144351550563066,2008.984308577284,94,195,2,44.36,0,30,0.3082,0.1041,,,0,61.67059,-173.66495,69,0.3,4,EBS
2.41,0.02,0.05,0.17,0.1,0.62,0,0.17,0.14,0,11.18,0.02,0,19.24,0.21,0.54,0.43,1.05,0.42,0,0.38,0.4,0.27,0.65,2.47,0.44,6.9,8.85,0.4,0.09,0.02,0,0.77,0.54,0.22,0,0.26,0.09,1.12,0.21,0,0.86,2.99,0.3,8.32,0,0.62,0,0.11,0.02,1.81,0.17,0.31,16.09,0,0.35,0.55,0.62,0.26,1.2,0,0,0,0.55,0,1.77,0.02,4.85,0,VA-143,2021,202102,U-24,0.0157233683725074,5087.96830963278,94,1,1,52.4,9.51,NA,0.308,0.0993,,,0,61.67323,-173.07778,66,1.1,7,NBS
NA,NA,NA,NA,NA,NA,NA,NA,NA,NA,NA,NA,NA,NA,NA,NA,NA,NA,NA,NA,NA,NA,NA,NA,NA,NA,NA,NA,NA,NA,NA,NA,NA,NA,NA,NA,NA,NA,NA,NA,NA,NA,NA,NA,NA,NA,NA,NA,NA,NA,NA,NA,NA,NA,NA,NA,NA,NA,NA,NA,NA,NA,NA,NA,NA,NA,NA,NA,NA,VA-144,2021,202101,U-25,0.0144351550563066,2008.984308577284,94,195,2,46.55,0,34,0.1933,0.036,,,0,61.67059,-173.66495,69,0.3,4,EBS
5.13,0.02,0.11,0.25,0.11,0.89,0,0.25,0.21,0,18.82,0.05,0,33.29,0.3,0.72,0.58,1.72,0.51,0,0.73,0.57,0.25,1.51,4.01,0.5,13.84,14.69,0.55,0.11,0.04,0,1.08,0.77,0.32,0,0.49,0.11,2.1,0.27,0,0.86,4.99,1.86,10.24,0,0.74,0,0.16,0.03,2.46,0.26,0.56,25.58,0,1.43,0.77,0.78,0.32,1.62,0,0,0,0.62,0,2.24,0.03,6.41,0,VA-145,2021,202102,U-24,0.0157233683725074,5087.96830963278,94,1,2,46.21,0,32,0.1305,0.053900000000000003,,,0,61.67323,-173.07778,66,1.1,7,NBS
4.07,0.02,0.09,0.19,0.1,0.68,0,0.19,0.13,0,14.19,0.03,0,27.69,0.25,0.61,0.43,1.38,0.45,0,0.67,0.51,0.19,1.31,2.86,0.24,10.47,12.27,0.46,0.1,0.04,0,0.98,0.66,0.3,0,0.33,0.11,1.73,0.25,0,0.96,2.84,0.39,8.56,0,0.53,0,0.12,0.02,2.01,0.16,0.41,20,0,0.36,0.64,0.81,0.25,1.25,0,0,0,0.54,0,1.68,0.02,5.5,0,VA-146,2021,202102,U-24,0.0157233683725074,5087.96830963278,94,1,2,47.69,0,34,0.3198,0.1136,,,0,61.67323,-173.07778,66,1.1,7,NBS
3.49,0.02,0.07,0.21,0.1,0.68,0,0.21,0.15,0,12.33,0.04,0,25.54,0.25,0.6,0.43,1.19,0.41,0,0.45,0.49,0.16,0.96,2.48,0.53,8.28,10.37,0.42,0.09,0.03,0,0.88,0.57,0.23,0,0.31,0.09,1.4,0.24,0,0.9,3.44,0.24,8.4,0,0.56,0,0.11,0.02,1.79,0.19,0.37,18.43,0,0.4,0.54,0.63,0.04,1.52,0,0,0,0.53,0,1.61,0.02,5.28,0,VA-147,2021,202102,U-24,0.0157233683725074,5087.96830963278,94,1,2,43.21,0,28,0.3198,0.1089,,,0,61.67323,-173.07778,66,1.1,7,NBS
3.32,0.02,0.07,0.24,0.13,0.74,0,0.21,0.17,0,13.44,0.04,0,26.86,0.27,0.63,0.56,1.33,0.48,0,0.56,0.54,0.22,1.08,2.94,0.24,9.99,12.09,0.54,0.11,0.03,0,1.02,0.69,0.3,0,0.37,0.12,1.53,0.18,0,0.81,2.99,0.46,9.02,0,0.66,0,0.15,0.03,2.16,0.2,0.46,21.25,0,0.45,0.66,0.54,0.05,1.18,0,0,0,0.56,0,2,0.02,5.39,0,VA-148,2021,202102,U-24,0.0157233683725074,5087.96830963278,94,1,1,62.4,11.21,90,0.3186,0.1135,,,0,61.67323,-173.07778,66,1.1,7,NBS
2.9,0.01,0.06,0.18,0.08,0.65,0,0.19,0.14,0,11,0.03,0,22.21,0.22,0.51,0.4,1.09,0.36,0,0.43,0.37,0.2,0.91,2.41,0.3,6.49,8.85,0.41,0.08,0.03,0,0.75,0.54,0.23,0,0,0.08,1.36,0.18,0,0.6,2.81,0.32,7.68,0,0.58,0,0.14,0.03,1.69,0.17,0.4,17.9,0,0.59,0.51,0.51,0.21,0.92,0.02,0,0,0.51,0,1.57,0.02,4.38,0,VA-149,2021,202102,U-24,0.0157233683725074,5087.96830963278,94,1,1,55.49,10.01,NA,0.3116,0.0929,,,0,61.67323,-173.07778,66,1.1,7,NBS
4.46,0.03,0.15,0.27,0.12,0.98,0,0.28,0.21,0,18.51,0.07,0,35.77,0.33,0.74,0.57,1.71,0.55,0,0.88,0.59,0.15,1.85,4.02,0.4,12.66,15.01,0.54,0.11,0.05,0,1.14,0.83,0.33,0,0.55,0.11,2.55,0.22,0,0.92,4.63,0.27,11.75,0,0.76,0,0.15,0.03,2.33,0.23,0.68,28.16,0,0.47,0.73,0.71,0.05,1.64,0.07,0,0,0.74,0,1.93,0.02,6.96,0,VA-150,2021,202102,U-24,0.0157233683725074,5087.96830963278,94,1,2,43.45,0,28,0.3031,0.1171,,,0,61.67323,-173.07778,66,1.1,7,NBS
1.33,0.04,0.02,0.1,0.06,0.29,0,0.11,0.11,0,5.65,0.01,0,9.74,0.13,0.36,0.33,0.28,0.26,0,0.17,0.16,0.19,0.26,1.33,0.15,2.71,5.08,0.22,0.06,0,0,0.42,0.27,0.12,0,0,0.07,0.51,0.18,0,1.02,1.34,0.2,4.23,0,0.39,0,0.07,0,1.05,0.08,0.14,8.02,0,0.22,0.3,0.4,0.16,0.76,0,4.44,0,0.28,0,0.92,0.01,2.4,0,VA-151,2021,202102,U-24,0.0157233683725074,5087.96830963278,94,1,1,56.11,10,NA,0.3432,0.0778,,,0,61.67323,-173.07778,66,1.1,7,NBS
5.18,0.05,0.14,0.38,0.21,0.97,0,0.34,0.36,0,19.1,0.08,0,37.21,0.34,0.79,0.76,1.6,0.47,0,0.68,0.71,0.29,1.49,3.89,0.51,15.56,12.95,0.61,0.1,0.04,0,1.13,0.54,0.42,0,0.51,0.11,1.88,0.22,0,0.55,3.94,1.51,8.27,0,0.81,0,0.21,0.03,2.74,0.31,0,26.98,0,0.59,0.77,0.64,0.32,1.16,0.08,0,0,0.59,0,2.37,0.03,6.02,0,VA-152,2021,202101,V-26,0.0143457350607549,22236.57405138316,94,193,2,53.19,0,50,0.305,0.1231,,,0,62.01599,-174.49611,73,-0.6,4,EBS
4.28,0.03,0.11,0.33,0.19,0.96,0,0.36,0.22,0,17.08,0.05,0,32.63,0.34,0.88,0.8,1.65,0.56,0,0.71,0.59,0.14,1.48,3.86,0.44,10.45,13.05,0.6,0.12,0.04,0,1.17,0.82,0.33,0,0.5,0.1,1.88,0.23,0,0.73,4.41,1.42,9.34,0,0.82,0,0.18,0.04,2.75,0.3,0,25.72,0,0.85,0.81,0.62,0.04,1.25,0.09,0,0,0.7,0,2.71,0.02,6.42,0,VA-153,2021,202102,U-24,0.0157233683725074,5087.96830963278,94,1,1,52.21,8.61,54,0.3488,0.1349,,,0,61.67323,-173.07778,66,1.1,7,NBS
3.88,0.04,0.1,0.24,0.14,0.7,0,0.24,0.24,0,13.5,0.06,0,29.17,0.26,0.54,0.51,1.09,0.31,0,0.46,0.4,0.23,1.03,2.78,0.35,8.23,8.48,0.41,0.08,0.03,0,0.75,0.35,0.31,0,0.4,0.06,1.17,0.16,0,0.32,2.68,0.33,6.71,0,0.68,0,0.18,0,1.74,0.16,0.41,19.3,0,0.25,0.45,0.52,0.28,0.59,0.05,0,0,0.44,0,1.61,0.03,4.33,0,VA-154,2021,202101,V-26,0.0143457350607549,22236.57405138316,94,193,2,52.27,0,44,0.3225,0.1114,,,0,62.01599,-174.49611,73,-0.6,4,EBS
1.2,0.01,0.02,0.15,0.07,0.37,0,0.17,0.15,0,6.31,0.02,0,11.08,0.13,0.41,0.43,0.28,0.24,0,0.14,0.25,0.17,0.23,1.49,0.16,4.24,5.89,0.33,0.06,0.02,0,0.49,0.37,0.13,0,0,0.09,0.58,0.17,0,0.91,1.98,0.19,5.24,0,0.58,0,0.1,0,1.46,0.11,0.27,11.59,0,0.39,0.43,0.39,0.11,0.46,0,0,0,0.38,0,1.31,0.01,3.36,0,VA-155,2021,202102,U-24,0.0157233683725074,5087.96830963278,94,1,1,51.24,8.71,NA,0.2786,0.0767,,,0,61.67323,-173.07778,66,1.1,7,NBS
4.28,0.02,0.1,0.21,0.1,0.89,0,0.24,0.14,0,15.9,0.04,0,28.57,0.27,0.67,0.5,1.45,0.49,0,0.69,0.57,0.1,1.46,3.29,0.38,11.33,12.57,0.44,0.1,0.03,0,1.02,0.73,0.29,0,0.41,0.11,1.88,0.23,0,0.64,1.98,0.29,11,0,0.67,0,0.12,0.02,2.06,0.18,0.51,22.11,0,0.53,0.69,0.7,0.04,1.8,0.09,0,0,0.74,0,1.88,0.03,5.68,0,VA-156,2021,202102,U-24,0.0157233683725074,5087.96830963278,94,1,2,52.05,0,NA,0.3315,0.116,,,0,61.67323,-173.07778,66,1.1,7,NBS
4.04,0.04,0.14,0.28,0.15,0.96,0,0.26,0.26,0,18.93,0.05,0,27.61,0.29,0.65,0.59,1.71,0.54,0,0.8,0.88,0.15,1.47,4.44,0.19,21.18,15.67,0.67,0.13,0.05,0,1.42,0.85,0.51,0,0.67,0.06,2.64,0.12,0,0.37,3.24,3.57,8.99,0,0.9,0,0.3,0.02,2.75,0.31,0,26.93,0,0.61,1.04,0.94,0.22,0.66,0,0,0.14,0.56,0,1.9,0.04,6.86,0,VA-157,2021,202101,V-26,0.0143457350607549,22236.57405138316,94,193,2,52.52,0,52,0.1773,0.0814,,,0,62.01599,-174.49611,73,-0.6,4,EBS
4.19,0.05,0.19,0.37,0.17,1.01,0,0.35,0.27,0,19.05,0.07,0,30.63,0.33,0.76,0.8,1.5,0.52,0,0.68,0.84,0.12,1.28,4.5,0.3,17.56,14.73,0.64,0.15,0.05,0,1.45,0.91,0.51,0,0.78,0.05,2.72,0.14,0,0.35,4.88,2.39,10.69,0,1.1,0,0.36,0.02,2.71,0.31,0,26.39,0,0.73,1.04,0.74,0.14,0.74,0,0,0,0.73,0,2.03,0.04,5.91,0,VA-158,2021,202101,V-26,0.0143457350607549,22236.57405138316,94,193,2,52.93,0,50,0.3456,0.1579,,,0,62.01599,-174.49611,73,-0.6,4,EBS
3.48,0.02,0.13,0.25,0.12,0.66,0,0.23,0.22,0,14.07,0.05,0,23.14,0.22,0.61,0.57,0.61,0.42,0,0.4,0.62,0.22,0.8,3.2,0.27,13.82,11.12,0.52,0.11,0.03,0,0.95,0.52,0.28,0,0.33,0.12,1.01,0.19,0,0.65,2.7,2.01,6.44,0,0.7,0,0.13,0.02,1.93,0.22,0.3,17.16,0,0.51,0.7,0.72,0.22,0.73,0,0,0,0.54,0,1.87,0.03,5.29,0,VA-159,2021,202101,V-25,0.013597919960526,3750.5736280291503,94,194,2,46.89,0,32,0.3457,0.1144,,,0,61.98327,-173.75066,63,-0.3,4,EBS
2.89,0.02,0.09,0.17,0.08,0.61,0,0.17,0.15,0,10.27,0.03,0,22.29,0.19,0.47,0.38,0.96,0.27,0,0.34,0.35,0.25,0.54,2.04,0.49,7.41,7.63,0.37,0.07,0.02,0,0.6,0.41,0.19,0,0.31,0.07,0.97,0.22,0,0.78,2.84,0.24,6.79,0,0.47,0,0.1,0.02,1.54,0.12,0.32,15.31,0,0.48,0.47,0.52,0.26,0.89,0.05,0,0,0.48,0,1.38,0.02,4.13,0,VA-160,2021,202101,V-25,0.013597919960526,3750.5736280291503,94,194,2,47.07,0,NA,0.3461,0.105,,,0,61.98327,-173.75066,63,-0.3,4,EBS
2.89,0.02,0.08,0.17,0.08,0.65,0,0.17,0.14,0,11.91,0.03,0,23.06,0.22,0.53,0.39,1.14,0.41,0,0.56,0.41,0.2,1.13,2.56,0.24,7.27,10.43,0.37,0.08,0.03,0,0.76,0.55,0.23,0,0.28,0.08,1.49,0.22,0,1.06,3.66,0,7.27,0,0.48,0,0.09,0,1.64,0.1,0.35,17.72,0,0.28,0.5,0.54,0.2,1.16,0,0,0,0.46,0,1.45,0,4.43,0,VA-161,2021,202102,U-24,0.0157233683725074,5087.96830963278,94,1,2,41.99,0,34,0.3036,0.1044,,,0,61.67323,-173.07778,66,1.1,7,NBS
4.9,0.03,0.15,0.24,0.1,1,0,0.3,0.2,0,19.71,0.06,0,37.88,0.34,0.78,0.61,1.96,0.55,0,1.02,0.61,0.16,2.15,4.1,0.56,13.34,16.06,0.53,0.11,0.04,0,1.18,0.7,0.34,0,0.55,0.1,2.61,0.22,0,1.02,6.79,0,11.52,0,0.81,0,0.16,0.03,2.6,0.32,0,29.03,0,0.56,0.77,0.81,0.04,2.06,0.08,0,0.06,0.6,0,2.16,0.02,7.02,0,VA-162,2021,202102,U-24,0.0157233683725074,5087.96830963278,94,1,2,43.14,0,32,0.313,0.1301,,,0,61.67323,-173.07778,66,1.1,7,NBS
5.08,0.03,0.15,0.3,0.14,1.02,0,0.32,0.23,0,21.46,0.06,0,41.34,0.37,0.87,0.68,1.93,0.62,0,0.96,0.74,0.28,2.01,4.04,0.53,14.24,17.89,0.65,0.12,0.04,0,1.31,0.96,0.4,0,0.52,0.14,2.58,0.35,0,1.07,6.07,0,10.93,0,0.74,0,0.15,0.03,2.56,0.24,0,28.74,0,0.51,0.74,0.67,0.03,1.81,0,0,0,0.8,0,2.19,0,7.61,0,VA-163,2021,202102,U-24,0.0157233683725074,5087.96830963278,94,1,2,44.07,0,26,0.1579,0.0604,,,0,61.67323,-173.07778,66,1.1,7,NBS
2.09,0.02,0.05,0.14,0.07,0.54,0,0.16,0.13,0,10.62,0.02,0,16.26,0.18,0.48,0.36,0.56,0.44,0,0.38,0.42,0.19,0.71,2.19,0.33,7.32,9.47,0.38,0.08,0.02,0,0.75,0.5,0.19,0,0.21,0.1,1.13,0.18,0,1.03,2.79,0.31,7.68,0,0.53,0,0.08,0,1.44,0.12,0.25,14.11,0,0.44,0.23,0.58,0.02,1.55,0,0,0,0.41,0,1.28,0.02,4.81,0,VA-164,2021,202102,U-24,0.0157233683725074,5087.96830963278,94,1,2,44.04,0,26,0.3192,0.099,,,0,61.67323,-173.07778,66,1.1,7,NBS
3.77,0.02,0.16,0.23,0.1,0.76,0,0.2,0.16,0,14.67,0.03,0,26.19,0.27,0.65,0.45,1.42,0.52,0,0.67,0.57,0.22,1.38,2.75,0.34,9.14,12.65,0.59,0.09,0.04,0,1.03,0.69,0.27,0,0.31,0.12,1.62,0.21,0,0.88,3.56,0.25,9.22,0,0.61,0,0.09,0,1.84,0.17,0,17.99,0,0.71,0.64,0.59,0.02,1.82,0,0,0,0.51,0,1.54,0.02,5.46,0,VA-165,2021,202102,U-24,0.0157233683725074,5087.96830963278,94,1,2,44.05,0,28,0.1736,0.0611,,,0,61.67323,-173.07778,66,1.1,7,NBS
3.31,0.02,0.11,0.19,0.09,0.68,0,0.24,0.16,0,12.69,0.15,0,18.51,0.21,0.65,0.45,0.83,0.37,0,0.6,0.37,0.33,1.42,2.91,0.57,8.74,8.73,0.44,0.08,0.04,0,0.99,0.41,0.24,0,0.33,0.06,1.55,0.19,0,0.51,3.3,0.99,6.1,0,0.63,0,0.06,0,1.88,0.18,0.5,17.74,0,0.26,0.42,0.42,0.21,0.93,0.05,0,0,0.3,0,1.72,0.02,4.55,0,VA-166,2021,202102,U-23,0.0145934860185576,38018.34320425365,94,6,2,56.45,0,60,0.3109,0.1005,,,0,61.66467,-172.29238,61,0.5,7,NBS
1.82,0.01,0.04,0.13,0.1,0.41,0,0.14,0.12,0,7.3,0.02,0,12.52,0.19,0.46,0.4,0.86,0.31,0,0.31,0.23,0.16,0.73,1.75,0.19,3.57,6.26,0.34,0.06,0.02,0,0.67,0.41,0.17,0,0.19,0.05,0.93,0.15,0,0.26,1.66,1.16,4.53,0,0.5,0,0.09,0,1.2,0.12,0.29,11.48,0,0.48,0.44,0.35,0.14,0.79,0,0,0,0.25,0,1.32,0,3.07,0,VA-167,2021,202102,U-23,0.0145934860185576,38018.34320425365,94,6,1,77.04,16.63,NA,0.3114,0.0862,,,1,61.66467,-172.29238,61,0.5,7,NBS
2.68,0.02,0.08,0.15,0.08,0.6,0,0.18,0.13,0,11.13,0.04,0,19.96,0.22,0.49,0.39,1.24,0.37,0,0.67,0.32,0.25,1.47,2.46,0.27,5.25,8.1,0.36,0.07,0.02,0,0.87,0.56,0.24,0,0.26,0.05,1.69,0.18,0,0.35,1.55,0.29,4.48,0,0.69,0,0.1,0.02,1.74,0.12,0,17.95,0,0.19,0.39,0.35,0.02,1.02,0,0,0,0.34,0,1.31,0,4.29,0,VA-168,2021,202102,U-23,0.0145934860185576,38018.34320425365,94,6,2,54.11,0,56,0.3387,0.1012,,,0,61.66467,-172.29238,61,0.5,7,NBS
2.22,0.03,0.06,0.23,0.16,0.59,0,0.22,0.17,0,9.21,0.03,0,15.74,0.24,0.61,0.71,0.59,0.43,0,0.35,0.41,0.29,0.57,2.13,0.32,5.53,8.29,0.42,0.09,0.02,0,0.78,0.51,0.21,0,0.29,0.1,0.86,0.17,0,0.77,2.24,1.16,5.72,0,0.61,0,0.1,0.02,1.35,0.18,0.3,11.93,0,0.31,0.41,0.43,0.21,0.97,0,0,0,0.26,0,1.4,0,3.18,0,VA-169,2021,202102,U-23,0.0145934860185576,38018.34320425365,94,6,1,78.37,14.81,NA,0.3114,0.0792,,,0,61.66467,-172.29238,61,0.5,7,NBS
1.15,0.01,0.03,0.1,0.06,0.35,0,0.11,0.09,0,5.7,0.02,0,8.45,0.12,0.31,0.3,0.54,0.3,0,0.27,0.2,0.24,0.47,1.42,0.17,2.21,4.29,0.23,0.04,0.01,0,0.43,0.28,0.13,0,0,0.04,0.65,0.11,0,0.27,0.89,0,2.86,0,0.27,0,0.05,0,0.89,0.09,0.15,8.55,0,0.14,0.21,0.11,0.02,0.73,0.02,0,0,0.15,0,0.82,0,2.12,0,VA-170,2021,202102,U-23,0.0145934860185576,38018.34320425365,94,6,1,73.21,12.93,124,0.322,0.0866,,,0,61.66467,-172.29238,61,0.5,7,NBS
2.78,0.04,0.08,0.26,0.18,0.69,0,0.25,0.21,0,11.76,0.05,0,19.4,0.26,0.68,0.77,1.15,0.5,0,0.46,0.46,0.43,0.75,2.98,0.34,7.7,8.97,0.5,0.08,0.04,0,0.91,0.56,0.12,0,0.42,0.08,1.16,0.15,0,0.44,2.61,1.4,6.09,0,0.85,0,0.13,0,1.76,0.23,0,16.84,0,0.29,0.43,0.58,0.28,0.89,0.05,0,0,0.32,0,2.01,0,4.29,0,VA-171,2021,202102,U-23,0.0145934860185576,38018.34320425365,94,6,1,87.59,16.7,242,0.3129,0.1004,,,0,61.66467,-172.29238,61,0.5,7,NBS
2.36,0.01,0.06,0.14,0.07,0.6,0,0.19,0.15,0,12.39,0.05,0,16.06,0.19,0.6,0.44,0.96,0.38,0,0.5,0.3,0.4,0.93,2.67,0.18,5.64,6.64,0.41,0.07,0.03,0,0.73,0.34,0.19,0,0.19,0.05,1.25,0.13,0,0.32,2.36,0,4.98,0,0.39,0,0.07,0,1.25,0.08,0.27,14.2,0,0.13,0.29,0.27,0.02,1.03,0,0,0,0.23,0,1.32,0,4.37,0,VA-172,2021,202102,U-23,0.0145934860185576,38018.34320425365,94,6,2,60.03,0,70,0.3041,0.0863,,,0,61.66467,-172.29238,61,0.5,7,NBS
3.06,0.02,0.07,0.23,0.15,0.61,0,0.21,0.18,0,11.05,0.04,0,20.66,0.25,0.58,0.55,0.85,0.43,0,0.54,0.42,0.26,1.06,2.28,0.3,6.17,8.86,0.47,0.08,0.03,0,0.87,0.51,0.24,0,0.31,0.07,1.33,0.17,0,0.64,2.16,0.2,5.98,0,0.5,0,0.1,0,1.47,0.15,0.36,14.97,0,0.24,0.38,0.34,0.03,0.97,0,0,0,0.31,0,1.44,0,3.57,0,VA-173,2021,202102,U-23,0.0145934860185576,38018.34320425365,94,6,1,78.76,15.21,180,0.3161,0.0912,,,0,61.66467,-172.29238,61,0.5,7,NBS
2.32,0.02,0.07,0.2,0.14,0.53,0,0.2,0.18,0,9.01,0.04,0,15.66,0.2,0.52,0.61,0.58,0.36,0,0.37,0.39,0.29,0.58,1.91,0.26,6.63,7.24,0.4,0.07,0.02,0,0.8,0.4,0.2,0,0.29,0.08,0.87,0.14,0,0.46,2.06,1.43,5.42,0,0.64,0,0.09,0.02,1.45,0.16,0.3,12.06,0,0.49,0.41,0.51,0.21,0.82,0.04,0,0,0.28,0,1.33,0,3.36,0,VA-174,2021,202102,U-23,0.0145934860185576,38018.34320425365,94,6,1,76.33,14.43,152,0.3347,0.0943,,,0,61.66467,-172.29238,61,0.5,7,NBS
0.63,0.01,0.02,0.07,0.04,0.18,0,0.07,0.09,0,2.92,0.01,0,3.64,0.07,0.2,0.22,0.16,0.19,0,0.09,0.11,0.16,0.16,0.87,0.11,1.28,2.21,0.14,0.03,0.01,0,0.26,0.15,0.04,0,0.08,0.03,0.29,0.06,0,0.35,0.71,0.31,1.66,0,0.25,0,0.03,0,0.72,0.05,0.08,5.79,0,0.11,0.11,0.2,0.08,0.33,0,0,0,0.09,0,0.55,0,1.55,0,VA-175,2021,202102,U-23,0.0145934860185576,38018.34320425365,94,6,1,70.87,13.44,NA,0.3158,0.0698,,,0,61.66467,-172.29238,61,0.5,7,NBS
3.1,0.04,0.08,0.23,0.13,0.58,0,0.29,0.19,0,10.34,0.2,0,11.12,0.17,0.7,0.57,0.35,0.36,0,0.37,0.36,0.4,0.67,3.17,0.84,10.12,8.28,0.55,0.09,0.05,0,0.83,0.37,0.08,0,0.37,0.07,0.7,0.11,0,0.73,4.12,1.33,6.48,0,0.68,0,0.11,0.03,1.75,0.18,0.33,13.25,0,0.37,0.56,0.7,0.11,0.89,0.04,0,0,0.29,0,2.13,0.03,4.06,0,VA-176,2021,202102,U-22,0.01427753985752985,275684.002235451,94,5,2,54.31,0,52,0.3005,0.0975,,,0,61.66059,-171.53327,54,0.6,7,NBS
1.32,0.01,0.02,0.07,0.03,0.25,0,0.1,0.1,0,3.62,0.04,0,3.88,0.07,0.21,0.21,0.46,0.11,0,0.09,0.13,0.13,0.14,0.81,0.26,2.64,3.2,0.2,0.03,0.02,0,0.52,0.19,0.09,0,0.1,0.03,0.24,0.08,0,0.15,1.35,0,2.05,0,0.47,0,0.05,0.02,1.05,0.05,0.09,7.04,0,0.08,0.14,0.23,0,0.15,0,0,0,0.12,0,0.69,0,2.64,0,VA-177,2021,202102,U-22,0.01427753985752985,275684.002235451,94,5,1,52.44,8.09,50,0.3579,0.0832,,,0,61.66059,-171.53327,54,0.6,7,NBS
1.9,0.02,0.05,0.13,0.08,0.45,0,0.15,0.12,0,8.82,0.02,0,13.39,0.17,0.44,0.37,0.86,0.37,0,0.34,0.29,0.18,0.71,1.91,0.17,5.33,7.59,0.33,0.07,0.02,0,0.74,0.47,0.18,0,0.21,0.06,0.97,0.13,0,0,1.76,0.19,6.4,0,0.56,0,0.09,0,1.16,0.13,0.27,11.84,0,0.21,0.41,0.37,0.02,0.75,0,0,0,0.23,0,1.1,0,3.2,0,VA-178,2021,202102,U-23,0.0145934860185576,38018.34320425365,94,6,1,75.18,14.37,NA,0.485,0.1365,,,0,61.66467,-172.29238,61,0.5,7,NBS
2.68,0.01,0.07,0.18,0.09,0.59,0,0.22,0.17,0,10.69,0.07,0,13.16,0.17,0.54,0.6,0.52,0.36,0,0.34,0.48,0.43,0.56,2.31,0.33,9.35,8.97,0.47,0.06,0.03,0,0.98,0.55,0.22,0,0.34,0.08,1.02,0.11,0,0,2.44,1.67,5.96,0,0.72,0,0.13,0.02,1.82,0.18,0.33,15.78,0,0.43,0.56,0.41,0.23,0.89,0.06,0,0,0.3,0,1.84,0,5.17,0,VA-179,2021,202102,U-22,0.01427753985752985,275684.002235451,94,5,1,55.68,9.21,NA,0.3315,0.1074,,,0,61.66059,-171.53327,54,0.6,7,NBS
0.91,0.02,0.02,0.14,0.08,0.35,0,0.18,0.15,0,5.71,0.04,0,6.54,0.13,0.42,0.42,0.18,0.26,0,0.1,0.26,0.17,0.17,1.52,0.44,2.98,4.18,0.31,0.04,0.01,0,0.52,0.29,0.11,0,0.18,0.04,0.41,0.08,0,0,2.5,0,4.23,0,0.47,0,0.06,0,1.09,0.11,0.17,7.72,0,0.18,0.24,0.38,0.12,0.82,0,0,0,0.16,0,1.01,0,2.72,0,VA-180,2021,202102,U-22,0.01427753985752985,275684.002235451,94,5,1,51.87,8.85,NA,0.3044,0.0786,,,0,61.66059,-171.53327,54,0.6,7,NBS
3.15,0.04,0.11,0.26,0.13,0.6,0,0.3,0.2,0,12.38,0.18,0,13.17,0.2,0.67,0.61,1.08,0.34,0,0.3,0.4,0.52,0.47,3.23,0.58,10.87,8.51,0.49,0.07,0.04,0,0.91,0.32,0.19,0,0.33,0.06,0.68,0.09,0,0,5.24,0,6.15,0,0.77,0,0.12,0.03,1.76,0.16,0.27,14.54,0,0.3,0.46,0.65,0.25,0.81,0.07,0,0,0.25,0,1.78,0.02,4.04,0,VA-181,2021,202102,U-22,0.01427753985752985,275684.002235451,94,5,2,55.21,0,52,0.3137,0.1045,,,0,61.66059,-171.53327,54,0.6,7,NBS
1.92,0.02,0.03,0.16,0.09,0.4,0,0.22,0.13,0,4.77,0.08,0,6.61,0.14,0.4,0.44,0.88,0.22,0,0.12,0.24,0.27,0.2,1.47,0.85,2.81,4.84,0.27,0.03,0.02,0,0.56,0.32,0.13,0,0.19,0.03,0.37,0.08,0,0,2.64,0,3.45,0,0.42,0,0.08,0,0.98,0.05,0.14,9.56,0,0.11,0.16,0.19,0.15,0.55,0,0,0,0.13,0,1.4,0.02,2.87,0,VA-182,2021,202102,U-22,0.01427753985752985,275684.002235451,94,5,1,52.65,8.9,54,0.3116,0.0869,,,0,61.66059,-171.53327,54,0.6,7,NBS
1.18,0.02,0.04,0.12,0.06,0.35,0,0.14,0.1,0,6.07,0.03,0,7.39,0.1,0.32,0.35,0.49,0.27,0,0.21,0.27,0.21,0.33,1.54,0.23,3.81,4.24,0.27,0.04,0.02,0,0.61,0.32,0.14,0,0.16,0.01,0.6,0.11,0,0,2.2,0,3.33,0,0.44,0,0.06,0.01,1.25,0.09,0,9.29,0,0.14,0.21,0.27,0.14,0.54,0,0,0,0.18,0,1.09,0.01,2.75,0,VA-183,2021,202102,U-22,0.01427753985752985,275684.002235451,94,5,2,52.47,0,48,0.3179,0.0848,,,0,61.66059,-171.53327,54,0.6,7,NBS
5.07,0.05,0.13,0.37,0.2,0.93,0,0.39,0.21,0,18.22,0.21,0,23.65,0.33,0.95,0.78,1.05,0.53,0,0.74,0.6,0.29,1.77,4.94,0.81,16.34,12.89,0.79,0.13,0.05,0,1.52,0.65,0.36,0,0.59,0.02,2.51,0.17,0,0,7.02,0,9.83,0,1.02,0,0.19,0.04,2.47,0.27,0,24.7,0,0.44,0.66,0.74,0.31,1.18,0.1,0,0,0.52,0,2.8,0,6.48,0,VA-184,2021,202102,U-22,0.01427753985752985,275684.002235451,94,5,2,55.83,0,56,0.3203,0.1202,,,0,61.66059,-171.53327,54,0.6,7,NBS
2.71,0.04,0.09,0.26,0.13,0.73,0,0.33,0.2,0,11.99,0.06,0,18.63,0.28,0.68,0.62,1.18,0.36,0,0.55,0.37,0.17,1.2,2.71,0.19,6.9,6.84,0.44,0.07,0.02,0,1.07,0.45,0.23,0,0.4,0.3,1.61,0.12,0,0,3.11,0,6,0,0.62,0,0.12,0.02,1.73,0.1,0,18.71,0,0.19,0.37,0.35,0.15,0.71,0,0,0,0.36,0,1.52,0,4.78,0,VA-185,2021,202102,U-22,0.01427753985752985,275684.002235451,94,5,2,50.23,0,42,0.2977,0.0953,,,0,61.66059,-171.53327,54,0.6,7,NBS
2.24,0.06,0.07,0.45,0.29,0.57,0,0.51,0.36,0,11.27,0.08,0,13.06,0.26,0.92,1.13,0.34,0.35,0,0.27,0.44,0.28,0.44,2.6,0.49,9.42,7.82,0.48,0.09,0.03,0,0.91,0.41,0.17,0,0.35,0.06,0.94,0.13,0,0,4.09,0,4.45,0,0.68,0,0.13,0.04,1.54,0.12,0.3,12.95,0,0.32,0.42,0.45,0.22,0.64,0,0,0,0.36,0,2.06,0,4.74,0,VA-186,2021,202102,Y-18,0.0130325869358487,79948.30689630446,94,23,2,43.71,0,28,0.1625,0.0488,,,0,62.86545,-168.82581,40,-0.2,8,NBS
4.4,0.01,0.11,0.19,0.07,0.71,0,0.2,0.12,0,15.97,0.04,0,24.93,0.27,0.64,0.44,1.5,0.43,0,0.84,0.36,0.3,1.97,3.43,0.2,8.21,9.72,0.51,0.07,0.03,0,1.01,0.67,0.28,0,0.31,0.25,2.1,0.21,0,0,3.27,0,6.93,0,0.49,0,0.1,0,1.51,0.12,0,20.26,0,0.23,0.41,0.31,0.01,1.3,0.04,0,0,0.3,0,1.39,0,5.71,0,VA-187,2021,202102,U-23,0.0145934860185576,38018.34320425365,94,6,2,58.3,0,66,0.2992,0.0975,,,0,61.66467,-172.29238,61,0.5,7,NBS
1.01,0.02,0.03,0.14,0.08,0.3,0,0.16,0.12,0,5.44,0.02,0,5.89,0.12,0.37,0.39,0.64,0.26,0,0.09,0.22,0.17,0.16,1.69,0.17,4.64,5.49,0.34,0.06,0.01,0,0.71,0.3,0.12,0,0.15,0.1,0.32,0.09,0,0.69,1.82,0.94,4.53,0,0.7,0,0.08,0,1.01,0.1,0.15,6.47,0,0.22,0.28,0.37,0.1,0.52,0,0,0,0.18,0,0.95,0,2.28,0,VA-188,2021,202102,U-22,0.01427753985752985,275684.002235451,94,5,1,57.64,9.7,NA,0.3308,0.0875,,,0,61.66059,-171.53327,54,0.6,7,NBS
2.21,0.03,0.06,0.22,0.12,0.52,0,0.27,0.18,0,8.26,0.06,0,11.04,0.18,0.54,0.6,0.43,0.31,0,0.25,0.34,0.31,0.4,1.9,0.38,5.21,5.99,0.43,0.05,0.03,0,0.83,0.41,0.18,0,0.28,0.07,0.83,0.13,0,0,3.38,0,4.65,0,0.58,0,0.09,0,1.41,0.15,0.28,12.05,0,0.31,0.38,0.45,0.13,0.48,0,0,0,0.31,0,1.43,0,3.62,0,VA-189,2021,202102,U-22,0.01427753985752985,275684.002235451,94,5,2,50.35,0,42,0.3097,0.09,,,0,61.66059,-171.53327,54,0.6,7,NBS
1.61,0.02,0.05,0.18,0.13,0.4,0,0.18,0.14,0,7.84,0.03,0,11.42,0.18,0.51,0.56,0.43,0.35,0,0.23,0.34,0.23,0.39,1.83,0.19,6.04,7.25,0.37,0.06,0.02,0,0.71,0.4,0.07,0,0.24,0.07,0.6,0.11,0,0,1.99,1.28,4.76,0,0.55,0,0.09,0,1.22,0.15,0,8.9,0,0.75,0.44,0.4,0.2,0.88,0,0,0,0.29,0,1.3,0,3.59,0,VA-190,2021,202102,U-23,0.0145934860185576,38018.34320425365,94,6,1,83.74,16.19,228,0.3139,0.0858,,,0,61.66467,-172.29238,61,0.5,7,NBS
2.94,0.02,0.09,0.15,0.05,0.68,0,0.25,0.16,0,15.27,0.08,0,19.74,0.19,0.72,0.45,1.24,0.33,0,0.48,0.38,0.24,1.17,3.28,0.3,10.48,9.27,0.43,0.06,0.04,0,0.65,0.45,0.24,0,0.32,0.04,1.61,0.15,0,0,4.36,0,7.31,0,0.54,0,0.16,0,1.94,0.12,0,20.85,0,0.39,0.6,0.42,0.2,0.74,0.04,0,0,0.38,0,1.93,0,5.64,0,VA-191,2021,202102,BB-19,0.0118874563416939,361173.59900967753,94,27,2,49.56,0,36,0.2374,0.0807,,,0,63.98062,-169.77538,35,2.7,9,NBS
3.57,0.02,0.09,0.19,0.06,0.74,0,0.28,0.17,0,15.83,0.1,0,17.1,0.19,0.63,0.5,0.62,0.44,0,0.42,0.45,0.36,0.74,3.61,0.66,11.01,10.04,0.44,0.07,0.03,0,0.81,0.59,0.27,0,0.25,0.02,1.98,0.05,0,0,5.34,0,7.35,0,0.51,0,0.14,0,2.11,0.13,0,18.61,0,0.38,0.55,0.43,0.2,1.02,0.02,0,0,0.4,0,1.94,0,6.3,0,VA-192,2021,202102,AA-18,0.0128600130093435,143247.78199381015,94,25,1,53.69,8.96,NA,0.3069,0.1045,,,0,63.68096,-168.96346,36,1.5,8,NBS
2.78,0.03,0.07,0.3,0.17,0.73,0,0.41,0.25,0,12.19,0.05,0,12.39,0.22,0.83,0.8,0,0.45,0,0.31,0.52,0.29,0.54,3.08,0.32,8.22,7.46,0.6,0.07,0.03,0,0.85,0.36,0.22,0,0.29,0.02,1.1,0.12,0,0,4.87,0,6.33,0,0.55,0,0.1,0,2.4,0.15,0,16.09,0,0.48,0.58,0.4,0.16,0.71,0.02,0,0,0.41,0,2.44,0,6.28,0,VA-193,2021,202102,AA-18,0.0128600130093435,143247.78199381015,94,25,1,51.75,8.78,NA,0.3216,0.1021,,,0,63.68096,-168.96346,36,1.5,8,NBS
1.4,0.02,0.06,0.15,0.07,0.49,0,0.23,0.19,0,8.67,0.05,0,10.04,0.15,0.6,0.61,0.28,0.32,0,0.22,0.34,0.28,0.37,2.29,0.31,5.68,6.81,0.5,0.05,0.03,0,0.54,0.39,0.16,0,0.21,0.02,0.96,0.13,0,0.59,2.72,1.24,5.33,0,0.46,0,0.09,0,1.49,0.1,0.21,11.46,0,0.55,0.45,0.41,0.2,0.71,0,0,0,0.33,0,1.9,0.02,3.84,0,VA-194,2021,202102,BB-19,0.0118874563416939,361173.59900967753,94,27,2,43.01,0,24,0.1633,0.0486,,,0,63.98062,-169.77538,35,2.7,9,NBS
3.9,0.02,0.12,0.14,0.04,0.87,0,0.28,0.2,0,23.41,0.1,0,26,0.21,0.82,0.43,1.46,0.49,0,0.71,0.54,0.22,1.79,5.09,0.24,0,12.27,0.56,0,0.03,0,0.93,0.53,0.33,0,0.4,0.07,2.27,0.16,0,0,6.45,0,10.53,0,0.47,0,0,0,2.64,0.09,0,26.89,0,0.29,0.64,0.44,0.18,1.05,0.05,0,0,0.55,0,2.21,0.03,7.24,0,VA-195,2021,202102,BB-19,0.0118874563416939,361173.59900967753,94,27,1,57.54,10.62,72,0.3436,0.1351,,,0,63.98062,-169.77538,35,2.7,9,NBS
0.73,0.02,0.02,0.26,0.17,0.25,0,0.34,0.19,0,4.7,0.02,0,4.28,0.11,0.59,0.86,0.52,0.21,0,0.06,0.22,0.25,0.13,1.34,0.17,3.43,4.1,0.32,0.06,0.01,0,0.62,0.22,0.1,0,0.12,0.08,0.26,0.08,0,0.66,1.54,0.69,2.15,0,0.39,0,0.06,0,1.12,0.09,0.1,7.17,0,0.24,0.28,0.32,0.12,0.33,0,0,0,0.22,0,1.22,0.01,2.6,0,VA-196,2021,202102,BB-19,0.0118874563416939,361173.59900967753,94,27,2,42.71,0,NA,0.132,0.0348,,,0,63.98062,-169.77538,35,2.7,9,NBS
0.28,0.01,0,0.04,0.01,0.13,0,0.05,0.11,0,2.29,0.01,0,1.9,0.04,0.15,0.13,0.19,0.15,0,0.03,0.08,0.16,0.05,0.87,0.07,1.37,2.08,0.15,0.02,0.01,0,0.17,0.1,0.03,0,0.06,0.04,0.15,0.04,0,0.37,1.1,0,1.61,0,0.35,0,0.03,0,0.77,0.04,0,4.64,0,0.19,0.13,0.22,0.12,0.32,0,0,0.03,0.11,0,0.6,0,1.89,0,VA-197,2021,202102,BB-19,0.0118874563416939,361173.59900967753,94,27,2,49.08,0,36,0.3037,0.0665,,,0,63.98062,-169.77538,35,2.7,9,NBS
0.05,0.01,0,0.01,0.01,0.02,0,0.02,0.09,0,0.99,0.01,0,0.35,0.01,0.07,0.07,0.01,0.07,0,0,0.03,0.07,0,0.38,0.03,0.78,0.9,0.09,0.02,0.01,0,0.05,0.02,0.02,0,0.01,0,0.01,0,0,0.02,0,0.1,0.09,0,0.13,0,0.02,0,1,0.01,0.01,2.22,0,0,0.04,0.14,0,0,0,0,0,0.04,0,0.18,0,0.84,0,VA-198,2021,202102,Y-01,0.012722531027151,29974.354881600706,94,24,1,45.89,9.41,38,0.2848,0.0522,,,0,62.99652,-168.20091,40,0.8,8,NBS
1.09,0.01,0.02,0.06,0.02,0.25,0,0.09,0.07,0,3.84,0.02,0,4.41,0.06,0.21,0.19,0.16,0.13,0,0.1,0.09,0.12,0.2,0.98,0.1,1.47,1.34,0.14,0.02,0.01,0,0.2,0.12,0.09,0,0.09,0.03,0.46,0.07,0,0.76,1.56,0,1.97,0,0.14,0,0.05,0,0.82,0.03,0,6.64,0,0.52,0.25,0.14,0,0.32,0,0,0,0.16,0,0.55,0.01,1.98,0,VA-199,2021,202102,BB-01,0.012448021885992,111937.40039676658,94,29,2,42.74,0,24,0.3108,0.0784,,,0,64.0101,-168.3144,37,0.7,9,NBS
3.56,0.03,0.11,0.23,0.12,0.61,0,0.3,0.17,0,12.38,0.06,0,13.88,0.17,0.65,0.64,0.78,0.31,0,0.31,0.37,0.16,0.73,3.04,0.23,9.42,6.06,0.39,0.05,0.03,0,0.6,0.27,0.18,0,0.28,0.01,1.32,0.16,0,0,5.07,0,5.48,0,0.48,0,0.11,0.01,1.66,0.13,0,14.6,0,1.61,0.58,0.37,0.27,0.61,0.02,0,0,0.41,0.03,1.78,0,5.04,0,VA-200,2021,202102,AA-18,0.0128600130093435,143247.78199381015,94,25,2,54.78,0,50,0.3219,0.0972,,,0,63.68096,-168.96346,36,1.5,8,NBS
0.66,0.03,0.02,0.29,0.19,0.22,0,0.35,0.18,0,3.72,0.02,0,3.14,0.11,0.59,0.81,0.3,0.15,0,0.04,0.17,0.07,0.06,1.1,0.11,3.23,2.91,0.27,0.11,0.01,0,0.53,0.15,0.02,0,0.11,0.06,0.15,0.05,0,0.26,1.01,0.67,1.16,0,0.26,0,0.04,0,0.55,0.04,0.08,3.51,0,0.19,0.25,0.14,0.12,0.24,0,0,0,0.15,0,0.84,0,1.41,0,VA-201,2021,202102,Y-01,0.012722531027151,29974.354881600706,94,24,2,42.89,0,NA,0.3274,0.0743,,,0,62.99652,-168.20091,40,0.8,8,NBS
2.3,0.03,0.1,0.35,0.17,0.63,0,0.37,0.3,0,13.97,0.04,0,13.02,0.18,0.79,0.84,0.29,0.42,0,0.23,0.58,0,0.38,3.47,0,15.16,10.11,0.55,0,0.03,0,1.08,0.47,0.23,0,0.31,0.11,0.86,0.11,0,0.84,3.4,1.8,6.66,0,0,0.72,0.1,0,2.5,0.15,0,14.25,0,0.5,0.52,0.65,0.29,1.02,0.03,0,0.04,0.36,0,1.83,0.02,6.18,0,VA-202,2021,202102,BB-19,0.0118874563416939,361173.59900967753,94,27,2,50.43,0,42,0.3185,0.1057,,,0,63.98062,-169.77538,35,2.7,9,NBS
3.74,0.02,0.12,0.17,0.05,0.64,0,0.23,0.22,0,17.72,0.07,0,19.52,0.19,0.67,0.49,0.74,0.41,0,0.6,0.47,0.22,1.53,4.11,0.25,14.61,11.44,0.67,0,0.04,0,0.82,0.6,0.28,0,0.25,0.02,2.22,0.17,0,0.59,1.5,0,7.43,0,0.67,0,0.12,0.02,2.03,0.15,0,20.53,0,0.46,0.29,0.48,0.2,0.78,0,0,0,0.37,0,2.13,0.02,6.46,0,VA-203,2021,202102,AA-18,0.0128600130093435,143247.78199381015,94,25,2,55.97,0,54,0.3025,0.109,,,0,63.68096,-168.96346,36,1.5,8,NBS
2.45,0.01,0.07,0.18,0.07,0.58,0,0.21,0.18,0,9.56,0.02,0,11.6,0.15,0.61,0.49,0.72,0.32,0,0.26,0.43,0.24,0.5,2.53,0.18,8.45,7.05,0.61,0.06,0.04,0,0.63,0.42,0.19,0,0.24,0.08,0.96,0.11,0,0.58,2.11,1.84,6.18,0,0.66,0,0.1,0,1.96,0.12,0,13.82,0,0.45,0.5,0.62,0.23,0.91,0,0,0,0.35,0,2.04,0,4.49,0,VA-204,2021,202102,BB-19,0.0118874563416939,361173.59900967753,94,27,2,47.69,0,34,0.1961,0.0596,,,0,63.98062,-169.77538,35,2.7,9,NBS
2.87,0.02,0.06,0.24,0.09,0.63,0,0.3,0.38,0,12.05,0.04,0,10.78,0.22,0.69,0.67,0,0.39,0,0.18,0.39,0.49,0.28,2.67,0.25,7.3,7.49,0.67,0.07,0.03,0,0.63,0.28,0.19,0,0.19,0.05,0.51,0.13,0,0,3.96,0,4.6,0,0.53,0,0.09,0.03,2.21,0.12,0,15.42,0,1.09,0.53,0.48,0.1,0.54,0,0,0,0.43,0,2.02,0.03,7.59,0,VA-205,2021,202102,AA-18,0.0128600130093435,143247.78199381015,94,25,1,52.26,8.86,52,0.2769,0.0782,,,0,63.68096,-168.96346,36,1.5,8,NBS
2.14,0.02,0.06,0.15,0.06,0.45,0,0.2,0.3,0,10.08,0.07,0,13.51,0.15,0.58,0.47,0.4,0.23,0,0.28,0.27,0.25,0.51,2.15,0.25,5.84,6.55,0.39,0.05,0.04,0,0.45,0.42,0.15,0,0.28,0.04,0.92,0.15,0,0.51,1.65,0.94,4.13,0,0.41,0,0.13,0,1.34,0.08,0,13.97,0,0.29,0.4,0.32,0.16,0.41,0,0,0,0.3,0,2.27,0.02,4.6,0,VA-206,2021,202102,BB-19,0.0118874563416939,361173.59900967753,94,27,2,42.05,0,26,0.3057,0.0851,,,0,63.98062,-169.77538,35,2.7,9,NBS
1.78,0.05,0.04,0.08,0.03,0.67,0,0.22,0.09,0,10.77,0.04,0,11.95,0.14,0.55,0.41,0.4,0.39,0,0.3,0.34,0.24,0.48,2.37,0.34,4.56,5.93,0.25,0.03,0.01,0,0.49,0.39,0.17,0,0.18,0.04,1.01,0.13,0,0.17,3.82,0,5.68,0,0.26,0,0.08,0.01,1.63,0.04,0,12.98,0.01,0.22,0.42,0.25,0.11,0.52,0,0,0,0.4,0.02,1.35,0.03,3.99,0,VA-207,2021,202102,AA-18,0.0128600130093435,143247.78199381015,94,25,1,55.14,10.81,70,0.3219,0.098,,,1,63.68096,-168.96346,36,1.5,8,NBS
0.05,0.01,0,0.01,0.01,0.02,0,0.01,0.12,0,0.93,0,0,0.43,0.01,0.04,0.08,0.02,0.05,0,0,0.04,0.12,0,0.39,0.03,0.82,0.93,0.1,0.02,0.01,0,0.05,0.02,0.01,0,0,0,0.02,0.02,0,0.03,0.07,0.1,0.07,0,0.09,0,0.01,0,0.67,0,0.02,1.98,0,0.02,0.05,0.12,0,0,0,0,0,0.05,0,0.23,0.02,1.47,0,VA-208,2021,202102,Y-18,0.0130325869358487,79948.30689630446,94,23,2,42.8,0,26,0.3027,0.0417,,,0,62.86545,-168.82581,40,-0.2,8,NBS
3.37,0.03,0.1,0.2,0.09,0.68,0,0.29,0.17,0,13.74,0.06,0,18.67,0.19,0.61,0.51,1.08,0.29,0,0.49,0.32,0.18,1.21,3.05,0.27,8.77,7.43,0.31,0.06,0.02,0,0.64,0.49,0.24,0,0.26,0.01,2.11,0.16,0,0.87,3.89,0,6.56,0,0.51,0,0.16,0,1.73,0.12,0,19.77,0,0.31,0.46,0.37,0.22,0.93,0,0,0,0.35,0.04,1.78,0,4.5,0,VA-209,2021,202102,BB-19,0.0118874563416939,361173.59900967753,94,27,2,52.2,0,44,0.3038,0.1046,,,0,63.98062,-169.77538,35,2.7,9,NBS
3.62,0.04,0.13,0.34,0.17,0.68,0,0.4,0.35,0,12.87,0.05,0,13.56,0.24,0.92,0.88,0,0.37,0,0.35,0.48,0.13,0.93,3.01,0.24,10.25,7.88,0.88,0,0.04,0,0.82,0.35,0.2,0,0.32,0.02,1.09,0.12,0,0,4.91,0,5.66,0,0.52,0,0.11,0,1.83,0.2,0,15.62,0,0.84,0.59,0.43,0.19,0.55,0.03,0,0,0.36,0,2.81,0,5.31,0,VA-210,2021,202102,AA-18,0.0128600130093435,143247.78199381015,94,25,2,46.9,0,34,0.2874,0.0925,,,0,63.68096,-168.96346,36,1.5,8,NBS
3.17,0.02,0.08,0.13,0.04,0.57,0,0.21,0.12,0,11.4,0.12,0,12.61,0.19,0.57,0.43,0.38,0.3,0,0.29,0.36,0.33,0.56,2.72,0.46,8,5.9,0.55,0.04,0.03,0,0.53,0.32,0.17,0,0.27,0.05,1.01,0.12,0,0,4.39,0,6.45,0,0.42,0,0,0,1.62,0.13,0,17.57,0,0.46,0.54,0.39,0.28,0.56,0,0,0,0.31,0,1.94,0,4.91,0,VA-211,2021,202102,AA-18,0.0128600130093435,143247.78199381015,94,25,2,51.49,0,44,0.3162,0.0936,,,0,63.68096,-168.96346,36,1.5,8,NBS
1.08,0.03,0.05,0.18,0.1,0.39,0,0.26,0.16,0,5.07,0.03,0,5.78,0.13,0.47,0.48,0.19,0.18,0,0.09,0.16,0.15,0.16,1.26,0.17,2.47,2.63,0.2,0.03,0.02,0,0.3,0.21,0.07,0,0.15,0.03,0.48,0.06,0,0.45,1.87,0,2.87,0,0.23,0,0.07,0,0.88,0.04,0.15,6.78,0,0.12,0.24,0.19,0.15,0.32,0,0,0,0.16,0,0.99,0,2.12,0,VA-212,2021,202102,Y-01,0.012722531027151,29974.354881600706,94,24,2,43.04,0,28,0.1762,0.0424,,,0,62.99652,-168.20091,40,0.8,8,NBS
3.1,0.04,0.09,0.47,0.27,0.77,0,0.58,0.26,0,13.93,0.04,0,16.73,0.25,0.97,1.29,0.99,0.43,0,0.41,0.52,0,0.93,3.39,0.21,9.14,8.18,0.51,0,0.02,0,1.09,0.56,0.27,0,0.39,0.05,1.93,0.14,0,0,5.16,0,7.09,0,0,0.7,0,0,2,0.18,0,17.94,0,0.47,0.72,0.38,0.16,0.48,0.03,0,0.03,0.37,0,1.86,0.01,5.62,0,VA-213,2021,202102,AA-18,0.0128600130093435,143247.78199381015,94,25,2,55.21,0,56,0.3398,0.112,,,0,63.68096,-168.96346,36,1.5,8,NBS
3.06,0.01,0.04,0.1,0.03,0.4,0,0.12,0.12,0,7.17,0.03,0,10.07,0.12,0.3,0.26,0.59,0.15,0,0.22,0.14,0.1,0.59,1.49,0.15,3.01,2.78,0.37,0.02,0.02,0,0.3,0.26,0.14,0,0.2,0.09,1.08,0.13,0,0.28,3.64,0,3.17,0,0.22,0,0.09,0,1.01,0.06,0,10.88,0,2.16,0,0.34,0,0.22,0,0,0,0.24,0,0.98,0,2.92,0,VA-214,2021,202102,BB-01,0.012448021885992,111937.40039676658,94,29,2,42.12,0,22,0.2373,0.0643,,,0,64.0101,-168.3144,37,0.7,9,NBS
6.87,0.04,0.14,0.26,0.08,1.13,0,0.46,0.31,0,21.56,0.07,0,18.18,0.28,1.32,1.05,0.55,0.53,0,0.39,0.54,0.54,0.6,5.05,0.21,13.48,10.24,0.99,0.09,0.07,0,1.02,0.44,0.28,0,0.28,0.03,1.39,0.25,0,1.81,10.19,0,11.57,0,0.85,0,0,0,3.62,0.21,0,25.14,0,3.12,1.48,0.99,0.28,1.12,0.05,0,0,0.26,0,3.91,0,11.9,0,VA-215,2021,202102,AA-18,0.0128600130093435,143247.78199381015,94,25,2,43.97,0,28,0.1942,0.0525,,,0,63.68096,-168.96346,36,1.5,8,NBS
4.64,0.03,0.14,0.24,0.08,0.85,0,0.29,0.18,0,20.59,0.1,0,22.51,0.22,0.9,0.69,1.36,0.54,0,0.75,0.66,0.01,1.87,5.4,0,21.13,14.27,0.75,0,0.07,0,1.19,0.59,0.35,0,0.48,0.06,2.52,0.14,0,0,4.11,3.38,9.4,0,1.01,0,0.15,0,2.72,0.37,0,24.02,0,0.39,0.77,0.32,0.28,1.11,0.07,0,0,0.6,0,2.96,0,7.8,0,VA-216,2021,202102,BB-19,0.0118874563416939,361173.59900967753,94,27,2,55.59,0,54,0.2946,0.115,,,0,63.98062,-169.77538,35,2.7,9,NBS
0.41,0.02,0.01,0.13,0.09,0.17,0,0.18,0.14,0,2.4,0.02,0,2.19,0.09,0.32,0.36,0.09,0.12,0,0.04,0.08,0.1,0.07,0.72,0.12,1.06,1.3,0.12,0.02,0.01,0,0.14,0.07,0.02,0,0.07,0.03,0.18,0.04,0,0.35,0.67,0,0.58,0,0.18,0,0.04,0,0.73,0.03,0,4.52,0,0.07,0.04,0.09,0.04,0.11,0,0,0,0.09,0,0.71,0,1.37,0,VA-217,2021,202102,Y-01,0.012722531027151,29974.354881600706,94,24,2,41.63,0,NA,0.3034,0.0554,,,0,62.99652,-168.20091,40,0.8,8,NBS
0.96,0.02,0.02,0.15,0.09,0.29,0,0.22,0.14,0,4.67,0.03,0,4.14,0.1,0.41,0.4,0.11,0.17,0,0.08,0.14,0.14,0.12,1.26,0.16,3.18,2.74,0.24,0.03,0.02,0,0.27,0.15,0.06,0,0.1,0.03,0.25,0.09,0,0.59,1.08,0.7,2.06,0,0.24,0,0.03,0,0.79,0.04,0.1,5.57,0,0.18,0.21,0.19,0.08,0.14,0,0,0,0.15,0,1.01,0,2.17,0,VA-218,2021,202102,Y-01,0.012722531027151,29974.354881600706,94,24,2,43.57,0,30,0.3138,0.0653,,,0,62.99652,-168.20091,40,0.8,8,NBS
0.75,0.01,0.02,0.1,0.05,0.26,0,0.14,0.16,0,4.14,0.03,0,2.9,0.08,0.46,0.34,0,0.21,0,0,0.26,0.19,0.03,1.63,0.1,4.43,3.25,0.39,0,0.02,0,0.36,0.18,0.09,0,0.12,0.06,0.12,0.04,0,1.06,1.15,1.37,2.86,0,0.52,0,0.04,0,1.33,0.11,0,6.1,0,0.46,0.36,0.3,0.3,0.35,0,0,0,0.19,0,1.39,0,2.89,0,VA-219,2021,202102,Y-01,0.012722531027151,29974.354881600706,94,24,2,43.68,0,26,0.1234,0.0272,,,0,62.99652,-168.20091,40,0.8,8,NBS
4,0.05,0.11,0.33,0.2,0.84,0,0.45,0.28,0,18.62,0.11,0,21.37,0.28,1,0.94,1.35,0.46,0,0.52,0.53,0.12,1.13,4.4,0.61,13.9,8.55,0.58,0.08,0.04,0,0.95,0.45,0.27,0,0.34,0.01,2.71,0.14,0,0,5.82,0,7.76,0,0.75,0,0.16,0,2.66,0.22,0,24.19,0,0.53,0.85,0.52,0.23,0.58,0.06,0,0,0.49,0.01,3.19,0,7.29,0,VA-220,2021,202102,Y-18,0.0130325869358487,79948.30689630446,94,23,1,51.04,8.41,NA,0.3005,0.1095,,,0,62.86545,-168.82581,40,-0.2,8,NBS
2.7,0.07,0.11,0.66,0.39,0.58,0,0.67,0.4,0,10.96,0.08,0,10.33,0.33,1.02,1.38,0,0.37,0,0.1,0.66,0,0.12,2.28,0.26,8.9,6.92,0.63,0.06,0.03,0,1.02,0.35,0.08,0,0.35,0.13,0.34,0.13,0,0.37,4.81,0,2.97,0,0.52,0,0.09,0,1.86,0.19,0,10.38,0,1.51,0.47,0.14,0.29,0.62,0.02,0,0,0.32,0.03,2.47,0,4.69,0,VA-222,2021,202102,AA-01,0.01286217779296725,98455.95593402667,94,30,2,43.59,0,30,0.3279,0.0954,,,0,63.68902,-168.26882,33,0.9,8,NBS
1.35,0.01,0.03,0.17,0.06,0.35,0,0.2,0.15,0,7.31,0.02,0,7.63,0.11,0.47,0.49,0.22,0.21,0,0.14,0.24,0,0.28,1.68,0.1,6.16,4.78,0.4,0,0.02,0,0.5,0.25,0.13,0,0.21,0.01,0.75,0.1,0,0,1.86,1.15,3.44,0,0.64,0,0.08,0,1.34,0.12,0,9.6,0,0.58,0.5,0.45,0.18,0.42,0.03,0,0,0.29,0.02,1.37,0.01,4.27,0,VA-225,2021,202102,BB-01,0.012448021885992,111937.40039676658,94,29,2,45.26,0,30,0.233,0.0673,,,0,64.0101,-168.3144,37,0.7,9,NBS
1.53,0.03,0.07,0.25,0.16,0.46,0,0.29,0.23,0,9.36,0.04,0,9.89,0.18,0.57,0.66,0.18,0.34,0,0.13,0.47,0.32,0.19,2.03,0.23,7.09,5.83,0.36,0.04,0.03,0,0.6,0.21,0.07,0,0.27,0.07,0.45,0.07,0,0,2.41,0,3.08,0,0.38,0,0.06,0,1.71,0.09,0,10.69,0,0.22,0.24,0.23,0.15,0.55,0,0,0,0.25,0,1.75,0,4.01,0,VA-226,2021,202102,ZZ-01,0.012980339992422,191392.1485454441,94,31,1,53.5,8.72,52,0.3115,0.0947,,,0,63.37205,-168.28373,29,0.4,8,NBS
2.79,0.05,0.1,0.41,0.27,0.7,0,0.47,0.37,0,12.13,0.07,0,12.08,0.29,0.93,0.94,0,0.42,0,0.14,0.61,0.38,0.23,3.15,0,12.54,7.65,0.68,0.07,0.05,0,1.12,0.27,0.07,0,0.33,0.31,0.72,0.07,0,0,4.98,0,4.19,0,0.77,0,0.11,0,2.53,0.27,0,13.56,0,0.84,0.47,0.4,0.2,0.49,0.04,0,0,0.4,0,3.29,0,8.47,0,VA-228,2021,202102,ZZ-01,0.012980339992422,191392.1485454441,94,31,1,50.44,8,42,0.3222,0.1131,,,0,63.37205,-168.28373,29,0.4,8,NBS
1.62,0.02,0.03,0.15,0.05,0.47,0,0.22,0.21,0,7.04,0.04,0,7.15,0.13,0.47,0.49,0.46,0.29,0,0.17,0.26,0.3,0.27,1.89,0.33,3.98,3.86,0.3,0.03,0.02,0,0.45,0.21,0.08,0,0.23,0.04,0.88,0.11,0,0.36,2.72,0,3.84,0,0.48,0,0.08,0,1.35,0.14,0,11.22,0,0.3,0.3,0.4,0.26,0.37,0.02,0,0,0.27,0,1.62,0,4.43,0,VA-231,2021,202102,BB-02,0.0127300904224098,244666.83005778698,94,34,1,47.86,7.88,38,0.3128,0.0881,,,0,64.029,-167.56952,35,3.5,9,NBS
2.06,0.04,0.08,0.33,0.23,0.6,0,0.39,0.3,0,9.1,0.06,0,10.19,0.23,0.77,0.85,0.55,0.36,0,0.2,0.48,0.36,0.29,2.08,0.32,6.54,5.43,0.39,0.05,0.03,0,0.7,0.22,0.15,0,0.33,0.06,0.52,0.1,0,0.45,2.74,0,3.43,0,0.5,0,0.1,0,1.98,0.1,0,11.59,0,0.45,0.4,0.32,0.33,1.09,0,0,0,0.32,0,1.79,0,4.48,0,VA-235,2021,202102,ZZ-01,0.012980339992422,191392.1485454441,94,31,1,50.34,8.43,50,0.2886,0.0857,,,0,63.37205,-168.28373,29,0.4,8,NBS
5.34,0.03,0.08,0.21,0.07,0.78,0,0.26,0.27,0,14.69,0.08,0,20.67,0.23,0.76,0.56,1.44,0.37,0,0.64,0.37,0.21,1.75,3.43,0.27,7.32,6.44,0.91,0.07,0.04,0,0.74,0.41,0.29,0,0.37,0.01,3,0.25,0,0,5.66,0,5.69,0,0.72,0,0.17,0,2.57,0.18,0,24.04,0,0.83,0.16,0.29,0,0.19,0.01,0,0.02,0.39,0,2.34,0.01,6.76,0,VA-236,2021,202102,BB-01,0.012448021885992,111937.40039676658,94,29,2,45,0,28,0.2932,0.0791,,,0,64.0101,-168.3144,37,0.7,9,NBS
2.68,0.01,0.07,0.1,0.04,0.42,0,0.15,0.06,0,8.97,0.03,0,12.96,0.11,0.33,0.28,0.66,0.14,0,0.32,0.2,0.03,0.85,1.59,0.13,5.45,3.24,0.18,0.03,0.01,0,0.31,0.18,0.15,0,0.21,0.09,1.26,0.1,0,0,2.84,0,3.5,0,0.19,0,0.09,0,0.87,0.05,0,11.61,0,0.92,0.33,0.19,0.08,0.16,0,0,0,0.19,0.03,1.04,0,3.32,0,VA-237,2021,202102,BB-01,0.012448021885992,111937.40039676658,94,29,2,41.78,0,24,0.2999,0.1003,,,0,64.0101,-168.3144,37,0.7,9,NBS
1.23,0.01,0.16,0.17,0.05,0.42,0,0.21,0.18,0,8.46,0.05,0,6.59,0.11,0.56,0.47,0.31,0.33,0,0.08,0.39,0.32,0.13,2.1,0.22,7.16,5.27,0.4,0,0.03,0,0.43,0.18,0.13,0,0.21,0.05,0.31,0.11,0,0,2.7,0,3.42,0,0.5,0,0.04,0,1.71,0.11,0,9.29,0,0.29,0.24,0.32,0.21,0.52,0,0,0,0.27,0,1.72,0,4.18,0,VA-240,2021,202102,BB-02,0.0127300904224098,244666.83005778698,94,34,1,50.33,8.65,NA,0.3812,0.1097,,,0,64.029,-167.56952,35,3.5,9,NBS
2.86,0.06,0.1,0.23,0.01,0.75,0,0.33,0.07,0,14.24,0,0,16.66,0.21,0.67,0.82,0.99,0.41,0,0.86,0,0.11,0.51,2.91,0.47,11.06,9.9,0.5,0.11,0,0,0.93,0.44,0.23,0,0.41,0.11,1.18,0.15,0,0.11,3.46,1.64,8.93,0,0,0.75,0,0.03,2.3,0,0.48,18.11,0.08,0.53,0.88,0.6,0.22,0.72,0,0,0,0.71,0,2.21,0.01,4.48,0.11,2019-1,2019,201902,W-27,0.01495924640185965,67622.14170589813,162,1,1,87.44,14.92,248.3,0.6304,0.1702,3/16/2021,,0,62.31661,-175.31904,80,0.2,7,NBS
2.28,0.06,0.08,0.3,0.02,0.54,0,0.39,0.07,0,9.74,0,0,11.41,0.19,0.59,0.85,0.69,0.25,0,0.55,0,0.11,0.4,2.03,0.43,6.81,5.03,0.36,0.07,0,0,0.64,0.32,0.11,0,0.28,0.15,0.82,0.11,0,0.22,2.67,1.04,5.11,0,0,0.42,0,0,1.51,0,0.3,12.05,0.05,0.45,0.87,0.42,0.14,0.36,0,0,0,0.44,0,1.53,0.02,3.21,0.2,2019-2,2019,201902,W-27,0.01495924640185965,67622.14170589813,162,1,1,78.57,11.38,170.6,0.6854,0.1509,3/16/2021,,0,62.31661,-175.31904,80,0.2,7,NBS
2.43,0.05,0.09,0.35,0.01,0.68,0,0.47,0.09,0,12.87,0,0,13.1,0.22,0.76,1.03,0.84,0.36,0,0.69,0,0.11,0.39,2.86,0.55,10.82,8.25,0.55,0.11,0,0,0.93,0.35,0.17,0,0.39,0.16,0.95,0.15,0,0.05,3.66,1.51,7.33,0,0,0.62,0,0.03,2.24,0,0.35,15.61,0.07,0.48,1.09,0.8,0.18,0.57,0,0,0,0.51,0,2.19,0.01,4.48,0.25,2019-3,2019,201902,W-27,0.01495924640185965,67622.14170589813,162,1,1,75.87,11.99,151.8,0.7067,0.1746,3/16/2021,,0,62.31661,-175.31904,80,0.2,7,NBS
2.88,0.07,0.14,0.23,0.02,0.76,0,0.31,0.06,0,12.44,0,0,15.79,0.21,0.61,0.78,0.94,0.4,0,0.85,0,0.01,0.51,2.46,0.4,11.04,8.17,0.47,0.09,0,0,0.76,0.31,0.21,0,0.33,0.1,0.91,0.16,0,0,3,1.43,6.74,0,0,0.62,0,0.03,2.23,0,0.41,14.73,0.08,0.51,1.05,1.13,0.28,0.8,0.02,0,0.01,0.53,0,1.91,0.01,3.75,0.22,2019-7,2019,201901,V-27,0.013912080357285,170569.63941107484,162,193,1,83.34,13.34,NA,1.0267,0.2866,3/17/2021,"missing L1 WL and L chela and R1 WL, took M from R2 WL",0,61.99908,-175.17202,80,0.4,4,EBS
2.28,0.06,0.07,0.17,0.01,0.65,0,0.24,0.06,0,9.96,0,0,13.22,0.16,0.45,0.61,0.88,0.33,0,0.68,0.08,0.01,0.47,2.21,0.27,6.89,5.6,0.36,0.06,0,0,0.6,0.25,0.17,0,0.28,0.19,1.05,0.12,0,0.13,2.2,1.05,5.71,0,0,0.49,0,0,1.7,0,0.33,13.55,0.05,0.42,0.87,0.67,0.18,0.43,0,0,0,0.38,0,1.47,0.01,3.05,0.18,2019-10,2019,201901,V-27,0.013912080357285,170569.63941107484,162,193,1,91.84,13.01,219.2,1.3592,0.3829,3/17/2021,,0,61.99908,-175.17202,80,0.4,4,EBS
2.88,0.08,0.07,0.2,0.02,0.77,0,0.28,0.16,0,14.36,0,0,16.28,0.18,0.55,0.71,1.2,0.42,0,0.42,0,0.01,1.04,2.99,0.51,9.92,8.24,0.41,0.09,0,0,0.83,0.42,0.21,0,0.52,0.16,1.83,0,0,0.41,3.29,0.73,8.41,0,0,0.54,0,0.04,1.77,0,0.45,18.26,0.08,0.41,0.62,0.5,0.24,0.78,0,0,0,0.38,0,1.59,0.01,3.71,0.08,2019-11,2019,201902,V-24,0.01412747210032455,570605.7752409088,94,1,1,55.53,7.92,67.8,1.1139,0.2632,3/18/2021,,0,62.00723,-173.08002,58,0.8,7,NBS
6.49,0.02,0.26,0.2,0.02,0.47,0,0.2,0.16,0,14.16,0,0,7.31,0.21,0.59,0.26,0.69,0.31,0,0.47,0,0.01,0.29,2.56,0.21,14.13,4.75,0.73,0.1,0,0,1.95,0.15,0.12,0.14,0,0.72,0.75,0.1,0,1.01,9.54,2.74,1.78,0,0,0.73,0,0.04,1.25,0,0.33,11.69,0.06,7.49,1.67,0.46,0.29,0.18,0,0,0.04,0.24,0.03,1.72,0.02,8.02,0.59,2019-12,2019,201901,N-31,0.0138915643311522,1511.708796748466,162,177,2,54.64,0,52.4,0.7629,0.1961,3/18/2021,R23,0,59.32743,-177.05585,149,3.2,5,EBS
1.31,0.02,0.03,0.23,0.01,0.35,0,0,0.06,0,6.56,0,0,6.71,0.13,0.48,0.68,0.45,0.2,0,0.35,0,0.01,0.2,1.63,0.26,6.64,5.24,0.34,0.1,0,0,0.63,0.28,0.1,0,0.21,0.03,0.54,0.09,0,0.36,1.97,1.08,4.3,0,0,0.39,0,0.01,1.13,0,0.17,7.05,0.04,0.2,0.55,0.91,0.11,0.3,0,0,0,0.27,0,1.11,0.01,2.06,0.13,2019-13,2019,201902,W-27,0.01495924640185965,67622.14170589813,162,1,1,85.09,15.04,230.6,1.0088,0.1771,3/18/2021,,0,62.31661,-175.31904,80,0.2,7,NBS
2.14,0.05,0.08,0.16,0.01,0.51,0,0.22,0.06,0,8.42,0,0.06,11.07,0.14,0.41,0.54,0.83,0.29,0,0.43,0,0.01,0.5,1.78,0.26,7.53,5.66,0.32,0.07,0,0,0.59,0.31,0.16,0,0.24,0.09,0.92,0.14,0,0.4,1.9,0.97,4.77,0,0,0.4,0,0.02,1.58,0,0.25,11.04,0.06,0.29,0.78,0.6,0.12,0.39,0,0,0.01,0.47,0.01,1.24,0.01,2.46,0.06,2019-14,2019,201902,W-27,0.01495924640185965,67622.14170589813,162,1,1,93.94,13.48,224.8,0.9917,0.2046,3/19/2021,,0,62.31661,-175.31904,80,0.2,7,NBS
1.84,0.05,0.09,0.28,0.01,0.54,0,0.37,0.08,0,9.38,0,0,10.69,0.19,0.62,0.83,0.79,0.32,0,0.61,0,0.01,0.36,2.19,0.43,8.27,6.75,0.44,0.1,0,0,0.75,0.38,0.15,0,0.29,0.08,0.7,0.13,0,0.1,2.81,1.26,5.59,0,0,0.49,0,0.03,1.74,0,0.26,11.15,0.07,0.43,0.85,0.67,0.16,0.56,0,0,0.01,0.41,0,1.66,0.01,3.19,0.18,2019-15,2019,201902,W-27,0.01495924640185965,67622.14170589813,162,1,1,79.23,13.57,199.4,1.1415,0.2166,3/19/2021,,0,62.31661,-175.31904,80,0.2,7,NBS
5.94,0.02,0.22,0.16,0.02,0.39,0,0,0.15,0,13.48,0,0,7.99,0.18,0.5,0.23,0.53,0.28,0,0.42,0,0.01,0.32,2.32,0.2,13.54,4.47,0.67,0.09,0,0,1.9,0.14,0.11,0.02,0,0.97,0.9,0.09,0,0.6,9.11,2.81,1.51,0,0,0.66,0,0.03,1.12,0,0.32,9.64,0.06,9.11,1.39,0.38,0.22,0.12,0,0,0,0.17,0,1.37,0.01,5.74,0.58,2019-17,2019,201901,N-31,0.0138915643311522,1511.708796748466,162,177,2,53.46,0,50.8,1.0287,0.2504,3/19/2021,R12,0,59.32743,-177.05585,149,3.2,5,EBS
1.69,0.05,0.08,0.15,0.01,0.55,0,0,0.11,0,8.12,0,0,10.04,0.16,0.51,0.62,0.9,0.28,0,0.27,0,0.01,0.42,2.21,0.42,5.82,6.5,0.36,0.1,0,0,0.98,0.47,0.2,0,0.44,0.07,1.02,0,0,0.45,2.91,0.77,8.03,0,0,0.61,0,0,1.79,0,0.4,15,0.07,0.31,0.8,1.04,0.21,0.52,0,0,0,0.48,0,1.79,0.01,3.55,0.1,2019-19,2019,201901,PO2423,0.0145501203732786,272172.1311167171,94,159,1,82.32,13.07,209.8,0.9893,0.2721,3/19/2021,,0,59.83477,-172.24578,76,2.3,4,EBS
0.28,0.01,0,0.04,0,0.1,0,0,0.03,0,1.82,0,0,1.49,0.04,0.18,0.19,0.23,0.1,0,0.1,0,0.01,0.06,0.6,0.11,1.12,1.22,0.13,0.04,0,0,0.16,0.09,0.03,0,0.06,0.04,0.1,0.03,0,0.23,0.52,0.21,0.9,0,0,0.16,0,0,0.7,0,0.05,4.07,0.03,0.13,0.22,0.22,0.03,0.12,0,0,0,0.11,0,0.49,0.02,1.27,0.08,2019-21,2019,201901,PO2423,0.0145501203732786,272172.1311167171,94,159,1,80.68,13.36,184.8,1.0241,0.1056,3/22/2021,,0,59.83477,-172.24578,76,2.3,4,EBS
0.08,0,0,0.02,0.01,0.03,0,0,0.01,0,0.83,0,0,0.54,0.02,0.07,0.07,0.06,0.04,0,0.03,0,0,0.01,0.34,0,0.96,0.9,0,0.02,0,0,0.08,0.05,0.02,0,0.02,0.02,0.02,0.02,0,0.24,0.33,0.28,0.77,0,0,0.11,0,0,0.26,0,0.02,1.26,0.02,0,0.23,0.12,0.02,0.07,0,0,0.04,0.05,0,0.22,0.01,0.47,0.04,2019-22,2019,201901,PO2423,0.0145501203732786,272172.1311167171,94,159,1,86.37,13.97,230.1,1.59,0.1385,3/22/2021,,0,59.83477,-172.24578,76,2.3,4,EBS
NA,NA,NA,NA,NA,NA,NA,NA,NA,NA,NA,NA,NA,NA,NA,NA,NA,NA,NA,NA,NA,NA,NA,NA,NA,NA,NA,NA,NA,NA,NA,NA,NA,NA,NA,NA,NA,NA,NA,NA,NA,NA,NA,NA,NA,NA,NA,NA,NA,NA,NA,NA,NA,NA,NA,NA,NA,NA,NA,NA,NA,NA,NA,NA,NA,NA,NA,NA,NA,2019-23,2019,201901,PO2423,0.0145501203732786,272172.1311167171,94,159,1,85.96,14.03,235.4,0.9444,0.089,3/22/2021,,0,59.83477,-172.24578,76,2.3,4,EBS
0.11,0,0,0.02,0.01,0.05,0,0,0.01,0,0.85,0,0,0.61,0.01,0.08,0.08,0.06,0.06,0,0.05,0,0.01,0.03,0.34,0,0.56,0.73,0,0.02,0,0,0.07,0.05,0.02,0,0.03,0.02,0.04,0.01,0,0.17,0.22,0.09,0.38,0,0,0.07,0,0,0.41,0,0.02,1.97,0.02,0,0.07,0.08,0.01,0.04,0,0,0,0.06,0,0.25,0.01,0.61,0.04,2019-24,2019,201901,PO2524,0.00989135557344,125795.09256962893,94,158,1,80.18,12.79,184.2,1.1797,0.1215,3/22/2021,,0,59.83709,-172.89989,80,2.4,4,EBS
2.22,0.07,0.07,0.13,0.01,0.73,0,0.25,0.09,0,12.62,0,0,13.9,0.16,0.51,0.59,1.03,0.29,0,0.3,0,0.01,0.78,2.66,0.39,7.7,6.1,0.35,0.08,0,0,0.7,0.48,0.19,0,0.45,0.13,1.46,0,0,0.47,2.73,1.13,6.86,0,0,0.47,0,0.03,1.65,0,0.44,15.95,0.08,0.34,1.07,0.43,0.14,0.49,0,0,0.1,0.52,0,1.57,0.01,3.4,0.1,2019-25,2019,201902,V-24,0.01412747210032455,570605.7752409088,94,1,1,70.77,10.17,126.9,1.0229,0.2416,3/22/2021,,0,62.00723,-173.08002,58,0.8,7,NBS
0.14,0.01,0,0.02,0.01,0.04,0,0,0.01,0,0.77,0,0,0.43,0.01,0.1,0.09,0.05,0.06,0,0.05,0,0.01,0.01,0.36,0,0.58,0.66,0,0.02,0,0,0.06,0.04,0.01,0,0.02,0.02,0.02,0.02,0,0.11,0.3,0.09,0.26,0,0,0.06,0,0,0.4,0,0.02,0,0.02,0,0.13,0.13,0.02,0.04,0,0,0,0.05,0,0.22,0.01,0.54,0.06,2019-26,2019,201901,PO2524,0.00989135557344,125795.09256962893,94,158,1,80.78,11.47,185.8,1.3577,0.1022,3/22/2021,,0,59.83709,-172.89989,80,2.4,4,EBS
3.99,0.08,0.08,0.16,0.01,0.57,0,0,0.11,0,12.79,0,0,12.67,0.25,0.41,0.43,1.43,0.4,0,0.47,0,0.01,0.38,2.73,0.37,10.76,9.67,0.72,0.08,0,0,2.56,0.36,0.29,0,0,0.23,0.79,0.12,0,0.52,3.06,1.42,6.01,0,0,0.71,0,0,1.57,0,0.39,15.37,0.11,0.55,0.79,0.89,0.13,0.5,0,0,0.04,0.24,0,1.4,0.05,6.49,0.27,2019-27,2019,201901,S-23,0.014252620501152,136558.0385615884,94,168,2,50.89,0,41.4,0.7042,0.2149,3/22/2021,R123,0,61.00078,-172.16231,64,1.9,4,EBS
2.43,0.05,0.05,0.08,0.01,0.36,0,0,0.14,0,8.33,0,0,8.46,0.17,0.23,0.25,1.33,0.22,0,0.3,0,0.01,0.18,1.56,0.32,6.46,5.89,0.46,0,0,0,1.9,0.29,0.18,0,0.11,0.13,0.36,0.11,0,0.13,1.94,0.5,3.2,0,0,0.44,0,0,0.97,0,0.16,9.69,0.06,0,0.7,0.83,0.08,0.25,0,0,0.08,0.2,0,0.76,0.04,4.28,0.18,2019-28,2019,201901,R-22,0.0141907482154284,357176.8889880896,94,166,2,53.78,0,45.7,0.9808,0.2337,3/22/2021,R123,0,60.6571,-171.43228,63,2.2,4,EBS
5.49,0.1,0.12,0.26,0.02,1,0,0.35,0.16,0,19.87,0,0,19,0.35,0.71,0.7,2.05,0.58,0,0.83,0,0.01,0.01,4.5,0.49,15.67,14.77,0.99,0.11,0,0,3.11,0.58,0.37,0,0.4,0.34,1.21,0.14,0,0.69,5.76,2.21,11.73,0,0,1.03,0,0.05,2.51,0,0.5,22.53,0.13,1.05,1.37,1.12,0.2,1.43,0,0,0,0.48,0,2.17,0.06,10.57,0.42,2019-29,2019,201901,S-23,0.014252620501152,136558.0385615884,94,168,2,54.56,0,48.7,0.6917,0.2422,3/22/2021,R123,0,61.00078,-172.16231,64,1.9,4,EBS
3.29,0.07,0.07,0.09,0.01,0.56,0,0,0.03,0,9.77,0,0,11.72,0.14,0.41,0.4,0.67,0.24,0,0.43,0,0.01,0.43,2.11,0.22,6.39,4.31,0.21,0.06,0,0,1.84,0.17,0.23,0,0.19,0.15,0.64,0.13,0,0.15,1.73,0.65,4.06,0,0,0.45,0,0,1.66,0,0.22,14.01,0.06,0.25,0.42,0.3,0.09,0.26,0,0,0,0.29,0,1.41,0.02,3.94,0.13,2019-30,2019,201901,S-24,0.0145410472330266,263874.80891232594,94,171,2,64,0,84.3,0.6515,0.1625,3/22/2021,R12,0,61.00004,-172.80977,66,2.3,4,EBS
2.31,0.06,0.04,0.07,0.01,0.32,0,0,0.1,0,6.78,0,0,7.81,0.16,0.21,0.26,1.03,0.2,0,0.28,0,0.01,0.2,1.35,0.22,4.57,4.61,0.32,0,0,0,1.77,0.19,0.18,0,0.11,0.13,0.45,0.1,0,0.06,1.75,0.4,2.89,0,0,0.43,0,0,0.8,0,0.15,8.46,0.06,0,0.48,0.45,0.11,0.3,0,0,0,0.14,0,0.68,0.02,3.39,0.15,2019-33,2019,201901,R-22,0.0141907482154284,357176.8889880896,94,166,2,53.3,0,47.2,0.752,0.1208,3/24/2021,R123,0,60.6571,-171.43228,63,2.2,4,EBS
1.9,0.04,0.04,0.06,0.01,0.26,0,0.09,0.1,0,5.91,0,0,6.42,0.13,0.18,0.22,0.92,0.18,0,0.23,0,0,0.09,1.3,0.24,4.74,4.34,0.34,0.03,0,0,1.63,0.17,0.15,0.04,0.05,0.11,0.31,0.1,0,0.03,1.56,0.38,2.45,0,0,0.37,0,0.02,0.76,0,0.13,7.91,0.05,0.25,0.45,0.44,0.09,0.23,0,0,0.05,0.12,0,0.64,0.02,3.66,0.15,2019-34,2019,201901,R-22,0.0141907482154284,357176.8889880896,94,166,2,50.14,0,42.1,0.5384,0.0816,3/24/2021,R123,0,60.6571,-171.43228,63,2.2,4,EBS
0.77,0.02,0.01,0.04,0,0.2,0,0,0.07,0,4.14,0,0,3.23,0.09,0.16,0.19,0.45,0.15,0,0.18,0,0.02,0.05,0.85,0.1,2.82,3.2,0.26,0.03,0,0,0.81,0.14,0.08,0,0.05,0.07,0.15,0.08,0,0.02,0.71,0.3,1.39,0,0,0.36,0,0.01,1.09,0,0.07,7.51,0.06,0.16,0.34,0.48,0.04,0.14,0,0,0,0.14,0.01,0.58,0.02,3.19,0.13,2019-35,2019,201901,S-22,0.01444197857091,250671.82050055408,94,167,2,53.3,0,49.4,0.5104,0.0869,3/24/2021,R123,0,60.99637,-171.47555,60,2.1,4,EBS
0.66,0.01,0.01,0.03,0,0.13,0,0,0.04,0,2.46,0,0,2.12,0.06,0.09,0.1,0.34,0.09,0,0.11,0,0.01,0.05,0.52,0.08,1.66,2.01,0.16,0.02,0,0,0.63,0.08,0.06,0,0.03,0.05,0.1,0.04,0,0.22,0.58,0.11,1.13,0,0,0.25,0,0,0.56,0,0.05,3.35,0.04,0,0.24,0.23,0.03,0.11,0,0,0.06,0.07,0,0.3,0.02,1.7,0.09,2019-36,2019,201901,S-22,0.01444197857091,250671.82050055408,94,167,2,50.64,0,42.2,0.8331,0.0858,3/24/2021,R123,0,60.99637,-171.47555,60,2.1,4,EBS
1.27,0,0.02,0.05,0.03,0.22,0,0.09,0.08,0,4.37,0,0,3.96,0.1,0.15,0.19,0.63,0.18,0,0.23,0,0.01,0.11,0.93,0.14,3.14,3.67,0.29,0.04,0,0,1.25,0.16,0.11,0,0.08,0.08,0.21,0.07,0,0,1.07,0.34,1.97,0,0,0.42,0,0.02,0.83,0,0.1,5.78,0.05,0.2,0.35,0.35,0.06,0.18,0,0,0.02,0.11,0,0.54,0.02,3.04,0.14,2019-37,2019,201901,S-22,0.01444197857091,250671.82050055408,94,167,2,50.51,0,41.4,0.5345,0.0917,3/24/2021,R123,0,60.99637,-171.47555,60,2.1,4,EBS
5.72,0.13,0.12,0.22,0.01,0.93,0,0.33,0.12,0,18.63,0,0,19.28,0.29,0.59,0.62,1.72,0.51,0,0.76,0,0.26,0.62,3.91,0.51,13.78,10.99,0.81,0.1,0,0,3.03,0.45,0.43,0,0.37,0.32,1.34,0,0,0,4.32,1.55,9.57,0,0,0.87,0,0.04,2.1,0,0.46,20.72,0.11,0.64,0.91,0.89,0.32,1.03,0,0,0,0.36,0,1.81,0.05,7.35,0.29,2019-38,2019,201901,S-23,0.014252620501152,136558.0385615884,94,168,2,54.81,0,53.1,0.8248,0.2438,3/24/2021,R123,0,61.00078,-172.16231,64,1.9,4,EBS
1.3,0.02,0.03,0.05,0.02,0.25,0,0,0.08,0,5.04,0,0,3.8,0.1,0.17,0.15,0.79,0.17,0,0.2,0,0.1,0.05,1.22,0.19,4.55,3.52,0.34,0.03,0,0,0.79,0.23,0.08,0,0.09,0.08,0.17,0.05,0,0,1.3,0.42,1.97,0,0,0.23,0,0,0.58,0,0.12,6.17,0.04,0,0.39,0.39,0.06,0.2,0,0,0,0.08,0,0.5,0.01,3.05,0.12,2019-39,2019,201901,S-23,0.014252620501152,136558.0385615884,94,168,2,52.41,0,46.9,1.1113,0.1653,3/24/2021,R123,0,61.00078,-172.16231,64,1.9,4,EBS
3,0.03,0.06,0.11,0.01,0.48,0,0,0.11,0,9.29,0,0,8.64,0.21,0.35,0.31,1.26,0.25,0,0.31,0,0.18,0.11,1.77,0.3,6.94,5.91,0.58,0.05,0,0,1.52,0.3,0.15,0,0.12,0.14,0.35,0.1,0,0,2.14,0.72,3.78,0,0,0.41,0,0,0.9,0,0.21,10.45,0.05,0.37,0.59,0.73,0.11,0.49,0,0,0,0.18,0,0.84,0.03,5.26,0.16,2019-40,2019,201901,S-23,0.014252620501152,136558.0385615884,94,168,2,50.19,0,43.6,0.7065,0.1169,3/24/2021,R123,0,61.00078,-172.16231,64,1.9,4,EBS
3.47,0.13,0.09,0.29,0.02,1.01,0,0.46,0.14,0,17.23,0,0,25.37,0.29,0.82,1.03,1.48,0.48,0,0.49,0,0.26,0.71,3.95,0.69,10.7,13.34,0.59,0.16,0,0,1.29,0.79,0.32,0,0.65,0.11,1.68,0,0,0.42,4.8,1.24,14.68,0,0,1.06,0,0.05,2.66,0,0.64,23.07,0.12,0.5,1.19,0.99,0.29,0.84,0,0,0,0.81,0,2.28,0.01,4.18,0.15,2019-41,2019,201902,V-24,0.01412747210032455,570605.7752409088,94,1,1,75.41,11.19,175,0.8136,0.2258,3/26/2021,,0,62.00723,-173.08002,58,0.8,7,NBS
2,0.04,0.06,0.19,0.01,0.41,0,0.19,0.18,0,6.4,0,0,4.5,0.14,0.42,0.45,0.63,0.35,0,0.41,0,0.22,0.22,1.58,0.19,5.59,3.65,0.33,0.07,0,0,0.47,0.25,0.11,0,0,0.08,0.23,0.07,0,0,2.73,0.78,2.38,0,0,0.3,0,0,0.88,0,0.1,5.83,0.06,1.52,0.57,0.35,0.1,0.81,0,0,0,0.13,0,0.83,0.02,1.75,0.17,2019-42,2019,201901,P-30,0.0146132749106355,578996.9614437403,94,187,1,84.84,12.83,226.6,0.955,0.2365,3/26/2021,,0,60.00062,-176.67745,142,1.9,5,EBS
0.12,0,0,0.04,0.02,0.05,0,0,0.01,0,0.79,0,0,0.53,0.02,0.1,0.1,0.08,0.05,0,0.05,0,0.06,0.02,0.28,0,0.63,0.87,0.07,0.02,0,0,0.09,0.06,0.02,0,0.03,0.02,0.03,0.01,0,0.09,0.39,0.14,0.55,0,0,0.1,0,0,0.28,0,0.02,1.26,0.02,0.19,0.15,0.15,0.03,0.09,0,0,0,0.05,0,0.19,0.01,0.39,0.05,2019-43,2019,201901,PO2524,0.00989135557344,125795.09256962893,94,158,1,85.51,14.19,252.1,1.1595,0.1066,3/26/2021,,0,59.83709,-172.89989,80,2.4,4,EBS
0.22,0.01,0,0.03,0.01,0.05,0,0,0.01,0,0.83,0,0,0.56,0.02,0.09,0.08,0.08,0.06,0,0.05,0,0.04,0.03,0.35,0,0.58,0.64,0,0,0,0,0.07,0.04,0.02,0,0.03,0.02,0.03,0.01,0,0.19,0.31,0.08,0.25,0,0,0.05,0,0,0.41,0,0.02,2.03,0.02,0,0.16,0.11,0.01,0.04,0,0,0,0.04,0,0.21,0.01,0.57,0.05,2019-44,2019,201901,PO2524,0.00989135557344,125795.09256962893,94,158,1,80.65,13.34,203.7,0.9043,0.0744,3/26/2021,,0,59.83709,-172.89989,80,2.4,4,EBS
0.11,0.01,0,0.02,0.01,0.04,0,0,0.01,0,0.83,0,0,0.44,0.01,0.08,0.08,0.05,0.05,0,0.04,0,0.05,0.02,0.32,0,0.58,0.58,0,0,0,0,0.06,0.03,0.01,0,0.02,0.02,0.03,0.02,0,0.08,0.17,0.09,0.23,0,0,0.06,0,0,0.37,0,0.02,1.62,0.02,0.07,0.09,0.33,0,0.02,0,0,0,0.05,0,0.21,0.01,0.6,0.05,2019-45,2019,201901,PO2524,0.00989135557344,125795.09256962893,94,158,1,82.32,13.17,203.1,0.8229,0.0603,3/26/2021,,0,59.83709,-172.89989,80,2.4,4,EBS
0.11,0.01,0.01,0.03,0,0.04,0,0,0.02,0,0.84,0,0,0.57,0.02,0.11,0.11,0.09,0.05,0,0.06,0,0,0.01,0.37,0.04,0.95,1.14,0.08,0.03,0,0,0.12,0.06,0.03,0,0,0.03,0,0.02,0,0,0.39,0.21,0.75,0,0,0.13,0,0,0.38,0,0.02,0,0.03,0.11,0.16,0.2,0.03,0.1,0,0,0.06,0.08,0,0.27,0.01,0.51,0.04,2019-46,2019,201901,PO2524,0.00989135557344,125795.09256962893,94,158,1,89.55,14.24,234.2,1.1409,0.0846,3/26/2021,,0,59.83709,-172.89989,80,2.4,4,EBS
0.17,0.01,0.01,0.02,0.01,0.05,0,0,0.01,0,1,0,0,0.78,0.02,0.1,0.1,0.07,0.06,0,0.07,0,0.02,0.05,0.33,0,0.6,0.79,0,0.02,0,0,0.07,0.05,0.02,0,0.03,0.02,0.07,0.02,0,0.08,0.29,0.09,0.37,0,0,0.05,0,0,0.31,0,0.02,1.72,0.01,0,0.07,0.08,0.01,0.05,0,0,0,0.06,0,0.21,0.01,0.52,0.04,2019-47,2019,201901,ON2524,0.0147545255114301,151220.62232848714,94,155,1,82.08,11.86,208.5,1.6886,0.164,3/26/2021,,0,59.50437,-172.88133,94,3,3,EBS
1.28,0.05,0.05,0.07,0.01,0.45,0,0.14,0.08,0,6.86,0,0,8.38,0.1,0.27,0.32,0.69,0.23,0,0.25,0,0.16,0.5,1.56,0.31,4.79,3.72,0.25,0.04,0,0,0.42,0.2,0.11,0,0.27,0.08,0.91,0,0,0.29,2.03,0.78,4.42,0,0,0.29,0,0.02,1.29,0,0.28,10.06,0.06,0.46,0.49,0.42,0.17,0.55,0,0,0.01,0.32,0,1.01,0.01,2.57,0.18,2019-48,2019,201902,V-24,0.01412747210032455,570605.7752409088,94,1,2,47.83,0,37.5,0.5121,0.1211,3/26/2021,R123,0,62.00723,-173.08002,58,0.8,7,NBS
2.92,0.12,0.12,0.15,0.01,0.94,0,0.27,0.1,0,15.07,0,0,18.46,0.19,0.5,0.57,1.22,0.4,0,0.43,0,0.23,0.99,3.24,0.51,10.87,7.93,0.36,0.07,0,0,0.98,0.4,0.22,0,0.51,0.16,1.8,0,0,0.53,3.7,1.32,8.83,0,0,0.58,0,0.03,2.13,0,0.47,17.99,0.1,0.48,0.91,0.66,0.26,0.89,0,0,0.12,0.5,0,1.43,0.01,3.91,0.23,2019-49,2019,201902,V-24,0.01412747210032455,570605.7752409088,94,1,2,51.55,0,47.7,0.5915,0.1787,3/26/2021,R123,0,62.00723,-173.08002,58,0.8,7,NBS
3.08,0.08,0.19,0.25,0.02,0.79,0,0.34,0.13,0,15.67,0,0,17.73,0.2,0.59,0.78,1.22,0.4,0,0.45,0,0.3,1.02,3.14,0.59,12.84,8.5,0.52,0.08,0,0,0.87,0.35,0.19,0,0.48,0.16,1.78,0,0,0.65,3.35,1.51,7,0,0,0.5,0,0.03,1.76,0,0.38,15.75,0.07,0.74,0.66,0.58,0.23,0.83,0,0,0,0.36,0,1.6,0.01,3.83,0.25,2019-50,2019,201902,V-24,0.01412747210032455,570605.7752409088,94,1,2,51.45,0,43,0.6835,0.1733,3/26/2021,R123,0,62.00723,-173.08002,58,0.8,7,NBS
3.11,0.11,0.1,0.12,0.01,0.85,0,0.22,0.1,0,14.17,0,0,18.51,0.16,0.42,0.51,1.27,0.32,0,1.09,0,0.04,1.36,2.7,0.37,9.45,6.49,0.25,0.05,0,0,0.62,0.36,0.19,0,0.45,0.12,2.19,0,0,0.44,2.74,0.91,6.47,0,0,0.36,0,0.03,1.63,0,0.43,15.73,0.07,0.42,0.66,0.54,0.19,0.62,0,0,0,0.35,0,1.12,0.01,2.98,0.24,2019-51,2019,201902,V-24,0.01412747210032455,570605.7752409088,94,1,2,49.08,0,39.6,0.4733,0.1323,3/30/2021,R123,0,62.00723,-173.08002,58,0.8,7,NBS
1.1,0.02,0.02,0.05,0,0.28,0,0,0.02,0,3.95,0,0,4.14,0.06,0.18,0.2,0.21,0.16,0,0.2,0,0.16,0.1,1,0.21,2.98,2.79,0.21,0.03,0,0,0.77,0.09,0.11,0,0.1,0.07,0.29,0.06,0,0.05,1.53,0.56,3.16,0,0,0.32,0,0.01,0.94,0,0.11,5.88,0.05,0.23,0.3,0.26,0.08,0.28,0,0,0,0.22,0,0.69,0,2.42,0.13,2019-52,2019,201902,V-24,0.01412747210032455,570605.7752409088,94,1,2,48.59,0,38.4,0.5756,0.1024,3/30/2021,R123,0,62.00723,-173.08002,58,0.8,7,NBS
3.52,0.13,0.13,0.15,0.02,1.02,0,0.29,0.07,0,20.56,0,0,23.27,0.21,0.59,0.6,1.2,0.39,0,0.55,0,0.13,1,3.29,0.47,13.22,7.88,0.48,0.07,0,0,0.9,0.37,0.2,0,0.49,0.16,1.88,0,0,0.8,3.57,1.15,8.55,0,0,0.47,0,0.03,2.28,0,0.61,21.39,0.1,0.54,1.16,1.33,0.25,0.68,0,0,0.16,0.48,0,1.59,0.02,5.41,0.3,2019-53,2019,201902,V-24,0.01412747210032455,570605.7752409088,94,1,2,43.24,0,28,0.6297,0.2076,3/30/2021,R123,0,62.00723,-173.08002,58,0.8,7,NBS
3.03,0.07,0.09,0.1,0.01,0.68,0,0.21,0.04,0,11.56,0,0,13.27,0.14,0.41,0.39,0.55,0.24,0,0.53,0,0.13,0.37,2.48,0.27,8.85,5.81,0.34,0.06,0,0,1.49,0.17,0.26,0,0.26,0.14,0.97,0.14,0,0.39,2.62,1.09,5.99,0,0,0.52,0,0.02,1.69,0,0.35,12.07,0.07,0.44,0.52,0.42,0.17,0.5,0,0,0,0.29,0,1.17,0.01,3.59,0.2,2019-54,2019,201902,V-24,0.01412747210032455,570605.7752409088,94,1,2,49.9,0,39.3,0.5319,0.1521,3/30/2021,R123,0,62.00723,-173.08002,58,0.8,7,NBS
3.96,0.13,0.13,0.15,0.02,1.03,0,0.29,0.04,0,19.77,0,0,19.59,0.19,0.57,0.51,0.86,0.43,0,0.46,0,0.44,0.64,4.14,0.36,14.69,8.86,0.44,0.1,0,0,1.55,0.28,0.3,0,0.35,0.14,1.58,0.17,0,0.3,3.64,1.88,9.53,0,0,0.62,0,0.02,1.95,0,0.45,16.31,0.09,0.6,1.12,1.05,0.17,0.48,0,0,0.25,0.41,0,1.41,0.02,4.72,0.22,2019-55,2019,201902,V-24,0.01412747210032455,570605.7752409088,94,1,2,48.16,0,38.9,0.5616,0.2141,3/30/2021,R123,0,62.00723,-173.08002,58,0.8,7,NBS
2.26,0.06,0.07,0.09,0.01,0.53,0,0.17,0.05,0,7.79,0,0,9.75,0.12,0.31,0.38,0.55,0.21,0,0.43,0,0.01,0.3,1.68,0.26,5.41,4.34,0.29,0.04,0,0,1.19,0.17,0.2,0,0.23,0.12,0.75,0.11,0,0.24,2.31,0.38,5.54,0,0,0.46,0,0.02,1.24,0,0.24,10.16,0.06,0.23,0.49,0.32,0.15,0.43,0,0,0.06,0.25,0,0.98,0.01,2.95,0.15,2019-56,2019,201902,V-24,0.01412747210032455,570605.7752409088,94,1,2,50.22,0,40.1,0.6405,0.13,3/30/2021,R123,0,62.00723,-173.08002,58,0.8,7,NBS
2.49,0.08,0.07,0.07,0.01,0.62,0,0.15,0.05,0,12.73,0,0,14.29,0.13,0.32,0.35,0.89,0.26,0,0.31,0,0.11,0.72,2.61,0.35,8.98,5.89,0.35,0.05,0,0,0.71,0.26,0.16,0,0.34,0.11,1.6,0,0,0.2,2.6,0.95,6.42,0,0,0.33,0,0.02,1.53,0,0.37,15.35,0.05,0.35,0.47,0.37,0.14,0.48,0,0,0,0.33,0,1.2,0.01,4.35,0.21,2019-58,2019,201902,V-24,0.01412747210032455,570605.7752409088,94,1,2,42.88,0,24.8,0.5981,0.1333,3/30/2021,R123,0,62.00723,-173.08002,58,0.8,7,NBS
2.1,0.13,0.07,0.1,0.01,0.59,0,0,0.07,0,9.9,0,0,13.36,0.14,0.38,0.39,0.8,0.22,0,0.23,0,0.3,0.54,2.35,0.34,6.73,5.43,0.28,0.05,0,0,0.86,0.26,0.19,0,0.29,0.12,1.27,0.14,0,0.22,2.69,0.59,7.79,0,0,0.44,0,0.01,1.55,0,0.38,14.64,0.07,0.4,0.72,0.45,0.15,0.42,0,0,0.08,0.39,0,1.24,0.01,3.39,0.2,2019-59,2019,201902,V-24,0.01412747210032455,570605.7752409088,94,1,2,51.3,0,45.1,0.5809,0.1474,3/30/2021,R123,0,62.00723,-173.08002,58,0.8,7,NBS
4.8,0.14,0.15,0.16,0.03,1.01,0,0.3,0.08,0,18.55,0,0,21.7,0.22,0.59,0.58,1.29,0.38,0,0.39,0,0.35,1.07,4.05,0.43,12.46,8.61,0.47,0.09,0,0,1.68,0.37,0.34,0,0.48,0.18,2.04,0,0,0,4.01,1.76,9.79,0,0,0.69,0,0.04,2.24,0,0.48,19.52,0.09,0.74,1.09,0.7,0.24,0.72,0,0,0.12,0.53,0,1.6,0.03,4.6,0.33,2019-60,2019,201902,V-24,0.01412747210032455,570605.7752409088,94,1,2,56.04,0,56.1,0.784,0.2323,3/30/2021,R123,0,62.00723,-173.08002,58,0.8,7,NBS
2.21,0.07,0.07,0.07,0.01,0.46,0,0,0.04,0,8.54,0,0,11.68,0.12,0.27,0.29,0.72,0.18,0,0.61,0.05,0.25,0.71,1.56,0.31,5.49,4.05,0.24,0.04,0,0,0.54,0.23,0.13,0,0.31,0.08,1.26,0,0,0,1.85,0.64,4.28,0,0,0.32,0,0,1.09,0,0.3,11.75,0.04,0.31,0.48,0.48,0.08,0.32,0,0,0,0.18,0,0.73,0.02,2.47,0.21,2019-61,2019,201902,V-24,0.01412747210032455,570605.7752409088,94,1,2,51.76,0,44.5,0.5409,0.1504,3/30/2021,R123,0,62.00723,-173.08002,58,0.8,7,NBS
2.9,0.08,0.14,0.18,0.01,0.79,0,0.22,0.06,0,15.22,0,0,17.6,0.17,0.5,0.54,0.98,0.4,0,1.01,0,0.08,0.67,2.71,0.37,15.88,9.16,0.41,0.08,0,0,0.77,0.45,0.21,0,0.32,0.2,1.29,0.17,0,0,3.17,1.44,6.68,0,0,0.44,0,0,2.28,0,0.35,15.63,0.07,0.52,0.99,0.93,0.28,0.82,0,0,0,0.57,0,1.32,0.02,4.35,0.26,2019-62,2019,201902,W-27,0.01495924640185965,67622.14170589813,162,1,2,53.71,0,47.3,0.5562,0.1544,3/30/2021,R123,0,62.31661,-175.31904,80,0.2,7,NBS
0.06,0,0,0.02,0.01,0.03,0,0,0.01,0,0.74,0,0,0.36,0.01,0.09,0.09,0.05,0.05,0,0.04,0,0.05,0.01,0.28,0,0.53,0.64,0,0.02,0,0,0.06,0.03,0.01,0,0,0.01,0.01,0.01,0,0.04,0.1,0.08,0.15,0,0,0.05,0,0,0.38,0,0.02,1.7,0.01,0,0.05,0.06,0,0.02,0,0,0,0.04,0,0.26,0.01,0.56,0.03,2019-63,2019,201901,PO2524,0.00989135557344,125795.09256962893,94,158,1,83.08,12.47,215.5,2.1214,0.1237,3/30/2021,,0,59.83709,-172.89989,80,2.4,4,EBS
1.19,0.04,0.05,0.14,0.01,0.41,0,0,0.04,0,6.54,0,0,8.33,0.11,0.35,0.43,0.56,0.26,0,0.48,0,0.17,0.26,1.56,0.27,5.39,4.96,0.26,0.05,0,0,0.48,0.31,0.14,0,0.21,0.11,0.61,0.1,0,0.19,2.1,0.56,5.36,0,0,0.39,0,0.02,1.29,0,0.21,8.64,0.06,0.38,0.82,0.53,0.15,0.69,0,0,0,0.25,0,1.01,0.02,2.04,0.15,2019-64,2019,201902,W-27,0.01495924640185965,67622.14170589813,162,1,1,88.23,15.43,247.8,0.9601,0.2007,3/30/2021,,0,62.31661,-175.31904,80,0.2,7,NBS
4.85,0.07,0.16,0.42,0.03,0.76,0,0,0.09,0,19.55,0,0,9.74,0.27,1.12,0.71,0.86,0.61,0,0.71,0,0.38,0.02,5.49,0.48,19.49,8.75,1.09,0.19,0,0,1.24,0.22,0.22,0.49,0,0.31,0.3,0.2,0.55,0.37,8.9,3.51,5.57,0,0,1.36,0,0,1.7,0,0.21,7.87,0.16,5.4,2.15,1.24,0.75,0.83,0,0,0.03,0.29,0.03,1.53,0.07,4.8,0.89,2019-65,2019,201901,O-31,0.0133047665657412,526.1272315761246,162,178,2,74.64,0,135.1,0.9321,0.3187,4/12/2021,very large female and not in the database-possibly tanner?,0,59.65589,-177.1321,176,3.3,5,EBS
2.02,0.02,0.06,0.11,0.01,0.33,0,0,0.05,0,7.39,0,0.82,3.15,0.11,0.45,0.23,0.47,0.27,0,0.31,0.01,0.57,0.05,2.29,0.23,8.39,3.14,0.43,0.07,0,0,1.03,0.09,0.1,0.08,0,0.34,0.27,0.11,0,0.11,2.69,1.33,1.87,0,0,0.58,0,0,1.08,0,0.15,5.81,0.05,1.57,0.86,0.68,0.32,0.23,0,0,0,0.17,0,1.12,0.02,3.91,0.24,2019-67,2019,201901,O-31,0.0133047665657412,526.1272315761246,162,178,2,78.89,0,141.2,1.6331,0.3145,4/12/2021,very large female and not in the database-possibly tanner?,0,59.65589,-177.1321,176,3.3,5,EBS
3.18,0.04,0.08,0.14,0.02,0.43,0,0,0.08,0,9.97,0,1.22,3.54,0.13,0.57,0.3,0.66,0.34,0,0.35,0,0.06,0.11,3.58,0.24,10.74,3.94,0.51,0.1,0,0,1.3,0.12,0.14,0.11,0,0.45,0.41,0.07,0.38,0.05,4.6,2.03,2.7,0,0,0.87,0,0.04,1.53,0,0.24,9.23,0.09,2.88,1.58,0.65,0.44,0.36,0,0,0,0.21,0,1.68,0.03,6.28,0.56,2019-68,2019,201901,O-31,0.0133047665657412,526.1272315761246,162,178,2,75.07,0,127.1,0.7911,0.2033,4/12/2021,very large female and not in the database-possibly tanner?,0,59.65589,-177.1321,176,3.3,5,EBS
2.29,0.06,0.11,0.23,0.02,0.56,0,0.27,0.05,0,12.14,0,0,14.24,0.15,0.49,0.62,0.74,0.3,0,0.68,0,0.27,0.36,2.18,0.61,13.66,7.07,0.41,0.08,0,0,0.7,0.24,0.15,0,0.28,0.13,0.77,0.17,0,0.25,3.01,1.13,4.97,0,0,0.37,0,0.03,1.79,0,0.23,12.34,0.07,0.47,0.6,0.61,0.19,0.77,0,0,0,0.41,0,1.18,0.01,3.73,0.22,2019-69,2019,201902,W-27,0.01495924640185965,67622.14170589813,162,1,2,53.76,0,49.4,0.8057,0.2021,4/12/2021,,0,62.31661,-175.31904,80,0.2,7,NBS
2.76,0.01,0.06,0.08,0.01,0.14,0,0,0.11,0,4.96,0,0.47,1.61,0.08,0.21,0.11,0.39,0.1,0,0.12,0,0.1,0.13,1.17,0.03,4.54,1.31,0.42,0,0,0,0.41,0.11,0.05,0.06,0.04,0.14,0.22,0.04,0,0.33,6.52,1.64,0.63,0,0,0.38,0,0.02,0.83,0,0.19,5.27,0.07,6.27,1.23,0.51,0,0.03,0,0,0,0.24,0,0.81,0.02,4.36,0.57,2019-70,2019,201901,P-32,0.0128599786060482,388.803135150508,162,180,1,65.21,NA,82.6,0.9008,0.145,4/12/2021,,NA,60.00657,-177.89505,141,2.7,5,EBS
7.37,0.05,0.16,0.26,0.03,0.42,0,0,0.26,0,16.17,0,0,7.71,0.24,0.6,0.35,1.07,0.29,0,0.5,0,0.31,0.43,3.97,0.1,18.07,5.47,0.92,0.12,0,0,1.06,0.24,0.16,0.12,0.13,0.36,0.73,0,0.45,0.34,11.09,4.28,1.82,0,0,0.65,0,0,1.43,0,0.53,11.38,0.16,9.29,2.68,0.65,0.1,0.1,0,0,0.23,0.24,0,2.04,0.03,8.49,0.9,2019-71,2019,201901,P-32,0.0128599786060482,388.803135150508,162,180,2,72.8,0,114.7,0.8023,0.243,4/12/2021,possibly mature female-pull from dataset,0,60.00657,-177.89505,141,2.7,5,EBS
1.89,0.03,0.1,0.18,0.01,0.49,0,0.22,0.04,0,9.19,0,0,10.28,0.12,0.4,0.49,0.58,0.26,0,0.6,0,0.21,0.32,1.79,0.29,9.32,5.99,0.33,0.05,0,0,0.54,0.22,0.13,0,0.21,0.1,0.63,0.14,0,0.24,2.46,0.43,4.87,0,0,0.3,0,0.02,1.45,0.01,0.23,9.28,0.07,0.37,0.61,0.57,0.15,0.55,0,0,0,0.43,0,1.12,0.01,2.82,0.22,2019-72,2019,201902,W-27,0.01495924640185965,67622.14170589813,162,1,2,56.01,0,55.1,0.656,0.1419,4/12/2021,,0,62.31661,-175.31904,80,0.2,7,NBS
3.03,0.06,0.15,0.29,0.02,0.86,0,0,0.06,0,19.58,0,0,19.38,0.21,0.72,0.85,0.96,0.42,0,1.06,0,0.34,0.48,3.38,0.61,19.11,10.19,0.59,0.11,0,0,0.96,0.49,0.21,0,0,0.23,0.83,0.28,0,0.78,4.18,1.64,7.74,0,0,0.59,0,0.04,2.17,0,0.27,13.27,0.12,0.67,1.33,2.88,0.32,1.02,0,0,0.31,0.51,0,1.51,0.01,4.07,0.32,2019-73,2019,201902,W-27,0.01495924640185965,67622.14170589813,162,1,2,54.33,0,49.3,0.5676,0.1383,4/16/2021,R12,0,62.31661,-175.31904,80,0.2,7,NBS
3.46,0.12,0.16,0.22,0.02,0.9,0,0,0.04,0,17.41,0,0,21.58,0.19,0.6,0.64,0.84,0.4,0,0.93,0,0.36,0.48,3.2,0.65,17.01,10.03,0.5,0.09,0,0,0.82,0.34,0.2,0,0.39,0.19,0.98,0.21,0,0.36,3.95,1.7,9.16,0,0,0.63,0,0.04,2.71,0,0.46,18.42,0.09,0.53,0.79,0.75,0.21,0.79,0,0,0,0.52,0,1.71,0.02,5.04,0.26,2019-74,2019,201902,W-27,0.01495924640185965,67622.14170589813,162,1,2,57.59,0,51.8,0.6704,0.202,4/16/2021,R12,0,62.31661,-175.31904,80,0.2,7,NBS
2.48,0.06,0.08,0.23,0.03,0.46,0,0.29,0.1,0,12.19,0,0,12.09,0.18,0.8,0.66,0.98,0.36,0,0.36,0,0.33,0.62,2.61,0.49,9.64,7.53,0.67,0.15,0,0,0.73,0.46,0.16,0.09,0.26,0.15,0.97,0.13,0,0.34,2.38,1.34,3.83,0,0,0.39,0,0.04,1.58,0,0.35,14.29,0.07,0.61,0.73,1.14,0.29,0.69,0,0,0,0.31,0,1.89,0.03,4.26,0.19,2019-75,2019,201902,FF-01,0.01325117993467125,45227.542223006465,162,17,2,44.07,0,30.5,0.5572,0.1546,4/16/2021,R12,0,65.33502,-168.38779,53,3.9,9,NBS
3.49,0.08,0.1,0.34,0.04,0.58,0,0,0.2,0,14.07,0,0,14.24,0.21,1,0.73,1.24,0.52,0,0.45,0,0.43,0.64,3.32,0.82,10.39,10.84,0.66,0.22,0,0,1.04,0.63,0.23,0,0.36,0.14,1.17,0.16,0,0.95,3.44,1.62,6.16,0,0,0.54,0,0,1.26,0,0.27,10.96,0.09,0.56,0.85,1.14,0.35,1.18,0,0,0,0.22,0,1.23,0.05,3.02,0.27,2019-76,2019,201902,FF-01,0.01325117993467125,45227.542223006465,162,17,2,43.64,0,26.2,0.5437,0.1287,4/16/2021,R12,0,65.33502,-168.38779,53,3.9,9,NBS
1.66,0.03,0.06,0.22,0.03,0.3,0,0.24,0.12,0,8.78,0,0,8.87,0.12,0.61,0.55,0.82,0.21,0,0.28,0,0.29,0.49,1.97,0.37,7.39,5.28,0.48,0.12,0,0,0.52,0.22,0.17,0,0.32,0.1,0.65,0.12,0,0.1,1.81,1.08,2.87,0,0,0.39,0,0.04,1.63,0,0.21,11.06,0.08,0.52,0.61,0.76,0.3,0.56,0,0,0,0.24,0.06,1.57,0.03,4.24,0.23,2019-77,2019,201902,FF-01,0.01325117993467125,45227.542223006465,162,17,2,43.2,0,24,0.641,0.1609,4/16/2021,R12,0,65.33502,-168.38779,53,3.9,9,NBS
3.7,0.07,0.12,0.28,0.03,0.4,0,0,0.37,0,12.26,0,0,9.31,0.19,0.7,0.64,1.61,0.3,0,0.81,0,0.41,1.32,2.79,0.34,9.36,6.53,0.57,0.14,0,0,0.59,0.61,0.13,0,0.34,0.09,0.94,0,0,0.69,3.24,1.48,3.76,0,0,0.33,0,0.03,0.93,0,0.26,15.19,0.11,1.95,1.05,0.86,0.28,0.73,0,0,0,0.23,0,1.42,0.02,4.44,0.33,2019-78,2019,201902,EE-19,0.01291385679046815,169244.79460026347,162,19,2,57.31,0,63.6,0.7926,0.2051,4/19/2021,R9,0,65.01169,-169.90252,50,2.8,9,NBS
4.49,0.13,0.1,0.34,0.05,0.5,0,0.34,0.36,0,17.52,0,0,15.65,0.24,1.01,0.88,3.64,0.37,0,1.67,0.08,0.42,3.74,4.34,0.51,15.24,11.27,0.79,0.25,0,0,0.98,1.05,0.24,0,0.68,0.19,2.37,0,0,0,2.84,2.31,5.85,0,0,0.49,0,0.03,1.57,0,0.86,35.72,0.13,0.51,0.86,1.19,0.28,0.68,0,0,0.09,0.52,0,2.28,0.03,8.08,0.11,2019-79,2019,201902,EE-19,0.01291385679046815,169244.79460026347,162,19,2,47.46,0,36.8,0.5494,0.1936,4/19/2021,R10,0,65.01169,-169.90252,50,2.8,9,NBS
4.98,0.14,0.17,0.27,0.04,0.56,0,0.43,0.33,0,20.31,0,0,16.19,0.26,1.07,0.93,3.54,0.49,0,1.89,0.08,0.6,4.34,4.81,0.7,19.18,12.89,0.83,0.24,0.03,0,1.09,1.02,0.29,0,0.77,0.17,2.31,0,0,0.15,4.02,3.51,6.81,0,0,0.83,0,0.07,1.82,0,0.78,35.02,0.19,1.43,1.24,1.33,0.76,0.86,0,0,0,0.56,0,2.64,0.01,8.23,0.53,2019-80,2019,201902,EE-19,0.01291385679046815,169244.79460026347,162,19,2,57.93,0,67.8,0.5286,0.197,4/19/2021,R11,0,65.01169,-169.90252,50,2.8,9,NBS
1.07,0.03,0.02,0.05,0.01,0.11,0,0,0.11,0,3.62,0,0,3.09,0.04,0.15,0.05,1.1,0.09,0,0.26,0.03,0.13,0.45,0.86,0.1,2.63,2.55,0,0,0,0,0.15,0.2,0.05,0,0.11,0.04,0.32,0,0,0,0.38,0.49,1.07,0,0,0.11,0,0,0.31,0,0.17,6.05,0.04,0,0.39,0.45,0.04,0.08,0,0,0.06,0.07,0,0.26,0.01,1.17,0.08,2019-81,2019,201902,EE-19,0.01291385679046815,169244.79460026347,162,19,2,46.03,0,33.6,0.4592,0.0888,4/19/2021,R12,0,65.01169,-169.90252,50,2.8,9,NBS
8.5,0.38,0.2,0.53,0.08,0.68,0,0.04,0.38,0,37.51,0,0,26.01,0.36,1.1,0.26,6.08,0.5,0,1.6,0.09,0.41,3.03,8.09,0.96,32.94,18.56,1.04,0,0,0,1.12,0.98,0.24,0,0.6,0.19,1.14,0,0.58,0,4.2,4.2,7.42,0,0,0.52,0,0,0.78,0,0.38,13.32,0.18,0.69,1.67,1.83,0.38,0.62,0,0,0.21,0.18,0,0.92,0.03,2.61,0.37,2019-82,2019,201902,EE-19,0.01291385679046815,169244.79460026347,162,19,2,44.15,0,27.6,0.4421,0.191,4/19/2021,R13,0,65.01169,-169.90252,50,2.8,9,NBS
4.31,0.11,0.07,0.23,0.03,0.57,0,0,0.28,0,17.17,0,0,14.43,0.22,0.74,0.52,2.72,0.42,0,1,0,0.43,1.48,3.86,0.63,12.94,11.07,0.77,0.19,0,0,0.75,0.88,0.18,0,0.5,0.14,1.31,0,0.47,0,2.89,2.2,6.47,0,0,0.46,0,0.03,1.28,0,0.57,22.21,0.14,0.55,0.74,0.98,0.28,0.89,0,0,0.05,0.37,0,1.4,0.01,5.4,0.09,2019-83,2019,201902,EE-19,0.01291385679046815,169244.79460026347,162,19,2,48.28,0,37.1,0.6682,0.1779,4/19/2021,R14,0,65.01169,-169.90252,50,2.8,9,NBS
0.87,0.01,0.01,0.07,0.01,0.12,0,0,0.11,0,3.34,0,0,2.26,0.07,0.26,0.24,0.97,0.12,0,0.07,0,0.17,0.31,0.91,0,2.2,2.11,0,0,0,0,0.19,0.21,0.04,0,0.12,0.04,0.21,0,0,0,1.09,0.51,1.71,0,0,0.2,0,0,0.46,0,0.1,6.32,0.04,0,0.37,0.42,0.12,0.34,0,0,0,0.1,0,1.03,0,1.96,0.1,2019-84,2019,201902,EE-19,0.01291385679046815,169244.79460026347,162,19,2,40.82,0,22.9,0.8721,0.133,4/19/2021,R15,0,65.01169,-169.90252,50,2.8,9,NBS
3.89,0.08,0.07,0.27,0.03,0.39,0,0,0.25,0,13.66,0,0,11.94,0.23,0.63,0.61,2.94,0.28,0,1.15,0.08,0.41,2.19,2.73,0.38,11.67,9.31,0.96,0.16,0,0,0.76,0.91,0.2,0,0.55,0.14,1.74,0,0,0.03,2.29,1.81,4.66,0,0,0.48,0,0.04,1.39,0,0.74,29.78,0.16,0.55,0.77,1.27,0.24,0.64,0.05,0,0.06,0.43,0,1.85,0.01,7.4,0.43,2019-85,2019,201902,EE-19,0.01291385679046815,169244.79460026347,162,19,2,45.46,0,31.1,0.6836,0.1618,4/20/2021,R123,0,65.01169,-169.90252,50,2.8,9,NBS
1.79,0.05,0.09,0.19,0.02,0.25,0,0,0.14,0,7.13,0,0,6.65,0.12,0.52,0.45,1.56,0.18,0,0.62,0.06,0.28,1.04,1.76,0.21,4.61,4.7,0.03,0.11,0,0,0.4,0.39,0.12,0,0.24,0.09,0.74,0,0,0,0.81,0.62,1.9,0,0,0.21,0,0.01,0.88,0,0.29,15.31,0.06,0.2,0.42,0.75,0.03,0.14,0,0,0.08,0.18,0,0.71,0.01,3.24,0.13,2019-86,2019,201902,EE-19,0.01291385679046815,169244.79460026347,162,19,2,38.37,0,21.9,0.4464,0.0949,4/20/2021,R123,0,65.01169,-169.90252,50,2.8,9,NBS
3.11,0.08,0.08,0.33,0.04,0.38,0,0.29,0.4,0,11.69,0,0,10.78,0.21,0.9,0.81,2.56,0.3,0,1.18,0.07,0.3,2.57,2.74,0.46,10.48,8.63,0.69,0.2,0,0,0.73,0.81,0.18,0,0.52,0.15,1.54,0,0,0.01,2.24,1.58,4.68,0,0,0.45,0,0.02,1.16,0,0.59,25.47,0.09,0.39,0.71,0.92,0.21,0.76,0,0,0.19,0.37,0,2.09,0.03,6.31,0.24,2019-87,2019,201902,EE-19,0.01291385679046815,169244.79460026347,162,19,2,47.75,0,35.3,0.7684,0.2007,4/20/2021,R123,0,65.01169,-169.90252,50,2.8,9,NBS
3.8,0.1,0.08,0.23,0.03,0.4,0,0,0.22,0,13.68,0,0,10.9,0.21,0.66,0.47,2.58,0.28,0,0.93,0.07,0.32,1.68,2.98,0.37,9.25,8.32,0.66,0.14,0,0,0.52,0.67,0.16,0,0.42,0.11,1.05,0,0.24,0,1.92,1.49,3.98,0,0,0.31,0,0.03,0.79,0,0.42,15.03,0.13,0.45,1.01,1.12,0.16,0.43,0,0,0.23,0.24,0,0.95,0.03,3.05,0.22,2019-88,2019,201902,EE-19,0.01291385679046815,169244.79460026347,162,19,2,45.15,0,30.1,0.7718,0.2152,4/20/2021,R123,0,65.01169,-169.90252,50,2.8,9,NBS
3.66,0.07,0.07,0.18,0.03,0.38,0,0.16,0.21,0,14.57,0,0,10.86,0.15,0.59,0.33,2.4,0.28,0,1.15,0.06,0.31,2.47,2.9,0.37,10.33,8.37,0.59,0.15,0,0,0.61,0.74,0.18,0,0.44,0.13,1.68,0,0,0.11,2.15,1.56,4.25,0,0,0.35,0,0.02,1.2,0,0.62,26.76,0.12,0.63,0.58,1.04,0.16,0.59,0,0,0,0.37,0,1.43,0.02,6.39,0.22,2019-89,2019,201902,EE-19,0.01291385679046815,169244.79460026347,162,19,2,41.52,0,23.8,0.4827,0.1461,4/20/2021,R123,0,65.01169,-169.90252,50,2.8,9,NBS
3.02,0.06,0.12,0.16,0.03,0.28,0,0.18,0.54,0,9.2,0,0,7.95,0.16,0.51,0.39,1.38,0.2,0,0.25,0,0.21,0.38,1.74,0.34,8.73,6.97,0.55,0.12,0,0,0.53,0.38,0.11,0.08,0.21,0.12,0.52,0,0,0,3.51,1.53,2.34,0,0,0.36,0,0.02,0.8,0,0.32,10.7,0.07,2.48,1.13,0.48,0.18,0.26,0,0,0,0.19,0,1.78,0.02,4.7,0.39,2019-90,2019,201902,AA-23,0.014365230067056,72158.1335740092,162,42,2,44.92,0,29.4,0.6171,0.1303,4/20/2021,R123,0,63.6616,-172.72117,56,0.3,8,NBS
3.11,0.04,0.09,0.17,0.02,0.49,0,0,0.21,0,12.29,0,0,10.03,0.2,0.65,0.43,1.08,0.29,0,0.32,0,0.3,0.46,2.47,0.27,10.98,7.26,0.67,0.15,0,0,0.67,0.34,0.16,0,0.32,0.17,0.8,0.1,0.34,0,3.34,1.86,4.29,0,0,0.59,0,0.05,1.54,0,0.33,13.79,0.09,1.98,0.92,0.75,0.21,0.58,0,0,0.08,0.45,0.01,1.52,0.03,9.2,0.46,2019-91,2019,201902,AA-23,0.014365230067056,72158.1335740092,162,42,2,39.11,0,20.7,0.5651,0.1339,4/20/2021,R123,0,63.6616,-172.72117,56,0.3,8,NBS
0.71,0.01,0.02,0.04,0.01,0.09,0,0,0.12,0,2.6,0,0,1.97,0.04,0.18,0.14,0.38,0.08,0,0.11,0,0.13,0.08,0.62,0.11,2.38,2.04,0.18,0,0,0,0.16,0.11,0.03,0.02,0.06,0.04,0.11,0.03,0,0,1.04,0.52,0.67,0,0,0.17,0,0.01,0.43,0,0.09,3.98,0.03,0.85,0.42,0.27,0.04,0.06,0,0,0,0.08,0,0.68,0.02,1.83,0.12,2019-92,2019,201902,AA-23,0.014365230067056,72158.1335740092,162,42,2,46.98,0,33.7,0.6216,0.0749,4/20/2021,R123,0,63.6616,-172.72117,56,0.3,8,NBS
0.43,0.01,0.01,0.03,0.01,0.07,0,0,0.18,0,1.9,0,0,1,0.03,0.13,0.07,0.2,0.07,0,0.06,0,0.07,0.02,0.61,0.04,1.7,1.2,0.17,0,0,0,0.13,0.07,0.03,0,0.04,0.03,0.07,0.02,0,0,0.8,0.39,0.43,0,0,0.13,0,0,0.51,0,0.06,3.05,0.02,1.01,0.23,0.13,0.02,0.05,0,0,0,0.07,0,0.39,0.02,2.03,0.13,2019-94,2019,201902,AA-23,0.014365230067056,72158.1335740092,162,42,2,45.03,0,27.8,1.1962,0.1239,4/20/2021,R123,0,63.6616,-172.72117,56,0.3,8,NBS
0.79,0.01,0.02,0.05,0.01,0.14,0,0,0.08,0,3,0,0,2.02,0.08,0.17,0.1,0.39,0.09,0,0.13,0,0.13,0.1,0.7,0.08,2.23,1.69,0.2,0,0,0,0.22,0.13,0.05,0,0.06,0.05,0.16,0.04,0,0,1.01,0.48,0.85,0,0,0.16,0,0,0.47,0,0.09,4.53,0.03,0.85,0.31,0.18,0.04,0.1,0.01,0,0,0.1,0,0.55,0,3.1,0.15,2019-95,2019,201902,AA-23,0.014365230067056,72158.1335740092,162,42,2,43.22,0,30.4,0.6477,0.0773,4/20/2021,R123,0,63.6616,-172.72117,56,0.3,8,NBS
1.05,0.03,0.03,0.08,0.01,0.15,0,0,0.22,0,3.79,0,0,3.09,0.07,0.31,0.2,0.64,0.12,0,0.15,0,0.16,0.13,1.08,0.15,3.07,2.77,0.27,0.07,0,0,0.26,0.22,0.06,0.04,0.1,0.07,0.21,0.05,0,0,1.14,0.79,1.19,0,0,0.27,0,0.02,0.74,0,0.25,5.91,0.07,0.97,0.62,0.32,0.05,0.17,0,0,0,0.19,0,1.16,0.02,3.6,0.23,2019-96,2019,201902,AA-23,0.014365230067056,72158.1335740092,162,42,2,50.09,0,40.6,0.6292,0.1023,4/20/2021,,0,63.6616,-172.72117,56,0.3,8,NBS
0.12,0.01,0,0.02,0,0.07,0,0,0.01,0,1.2,0,0.11,0.34,0.02,0.11,0.09,0.09,0.07,0,0.07,0,0.13,0.01,0.46,0,1.25,0.86,0,0.04,0,0,0.13,0.06,0.03,0.02,0.02,0.03,0.03,0.01,0,0,0.27,0.2,0.46,0,0,0.1,0,0,0.44,0,0.02,2.4,0.04,0,0.23,0.21,0.03,0.07,0,0,0.03,0.05,0,0.3,0.01,1.27,0.05,2019-97,2019,201901,QP2524,0.015728067046296,272251.0011812556,162,163,2,54.86,0,NA,0.893,0.0795,4/26/2021,missing L3,0,60.16502,-172.99523,60,2.9,4,EBS
2.96,0.06,0.08,0.16,0.02,0.45,0,0,0.32,0,11.73,0,0,9.74,0.18,0.6,0.4,1.51,0.32,0,0.32,0,0.31,0.46,2.49,0.31,11.73,7.53,0.73,0.17,0,0,0.75,0.48,0.18,0,0.34,0.19,0.79,0.09,0,0,3.83,3.06,3.82,0,0,0.66,0,0.04,1.41,0,0.42,14.63,0.09,3.33,1.4,0.75,0.24,0.4,0,0,0.05,0.37,0,2.24,0.01,8.42,0.56,2019-98,2019,201902,AA-23,0.014365230067056,72158.1335740092,162,42,2,41.65,0,25,0.9324,0.2098,4/26/2021,,0,63.6616,-172.72117,56,0.3,8,NBS
0.92,0.04,0.02,0.07,0.01,0.12,0,0,0.32,0,3.6,0,0,2.9,0.07,0.29,0.22,0.65,0.11,0,0.09,0,0.14,0.13,0.92,0.18,3.02,2.88,0.25,0.07,0,0,0.23,0.18,0.06,0.03,0.09,0.05,0.16,0,0,0,0.89,0.53,0.72,0,0,0.23,0,0.01,0.56,0,0.16,5.21,0.04,0.8,0.41,0.26,0.07,0.09,0,0,0.01,0.13,0.01,1.04,0,2.39,0.16,2019-99,2019,201902,AA-23,0.014365230067056,72158.1335740092,162,42,2,48.34,0,37.2,0.819,0.1211,4/26/2021,R123,0,63.6616,-172.72117,56,0.3,8,NBS
0.89,0.01,0.03,0.06,0.01,0.09,0,0,0.16,0,2.61,0,0,2.2,0.05,0.21,0.17,0.41,0.08,0,0.07,0,0.11,0.1,0.65,0.14,2.16,2.35,0.02,0.05,0,0,0.18,0.15,0.04,0,0.11,0.04,0.14,0.03,0,0,1.12,0.51,0.56,0,0,0.18,0,0,0.41,0,0.13,4.11,0.03,0.96,0.32,0.18,0.04,0.06,0,0,0,0.1,0,0.82,0.02,2.01,0.14,2019-100,2019,201902,AA-23,0.014365230067056,72158.1335740092,162,42,2,46.14,0,33.1,0.6616,0.0956,4/26/2021,R123,0,63.6616,-172.72117,56,0.3,8,NBS
1.19,0.05,0.05,0.08,0.01,0.2,0,0,0.18,0,4.54,0,0,4.27,0.08,0.29,0.2,0.75,0.13,0,0.1,0,0.26,0.22,1.29,0,3.09,3.23,0,0,0,0,0.29,0.23,0.08,0.04,0.1,0,0.33,0.07,0,0,1.09,0.7,1.76,0,0,0.23,0,0,0.67,0,0.22,7.51,0.03,0.7,0.4,0.33,0.05,0.51,0,0,0,0.15,0,0.93,0,3.13,0.17,2019-101,2019,201902,AA-23,0.014365230067056,72158.1335740092,162,42,2,41.34,0,25.3,0.6655,0.0968,4/26/2021,R123,0,63.6616,-172.72117,56,0.3,8,NBS
0.76,0.01,0.02,0.03,0.01,0.1,0,0,0.12,0,2.69,0,0,1.69,0.04,0.13,0.06,0.27,0.09,0,0.07,0,0.07,0.06,0.76,0,2.04,1.63,0,0,0,0,0.15,0.1,0.04,0,0.05,0.04,0.13,0.03,0.05,0,1.13,0.53,0.88,0,0,0.15,0,0,0.45,0,0.06,3.53,0.05,1.09,0.36,0.15,0.02,0.14,0,0,0,0.12,0,0.4,0.02,2.5,0.19,2019-102,2019,201902,AA-23,0.014365230067056,72158.1335740092,162,42,2,42.58,0,22.8,0.4508,0.0974,4/26/2021,R123,0,63.6616,-172.72117,56,0.3,8,NBS
2.16,0.05,0.06,0.14,0.01,0.34,0,0,0.17,0,7.56,0,0,7.58,0.12,0.45,0.35,1.27,0.23,0,0.23,0,0.01,0.43,1.86,0.33,6.71,6.35,0.64,0.08,0,0,0.58,0.47,0.15,0,0.27,0.12,0.64,0.1,0,0,2.95,1.38,4.28,0,0,0.49,0,0,1.13,0,0.28,11.56,0.06,1.25,0.75,0.46,0.18,0.61,0,0,0,0.33,0,1.83,0.02,4.8,0.25,2019-103,2019,201902,AA-23,0.014365230067056,72158.1335740092,162,42,2,57.94,0,65,1.3231,0.2877,4/26/2021,,0,63.6616,-172.72117,56,0.3,8,NBS
1.06,0.03,0.03,0.1,0.01,0.16,0,0,0.27,0,3.78,0,0,3.55,0.08,0.33,0.28,0.71,0.13,0,0.12,0.02,0.16,0.17,0.99,0,3.13,3.01,0,0,0,0,0.26,0.18,0.07,0.03,0.09,0,0.22,0,0,0,1.35,0.56,1.17,0,0,0.23,0,0,0.71,0,0.15,6.62,0.05,0.99,0.56,0.28,0.08,0.14,0,0,0.01,0.16,0,1.18,0.02,2.87,0.19,2019-105,2019,201902,AA-23,0.014365230067056,72158.1335740092,162,42,2,55.67,0,69.2,0.5605,0.0885,4/26/2021,,0,63.6616,-172.72117,56,0.3,8,NBS
0.94,0.02,0.02,0.09,0.01,0.22,0,0,0.25,0,4.86,0,0,4.29,0.07,0.32,0.29,0.67,0.23,0,0.34,0,0.18,0.2,1.19,0,3.33,3.56,0,0,0,0,0.38,0.28,0.11,0,0.16,0.1,0.35,0.06,0,0.11,2.1,0.85,2.7,0,0,0.3,0,0,0.84,0,0.17,6.45,0.05,1.56,0.45,0.3,0.1,0.43,0,0,0,0.25,0,0.98,0.03,2.62,0.18,2019-106,2019,201902,AA-23,0.014365230067056,72158.1335740092,162,42,2,50.81,0,46.4,0.7676,0.1425,4/26/2021,,0,63.6616,-172.72117,56,0.3,8,NBS
2.35,0.04,0.05,0.2,0.02,0.45,0,0,0.29,0,10.87,0,0,7.84,0.15,0.59,0.5,0.93,0.37,0,0.55,0,0.31,0.33,2.64,0.4,9.06,6.65,0.62,0.14,0,0,0.59,0.49,0.14,0,0.36,0.14,0.54,0,0,0,3.98,1.71,5.64,0,0,0.59,0,0,1.52,0,0.3,12.33,0.09,2.03,1.22,0.63,0.23,0.8,0,0,0,0.4,0,2.03,0.03,5.82,0.4,2019-107,2019,201902,AA-23,0.014365230067056,72158.1335740092,162,42,2,51.14,0,53.1,0.4744,0.1335,4/26/2021,,0,63.6616,-172.72117,56,0.3,8,NBS
0.35,0.01,0.01,0.03,0,0.07,0,0,0.13,0,1.59,0,0,0.86,0.03,0.13,0.12,0.3,0.06,0,0.07,0,0.1,0.02,0.48,0.06,1.56,1.14,0.11,0,0,0,0.1,0.08,0.03,0,0.05,0.02,0.05,0.01,0,0,0.97,0.37,0.54,0,0,0.12,0,0,0.3,0,0.05,2.45,0.02,1.04,0.21,0.23,0.05,0.08,0,0,0,0.06,0,0.4,0.01,1.24,0.13,2019-108,2019,201902,AA-23,0.014365230067056,72158.1335740092,162,42,2,51.55,0,49.4,0.527,0.0743,4/26/2021,,0,63.6616,-172.72117,56,0.3,8,NBS
2.08,0.03,0.05,0.13,0.01,0.31,0,0,0.21,0,7.92,0,0,6.84,0.11,0.39,0.33,1.01,0.21,0,0.17,0,0.22,0.44,1.75,0.33,5.88,5.08,0.48,0.09,0,0,0.43,0.38,0.13,0,0.26,0.1,0.6,0.08,0,0,2.97,1.21,3.58,0,0,0.42,0,0,0.92,0,0.27,10.69,0.08,1.69,0.88,0.45,0.19,0.43,0,0,0.02,0.23,0,1.35,0.05,4.06,0.28,2019-109,2019,201902,AA-23,0.014365230067056,72158.1335740092,162,42,2,49.67,0,46,1.0054,0.1958,4/26/2021,,0,63.6616,-172.72117,56,0.3,8,NBS
1.68,0.03,0.03,0.07,0.01,0.19,0,0,0.22,0,5.12,0,0,4.45,0.08,0.28,0.2,0.77,0.17,0,0.27,0,0.22,0.29,1.3,0.17,3.89,3.51,0.27,0,0,0,0.36,0.29,0.09,0,0.15,0.1,0.55,0,0,0,2.68,0.99,2.12,0,0,0.26,0,0,0.62,0,0.22,7.99,0.06,1.9,1.02,0.46,0.11,0.41,0,0,0,0.14,0,1.35,0.02,3.1,0.22,2019-110,2019,201902,AA-23,0.014365230067056,72158.1335740092,162,42,2,54.7,0,65.7,1.5483,0.2247,4/26/2021,,0,63.6616,-172.72117,56,0.3,8,NBS
1.52,0.03,0.04,0.12,0.01,0.28,0,0,0.25,0,7.16,0,0,5.82,0.11,0.44,0.34,1.3,0.21,0,0.17,0,0.27,0.33,1.66,0.25,4.82,4.39,0.37,0.07,0,0,0.5,0.39,0.12,0,0.23,0.08,0.45,0.08,0,0,2.16,0.99,3.09,0,0,0.4,0,0.02,0.98,0,0.25,9.92,0.06,1.25,0.44,0.64,0.06,0.66,0,0,0,0.17,0,1.56,0.03,3.69,0.22,2019-111,2019,201902,AA-23,0.014365230067056,72158.1335740092,162,42,2,51.82,0,49.8,0.5115,0.1097,4/26/2021,,0,63.6616,-172.72117,56,0.3,8,NBS
2.95,0.05,0.07,0.19,0.02,0.45,0,0,1,0,10.21,0,0,9.14,0.22,0.73,0.54,1.87,0.35,0,0.28,0,0.38,0.44,2.56,0.45,8.61,6.89,0.65,0.15,0,0,0.68,0.51,0.17,0,0.32,0.16,0.79,0,0,0,4.86,1.85,4.47,0,0,0.7,0,0.04,1.53,0,0.45,15.68,0.09,3.66,1.21,1.16,0.36,0.64,0,0,0,0.35,0,3.02,0.06,7.43,0.6,2019-112,2019,201902,AA-23,0.014365230067056,72158.1335740092,162,42,2,51.02,0,48.6,0.4361,0.1171,4/26/2021,,0,63.6616,-172.72117,56,0.3,8,NBS
4.61,0.13,0.09,0.17,0.03,0.41,0,0,0.26,0,19.55,0,0,13.8,0.18,0.78,0.17,4.35,0.29,0,1.97,0.1,0.52,5.15,4.52,0.33,15.48,9.59,0.64,0.17,0,0,0.76,0.87,0.25,0,0.57,0.16,2.77,1.57,0.62,0,1.68,2.04,3.88,0,0,0.34,0,0.03,1.4,0,0.85,40.23,0.13,0.39,0.77,1.23,0.17,0.34,0,0,0.05,0.34,0.03,1.56,0.03,7.75,0.24,2019-113,2019,201902,EE-19,0.01291385679046815,169244.79460026347,162,19,2,54.18,0,59.1,0.5302,0.2137,4/27/2021,R9,0,65.01169,-169.90252,50,2.8,9,NBS
2.87,0.06,0.08,0.15,0.02,0.49,0,0,0.16,0,13.83,0,0,9.81,0.18,0.78,0.53,1.88,0.36,0,0.25,0,0.36,1.09,3.44,0.24,10.35,7.34,0.73,0.16,0,0,0.59,0.6,0.15,0,0.33,0.14,0.9,0,0,0,2.52,2.23,5.38,0,0,0.58,0,0.05,1.43,0,0.34,18.9,0.14,0.94,0.9,0.98,0.38,0.58,0,0,0,0.36,0,1.68,0.06,6.33,0.44,2019-114,2019,201902,EE-19,0.01291385679046815,169244.79460026347,162,19,2,64.06,0,115.6,0.5842,0.1498,4/27/2021,R9,0,65.01169,-169.90252,50,2.8,9,NBS
3.6,0.09,0.09,0.15,0.03,0.37,0,0.16,0.2,0,18.96,0,0,12.87,0.15,0.62,0.19,2.8,0.31,0,1.07,0,0.33,2.32,4.05,0.24,15.71,9.8,0.47,0.15,0,0,0.63,0.63,0.17,0,0.35,0.11,1.27,0,0,0.01,1.89,1.73,4.36,0,0,0.24,0,0.02,0.95,0,0.37,19.13,0.12,0.31,0.77,0.92,0.11,0.67,0,0,0.28,0.27,0,1.03,0.01,4.59,0.2,2019-115,2019,201902,EE-19,0.01291385679046815,169244.79460026347,162,19,2,67.22,0,112.9,1.2918,0.3646,4/27/2021,R9,0,65.01169,-169.90252,50,2.8,9,NBS
4.96,0.13,0.09,0.19,0.04,0.5,0.01,0,0.29,0,20.93,0,0,15.63,0.21,0.99,0.43,4.34,0.37,0,1.97,0.08,0.51,5.35,4.98,0.38,15.84,10.35,0.79,0.22,0,0,0.87,0.93,0.27,0,0.6,0.18,2.55,0,0.41,0.02,1.98,1.98,4.38,0,0,0.41,0,0.03,1.74,0,0.79,42.23,0.17,0.69,0.85,1.22,0.24,0.44,0,0,0,0.37,0,1.99,0.04,9.44,0.31,2019-116,2019,201902,EE-19,0.01291385679046815,169244.79460026347,162,19,2,65.6,0,112.3,0.9736,0.2892,4/27/2021,R9,0,65.01169,-169.90252,50,2.8,9,NBS
4.22,0.1,0.08,0.25,0.04,0.46,0,0,0.4,0,15.35,0,0,12.41,0.31,0.84,0.59,3.99,0.32,0,1.28,0.06,0.32,2.85,3.12,0.3,12.2,9.36,1.42,0.2,0,0,0.81,0.95,0.23,0,0.54,0.12,1.75,0,0,0.01,2.33,2.16,5.13,0,0,0.5,0,0.04,1.36,0,0.6,27.41,0.16,0.85,1.02,1.02,0.32,0.71,0,0,0.24,0.38,0,2.64,0.05,6.53,0.33,2019-117,2019,201902,EE-19,0.01291385679046815,169244.79460026347,162,19,2,62.09,0,102.5,1.0122,0.2453,4/27/2021,R9,0,65.01169,-169.90252,50,2.8,9,NBS
3.93,0.09,0.09,0.35,0.04,0.48,0,0,0.45,0,17.94,0,0,13.55,0.24,1.01,0.87,2.29,0.43,0,1.18,0,0.43,1.79,3.94,0.41,12.47,8.74,0.78,0.22,0,0,0.87,0.72,0.23,0,0.49,0.13,1.29,0,0.23,0,3.17,1.67,4.17,0,0,0.35,0,0,1.06,0,0.34,17.73,0.1,1.65,0.76,0.63,0.26,0.61,0,0,0,0.27,0,1.62,0.02,4.35,0.25,2019-118,2019,201902,EE-19,0.01291385679046815,169244.79460026347,162,19,2,53.56,0,63.3,0.8905,0.2577,4/27/2021,R9,0,65.01169,-169.90252,50,2.8,9,NBS
4.98,0.17,0.08,0.16,0.03,0.34,0,0,0.34,0,17.39,0,0,14.44,0.18,0.72,0.1,4.84,0.24,0,1.84,0.1,0.36,4.87,3.63,0.18,12.61,8.82,0.56,0.14,0,0,0.67,0.78,0.24,0,0.56,0.14,2.55,0,0.37,0.03,0.88,1.8,3.34,0,0,0.26,0,0,1.08,0,0.82,34.79,0.13,0.32,0.82,0.88,0.07,0.15,0,0,0.24,0.24,0,0.97,0.02,5.18,0.08,2019-119,2019,201902,EE-19,0.01291385679046815,169244.79460026347,162,19,2,56.68,0,73.6,1.3093,0.4049,4/27/2021,R9,0,65.01169,-169.90252,50,2.8,9,NBS
3.62,0.16,0.09,0.22,0.04,0.75,0,0,0.26,0,13.59,0,0,19.58,0.22,0.64,0.56,1.78,0.39,0.01,0.48,0,0.29,1.07,2.96,0.53,8.36,7.79,0.43,0,0,0,0.76,0.47,0.25,0,0.43,0.16,1.44,0,0.26,0,2.77,1.3,5.74,0,0,0.52,0,0.04,1.38,0,0.41,16.18,0.07,0.56,0.74,0.57,0.27,0.63,0.03,0,0.02,0.26,0,1.31,0.02,3.17,0.24,2019-120,2019,201902,Y-24,0.01454845822763025,109059.03946486037,162,49,2,59.58,0,82.8,0.7027,0.2106,4/27/2021,R9,0,63.0105,-173.29301,70,-0.6,8,NBS
3.96,0.19,0.1,0.24,0.05,0.73,0,0,0.32,0,16.27,0,0,23.13,0.21,0.57,0.58,2.17,0.33,0.02,0.4,0,0.21,1.77,2.95,0.38,11.59,8.34,0.4,0,0,0,0.83,0.53,0.27,0,0.44,0.16,1.87,0,0,0,2.13,1.06,4.81,0,0,0.36,0,0.03,1.26,0,0.45,17.52,0.08,0.42,0.49,0.4,0.16,0.43,0.04,0,0,0.23,0,0.98,0.02,3.3,0.09,2019-121,2019,201902,Y-24,0.01454845822763025,109059.03946486037,162,49,2,53.26,0,55.2,0.9669,0.3269,4/27/2021,R8,0,63.0105,-173.29301,70,-0.6,8,NBS
3.62,0.14,0.09,0.18,0.03,0.72,0,0,0.27,0,14.29,0,0,19.87,0.19,0.52,0.45,1.61,0.31,0.01,0.34,0,0.23,1,2.66,0.45,8.43,5.87,0.33,0,0,0,0.54,0.38,0.19,0,0.34,0.12,1.4,0,0.12,0,2.47,1.03,5.13,0,0,0.39,0,0.03,1.02,0,0.32,13.55,0.05,0.73,0.57,0.43,0.22,0.47,0,0,0.2,0.18,0,0.88,0.02,2.86,0.26,2019-122,2019,201902,Y-24,0.01454845822763025,109059.03946486037,162,49,2,53.51,0,56.8,1.0115,0.2582,4/27/2021,R8,0,63.0105,-173.29301,70,-0.6,8,NBS
3.13,0.13,0.08,0.21,0.03,0.7,0,0,0.28,0,15.01,0,0,20.06,0.21,0.63,0.54,1.69,0.4,0,0.41,0,0.34,1.31,3.16,0.43,10.43,8.4,0.45,0,0,0,0.86,0.53,0.29,0,0.43,0.19,1.95,0,0,0,3.4,1.51,6.09,0,0,0.5,0,0.03,1.52,0,0.47,19.63,0.1,1.48,0.86,0.53,0.34,0.94,0.04,0,0,0.32,0,1.73,0.01,4.66,0.34,2019-123,2019,201902,Y-24,0.01454845822763025,109059.03946486037,162,49,2,56.51,0,63,0.9762,0.2639,4/27/2021,R8,0,63.0105,-173.29301,70,-0.6,8,NBS
4.91,0.21,0.12,0.29,0.04,0.94,0,0,0.41,0,17.54,0,0,28.24,0.3,0.69,0.72,2.58,0.35,0.02,1.56,0,0.28,2.14,3.05,0.51,11.47,8.38,0.56,0,0,0,1.04,0.77,0.36,0,0.66,0.23,2.7,0,0,0,3.12,1.5,6.48,0,0,0.67,0,0.04,1.75,0,0.67,26.22,0.09,0.87,0.79,0.61,0.3,0.61,0.11,0,0,0.38,0,1.73,0.01,5.35,0.34,2019-124,2019,201902,Y-24,0.01454845822763025,109059.03946486037,162,49,2,56.63,0,67.8,0.8546,0.2349,4/27/2021,R8,0,63.0105,-173.29301,70,-0.6,8,NBS
4.48,0.17,0.09,0.19,0.03,0.81,0,0.18,0.21,0,16.52,0,0,26.39,0.24,0.57,0.52,1.61,0.33,0.01,0.41,0,0.17,1.3,2.72,0.51,8.45,6.91,0.31,0,0,0,0.74,0.48,0.25,0,0.47,0.15,1.86,0,0,0,2.28,0.97,5.32,0,0,0.4,0,0.02,1.31,0,0.46,16.62,0.06,0.4,0.77,0.4,0.13,0.3,0.02,0,0.16,0.21,0,0.9,0.02,2.46,0.22,2019-125,2019,201902,Y-24,0.01454845822763025,109059.03946486037,162,49,2,59.99,0,73.9,0.9546,0.2613,4/27/2021,R8,0,63.0105,-173.29301,70,-0.6,8,NBS
4.7,0.17,0.09,0.16,0.03,0.85,0,0.17,0.17,0,15.66,0,0,27.52,0.22,0.5,0.42,1.88,0.28,0.01,1.17,0,0.17,1.56,2.36,0.47,7.71,6.29,0.35,0,0,0,0.78,0.5,0.28,0,0.51,0.16,2.23,0,0,0,2.11,0.94,5.53,0,0,0.41,0,0.02,1.36,0,0.54,20.16,0.07,0.32,0.48,0.29,0.17,0.37,0.02,0,0,0.31,0,1.01,0.01,2.86,0.09,2019-126,2019,201902,Y-24,0.01454845822763025,109059.03946486037,162,49,2,55.59,0,61.4,0.835,0.1522,4/27/2021,R8,0,63.0105,-173.29301,70,-0.6,8,NBS
3.57,0.1,0.17,0.35,0.04,0.6,0,0.4,0.23,0,16.01,0,0,15.67,0.23,1.03,0.9,2.38,0.49,0,1.51,0,0.47,1.86,3.13,0.45,14.18,10.93,0.73,0.14,0,0,1.03,0.71,0.27,0,0.61,0.22,1.61,0,0,0,3.2,1.94,5.53,0,0,0.73,0,0.05,2.22,0,0.57,25.94,0.17,0.69,0.97,1.06,0.41,0.8,0.03,0,0.01,0.61,0.03,2.33,0.03,7.89,0.31,2019-127,2019,201902,FF-18,0.0121191759469935,4703.2900792351675,162,18,2,50.97,0,56.1,0.4873,0.1529,4/29/2021,R9,0,65.22397,-168.90444,53,2.1,9,NBS
3.79,0.09,0.12,0.31,0.05,0.66,0,0.35,0.33,0,21.77,0,0,17.96,0.22,0.98,0.82,2.13,0.52,0,0.42,0,0.49,1.3,4.74,0.91,17.34,12.59,0.87,0.23,0,0,0.98,0.75,0.23,0,0.5,0.2,1.33,0,0,0,4.13,2.23,6.93,0,0,0.62,0,0.04,1.73,0,0.43,20.97,0.1,0.68,1.1,1.19,0.35,1.05,0.03,0,0,0.42,0,2.6,0.01,7.1,0.27,2019-128,2019,201902,FF-18,0.0121191759469935,4703.2900792351675,162,18,2,51.1,0,46.4,0.8719,0.2534,4/29/2021,R9,0,65.22397,-168.90444,53,2.1,9,NBS
4.13,0.16,0.07,0.26,0.03,0.65,0,0,0.21,0,20.75,0,0,19.69,0.22,0.81,0.65,2.66,0.48,0,1.41,0.09,0.52,1.88,4.11,0.45,12.98,12.15,0.65,0.18,0,0,0.96,0.67,0.26,0,0.52,0.17,1.73,0,0,0,2.5,1.77,7.08,0,0,0.5,0,0.04,1.34,0,0.55,19.41,0.15,0.41,0.8,1.12,0.09,1.29,0,0,0.18,0.27,0,1.12,0.01,4.03,0.25,2019-130,2019,201902,DD-18,0.00730541876231475,148051.40474346993,162,33,2,54.18,0,67,0.3993,0.1535,4/29/2021,R9,0,64.66013,-169.12056,44,2.2,9,NBS
5.13,0.18,0.12,0.37,0.04,0.68,0,0.32,0.31,0,26.29,0,0,21.78,0.24,0.97,0.76,2.94,0.46,0,1.53,0,0.3,2.27,5.38,0.43,19.33,14.28,0.98,0.25,0,0,1.07,0.73,0.28,0,0.58,0.09,1.7,0,0.53,0.01,2.22,2.93,6.79,0,0,0.51,0,0.03,1.12,0,0.57,19.24,0.17,0.6,0.94,0.99,0.23,0.76,0,0,0,0.27,0,1.44,0.03,4.24,0.31,2019-131,2019,201902,DD-18,0.00730541876231475,148051.40474346993,162,33,2,55.15,0,58.4,0.7923,0.3371,4/29/2021,R9,0,64.66013,-169.12056,44,2.2,9,NBS
7.34,0.31,0.15,0.36,0.05,0.73,0,0.05,0.24,0,33.31,0,0,26.59,0.29,0.84,0.9,2.91,0.63,0,1.2,0,0.48,1.23,7.13,0.73,23.15,19.97,1.19,0.17,0,0,1.29,0.83,0.28,0,0.5,0.19,1.16,0,0.58,0,2.69,3.44,8.32,0,0,0.47,0,0,0.77,0,0.37,9.7,0.17,0.72,0.85,1.1,0.46,0.84,0,0,0,0.08,0,0.57,0.03,1.7,0.34,2019-132,2019,201902,DD-18,0.00730541876231475,148051.40474346993,162,33,2,49.98,0,44.2,0.7262,0.3108,4/29/2021,R9,0,64.66013,-169.12056,44,2.2,9,NBS
1.48,0.05,0.09,0.11,0.01,0.45,0,0,0.03,0,8.6,0,0,9.72,0.09,0.29,0.34,0.46,0.22,0,0.48,0,0.19,0.25,1.53,0.27,8.13,5.22,0.25,0.04,0,0,0.43,0.18,0.1,0,0,0.11,0.46,0.19,0,0,1.93,0.73,4.29,0,0,0.28,0,0,1.33,0,0.15,7.49,0.04,0,0.47,0.42,0.17,0.54,0,0,0.02,0.26,0,0.76,0.02,2.28,0.14,2019-133,2019,201902,W-26,0.0141509820878085,208473.85302972078,162,2,2,57.21,0,63.6,0.7668,0.1829,5/5/2021,R12,0,62.33512,-174.57173,71,-0.5,7,NBS
2.78,0.07,0.12,0.17,0.01,0.71,0,0,0.07,0,13.86,0,0,15.8,0.15,0.43,0.49,0.96,0.36,0,0.85,0,0.24,0.47,2.47,0.36,15.34,8.82,0.39,0.07,0,0,0.72,0.39,0.2,0,0,0.18,0.77,0.27,0,0,2.82,1.44,6.45,0,0,0.4,0,0,1.74,0,0.24,11.65,0.07,0.44,0.75,0.72,0.17,0.69,0,0,0,0.43,0,1.01,0.01,2.87,0.07,2019-134,2019,201902,W-26,0.0141509820878085,208473.85302972078,162,2,2,55.51,0,57,0.8562,0.213,5/5/2021,R12,0,62.33512,-174.57173,71,-0.5,7,NBS
3.84,0.08,0.19,0.27,0.02,0.9,0,0.37,0.09,0,17.71,0,0,20.38,0.22,0.73,0.86,1.25,0.47,0,1.04,0,0.33,0.75,3.63,0.58,18.29,11.41,0.62,0.13,0,0,1.07,0.51,0.24,0,0.38,0.23,1.24,0.2,0,0,4.01,2,8.57,0,0,0.62,0,0.04,2.56,0,0.37,18.93,0.1,0.59,1,1.01,0.25,0.81,0.06,0,0.07,0.58,0,1.92,0.02,4.93,0.3,2019-136,2019,201902,W-26,0.0141509820878085,208473.85302972078,162,2,2,58.07,0,65.7,0.7012,0.2449,5/5/2021,R12,0,62.33512,-174.57173,71,-0.5,7,NBS
1.45,0.03,0.06,0.11,0.01,0.35,0,0,0.03,0,7.88,0,0,8.66,0.08,0.27,0.3,0.39,0.18,0,0.36,0,0.15,0.2,1.38,0.25,7.33,4.83,0.22,0.04,0,0,0.37,0.21,0.09,0,0.17,0.09,0.41,0.1,0,0,1.7,0.81,4.03,0,0,0.28,0,0,0.96,0,0.16,6.81,0.04,0.14,0.27,0.38,0.06,0.3,0,0,0,0.22,0,0.66,0.01,1.74,0.14,2019-138,2019,201902,W-26,0.0141509820878085,208473.85302972078,162,2,2,55.81,0,54.9,0.6845,0.174,5/5/2021,R12,0,62.33512,-174.57173,71,-0.5,7,NBS
2.17,0.05,0.11,0.19,0.02,0.56,0,0,0.05,0,12.36,0,0,13.31,0.14,0.43,0.55,0.68,0.3,0,0.6,0.07,0.22,0.46,2.36,0.38,11.01,6.61,0.3,0.07,0,0,0.6,0.33,0.14,0,0,0.07,0.89,0.16,0,0,2.27,1.06,5.31,0,0,0.32,0,0,1.33,0,0.22,9.47,0.05,0.28,0.44,0.44,0.13,0.49,0,0,0,0.29,0,0.91,0.02,2.45,0.16,2019-139,2019,201902,W-26,0.0141509820878085,208473.85302972078,162,2,2,60.71,0,74.4,0.5842,0.1451,5/7/2021,,0,62.33512,-174.57173,71,-0.5,7,NBS
2.69,0.07,0.14,0.18,0.01,0.68,0,0,0.05,0,12.72,0,0,15.39,0.17,0.5,0.57,0.93,0.34,0,0.53,0,0.27,0.55,2.73,0.41,13.83,7.74,0.38,0.08,0,0,0.73,0.28,0.17,0,0.29,0.17,0.96,0.15,0,0,3.12,1.52,6.84,0,0,0.47,0,0,2.23,0,0.33,15.32,0.07,0.42,0.84,0.7,0.19,0.66,0.01,0,0,0.61,0,1.41,0.01,3.86,0.23,2019-140,2019,201902,W-26,0.0141509820878085,208473.85302972078,162,2,2,57.33,0,60.5,0.9285,0.3194,5/7/2021,,0,62.33512,-174.57173,71,-0.5,7,NBS
4.05,0.09,0.19,0.29,0.02,0.97,0,0,0.06,0,19.82,0,0,23.32,0.21,0.69,0.77,1.29,0.42,0,0.73,0,0.36,0.72,3.82,0.57,22.34,12.42,0.55,0.11,0,0,1.02,0.38,0.24,0,0.4,0.22,1.25,0.2,0,0,4,1.99,8.16,0,0,0.58,0,0.04,2.68,0,0.46,20.39,0.08,0.55,1.14,1.11,0.22,0.78,0.04,0,0.07,0.63,0,1.68,0.02,4.94,0.34,2019-141,2019,201902,W-26,0.0141509820878085,208473.85302972078,162,2,2,55.78,0,52.8,0.5308,0.171,5/7/2021,,0,62.33512,-174.57173,71,-0.5,7,NBS
5.09,0.13,0.25,0.3,0.03,1.28,0,0.38,0.08,0,24.25,0,0,31.05,0.27,0.76,0.91,1.7,0.53,0,0.93,0,0.47,1,4.65,0.31,27.76,13.2,0.57,0.13,0.03,0,1.27,0.43,0.31,0,0.46,0.06,2.06,0.24,0.52,0,4.35,2.16,10.3,0,0,0.68,0,0.04,3.58,0,0.61,27.48,0.12,0.47,1.4,1.47,0.31,0.79,0.02,0,0.03,1.09,0,2.07,0.03,6.61,0.19,2019-142,2019,201902,W-26,0.0141509820878085,208473.85302972078,162,2,2,60.03,0,74.2,0.7351,0.2402,5/7/2021,,0,62.33512,-174.57173,71,-0.5,7,NBS
2.29,0.05,0.12,0.16,0.01,0.59,0,0,0.06,0,9.76,0,0,11.56,0.14,0.42,0.51,0.73,0.29,0,0.63,0,0.23,0.41,2.09,0.34,9.33,6.43,0.37,0.07,0,0,0.6,0.24,0.14,0,0,0.12,0.85,0.13,0,0,2.71,1.1,5.48,0,0,0.38,0,0,1.61,0,0.23,11,0.06,0.37,0.71,0.78,0.16,0.51,0,0,0,0.47,0,1.13,0.01,2.92,0.22,2019-143,2019,201902,W-26,0.0141509820878085,208473.85302972078,162,2,2,57.71,0,61.4,0.9754,0.2233,5/7/2021,,0,62.33512,-174.57173,71,-0.5,7,NBS
2.57,0.05,0.14,0.19,0.01,0.67,0,0,0.08,0,13.55,0,0,14.76,0.16,0.52,0.65,0.78,0.39,0,0.83,0,0.23,0.43,2.47,0.31,13.52,8.86,0.41,0.09,0,0,0.84,0.49,0.17,0,0,0.19,0.79,0.25,0,0,3.35,1.17,7.43,0,0,0.55,0,0,2.26,0,0.24,13.14,0.07,0.37,0.72,0.59,0.13,1.03,0,0,0.08,0.46,0,1.32,0.02,3.54,0.2,2019-145,2019,201902,W-26,0.0141509820878085,208473.85302972078,162,2,2,59.34,0,57,1.0696,0.2555,5/7/2021,R8,0,62.33512,-174.57173,71,-0.5,7,NBS
3.87,0.08,0.2,0.22,0.02,0.96,0,0.31,0.06,0,20.5,0,0,24.22,0.2,0.62,0.71,1.22,0.46,0,1.14,0,0.33,0.72,3.46,0.34,0,11.4,0.52,0.1,0,0,0.97,0.38,0.23,0,0.34,0.22,1.23,0.22,0,0,3.63,1.65,8.26,0,0,0.56,0,0.04,2.54,0,0.38,17.94,0.1,0.56,1.04,0.98,0.28,0.79,0.02,0,0,0.65,0,1.43,0.02,4.31,0.29,2019-146,2019,201902,W-26,0.0141509820878085,208473.85302972078,162,2,2,56.35,0,53.9,0.7523,0.2223,5/7/2021,R8,0,62.33512,-174.57173,71,-0.5,7,NBS
3.33,0.17,0.09,0.18,0.03,0.47,0,0,0.47,0,11.49,0,0,14.83,0.2,0.55,0.49,1.59,0.32,0,0.83,0.08,0.28,0.97,2.33,0.42,7.71,6.58,0.51,0,0,0,0.67,0.44,0.19,0,0.4,0,1.28,0,0.16,0,3.04,1.37,3.13,0,0,0.55,0,0.02,0.96,0,0.41,13.85,0.09,2.17,0.73,1.13,0.25,0.32,0,0,0,0.21,0,1.19,0.02,3.76,0.32,2019-147,2019,201902,ZZ-24,0.0145769275375977,129981.0769528085,162,46,1,59.43,8.34,71.8,1.1738,0.3271,5/7/2021,R8,0,63.33692,-173.40604,71,0,8,NBS
1.89,0.08,0.06,0.08,0.01,0.36,0,0,0.23,0,7.81,0,0,10.77,0.11,0.27,0.2,1.04,0.23,0.01,0.67,0,0.16,0.92,1.6,0.23,5,4.74,0.31,0,0,0,0.46,0.35,0.17,0,0.24,0.1,1.28,0,0,0,2.13,0.71,2.9,0,0,0.22,0,0.02,0.91,0,0.3,13.15,0.05,1.51,0.51,0.29,0.13,0.43,0.02,0,0.01,0.25,0,1.05,0.01,3.21,0.23,2019-148,2019,201902,ZZ-24,0.0145769275375977,129981.0769528085,162,46,1,56.35,6.6,59.8,0.6835,0.1912,5/7/2021,R8,0,63.33692,-173.40604,71,0,8,NBS
2.72,0.14,0.07,0.15,0.03,0.51,0,0,0.21,0,10.59,0,0,15.8,0.17,0.49,0.44,1.48,0.26,0.01,0.31,0,0.26,0.88,2.06,0.38,7.06,6.49,0.4,0,0,0,0.61,0.44,0.19,0,0.35,0.12,1.28,0,0.12,0,2.04,0.9,3.35,0,0,0.36,0,0.03,0.98,0,0.41,13.96,0.08,0.79,0.75,0.5,0.16,0.39,0,0,0.08,0.19,0,1.13,0.02,2.9,0.18,2019-149,2019,201902,ZZ-24,0.0145769275375977,129981.0769528085,162,46,1,54.5,7.13,62.9,0.6489,0.2011,5/11/2021,R8,0,63.33692,-173.40604,71,0,8,NBS
5.97,0.16,0.16,0.26,0.06,0.79,0,0,0.46,0,20.8,0,0,22.1,0.27,0.88,0.68,2.89,0.54,0,0.54,0,0.51,1.69,4.77,0.63,18.88,12.8,0.96,0.27,0,0,1.16,0.62,0.34,0,0.56,0.26,1.93,0,0.53,0,6.25,3.4,7.88,0,0,0.79,0,0.06,1.84,0,0.61,22.16,0.15,3.61,1.35,0.84,0.32,0.84,0.04,0,0.01,0.5,0,2.4,0.02,8.03,0.7,2019-150,2019,201902,ZZ-24,0.0145769275375977,129981.0769528085,162,46,2,54.37,0,52.6,0.5085,0.208,5/11/2021,R8,0,63.33692,-173.40604,71,0,8,NBS
2.31,0.08,0.08,0.1,0.02,0.37,0,0,0.25,0,7.96,0,0,10.96,0.11,0.33,0.29,1.08,0.23,0,0.64,0.06,0.18,0.84,1.69,0,4.96,4.45,0,0,0,0,0.47,0.32,0.15,0,0.25,0,1.18,0,0.1,0,1.97,0.72,2.66,0,0,0.26,0,0.02,0.89,0,0.3,12.22,0.05,1.37,0.71,0.58,0.12,0.27,0,0,0,0.17,0,0.93,0.02,2.92,0.25,2019-151,2019,201902,ZZ-24,0.0145769275375977,129981.0769528085,162,46,1,56.1,7.16,63.6,0.5707,0.1708,5/11/2021,R8,0,63.33692,-173.40604,71,0,8,NBS
3.43,0.14,0.09,0.16,0.03,0.56,0,0,0.26,0,12.01,0,0,14.72,0.16,0.52,0.38,2.12,0.34,0,0.95,0,0.35,1.24,3.03,0.46,9.54,7.23,0.5,0,0,0,0.76,0.54,0.24,0,0.35,0.14,1.55,0,0,0,3.08,1.6,4.85,0,0,0.47,0,0.03,1.4,0,0.4,17.79,0.07,1.67,0.87,0.53,0.25,0.66,0.08,0,0,0.25,0,1.62,0.01,4.83,0.32,2019-153,2019,201902,ZZ-24,0.0145769275375977,129981.0769528085,162,46,2,57.46,0,59.3,0.6889,0.1607,5/11/2021,R8,0,63.33692,-173.40604,71,0,8,NBS
5.96,0.17,0.18,0.25,0.05,0.68,0,0.31,0.63,0,19.63,0,0,25.61,0.28,0.9,0.81,2.39,0.49,0,1.4,0,0.49,1.85,3.93,0.71,14.26,12.02,0.92,0.26,0,0,1.06,0.74,0.31,0,0.54,0.19,2.15,0,0.46,0,5.23,1.93,5.74,0,0,0.55,0,0.03,1.76,0,0.59,24.13,0.13,3.52,0.98,0.87,0.43,0.85,0.05,0,0.03,0.55,0,2.35,0.01,6.16,0.51,2019-154,2019,201902,ZZ-24,0.0145769275375977,129981.0769528085,162,46,1,59.85,7.56,80.2,1.055,0.3942,5/11/2021,R8,0,63.33692,-173.40604,71,0,8,NBS
2.51,0.12,0.06,0.11,0.02,0.44,0,0,0.19,0,9.45,0,0,12.29,0.13,0.41,0.31,1.06,0.3,0,0.66,0,0.26,0.81,2.39,0.37,6.85,5.22,0.36,0,0,0,0.51,0.38,0.17,0,0.3,0.13,1.11,0.12,0,0,2.24,0.98,3.64,0,0,0.38,0,0.02,1.07,0,0.34,13.14,0.06,1,0.73,0.43,0.18,0.45,0,0,0.14,0.22,0,1.37,0.01,3.44,0.22,2019-155,2019,201902,ZZ-24,0.0145769275375977,129981.0769528085,162,46,2,57.26,0,63.2,0.6496,0.1839,5/11/2021,R8,0,63.33692,-173.40604,71,0,8,NBS
3.6,0.13,0.09,0.11,0.03,0.54,0,0.13,0.22,0,11.73,0,0,17.56,0.18,0.4,0.34,1.72,0.29,0,1.05,0,0.2,1.74,2.6,0.28,7.23,6.46,0.43,0.16,0,0,0.7,0.52,0.25,0,0.4,0.16,2.08,0.7,0,0,2.55,1,3.95,0,0,0.4,0,0.02,1.24,0,0.47,19.16,0.07,1.17,0.79,0.38,0.16,0.49,0.02,0,0,0.39,0,1.5,0.02,4.76,0.32,2019-156,2019,201902,ZZ-24,0.0145769275375977,129981.0769528085,162,46,2,54.65,0,52.7,0.7356,0.1844,5/11/2021,R8,0,63.33692,-173.40604,71,0,8,NBS
2.24,0.09,0.06,0.11,0.02,0.39,0,0.11,0.21,0,8.29,0,0,10.57,0.13,0.36,0.29,1.18,0.24,0,0.69,0,0.24,0.94,2.21,0.23,6.18,4.75,0.33,0.13,0,0,0.52,0.37,0.18,0,0.29,0.13,1.29,0,0,0,1.92,0.88,2.85,0,0,0.32,0,0.02,1.04,0,0.4,14.19,0.06,1.05,0.62,0.38,0.16,0.33,0,0,0.08,0.37,0,1.42,0.01,4.88,0.32,2019-157,2019,201902,ZZ-24,0.0145769275375977,129981.0769528085,162,46,2,51.17,0,47.2,0.6304,0.148,5/11/2021,R8,0,63.33692,-173.40604,71,0,8,NBS
0.05,0,0,0.01,0,0.03,0,0,0,0,0.54,0,0,0.24,0.02,0,0.04,0.03,0.04,0,0.04,0,0.05,0,0.2,0,0.38,0.39,0,0.01,0,0,0.06,0.01,0.01,0,0,0.01,0.01,0.01,0,0,0.08,0.05,0.15,0,0.04,0,0,0,0.25,0,0.01,1.15,0.02,0,0,0.11,0,0.01,0,0,0.02,0.02,0,0.13,0.01,0.43,0.02,2019-158,2019,201901,Q-21,0.0140845790630259,119741.31867577978,94,133,1,84.01,12.75,204.8,1.4572,0.1373,5/11/2021,R4,0,60.32928,-170.6645,62,2.6,4,EBS
0.05,0,0,0.01,0.01,0.03,0,0,0.01,0,0.54,0,0,0.21,0.01,0.04,0.04,0.07,0.04,0,0.03,0,0.05,0.01,0.24,0,0.49,0.57,0,0.01,0,0,0.07,0.02,0.02,0,0,0.02,0.01,0.01,0,0,0.16,0.14,0.41,0,0,0.07,0,0,0.24,0,0.01,1.07,0.02,0,0.11,0.1,0.01,0.03,0,0,0,0.04,0,0.15,0.01,0.44,0.03,2019-159,2019,201901,Q-21,0.0140845790630259,119741.31867577978,94,133,1,78.61,11.71,168.2,1.4669,0.0811,5/11/2021,R4,0,60.32928,-170.6645,62,2.6,4,EBS
0.05,0,0,0,0,0.03,0,0,0.01,0,0.63,0,0,0.26,0.01,0.03,0.04,0.04,0.04,0,0.03,0.01,0.06,0,0.23,0,0.43,0.46,0,0.01,0,0,0.08,0.02,0.02,0.01,0,0.02,0.01,0.01,0,0,0.09,0.05,0.21,0,0,0.04,0,0,0.24,0,0.01,1.1,0.02,0,0.13,0.07,0,0.02,0,0,0,0.02,0,0.1,0.01,0.41,0.02,2019-161,2019,201901,Q-21,0.0140845790630259,119741.31867577978,94,133,1,80.02,11.85,193.5,0.8798,0.1296,5/17/2021,R4,0,60.32928,-170.6645,62,2.6,4,EBS
0.13,0,0,0.01,0.01,0.05,0,0,0.02,0,0.79,0.01,0,0.44,0.02,0.05,0.07,0.11,0.05,0,0.05,0,0.06,0.01,0.25,0,0.53,0.67,0,0.01,0,0,0.13,0.03,0.02,0,0.01,0.02,0.02,0.02,0,0,0.15,0.08,0.27,0,0.07,0,0,0,0.23,0,0.01,1.27,0.02,0.03,0.07,0.08,0.01,0.03,0,0,0,0.03,0,0.16,0.01,0.51,0.04,2019-162,2019,201901,Q-21,0.0140845790630259,119741.31867577978,94,133,1,83.66,12.29,188,0.5902,0.067,5/17/2021,R4,0,60.32928,-170.6645,62,2.6,4,EBS
1.35,0.02,0.06,0.15,0.01,0.33,0,0,0.05,0,6.56,0,0,7.74,0.11,0.38,0.51,0.5,0.21,0,0.41,0,0.13,0.26,1.53,0.29,6.28,4.59,0.27,0.06,0,0,0.45,0.24,0.1,0,0,0.06,0.49,0.11,0,0,1.77,0.72,3.48,0,0,0.3,0,0,0.98,0,0.15,6.64,0.04,0.27,0.47,0.32,0.06,0.34,0,0,0,0.21,0.03,0.98,0.02,1.82,0.15,2019-163,2019,201902,W-27,0.01495924640185965,67622.14170589813,162,1,1,78.37,11.96,182.9,0.7455,0.1372,5/17/2021,,0,62.31661,-175.31904,80,0.2,7,NBS
0.87,0.03,0.04,0.1,0.07,0.29,0,0,0.02,0,4.5,0,0,5.48,0.08,0.25,0.33,0.3,0.13,0,0.25,0.03,0.13,0.16,1.1,0,3.01,2.28,0,0.04,0,0,0.29,0.11,0.06,0,0.12,0.07,0.39,0.08,0,0,1.39,0.65,2.73,0,0,0.29,0,0,0.95,0,0.17,7.21,0.03,0,0.56,0.41,0.09,0.17,0,0,0,0.25,0,0.77,0,1.79,0.12,2019-164,2019,201902,W-27,0.01495924640185965,67622.14170589813,162,1,1,77.43,12.53,170.1,0.9133,0.1516,5/17/2021,,0,62.31661,-175.31904,80,0.2,7,NBS
1.65,0.04,0.05,0.15,0.01,0.42,0,0,0.06,0,7.2,0,0,8.7,0.13,0.41,0.54,0.63,0.24,0,0.26,0.06,0.17,0.4,1.76,0.28,5.57,4.34,0,0.07,0,0,0.52,0.27,0.13,0,0.22,0.15,0.8,0.1,0,0,2.11,0.85,4.4,0,0,0.36,0,0,1.37,0,0.26,10.1,0.05,0.26,0.67,0.54,0.09,0.36,0,0,0,0.38,0,1.27,0.01,2.56,0.17,2019-165,2019,201902,W-27,0.01495924640185965,67622.14170589813,162,1,1,84.43,12.49,223.4,1.0083,0.2145,5/17/2021,,0,62.31661,-175.31904,80,0.2,7,NBS
0.05,0,0,0,0,0.02,0,0,0,0,0.58,0,0,0.18,0,0.04,0.03,0.02,0.04,0,0.02,0,0.05,0,0.2,0,0.49,0.49,0,0.01,0,0,0.06,0.02,0.01,0,0,0.01,0.01,0.01,0,0,0.07,0.06,0,0,0,0.04,0,0,0.3,0,0.01,1.29,0.01,0,0.1,0.12,0,0.01,0.05,0,0,0.04,0,0.11,0.01,0.57,0.03,2019-166,2019,201901,P-21,0.01323881807263125,43684.886130099534,94,134,1,85.46,12.13,208.3,0.8845,0.068,5/17/2021,R4,0,60.01924,-170.63711,64,2.7,4,EBS
0.14,0,0,0.01,0.01,0.05,0,0,0.01,0,1.09,0,0,0.47,0.01,0.07,0.08,0.11,0.07,0,0.06,0,0.09,0.01,0.37,0,1.02,0.93,0,0.02,0,0,0.13,0.04,0.02,0,0.02,0.03,0.02,0.02,0,0,0.22,0.17,0.43,0,0,0.1,0,0,0.5,0,0.02,2.29,0.02,0.07,0.09,0.1,0.01,0.04,0,0,0,0.06,0,0.29,0.01,1,0.05,2019-168,2019,201901,P-21,0.01323881807263125,43684.886130099534,94,134,1,92.53,13.89,247.7,0.6161,0.0742,5/18/2021,R4,0,60.01924,-170.63711,64,2.7,4,EBS
0.1,0.01,0,0.02,0.02,0.07,0,0,0.01,0,1.26,0,0,0.45,0.02,0.11,0.1,0.06,0.09,0,0.07,0,0.13,0,0.44,0,0.94,0.87,0,0.02,0,0,0.14,0.03,0.04,0.03,0,0.03,0.01,0.02,0,0,0.14,0.12,0.25,0,0.09,0,0,0,0.67,0,0.02,2.85,0.03,0.03,0.29,0.15,0.01,0.02,0,0,0,0.06,0,0.33,0.01,1.08,0.08,2019-169,2019,201901,P-21,0.01323881807263125,43684.886130099534,94,134,1,85.29,13.28,198.8,0.79,0.127,5/18/2021,R4,0,60.01924,-170.63711,64,2.7,4,EBS
0.19,0.01,0,0.03,0,0.07,0,0,0.02,0,1.57,0,0,0.66,0.03,0,0.11,0.15,0.08,0,0.07,0,0.1,0.02,0.44,0.04,1.2,1.1,0,0,0,0,0.17,0.05,0.03,0,0.02,0.02,0.02,0.03,0,0,0.21,0.12,0.42,0,0,0.11,0,0,0.54,0,0.02,3.02,0.03,0.06,0.22,0.15,0.02,0.05,0,0,0.05,0.06,0,0.3,0.01,1.37,0.06,2019-170,2019,201901,P-21,0.01323881807263125,43684.886130099534,94,134,1,83.62,12.86,190.9,0.7841,0.1046,5/18/2021,R4,0,60.01924,-170.63711,64,2.7,4,EBS
5.77,0.1,0.13,0.18,0.03,1.15,0,0.25,0.16,0,14.56,0,0,15.39,0.27,0.74,0.6,1.21,0.62,0,1.42,0,0.71,0.56,3.66,0.59,9.82,8.01,0.37,0.1,0,0,3.61,0.35,0.48,0,0.34,0.36,1.05,0.2,0,0,2.61,1.33,5.16,0,0,1.49,0,0,1.28,0,0.4,14.55,0.11,0.44,1.1,0.62,0.3,0.74,0,0,0,0.3,0,1.36,0.04,6.48,0.21,2019-171,2019,201901,N-19,0.0135584762909112,17862.499797440272,94,126,2,52.34,0,47.6,0.8538,0.2245,5/18/2021,R3,0,59.34803,-169.22843,50,4.1,3,EBS
8.9,0.12,0.21,0.25,0.06,1.49,0,0.35,0.21,0,20.4,0,0,21.25,0.33,0.94,0.81,1.51,0.76,0,1.7,0,0.96,0.73,5.01,0.8,14.34,11.76,0.48,0.16,0,0,5.06,0.48,0.67,0,0.45,0.47,1.53,0.24,0.57,0,3.44,2.05,7.04,0,0,2.2,0,0.08,2.01,0,0.55,20.41,0.12,0.54,0.71,0.67,0.41,1,0.03,0,0,0.41,0,1.75,0.06,8.66,0.23,2019-172,2019,201901,N-19,0.0135584762909112,17862.499797440272,94,126,2,54.38,0,47.4,0.5434,0.1878,5/18/2021,R3,0,59.34803,-169.22843,50,4.1,3,EBS
7.27,0.12,0.18,0.23,0.05,1.47,0,0.36,0.25,0,20.14,0,0,21.05,0.3,0.97,0.81,1.49,0.7,0,1.83,0,0.83,0.7,4.43,0.61,13.42,10.31,0.42,0.12,0,0,4.32,0.39,0.58,0,0.38,0.47,1.47,0.25,0,0,2.86,1.49,5.94,0,0,1.72,0,0.07,1.75,0,0.48,17.19,0.1,0.35,0.43,0.47,0.32,0.78,0.02,0,0,0.35,0,1.6,0.03,6.97,0.19,2019-173,2019,201901,N-19,0.0135584762909112,17862.499797440272,94,126,2,57.96,0,61.9,1.0046,0.2697,5/18/2021,R3,0,59.34803,-169.22843,50,4.1,3,EBS
5.15,0.11,0.13,0.14,0.03,0.92,0,0,0.15,0,13.3,0,0,15.14,0.24,0.64,0.54,1.11,0.47,0,1.24,0,0.64,0.66,3.16,0.49,9.86,7.49,0,0.09,0,0,3.53,0.31,0.45,0,0.29,0.37,1.49,0.23,0.17,0,2.09,1.26,4.45,0,0,1.4,0,0,1.58,0,0.44,18.95,0.07,0,0.71,0.61,0.28,0.59,0,0,0,0.33,0,1.39,0,8.31,0.19,2019-174,2019,201901,N-19,0.0135584762909112,17862.499797440272,94,126,2,54.51,0,50.7,0.6936,0.2372,5/18/2021,R3,0,59.34803,-169.22843,50,4.1,3,EBS
1.77,0.04,0.03,0.06,0.01,0.35,0,0,0.05,0,4,0,0,4.11,0.09,0.29,0.22,0.38,0.21,0,0.39,0,0.25,0.21,1.25,0,2,2.39,0,0.04,0,0,1.11,0.12,0.16,0,0.11,0.15,0.42,0.07,0,0,0.89,0.43,1.99,0,0,0.59,0,0,0.55,0,0.16,6.68,0.04,0,0.2,0.21,0.1,0.22,0,0,0.02,0.11,0,0.66,0,3.08,0.07,2019-175,2019,201901,N-19,0.0135584762909112,17862.499797440272,94,126,1,80.59,11.05,176.1,0.8755,0.1737,5/18/2021,R3,0,59.34803,-169.22843,50,4.1,3,EBS
1.34,0.03,0.07,0.12,0.01,0.34,0,0,0.06,0,5.33,0,0,6.93,0.1,0.3,0.38,0.51,0.21,0,0.42,0,0.17,0.26,1.35,0.22,4.63,4.33,0.23,0.05,0,0,0.41,0.24,0.12,0,0,0.12,0.49,0.1,0,0,1.69,0.72,3.75,0,0,0.34,0,0,1.06,0,0.17,6.98,0.04,0.33,0.62,0.42,0.11,0.55,0,0,0,0.24,0,0.91,0.02,1.62,0.13,2019-176,2019,201902,W-27,0.01495924640185965,67622.14170589813,162,1,1,88.29,12.31,235.2,1.6996,0.2134,5/18/2021,,0,62.31661,-175.31904,80,0.2,7,NBS
4,0.12,0.1,0.25,0.04,0.56,0,0.26,0.43,0,19.11,0,0,16.87,0.2,0.83,0.68,2.71,0.42,0,1.56,0.07,0.38,2.31,3.82,0.41,12.71,10.54,0.05,0.2,0,0,0.88,0.72,0.26,0,0.46,0.15,1.63,0,0,0,3.36,1.6,4.85,0,0,0.28,0,0,1.15,0,0.43,20.19,0.1,1.21,0.72,0.68,0.19,0.78,0,0,0.07,0.36,0,1.2,0.01,4.22,0.14,2019-177,2019,201902,EE-18,0.0140194151399808,92835.47187987632,162,20,1,56.47,7.24,69.1,1.0054,0.2723,5/19/2021,R9,0,65.01249,-169.11489,49,2.3,9,NBS
3.63,0.11,0.08,0.24,0.04,0.51,0,0.22,0.29,0,19.67,0,0,16.96,0.19,0.74,0.57,2.31,0.4,0,1.39,0,0.28,1.97,4.23,0.38,14.08,11.01,0.52,0.2,0,0,0.8,0.65,0.24,0,0.45,0.14,1.56,0,0,0,2.26,1.77,5.04,0,0,0.25,0,0.01,1.03,0,0.41,18.89,0.1,0.34,0.52,0.72,0.12,0.84,0,0,0.04,0.43,0,1.11,0.01,4.15,0.13,2019-178,2019,201902,EE-18,0.0140194151399808,92835.47187987632,162,20,1,62.66,8.96,85.8,0.7301,0.193,5/19/2021,R9,0,65.01249,-169.11489,49,2.3,9,NBS
3.94,0.14,0.09,0.21,0.03,0.56,0,0,0.2,0,14.38,0,0,14.61,0.25,0.79,0.41,2.72,0.42,0,1.53,0.1,0.4,2.42,3.23,0.4,9.62,9.99,0.57,0.17,0,0,0.77,0.72,0.28,0,0.58,0.13,1.9,0,0.47,0,2.75,1.79,5.81,0,0,0.48,0,0.04,1.61,0,0.59,22.74,0.11,0.44,0.91,0.91,0.34,0.9,0,0,0.14,0.33,0,1.37,0.01,4.78,0.26,2019-179,2019,201902,EE-18,0.0140194151399808,92835.47187987632,162,20,1,66.29,11.23,116.2,1.0169,0.2774,5/19/2021,R9,0,65.01249,-169.11489,49,2.3,9,NBS
3.23,0.11,0.11,0.27,0.04,0.45,0,0.27,0.34,0,13.72,0,0,13.63,0.23,0.75,0.69,2.35,0.35,0,1.39,0.06,0.27,2.26,3.04,0.48,11.48,9.15,0.82,0.19,0,0,0.83,0.76,0.22,0,0.59,0.16,1.52,0,0,0,2.69,1.73,4.58,0,0,0.43,0,0.03,1.12,0,0.49,20.02,0.1,0.59,0.87,0.98,0.27,0.6,0,0,0.14,0.36,0,1.67,0.03,5.06,0.22,2019-180,2019,201902,EE-18,0.0140194151399808,92835.47187987632,162,20,2,56.27,0,55.1,0.6082,0.1836,5/19/2021,R12,0,65.01249,-169.11489,49,2.3,9,NBS
4.01,0.14,0.11,0.23,0.04,0.55,0,0.22,0.25,0,17.08,0,0,18.11,0.2,0.85,0.61,2.95,0.44,0,1.92,0,0.33,2.95,4.2,0.41,14.16,13.06,0.05,0.22,0,0,1.02,0.85,0.34,0,0.59,0.2,2.38,0,0,0,2.83,2.19,6.45,0,0,0.45,0,0.03,1.67,0,0.66,26.25,0.1,0.68,0.79,0.7,0.25,1.08,0,0,0.07,0.42,0,1.48,0.01,5.38,0.11,2019-181,2019,201902,EE-18,0.0140194151399808,92835.47187987632,162,20,2,49.02,0,41.7,0.7711,0.2397,5/19/2021,R12,0,65.01249,-169.11489,49,2.3,9,NBS
4.03,0.16,0.1,0.2,0.04,0.48,0,0.16,0.23,0,17.54,0,0,17.26,0.19,0.66,0.31,3.32,0.35,0,2.04,0.09,0.31,3.5,4,0.25,14.42,11.15,0.5,0.15,0,0,0.78,0.74,0.29,0,0.61,0.17,2.44,0,0,0.01,1.69,1.96,4.79,0,0,0.3,0,0.02,1.37,0,0.7,26.16,0.12,0.4,0.87,0.75,0.05,0.56,0,0,0.18,0.35,0,1.1,0.01,4.51,0.14,2019-182,2019,201902,EE-18,0.0140194151399808,92835.47187987632,162,20,2,49.5,0,41.8,0.5153,0.1877,5/19/2021,R12,0,65.01249,-169.11489,49,2.3,9,NBS
3.77,0.16,0.09,0.21,0.04,0.46,0,0,0.29,0,14.54,0,0,16.84,0.19,0.69,0.19,3.19,0.4,0,1.94,0.11,0.35,3.26,3.4,0.38,10.8,10.73,0.37,0.13,0,0,0.94,0.76,0.3,0,0.56,0.16,2.35,0,0,0,2.13,1.69,4.74,0,0,0.32,0,0.02,1.4,0,0.64,25.3,0.09,0.68,0.84,0.65,0.21,0.75,0,0,0,0.35,0,1.08,0.02,4.18,0.11,2019-183,2019,201902,EE-18,0.0140194151399808,92835.47187987632,162,20,2,55.49,0,55,0.6205,0.2012,5/19/2021,R12,0,65.01249,-169.11489,49,2.3,9,NBS
4.58,0.13,0.13,0.21,0.13,0.51,0,0.2,0.41,0,17.48,0,0,15.56,0.2,0.71,0.4,2.79,0.39,0,1.61,0,0.25,2.61,3.65,0.32,13.59,10.39,0.73,0.13,0,0,0.86,0.69,0.24,0,0.52,0.06,1.63,0.9,0,0,3.5,2.09,4.6,0,0,0.38,0,0.03,1.08,0,0.49,18.98,0.1,2.26,0.74,0.65,0.22,0.61,0,0,0,0.28,0,1.15,0,3.72,0.37,2019-184,2019,201902,EE-18,0.0140194151399808,92835.47187987632,162,20,2,57.94,0,69.9,0.8346,0.2963,5/19/2021,R12,0,65.01249,-169.11489,49,2.3,9,NBS
0.25,0.01,0.01,0.03,0.02,0.06,0,0.04,0.03,0,1.12,0,0,0.58,0.04,0.11,0.11,0.16,0.06,0,0.07,0,0.09,0.03,0.37,0.08,1.04,0.89,0.11,0.02,0,0,0.1,0.05,0.02,0,0.04,0.02,0.04,0.01,0,0,0.38,0.16,0.45,0,0,0.08,0,0,0.41,0,0.02,2.13,0.04,0.04,0.12,0.34,0.04,0.08,0,0,0,0.04,0,0.24,0,0.98,0.05,2019-185,2019,201901,QP2524,0.015728067046296,272251.0011812556,162,163,2,50.19,0,38.4,0.5894,0.0607,5/19/2021,,0,60.16502,-172.99523,60,2.9,4,EBS
2.42,0.06,0.13,0.18,0.12,0.67,0,0.21,0.06,0,12.61,0,0,15.19,0.15,0.48,0.53,0.81,0.32,0,0.61,0,0.3,0.43,2.43,0.32,13.86,8.03,0.4,0.08,0,0,0.68,0.26,0.16,0,0.27,0.11,0.81,0.17,0,0,2.43,1.26,5.16,0,0,0.45,0,0.03,2.01,0,0.28,12.21,0.08,0.32,0.67,0.64,0.2,0.51,0,0,0,0.43,0,1.23,0.04,3.43,0.19,2019-186,2019,201902,W-27,0.01495924640185965,67622.14170589813,162,1,2,58.03,0,49.2,0.8277,0.1922,5/19/2021,,0,62.31661,-175.31904,80,0.2,7,NBS
1.72,0.05,0.05,0.12,0.08,0.43,0,0.16,0.06,0,7.22,0,0,9.51,0.1,0.35,0.43,0.59,0.22,0,0.37,0,0.16,0.27,1.49,0.24,5.98,4.04,0.25,0.05,0,0,0.4,0.2,0.1,0,0.19,0.06,0.46,0.11,0,0,1.58,0.7,3.29,0,0,0.24,0,0.01,0.82,0,0.14,4.98,0.05,0.33,0.46,0.76,0.11,0.3,0,0,0,0.15,0,0.49,0,1.07,0.16,2019-187,2019,201902,W-27,0.01495924640185965,67622.14170589813,162,1,1,83.49,12.11,211,0.6746,0.148,5/19/2021,R3,0,62.31661,-175.31904,80,0.2,7,NBS
1.3,0.01,0.05,0.05,0.03,0.37,0,0.17,0.02,0,4.67,0,0,3.17,0.08,0.47,0.31,0.3,0.25,0,0.25,0,0.43,0.01,1.81,0.42,3.97,2.45,0.28,0.06,0,0,0.43,0.1,0.1,0,0.14,0.11,0.22,0.07,0,0,1.37,0.73,2.19,0,0,0.54,0,0.05,0.77,0,0.17,7.03,0.09,0.09,0.13,0.41,0.23,0.27,0,0,0,0.11,0,0.79,0,5.21,0.12,2019-188,2019,201901,M-19,0.0131243644317885,6095.533266832498,94,127,1,80.47,12.32,196.2,0.994,0.1952,5/19/2021,R3,0,59.01471,-169.16542,54,4.4,3,EBS
0.07,0,0,0.02,0.01,0.03,0,0.02,0,0,0.5,0,0.04,0.14,0.01,0.05,0.04,0.04,0.04,0,0.03,0,0.08,0,0.24,0.07,0.52,0.39,0.05,0.01,0,0,0.05,0.02,0.02,0,0,0.01,0.01,0.01,0,0,0.13,0.07,0.2,0,0,0.07,0,0.01,0.21,0,0.02,1.19,0.02,0.02,0.02,0.06,0.01,0.02,0,0,0,0.02,0,0.15,0.01,0.62,0.04,2019-189,2019,201901,M-19,0.0131243644317885,6095.533266832498,94,127,1,82.24,11.11,201.9,2.0646,0.1585,5/19/2021,R3,0,59.01471,-169.16542,54,4.4,3,EBS
0.81,0.01,0.03,0.05,0.04,0.3,0,0.16,0.02,0,3.24,0,0,1.72,0.05,0.44,0.31,0.28,0.24,0,0.22,0,0.41,0.02,1.5,0.37,3.1,2.04,0.27,0.09,0,0,0.34,0.09,0.11,0,0.14,0.04,0.09,0.06,0,0,1.15,0.64,1.9,0,0,0.45,0,0.05,0.87,0,0.1,5.16,0.17,0.11,0.14,0.66,0.19,0.26,0,0,0,0.11,0,0.78,0.02,3.97,0.18,2019-190,2019,201901,M-19,0.0131243644317885,6095.533266832498,94,127,1,94.11,14.06,291.8,0.7763,0.144,5/19/2021,R3,0,59.01471,-169.16542,54,4.4,3,EBS
2.12,0.02,0.08,0.1,0.06,0.58,0,0.28,0.03,0,8.74,0,0,6.12,0.1,0.76,0.51,0.49,0.35,0,0.4,0,0.61,0.04,2.95,0.56,8.48,4.24,0.43,0.11,0,0,0.72,0.16,0.17,0,0.25,0.17,0.34,0.12,0,0,2.28,1.27,3.61,0,0,0.84,0,0.07,1.16,0,0.27,9.91,0.14,0.19,0.22,0.6,0.36,0.47,0,0,0,0.22,0,1.22,0,7.74,0.18,2019-191,2019,201901,M-19,0.0131243644317885,6095.533266832498,94,127,1,85.44,13.76,214.4,0.9807,0.2096,5/19/2021,R3,0,59.01471,-169.16542,54,4.4,3,EBS
1.8,0.02,0.05,0.07,0.05,0.51,0,0.26,0.05,0,6.36,0,0,4.46,0.1,0.63,0.42,0.4,0.27,0,0.37,0,0.52,0.04,2.21,0.48,5.71,3.32,0.37,0.08,0,0,0.68,0.13,0.15,0,0.2,0.14,0.29,0.1,0,0,1.87,1,3.23,0,0,0.95,0,0.05,1.15,0,0.23,9.07,0.08,0.15,0.21,0.51,0.33,0.43,0,0,0,0.17,0,1.09,0.03,7.24,0.13,2019-192,2019,201901,M-19,0.0131243644317885,6095.533266832498,94,127,1,83.95,12.91,213.2,0.6669,0.114,5/19/2021,R3,0,59.01471,-169.16542,54,4.4,3,EBS
0.34,0,0,0.07,0.05,0.13,0,0.07,0.03,0,1.63,0,0,1.02,0.04,0.19,0.15,0.14,0.14,0,0.1,0,0.18,0.04,0.71,0.12,1.12,1.31,0.14,0.04,0,0,0.15,0.09,0.04,0,0,0.03,0.05,0.03,0,0,0.66,0.09,0.97,0,0,0.12,0,0.01,0.68,0,0.03,3.83,0.03,0.04,0.12,0.38,0.05,0.13,0,0,0,0.07,0,0.59,0,1.42,0.09,2019-193,2019,201901,JI2019,0.01305736867904535,120734.9190139632,94,120,1,84.88,12.43,216.9,0.5542,0.0715,5/21/2021,R2,0,57.83261,-169.36258,66,3.9,2,EBS
0.42,0,0,0.1,0.05,0.14,0,0.09,0.03,0,1.84,0,0,1.07,0.04,0.23,0.2,0.2,0.14,0,0.11,0,0.18,0.03,0.74,0.16,1.56,1.51,0.19,0.05,0.02,0,0.17,0.1,0.05,0,0,0.03,0.04,0.02,0,0,0.81,0.22,0.88,0,0,0.15,0,0.01,0.78,0,0.04,4.04,0.04,0.11,0.18,0.23,0.05,0.15,0,0,0,0.08,0,0.49,0,1.66,0.18,2019-194,2019,201901,JI2019,0.01305736867904535,120734.9190139632,94,120,1,87.76,12.5,237.8,0.6742,0.1077,5/21/2021,R2,0,57.83261,-169.36258,66,3.9,2,EBS
0.88,0.03,0.04,0.09,0.36,0.21,0,0.19,0.05,0.01,3.26,0,0,2.63,0.08,0.29,0.3,0.34,0.23,0,0.15,0,0.29,0.21,1.26,0.2,2.74,2.64,0.26,0.05,0,0,0.35,0.25,0.1,0,0.13,0.04,0.19,0.05,0,0,1.21,0.37,1.45,0,0,0.22,0,0.04,1.21,0,0.07,7.52,0.18,0.16,0.4,0.78,0.09,0.25,0,0,0,0.13,0,0.71,0.02,2.64,0.29,2019-195,2019,201901,JI2019,0.01305736867904535,120734.9190139632,94,120,1,93.1,14.07,297.4,0.9057,0.1388,5/21/2021,R2,0,57.83261,-169.36258,66,3.9,2,EBS
0.61,0.02,0.03,0.08,0.2,0.2,0,0.15,0.04,0,2.6,0,0,1.91,0.07,0.24,0.23,0.3,0.17,0,0.14,0,0.26,0.1,0.95,0.19,2.19,2.19,0.23,0.04,0,0,0.27,0.18,0.07,0,0.11,0.03,0.1,0.04,0,0,1.09,0.31,1.39,0,0,0.18,0,0.02,0.82,0,0.06,5.97,0.11,0.1,0.23,1.15,0,0.22,0,0,0,0.1,0,0.63,0,2.36,0.14,2019-196,2019,201901,JI2019,0.01305736867904535,120734.9190139632,94,120,1,86.29,13.78,222,0.6779,0.11,5/21/2021,R2,0,57.83261,-169.36258,66,3.9,2,EBS
0.72,0,0.08,0.11,1.58,0.27,0,0,0.08,0.02,4.61,0,0,4.09,0.13,0.27,0.55,0.48,0.21,0,0.3,0,0.39,0.1,1.34,0.2,5.16,3.88,0.26,0.06,0,0,0.45,0.25,0.12,0,0.18,0.03,0.16,0.06,0,0,1.14,0.65,1.65,0,0,0.42,0,0.06,1.05,0,0.1,8.12,0.26,0.14,0.36,1.02,0.15,0.21,0,0,0,0.12,0,0.79,0.03,3.17,0.42,2019-197,2019,201901,L-20,0.0136777921669719,14860.297445578051,94,123,1,85.52,13.79,219,0.6689,0.092,5/21/2021,R3,0,58.66099,-169.78121,66,3.1,3,EBS
0.36,0,0.03,0.07,0.66,0.14,0,0,0.01,0.01,1.74,0,0,1.45,0.07,0.17,0.28,0.2,0.11,0,0.14,0,0.24,0.02,0.8,0.13,1.81,1.42,0.14,0.03,0,0,0.21,0.11,0.07,0,0,0.02,0.06,0.03,0,0,0.62,0.27,0.77,0,0,0.16,0,0.03,0.55,0,0.04,3.68,0.16,0.07,0.19,0.47,0.08,0.1,0,0,0,0.07,0,0.41,0.02,1.38,0.21,2019-198,2019,201901,L-20,0.0136777921669719,14860.297445578051,94,123,1,82.5,13.05,212.1,1.0211,0.1487,5/21/2021,R3,0,58.66099,-169.78121,66,3.1,3,EBS
0.64,0,0.03,0.09,0.92,0.21,0,0,0.04,0,3.08,0,0,2.45,0.11,0.24,0.45,0.34,0.18,0,0.21,0,0.24,0.06,1.03,0.13,3.01,3.05,0.25,0.04,0,0,0.34,0.18,0.09,0,0.12,0.06,0.09,0.05,0,0,0.74,0.35,0.91,0,0,0.21,0,0.02,1,0,0.07,6.01,0.08,0.08,0.2,0.29,0.06,0.09,0,0,0,0.09,0,0.63,0.02,2.75,0.14,2019-199,2019,201901,L-20,0.0136777921669719,14860.297445578051,94,123,1,85.05,12.63,167.5,0.7048,0.1111,5/21/2021,R3,0,58.66099,-169.78121,66,3.1,3,EBS
1.27,0,0.15,0.19,6.46,0.6,0,0,0.16,0.04,4.17,0,0,6.83,0.36,0.38,1.37,0.68,0.3,0,0.34,0,0.62,0.37,2.91,0.13,5.18,5.19,0.36,0.07,0,0,0.66,0.46,0.28,0,0.27,0.1,0.35,0.31,0.6,0,1.19,0.96,1.75,0,0,0.56,0,0.15,1.49,0,0.24,13.64,0.54,0.19,0.78,1.14,0.12,0.19,0,0,0,0.16,0,0.94,0.06,3.96,1.24,2019-200,2019,201901,L-20,0.0136777921669719,14860.297445578051,94,123,1,97.48,13.63,266.4,0.8224,0.1929,5/21/2021,R3,0,58.66099,-169.78121,66,3.1,3,EBS
0.15,0,0.01,0.03,0.57,0.06,0,0,0.02,0,0.62,0,0,0.67,0.04,0.07,0.15,0.07,0.05,0,0.06,0,0.09,0.02,0.31,0.04,0.71,0.68,0.06,0.01,0,0,0.09,0.04,0.03,0,0.03,0.01,0.02,0,0,0,0.2,0.11,0.22,0,0,0.07,0,0.01,0.25,0,0.02,1.65,0.07,0.01,0.07,0.32,0,0.02,0,0,0,0.02,0,0.16,0.01,0.52,0.11,2019-201,2019,201901,L-20,0.0136777921669719,14860.297445578051,94,123,1,91.61,13.85,271.6,1.1562,0.0723,5/21/2021,R3,0,58.66099,-169.78121,66,3.1,3,EBS
0.05,0,0,0.01,0.01,0.03,0,0.02,0,0,0.68,0,0,0.3,0.01,0.06,0.05,0.01,0.06,0,0.06,0,0.07,0,0.25,0.02,0.49,0.54,0.05,0.01,0,0,0.1,0.02,0.02,0,0,0.02,0.01,0.01,0,0,0.07,0.05,0.1,0,0,0.07,0,0,0.39,0,0,1.32,0.02,0,0.05,0.2,0,0,0,0,0,0.03,0,0.1,0,0.67,0.04,2019-202,2019,201901,Q-20,0.0134606455643187,77917.33873300937,94,132,1,83.1,13.84,179.4,0.683,0.0845,5/24/2021,R4,0,60.32774,-170.02717,52,2.9,4,EBS
0.3,0,0.03,0.1,0.91,0.17,0,0,0.05,0.01,2.12,0,0,1.57,0.08,0.24,0.4,0.32,0.19,0,0.16,0,0.26,0.05,0.85,0.11,1.82,2.07,0.17,0.04,0,0,0.24,0.16,0.07,0,0,0.01,0.07,0.03,0,0,0.73,0.35,1.06,0,0,0.2,0,0.04,0.88,0,0.05,4.43,0.16,0.09,0.25,0.46,0.07,0.17,0,0,0,0.11,0,0.54,0.03,1.69,0.24,2019-203,2019,201901,J-18,0.0129736505923596,360535.5899406321,94,98,1,81.68,12.43,184.5,0.9734,0.1859,5/24/2021,R2,0,58.01197,-168.44416,70,3.5,2,EBS
0.44,0.01,0.01,0.04,0.08,0.1,0,0.07,0.03,0,1.48,0,0,0.84,0.03,0.15,0.15,0.26,0.1,0,0.1,0,0.23,0.02,0.71,0.2,1.58,1.4,0.15,0.02,0.01,0,0.19,0.11,0.05,0,0.08,0.02,0.07,0.02,0,0,0.91,0.31,0.97,0,0,0.16,0,0.02,0.57,0,0.05,3.41,0.05,0.14,0.21,0.35,0.06,0.16,0,0,0,0.08,0,0.36,0,1.41,0.24,2019-204,2019,201901,J-18,0.0129736505923596,360535.5899406321,94,98,1,84.5,13.54,214.7,0.6913,0.0996,5/24/2021,R2,0,58.01197,-168.44416,70,3.5,2,EBS
1.64,0,0.06,0.17,0.71,0.46,0,0.4,0.13,0,9.13,0,0,6.19,0.17,0.62,0.65,1.04,0.42,0,0.4,0,0.74,0.19,2.98,0.5,7.68,6.08,0.53,0.1,0.05,0,0.82,0.42,0.18,0,0.3,0.05,0.43,0.1,0,0,2.8,1.11,4.11,0,0,0.59,0,0.09,1.79,0,0.23,13.33,0.27,0.49,0.71,1.23,0.24,0.76,0,0,0,0.33,0,1.46,0.05,5.3,0.54,2019-205,2019,201901,J-18,0.0129736505923596,360535.5899406321,94,98,1,84.12,12.94,215.4,1.3343,0.2931,5/24/2021,R2,0,58.01197,-168.44416,70,3.5,2,EBS
0.82,0,0.04,0.1,0.43,0.26,0,0.24,0.03,0.01,3.8,0,0,2.54,0.11,0.36,0.39,0.37,0.24,0,0.25,0,0.34,0.09,1.34,0.26,3.07,2.72,0.27,0.06,0,0,0.4,0.22,0.11,0,0.15,0.05,0.16,0.05,0,0,1.33,0.6,2.08,0,0,0.32,0,0.05,0.84,0,0.09,6.34,0.19,0.17,0.33,0.89,0.13,0.31,0,0,0,0.13,0,0.77,0.03,2.91,0.27,2019-206,2019,201901,J-18,0.0129736505923596,360535.5899406321,94,98,1,92.71,14.74,279.4,1.3803,0.2051,5/24/2021,R2,0,58.01197,-168.44416,70,3.5,2,EBS
0.02,0,0,0,0.02,0,0,0.01,0,0.01,0.09,0,0,0.07,0.01,0.02,0.03,0.03,0,0,0.01,0,0.08,0,0.07,0.02,0.05,0.07,0,0,0,0,0.01,0,0,0,0,0,0,0,0,0,0.07,0.01,0.04,0,0,0,0,0.02,0.05,0,0,0.28,0.15,0,0,0.69,0,0,0,0,0,0,0,0.06,0,0.04,0.08,2019-207,2019,201901,J-18,0.0129736505923596,360535.5899406321,94,98,1,85.68,14.16,224.9,1.0687,0.4995,5/24/2021,R2,0,58.01197,-168.44416,70,3.5,2,EBS
1.11,0.03,0.04,0.1,0.09,0.3,0,0.15,0.08,0,5.58,0,0,5.16,0.11,0.41,0.37,0.64,0.33,0,0.19,0,0.28,0.5,1.72,0.22,4.04,4.67,0.34,0.07,0,0,0.51,0.43,0.1,0,0.19,0.05,0.47,0.09,0,0,1.68,0.42,3.76,0,0,0.33,0,0.02,1.32,0,0.17,10.56,0.05,0.18,0.52,0.38,0.13,0.53,0,0,0,0.24,0,1.32,0.03,3.69,0.15,2019-209,2019,201901,J-20,0.012972170667555,8171.3386846751155,94,121,1,91.81,15.44,289.8,1.207,0.1523,5/24/2021,R2,0,57.98737,-169.68823,70,3.3,2,EBS
1.08,0,0.05,0.09,0.92,0.32,0,0,0.06,0,5.43,0,0,5.48,0.13,0.34,0.41,0.56,0.29,0,0.2,0,0.31,0.5,1.6,0.27,3.69,4.05,0.27,0.04,0,0,0.41,0.39,0.12,0,0.18,0.02,0.45,0.08,0.17,0,1.45,0.42,2.34,0,0,0.22,0,0.04,1.35,0,0.13,9.83,0.09,0.15,0.33,0.29,0.06,0.45,0,0,0,0.18,0,0.95,0.03,3.02,0.24,2019-211,2019,201901,J-20,0.012972170667555,8171.3386846751155,94,121,1,88.26,14,243.5,0.6743,0.1919,5/24/2021,R2,0,57.98737,-169.68823,70,3.3,2,EBS
0.49,0.02,0.02,0.04,0.04,0.18,0,0.07,0.04,0,2.89,0,0,2.42,0.06,0.18,0.11,0.33,0.15,0,0.1,0,0.17,0.24,0.94,0.13,2.29,2.08,0.16,0.03,0,0,0.21,0.2,0.07,0,0.1,0.03,0.28,0.04,0,0,0.76,0.29,1.3,0,0,0.11,0,0,0.62,0,0.07,5.14,0.11,0.08,0.18,0.61,0.09,0.21,0,0,0,0.09,0,0.5,0,1.68,0.05,2019-212,2019,201901,J-20,0.012972170667555,8171.3386846751155,94,121,1,90.62,13.83,267.7,2.1291,1.1981,5/24/2021,R2,0,57.98737,-169.68823,70,3.3,2,EBS
1.31,0.04,0.06,0.13,0.07,0.38,0,0.2,0.07,0,7.96,0,0,6.62,0.12,0.58,0.44,0.79,0.37,0,0.23,0,0.33,0.65,2.38,0.3,6.31,5.59,0.4,0.16,0,0,0.59,0.54,0.13,0,0.31,0.05,0.7,0.08,0,0,2.02,0.91,3.63,0,0,0.29,0,0.02,1.65,0,0.19,11.97,0.05,0.19,0.43,0.46,0.07,0.64,0,0,0,0.27,0,1.59,0.02,3.88,0.17,2019-213,2019,201901,I-20,0.01389706856684685,7699.465501326053,94,119,1,90.67,14.5,269.6,1.1619,0.2136,5/25/2021,R2,0,57.66851,-169.66866,70,3.9,2,EBS
1.08,0.02,0.17,0.18,0.1,0.31,0,0.23,0.06,0,6.1,0,0,4.56,0.12,0.52,0.41,0.62,0.28,0,0.24,0,0.25,0.33,1.77,0.3,5.26,4.29,0.33,0.12,0,0,0.44,0.38,0.09,0,0.27,0.04,0.36,0,0,0,1.7,0.68,2.29,0,0,0.32,0,0.02,1.29,0,0.14,9.3,0.1,0.2,0.36,0.57,0.12,0.34,0,0,0,0.23,0,1.34,0.03,3.73,0.13,2019-214,2019,201901,I-20,0.01389706856684685,7699.465501326053,94,119,1,84.33,11.97,180.6,1.1703,0.3014,5/25/2021,R2,0,57.66851,-169.66866,70,3.9,2,EBS
1.92,0.05,0.11,0.3,0.16,0.7,0,0.39,0.14,0,12.87,0,0,9.74,0.21,0.9,0.73,1.32,0.58,0,0.35,0,0.56,0.55,3.62,0.49,10.3,8.63,0.6,0.2,0.04,0,0.81,0.7,0.2,0,0.46,0.1,0.56,0.13,0,0,3.46,1.22,5.31,0,0,0.54,0,0.04,1.86,0,0.18,11.9,0.18,0.4,0.57,0.93,0.3,0.95,0,0,0,0.33,0,1.8,0.04,4.34,0.22,2019-215,2019,201901,I-20,0.01389706856684685,7699.465501326053,94,119,1,82.83,12.25,191.1,0.9109,0.2287,5/25/2021,R2,0,57.66851,-169.66866,70,3.9,2,EBS
1.46,0.04,0.08,0.24,0.14,0.43,0,0.29,0.1,0,7.55,0,0,5.69,0.15,0.69,0.54,0.95,0.38,0,0.31,0,0.31,0.43,2.44,0.33,6.37,5.56,0.56,0.17,0,0,0.62,0.48,0.14,0,0.35,0.07,0.42,0.08,0,0,2.62,1.15,3.73,0,0,0.51,0,0.03,1.67,0,0.15,9.91,0.06,0.4,0.48,0.54,0.2,0.61,0,0,0,0.29,0,1.78,0.03,3.9,0.22,2019-216,2019,201901,I-20,0.01389706856684685,7699.465501326053,94,119,1,84.02,11.85,197.7,1.0367,0.2309,5/25/2021,R2,0,57.66851,-169.66866,70,3.9,2,EBS
0.53,0,0.03,0.07,0.67,0.19,0,0,0.04,0.01,3.11,0,0,2.31,0.09,0.23,0.31,0.3,0.18,0,0.16,0,0.26,0.16,1.1,0.16,2.87,2.65,0.2,0.04,0.02,0,0.3,0.21,0.08,0,0.11,0.03,0.17,0.04,0,0,0.96,0.31,1.43,0,0,0.17,0,0.03,0.96,0,0.06,6.47,0.09,0.09,0.23,0.59,0.08,0.27,0,0,0,0.12,0,0.61,0.03,2.6,0.19,2019-217,2019,201901,K-20,0.0126671679615195,29116.625840947425,94,122,1,95.86,14.05,235.8,0.9353,0.2264,5/25/2021,R2,0,58.3313,-169.72593,69,3.2,3,EBS
0.25,0,0.07,0.1,0.09,0.12,0,0.12,0.01,0,1.76,0,0,1.02,0.05,0.24,0.23,0.1,0.16,0,0.11,0,0.17,0.05,0.81,0.06,1.28,1.6,0.18,0.04,0,0,0.14,0.09,0.04,0,0,0.03,0.06,0.03,0,0,0.46,0.17,0.57,0,0,0.16,0,0,0.84,0,0.03,3.8,0,0.03,0.12,0.61,0,0.08,0,0,0,0.1,0,0.63,0,1.58,0.06,2019-218,2019,201901,K-20,0.0126671679615195,29116.625840947425,94,122,1,90.82,14.98,264,1.5535,0.2224,5/25/2021,R3,0,58.3313,-169.72593,69,3.2,3,EBS
0.66,0,0.05,0.06,0.55,0.18,0,0,0.04,0,3.17,0,0,2.63,0.09,0.21,0.24,0.38,0.17,0,0.12,0,0.17,0.21,0.95,0.11,2.72,2.64,0.2,0.03,0,0,0.27,0.22,0.07,0,0.12,0.06,0.2,0.14,0,0,0.84,0.29,1.26,0,0,0.17,0,0.02,0.76,0,0.08,5.82,0.14,0.07,0.23,0.53,0.05,0.2,0,0,0,0.1,0,0.55,0.02,2.37,0.11,2019-219,2019,201901,K-20,0.0126671679615195,29116.625840947425,94,122,1,81.06,12.38,202.1,2.0193,0.1964,5/25/2021,R3,0,58.3313,-169.72593,69,3.2,3,EBS
0.43,0.01,0.01,0.04,0.11,0.1,0,0.08,0.02,0,2.17,0,0,1.43,0.05,0.15,0.11,0.25,0.12,0,0.08,0,0.16,0.1,0.81,0.07,1.95,1.64,0.15,0.03,0,0,0.15,0.12,0.04,0,0.07,0.05,0.12,0.03,0,0,0.67,0.36,0.85,0,0,0.11,0,0.01,0.78,0,0.07,3.82,0.1,0.36,0.2,0.57,0,0.1,0,0,0,0.07,0,0.52,0.02,1.62,0.08,2019-220,2019,201901,K-20,0.0126671679615195,29116.625840947425,94,122,1,79.86,12.48,185.4,1.9955,0.1902,5/25/2021,R3,0,58.3313,-169.72593,69,3.2,3,EBS
0.44,0.02,0.07,0.12,0.23,0.16,0,0.19,0.01,0,2.33,0,0,1.88,0.07,0.29,0.3,0.2,0.18,0,0.15,0,0.19,0.11,0.77,0.13,1.79,1.87,0.21,0.06,0,0,0.23,0.17,0.06,0,0,0.04,0.08,0.03,0.08,0,0.8,0.1,1.3,0,0,0.16,0,0.02,0.72,0,0.04,3.71,0.04,0.07,0.14,0.16,0.06,0.23,0,0,0,0.09,0,0.56,0,1.47,0.11,2019-221,2019,201901,K-20,0.0126671679615195,29116.625840947425,94,122,1,91.25,13.94,282,1.1216,0.1332,5/25/2021,R3,0,58.3313,-169.72593,69,3.2,3,EBS
0.04,0,0,0.01,0,0.02,0,0.02,0,0,0.48,0,0,0.14,0,0.06,0.05,0.02,0.04,0,0.02,0,0.06,0,0.24,0.02,0.38,0.35,0.04,0.01,0,0,0.03,0.01,0.01,0,0,0.01,0,0,0,0,0.04,0.04,0.07,0,0,0.03,0,0,0.2,0,0,0.8,0.05,0,0,0.42,0,0,0,0,0,0.02,0,0.07,0,0.33,0.03,2019-222,2019,201901,K-18,0.01362034595265465,78697.41442148069,94,97,1,85.82,12.84,194.8,1.3251,0.0621,6/1/2021,R3,0,58.33599,-168.46255,66,3.4,3,EBS
0.09,0,0,0.01,0,0.02,0,0.02,0,0,0.41,0,0.03,0.12,0,0.04,0.04,0.03,0.03,0,0.02,0,0.06,0,0.19,0.04,0.35,0.27,0.04,0.01,0,0,0.04,0.01,0.01,0,0,0.01,0,0,0,0,0.14,0.04,0.09,0,0,0.03,0,0,0.2,0,0,0.84,0.01,0,0,0.29,0,0.02,0,0,0,0.01,0,0.08,0,0.33,0.03,2019-223,2019,201901,K-18,0.01362034595265465,78697.41442148069,94,97,1,80.4,12.75,184,2.6589,0.1472,6/1/2021,R3,0,58.33599,-168.46255,66,3.4,3,EBS
0.07,0,0,0,0,0.02,0,0.01,0,0,0.41,0,0,0.12,0,0.04,0.03,0.02,0.03,0,0.02,0,0.06,0,0.19,0.03,0.36,0.29,0.03,0,0,0,0.03,0.01,0,0,0,0,0,0,0,0,0.09,0.03,0.05,0,0,0.03,0,0,0.19,0,0,0.89,0.02,0.01,0,0.26,0,0,0,0,0,0.01,0,0.06,0,0.34,0.04,2019-224,2019,201901,K-18,0.01362034595265465,78697.41442148069,94,97,1,89.42,13.99,252.6,0.8055,0.126,6/1/2021,R3,0,58.33599,-168.46255,66,3.4,3,EBS
0.15,0,0,0.02,0.01,0.06,0,0.06,0,0,1.24,0,0,0.4,0.02,0.1,0.09,0.07,0.09,0,0.06,0,0.2,0,0.47,0.08,1.04,0.99,0.11,0.02,0,0,0.11,0.04,0.03,0,0,0.01,0.01,0,0,0,0.15,0.11,0.19,0,0,0.09,0,0,0.69,0,0.02,2.8,0.05,0.03,0.06,0.26,0,0.01,0,0,0,0.05,0,0.24,0.01,1.11,0.08,2019-225,2019,201901,K-18,0.01362034595265465,78697.41442148069,94,97,1,82.47,12.43,149.7,0.8685,0.1604,6/1/2021,R3,0,58.33599,-168.46255,66,3.4,3,EBS
0.61,0,0.02,0.05,0.04,0.18,0,0.09,0.03,0,2.67,0,0,1.92,0.05,0.26,0.18,0.25,0.18,0,0.15,0,0.13,0.04,0.91,0.14,2.29,2.1,0.19,0.05,0,0,0.2,0.13,0.06,0,0.08,0.03,0.08,0.03,0,0,0.83,0.36,1.57,0,0,0.18,0,0.02,0.63,0,0.05,3.99,0.04,0.07,0.14,0.19,0.07,0.22,0,0,0,0.09,0,0.53,0,2.44,0.08,2019-226,2019,201901,QP2423,0.015320143092177,4634.4214654401685,162,162,1,83.01,13.02,197.7,1.1621,0.1783,6/1/2021,,0,60.16258,-172.34322,58,3.6,4,EBS
1.4,0.03,0.06,0.17,0.3,0.4,0,0.36,0.07,0,8.11,0,1.04,3.33,0.16,0.64,0.58,0.65,0.4,0,0.54,0,0.29,0.08,2.75,0.29,11.44,6.33,0.67,0.12,0,0,0.83,0.33,0.2,0,0.32,0.1,0.18,0.11,0.29,0,3.34,3.55,4.23,0,0,1.27,0,0.06,1.82,0,0.19,6.68,0.11,2.2,0.73,1.04,0.33,0.35,0,0,0,0.25,0,1.76,0.04,5.62,0.75,2019-227,2019,201901,D-05,0.0142379046373641,632.11548533494,162,60,1,92.4,12.98,325.8,1.8661,0.3858,6/1/2021,,0,55.98287,-165.1891,96,4.9,1,EBS
0.98,0.02,0.08,0.1,0.06,0.3,0,0.13,0.03,0,6.26,0,0,4.99,0.08,0.36,0.28,0.32,0.22,0,0.36,0,0.16,0.09,1.59,0.25,6.08,3.87,0.28,0.06,0,0,0.41,0.17,0.08,0,0.15,0.05,0.17,0.08,0,0,1.45,0.56,2.68,0,0,0.2,0,0.02,0.98,0,0.08,7.02,0.04,0.13,0.23,0.35,0.11,0.47,0,0,0,0.19,0,1.02,0.02,3.41,0.07,2019-228,2019,201901,M-21,0.0126761594668335,11044.354590702538,162,127,1,84.9,14.29,250.8,1.2561,0.2233,6/1/2021,,0,59.00371,-170.48058,70,3,3,EBS
0.87,0.02,0.03,0.1,0.08,0.23,0,0.16,0.05,0,4.06,0,0.61,2.36,0.08,0.4,0.27,0.55,0.23,0,0.15,0,0.2,0.24,1.47,0.2,3.21,2.58,0.26,0.09,0,0,0.33,0.21,0.08,0,0.16,0.06,0.26,0.05,0,0,1.03,0.53,1.69,0,0,0.19,0,0.02,0.89,0,0.1,6.68,0.12,0.18,0.29,0.46,0.09,0.27,0,0,0,0.15,0,1.16,0.02,2.67,0.14,2019-229,2019,201901,IH2120,0.01229069824056525,3986.7547832454547,162,114,1,84.81,13.2,218,1.9758,0.3006,6/1/2021,,0,57.50171,-169.98718,69,4.4,2,EBS
0.71,0.02,0.08,0.14,0.08,0.29,0,0.15,0.03,0,5.43,0,0,4.39,0.09,0.41,0.35,0.29,0.24,0,0.35,0,0.2,0.07,1.44,0.2,4.84,3.55,0.31,0.09,0,0,0.37,0.17,0.08,0,0,0.07,0.15,0.07,0,0,1.54,0.54,2.58,0,0,0.25,0,0.02,1.11,0,0.07,6.01,0.09,0.13,0.28,0.41,0.12,0.42,0,0,0,0.23,0,1.2,0.02,2.75,0.1,2019-230,2019,201901,M-21,0.0126761594668335,11044.354590702538,162,127,1,96.31,15.59,331.1,1.6127,0.312,6/1/2021,,0,59.00371,-170.48058,70,3,3,EBS
0.55,0.01,0.09,0.09,0.11,0.16,0,0.13,0.02,0,3.15,0,0,2.64,0.06,0.26,0.24,0.23,0.15,0,0.2,0,0.15,0.05,0.98,0.2,3.2,2.29,0.21,0.04,0,0,0.26,0.11,0.05,0,0,0.05,0.09,0.05,0,0,1.08,0.35,1.65,0,0,0.17,0,0.02,0.71,0,0.04,4.23,0.04,0.09,0.18,0.18,0.07,0.26,0,0,0,0.12,0,0.75,0,1.92,0.11,2019-231,2019,201901,M-21,0.0126761594668335,11044.354590702538,162,127,1,85.12,14.8,235.5,1.2713,0.1973,6/1/2021,,0,59.00371,-170.48058,70,3,3,EBS
0.39,0.01,0.02,0.04,0.03,0.12,0,0.06,0.01,0,1.58,0,0.19,0.81,0.03,0.19,0.12,0.09,0.11,0,0.1,0,0.08,0.02,0.63,0.14,1.52,1.17,0.14,0.04,0,0,0.15,0.05,0.04,0,0,0.03,0.03,0.02,0,0,0.53,0.24,0.88,0,0,0.11,0,0.01,0.52,0,0.03,2.88,0.04,0.04,0.11,0.42,0.06,0.16,0,0,0,0.07,0,0.46,0,1.83,0.05,2019-232,2019,201901,M-21,0.0126761594668335,11044.354590702538,162,127,1,87.07,13.04,250.7,1.9036,0.2107,6/1/2021,,0,59.00371,-170.48058,70,3,3,EBS
NA,NA,NA,NA,NA,NA,NA,NA,NA,NA,NA,NA,NA,NA,NA,NA,NA,NA,NA,NA,NA,NA,NA,NA,NA,NA,NA,NA,NA,NA,NA,NA,NA,NA,NA,NA,NA,NA,NA,NA,NA,NA,NA,NA,NA,NA,NA,NA,NA,NA,NA,NA,NA,NA,NA,NA,NA,NA,NA,NA,NA,NA,NA,NA,NA,NA,NA,NA,NA,2019-208,2019,201901,J-20,0.012972170667555,8171.3386846751155,94,121,1,87.46,13.24,277.6,0.8844,0.1111,5/24/2021,R2,0,57.98737,-169.68823,70,3.3,2,EBS
NA,NA,NA,NA,NA,NA,NA,NA,NA,NA,NA,NA,NA,NA,NA,NA,NA,NA,NA,NA,NA,NA,NA,NA,NA,NA,NA,NA,NA,NA,NA,NA,NA,NA,NA,NA,NA,NA,NA,NA,NA,NA,NA,NA,NA,NA,NA,NA,NA,NA,NA,NA,NA,NA,NA,NA,NA,NA,NA,NA,NA,NA,NA,NA,NA,NA,NA,NA,NA,2019-210,2019,201901,J-20,0.012972170667555,8171.3386846751155,94,121,1,84.23,12.94,217.8,1.0576,0.1359,5/24/2021,R2,0,57.98737,-169.68823,70,3.3,2,EBS
NA,NA,NA,NA,NA,NA,NA,NA,NA,NA,NA,NA,NA,NA,NA,NA,NA,NA,NA,NA,NA,NA,NA,NA,NA,NA,NA,NA,NA,NA,NA,NA,NA,NA,NA,NA,NA,NA,NA,NA,NA,NA,NA,NA,NA,NA,NA,NA,NA,NA,NA,NA,NA,NA,NA,NA,NA,NA,NA,NA,NA,NA,NA,NA,NA,NA,NA,NA,NA,2019-66,2019,201901,O-31,0.0133047665657412,526.1272315761246,162,178,2,78.67,0,145.7,0.9085,0.1495,4/12/2021,very large female and not in the database-possibly tanner?,0,59.65589,-177.1321,176,3.3,5,EBS
NA,NA,NA,NA,NA,NA,NA,NA,NA,NA,NA,NA,NA,NA,NA,NA,NA,NA,NA,NA,NA,NA,NA,NA,NA,NA,NA,NA,NA,NA,NA,NA,NA,NA,NA,NA,NA,NA,NA,NA,NA,NA,NA,NA,NA,NA,NA,NA,NA,NA,NA,NA,NA,NA,NA,NA,NA,NA,NA,NA,NA,NA,NA,NA,NA,NA,NA,NA,NA,2019-167,2019,201901,P-21,0.01323881807263125,43684.886130099534,94,134,1,96.18,14.49,294.3,1.037,0.1994,5/17/2021,R4,0,60.01924,-170.63711,64,2.7,4,EBS
NA,NA,NA,NA,NA,NA,NA,NA,NA,NA,NA,NA,NA,NA,NA,NA,NA,NA,NA,NA,NA,NA,NA,NA,NA,NA,NA,NA,NA,NA,NA,NA,NA,NA,NA,NA,NA,NA,NA,NA,NA,NA,NA,NA,NA,NA,NA,NA,NA,NA,NA,NA,NA,NA,NA,NA,NA,NA,NA,NA,NA,NA,NA,NA,NA,NA,NA,NA,NA,2019-18,2019,201901,PO2423,0.0145501203732786,272172.1311167171,94,159,1,81.02,12.73,181.2,0.9145,0.0666,3/19/2021,,0,59.83477,-172.24578,76,2.3,4,EBS
NA,NA,NA,NA,NA,NA,NA,NA,NA,NA,NA,NA,NA,NA,NA,NA,NA,NA,NA,NA,NA,NA,NA,NA,NA,NA,NA,NA,NA,NA,NA,NA,NA,NA,NA,NA,NA,NA,NA,NA,NA,NA,NA,NA,NA,NA,NA,NA,NA,NA,NA,NA,NA,NA,NA,NA,NA,NA,NA,NA,NA,NA,NA,NA,NA,NA,NA,NA,NA,2019-20,2019,201901,PO2423,0.0145501203732786,272172.1311167171,94,159,1,82.18,12.92,202.3,0.9261,0.0909,3/19/2021,,0,59.83477,-172.24578,76,2.3,4,EBS
NA,NA,NA,NA,NA,NA,NA,NA,NA,NA,NA,NA,NA,NA,NA,NA,NA,NA,NA,NA,NA,NA,NA,NA,NA,NA,NA,NA,NA,NA,NA,NA,NA,NA,NA,NA,NA,NA,NA,NA,NA,NA,NA,NA,NA,NA,NA,NA,NA,NA,NA,NA,NA,NA,NA,NA,NA,NA,NA,NA,NA,NA,NA,NA,NA,NA,NA,NA,NA,2019-160,2019,201901,Q-21,0.0140845790630259,119741.31867577978,94,133,1,84.69,11.99,211.7,1.4069,0.1135,5/11/2021,R4,0,60.32928,-170.6645,62,2.6,4,EBS
NA,NA,NA,NA,NA,NA,NA,NA,NA,NA,NA,NA,NA,NA,NA,NA,NA,NA,NA,NA,NA,NA,NA,NA,NA,NA,NA,NA,NA,NA,NA,NA,NA,NA,NA,NA,NA,NA,NA,NA,NA,NA,NA,NA,NA,NA,NA,NA,NA,NA,NA,NA,NA,NA,NA,NA,NA,NA,NA,NA,NA,NA,NA,NA,NA,NA,NA,NA,NA,2019-31,2019,201901,S-22,0.01444197857091,250671.82050055408,94,167,2,51.87,0,43.8,0.6212,0.1369,3/22/2021,R12,0,60.99637,-171.47555,60,2.1,4,EBS
NA,NA,NA,NA,NA,NA,NA,NA,NA,NA,NA,NA,NA,NA,NA,NA,NA,NA,NA,NA,NA,NA,NA,NA,NA,NA,NA,NA,NA,NA,NA,NA,NA,NA,NA,NA,NA,NA,NA,NA,NA,NA,NA,NA,NA,NA,NA,NA,NA,NA,NA,NA,NA,NA,NA,NA,NA,NA,NA,NA,NA,NA,NA,NA,NA,NA,NA,NA,NA,2019-32,2019,201901,S-24,0.0145410472330266,263874.80891232594,94,171,2,52.59,0,47.7,0.6538,0.1213,3/22/2021,,0,61.00004,-172.80977,66,2.3,4,EBS
NA,NA,NA,NA,NA,NA,NA,NA,NA,NA,NA,NA,NA,NA,NA,NA,NA,NA,NA,NA,NA,NA,NA,NA,NA,NA,NA,NA,NA,NA,NA,NA,NA,NA,NA,NA,NA,NA,NA,NA,NA,NA,NA,NA,NA,NA,NA,NA,NA,NA,NA,NA,NA,NA,NA,NA,NA,NA,NA,NA,NA,NA,NA,NA,NA,NA,NA,NA,NA,2019-6,2019,201901,V-27,0.013912080357285,170569.63941107484,162,193,1,80.11,13.21,NA,0.9814,0.2139,3/17/2021,missing L3 WL and L chela,0,61.99908,-175.17202,80,0.4,4,EBS
NA,NA,NA,NA,NA,NA,NA,NA,NA,NA,NA,NA,NA,NA,NA,NA,NA,NA,NA,NA,NA,NA,NA,NA,NA,NA,NA,NA,NA,NA,NA,NA,NA,NA,NA,NA,NA,NA,NA,NA,NA,NA,NA,NA,NA,NA,NA,NA,NA,NA,NA,NA,NA,NA,NA,NA,NA,NA,NA,NA,NA,NA,NA,NA,NA,NA,NA,NA,NA,2019-8,2019,201901,V-27,0.013912080357285,170569.63941107484,162,193,1,78.86,13.02,190.5,1.0815,0.2794,3/17/2021,,0,61.99908,-175.17202,80,0.4,4,EBS
NA,NA,NA,NA,NA,NA,NA,NA,NA,NA,NA,NA,NA,NA,NA,NA,NA,NA,NA,NA,NA,NA,NA,NA,NA,NA,NA,NA,NA,NA,NA,NA,NA,NA,NA,NA,NA,NA,NA,NA,NA,NA,NA,NA,NA,NA,NA,NA,NA,NA,NA,NA,NA,NA,NA,NA,NA,NA,NA,NA,NA,NA,NA,NA,NA,NA,NA,NA,NA,2019-9,2019,201901,V-27,0.013912080357285,170569.63941107484,162,193,1,87.42,14.75,NA,1.1223,0.2368,3/17/2021,"missing L chela, L4WL and R2WL",0,61.99908,-175.17202,80,0.4,4,EBS
NA,NA,NA,NA,NA,NA,NA,NA,NA,NA,NA,NA,NA,NA,NA,NA,NA,NA,NA,NA,NA,NA,NA,NA,NA,NA,NA,NA,NA,NA,NA,NA,NA,NA,NA,NA,NA,NA,NA,NA,NA,NA,NA,NA,NA,NA,NA,NA,NA,NA,NA,NA,NA,NA,NA,NA,NA,NA,NA,NA,NA,NA,NA,NA,NA,NA,NA,NA,NA,2019-104,2019,201902,AA-23,0.014365230067056,72158.1335740092,162,42,2,48.8,0,35.1,0.9236,0.2553,4/26/2021,,0,63.6616,-172.72117,56,0.3,8,NBS
NA,NA,NA,NA,NA,NA,NA,NA,NA,NA,NA,NA,NA,NA,NA,NA,NA,NA,NA,NA,NA,NA,NA,NA,NA,NA,NA,NA,NA,NA,NA,NA,NA,NA,NA,NA,NA,NA,NA,NA,NA,NA,NA,NA,NA,NA,NA,NA,NA,NA,NA,NA,NA,NA,NA,NA,NA,NA,NA,NA,NA,NA,NA,NA,NA,NA,NA,NA,NA,2019-93,2019,201902,AA-23,0.014365230067056,72158.1335740092,162,42,2,48.55,0,37.6,0.9526,0.1584,4/20/2021,R123,0,63.6616,-172.72117,56,0.3,8,NBS
NA,NA,NA,NA,NA,NA,NA,NA,NA,NA,NA,NA,NA,NA,NA,NA,NA,NA,NA,NA,NA,NA,NA,NA,NA,NA,NA,NA,NA,NA,NA,NA,NA,NA,NA,NA,NA,NA,NA,NA,NA,NA,NA,NA,NA,NA,NA,NA,NA,NA,NA,NA,NA,NA,NA,NA,NA,NA,NA,NA,NA,NA,NA,NA,NA,NA,NA,NA,NA,2019-129,2019,201902,FF-18,0.0121191759469935,4703.2900792351675,162,18,2,60.58,0,90.2,0.8614,0.215,4/29/2021,R9,0,65.22397,-168.90444,53,2.1,9,NBS
NA,NA,NA,NA,NA,NA,NA,NA,NA,NA,NA,NA,NA,NA,NA,NA,NA,NA,NA,NA,NA,NA,NA,NA,NA,NA,NA,NA,NA,NA,NA,NA,NA,NA,NA,NA,NA,NA,NA,NA,NA,NA,NA,NA,NA,NA,NA,NA,NA,NA,NA,NA,NA,NA,NA,NA,NA,NA,NA,NA,NA,NA,NA,NA,NA,NA,NA,NA,NA,2019-57,2019,201902,V-24,0.01412747210032455,570605.7752409088,94,1,2,52.24,0,44.8,0.5479,0.1462,3/30/2021,R123,0,62.00723,-173.08002,58,0.8,7,NBS
NA,NA,NA,NA,NA,NA,NA,NA,NA,NA,NA,NA,NA,NA,NA,NA,NA,NA,NA,NA,NA,NA,NA,NA,NA,NA,NA,NA,NA,NA,NA,NA,NA,NA,NA,NA,NA,NA,NA,NA,NA,NA,NA,NA,NA,NA,NA,NA,NA,NA,NA,NA,NA,NA,NA,NA,NA,NA,NA,NA,NA,NA,NA,NA,NA,NA,NA,NA,NA,2019-135,2019,201902,W-26,0.0141509820878085,208473.85302972078,162,2,2,56.16,0,58,0.7661,0.1977,5/5/2021,R12,0,62.33512,-174.57173,71,-0.5,7,NBS
NA,NA,NA,NA,NA,NA,NA,NA,NA,NA,NA,NA,NA,NA,NA,NA,NA,NA,NA,NA,NA,NA,NA,NA,NA,NA,NA,NA,NA,NA,NA,NA,NA,NA,NA,NA,NA,NA,NA,NA,NA,NA,NA,NA,NA,NA,NA,NA,NA,NA,NA,NA,NA,NA,NA,NA,NA,NA,NA,NA,NA,NA,NA,NA,NA,NA,NA,NA,NA,2019-137,2019,201902,W-26,0.0141509820878085,208473.85302972078,162,2,2,59.29,0,64.9,1.0347,0.2058,5/5/2021,R12,0,62.33512,-174.57173,71,-0.5,7,NBS
NA,NA,NA,NA,NA,NA,NA,NA,NA,NA,NA,NA,NA,NA,NA,NA,NA,NA,NA,NA,NA,NA,NA,NA,NA,NA,NA,NA,NA,NA,NA,NA,NA,NA,NA,NA,NA,NA,NA,NA,NA,NA,NA,NA,NA,NA,NA,NA,NA,NA,NA,NA,NA,NA,NA,NA,NA,NA,NA,NA,NA,NA,NA,NA,NA,NA,NA,NA,NA,2019-144,2019,201902,W-26,0.0141509820878085,208473.85302972078,162,2,2,57.9,0,59.9,0.7927,0.2082,5/7/2021,,0,62.33512,-174.57173,71,-0.5,7,NBS
NA,NA,NA,NA,NA,NA,NA,NA,NA,NA,NA,NA,NA,NA,NA,NA,NA,NA,NA,NA,NA,NA,NA,NA,NA,NA,NA,NA,NA,NA,NA,NA,NA,NA,NA,NA,NA,NA,NA,NA,NA,NA,NA,NA,NA,NA,NA,NA,NA,NA,NA,NA,NA,NA,NA,NA,NA,NA,NA,NA,NA,NA,NA,NA,NA,NA,NA,NA,NA,2019-16,2019,201902,W-27,0.01495924640185965,67622.14170589813,162,1,1,80.69,14.25,208.7,0.9922,0.2586,3/19/2021,,0,62.31661,-175.31904,80,0.2,7,NBS
NA,NA,NA,NA,NA,NA,NA,NA,NA,NA,NA,NA,NA,NA,NA,NA,NA,NA,NA,NA,NA,NA,NA,NA,NA,NA,NA,NA,NA,NA,NA,NA,NA,NA,NA,NA,NA,NA,NA,NA,NA,NA,NA,NA,NA,NA,NA,NA,NA,NA,NA,NA,NA,NA,NA,NA,NA,NA,NA,NA,NA,NA,NA,NA,NA,NA,NA,NA,NA,2019-4,2019,201902,W-27,0.01495924640185965,67622.14170589813,162,1,1,78.97,12.31,189.2,0.7634,0.1697,3/17/2021,,0,62.31661,-175.31904,80,0.2,7,NBS
NA,NA,NA,NA,NA,NA,NA,NA,NA,NA,NA,NA,NA,NA,NA,NA,NA,NA,NA,NA,NA,NA,NA,NA,NA,NA,NA,NA,NA,NA,NA,NA,NA,NA,NA,NA,NA,NA,NA,NA,NA,NA,NA,NA,NA,NA,NA,NA,NA,NA,NA,NA,NA,NA,NA,NA,NA,NA,NA,NA,NA,NA,NA,NA,NA,NA,NA,NA,NA,2019-5,2019,201902,W-27,0.01495924640185965,67622.14170589813,162,1,1,78.61,12.83,175.1,1.0278,0.2458,3/17/2021,,0,62.31661,-175.31904,80,0.2,7,NBS
NA,NA,NA,NA,NA,NA,NA,NA,NA,NA,NA,NA,NA,NA,NA,NA,NA,NA,NA,NA,NA,NA,NA,NA,NA,NA,NA,NA,NA,NA,NA,NA,NA,NA,NA,NA,NA,NA,NA,NA,NA,NA,NA,NA,NA,NA,NA,NA,NA,NA,NA,NA,NA,NA,NA,NA,NA,NA,NA,NA,NA,NA,NA,NA,NA,NA,NA,NA,NA,2019-152,2019,201902,ZZ-24,0.0145769275375977,129981.0769528085,162,46,2,50.24,0,42.9,0.575,0.1759,5/11/2021,R8,0,63.33692,-173.40604,71,0,8,NBS
NA,NA,NA,NA,NA,NA,NA,NA,NA,NA,NA,NA,NA,NA,NA,NA,NA,NA,NA,NA,NA,NA,NA,NA,NA,NA,NA,NA,NA,NA,NA,NA,NA,NA,NA,NA,NA,NA,NA,NA,NA,NA,NA,NA,NA,NA,NA,NA,NA,NA,NA,NA,NA,NA,NA,NA,NA,NA,NA,NA,NA,NA,NA,NA,NA,NA,NA,NA,NA,VA-2,2022,202201,I-18,0.0144576781357008,3804.206974575452,94,94,2,50.31,0,NA,0.2795,0.0857,,,0,57.65536,-168.40507,70,1,2,EBS
NA,NA,NA,NA,NA,NA,NA,NA,NA,NA,NA,NA,NA,NA,NA,NA,NA,NA,NA,NA,NA,NA,NA,NA,NA,NA,NA,NA,NA,NA,NA,NA,NA,NA,NA,NA,NA,NA,NA,NA,NA,NA,NA,NA,NA,NA,NA,NA,NA,NA,NA,NA,NA,NA,NA,NA,NA,NA,NA,NA,NA,NA,NA,NA,NA,NA,NA,NA,NA,VA-3,2022,202201,I-18,0.0144576781357008,3804.206974575452,94,94,2,52.4,0,NA,0.3103,0.092,,,0,57.65536,-168.40507,70,1,2,EBS
NA,NA,NA,NA,NA,NA,NA,NA,NA,NA,NA,NA,NA,NA,NA,NA,NA,NA,NA,NA,NA,NA,NA,NA,NA,NA,NA,NA,NA,NA,NA,NA,NA,NA,NA,NA,NA,NA,NA,NA,NA,NA,NA,NA,NA,NA,NA,NA,NA,NA,NA,NA,NA,NA,NA,NA,NA,NA,NA,NA,NA,NA,NA,NA,NA,NA,NA,NA,NA,VA-6,2022,202201,I-18,0.0144576781357008,3804.206974575452,94,94,2,53.77,0,NA,0.2087,0.0654,,,0,57.65536,-168.40507,70,1,2,EBS
NA,NA,NA,NA,NA,NA,NA,NA,NA,NA,NA,NA,NA,NA,NA,NA,NA,NA,NA,NA,NA,NA,NA,NA,NA,NA,NA,NA,NA,NA,NA,NA,NA,NA,NA,NA,NA,NA,NA,NA,NA,NA,NA,NA,NA,NA,NA,NA,NA,NA,NA,NA,NA,NA,NA,NA,NA,NA,NA,NA,NA,NA,NA,NA,NA,NA,NA,NA,NA,VA-15,2022,202201,I-18,0.0144576781357008,3804.206974575452,94,94,2,49.17,0,NA,0.2689,0.0849,,,0,57.65536,-168.40507,70,1,2,EBS
NA,NA,NA,NA,NA,NA,NA,NA,NA,NA,NA,NA,NA,NA,NA,NA,NA,NA,NA,NA,NA,NA,NA,NA,NA,NA,NA,NA,NA,NA,NA,NA,NA,NA,NA,NA,NA,NA,NA,NA,NA,NA,NA,NA,NA,NA,NA,NA,NA,NA,NA,NA,NA,NA,NA,NA,NA,NA,NA,NA,NA,NA,NA,NA,NA,NA,NA,NA,NA,VA-16,2022,202201,I-18,0.0144576781357008,3804.206974575452,94,94,2,49.47,0,NA,0.2707,0.0817,,,0,57.65536,-168.40507,70,1,2,EBS
NA,NA,NA,NA,NA,NA,NA,NA,NA,NA,NA,NA,NA,NA,NA,NA,NA,NA,NA,NA,NA,NA,NA,NA,NA,NA,NA,NA,NA,NA,NA,NA,NA,NA,NA,NA,NA,NA,NA,NA,NA,NA,NA,NA,NA,NA,NA,NA,NA,NA,NA,NA,NA,NA,NA,NA,NA,NA,NA,NA,NA,NA,NA,NA,NA,NA,NA,NA,NA,VA-20,2022,202201,IH1918,0.0145816081350786,205.73862445137152,94,93,2,50.38,0,NA,0.3022,0.0852,,,0,57.48975,-168.7529,72,1.3,2,EBS
NA,NA,NA,NA,NA,NA,NA,NA,NA,NA,NA,NA,NA,NA,NA,NA,NA,NA,NA,NA,NA,NA,NA,NA,NA,NA,NA,NA,NA,NA,NA,NA,NA,NA,NA,NA,NA,NA,NA,NA,NA,NA,NA,NA,NA,NA,NA,NA,NA,NA,NA,NA,NA,NA,NA,NA,NA,NA,NA,NA,NA,NA,NA,NA,NA,NA,NA,NA,NA,AKK-177,2022,202201,J-25,0.0158223501517257,252.8069447106586,162,164,1,75.45,13.44,163,0.3281,0.1037,,,0,58.00653,-172.85404,109,2.7,6,EBS
NA,NA,NA,NA,NA,NA,NA,NA,NA,NA,NA,NA,NA,NA,NA,NA,NA,NA,NA,NA,NA,NA,NA,NA,NA,NA,NA,NA,NA,NA,NA,NA,NA,NA,NA,NA,NA,NA,NA,NA,NA,NA,NA,NA,NA,NA,NA,NA,NA,NA,NA,NA,NA,NA,NA,NA,NA,NA,NA,NA,NA,NA,NA,NA,NA,NA,NA,NA,NA,VA-22,2022,202201,JI2120,0.0143734547870595,904.4450476655043,94,107,1,93.06,16.66,NA,0.3229,0.0679,,,0,57.82862,-169.97711,72,0.5,2,EBS
NA,NA,NA,NA,NA,NA,NA,NA,NA,NA,NA,NA,NA,NA,NA,NA,NA,NA,NA,NA,NA,NA,NA,NA,NA,NA,NA,NA,NA,NA,NA,NA,NA,NA,NA,NA,NA,NA,NA,NA,NA,NA,NA,NA,NA,NA,NA,NA,NA,NA,NA,NA,NA,NA,NA,NA,NA,NA,NA,NA,NA,NA,NA,NA,NA,NA,NA,NA,NA,VA-14,2022,202201,K-01,0.0157000925023635,191.08167671931733,94,97,2,45.47,0,NA,0.3202,0.0946,,,0,58.31114,-167.83477,61,0.8,3,EBS
NA,NA,NA,NA,NA,NA,NA,NA,NA,NA,NA,NA,NA,NA,NA,NA,NA,NA,NA,NA,NA,NA,NA,NA,NA,NA,NA,NA,NA,NA,NA,NA,NA,NA,NA,NA,NA,NA,NA,NA,NA,NA,NA,NA,NA,NA,NA,NA,NA,NA,NA,NA,NA,NA,NA,NA,NA,NA,NA,NA,NA,NA,NA,NA,NA,NA,NA,NA,NA,VA-1,2022,202201,K-19,0.01376736639424575,726.3553328674125,94,110,2,59.11,0,NA,0.2925,0.0795,,,0,58.33895,-169.11492,68,0.9,3,EBS
NA,NA,NA,NA,NA,NA,NA,NA,NA,NA,NA,NA,NA,NA,NA,NA,NA,NA,NA,NA,NA,NA,NA,NA,NA,NA,NA,NA,NA,NA,NA,NA,NA,NA,NA,NA,NA,NA,NA,NA,NA,NA,NA,NA,NA,NA,NA,NA,NA,NA,NA,NA,NA,NA,NA,NA,NA,NA,NA,NA,NA,NA,NA,NA,NA,NA,NA,NA,NA,VA-9,2022,202201,K-19,0.01376736639424575,726.3553328674125,94,110,2,47.25,0,34,0.3463,0.0923,,,0,58.33895,-169.11492,68,0.9,3,EBS
NA,NA,NA,NA,NA,NA,NA,NA,NA,NA,NA,NA,NA,NA,NA,NA,NA,NA,NA,NA,NA,NA,NA,NA,NA,NA,NA,NA,NA,NA,NA,NA,NA,NA,NA,NA,NA,NA,NA,NA,NA,NA,NA,NA,NA,NA,NA,NA,NA,NA,NA,NA,NA,NA,NA,NA,NA,NA,NA,NA,NA,NA,NA,NA,NA,NA,NA,NA,NA,AKK-184,2022,202201,K-21,0.0147477976263255,10883.981057176547,162,128,1,93.14,18.31,211,0.3584,0.114,,,0,58.33725,-170.38538,75,0,3,EBS
NA,NA,NA,NA,NA,NA,NA,NA,NA,NA,NA,NA,NA,NA,NA,NA,NA,NA,NA,NA,NA,NA,NA,NA,NA,NA,NA,NA,NA,NA,NA,NA,NA,NA,NA,NA,NA,NA,NA,NA,NA,NA,NA,NA,NA,NA,NA,NA,NA,NA,NA,NA,NA,NA,NA,NA,NA,NA,NA,NA,NA,NA,NA,NA,NA,NA,NA,NA,NA,AKK-174,2022,202201,K-22,0.0134014223323332,2462.4251950020193,162,129,1,94.22,17.41,340,0.3083,0.06,,,0,58.33816,-171.01678,84,-0.6,3,EBS
NA,NA,NA,NA,NA,NA,NA,NA,NA,NA,NA,NA,NA,NA,NA,NA,NA,NA,NA,NA,NA,NA,NA,NA,NA,NA,NA,NA,NA,NA,NA,NA,NA,NA,NA,NA,NA,NA,NA,NA,NA,NA,NA,NA,NA,NA,NA,NA,NA,NA,NA,NA,NA,NA,NA,NA,NA,NA,NA,NA,NA,NA,NA,NA,NA,NA,NA,NA,NA,AKK-193,2022,202201,L-21,0.0154052492643621,18953.577120979517,162,127,1,104.35,19.36,397,0.3282,0.0941,,,0,58.66451,-170.43344,74,-0.1,3,EBS
NA,NA,NA,NA,NA,NA,NA,NA,NA,NA,NA,NA,NA,NA,NA,NA,NA,NA,NA,NA,NA,NA,NA,NA,NA,NA,NA,NA,NA,NA,NA,NA,NA,NA,NA,NA,NA,NA,NA,NA,NA,NA,NA,NA,NA,NA,NA,NA,NA,NA,NA,NA,NA,NA,NA,NA,NA,NA,NA,NA,NA,NA,NA,NA,NA,NA,NA,NA,NA,AKK-194,2022,202201,L-21,0.0154052492643621,18953.577120979517,162,127,1,98.57,18.28,268,0.3774,0.1048,,,0,58.66451,-170.43344,74,-0.1,3,EBS
NA,NA,NA,NA,NA,NA,NA,NA,NA,NA,NA,NA,NA,NA,NA,NA,NA,NA,NA,NA,NA,NA,NA,NA,NA,NA,NA,NA,NA,NA,NA,NA,NA,NA,NA,NA,NA,NA,NA,NA,NA,NA,NA,NA,NA,NA,NA,NA,NA,NA,NA,NA,NA,NA,NA,NA,NA,NA,NA,NA,NA,NA,NA,NA,NA,NA,NA,NA,NA,AKK-198,2022,202201,L-21,0.0154052492643621,18953.577120979517,162,127,1,95.81,17.86,256,0.3774,0.119,,,0,58.66451,-170.43344,74,-0.1,3,EBS
NA,NA,NA,NA,NA,NA,NA,NA,NA,NA,NA,NA,NA,NA,NA,NA,NA,NA,NA,NA,NA,NA,NA,NA,NA,NA,NA,NA,NA,NA,NA,NA,NA,NA,NA,NA,NA,NA,NA,NA,NA,NA,NA,NA,NA,NA,NA,NA,NA,NA,NA,NA,NA,NA,NA,NA,NA,NA,NA,NA,NA,NA,NA,NA,NA,NA,NA,NA,NA,AKK-199,2022,202201,L-21,0.0154052492643621,18953.577120979517,162,127,1,96.21,17.5,220,0.3011,0.0844,,,0,58.66451,-170.43344,74,-0.1,3,EBS
NA,NA,NA,NA,NA,NA,NA,NA,NA,NA,NA,NA,NA,NA,NA,NA,NA,NA,NA,NA,NA,NA,NA,NA,NA,NA,NA,NA,NA,NA,NA,NA,NA,NA,NA,NA,NA,NA,NA,NA,NA,NA,NA,NA,NA,NA,NA,NA,NA,NA,NA,NA,NA,NA,NA,NA,NA,NA,NA,NA,NA,NA,NA,NA,NA,NA,NA,NA,NA,AKK-189,2022,202201,L-21,0.0154052492643621,18953.577120979517,162,127,1,98.65,18.66,310,0.3117,0.0842,,,0,58.66451,-170.43344,74,-0.1,3,EBS
NA,NA,NA,NA,NA,NA,NA,NA,NA,NA,NA,NA,NA,NA,NA,NA,NA,NA,NA,NA,NA,NA,NA,NA,NA,NA,NA,NA,NA,NA,NA,NA,NA,NA,NA,NA,NA,NA,NA,NA,NA,NA,NA,NA,NA,NA,NA,NA,NA,NA,NA,NA,NA,NA,NA,NA,NA,NA,NA,NA,NA,NA,NA,NA,NA,NA,NA,NA,NA,AKK-170,2022,202201,L-22,0.015646566222837,8308.532245896742,162,126,1,90.57,17.17,337,0.3355,0.0906,,,0,58.66466,-171.0847,83,-0.4,3,EBS
NA,NA,NA,NA,NA,NA,NA,NA,NA,NA,NA,NA,NA,NA,NA,NA,NA,NA,NA,NA,NA,NA,NA,NA,NA,NA,NA,NA,NA,NA,NA,NA,NA,NA,NA,NA,NA,NA,NA,NA,NA,NA,NA,NA,NA,NA,NA,NA,NA,NA,NA,NA,NA,NA,NA,NA,NA,NA,NA,NA,NA,NA,NA,NA,NA,NA,NA,NA,NA,VA-5,2022,202201,L-23,0.0139560687605196,111903.73355124217,94,134,1,76.8,15.33,186,0.3209,0.0896,,,1,58.66024,-171.7168,91,-0.2,3,EBS
NA,NA,NA,NA,NA,NA,NA,NA,NA,NA,NA,NA,NA,NA,NA,NA,NA,NA,NA,NA,NA,NA,NA,NA,NA,NA,NA,NA,NA,NA,NA,NA,NA,NA,NA,NA,NA,NA,NA,NA,NA,NA,NA,NA,NA,NA,NA,NA,NA,NA,NA,NA,NA,NA,NA,NA,NA,NA,NA,NA,NA,NA,NA,NA,NA,NA,NA,NA,NA,VA-8,2022,202201,M-19,0.01334221746820875,824.4506601852592,94,112,1,91.56,16.92,NA,0.3848,0.1209,,SC3- skip molt?,0,58.98863,-169.17239,54,1.6,3,EBS
NA,NA,NA,NA,NA,NA,NA,NA,NA,NA,NA,NA,NA,NA,NA,NA,NA,NA,NA,NA,NA,NA,NA,NA,NA,NA,NA,NA,NA,NA,NA,NA,NA,NA,NA,NA,NA,NA,NA,NA,NA,NA,NA,NA,NA,NA,NA,NA,NA,NA,NA,NA,NA,NA,NA,NA,NA,NA,NA,NA,NA,NA,NA,NA,NA,NA,NA,NA,NA,VA-12,2022,202201,M-19,0.01334221746820875,824.4506601852592,94,112,2,51.4,0,NA,0.326,0.1077,,,0,58.98863,-169.17239,54,1.6,3,EBS
NA,NA,NA,NA,NA,NA,NA,NA,NA,NA,NA,NA,NA,NA,NA,NA,NA,NA,NA,NA,NA,NA,NA,NA,NA,NA,NA,NA,NA,NA,NA,NA,NA,NA,NA,NA,NA,NA,NA,NA,NA,NA,NA,NA,NA,NA,NA,NA,NA,NA,NA,NA,NA,NA,NA,NA,NA,NA,NA,NA,NA,NA,NA,NA,NA,NA,NA,NA,NA,VA-27,2022,202201,M-19,0.01334221746820875,824.4506601852592,94,112,2,46.02,0,NA,0.3016,0.0913,,,0,58.98863,-169.17239,54,1.6,3,EBS
NA,NA,NA,NA,NA,NA,NA,NA,NA,NA,NA,NA,NA,NA,NA,NA,NA,NA,NA,NA,NA,NA,NA,NA,NA,NA,NA,NA,NA,NA,NA,NA,NA,NA,NA,NA,NA,NA,NA,NA,NA,NA,NA,NA,NA,NA,NA,NA,NA,NA,NA,NA,NA,NA,NA,NA,NA,NA,NA,NA,NA,NA,NA,NA,NA,NA,NA,NA,NA,VA-18,2022,202201,M-20,0.01444634633164635,761.4382036448386,94,117,2,53.74,0,NA,0.2703,0.0874,,,0,59.0026,-169.83127,63,0.9,3,EBS
NA,NA,NA,NA,NA,NA,NA,NA,NA,NA,NA,NA,NA,NA,NA,NA,NA,NA,NA,NA,NA,NA,NA,NA,NA,NA,NA,NA,NA,NA,NA,NA,NA,NA,NA,NA,NA,NA,NA,NA,NA,NA,NA,NA,NA,NA,NA,NA,NA,NA,NA,NA,NA,NA,NA,NA,NA,NA,NA,NA,NA,NA,NA,NA,NA,NA,NA,NA,NA,AKK-165,2022,202201,M-21,0.01568123862187905,7269.8338918803875,162,124,1,93.41,17.06,231,0.3141,0.096,,,0,59.01035,-170.48345,71,0.1,3,EBS
NA,NA,NA,NA,NA,NA,NA,NA,NA,NA,NA,NA,NA,NA,NA,NA,NA,NA,NA,NA,NA,NA,NA,NA,NA,NA,NA,NA,NA,NA,NA,NA,NA,NA,NA,NA,NA,NA,NA,NA,NA,NA,NA,NA,NA,NA,NA,NA,NA,NA,NA,NA,NA,NA,NA,NA,NA,NA,NA,NA,NA,NA,NA,NA,NA,NA,NA,NA,NA,VA-30,2022,202201,M-23,0.0140018327236557,16234.760440749686,94,135,1,92.7,18.74,328,0.3116,0.1128,,,0,58.99078,-171.77895,87,0.1,3,EBS
NA,NA,NA,NA,NA,NA,NA,NA,NA,NA,NA,NA,NA,NA,NA,NA,NA,NA,NA,NA,NA,NA,NA,NA,NA,NA,NA,NA,NA,NA,NA,NA,NA,NA,NA,NA,NA,NA,NA,NA,NA,NA,NA,NA,NA,NA,NA,NA,NA,NA,NA,NA,NA,NA,NA,NA,NA,NA,NA,NA,NA,NA,NA,NA,NA,NA,NA,NA,NA,VA-31,2022,202201,M-23,0.0140018327236557,16234.760440749686,94,135,1,71.72,11.92,138,0.3597,0.1198,,,0,58.99078,-171.77895,87,0.1,3,EBS
NA,NA,NA,NA,NA,NA,NA,NA,NA,NA,NA,NA,NA,NA,NA,NA,NA,NA,NA,NA,NA,NA,NA,NA,NA,NA,NA,NA,NA,NA,NA,NA,NA,NA,NA,NA,NA,NA,NA,NA,NA,NA,NA,NA,NA,NA,NA,NA,NA,NA,NA,NA,NA,NA,NA,NA,NA,NA,NA,NA,NA,NA,NA,NA,NA,NA,NA,NA,NA,VA-4,2022,202201,N-19,0.0143473036177779,906.0936010228123,94,115,1,85.13,16.39,NA,0.3084,0.1082,,molting,0,59.34587,-169.22528,50,2.5,3,EBS
NA,NA,NA,NA,NA,NA,NA,NA,NA,NA,NA,NA,NA,NA,NA,NA,NA,NA,NA,NA,NA,NA,NA,NA,NA,NA,NA,NA,NA,NA,NA,NA,NA,NA,NA,NA,NA,NA,NA,NA,NA,NA,NA,NA,NA,NA,NA,NA,NA,NA,NA,NA,NA,NA,NA,NA,NA,NA,NA,NA,NA,NA,NA,NA,NA,NA,NA,NA,NA,VA-7,2022,202201,N-20,0.014743351437738,14228.08110393819,94,116,2,48.03,0,NA,0.0603,0.025,,,0,59.32724,-169.88624,61,0.8,3,EBS
NA,NA,NA,NA,NA,NA,NA,NA,NA,NA,NA,NA,NA,NA,NA,NA,NA,NA,NA,NA,NA,NA,NA,NA,NA,NA,NA,NA,NA,NA,NA,NA,NA,NA,NA,NA,NA,NA,NA,NA,NA,NA,NA,NA,NA,NA,NA,NA,NA,NA,NA,NA,NA,NA,NA,NA,NA,NA,NA,NA,NA,NA,NA,NA,NA,NA,NA,NA,NA,VA-24,2022,202201,N-20,0.014743351437738,14228.08110393819,94,116,2,50.48,0,NA,0.3066,0.108,,,0,59.32724,-169.88624,61,0.8,3,EBS
NA,NA,NA,NA,NA,NA,NA,NA,NA,NA,NA,NA,NA,NA,NA,NA,NA,NA,NA,NA,NA,NA,NA,NA,NA,NA,NA,NA,NA,NA,NA,NA,NA,NA,NA,NA,NA,NA,NA,NA,NA,NA,NA,NA,NA,NA,NA,NA,NA,NA,NA,NA,NA,NA,NA,NA,NA,NA,NA,NA,NA,NA,NA,NA,NA,NA,NA,NA,NA,VA-37,2022,202201,N-20,0.014743351437738,14228.08110393819,94,116,2,43.71,0,NA,0.2688,0.0903,,,0,59.32724,-169.88624,61,0.8,3,EBS
NA,NA,NA,NA,NA,NA,NA,NA,NA,NA,NA,NA,NA,NA,NA,NA,NA,NA,NA,NA,NA,NA,NA,NA,NA,NA,NA,NA,NA,NA,NA,NA,NA,NA,NA,NA,NA,NA,NA,NA,NA,NA,NA,NA,NA,NA,NA,NA,NA,NA,NA,NA,NA,NA,NA,NA,NA,NA,NA,NA,NA,NA,NA,NA,NA,NA,NA,NA,NA,AKK-162,2022,202201,N-21,0.01561344722004375,183796.20141258973,162,123,1,98.91,18.48,348,0.312,0.0862,,,0,59.32744,-170.53788,69,0.1,3,EBS
NA,NA,NA,NA,NA,NA,NA,NA,NA,NA,NA,NA,NA,NA,NA,NA,NA,NA,NA,NA,NA,NA,NA,NA,NA,NA,NA,NA,NA,NA,NA,NA,NA,NA,NA,NA,NA,NA,NA,NA,NA,NA,NA,NA,NA,NA,NA,NA,NA,NA,NA,NA,NA,NA,NA,NA,NA,NA,NA,NA,NA,NA,NA,NA,NA,NA,NA,NA,NA,AKK-200,2022,202201,N-21,0.01561344722004375,183796.20141258973,162,123,1,87.15,15.57,NA,NA,NA,,,0,59.32744,-170.53788,69,0.1,3,EBS
NA,NA,NA,NA,NA,NA,NA,NA,NA,NA,NA,NA,NA,NA,NA,NA,NA,NA,NA,NA,NA,NA,NA,NA,NA,NA,NA,NA,NA,NA,NA,NA,NA,NA,NA,NA,NA,NA,NA,NA,NA,NA,NA,NA,NA,NA,NA,NA,NA,NA,NA,NA,NA,NA,NA,NA,NA,NA,NA,NA,NA,NA,NA,NA,NA,NA,NA,NA,NA,VA-13,2022,202201,N-22,0.0147892139459064,5138.880286537238,94,137,1,82.5,12.78,186,0.3664,0.1054,,,0,59.32165,-171.17434,74,-0.2,3,EBS
NA,NA,NA,NA,NA,NA,NA,NA,NA,NA,NA,NA,NA,NA,NA,NA,NA,NA,NA,NA,NA,NA,NA,NA,NA,NA,NA,NA,NA,NA,NA,NA,NA,NA,NA,NA,NA,NA,NA,NA,NA,NA,NA,NA,NA,NA,NA,NA,NA,NA,NA,NA,NA,NA,NA,NA,NA,NA,NA,NA,NA,NA,NA,NA,NA,NA,NA,NA,NA,VA-10,2022,202201,N-23,0.0145612093133925,6043.45409134824,94,136,1,90.56,14.37,NA,0.3143,0.0876,,,0,59.33373,-171.84187,79,-0.5,3,EBS
NA,NA,NA,NA,NA,NA,NA,NA,NA,NA,NA,NA,NA,NA,NA,NA,NA,NA,NA,NA,NA,NA,NA,NA,NA,NA,NA,NA,NA,NA,NA,NA,NA,NA,NA,NA,NA,NA,NA,NA,NA,NA,NA,NA,NA,NA,NA,NA,NA,NA,NA,NA,NA,NA,NA,NA,NA,NA,NA,NA,NA,NA,NA,NA,NA,NA,NA,NA,NA,VA-11,2022,202201,N-23,0.0145612093133925,6043.45409134824,94,136,1,74.13,10.66,NA,0.3711,0.1055,,,0,59.33373,-171.84187,79,-0.5,3,EBS
NA,NA,NA,NA,NA,NA,NA,NA,NA,NA,NA,NA,NA,NA,NA,NA,NA,NA,NA,NA,NA,NA,NA,NA,NA,NA,NA,NA,NA,NA,NA,NA,NA,NA,NA,NA,NA,NA,NA,NA,NA,NA,NA,NA,NA,NA,NA,NA,NA,NA,NA,NA,NA,NA,NA,NA,NA,NA,NA,NA,NA,NA,NA,NA,NA,NA,NA,NA,NA,AKK-172,2022,202201,N-24,0.015210524863644,2761.2459383560035,162,150,1,99.68,18.86,342,0.3135,0.0936,,,0,59.3343,-172.50217,88,-0.1,3,EBS
NA,NA,NA,NA,NA,NA,NA,NA,NA,NA,NA,NA,NA,NA,NA,NA,NA,NA,NA,NA,NA,NA,NA,NA,NA,NA,NA,NA,NA,NA,NA,NA,NA,NA,NA,NA,NA,NA,NA,NA,NA,NA,NA,NA,NA,NA,NA,NA,NA,NA,NA,NA,NA,NA,NA,NA,NA,NA,NA,NA,NA,NA,NA,NA,NA,NA,NA,NA,NA,VA-21,2022,202201,O-22,0.0139526733302055,20712.87653344232,94,138,1,73,11.05,128,0.3243,0.1006,,,0,59.66689,-171.25353,71,-0.2,3,EBS
NA,NA,NA,NA,NA,NA,NA,NA,NA,NA,NA,NA,NA,NA,NA,NA,NA,NA,NA,NA,NA,NA,NA,NA,NA,NA,NA,NA,NA,NA,NA,NA,NA,NA,NA,NA,NA,NA,NA,NA,NA,NA,NA,NA,NA,NA,NA,NA,NA,NA,NA,NA,NA,NA,NA,NA,NA,NA,NA,NA,NA,NA,NA,NA,NA,NA,NA,NA,NA,VA-23,2022,202201,O-22,0.0139526733302055,20712.87653344232,94,138,1,73.13,10.12,124,0.3662,0.1154,,,0,59.66689,-171.25353,71,-0.2,3,EBS
NA,NA,NA,NA,NA,NA,NA,NA,NA,NA,NA,NA,NA,NA,NA,NA,NA,NA,NA,NA,NA,NA,NA,NA,NA,NA,NA,NA,NA,NA,NA,NA,NA,NA,NA,NA,NA,NA,NA,NA,NA,NA,NA,NA,NA,NA,NA,NA,NA,NA,NA,NA,NA,NA,NA,NA,NA,NA,NA,NA,NA,NA,NA,NA,NA,NA,NA,NA,NA,VA-35,2022,202201,O-22,0.0139526733302055,20712.87653344232,94,138,1,74.69,11.27,144,0.3688,0.1116,,,0,59.66689,-171.25353,71,-0.2,3,EBS
NA,NA,NA,NA,NA,NA,NA,NA,NA,NA,NA,NA,NA,NA,NA,NA,NA,NA,NA,NA,NA,NA,NA,NA,NA,NA,NA,NA,NA,NA,NA,NA,NA,NA,NA,NA,NA,NA,NA,NA,NA,NA,NA,NA,NA,NA,NA,NA,NA,NA,NA,NA,NA,NA,NA,NA,NA,NA,NA,NA,NA,NA,NA,NA,NA,NA,NA,NA,NA,VA-38,2022,202201,O-22,0.0139526733302055,20712.87653344232,94,138,1,85.92,13.37,202,0.308,0.0864,,,0,59.66689,-171.25353,71,-0.2,3,EBS
NA,NA,NA,NA,NA,NA,NA,NA,NA,NA,NA,NA,NA,NA,NA,NA,NA,NA,NA,NA,NA,NA,NA,NA,NA,NA,NA,NA,NA,NA,NA,NA,NA,NA,NA,NA,NA,NA,NA,NA,NA,NA,NA,NA,NA,NA,NA,NA,NA,NA,NA,NA,NA,NA,NA,NA,NA,NA,NA,NA,NA,NA,NA,NA,NA,NA,NA,NA,NA,VA-39,2022,202201,O-22,0.0139526733302055,20712.87653344232,94,138,1,78.46,11.95,176,0.3155,0.0937,,,0,59.66689,-171.25353,71,-0.2,3,EBS
NA,NA,NA,NA,NA,NA,NA,NA,NA,NA,NA,NA,NA,NA,NA,NA,NA,NA,NA,NA,NA,NA,NA,NA,NA,NA,NA,NA,NA,NA,NA,NA,NA,NA,NA,NA,NA,NA,NA,NA,NA,NA,NA,NA,NA,NA,NA,NA,NA,NA,NA,NA,NA,NA,NA,NA,NA,NA,NA,NA,NA,NA,NA,NA,NA,NA,NA,NA,NA,VA-40,2022,202201,O-22,0.0139526733302055,20712.87653344232,94,138,1,77.42,11.01,164,0.3205,0.0979,,,0,59.66689,-171.25353,71,-0.2,3,EBS
NA,NA,NA,NA,NA,NA,NA,NA,NA,NA,NA,NA,NA,NA,NA,NA,NA,NA,NA,NA,NA,NA,NA,NA,NA,NA,NA,NA,NA,NA,NA,NA,NA,NA,NA,NA,NA,NA,NA,NA,NA,NA,NA,NA,NA,NA,NA,NA,NA,NA,NA,NA,NA,NA,NA,NA,NA,NA,NA,NA,NA,NA,NA,NA,NA,NA,NA,NA,NA,VA-58,2022,202201,O-23,0.0149248049130708,51114.168958543436,94,139,1,71.07,12.97,150,0.3305,0.0975,,,0,59.66055,-171.86433,77,-0.7,3,EBS
NA,NA,NA,NA,NA,NA,NA,NA,NA,NA,NA,NA,NA,NA,NA,NA,NA,NA,NA,NA,NA,NA,NA,NA,NA,NA,NA,NA,NA,NA,NA,NA,NA,NA,NA,NA,NA,NA,NA,NA,NA,NA,NA,NA,NA,NA,NA,NA,NA,NA,NA,NA,NA,NA,NA,NA,NA,NA,NA,NA,NA,NA,NA,NA,NA,NA,NA,NA,NA,AKK-179,2022,202201,O-24,0.01493801723623275,7162.93188767163,162,151,1,89.51,16.56,265,0.3921,0.1152,,,0,59.6709,-172.57502,84,-0.5,3,EBS
NA,NA,NA,NA,NA,NA,NA,NA,NA,NA,NA,NA,NA,NA,NA,NA,NA,NA,NA,NA,NA,NA,NA,NA,NA,NA,NA,NA,NA,NA,NA,NA,NA,NA,NA,NA,NA,NA,NA,NA,NA,NA,NA,NA,NA,NA,NA,NA,NA,NA,NA,NA,NA,NA,NA,NA,NA,NA,NA,NA,NA,NA,NA,NA,NA,NA,NA,NA,NA,AKK-182,2022,202201,O-24,0.01493801723623275,7162.93188767163,162,151,1,83.96,16.71,252,0.3029,0.0876,,,0,59.6709,-172.57502,84,-0.5,3,EBS
NA,NA,NA,NA,NA,NA,NA,NA,NA,NA,NA,NA,NA,NA,NA,NA,NA,NA,NA,NA,NA,NA,NA,NA,NA,NA,NA,NA,NA,NA,NA,NA,NA,NA,NA,NA,NA,NA,NA,NA,NA,NA,NA,NA,NA,NA,NA,NA,NA,NA,NA,NA,NA,NA,NA,NA,NA,NA,NA,NA,NA,NA,NA,NA,NA,NA,NA,NA,NA,AKK-185,2022,202201,O-24,0.01493801723623275,7162.93188767163,162,151,1,75.34,12.28,159,0.3936,0.1163,,,0,59.6709,-172.57502,84,-0.5,3,EBS
NA,NA,NA,NA,NA,NA,NA,NA,NA,NA,NA,NA,NA,NA,NA,NA,NA,NA,NA,NA,NA,NA,NA,NA,NA,NA,NA,NA,NA,NA,NA,NA,NA,NA,NA,NA,NA,NA,NA,NA,NA,NA,NA,NA,NA,NA,NA,NA,NA,NA,NA,NA,NA,NA,NA,NA,NA,NA,NA,NA,NA,NA,NA,NA,NA,NA,NA,NA,NA,AKK-190,2022,202201,O-24,0.01493801723623275,7162.93188767163,162,151,1,78.44,14.23,195,0.3258,0.1014,,,0,59.6709,-172.57502,84,-0.5,3,EBS
NA,NA,NA,NA,NA,NA,NA,NA,NA,NA,NA,NA,NA,NA,NA,NA,NA,NA,NA,NA,NA,NA,NA,NA,NA,NA,NA,NA,NA,NA,NA,NA,NA,NA,NA,NA,NA,NA,NA,NA,NA,NA,NA,NA,NA,NA,NA,NA,NA,NA,NA,NA,NA,NA,NA,NA,NA,NA,NA,NA,NA,NA,NA,NA,NA,NA,NA,NA,NA,AKK-192,2022,202201,O-24,0.01493801723623275,7162.93188767163,162,151,1,85.78,14.12,241,0.3844,0.1176,,,0,59.6709,-172.57502,84,-0.5,3,EBS
NA,NA,NA,NA,NA,NA,NA,NA,NA,NA,NA,NA,NA,NA,NA,NA,NA,NA,NA,NA,NA,NA,NA,NA,NA,NA,NA,NA,NA,NA,NA,NA,NA,NA,NA,NA,NA,NA,NA,NA,NA,NA,NA,NA,NA,NA,NA,NA,NA,NA,NA,NA,NA,NA,NA,NA,NA,NA,NA,NA,NA,NA,NA,NA,NA,NA,NA,NA,NA,AKK-195,2022,202201,O-24,0.01493801723623275,7162.93188767163,162,151,1,80.79,19.49,194,0.3276,0.1065,,,1,59.6709,-172.57502,84,-0.5,3,EBS
NA,NA,NA,NA,NA,NA,NA,NA,NA,NA,NA,NA,NA,NA,NA,NA,NA,NA,NA,NA,NA,NA,NA,NA,NA,NA,NA,NA,NA,NA,NA,NA,NA,NA,NA,NA,NA,NA,NA,NA,NA,NA,NA,NA,NA,NA,NA,NA,NA,NA,NA,NA,NA,NA,NA,NA,NA,NA,NA,NA,NA,NA,NA,NA,NA,NA,NA,NA,NA,VA-86,2022,202201,O-29,0.0150490375448259,1063.1909151891948,94,178,2,59.74,0,NA,0.3818,0.1305,,,0,59.666,-175.82968,136,1.9,5,EBS
NA,NA,NA,NA,NA,NA,NA,NA,NA,NA,NA,NA,NA,NA,NA,NA,NA,NA,NA,NA,NA,NA,NA,NA,NA,NA,NA,NA,NA,NA,NA,NA,NA,NA,NA,NA,NA,NA,NA,NA,NA,NA,NA,NA,NA,NA,NA,NA,NA,NA,NA,NA,NA,NA,NA,NA,NA,NA,NA,NA,NA,NA,NA,NA,NA,NA,NA,NA,NA,AKK-161,2022,202201,P-20,0.0145989654722175,6438.812406186336,162,120,1,84.28,15.07,234,0.3067,0.0687,,close to molting,0,59.99996,-169.97629,55,1,4,EBS
NA,NA,NA,NA,NA,NA,NA,NA,NA,NA,NA,NA,NA,NA,NA,NA,NA,NA,NA,NA,NA,NA,NA,NA,NA,NA,NA,NA,NA,NA,NA,NA,NA,NA,NA,NA,NA,NA,NA,NA,NA,NA,NA,NA,NA,NA,NA,NA,NA,NA,NA,NA,NA,NA,NA,NA,NA,NA,NA,NA,NA,NA,NA,NA,NA,NA,NA,NA,NA,VA-17,2022,202201,P-22,0.0142794404938185,15686.889139456724,94,142,1,84.01,11.15,222,0.3803,0.1104,,,0,59.98028,-171.2998,68,-0.2,4,EBS
NA,NA,NA,NA,NA,NA,NA,NA,NA,NA,NA,NA,NA,NA,NA,NA,NA,NA,NA,NA,NA,NA,NA,NA,NA,NA,NA,NA,NA,NA,NA,NA,NA,NA,NA,NA,NA,NA,NA,NA,NA,NA,NA,NA,NA,NA,NA,NA,NA,NA,NA,NA,NA,NA,NA,NA,NA,NA,NA,NA,NA,NA,NA,NA,NA,NA,NA,NA,NA,VA-19,2022,202201,P-22,0.0142794404938185,15686.889139456724,94,142,1,71.89,10.38,148,0.3733,0.1049,,,0,59.98028,-171.2998,68,-0.2,4,EBS
NA,NA,NA,NA,NA,NA,NA,NA,NA,NA,NA,NA,NA,NA,NA,NA,NA,NA,NA,NA,NA,NA,NA,NA,NA,NA,NA,NA,NA,NA,NA,NA,NA,NA,NA,NA,NA,NA,NA,NA,NA,NA,NA,NA,NA,NA,NA,NA,NA,NA,NA,NA,NA,NA,NA,NA,NA,NA,NA,NA,NA,NA,NA,NA,NA,NA,NA,NA,NA,VA-25,2022,202201,P-22,0.0142794404938185,15686.889139456724,94,142,2,57.41,0,NA,0.3637,0.1317,,,0,59.98028,-171.2998,68,-0.2,4,EBS
NA,NA,NA,NA,NA,NA,NA,NA,NA,NA,NA,NA,NA,NA,NA,NA,NA,NA,NA,NA,NA,NA,NA,NA,NA,NA,NA,NA,NA,NA,NA,NA,NA,NA,NA,NA,NA,NA,NA,NA,NA,NA,NA,NA,NA,NA,NA,NA,NA,NA,NA,NA,NA,NA,NA,NA,NA,NA,NA,NA,NA,NA,NA,NA,NA,NA,NA,NA,NA,VA-26,2022,202201,P-22,0.0142794404938185,15686.889139456724,94,142,1,70.75,10.18,124,0.3327,0.1208,,,0,59.98028,-171.2998,68,-0.2,4,EBS
NA,NA,NA,NA,NA,NA,NA,NA,NA,NA,NA,NA,NA,NA,NA,NA,NA,NA,NA,NA,NA,NA,NA,NA,NA,NA,NA,NA,NA,NA,NA,NA,NA,NA,NA,NA,NA,NA,NA,NA,NA,NA,NA,NA,NA,NA,NA,NA,NA,NA,NA,NA,NA,NA,NA,NA,NA,NA,NA,NA,NA,NA,NA,NA,NA,NA,NA,NA,NA,VA-29,2022,202201,P-22,0.0142794404938185,15686.889139456724,94,142,2,56.36,0,58,0.361,0.1399,,,0,59.98028,-171.2998,68,-0.2,4,EBS
NA,NA,NA,NA,NA,NA,NA,NA,NA,NA,NA,NA,NA,NA,NA,NA,NA,NA,NA,NA,NA,NA,NA,NA,NA,NA,NA,NA,NA,NA,NA,NA,NA,NA,NA,NA,NA,NA,NA,NA,NA,NA,NA,NA,NA,NA,NA,NA,NA,NA,NA,NA,NA,NA,NA,NA,NA,NA,NA,NA,NA,NA,NA,NA,NA,NA,NA,NA,NA,VA-32,2022,202201,P-22,0.0142794404938185,15686.889139456724,94,142,1,73.24,10.9,NA,0.2984,0.1008,,,0,59.98028,-171.2998,68,-0.2,4,EBS
NA,NA,NA,NA,NA,NA,NA,NA,NA,NA,NA,NA,NA,NA,NA,NA,NA,NA,NA,NA,NA,NA,NA,NA,NA,NA,NA,NA,NA,NA,NA,NA,NA,NA,NA,NA,NA,NA,NA,NA,NA,NA,NA,NA,NA,NA,NA,NA,NA,NA,NA,NA,NA,NA,NA,NA,NA,NA,NA,NA,NA,NA,NA,NA,NA,NA,NA,NA,NA,VA-33,2022,202201,P-22,0.0142794404938185,15686.889139456724,94,142,1,79.32,12.53,174,0.3253,0.1014,,,0,59.98028,-171.2998,68,-0.2,4,EBS
NA,NA,NA,NA,NA,NA,NA,NA,NA,NA,NA,NA,NA,NA,NA,NA,NA,NA,NA,NA,NA,NA,NA,NA,NA,NA,NA,NA,NA,NA,NA,NA,NA,NA,NA,NA,NA,NA,NA,NA,NA,NA,NA,NA,NA,NA,NA,NA,NA,NA,NA,NA,NA,NA,NA,NA,NA,NA,NA,NA,NA,NA,NA,NA,NA,NA,NA,NA,NA,VA-34,2022,202201,P-22,0.0142794404938185,15686.889139456724,94,142,2,60.02,0,66,0.3154,0.1167,,,0,59.98028,-171.2998,68,-0.2,4,EBS
NA,NA,NA,NA,NA,NA,NA,NA,NA,NA,NA,NA,NA,NA,NA,NA,NA,NA,NA,NA,NA,NA,NA,NA,NA,NA,NA,NA,NA,NA,NA,NA,NA,NA,NA,NA,NA,NA,NA,NA,NA,NA,NA,NA,NA,NA,NA,NA,NA,NA,NA,NA,NA,NA,NA,NA,NA,NA,NA,NA,NA,NA,NA,NA,NA,NA,NA,NA,NA,VA-36,2022,202201,P-22,0.0142794404938185,15686.889139456724,94,142,1,78.2,11.87,184,0.3473,0.1048,,,0,59.98028,-171.2998,68,-0.2,4,EBS
NA,NA,NA,NA,NA,NA,NA,NA,NA,NA,NA,NA,NA,NA,NA,NA,NA,NA,NA,NA,NA,NA,NA,NA,NA,NA,NA,NA,NA,NA,NA,NA,NA,NA,NA,NA,NA,NA,NA,NA,NA,NA,NA,NA,NA,NA,NA,NA,NA,NA,NA,NA,NA,NA,NA,NA,NA,NA,NA,NA,NA,NA,NA,NA,NA,NA,NA,NA,NA,VA-85,2022,202201,P-30,0.01517651079206625,3624.021407394385,94,179,1,87.2,16.43,280,0.3599,0.1444,,,0,60.0072,-176.71824,141,2,5,EBS
NA,NA,NA,NA,NA,NA,NA,NA,NA,NA,NA,NA,NA,NA,NA,NA,NA,NA,NA,NA,NA,NA,NA,NA,NA,NA,NA,NA,NA,NA,NA,NA,NA,NA,NA,NA,NA,NA,NA,NA,NA,NA,NA,NA,NA,NA,NA,NA,NA,NA,NA,NA,NA,NA,NA,NA,NA,NA,NA,NA,NA,NA,NA,NA,NA,NA,NA,NA,NA,VA-28,2022,202201,PO2423,0.01429229508102,33492.30457994699,94,140,1,75.04,12.58,146,0.3194,0.0913,,,0,59.82478,-172.25274,75,-0.6,4,EBS
NA,NA,NA,NA,NA,NA,NA,NA,NA,NA,NA,NA,NA,NA,NA,NA,NA,NA,NA,NA,NA,NA,NA,NA,NA,NA,NA,NA,NA,NA,NA,NA,NA,NA,NA,NA,NA,NA,NA,NA,NA,NA,NA,NA,NA,NA,NA,NA,NA,NA,NA,NA,NA,NA,NA,NA,NA,NA,NA,NA,NA,NA,NA,NA,NA,NA,NA,NA,NA,VA-79,2022,202201,PO2423,0.01429229508102,33492.30457994699,94,140,2,45.49,0,NA,0.3084,0.0994,,,0,59.82478,-172.25274,75,-0.6,4,EBS
NA,NA,NA,NA,NA,NA,NA,NA,NA,NA,NA,NA,NA,NA,NA,NA,NA,NA,NA,NA,NA,NA,NA,NA,NA,NA,NA,NA,NA,NA,NA,NA,NA,NA,NA,NA,NA,NA,NA,NA,NA,NA,NA,NA,NA,NA,NA,NA,NA,NA,NA,NA,NA,NA,NA,NA,NA,NA,NA,NA,NA,NA,NA,NA,NA,NA,NA,NA,NA,AKK-178,2022,202201,PO2524,0.0154902341503536,9877.190913638153,162,157,1,75.68,13.24,187,0.3381,0.0702,,,0,59.82958,-172.93313,80,-0.5,4,EBS
NA,NA,NA,NA,NA,NA,NA,NA,NA,NA,NA,NA,NA,NA,NA,NA,NA,NA,NA,NA,NA,NA,NA,NA,NA,NA,NA,NA,NA,NA,NA,NA,NA,NA,NA,NA,NA,NA,NA,NA,NA,NA,NA,NA,NA,NA,NA,NA,NA,NA,NA,NA,NA,NA,NA,NA,NA,NA,NA,NA,NA,NA,NA,NA,NA,NA,NA,NA,NA,VA-42,2022,202201,Q-22,0.0138047175854676,10141.460637150574,94,143,1,76.53,12.17,172,0.3391,0.1005,,,0,60.32517,-171.3717,65,0,4,EBS
NA,NA,NA,NA,NA,NA,NA,NA,NA,NA,NA,NA,NA,NA,NA,NA,NA,NA,NA,NA,NA,NA,NA,NA,NA,NA,NA,NA,NA,NA,NA,NA,NA,NA,NA,NA,NA,NA,NA,NA,NA,NA,NA,NA,NA,NA,NA,NA,NA,NA,NA,NA,NA,NA,NA,NA,NA,NA,NA,NA,NA,NA,NA,NA,NA,NA,NA,NA,NA,VA-53,2022,202201,Q-22,0.0138047175854676,10141.460637150574,94,143,1,83.19,11.75,220,0.3283,0.1071,,,0,60.32517,-171.3717,65,0,4,EBS
NA,NA,NA,NA,NA,NA,NA,NA,NA,NA,NA,NA,NA,NA,NA,NA,NA,NA,NA,NA,NA,NA,NA,NA,NA,NA,NA,NA,NA,NA,NA,NA,NA,NA,NA,NA,NA,NA,NA,NA,NA,NA,NA,NA,NA,NA,NA,NA,NA,NA,NA,NA,NA,NA,NA,NA,NA,NA,NA,NA,NA,NA,NA,NA,NA,NA,NA,NA,NA,VA-54,2022,202201,Q-22,0.0138047175854676,10141.460637150574,94,143,1,84.07,12.55,216,0.3102,0.0974,,,0,60.32517,-171.3717,65,0,4,EBS
NA,NA,NA,NA,NA,NA,NA,NA,NA,NA,NA,NA,NA,NA,NA,NA,NA,NA,NA,NA,NA,NA,NA,NA,NA,NA,NA,NA,NA,NA,NA,NA,NA,NA,NA,NA,NA,NA,NA,NA,NA,NA,NA,NA,NA,NA,NA,NA,NA,NA,NA,NA,NA,NA,NA,NA,NA,NA,NA,NA,NA,NA,NA,NA,NA,NA,NA,NA,NA,VA-60,2022,202201,Q-22,0.0138047175854676,10141.460637150574,94,143,1,83.67,12.89,NA,0.3678,0.1023,,,0,60.32517,-171.3717,65,0,4,EBS
NA,NA,NA,NA,NA,NA,NA,NA,NA,NA,NA,NA,NA,NA,NA,NA,NA,NA,NA,NA,NA,NA,NA,NA,NA,NA,NA,NA,NA,NA,NA,NA,NA,NA,NA,NA,NA,NA,NA,NA,NA,NA,NA,NA,NA,NA,NA,NA,NA,NA,NA,NA,NA,NA,NA,NA,NA,NA,NA,NA,NA,NA,NA,NA,NA,NA,NA,NA,NA,VA-63,2022,202201,Q-22,0.0138047175854676,10141.460637150574,94,143,1,78.09,12.31,184,0.3374,0.1221,,,0,60.32517,-171.3717,65,0,4,EBS
NA,NA,NA,NA,NA,NA,NA,NA,NA,NA,NA,NA,NA,NA,NA,NA,NA,NA,NA,NA,NA,NA,NA,NA,NA,NA,NA,NA,NA,NA,NA,NA,NA,NA,NA,NA,NA,NA,NA,NA,NA,NA,NA,NA,NA,NA,NA,NA,NA,NA,NA,NA,NA,NA,NA,NA,NA,NA,NA,NA,NA,NA,NA,NA,NA,NA,NA,NA,NA,VA-74,2022,202201,Q-22,0.0138047175854676,10141.460637150574,94,143,1,73.82,10.33,142,0.3534,0.0916,,,0,60.32517,-171.3717,65,0,4,EBS
NA,NA,NA,NA,NA,NA,NA,NA,NA,NA,NA,NA,NA,NA,NA,NA,NA,NA,NA,NA,NA,NA,NA,NA,NA,NA,NA,NA,NA,NA,NA,NA,NA,NA,NA,NA,NA,NA,NA,NA,NA,NA,NA,NA,NA,NA,NA,NA,NA,NA,NA,NA,NA,NA,NA,NA,NA,NA,NA,NA,NA,NA,NA,NA,NA,NA,NA,NA,NA,VA-41,2022,202201,Q-23,0.0130135724094684,1189789.816571397,94,149,2,54.39,0,52,0.3127,0.1079,,,0,60.34951,-172.06765,59,0.1,4,EBS
NA,NA,NA,NA,NA,NA,NA,NA,NA,NA,NA,NA,NA,NA,NA,NA,NA,NA,NA,NA,NA,NA,NA,NA,NA,NA,NA,NA,NA,NA,NA,NA,NA,NA,NA,NA,NA,NA,NA,NA,NA,NA,NA,NA,NA,NA,NA,NA,NA,NA,NA,NA,NA,NA,NA,NA,NA,NA,NA,NA,NA,NA,NA,NA,NA,NA,NA,NA,NA,VA-50,2022,202201,Q-23,0.0130135724094684,1189789.816571397,94,149,2,50.95,0,42,0.3261,0.1108,,,0,60.34951,-172.06765,59,0.1,4,EBS
NA,NA,NA,NA,NA,NA,NA,NA,NA,NA,NA,NA,NA,NA,NA,NA,NA,NA,NA,NA,NA,NA,NA,NA,NA,NA,NA,NA,NA,NA,NA,NA,NA,NA,NA,NA,NA,NA,NA,NA,NA,NA,NA,NA,NA,NA,NA,NA,NA,NA,NA,NA,NA,NA,NA,NA,NA,NA,NA,NA,NA,NA,NA,NA,NA,NA,NA,NA,NA,AKK-163,2022,202201,Q-31,0.0168178829726754,1664.8944486944388,162,186,2,41.01,0,29,0.3287,0.0862,,,0,60.33585,-177.37448,149,1.6,5,EBS
NA,NA,NA,NA,NA,NA,NA,NA,NA,NA,NA,NA,NA,NA,NA,NA,NA,NA,NA,NA,NA,NA,NA,NA,NA,NA,NA,NA,NA,NA,NA,NA,NA,NA,NA,NA,NA,NA,NA,NA,NA,NA,NA,NA,NA,NA,NA,NA,NA,NA,NA,NA,NA,NA,NA,NA,NA,NA,NA,NA,NA,NA,NA,NA,NA,NA,NA,NA,NA,AKK-175,2022,202201,Q-31,0.0168178829726754,1664.8944486944388,162,186,2,32,0,43.7,0.3289,0.1256,,,0,60.33585,-177.37448,149,1.6,5,EBS
NA,NA,NA,NA,NA,NA,NA,NA,NA,NA,NA,NA,NA,NA,NA,NA,NA,NA,NA,NA,NA,NA,NA,NA,NA,NA,NA,NA,NA,NA,NA,NA,NA,NA,NA,NA,NA,NA,NA,NA,NA,NA,NA,NA,NA,NA,NA,NA,NA,NA,NA,NA,NA,NA,NA,NA,NA,NA,NA,NA,NA,NA,NA,NA,NA,NA,NA,NA,NA,AKK-188,2022,202201,Q-31,0.0168178829726754,1664.8944486944388,162,186,2,58.05,0,71,0.3591,0.0977,,,0,60.33585,-177.37448,149,1.6,5,EBS
NA,NA,NA,NA,NA,NA,NA,NA,NA,NA,NA,NA,NA,NA,NA,NA,NA,NA,NA,NA,NA,NA,NA,NA,NA,NA,NA,NA,NA,NA,NA,NA,NA,NA,NA,NA,NA,NA,NA,NA,NA,NA,NA,NA,NA,NA,NA,NA,NA,NA,NA,NA,NA,NA,NA,NA,NA,NA,NA,NA,NA,NA,NA,NA,NA,NA,NA,NA,NA,AKK-186,2022,202201,QP2625,0.0161361840087327,373857.49609295576,162,153,1,94.9,19.13,374,0.3597,0.138,,,0,60.13564,-173.7605,88,-0.2,4,EBS
NA,NA,NA,NA,NA,NA,NA,NA,NA,NA,NA,NA,NA,NA,NA,NA,NA,NA,NA,NA,NA,NA,NA,NA,NA,NA,NA,NA,NA,NA,NA,NA,NA,NA,NA,NA,NA,NA,NA,NA,NA,NA,NA,NA,NA,NA,NA,NA,NA,NA,NA,NA,NA,NA,NA,NA,NA,NA,NA,NA,NA,NA,NA,NA,NA,NA,NA,NA,NA,VA-52,2022,202201,R-22,0.013571120376594,2800.0635869046073,94,144,1,72.14,10.42,NA,0.3064,0.0907,,,0,60.65603,-171.43412,62,0.2,4,EBS
NA,NA,NA,NA,NA,NA,NA,NA,NA,NA,NA,NA,NA,NA,NA,NA,NA,NA,NA,NA,NA,NA,NA,NA,NA,NA,NA,NA,NA,NA,NA,NA,NA,NA,NA,NA,NA,NA,NA,NA,NA,NA,NA,NA,NA,NA,NA,NA,NA,NA,NA,NA,NA,NA,NA,NA,NA,NA,NA,NA,NA,NA,NA,NA,NA,NA,NA,NA,NA,VA-43,2022,202201,R-23,0.0146677708966041,166023.04311719222,94,148,2,51.15,0,NA,0.3141,0.103,,,0,60.68129,-172.11482,60,-0.2,4,EBS
NA,NA,NA,NA,NA,NA,NA,NA,NA,NA,NA,NA,NA,NA,NA,NA,NA,NA,NA,NA,NA,NA,NA,NA,NA,NA,NA,NA,NA,NA,NA,NA,NA,NA,NA,NA,NA,NA,NA,NA,NA,NA,NA,NA,NA,NA,NA,NA,NA,NA,NA,NA,NA,NA,NA,NA,NA,NA,NA,NA,NA,NA,NA,NA,NA,NA,NA,NA,NA,VA-47,2022,202201,R-23,0.0146677708966041,166023.04311719222,94,148,2,49.58,0,NA,0.3209,0.1219,,,0,60.68129,-172.11482,60,-0.2,4,EBS
NA,NA,NA,NA,NA,NA,NA,NA,NA,NA,NA,NA,NA,NA,NA,NA,NA,NA,NA,NA,NA,NA,NA,NA,NA,NA,NA,NA,NA,NA,NA,NA,NA,NA,NA,NA,NA,NA,NA,NA,NA,NA,NA,NA,NA,NA,NA,NA,NA,NA,NA,NA,NA,NA,NA,NA,NA,NA,NA,NA,NA,NA,NA,NA,NA,NA,NA,NA,NA,VA-48,2022,202201,R-23,0.0146677708966041,166023.04311719222,94,148,2,48.21,0,NA,0.3221,0.1142,,,0,60.68129,-172.11482,60,-0.2,4,EBS
NA,NA,NA,NA,NA,NA,NA,NA,NA,NA,NA,NA,NA,NA,NA,NA,NA,NA,NA,NA,NA,NA,NA,NA,NA,NA,NA,NA,NA,NA,NA,NA,NA,NA,NA,NA,NA,NA,NA,NA,NA,NA,NA,NA,NA,NA,NA,NA,NA,NA,NA,NA,NA,NA,NA,NA,NA,NA,NA,NA,NA,NA,NA,NA,NA,NA,NA,NA,NA,VA-49,2022,202201,R-23,0.0146677708966041,166023.04311719222,94,148,1,74.39,10.7,NA,0.3112,0.093,,,0,60.68129,-172.11482,60,-0.2,4,EBS
NA,NA,NA,NA,NA,NA,NA,NA,NA,NA,NA,NA,NA,NA,NA,NA,NA,NA,NA,NA,NA,NA,NA,NA,NA,NA,NA,NA,NA,NA,NA,NA,NA,NA,NA,NA,NA,NA,NA,NA,NA,NA,NA,NA,NA,NA,NA,NA,NA,NA,NA,NA,NA,NA,NA,NA,NA,NA,NA,NA,NA,NA,NA,NA,NA,NA,NA,NA,NA,VA-57,2022,202201,R-23,0.0146677708966041,166023.04311719222,94,148,2,48.21,0,36,0.3417,0.1134,,,0,60.68129,-172.11482,60,-0.2,4,EBS
NA,NA,NA,NA,NA,NA,NA,NA,NA,NA,NA,NA,NA,NA,NA,NA,NA,NA,NA,NA,NA,NA,NA,NA,NA,NA,NA,NA,NA,NA,NA,NA,NA,NA,NA,NA,NA,NA,NA,NA,NA,NA,NA,NA,NA,NA,NA,NA,NA,NA,NA,NA,NA,NA,NA,NA,NA,NA,NA,NA,NA,NA,NA,NA,NA,NA,NA,NA,NA,VA-67,2022,202201,R-23,0.0146677708966041,166023.04311719222,94,148,2,47.35,0,34,0.3091,0.1227,,,0,60.68129,-172.11482,60,-0.2,4,EBS
NA,NA,NA,NA,NA,NA,NA,NA,NA,NA,NA,NA,NA,NA,NA,NA,NA,NA,NA,NA,NA,NA,NA,NA,NA,NA,NA,NA,NA,NA,NA,NA,NA,NA,NA,NA,NA,NA,NA,NA,NA,NA,NA,NA,NA,NA,NA,NA,NA,NA,NA,NA,NA,NA,NA,NA,NA,NA,NA,NA,NA,NA,NA,NA,NA,NA,NA,NA,NA,VA-73,2022,202201,R-23,0.0146677708966041,166023.04311719222,94,148,2,54.48,0,NA,0.3033,0.1212,,,0,60.68129,-172.11482,60,-0.2,4,EBS
NA,NA,NA,NA,NA,NA,NA,NA,NA,NA,NA,NA,NA,NA,NA,NA,NA,NA,NA,NA,NA,NA,NA,NA,NA,NA,NA,NA,NA,NA,NA,NA,NA,NA,NA,NA,NA,NA,NA,NA,NA,NA,NA,NA,NA,NA,NA,NA,NA,NA,NA,NA,NA,NA,NA,NA,NA,NA,NA,NA,NA,NA,NA,NA,NA,NA,NA,NA,NA,VA-76,2022,202201,R-23,0.0146677708966041,166023.04311719222,94,148,2,49.67,0,NA,0.3111,0.1073,,,0,60.68129,-172.11482,60,-0.2,4,EBS
NA,NA,NA,NA,NA,NA,NA,NA,NA,NA,NA,NA,NA,NA,NA,NA,NA,NA,NA,NA,NA,NA,NA,NA,NA,NA,NA,NA,NA,NA,NA,NA,NA,NA,NA,NA,NA,NA,NA,NA,NA,NA,NA,NA,NA,NA,NA,NA,NA,NA,NA,NA,NA,NA,NA,NA,NA,NA,NA,NA,NA,NA,NA,NA,NA,NA,NA,NA,NA,VA-78,2022,202201,R-23,0.0146677708966041,166023.04311719222,94,148,1,75.86,14.24,180,0.3261,0.1165,,,0,60.68129,-172.11482,60,-0.2,4,EBS
NA,NA,NA,NA,NA,NA,NA,NA,NA,NA,NA,NA,NA,NA,NA,NA,NA,NA,NA,NA,NA,NA,NA,NA,NA,NA,NA,NA,NA,NA,NA,NA,NA,NA,NA,NA,NA,NA,NA,NA,NA,NA,NA,NA,NA,NA,NA,NA,NA,NA,NA,NA,NA,NA,NA,NA,NA,NA,NA,NA,NA,NA,NA,NA,NA,NA,NA,NA,NA,VA-55,2022,202201,R-25,0.0145482182792232,2062.108185635626,94,155,2,47.76,0,32,0.3092,0.1018,,,0,60.66665,-173.44639,64,3.2,4,EBS
NA,NA,NA,NA,NA,NA,NA,NA,NA,NA,NA,NA,NA,NA,NA,NA,NA,NA,NA,NA,NA,NA,NA,NA,NA,NA,NA,NA,NA,NA,NA,NA,NA,NA,NA,NA,NA,NA,NA,NA,NA,NA,NA,NA,NA,NA,NA,NA,NA,NA,NA,NA,NA,NA,NA,NA,NA,NA,NA,NA,NA,NA,NA,NA,NA,NA,NA,NA,NA,VA-65,2022,202201,R-25,0.0145482182792232,2062.108185635626,94,155,2,47.69,0,36,0.3123,0.1095,,,0,60.66665,-173.44639,64,3.2,4,EBS
NA,NA,NA,NA,NA,NA,NA,NA,NA,NA,NA,NA,NA,NA,NA,NA,NA,NA,NA,NA,NA,NA,NA,NA,NA,NA,NA,NA,NA,NA,NA,NA,NA,NA,NA,NA,NA,NA,NA,NA,NA,NA,NA,NA,NA,NA,NA,NA,NA,NA,NA,NA,NA,NA,NA,NA,NA,NA,NA,NA,NA,NA,NA,NA,NA,NA,NA,NA,NA,VA-69,2022,202201,R-25,0.0145482182792232,2062.108185635626,94,155,2,49.78,0,NA,0.3136,0.0962,,,0,60.66665,-173.44639,64,3.2,4,EBS
NA,NA,NA,NA,NA,NA,NA,NA,NA,NA,NA,NA,NA,NA,NA,NA,NA,NA,NA,NA,NA,NA,NA,NA,NA,NA,NA,NA,NA,NA,NA,NA,NA,NA,NA,NA,NA,NA,NA,NA,NA,NA,NA,NA,NA,NA,NA,NA,NA,NA,NA,NA,NA,NA,NA,NA,NA,NA,NA,NA,NA,NA,NA,NA,NA,NA,NA,NA,NA,VA-80,2022,202201,R-25,0.0145482182792232,2062.108185635626,94,155,2,46.87,0,36,0.3134,0.1083,,,0,60.66665,-173.44639,64,3.2,4,EBS
NA,NA,NA,NA,NA,NA,NA,NA,NA,NA,NA,NA,NA,NA,NA,NA,NA,NA,NA,NA,NA,NA,NA,NA,NA,NA,NA,NA,NA,NA,NA,NA,NA,NA,NA,NA,NA,NA,NA,NA,NA,NA,NA,NA,NA,NA,NA,NA,NA,NA,NA,NA,NA,NA,NA,NA,NA,NA,NA,NA,NA,NA,NA,NA,NA,NA,NA,NA,NA,VA-44,2022,202201,R-26,0.013987965863223,67629.99561553323,94,156,2,55.66,0,NA,0.3103,0.0991,,,0,60.67961,-174.14472,86,-0.5,4,EBS
NA,NA,NA,NA,NA,NA,NA,NA,NA,NA,NA,NA,NA,NA,NA,NA,NA,NA,NA,NA,NA,NA,NA,NA,NA,NA,NA,NA,NA,NA,NA,NA,NA,NA,NA,NA,NA,NA,NA,NA,NA,NA,NA,NA,NA,NA,NA,NA,NA,NA,NA,NA,NA,NA,NA,NA,NA,NA,NA,NA,NA,NA,NA,NA,NA,NA,NA,NA,NA,VA-45,2022,202201,R-26,0.013987965863223,67629.99561553323,94,156,1,80.16,12.22,162,0.3382,0.0966,,,0,60.67961,-174.14472,86,-0.5,4,EBS
NA,NA,NA,NA,NA,NA,NA,NA,NA,NA,NA,NA,NA,NA,NA,NA,NA,NA,NA,NA,NA,NA,NA,NA,NA,NA,NA,NA,NA,NA,NA,NA,NA,NA,NA,NA,NA,NA,NA,NA,NA,NA,NA,NA,NA,NA,NA,NA,NA,NA,NA,NA,NA,NA,NA,NA,NA,NA,NA,NA,NA,NA,NA,NA,NA,NA,NA,NA,NA,VA-46,2022,202201,R-26,0.013987965863223,67629.99561553323,94,156,2,49.03,0,40,0.3732,0.1467,,,0,60.67961,-174.14472,86,-0.5,4,EBS
NA,NA,NA,NA,NA,NA,NA,NA,NA,NA,NA,NA,NA,NA,NA,NA,NA,NA,NA,NA,NA,NA,NA,NA,NA,NA,NA,NA,NA,NA,NA,NA,NA,NA,NA,NA,NA,NA,NA,NA,NA,NA,NA,NA,NA,NA,NA,NA,NA,NA,NA,NA,NA,NA,NA,NA,NA,NA,NA,NA,NA,NA,NA,NA,NA,NA,NA,NA,NA,VA-56,2022,202201,R-26,0.013987965863223,67629.99561553323,94,156,1,72.44,10.59,130,0.3151,0.0874,,,0,60.67961,-174.14472,86,-0.5,4,EBS
NA,NA,NA,NA,NA,NA,NA,NA,NA,NA,NA,NA,NA,NA,NA,NA,NA,NA,NA,NA,NA,NA,NA,NA,NA,NA,NA,NA,NA,NA,NA,NA,NA,NA,NA,NA,NA,NA,NA,NA,NA,NA,NA,NA,NA,NA,NA,NA,NA,NA,NA,NA,NA,NA,NA,NA,NA,NA,NA,NA,NA,NA,NA,NA,NA,NA,NA,NA,NA,VA-61,2022,202201,R-26,0.013987965863223,67629.99561553323,94,156,1,76.71,11.31,158,0.3412,0.1109,,,0,60.67961,-174.14472,86,-0.5,4,EBS
NA,NA,NA,NA,NA,NA,NA,NA,NA,NA,NA,NA,NA,NA,NA,NA,NA,NA,NA,NA,NA,NA,NA,NA,NA,NA,NA,NA,NA,NA,NA,NA,NA,NA,NA,NA,NA,NA,NA,NA,NA,NA,NA,NA,NA,NA,NA,NA,NA,NA,NA,NA,NA,NA,NA,NA,NA,NA,NA,NA,NA,NA,NA,NA,NA,NA,NA,NA,NA,VA-72,2022,202201,R-26,0.013987965863223,67629.99561553323,94,156,1,75.63,11.43,156,0.3065,0.096,,,0,60.67961,-174.14472,86,-0.5,4,EBS
NA,NA,NA,NA,NA,NA,NA,NA,NA,NA,NA,NA,NA,NA,NA,NA,NA,NA,NA,NA,NA,NA,NA,NA,NA,NA,NA,NA,NA,NA,NA,NA,NA,NA,NA,NA,NA,NA,NA,NA,NA,NA,NA,NA,NA,NA,NA,NA,NA,NA,NA,NA,NA,NA,NA,NA,NA,NA,NA,NA,NA,NA,NA,NA,NA,NA,NA,NA,NA,VA-75,2022,202201,R-26,0.013987965863223,67629.99561553323,94,156,1,74.13,11.32,140,0.3344,0.102,,,0,60.67961,-174.14472,86,-0.5,4,EBS
NA,NA,NA,NA,NA,NA,NA,NA,NA,NA,NA,NA,NA,NA,NA,NA,NA,NA,NA,NA,NA,NA,NA,NA,NA,NA,NA,NA,NA,NA,NA,NA,NA,NA,NA,NA,NA,NA,NA,NA,NA,NA,NA,NA,NA,NA,NA,NA,NA,NA,NA,NA,NA,NA,NA,NA,NA,NA,NA,NA,NA,NA,NA,NA,NA,NA,NA,NA,NA,VA-77,2022,202201,R-26,0.013987965863223,67629.99561553323,94,156,1,80.54,12.61,186,0.3028,0.0824,,,0,60.67961,-174.14472,86,-0.5,4,EBS
NA,NA,NA,NA,NA,NA,NA,NA,NA,NA,NA,NA,NA,NA,NA,NA,NA,NA,NA,NA,NA,NA,NA,NA,NA,NA,NA,NA,NA,NA,NA,NA,NA,NA,NA,NA,NA,NA,NA,NA,NA,NA,NA,NA,NA,NA,NA,NA,NA,NA,NA,NA,NA,NA,NA,NA,NA,NA,NA,NA,NA,NA,NA,NA,NA,NA,NA,NA,NA,VA-91,2022,202201,R-27,0.014703665195736,44420.134796690516,94,190,2,51.43,0,NA,0.305,0.0956,,,0,60.65575,-174.81936,97,0.7,4,EBS
NA,NA,NA,NA,NA,NA,NA,NA,NA,NA,NA,NA,NA,NA,NA,NA,NA,NA,NA,NA,NA,NA,NA,NA,NA,NA,NA,NA,NA,NA,NA,NA,NA,NA,NA,NA,NA,NA,NA,NA,NA,NA,NA,NA,NA,NA,NA,NA,NA,NA,NA,NA,NA,NA,NA,NA,NA,NA,NA,NA,NA,NA,NA,NA,NA,NA,NA,NA,NA,VA-92,2022,202201,R-27,0.014703665195736,44420.134796690516,94,190,1,65.17,13.49,NA,0.3321,0.1225,,,1,60.65575,-174.81936,97,0.7,4,EBS
NA,NA,NA,NA,NA,NA,NA,NA,NA,NA,NA,NA,NA,NA,NA,NA,NA,NA,NA,NA,NA,NA,NA,NA,NA,NA,NA,NA,NA,NA,NA,NA,NA,NA,NA,NA,NA,NA,NA,NA,NA,NA,NA,NA,NA,NA,NA,NA,NA,NA,NA,NA,NA,NA,NA,NA,NA,NA,NA,NA,NA,NA,NA,NA,NA,NA,NA,NA,NA,VA-89,2022,202201,R-28,0.0152135482718835,63836.188813023335,94,187,2,55.58,0,60,0.3181,0.1031,,,0,60.68487,-175.45661,106,1.1,5,EBS
NA,NA,NA,NA,NA,NA,NA,NA,NA,NA,NA,NA,NA,NA,NA,NA,NA,NA,NA,NA,NA,NA,NA,NA,NA,NA,NA,NA,NA,NA,NA,NA,NA,NA,NA,NA,NA,NA,NA,NA,NA,NA,NA,NA,NA,NA,NA,NA,NA,NA,NA,NA,NA,NA,NA,NA,NA,NA,NA,NA,NA,NA,NA,NA,NA,NA,NA,NA,NA,VA-90,2022,202201,R-28,0.0152135482718835,63836.188813023335,94,187,2,60.22,0,72,0.3306,0.1135,,,0,60.68487,-175.45661,106,1.1,5,EBS
NA,NA,NA,NA,NA,NA,NA,NA,NA,NA,NA,NA,NA,NA,NA,NA,NA,NA,NA,NA,NA,NA,NA,NA,NA,NA,NA,NA,NA,NA,NA,NA,NA,NA,NA,NA,NA,NA,NA,NA,NA,NA,NA,NA,NA,NA,NA,NA,NA,NA,NA,NA,NA,NA,NA,NA,NA,NA,NA,NA,NA,NA,NA,NA,NA,NA,NA,NA,NA,VA-51,2022,202201,S-23,0.0137896716832875,103693.36651669347,94,147,2,52.25,0,46,0.3018,0.105,,,0,61.00486,-172.15955,62,-0.4,4,EBS
NA,NA,NA,NA,NA,NA,NA,NA,NA,NA,NA,NA,NA,NA,NA,NA,NA,NA,NA,NA,NA,NA,NA,NA,NA,NA,NA,NA,NA,NA,NA,NA,NA,NA,NA,NA,NA,NA,NA,NA,NA,NA,NA,NA,NA,NA,NA,NA,NA,NA,NA,NA,NA,NA,NA,NA,NA,NA,NA,NA,NA,NA,NA,NA,NA,NA,NA,NA,NA,VA-59,2022,202201,S-23,0.0137896716832875,103693.36651669347,94,147,1,75.99,13.85,170,0.3873,0.0891,,,0,61.00486,-172.15955,62,-0.4,4,EBS
NA,NA,NA,NA,NA,NA,NA,NA,NA,NA,NA,NA,NA,NA,NA,NA,NA,NA,NA,NA,NA,NA,NA,NA,NA,NA,NA,NA,NA,NA,NA,NA,NA,NA,NA,NA,NA,NA,NA,NA,NA,NA,NA,NA,NA,NA,NA,NA,NA,NA,NA,NA,NA,NA,NA,NA,NA,NA,NA,NA,NA,NA,NA,NA,NA,NA,NA,NA,NA,VA-64,2022,202201,S-23,0.0137896716832875,103693.36651669347,94,147,1,85.2,13.62,198,0.3328,0.0947,,,0,61.00486,-172.15955,62,-0.4,4,EBS
NA,NA,NA,NA,NA,NA,NA,NA,NA,NA,NA,NA,NA,NA,NA,NA,NA,NA,NA,NA,NA,NA,NA,NA,NA,NA,NA,NA,NA,NA,NA,NA,NA,NA,NA,NA,NA,NA,NA,NA,NA,NA,NA,NA,NA,NA,NA,NA,NA,NA,NA,NA,NA,NA,NA,NA,NA,NA,NA,NA,NA,NA,NA,NA,NA,NA,NA,NA,NA,VA-66,2022,202201,S-23,0.0137896716832875,103693.36651669347,94,147,2,52.51,0,48,0.3213,0.0981,,,0,61.00486,-172.15955,62,-0.4,4,EBS
NA,NA,NA,NA,NA,NA,NA,NA,NA,NA,NA,NA,NA,NA,NA,NA,NA,NA,NA,NA,NA,NA,NA,NA,NA,NA,NA,NA,NA,NA,NA,NA,NA,NA,NA,NA,NA,NA,NA,NA,NA,NA,NA,NA,NA,NA,NA,NA,NA,NA,NA,NA,NA,NA,NA,NA,NA,NA,NA,NA,NA,NA,NA,NA,NA,NA,NA,NA,NA,VA-68,2022,202201,S-23,0.0137896716832875,103693.36651669347,94,147,2,45.25,0,30,0.324,0.1152,,,0,61.00486,-172.15955,62,-0.4,4,EBS
NA,NA,NA,NA,NA,NA,NA,NA,NA,NA,NA,NA,NA,NA,NA,NA,NA,NA,NA,NA,NA,NA,NA,NA,NA,NA,NA,NA,NA,NA,NA,NA,NA,NA,NA,NA,NA,NA,NA,NA,NA,NA,NA,NA,NA,NA,NA,NA,NA,NA,NA,NA,NA,NA,NA,NA,NA,NA,NA,NA,NA,NA,NA,NA,NA,NA,NA,NA,NA,VA-70,2022,202201,S-23,0.0137896716832875,103693.36651669347,94,147,2,51.16,0,46,0.3085,0.1067,,,0,61.00486,-172.15955,62,-0.4,4,EBS
NA,NA,NA,NA,NA,NA,NA,NA,NA,NA,NA,NA,NA,NA,NA,NA,NA,NA,NA,NA,NA,NA,NA,NA,NA,NA,NA,NA,NA,NA,NA,NA,NA,NA,NA,NA,NA,NA,NA,NA,NA,NA,NA,NA,NA,NA,NA,NA,NA,NA,NA,NA,NA,NA,NA,NA,NA,NA,NA,NA,NA,NA,NA,NA,NA,NA,NA,NA,NA,VA-71,2022,202201,S-23,0.0137896716832875,103693.36651669347,94,147,2,49.39,0,NA,0.3429,0.1127,,,0,61.00486,-172.15955,62,-0.4,4,EBS
NA,NA,NA,NA,NA,NA,NA,NA,NA,NA,NA,NA,NA,NA,NA,NA,NA,NA,NA,NA,NA,NA,NA,NA,NA,NA,NA,NA,NA,NA,NA,NA,NA,NA,NA,NA,NA,NA,NA,NA,NA,NA,NA,NA,NA,NA,NA,NA,NA,NA,NA,NA,NA,NA,NA,NA,NA,NA,NA,NA,NA,NA,NA,NA,NA,NA,NA,NA,NA,VA-62,2022,202201,S-25,0.0150755928070506,279563.7481020918,94,154,2,48.69,0,NA,0.3292,0.118,,,0,60.99834,-173.48328,74,-0.8,4,EBS
NA,NA,NA,NA,NA,NA,NA,NA,NA,NA,NA,NA,NA,NA,NA,NA,NA,NA,NA,NA,NA,NA,NA,NA,NA,NA,NA,NA,NA,NA,NA,NA,NA,NA,NA,NA,NA,NA,NA,NA,NA,NA,NA,NA,NA,NA,NA,NA,NA,NA,NA,NA,NA,NA,NA,NA,NA,NA,NA,NA,NA,NA,NA,NA,NA,NA,NA,NA,NA,VA-81,2022,202201,S-25,0.0150755928070506,279563.7481020918,94,154,2,41.61,0,NA,0.3075,0.1073,,,0,60.99834,-173.48328,74,-0.8,4,EBS
NA,NA,NA,NA,NA,NA,NA,NA,NA,NA,NA,NA,NA,NA,NA,NA,NA,NA,NA,NA,NA,NA,NA,NA,NA,NA,NA,NA,NA,NA,NA,NA,NA,NA,NA,NA,NA,NA,NA,NA,NA,NA,NA,NA,NA,NA,NA,NA,NA,NA,NA,NA,NA,NA,NA,NA,NA,NA,NA,NA,NA,NA,NA,NA,NA,NA,NA,NA,NA,VA-82,2022,202201,S-25,0.0150755928070506,279563.7481020918,94,154,2,47.69,0,30,0.317,0.1113,,,0,60.99834,-173.48328,74,-0.8,4,EBS
NA,NA,NA,NA,NA,NA,NA,NA,NA,NA,NA,NA,NA,NA,NA,NA,NA,NA,NA,NA,NA,NA,NA,NA,NA,NA,NA,NA,NA,NA,NA,NA,NA,NA,NA,NA,NA,NA,NA,NA,NA,NA,NA,NA,NA,NA,NA,NA,NA,NA,NA,NA,NA,NA,NA,NA,NA,NA,NA,NA,NA,NA,NA,NA,NA,NA,NA,NA,NA,VA-83,2022,202201,S-25,0.0150755928070506,279563.7481020918,94,154,2,48.16,0,NA,0.3066,0.1182,,,0,60.99834,-173.48328,74,-0.8,4,EBS
NA,NA,NA,NA,NA,NA,NA,NA,NA,NA,NA,NA,NA,NA,NA,NA,NA,NA,NA,NA,NA,NA,NA,NA,NA,NA,NA,NA,NA,NA,NA,NA,NA,NA,NA,NA,NA,NA,NA,NA,NA,NA,NA,NA,NA,NA,NA,NA,NA,NA,NA,NA,NA,NA,NA,NA,NA,NA,NA,NA,NA,NA,NA,NA,NA,NA,NA,NA,NA,VA-84,2022,202201,S-25,0.0150755928070506,279563.7481020918,94,154,2,50.44,0,NA,0.3427,0.1164,,,0,60.99834,-173.48328,74,-0.8,4,EBS
NA,NA,NA,NA,NA,NA,NA,NA,NA,NA,NA,NA,NA,NA,NA,NA,NA,NA,NA,NA,NA,NA,NA,NA,NA,NA,NA,NA,NA,NA,NA,NA,NA,NA,NA,NA,NA,NA,NA,NA,NA,NA,NA,NA,NA,NA,NA,NA,NA,NA,NA,NA,NA,NA,NA,NA,NA,NA,NA,NA,NA,NA,NA,NA,NA,NA,NA,NA,NA,VA-93,2022,202201,S-27,0.0151737267491271,5469.981196595276,94,191,1,102.73,16.94,NA,0.3671,0.0917,,,0,60.98942,-174.88082,91,0,4,EBS
NA,NA,NA,NA,NA,NA,NA,NA,NA,NA,NA,NA,NA,NA,NA,NA,NA,NA,NA,NA,NA,NA,NA,NA,NA,NA,NA,NA,NA,NA,NA,NA,NA,NA,NA,NA,NA,NA,NA,NA,NA,NA,NA,NA,NA,NA,NA,NA,NA,NA,NA,NA,NA,NA,NA,NA,NA,NA,NA,NA,NA,NA,NA,NA,NA,NA,NA,NA,NA,VA-94,2022,202201,S-27,0.0151737267491271,5469.981196595276,94,191,1,79.32,11.05,NA,0.3073,0.1022,,,0,60.98942,-174.88082,91,0,4,EBS
NA,NA,NA,NA,NA,NA,NA,NA,NA,NA,NA,NA,NA,NA,NA,NA,NA,NA,NA,NA,NA,NA,NA,NA,NA,NA,NA,NA,NA,NA,NA,NA,NA,NA,NA,NA,NA,NA,NA,NA,NA,NA,NA,NA,NA,NA,NA,NA,NA,NA,NA,NA,NA,NA,NA,NA,NA,NA,NA,NA,NA,NA,NA,NA,NA,NA,NA,NA,NA,VA-95,2022,202201,S-27,0.0151737267491271,5469.981196595276,94,191,1,94.73,14.33,NA,0.3194,0.0857,,,0,60.98942,-174.88082,91,0,4,EBS
NA,NA,NA,NA,NA,NA,NA,NA,NA,NA,NA,NA,NA,NA,NA,NA,NA,NA,NA,NA,NA,NA,NA,NA,NA,NA,NA,NA,NA,NA,NA,NA,NA,NA,NA,NA,NA,NA,NA,NA,NA,NA,NA,NA,NA,NA,NA,NA,NA,NA,NA,NA,NA,NA,NA,NA,NA,NA,NA,NA,NA,NA,NA,NA,NA,NA,NA,NA,NA,VA-87,2022,202201,S-29,0.01525469082286875,19438.957068566433,94,184,1,92.03,15.13,306,0.298,0.1251,,,0,60.99116,-176.27538,111,1.2,5,EBS
NA,NA,NA,NA,NA,NA,NA,NA,NA,NA,NA,NA,NA,NA,NA,NA,NA,NA,NA,NA,NA,NA,NA,NA,NA,NA,NA,NA,NA,NA,NA,NA,NA,NA,NA,NA,NA,NA,NA,NA,NA,NA,NA,NA,NA,NA,NA,NA,NA,NA,NA,NA,NA,NA,NA,NA,NA,NA,NA,NA,NA,NA,NA,NA,NA,NA,NA,NA,NA,VA-88,2022,202201,S-29,0.01525469082286875,19438.957068566433,94,184,2,46.51,0,38,0.3106,0.1046,,,0,60.99116,-176.27538,111,1.2,5,EBS
NA,NA,NA,NA,NA,NA,NA,NA,NA,NA,NA,NA,NA,NA,NA,NA,NA,NA,NA,NA,NA,NA,NA,NA,NA,NA,NA,NA,NA,NA,NA,NA,NA,NA,NA,NA,NA,NA,NA,NA,NA,NA,NA,NA,NA,NA,NA,NA,NA,NA,NA,NA,NA,NA,NA,NA,NA,NA,NA,NA,NA,NA,NA,NA,NA,NA,NA,NA,NA,AKK-171,2022,202201,S-30,0.015650712111474,19999.089994795217,162,190,1,99.08,18.71,364,0.3504,0.1243,,,0,61.00888,-176.96671,122,1.6,5,EBS
NA,NA,NA,NA,NA,NA,NA,NA,NA,NA,NA,NA,NA,NA,NA,NA,NA,NA,NA,NA,NA,NA,NA,NA,NA,NA,NA,NA,NA,NA,NA,NA,NA,NA,NA,NA,NA,NA,NA,NA,NA,NA,NA,NA,NA,NA,NA,NA,NA,NA,NA,NA,NA,NA,NA,NA,NA,NA,NA,NA,NA,NA,NA,NA,NA,NA,NA,NA,NA,AKK-183,2022,202201,S-30,0.015650712111474,19999.089994795217,162,190,1,107.01,21.31,451,0.3319,0.1015,,,0,61.00888,-176.96671,122,1.6,5,EBS
NA,NA,NA,NA,NA,NA,NA,NA,NA,NA,NA,NA,NA,NA,NA,NA,NA,NA,NA,NA,NA,NA,NA,NA,NA,NA,NA,NA,NA,NA,NA,NA,NA,NA,NA,NA,NA,NA,NA,NA,NA,NA,NA,NA,NA,NA,NA,NA,NA,NA,NA,NA,NA,NA,NA,NA,NA,NA,NA,NA,NA,NA,NA,NA,NA,NA,NA,NA,NA,AKK-196,2022,202201,S-31,0.0167529499598835,3163.621936847746,162,189,1,84.07,13.27,191,0.3233,0.1516,,,0,61.00789,-177.6324,135,1.5,5,EBS
NA,NA,NA,NA,NA,NA,NA,NA,NA,NA,NA,NA,NA,NA,NA,NA,NA,NA,NA,NA,NA,NA,NA,NA,NA,NA,NA,NA,NA,NA,NA,NA,NA,NA,NA,NA,NA,NA,NA,NA,NA,NA,NA,NA,NA,NA,NA,NA,NA,NA,NA,NA,NA,NA,NA,NA,NA,NA,NA,NA,NA,NA,NA,NA,NA,NA,NA,NA,NA,VA-96,2022,202201,T-27,0.0161836593900333,44098.88040769817,94,192,2,50.05,0,44,0.314,0.1058,,,0,61.32121,-175.00831,87,-0.6,4,EBS
NA,NA,NA,NA,NA,NA,NA,NA,NA,NA,NA,NA,NA,NA,NA,NA,NA,NA,NA,NA,NA,NA,NA,NA,NA,NA,NA,NA,NA,NA,NA,NA,NA,NA,NA,NA,NA,NA,NA,NA,NA,NA,NA,NA,NA,NA,NA,NA,NA,NA,NA,NA,NA,NA,NA,NA,NA,NA,NA,NA,NA,NA,NA,NA,NA,NA,NA,NA,NA,VA-97,2022,202201,T-27,0.0161836593900333,44098.88040769817,94,192,2,50.8,0,46,0.366,0.1382,,,0,61.32121,-175.00831,87,-0.6,4,EBS
NA,NA,NA,NA,NA,NA,NA,NA,NA,NA,NA,NA,NA,NA,NA,NA,NA,NA,NA,NA,NA,NA,NA,NA,NA,NA,NA,NA,NA,NA,NA,NA,NA,NA,NA,NA,NA,NA,NA,NA,NA,NA,NA,NA,NA,NA,NA,NA,NA,NA,NA,NA,NA,NA,NA,NA,NA,NA,NA,NA,NA,NA,NA,NA,NA,NA,NA,NA,NA,VA-98,2022,202201,T-27,0.0161836593900333,44098.88040769817,94,192,2,56.04,0,60,0.308,0.1214,,,0,61.32121,-175.00831,87,-0.6,4,EBS
NA,NA,NA,NA,NA,NA,NA,NA,NA,NA,NA,NA,NA,NA,NA,NA,NA,NA,NA,NA,NA,NA,NA,NA,NA,NA,NA,NA,NA,NA,NA,NA,NA,NA,NA,NA,NA,NA,NA,NA,NA,NA,NA,NA,NA,NA,NA,NA,NA,NA,NA,NA,NA,NA,NA,NA,NA,NA,NA,NA,NA,NA,NA,NA,NA,NA,NA,NA,NA,VA-99,2022,202201,T-27,0.0161836593900333,44098.88040769817,94,192,2,52.34,0,50,0.3118,0.0992,,,0,61.32121,-175.00831,87,-0.6,4,EBS
NA,NA,NA,NA,NA,NA,NA,NA,NA,NA,NA,NA,NA,NA,NA,NA,NA,NA,NA,NA,NA,NA,NA,NA,NA,NA,NA,NA,NA,NA,NA,NA,NA,NA,NA,NA,NA,NA,NA,NA,NA,NA,NA,NA,NA,NA,NA,NA,NA,NA,NA,NA,NA,NA,NA,NA,NA,NA,NA,NA,NA,NA,NA,NA,NA,NA,NA,NA,NA,VA-100,2022,202201,T-27,0.0161836593900333,44098.88040769817,94,192,2,49.8,0,42,0.311,0.1177,,,0,61.32121,-175.00831,87,-0.6,4,EBS
NA,NA,NA,NA,NA,NA,NA,NA,NA,NA,NA,NA,NA,NA,NA,NA,NA,NA,NA,NA,NA,NA,NA,NA,NA,NA,NA,NA,NA,NA,NA,NA,NA,NA,NA,NA,NA,NA,NA,NA,NA,NA,NA,NA,NA,NA,NA,NA,NA,NA,NA,NA,NA,NA,NA,NA,NA,NA,NA,NA,NA,NA,NA,NA,NA,NA,NA,NA,NA,VA-101,2022,202201,T-27,0.0161836593900333,44098.88040769817,94,192,2,56.48,0,60,0.3225,0.1085,,,0,61.32121,-175.00831,87,-0.6,4,EBS
NA,NA,NA,NA,NA,NA,NA,NA,NA,NA,NA,NA,NA,NA,NA,NA,NA,NA,NA,NA,NA,NA,NA,NA,NA,NA,NA,NA,NA,NA,NA,NA,NA,NA,NA,NA,NA,NA,NA,NA,NA,NA,NA,NA,NA,NA,NA,NA,NA,NA,NA,NA,NA,NA,NA,NA,NA,NA,NA,NA,NA,NA,NA,NA,NA,NA,NA,NA,NA,AKK-164,2022,202201,T-29,0.01515479123370465,28679.320836394865,162,192,2,46.06,0,32,0.3453,0.1273,,,0,61.33116,-176.30919,106,0.9,5,EBS
NA,NA,NA,NA,NA,NA,NA,NA,NA,NA,NA,NA,NA,NA,NA,NA,NA,NA,NA,NA,NA,NA,NA,NA,NA,NA,NA,NA,NA,NA,NA,NA,NA,NA,NA,NA,NA,NA,NA,NA,NA,NA,NA,NA,NA,NA,NA,NA,NA,NA,NA,NA,NA,NA,NA,NA,NA,NA,NA,NA,NA,NA,NA,NA,NA,NA,NA,NA,NA,AKK-167,2022,202201,T-29,0.01515479123370465,28679.320836394865,162,192,2,57.73,0,66,0.3213,0.118,,,0,61.33116,-176.30919,106,0.9,5,EBS
NA,NA,NA,NA,NA,NA,NA,NA,NA,NA,NA,NA,NA,NA,NA,NA,NA,NA,NA,NA,NA,NA,NA,NA,NA,NA,NA,NA,NA,NA,NA,NA,NA,NA,NA,NA,NA,NA,NA,NA,NA,NA,NA,NA,NA,NA,NA,NA,NA,NA,NA,NA,NA,NA,NA,NA,NA,NA,NA,NA,NA,NA,NA,NA,NA,NA,NA,NA,NA,AKK-168,2022,202201,T-29,0.01515479123370465,28679.320836394865,162,192,2,52.02,0,47,0.3984,0.1445,,,0,61.33116,-176.30919,106,0.9,5,EBS
NA,NA,NA,NA,NA,NA,NA,NA,NA,NA,NA,NA,NA,NA,NA,NA,NA,NA,NA,NA,NA,NA,NA,NA,NA,NA,NA,NA,NA,NA,NA,NA,NA,NA,NA,NA,NA,NA,NA,NA,NA,NA,NA,NA,NA,NA,NA,NA,NA,NA,NA,NA,NA,NA,NA,NA,NA,NA,NA,NA,NA,NA,NA,NA,NA,NA,NA,NA,NA,AKK-169,2022,202201,T-29,0.01515479123370465,28679.320836394865,162,192,2,59.76,0,72,0.3105,0.0777,,,0,61.33116,-176.30919,106,0.9,5,EBS
NA,NA,NA,NA,NA,NA,NA,NA,NA,NA,NA,NA,NA,NA,NA,NA,NA,NA,NA,NA,NA,NA,NA,NA,NA,NA,NA,NA,NA,NA,NA,NA,NA,NA,NA,NA,NA,NA,NA,NA,NA,NA,NA,NA,NA,NA,NA,NA,NA,NA,NA,NA,NA,NA,NA,NA,NA,NA,NA,NA,NA,NA,NA,NA,NA,NA,NA,NA,NA,AKK-181,2022,202201,T-29,0.01515479123370465,28679.320836394865,162,192,1,113.18,22.52,591,0.3456,0.1107,,,0,61.33116,-176.30919,106,0.9,5,EBS
NA,NA,NA,NA,NA,NA,NA,NA,NA,NA,NA,NA,NA,NA,NA,NA,NA,NA,NA,NA,NA,NA,NA,NA,NA,NA,NA,NA,NA,NA,NA,NA,NA,NA,NA,NA,NA,NA,NA,NA,NA,NA,NA,NA,NA,NA,NA,NA,NA,NA,NA,NA,NA,NA,NA,NA,NA,NA,NA,NA,NA,NA,NA,NA,NA,NA,NA,NA,NA,AKK-191,2022,202201,T-29,0.01515479123370465,28679.320836394865,162,192,2,47.61,0,25,0.3261,0.1172,,,0,61.33116,-176.30919,106,0.9,5,EBS
NA,NA,NA,NA,NA,NA,NA,NA,NA,NA,NA,NA,NA,NA,NA,NA,NA,NA,NA,NA,NA,NA,NA,NA,NA,NA,NA,NA,NA,NA,NA,NA,NA,NA,NA,NA,NA,NA,NA,NA,NA,NA,NA,NA,NA,NA,NA,NA,NA,NA,NA,NA,NA,NA,NA,NA,NA,NA,NA,NA,NA,NA,NA,NA,NA,NA,NA,NA,NA,AKK-197,2022,202201,T-29,0.01515479123370465,28679.320836394865,162,192,2,51.71,0,45,0.3609,0.1175,,,0,61.33116,-176.30919,106,0.9,5,EBS
NA,NA,NA,NA,NA,NA,NA,NA,NA,NA,NA,NA,NA,NA,NA,NA,NA,NA,NA,NA,NA,NA,NA,NA,NA,NA,NA,NA,NA,NA,NA,NA,NA,NA,NA,NA,NA,NA,NA,NA,NA,NA,NA,NA,NA,NA,NA,NA,NA,NA,NA,NA,NA,NA,NA,NA,NA,NA,NA,NA,NA,NA,NA,NA,NA,NA,NA,NA,NA,VA-102,2022,202201,U-26,0.0142289277097176,193499.45731466817,94,194,2,51.46,0,48,0.3188,0.1062,,,0,61.66746,-174.47425,76,-1.4,4,EBS
NA,NA,NA,NA,NA,NA,NA,NA,NA,NA,NA,NA,NA,NA,NA,NA,NA,NA,NA,NA,NA,NA,NA,NA,NA,NA,NA,NA,NA,NA,NA,NA,NA,NA,NA,NA,NA,NA,NA,NA,NA,NA,NA,NA,NA,NA,NA,NA,NA,NA,NA,NA,NA,NA,NA,NA,NA,NA,NA,NA,NA,NA,NA,NA,NA,NA,NA,NA,NA,VA-103,2022,202201,U-26,0.0142289277097176,193499.45731466817,94,194,2,47.62,0,42,0.3015,0.1094,,,0,61.66746,-174.47425,76,-1.4,4,EBS
NA,NA,NA,NA,NA,NA,NA,NA,NA,NA,NA,NA,NA,NA,NA,NA,NA,NA,NA,NA,NA,NA,NA,NA,NA,NA,NA,NA,NA,NA,NA,NA,NA,NA,NA,NA,NA,NA,NA,NA,NA,NA,NA,NA,NA,NA,NA,NA,NA,NA,NA,NA,NA,NA,NA,NA,NA,NA,NA,NA,NA,NA,NA,NA,NA,NA,NA,NA,NA,AKK-166,2022,202201,U-29,0.0162692880258216,6208.015977078965,162,193,1,74.52,13.26,159,0.3124,0.1105,,,0,61.66493,-176.47266,105,0,5,EBS
NA,NA,NA,NA,NA,NA,NA,NA,NA,NA,NA,NA,NA,NA,NA,NA,NA,NA,NA,NA,NA,NA,NA,NA,NA,NA,NA,NA,NA,NA,NA,NA,NA,NA,NA,NA,NA,NA,NA,NA,NA,NA,NA,NA,NA,NA,NA,NA,NA,NA,NA,NA,NA,NA,NA,NA,NA,NA,NA,NA,NA,NA,NA,NA,NA,NA,NA,NA,NA,AKK-173,2022,202201,U-29,0.0162692880258216,6208.015977078965,162,193,1,72.52,13.68,145,0.3229,0.1094,,,0,61.66493,-176.47266,105,0,5,EBS
NA,NA,NA,NA,NA,NA,NA,NA,NA,NA,NA,NA,NA,NA,NA,NA,NA,NA,NA,NA,NA,NA,NA,NA,NA,NA,NA,NA,NA,NA,NA,NA,NA,NA,NA,NA,NA,NA,NA,NA,NA,NA,NA,NA,NA,NA,NA,NA,NA,NA,NA,NA,NA,NA,NA,NA,NA,NA,NA,NA,NA,NA,NA,NA,NA,NA,NA,NA,NA,AKK-180,2022,202201,U-29,0.0162692880258216,6208.015977078965,162,193,2,56.2,0,60,0.2967,0.0998,,,0,61.66493,-176.47266,105,0,5,EBS
NA,NA,NA,NA,NA,NA,NA,NA,NA,NA,NA,NA,NA,NA,NA,NA,NA,NA,NA,NA,NA,NA,NA,NA,NA,NA,NA,NA,NA,NA,NA,NA,NA,NA,NA,NA,NA,NA,NA,NA,NA,NA,NA,NA,NA,NA,NA,NA,NA,NA,NA,NA,NA,NA,NA,NA,NA,NA,NA,NA,NA,NA,NA,NA,NA,NA,NA,NA,NA,VA-128,2022,202202,AA-01,0.0123563785045932,263429.9061646593,94,38,1,53.58,10.79,NA,0.3158,0.0946,,,1,63.66443,-168.27987,31,2.5,8,NBS
NA,NA,NA,NA,NA,NA,NA,NA,NA,NA,NA,NA,NA,NA,NA,NA,NA,NA,NA,NA,NA,NA,NA,NA,NA,NA,NA,NA,NA,NA,NA,NA,NA,NA,NA,NA,NA,NA,NA,NA,NA,NA,NA,NA,NA,NA,NA,NA,NA,NA,NA,NA,NA,NA,NA,NA,NA,NA,NA,NA,NA,NA,NA,NA,NA,NA,NA,NA,NA,VA-135,2022,202202,AA-01,0.0123563785045932,263429.9061646593,94,38,1,50.29,8.59,52,0.2952,0.1103,,,0,63.66443,-168.27987,31,2.5,8,NBS
NA,NA,NA,NA,NA,NA,NA,NA,NA,NA,NA,NA,NA,NA,NA,NA,NA,NA,NA,NA,NA,NA,NA,NA,NA,NA,NA,NA,NA,NA,NA,NA,NA,NA,NA,NA,NA,NA,NA,NA,NA,NA,NA,NA,NA,NA,NA,NA,NA,NA,NA,NA,NA,NA,NA,NA,NA,NA,NA,NA,NA,NA,NA,NA,NA,NA,NA,NA,NA,VA-137,2022,202202,AA-01,0.0123563785045932,263429.9061646593,94,38,2,45.85,0,36,0.3226,0.0999,,,0,63.66443,-168.27987,31,2.5,8,NBS
NA,NA,NA,NA,NA,NA,NA,NA,NA,NA,NA,NA,NA,NA,NA,NA,NA,NA,NA,NA,NA,NA,NA,NA,NA,NA,NA,NA,NA,NA,NA,NA,NA,NA,NA,NA,NA,NA,NA,NA,NA,NA,NA,NA,NA,NA,NA,NA,NA,NA,NA,NA,NA,NA,NA,NA,NA,NA,NA,NA,NA,NA,NA,NA,NA,NA,NA,NA,NA,VA-138,2022,202202,AA-01,0.0123563785045932,263429.9061646593,94,38,2,51.82,0,48,0.3194,0.0975,,,0,63.66443,-168.27987,31,2.5,8,NBS
NA,NA,NA,NA,NA,NA,NA,NA,NA,NA,NA,NA,NA,NA,NA,NA,NA,NA,NA,NA,NA,NA,NA,NA,NA,NA,NA,NA,NA,NA,NA,NA,NA,NA,NA,NA,NA,NA,NA,NA,NA,NA,NA,NA,NA,NA,NA,NA,NA,NA,NA,NA,NA,NA,NA,NA,NA,NA,NA,NA,NA,NA,NA,NA,NA,NA,NA,NA,NA,VA-141,2022,202202,AA-01,0.0123563785045932,263429.9061646593,94,38,2,43.71,0,32,0.3369,0.1035,,,0,63.66443,-168.27987,31,2.5,8,NBS
NA,NA,NA,NA,NA,NA,NA,NA,NA,NA,NA,NA,NA,NA,NA,NA,NA,NA,NA,NA,NA,NA,NA,NA,NA,NA,NA,NA,NA,NA,NA,NA,NA,NA,NA,NA,NA,NA,NA,NA,NA,NA,NA,NA,NA,NA,NA,NA,NA,NA,NA,NA,NA,NA,NA,NA,NA,NA,NA,NA,NA,NA,NA,NA,NA,NA,NA,NA,NA,VA-142,2022,202202,AA-01,0.0123563785045932,263429.9061646593,94,38,2,46.35,0,38,0.3236,0.1095,,,0,63.66443,-168.27987,31,2.5,8,NBS
NA,NA,NA,NA,NA,NA,NA,NA,NA,NA,NA,NA,NA,NA,NA,NA,NA,NA,NA,NA,NA,NA,NA,NA,NA,NA,NA,NA,NA,NA,NA,NA,NA,NA,NA,NA,NA,NA,NA,NA,NA,NA,NA,NA,NA,NA,NA,NA,NA,NA,NA,NA,NA,NA,NA,NA,NA,NA,NA,NA,NA,NA,NA,NA,NA,NA,NA,NA,NA,VA-145,2022,202202,AA-01,0.0123563785045932,263429.9061646593,94,38,1,50.06,8.14,NA,0.2988,0.116,,,0,63.66443,-168.27987,31,2.5,8,NBS
NA,NA,NA,NA,NA,NA,NA,NA,NA,NA,NA,NA,NA,NA,NA,NA,NA,NA,NA,NA,NA,NA,NA,NA,NA,NA,NA,NA,NA,NA,NA,NA,NA,NA,NA,NA,NA,NA,NA,NA,NA,NA,NA,NA,NA,NA,NA,NA,NA,NA,NA,NA,NA,NA,NA,NA,NA,NA,NA,NA,NA,NA,NA,NA,NA,NA,NA,NA,NA,VA-148,2022,202202,AA-01,0.0123563785045932,263429.9061646593,94,38,2,56.06,0,60,0.3226,0.0776,,,0,63.66443,-168.27987,31,2.5,8,NBS
NA,NA,NA,NA,NA,NA,NA,NA,NA,NA,NA,NA,NA,NA,NA,NA,NA,NA,NA,NA,NA,NA,NA,NA,NA,NA,NA,NA,NA,NA,NA,NA,NA,NA,NA,NA,NA,NA,NA,NA,NA,NA,NA,NA,NA,NA,NA,NA,NA,NA,NA,NA,NA,NA,NA,NA,NA,NA,NA,NA,NA,NA,NA,NA,NA,NA,NA,NA,NA,VA-112,2022,202202,AA-02,0.0130962446942877,33918.100216449864,94,26,2,53.39,0,NA,0.3785,0.1057,,,0,63.68443,-167.53972,28,4,9,NBS
NA,NA,NA,NA,NA,NA,NA,NA,NA,NA,NA,NA,NA,NA,NA,NA,NA,NA,NA,NA,NA,NA,NA,NA,NA,NA,NA,NA,NA,NA,NA,NA,NA,NA,NA,NA,NA,NA,NA,NA,NA,NA,NA,NA,NA,NA,NA,NA,NA,NA,NA,NA,NA,NA,NA,NA,NA,NA,NA,NA,NA,NA,NA,NA,NA,NA,NA,NA,NA,VA-116,2022,202202,AA-02,0.0130962446942877,33918.100216449864,94,26,2,47.31,0,36,0.33,0.1246,,,0,63.68443,-167.53972,28,4,9,NBS
NA,NA,NA,NA,NA,NA,NA,NA,NA,NA,NA,NA,NA,NA,NA,NA,NA,NA,NA,NA,NA,NA,NA,NA,NA,NA,NA,NA,NA,NA,NA,NA,NA,NA,NA,NA,NA,NA,NA,NA,NA,NA,NA,NA,NA,NA,NA,NA,NA,NA,NA,NA,NA,NA,NA,NA,NA,NA,NA,NA,NA,NA,NA,NA,NA,NA,NA,NA,NA,VA-118,2022,202202,AA-02,0.0130962446942877,33918.100216449864,94,26,1,50.49,8.51,NA,0.416,0.1679,,,0,63.68443,-167.53972,28,4,9,NBS
NA,NA,NA,NA,NA,NA,NA,NA,NA,NA,NA,NA,NA,NA,NA,NA,NA,NA,NA,NA,NA,NA,NA,NA,NA,NA,NA,NA,NA,NA,NA,NA,NA,NA,NA,NA,NA,NA,NA,NA,NA,NA,NA,NA,NA,NA,NA,NA,NA,NA,NA,NA,NA,NA,NA,NA,NA,NA,NA,NA,NA,NA,NA,NA,NA,NA,NA,NA,NA,AKK-54,2022,202202,AA-18,0.0126212255677332,426172.5171722803,162,23,1,50.57,8.43,52,0.3076,0.1302,,,0,63.67053,-169.00176,35,4.6,8,NBS
NA,NA,NA,NA,NA,NA,NA,NA,NA,NA,NA,NA,NA,NA,NA,NA,NA,NA,NA,NA,NA,NA,NA,NA,NA,NA,NA,NA,NA,NA,NA,NA,NA,NA,NA,NA,NA,NA,NA,NA,NA,NA,NA,NA,NA,NA,NA,NA,NA,NA,NA,NA,NA,NA,NA,NA,NA,NA,NA,NA,NA,NA,NA,NA,NA,NA,NA,NA,NA,AKK-55,2022,202202,AA-18,0.0126212255677332,426172.5171722803,162,23,1,59.01,9.48,77,0.3547,0.1322,,,0,63.67053,-169.00176,35,4.6,8,NBS
NA,NA,NA,NA,NA,NA,NA,NA,NA,NA,NA,NA,NA,NA,NA,NA,NA,NA,NA,NA,NA,NA,NA,NA,NA,NA,NA,NA,NA,NA,NA,NA,NA,NA,NA,NA,NA,NA,NA,NA,NA,NA,NA,NA,NA,NA,NA,NA,NA,NA,NA,NA,NA,NA,NA,NA,NA,NA,NA,NA,NA,NA,NA,NA,NA,NA,NA,NA,NA,AKK-56,2022,202202,AA-18,0.0126212255677332,426172.5171722803,162,23,2,43.74,0,27,0.3068,0.0957,,,0,63.67053,-169.00176,35,4.6,8,NBS
NA,NA,NA,NA,NA,NA,NA,NA,NA,NA,NA,NA,NA,NA,NA,NA,NA,NA,NA,NA,NA,NA,NA,NA,NA,NA,NA,NA,NA,NA,NA,NA,NA,NA,NA,NA,NA,NA,NA,NA,NA,NA,NA,NA,NA,NA,NA,NA,NA,NA,NA,NA,NA,NA,NA,NA,NA,NA,NA,NA,NA,NA,NA,NA,NA,NA,NA,NA,NA,AKK-57,2022,202202,AA-18,0.0126212255677332,426172.5171722803,162,23,1,52.39,8.55,52,0.3704,0.1529,,,0,63.67053,-169.00176,35,4.6,8,NBS
NA,NA,NA,NA,NA,NA,NA,NA,NA,NA,NA,NA,NA,NA,NA,NA,NA,NA,NA,NA,NA,NA,NA,NA,NA,NA,NA,NA,NA,NA,NA,NA,NA,NA,NA,NA,NA,NA,NA,NA,NA,NA,NA,NA,NA,NA,NA,NA,NA,NA,NA,NA,NA,NA,NA,NA,NA,NA,NA,NA,NA,NA,NA,NA,NA,NA,NA,NA,NA,AKK-58,2022,202202,AA-18,0.0126212255677332,426172.5171722803,162,23,2,44.06,0,27,0.3296,0.0883,,,0,63.67053,-169.00176,35,4.6,8,NBS
NA,NA,NA,NA,NA,NA,NA,NA,NA,NA,NA,NA,NA,NA,NA,NA,NA,NA,NA,NA,NA,NA,NA,NA,NA,NA,NA,NA,NA,NA,NA,NA,NA,NA,NA,NA,NA,NA,NA,NA,NA,NA,NA,NA,NA,NA,NA,NA,NA,NA,NA,NA,NA,NA,NA,NA,NA,NA,NA,NA,NA,NA,NA,NA,NA,NA,NA,NA,NA,AKK-59,2022,202202,AA-18,0.0126212255677332,426172.5171722803,162,23,2,46.35,0,33,0.3199,0.1153,,,0,63.67053,-169.00176,35,4.6,8,NBS
NA,NA,NA,NA,NA,NA,NA,NA,NA,NA,NA,NA,NA,NA,NA,NA,NA,NA,NA,NA,NA,NA,NA,NA,NA,NA,NA,NA,NA,NA,NA,NA,NA,NA,NA,NA,NA,NA,NA,NA,NA,NA,NA,NA,NA,NA,NA,NA,NA,NA,NA,NA,NA,NA,NA,NA,NA,NA,NA,NA,NA,NA,NA,NA,NA,NA,NA,NA,NA,AKK-60,2022,202202,AA-18,0.0126212255677332,426172.5171722803,162,23,2,44.57,0,29,0.3127,0.0809,,,0,63.67053,-169.00176,35,4.6,8,NBS
NA,NA,NA,NA,NA,NA,NA,NA,NA,NA,NA,NA,NA,NA,NA,NA,NA,NA,NA,NA,NA,NA,NA,NA,NA,NA,NA,NA,NA,NA,NA,NA,NA,NA,NA,NA,NA,NA,NA,NA,NA,NA,NA,NA,NA,NA,NA,NA,NA,NA,NA,NA,NA,NA,NA,NA,NA,NA,NA,NA,NA,NA,NA,NA,NA,NA,NA,NA,NA,AKK-68,2022,202202,AA-23,0.0134775113425095,254336.92414624535,162,36,1,60.36,12.03,85,0.3189,0.0844,,,1,63.66676,-172.69469,55,-0.7,8,NBS
NA,NA,NA,NA,NA,NA,NA,NA,NA,NA,NA,NA,NA,NA,NA,NA,NA,NA,NA,NA,NA,NA,NA,NA,NA,NA,NA,NA,NA,NA,NA,NA,NA,NA,NA,NA,NA,NA,NA,NA,NA,NA,NA,NA,NA,NA,NA,NA,NA,NA,NA,NA,NA,NA,NA,NA,NA,NA,NA,NA,NA,NA,NA,NA,NA,NA,NA,NA,NA,AKK-69,2022,202202,AA-23,0.0134775113425095,254336.92414624535,162,36,1,54.2,10.55,61,0.3205,0.0777,,,1,63.66676,-172.69469,55,-0.7,8,NBS
NA,NA,NA,NA,NA,NA,NA,NA,NA,NA,NA,NA,NA,NA,NA,NA,NA,NA,NA,NA,NA,NA,NA,NA,NA,NA,NA,NA,NA,NA,NA,NA,NA,NA,NA,NA,NA,NA,NA,NA,NA,NA,NA,NA,NA,NA,NA,NA,NA,NA,NA,NA,NA,NA,NA,NA,NA,NA,NA,NA,NA,NA,NA,NA,NA,NA,NA,NA,NA,AKK-70,2022,202202,AA-23,0.0134775113425095,254336.92414624535,162,36,1,55.56,8.75,59,0.3103,0.0971,,,0,63.66676,-172.69469,55,-0.7,8,NBS
NA,NA,NA,NA,NA,NA,NA,NA,NA,NA,NA,NA,NA,NA,NA,NA,NA,NA,NA,NA,NA,NA,NA,NA,NA,NA,NA,NA,NA,NA,NA,NA,NA,NA,NA,NA,NA,NA,NA,NA,NA,NA,NA,NA,NA,NA,NA,NA,NA,NA,NA,NA,NA,NA,NA,NA,NA,NA,NA,NA,NA,NA,NA,NA,NA,NA,NA,NA,NA,AKK-71,2022,202202,AA-23,0.0134775113425095,254336.92414624535,162,36,2,49.24,0,38,0.3691,0.131,,,0,63.66676,-172.69469,55,-0.7,8,NBS
NA,NA,NA,NA,NA,NA,NA,NA,NA,NA,NA,NA,NA,NA,NA,NA,NA,NA,NA,NA,NA,NA,NA,NA,NA,NA,NA,NA,NA,NA,NA,NA,NA,NA,NA,NA,NA,NA,NA,NA,NA,NA,NA,NA,NA,NA,NA,NA,NA,NA,NA,NA,NA,NA,NA,NA,NA,NA,NA,NA,NA,NA,NA,NA,NA,NA,NA,NA,NA,AKK-72,2022,202202,AA-23,0.0134775113425095,254336.92414624535,162,36,2,46.92,0,37,0.3224,0.0978,,,0,63.66676,-172.69469,55,-0.7,8,NBS
NA,NA,NA,NA,NA,NA,NA,NA,NA,NA,NA,NA,NA,NA,NA,NA,NA,NA,NA,NA,NA,NA,NA,NA,NA,NA,NA,NA,NA,NA,NA,NA,NA,NA,NA,NA,NA,NA,NA,NA,NA,NA,NA,NA,NA,NA,NA,NA,NA,NA,NA,NA,NA,NA,NA,NA,NA,NA,NA,NA,NA,NA,NA,NA,NA,NA,NA,NA,NA,AKK-73,2022,202202,AA-23,0.0134775113425095,254336.92414624535,162,36,2,45.09,0,30,0.3406,0.1322,,,0,63.66676,-172.69469,55,-0.7,8,NBS
NA,NA,NA,NA,NA,NA,NA,NA,NA,NA,NA,NA,NA,NA,NA,NA,NA,NA,NA,NA,NA,NA,NA,NA,NA,NA,NA,NA,NA,NA,NA,NA,NA,NA,NA,NA,NA,NA,NA,NA,NA,NA,NA,NA,NA,NA,NA,NA,NA,NA,NA,NA,NA,NA,NA,NA,NA,NA,NA,NA,NA,NA,NA,NA,NA,NA,NA,NA,NA,AKK-74,2022,202202,AA-23,0.0134775113425095,254336.92414624535,162,36,2,42.08,0,29,0.4618,0.1294,,,0,63.66676,-172.69469,55,-0.7,8,NBS
NA,NA,NA,NA,NA,NA,NA,NA,NA,NA,NA,NA,NA,NA,NA,NA,NA,NA,NA,NA,NA,NA,NA,NA,NA,NA,NA,NA,NA,NA,NA,NA,NA,NA,NA,NA,NA,NA,NA,NA,NA,NA,NA,NA,NA,NA,NA,NA,NA,NA,NA,NA,NA,NA,NA,NA,NA,NA,NA,NA,NA,NA,NA,NA,NA,NA,NA,NA,NA,AKK-75,2022,202202,AA-23,0.0134775113425095,254336.92414624535,162,36,2,40.16,0,23,0.3257,0.1029,,,0,63.66676,-172.69469,55,-0.7,8,NBS
NA,NA,NA,NA,NA,NA,NA,NA,NA,NA,NA,NA,NA,NA,NA,NA,NA,NA,NA,NA,NA,NA,NA,NA,NA,NA,NA,NA,NA,NA,NA,NA,NA,NA,NA,NA,NA,NA,NA,NA,NA,NA,NA,NA,NA,NA,NA,NA,NA,NA,NA,NA,NA,NA,NA,NA,NA,NA,NA,NA,NA,NA,NA,NA,NA,NA,NA,NA,NA,AKK-76,2022,202202,AA-23,0.0134775113425095,254336.92414624535,162,36,1,53.7,8.48,59,0.3816,0.101,,,0,63.66676,-172.69469,55,-0.7,8,NBS
NA,NA,NA,NA,NA,NA,NA,NA,NA,NA,NA,NA,NA,NA,NA,NA,NA,NA,NA,NA,NA,NA,NA,NA,NA,NA,NA,NA,NA,NA,NA,NA,NA,NA,NA,NA,NA,NA,NA,NA,NA,NA,NA,NA,NA,NA,NA,NA,NA,NA,NA,NA,NA,NA,NA,NA,NA,NA,NA,NA,NA,NA,NA,NA,NA,NA,NA,NA,NA,AKK-77,2022,202202,AA-23,0.0134775113425095,254336.92414624535,162,36,1,52.05,8.8,54,0.3628,0.0992,,,0,63.66676,-172.69469,55,-0.7,8,NBS
NA,NA,NA,NA,NA,NA,NA,NA,NA,NA,NA,NA,NA,NA,NA,NA,NA,NA,NA,NA,NA,NA,NA,NA,NA,NA,NA,NA,NA,NA,NA,NA,NA,NA,NA,NA,NA,NA,NA,NA,NA,NA,NA,NA,NA,NA,NA,NA,NA,NA,NA,NA,NA,NA,NA,NA,NA,NA,NA,NA,NA,NA,NA,NA,NA,NA,NA,NA,NA,VA-105,2022,202202,BB-01,0.01302795444467055,199449.72336489536,94,24,1,51.48,10.55,58,0.31,0.1154,,,1,64.02313,-168.29402,35,3.5,9,NBS
NA,NA,NA,NA,NA,NA,NA,NA,NA,NA,NA,NA,NA,NA,NA,NA,NA,NA,NA,NA,NA,NA,NA,NA,NA,NA,NA,NA,NA,NA,NA,NA,NA,NA,NA,NA,NA,NA,NA,NA,NA,NA,NA,NA,NA,NA,NA,NA,NA,NA,NA,NA,NA,NA,NA,NA,NA,NA,NA,NA,NA,NA,NA,NA,NA,NA,NA,NA,NA,VA-108,2022,202202,BB-01,0.01302795444467055,199449.72336489536,94,24,2,40.63,0,NA,0.3081,0.1117,,,0,64.02313,-168.29402,35,3.5,9,NBS
NA,NA,NA,NA,NA,NA,NA,NA,NA,NA,NA,NA,NA,NA,NA,NA,NA,NA,NA,NA,NA,NA,NA,NA,NA,NA,NA,NA,NA,NA,NA,NA,NA,NA,NA,NA,NA,NA,NA,NA,NA,NA,NA,NA,NA,NA,NA,NA,NA,NA,NA,NA,NA,NA,NA,NA,NA,NA,NA,NA,NA,NA,NA,NA,NA,NA,NA,NA,NA,VA-109,2022,202202,BB-01,0.01302795444467055,199449.72336489536,94,24,2,41.98,0,24,0.3259,0.1141,,,0,64.02313,-168.29402,35,3.5,9,NBS
NA,NA,NA,NA,NA,NA,NA,NA,NA,NA,NA,NA,NA,NA,NA,NA,NA,NA,NA,NA,NA,NA,NA,NA,NA,NA,NA,NA,NA,NA,NA,NA,NA,NA,NA,NA,NA,NA,NA,NA,NA,NA,NA,NA,NA,NA,NA,NA,NA,NA,NA,NA,NA,NA,NA,NA,NA,NA,NA,NA,NA,NA,NA,NA,NA,NA,NA,NA,NA,VA-114,2022,202202,BB-01,0.01302795444467055,199449.72336489536,94,24,2,43.33,0,28,0.3287,0.1021,,,0,64.02313,-168.29402,35,3.5,9,NBS
NA,NA,NA,NA,NA,NA,NA,NA,NA,NA,NA,NA,NA,NA,NA,NA,NA,NA,NA,NA,NA,NA,NA,NA,NA,NA,NA,NA,NA,NA,NA,NA,NA,NA,NA,NA,NA,NA,NA,NA,NA,NA,NA,NA,NA,NA,NA,NA,NA,NA,NA,NA,NA,NA,NA,NA,NA,NA,NA,NA,NA,NA,NA,NA,NA,NA,NA,NA,NA,VA-120,2022,202202,BB-01,0.01302795444467055,199449.72336489536,94,24,2,40.65,0,26,0.4566,0.1503,,,0,64.02313,-168.29402,35,3.5,9,NBS
NA,NA,NA,NA,NA,NA,NA,NA,NA,NA,NA,NA,NA,NA,NA,NA,NA,NA,NA,NA,NA,NA,NA,NA,NA,NA,NA,NA,NA,NA,NA,NA,NA,NA,NA,NA,NA,NA,NA,NA,NA,NA,NA,NA,NA,NA,NA,NA,NA,NA,NA,NA,NA,NA,NA,NA,NA,NA,NA,NA,NA,NA,NA,NA,NA,NA,NA,NA,NA,VA-133,2022,202202,BB-01,0.01302795444467055,199449.72336489536,94,24,2,42.38,0,30,0.311,0.1085,,,0,64.02313,-168.29402,35,3.5,9,NBS
NA,NA,NA,NA,NA,NA,NA,NA,NA,NA,NA,NA,NA,NA,NA,NA,NA,NA,NA,NA,NA,NA,NA,NA,NA,NA,NA,NA,NA,NA,NA,NA,NA,NA,NA,NA,NA,NA,NA,NA,NA,NA,NA,NA,NA,NA,NA,NA,NA,NA,NA,NA,NA,NA,NA,NA,NA,NA,NA,NA,NA,NA,NA,NA,NA,NA,NA,NA,NA,VA-134,2022,202202,BB-01,0.01302795444467055,199449.72336489536,94,24,2,43.22,0,30,0.3409,0.1193,,,0,64.02313,-168.29402,35,3.5,9,NBS
NA,NA,NA,NA,NA,NA,NA,NA,NA,NA,NA,NA,NA,NA,NA,NA,NA,NA,NA,NA,NA,NA,NA,NA,NA,NA,NA,NA,NA,NA,NA,NA,NA,NA,NA,NA,NA,NA,NA,NA,NA,NA,NA,NA,NA,NA,NA,NA,NA,NA,NA,NA,NA,NA,NA,NA,NA,NA,NA,NA,NA,NA,NA,NA,NA,NA,NA,NA,NA,VA-153,2022,202202,BB-01,0.01302795444467055,199449.72336489536,94,24,2,40.31,0,24,0.3037,0.1079,,,0,64.02313,-168.29402,35,3.5,9,NBS
NA,NA,NA,NA,NA,NA,NA,NA,NA,NA,NA,NA,NA,NA,NA,NA,NA,NA,NA,NA,NA,NA,NA,NA,NA,NA,NA,NA,NA,NA,NA,NA,NA,NA,NA,NA,NA,NA,NA,NA,NA,NA,NA,NA,NA,NA,NA,NA,NA,NA,NA,NA,NA,NA,NA,NA,NA,NA,NA,NA,NA,NA,NA,NA,NA,NA,NA,NA,NA,VA-104,2022,202202,BB-02,0.01339783010350785,50799.9836347978,94,25,2,43.82,0,30,0.3433,0.1122,,,0,64.01357,-167.57013,33,3.6,9,NBS
NA,NA,NA,NA,NA,NA,NA,NA,NA,NA,NA,NA,NA,NA,NA,NA,NA,NA,NA,NA,NA,NA,NA,NA,NA,NA,NA,NA,NA,NA,NA,NA,NA,NA,NA,NA,NA,NA,NA,NA,NA,NA,NA,NA,NA,NA,NA,NA,NA,NA,NA,NA,NA,NA,NA,NA,NA,NA,NA,NA,NA,NA,NA,NA,NA,NA,NA,NA,NA,VA-107,2022,202202,BB-02,0.01339783010350785,50799.9836347978,94,25,2,41,0,24,0.3069,0.1071,,,0,64.01357,-167.57013,33,3.6,9,NBS
NA,NA,NA,NA,NA,NA,NA,NA,NA,NA,NA,NA,NA,NA,NA,NA,NA,NA,NA,NA,NA,NA,NA,NA,NA,NA,NA,NA,NA,NA,NA,NA,NA,NA,NA,NA,NA,NA,NA,NA,NA,NA,NA,NA,NA,NA,NA,NA,NA,NA,NA,NA,NA,NA,NA,NA,NA,NA,NA,NA,NA,NA,NA,NA,NA,NA,NA,NA,NA,VA-110,2022,202202,BB-02,0.01339783010350785,50799.9836347978,94,25,2,41.69,0,NA,0.3568,0.1325,,,0,64.01357,-167.57013,33,3.6,9,NBS
NA,NA,NA,NA,NA,NA,NA,NA,NA,NA,NA,NA,NA,NA,NA,NA,NA,NA,NA,NA,NA,NA,NA,NA,NA,NA,NA,NA,NA,NA,NA,NA,NA,NA,NA,NA,NA,NA,NA,NA,NA,NA,NA,NA,NA,NA,NA,NA,NA,NA,NA,NA,NA,NA,NA,NA,NA,NA,NA,NA,NA,NA,NA,NA,NA,NA,NA,NA,NA,VA-111,2022,202202,BB-02,0.01339783010350785,50799.9836347978,94,25,2,43.21,0,30,0.3195,0.1156,,,0,64.01357,-167.57013,33,3.6,9,NBS
NA,NA,NA,NA,NA,NA,NA,NA,NA,NA,NA,NA,NA,NA,NA,NA,NA,NA,NA,NA,NA,NA,NA,NA,NA,NA,NA,NA,NA,NA,NA,NA,NA,NA,NA,NA,NA,NA,NA,NA,NA,NA,NA,NA,NA,NA,NA,NA,NA,NA,NA,NA,NA,NA,NA,NA,NA,NA,NA,NA,NA,NA,NA,NA,NA,NA,NA,NA,NA,VA-113,2022,202202,BB-02,0.01339783010350785,50799.9836347978,94,25,2,43.15,0,NA,0.3029,0.0855,,,0,64.01357,-167.57013,33,3.6,9,NBS
NA,NA,NA,NA,NA,NA,NA,NA,NA,NA,NA,NA,NA,NA,NA,NA,NA,NA,NA,NA,NA,NA,NA,NA,NA,NA,NA,NA,NA,NA,NA,NA,NA,NA,NA,NA,NA,NA,NA,NA,NA,NA,NA,NA,NA,NA,NA,NA,NA,NA,NA,NA,NA,NA,NA,NA,NA,NA,NA,NA,NA,NA,NA,NA,NA,NA,NA,NA,NA,VA-117,2022,202202,BB-02,0.01339783010350785,50799.9836347978,94,25,2,44.75,0,30,0.349,0.0933,,,0,64.01357,-167.57013,33,3.6,9,NBS
NA,NA,NA,NA,NA,NA,NA,NA,NA,NA,NA,NA,NA,NA,NA,NA,NA,NA,NA,NA,NA,NA,NA,NA,NA,NA,NA,NA,NA,NA,NA,NA,NA,NA,NA,NA,NA,NA,NA,NA,NA,NA,NA,NA,NA,NA,NA,NA,NA,NA,NA,NA,NA,NA,NA,NA,NA,NA,NA,NA,NA,NA,NA,NA,NA,NA,NA,NA,NA,VA-119,2022,202202,BB-02,0.01339783010350785,50799.9836347978,94,25,2,42.02,0,24,0.2903,0.1029,,,0,64.01357,-167.57013,33,3.6,9,NBS
NA,NA,NA,NA,NA,NA,NA,NA,NA,NA,NA,NA,NA,NA,NA,NA,NA,NA,NA,NA,NA,NA,NA,NA,NA,NA,NA,NA,NA,NA,NA,NA,NA,NA,NA,NA,NA,NA,NA,NA,NA,NA,NA,NA,NA,NA,NA,NA,NA,NA,NA,NA,NA,NA,NA,NA,NA,NA,NA,NA,NA,NA,NA,NA,NA,NA,NA,NA,NA,AKK-83,2022,202202,BB-18,0.013260126249216,37617.59810013062,162,22,1,57.07,9.03,68,0.3389,0.1494,,,0,64.00589,-169.05189,35,3,9,NBS
NA,NA,NA,NA,NA,NA,NA,NA,NA,NA,NA,NA,NA,NA,NA,NA,NA,NA,NA,NA,NA,NA,NA,NA,NA,NA,NA,NA,NA,NA,NA,NA,NA,NA,NA,NA,NA,NA,NA,NA,NA,NA,NA,NA,NA,NA,NA,NA,NA,NA,NA,NA,NA,NA,NA,NA,NA,NA,NA,NA,NA,NA,NA,NA,NA,NA,NA,NA,NA,AKK-84,2022,202202,BB-18,0.013260126249216,37617.59810013062,162,22,1,48.91,7.44,36,0.3818,0.1744,,,0,64.00589,-169.05189,35,3,9,NBS
NA,NA,NA,NA,NA,NA,NA,NA,NA,NA,NA,NA,NA,NA,NA,NA,NA,NA,NA,NA,NA,NA,NA,NA,NA,NA,NA,NA,NA,NA,NA,NA,NA,NA,NA,NA,NA,NA,NA,NA,NA,NA,NA,NA,NA,NA,NA,NA,NA,NA,NA,NA,NA,NA,NA,NA,NA,NA,NA,NA,NA,NA,NA,NA,NA,NA,NA,NA,NA,AKK-85,2022,202202,BB-18,0.013260126249216,37617.59810013062,162,22,1,46.69,6.94,29,0.3675,0.147,,,0,64.00589,-169.05189,35,3,9,NBS
NA,NA,NA,NA,NA,NA,NA,NA,NA,NA,NA,NA,NA,NA,NA,NA,NA,NA,NA,NA,NA,NA,NA,NA,NA,NA,NA,NA,NA,NA,NA,NA,NA,NA,NA,NA,NA,NA,NA,NA,NA,NA,NA,NA,NA,NA,NA,NA,NA,NA,NA,NA,NA,NA,NA,NA,NA,NA,NA,NA,NA,NA,NA,NA,NA,NA,NA,NA,NA,AKK-86,2022,202202,BB-18,0.013260126249216,37617.59810013062,162,22,1,47.68,7.61,36,0.3838,0.1683,,,0,64.00589,-169.05189,35,3,9,NBS
NA,NA,NA,NA,NA,NA,NA,NA,NA,NA,NA,NA,NA,NA,NA,NA,NA,NA,NA,NA,NA,NA,NA,NA,NA,NA,NA,NA,NA,NA,NA,NA,NA,NA,NA,NA,NA,NA,NA,NA,NA,NA,NA,NA,NA,NA,NA,NA,NA,NA,NA,NA,NA,NA,NA,NA,NA,NA,NA,NA,NA,NA,NA,NA,NA,NA,NA,NA,NA,AKK-87,2022,202202,BB-18,0.013260126249216,37617.59810013062,162,22,1,44.72,6.84,29,0.3812,0.1524,,,0,64.00589,-169.05189,35,3,9,NBS
NA,NA,NA,NA,NA,NA,NA,NA,NA,NA,NA,NA,NA,NA,NA,NA,NA,NA,NA,NA,NA,NA,NA,NA,NA,NA,NA,NA,NA,NA,NA,NA,NA,NA,NA,NA,NA,NA,NA,NA,NA,NA,NA,NA,NA,NA,NA,NA,NA,NA,NA,NA,NA,NA,NA,NA,NA,NA,NA,NA,NA,NA,NA,NA,NA,NA,NA,NA,NA,AKK-88,2022,202202,BB-18,0.013260126249216,37617.59810013062,162,22,1,47.56,7.7,32,0.3272,0.0993,,,0,64.00589,-169.05189,35,3,9,NBS
NA,NA,NA,NA,NA,NA,NA,NA,NA,NA,NA,NA,NA,NA,NA,NA,NA,NA,NA,NA,NA,NA,NA,NA,NA,NA,NA,NA,NA,NA,NA,NA,NA,NA,NA,NA,NA,NA,NA,NA,NA,NA,NA,NA,NA,NA,NA,NA,NA,NA,NA,NA,NA,NA,NA,NA,NA,NA,NA,NA,NA,NA,NA,NA,NA,NA,NA,NA,NA,AKK-89,2022,202202,BB-18,0.013260126249216,37617.59810013062,162,22,1,45.91,7.24,32,0.3415,0.1569,,,0,64.00589,-169.05189,35,3,9,NBS
NA,NA,NA,NA,NA,NA,NA,NA,NA,NA,NA,NA,NA,NA,NA,NA,NA,NA,NA,NA,NA,NA,NA,NA,NA,NA,NA,NA,NA,NA,NA,NA,NA,NA,NA,NA,NA,NA,NA,NA,NA,NA,NA,NA,NA,NA,NA,NA,NA,NA,NA,NA,NA,NA,NA,NA,NA,NA,NA,NA,NA,NA,NA,NA,NA,NA,NA,NA,NA,AKK-90,2022,202202,BB-20,0.0130989800478174,86874.13415746148,162,31,1,51.19,10.6,52,0.3202,0.1121,,,1,63.97803,-170.55256,30,4.2,9,NBS
NA,NA,NA,NA,NA,NA,NA,NA,NA,NA,NA,NA,NA,NA,NA,NA,NA,NA,NA,NA,NA,NA,NA,NA,NA,NA,NA,NA,NA,NA,NA,NA,NA,NA,NA,NA,NA,NA,NA,NA,NA,NA,NA,NA,NA,NA,NA,NA,NA,NA,NA,NA,NA,NA,NA,NA,NA,NA,NA,NA,NA,NA,NA,NA,NA,NA,NA,NA,NA,VA-152,2022,202202,CC-01,0.0118590438846297,41023.86201897347,94,23,1,54.58,9.07,NA,0.3307,0.1294,,,0,64.33917,-168.36378,39,4.2,9,NBS
NA,NA,NA,NA,NA,NA,NA,NA,NA,NA,NA,NA,NA,NA,NA,NA,NA,NA,NA,NA,NA,NA,NA,NA,NA,NA,NA,NA,NA,NA,NA,NA,NA,NA,NA,NA,NA,NA,NA,NA,NA,NA,NA,NA,NA,NA,NA,NA,NA,NA,NA,NA,NA,NA,NA,NA,NA,NA,NA,NA,NA,NA,NA,NA,NA,NA,NA,NA,NA,VA-106,2022,202202,CC-02,0.0125999182658085,150245.04921885912,94,22,1,54.22,9.53,NA,0.3143,0.062,,,0,64.34441,-167.5762,31,2.7,9,NBS
NA,NA,NA,NA,NA,NA,NA,NA,NA,NA,NA,NA,NA,NA,NA,NA,NA,NA,NA,NA,NA,NA,NA,NA,NA,NA,NA,NA,NA,NA,NA,NA,NA,NA,NA,NA,NA,NA,NA,NA,NA,NA,NA,NA,NA,NA,NA,NA,NA,NA,NA,NA,NA,NA,NA,NA,NA,NA,NA,NA,NA,NA,NA,NA,NA,NA,NA,NA,NA,VA-115,2022,202202,CC-02,0.0125999182658085,150245.04921885912,94,22,2,40.49,0,22,0.337,0.0867,,,0,64.34441,-167.5762,31,2.7,9,NBS
NA,NA,NA,NA,NA,NA,NA,NA,NA,NA,NA,NA,NA,NA,NA,NA,NA,NA,NA,NA,NA,NA,NA,NA,NA,NA,NA,NA,NA,NA,NA,NA,NA,NA,NA,NA,NA,NA,NA,NA,NA,NA,NA,NA,NA,NA,NA,NA,NA,NA,NA,NA,NA,NA,NA,NA,NA,NA,NA,NA,NA,NA,NA,NA,NA,NA,NA,NA,NA,AKK-51,2022,202202,CC-18,0.0126744369696417,907238.4657040165,162,21,2,40.98,0,24,0.3252,0.1308,,,0,64.31985,-169.11643,41,1.1,9,NBS
NA,NA,NA,NA,NA,NA,NA,NA,NA,NA,NA,NA,NA,NA,NA,NA,NA,NA,NA,NA,NA,NA,NA,NA,NA,NA,NA,NA,NA,NA,NA,NA,NA,NA,NA,NA,NA,NA,NA,NA,NA,NA,NA,NA,NA,NA,NA,NA,NA,NA,NA,NA,NA,NA,NA,NA,NA,NA,NA,NA,NA,NA,NA,NA,NA,NA,NA,NA,NA,AKK-52,2022,202202,CC-18,0.0126744369696417,907238.4657040165,162,21,1,47.16,7.11,37,0.309,0.094,,bitter,0,64.31985,-169.11643,41,1.1,9,NBS
NA,NA,NA,NA,NA,NA,NA,NA,NA,NA,NA,NA,NA,NA,NA,NA,NA,NA,NA,NA,NA,NA,NA,NA,NA,NA,NA,NA,NA,NA,NA,NA,NA,NA,NA,NA,NA,NA,NA,NA,NA,NA,NA,NA,NA,NA,NA,NA,NA,NA,NA,NA,NA,NA,NA,NA,NA,NA,NA,NA,NA,NA,NA,NA,NA,NA,NA,NA,NA,AKK-53,2022,202202,CC-18,0.0126744369696417,907238.4657040165,162,21,1,49.83,5.66,44,0.3104,0.1052,,bitter,0,64.31985,-169.11643,41,1.1,9,NBS
NA,NA,NA,NA,NA,NA,NA,NA,NA,NA,NA,NA,NA,NA,NA,NA,NA,NA,NA,NA,NA,NA,NA,NA,NA,NA,NA,NA,NA,NA,NA,NA,NA,NA,NA,NA,NA,NA,NA,NA,NA,NA,NA,NA,NA,NA,NA,NA,NA,NA,NA,NA,NA,NA,NA,NA,NA,NA,NA,NA,NA,NA,NA,NA,NA,NA,NA,NA,NA,AKK-41,2022,202202,DD-18,0.0140402641200393,97680.13609106957,162,20,1,58.69,9.38,73,0.3326,0.1231,,,0,64.63831,-169.13645,44,1.8,9,NBS
NA,NA,NA,NA,NA,NA,NA,NA,NA,NA,NA,NA,NA,NA,NA,NA,NA,NA,NA,NA,NA,NA,NA,NA,NA,NA,NA,NA,NA,NA,NA,NA,NA,NA,NA,NA,NA,NA,NA,NA,NA,NA,NA,NA,NA,NA,NA,NA,NA,NA,NA,NA,NA,NA,NA,NA,NA,NA,NA,NA,NA,NA,NA,NA,NA,NA,NA,NA,NA,AKK-42,2022,202202,DD-18,0.0140402641200393,97680.13609106957,162,20,1,52.65,9.62,61,0.3002,0.1313,,,0,64.63831,-169.13645,44,1.8,9,NBS
NA,NA,NA,NA,NA,NA,NA,NA,NA,NA,NA,NA,NA,NA,NA,NA,NA,NA,NA,NA,NA,NA,NA,NA,NA,NA,NA,NA,NA,NA,NA,NA,NA,NA,NA,NA,NA,NA,NA,NA,NA,NA,NA,NA,NA,NA,NA,NA,NA,NA,NA,NA,NA,NA,NA,NA,NA,NA,NA,NA,NA,NA,NA,NA,NA,NA,NA,NA,NA,AKK-43,2022,202202,DD-18,0.0140402641200393,97680.13609106957,162,20,1,50.02,8.46,44,0.3008,0.0856,,,0,64.63831,-169.13645,44,1.8,9,NBS
NA,NA,NA,NA,NA,NA,NA,NA,NA,NA,NA,NA,NA,NA,NA,NA,NA,NA,NA,NA,NA,NA,NA,NA,NA,NA,NA,NA,NA,NA,NA,NA,NA,NA,NA,NA,NA,NA,NA,NA,NA,NA,NA,NA,NA,NA,NA,NA,NA,NA,NA,NA,NA,NA,NA,NA,NA,NA,NA,NA,NA,NA,NA,NA,NA,NA,NA,NA,NA,AKK-47,2022,202202,FF-01,0.0135848158036569,107460.88582276003,162,14,1,55.86,9.45,67,0.3236,0.1269,,,0,65.34335,-168.42497,53,2.2,9,NBS
NA,NA,NA,NA,NA,NA,NA,NA,NA,NA,NA,NA,NA,NA,NA,NA,NA,NA,NA,NA,NA,NA,NA,NA,NA,NA,NA,NA,NA,NA,NA,NA,NA,NA,NA,NA,NA,NA,NA,NA,NA,NA,NA,NA,NA,NA,NA,NA,NA,NA,NA,NA,NA,NA,NA,NA,NA,NA,NA,NA,NA,NA,NA,NA,NA,NA,NA,NA,NA,AKK-48,2022,202202,FF-01,0.0135848158036569,107460.88582276003,162,14,1,51.63,8.12,51,0.3404,0.1211,,,0,65.34335,-168.42497,53,2.2,9,NBS
NA,NA,NA,NA,NA,NA,NA,NA,NA,NA,NA,NA,NA,NA,NA,NA,NA,NA,NA,NA,NA,NA,NA,NA,NA,NA,NA,NA,NA,NA,NA,NA,NA,NA,NA,NA,NA,NA,NA,NA,NA,NA,NA,NA,NA,NA,NA,NA,NA,NA,NA,NA,NA,NA,NA,NA,NA,NA,NA,NA,NA,NA,NA,NA,NA,NA,NA,NA,NA,AKK-49,2022,202202,FF-01,0.0135848158036569,107460.88582276003,162,14,1,57.26,9.66,70,0.3378,0.1001,,,0,65.34335,-168.42497,53,2.2,9,NBS
NA,NA,NA,NA,NA,NA,NA,NA,NA,NA,NA,NA,NA,NA,NA,NA,NA,NA,NA,NA,NA,NA,NA,NA,NA,NA,NA,NA,NA,NA,NA,NA,NA,NA,NA,NA,NA,NA,NA,NA,NA,NA,NA,NA,NA,NA,NA,NA,NA,NA,NA,NA,NA,NA,NA,NA,NA,NA,NA,NA,NA,NA,NA,NA,NA,NA,NA,NA,NA,AKK-50,2022,202202,FF-01,0.0135848158036569,107460.88582276003,162,14,1,54.3,10.11,65,0.3319,0.0925,,,0,65.34335,-168.42497,53,2.2,9,NBS
NA,NA,NA,NA,NA,NA,NA,NA,NA,NA,NA,NA,NA,NA,NA,NA,NA,NA,NA,NA,NA,NA,NA,NA,NA,NA,NA,NA,NA,NA,NA,NA,NA,NA,NA,NA,NA,NA,NA,NA,NA,NA,NA,NA,NA,NA,NA,NA,NA,NA,NA,NA,NA,NA,NA,NA,NA,NA,NA,NA,NA,NA,NA,NA,NA,NA,NA,NA,NA,AKK-44,2022,202202,FF-18,0.0135616110725304,39414.17115866798,162,15,2,54.94,0,56,0.3343,0.1152,,bitter,0,65.22116,-168.88522,53,1.6,9,NBS
NA,NA,NA,NA,NA,NA,NA,NA,NA,NA,NA,NA,NA,NA,NA,NA,NA,NA,NA,NA,NA,NA,NA,NA,NA,NA,NA,NA,NA,NA,NA,NA,NA,NA,NA,NA,NA,NA,NA,NA,NA,NA,NA,NA,NA,NA,NA,NA,NA,NA,NA,NA,NA,NA,NA,NA,NA,NA,NA,NA,NA,NA,NA,NA,NA,NA,NA,NA,NA,AKK-45,2022,202202,FF-18,0.0135616110725304,39414.17115866798,162,15,2,52.44,0,46,0.3054,0.0991,,,0,65.22116,-168.88522,53,1.6,9,NBS
NA,NA,NA,NA,NA,NA,NA,NA,NA,NA,NA,NA,NA,NA,NA,NA,NA,NA,NA,NA,NA,NA,NA,NA,NA,NA,NA,NA,NA,NA,NA,NA,NA,NA,NA,NA,NA,NA,NA,NA,NA,NA,NA,NA,NA,NA,NA,NA,NA,NA,NA,NA,NA,NA,NA,NA,NA,NA,NA,NA,NA,NA,NA,NA,NA,NA,NA,NA,NA,AKK-46,2022,202202,FF-18,0.0135616110725304,39414.17115866798,162,15,2,55.97,0,57,0.4383,0.139,,,0,65.22116,-168.88522,53,1.6,9,NBS
NA,NA,NA,NA,NA,NA,NA,NA,NA,NA,NA,NA,NA,NA,NA,NA,NA,NA,NA,NA,NA,NA,NA,NA,NA,NA,NA,NA,NA,NA,NA,NA,NA,NA,NA,NA,NA,NA,NA,NA,NA,NA,NA,NA,NA,NA,NA,NA,NA,NA,NA,NA,NA,NA,NA,NA,NA,NA,NA,NA,NA,NA,NA,NA,NA,NA,NA,NA,NA,AKK-1,2022,202202,W-24,0.01652750720665605,232464.78806269722,162,1,1,56.96,10.1,70,0.3463,0.1162,,,0,62.33188,-173.16956,59,-1.3,7,NBS
NA,NA,NA,NA,NA,NA,NA,NA,NA,NA,NA,NA,NA,NA,NA,NA,NA,NA,NA,NA,NA,NA,NA,NA,NA,NA,NA,NA,NA,NA,NA,NA,NA,NA,NA,NA,NA,NA,NA,NA,NA,NA,NA,NA,NA,NA,NA,NA,NA,NA,NA,NA,NA,NA,NA,NA,NA,NA,NA,NA,NA,NA,NA,NA,NA,NA,NA,NA,NA,AKK-2,2022,202202,W-24,0.01652750720665605,232464.78806269722,162,1,1,57.97,9.94,67,0.3336,0.1068,,,0,62.33188,-173.16956,59,-1.3,7,NBS
NA,NA,NA,NA,NA,NA,NA,NA,NA,NA,NA,NA,NA,NA,NA,NA,NA,NA,NA,NA,NA,NA,NA,NA,NA,NA,NA,NA,NA,NA,NA,NA,NA,NA,NA,NA,NA,NA,NA,NA,NA,NA,NA,NA,NA,NA,NA,NA,NA,NA,NA,NA,NA,NA,NA,NA,NA,NA,NA,NA,NA,NA,NA,NA,NA,NA,NA,NA,NA,AKK-3,2022,202202,W-24,0.01652750720665605,232464.78806269722,162,1,1,56.79,10.65,69,0.375,0.1429,,,0,62.33188,-173.16956,59,-1.3,7,NBS
NA,NA,NA,NA,NA,NA,NA,NA,NA,NA,NA,NA,NA,NA,NA,NA,NA,NA,NA,NA,NA,NA,NA,NA,NA,NA,NA,NA,NA,NA,NA,NA,NA,NA,NA,NA,NA,NA,NA,NA,NA,NA,NA,NA,NA,NA,NA,NA,NA,NA,NA,NA,NA,NA,NA,NA,NA,NA,NA,NA,NA,NA,NA,NA,NA,NA,NA,NA,NA,AKK-4,2022,202202,W-24,0.01652750720665605,232464.78806269722,162,1,1,56.62,10.15,65,0.3419,0.1126,,,0,62.33188,-173.16956,59,-1.3,7,NBS
NA,NA,NA,NA,NA,NA,NA,NA,NA,NA,NA,NA,NA,NA,NA,NA,NA,NA,NA,NA,NA,NA,NA,NA,NA,NA,NA,NA,NA,NA,NA,NA,NA,NA,NA,NA,NA,NA,NA,NA,NA,NA,NA,NA,NA,NA,NA,NA,NA,NA,NA,NA,NA,NA,NA,NA,NA,NA,NA,NA,NA,NA,NA,NA,NA,NA,NA,NA,NA,AKK-5,2022,202202,W-24,0.01652750720665605,232464.78806269722,162,1,2,45.48,0,35,0.3395,0.0971,,,0,62.33188,-173.16956,59,-1.3,7,NBS
NA,NA,NA,NA,NA,NA,NA,NA,NA,NA,NA,NA,NA,NA,NA,NA,NA,NA,NA,NA,NA,NA,NA,NA,NA,NA,NA,NA,NA,NA,NA,NA,NA,NA,NA,NA,NA,NA,NA,NA,NA,NA,NA,NA,NA,NA,NA,NA,NA,NA,NA,NA,NA,NA,NA,NA,NA,NA,NA,NA,NA,NA,NA,NA,NA,NA,NA,NA,NA,AKK-6,2022,202202,W-24,0.01652750720665605,232464.78806269722,162,1,2,45.12,0,32,0.3243,0.0788,,,0,62.33188,-173.16956,59,-1.3,7,NBS
NA,NA,NA,NA,NA,NA,NA,NA,NA,NA,NA,NA,NA,NA,NA,NA,NA,NA,NA,NA,NA,NA,NA,NA,NA,NA,NA,NA,NA,NA,NA,NA,NA,NA,NA,NA,NA,NA,NA,NA,NA,NA,NA,NA,NA,NA,NA,NA,NA,NA,NA,NA,NA,NA,NA,NA,NA,NA,NA,NA,NA,NA,NA,NA,NA,NA,NA,NA,NA,AKK-7,2022,202202,W-24,0.01652750720665605,232464.78806269722,162,1,2,50.31,0,41,0.3185,0.0918,,,0,62.33188,-173.16956,59,-1.3,7,NBS
NA,NA,NA,NA,NA,NA,NA,NA,NA,NA,NA,NA,NA,NA,NA,NA,NA,NA,NA,NA,NA,NA,NA,NA,NA,NA,NA,NA,NA,NA,NA,NA,NA,NA,NA,NA,NA,NA,NA,NA,NA,NA,NA,NA,NA,NA,NA,NA,NA,NA,NA,NA,NA,NA,NA,NA,NA,NA,NA,NA,NA,NA,NA,NA,NA,NA,NA,NA,NA,AKK-8,2022,202202,W-24,0.01652750720665605,232464.78806269722,162,1,2,45.45,0,31,0.3377,0.0912,,,0,62.33188,-173.16956,59,-1.3,7,NBS
NA,NA,NA,NA,NA,NA,NA,NA,NA,NA,NA,NA,NA,NA,NA,NA,NA,NA,NA,NA,NA,NA,NA,NA,NA,NA,NA,NA,NA,NA,NA,NA,NA,NA,NA,NA,NA,NA,NA,NA,NA,NA,NA,NA,NA,NA,NA,NA,NA,NA,NA,NA,NA,NA,NA,NA,NA,NA,NA,NA,NA,NA,NA,NA,NA,NA,NA,NA,NA,AKK-9,2022,202202,W-24,0.01652750720665605,232464.78806269722,162,1,2,43.03,0,25,0.3266,0.1,,,0,62.33188,-173.16956,59,-1.3,7,NBS
NA,NA,NA,NA,NA,NA,NA,NA,NA,NA,NA,NA,NA,NA,NA,NA,NA,NA,NA,NA,NA,NA,NA,NA,NA,NA,NA,NA,NA,NA,NA,NA,NA,NA,NA,NA,NA,NA,NA,NA,NA,NA,NA,NA,NA,NA,NA,NA,NA,NA,NA,NA,NA,NA,NA,NA,NA,NA,NA,NA,NA,NA,NA,NA,NA,NA,NA,NA,NA,AKK-10,2022,202202,W-24,0.01652750720665605,232464.78806269722,162,1,2,43.78,0,28,0.3487,0.0943,,,0,62.33188,-173.16956,59,-1.3,7,NBS
NA,NA,NA,NA,NA,NA,NA,NA,NA,NA,NA,NA,NA,NA,NA,NA,NA,NA,NA,NA,NA,NA,NA,NA,NA,NA,NA,NA,NA,NA,NA,NA,NA,NA,NA,NA,NA,NA,NA,NA,NA,NA,NA,NA,NA,NA,NA,NA,NA,NA,NA,NA,NA,NA,NA,NA,NA,NA,NA,NA,NA,NA,NA,NA,NA,NA,NA,NA,NA,AKK-11,2022,202202,W-25,0.0152514735316515,918093.2505269716,162,2,2,45.29,0,33,0.3276,0.121,,,0,62.33338,-173.84636,64,-1.3,7,NBS
NA,NA,NA,NA,NA,NA,NA,NA,NA,NA,NA,NA,NA,NA,NA,NA,NA,NA,NA,NA,NA,NA,NA,NA,NA,NA,NA,NA,NA,NA,NA,NA,NA,NA,NA,NA,NA,NA,NA,NA,NA,NA,NA,NA,NA,NA,NA,NA,NA,NA,NA,NA,NA,NA,NA,NA,NA,NA,NA,NA,NA,NA,NA,NA,NA,NA,NA,NA,NA,AKK-12,2022,202202,W-25,0.0152514735316515,918093.2505269716,162,2,2,48.7,0,39,0.3346,0.115,,,0,62.33338,-173.84636,64,-1.3,7,NBS
NA,NA,NA,NA,NA,NA,NA,NA,NA,NA,NA,NA,NA,NA,NA,NA,NA,NA,NA,NA,NA,NA,NA,NA,NA,NA,NA,NA,NA,NA,NA,NA,NA,NA,NA,NA,NA,NA,NA,NA,NA,NA,NA,NA,NA,NA,NA,NA,NA,NA,NA,NA,NA,NA,NA,NA,NA,NA,NA,NA,NA,NA,NA,NA,NA,NA,NA,NA,NA,AKK-13,2022,202202,W-25,0.0152514735316515,918093.2505269716,162,2,2,46.46,0,34,0.3246,0.1196,,,0,62.33338,-173.84636,64,-1.3,7,NBS
NA,NA,NA,NA,NA,NA,NA,NA,NA,NA,NA,NA,NA,NA,NA,NA,NA,NA,NA,NA,NA,NA,NA,NA,NA,NA,NA,NA,NA,NA,NA,NA,NA,NA,NA,NA,NA,NA,NA,NA,NA,NA,NA,NA,NA,NA,NA,NA,NA,NA,NA,NA,NA,NA,NA,NA,NA,NA,NA,NA,NA,NA,NA,NA,NA,NA,NA,NA,NA,AKK-14,2022,202202,W-25,0.0152514735316515,918093.2505269716,162,2,2,47.32,0,38,0.3379,0.1242,,,0,62.33338,-173.84636,64,-1.3,7,NBS
NA,NA,NA,NA,NA,NA,NA,NA,NA,NA,NA,NA,NA,NA,NA,NA,NA,NA,NA,NA,NA,NA,NA,NA,NA,NA,NA,NA,NA,NA,NA,NA,NA,NA,NA,NA,NA,NA,NA,NA,NA,NA,NA,NA,NA,NA,NA,NA,NA,NA,NA,NA,NA,NA,NA,NA,NA,NA,NA,NA,NA,NA,NA,NA,NA,NA,NA,NA,NA,AKK-15,2022,202202,W-25,0.0152514735316515,918093.2505269716,162,2,2,48.22,0,37,0.3375,0.0894,,,0,62.33338,-173.84636,64,-1.3,7,NBS
NA,NA,NA,NA,NA,NA,NA,NA,NA,NA,NA,NA,NA,NA,NA,NA,NA,NA,NA,NA,NA,NA,NA,NA,NA,NA,NA,NA,NA,NA,NA,NA,NA,NA,NA,NA,NA,NA,NA,NA,NA,NA,NA,NA,NA,NA,NA,NA,NA,NA,NA,NA,NA,NA,NA,NA,NA,NA,NA,NA,NA,NA,NA,NA,NA,NA,NA,NA,NA,AKK-16,2022,202202,W-25,0.0152514735316515,918093.2505269716,162,2,2,46.38,0,35,0.323,0.1087,,,0,62.33338,-173.84636,64,-1.3,7,NBS
NA,NA,NA,NA,NA,NA,NA,NA,NA,NA,NA,NA,NA,NA,NA,NA,NA,NA,NA,NA,NA,NA,NA,NA,NA,NA,NA,NA,NA,NA,NA,NA,NA,NA,NA,NA,NA,NA,NA,NA,NA,NA,NA,NA,NA,NA,NA,NA,NA,NA,NA,NA,NA,NA,NA,NA,NA,NA,NA,NA,NA,NA,NA,NA,NA,NA,NA,NA,NA,AKK-17,2022,202202,W-25,0.0152514735316515,918093.2505269716,162,2,1,54.25,9.4,62,0.3313,0.1345,,,0,62.33338,-173.84636,64,-1.3,7,NBS
NA,NA,NA,NA,NA,NA,NA,NA,NA,NA,NA,NA,NA,NA,NA,NA,NA,NA,NA,NA,NA,NA,NA,NA,NA,NA,NA,NA,NA,NA,NA,NA,NA,NA,NA,NA,NA,NA,NA,NA,NA,NA,NA,NA,NA,NA,NA,NA,NA,NA,NA,NA,NA,NA,NA,NA,NA,NA,NA,NA,NA,NA,NA,NA,NA,NA,NA,NA,NA,AKK-18,2022,202202,W-25,0.0152514735316515,918093.2505269716,162,2,1,52.92,9.12,54,0.3206,0.1193,,,0,62.33338,-173.84636,64,-1.3,7,NBS
NA,NA,NA,NA,NA,NA,NA,NA,NA,NA,NA,NA,NA,NA,NA,NA,NA,NA,NA,NA,NA,NA,NA,NA,NA,NA,NA,NA,NA,NA,NA,NA,NA,NA,NA,NA,NA,NA,NA,NA,NA,NA,NA,NA,NA,NA,NA,NA,NA,NA,NA,NA,NA,NA,NA,NA,NA,NA,NA,NA,NA,NA,NA,NA,NA,NA,NA,NA,NA,AKK-19,2022,202202,W-25,0.0152514735316515,918093.2505269716,162,2,1,63.85,11.36,89,0.3257,0.1062,,,0,62.33338,-173.84636,64,-1.3,7,NBS
NA,NA,NA,NA,NA,NA,NA,NA,NA,NA,NA,NA,NA,NA,NA,NA,NA,NA,NA,NA,NA,NA,NA,NA,NA,NA,NA,NA,NA,NA,NA,NA,NA,NA,NA,NA,NA,NA,NA,NA,NA,NA,NA,NA,NA,NA,NA,NA,NA,NA,NA,NA,NA,NA,NA,NA,NA,NA,NA,NA,NA,NA,NA,NA,NA,NA,NA,NA,NA,AKK-20,2022,202202,W-25,0.0152514735316515,918093.2505269716,162,2,1,55.61,9.68,66,0.3306,0.1112,,,0,62.33338,-173.84636,64,-1.3,7,NBS
NA,NA,NA,NA,NA,NA,NA,NA,NA,NA,NA,NA,NA,NA,NA,NA,NA,NA,NA,NA,NA,NA,NA,NA,NA,NA,NA,NA,NA,NA,NA,NA,NA,NA,NA,NA,NA,NA,NA,NA,NA,NA,NA,NA,NA,NA,NA,NA,NA,NA,NA,NA,NA,NA,NA,NA,NA,NA,NA,NA,NA,NA,NA,NA,NA,NA,NA,NA,NA,AKK-21,2022,202202,W-26,0.0148925305403325,449856.8656183815,162,3,2,43.64,0,26,0.3074,0.1045,,,0,62.32656,-174.58062,71,-1.5,7,NBS
NA,NA,NA,NA,NA,NA,NA,NA,NA,NA,NA,NA,NA,NA,NA,NA,NA,NA,NA,NA,NA,NA,NA,NA,NA,NA,NA,NA,NA,NA,NA,NA,NA,NA,NA,NA,NA,NA,NA,NA,NA,NA,NA,NA,NA,NA,NA,NA,NA,NA,NA,NA,NA,NA,NA,NA,NA,NA,NA,NA,NA,NA,NA,NA,NA,NA,NA,NA,NA,AKK-22,2022,202202,W-26,0.0148925305403325,449856.8656183815,162,3,2,48.65,0,39,0.3069,0.1056,,,0,62.32656,-174.58062,71,-1.5,7,NBS
NA,NA,NA,NA,NA,NA,NA,NA,NA,NA,NA,NA,NA,NA,NA,NA,NA,NA,NA,NA,NA,NA,NA,NA,NA,NA,NA,NA,NA,NA,NA,NA,NA,NA,NA,NA,NA,NA,NA,NA,NA,NA,NA,NA,NA,NA,NA,NA,NA,NA,NA,NA,NA,NA,NA,NA,NA,NA,NA,NA,NA,NA,NA,NA,NA,NA,NA,NA,NA,AKK-23,2022,202202,W-26,0.0148925305403325,449856.8656183815,162,3,2,45.21,0,29,0.3294,0.1066,,,0,62.32656,-174.58062,71,-1.5,7,NBS
NA,NA,NA,NA,NA,NA,NA,NA,NA,NA,NA,NA,NA,NA,NA,NA,NA,NA,NA,NA,NA,NA,NA,NA,NA,NA,NA,NA,NA,NA,NA,NA,NA,NA,NA,NA,NA,NA,NA,NA,NA,NA,NA,NA,NA,NA,NA,NA,NA,NA,NA,NA,NA,NA,NA,NA,NA,NA,NA,NA,NA,NA,NA,NA,NA,NA,NA,NA,NA,AKK-24,2022,202202,W-26,0.0148925305403325,449856.8656183815,162,3,2,44.24,0,25,0.329,0.1159,,,0,62.32656,-174.58062,71,-1.5,7,NBS
NA,NA,NA,NA,NA,NA,NA,NA,NA,NA,NA,NA,NA,NA,NA,NA,NA,NA,NA,NA,NA,NA,NA,NA,NA,NA,NA,NA,NA,NA,NA,NA,NA,NA,NA,NA,NA,NA,NA,NA,NA,NA,NA,NA,NA,NA,NA,NA,NA,NA,NA,NA,NA,NA,NA,NA,NA,NA,NA,NA,NA,NA,NA,NA,NA,NA,NA,NA,NA,AKK-25,2022,202202,W-26,0.0148925305403325,449856.8656183815,162,3,2,46.75,0,31,0.3487,0.118,,,0,62.32656,-174.58062,71,-1.5,7,NBS
NA,NA,NA,NA,NA,NA,NA,NA,NA,NA,NA,NA,NA,NA,NA,NA,NA,NA,NA,NA,NA,NA,NA,NA,NA,NA,NA,NA,NA,NA,NA,NA,NA,NA,NA,NA,NA,NA,NA,NA,NA,NA,NA,NA,NA,NA,NA,NA,NA,NA,NA,NA,NA,NA,NA,NA,NA,NA,NA,NA,NA,NA,NA,NA,NA,NA,NA,NA,NA,AKK-27,2022,202202,W-26,0.0148925305403325,449856.8656183815,162,3,1,58.1,10.08,71,0.3143,0.1104,,,0,62.32656,-174.58062,71,-1.5,7,NBS
NA,NA,NA,NA,NA,NA,NA,NA,NA,NA,NA,NA,NA,NA,NA,NA,NA,NA,NA,NA,NA,NA,NA,NA,NA,NA,NA,NA,NA,NA,NA,NA,NA,NA,NA,NA,NA,NA,NA,NA,NA,NA,NA,NA,NA,NA,NA,NA,NA,NA,NA,NA,NA,NA,NA,NA,NA,NA,NA,NA,NA,NA,NA,NA,NA,NA,NA,NA,NA,AKK-28,2022,202202,W-26,0.0148925305403325,449856.8656183815,162,3,1,65.83,10.52,98,0.3409,0.1415,,,0,62.32656,-174.58062,71,-1.5,7,NBS
NA,NA,NA,NA,NA,NA,NA,NA,NA,NA,NA,NA,NA,NA,NA,NA,NA,NA,NA,NA,NA,NA,NA,NA,NA,NA,NA,NA,NA,NA,NA,NA,NA,NA,NA,NA,NA,NA,NA,NA,NA,NA,NA,NA,NA,NA,NA,NA,NA,NA,NA,NA,NA,NA,NA,NA,NA,NA,NA,NA,NA,NA,NA,NA,NA,NA,NA,NA,NA,AKK-29,2022,202202,W-26,0.0148925305403325,449856.8656183815,162,3,1,54.37,9.09,58,0.3136,0.1111,,,0,62.32656,-174.58062,71,-1.5,7,NBS
NA,NA,NA,NA,NA,NA,NA,NA,NA,NA,NA,NA,NA,NA,NA,NA,NA,NA,NA,NA,NA,NA,NA,NA,NA,NA,NA,NA,NA,NA,NA,NA,NA,NA,NA,NA,NA,NA,NA,NA,NA,NA,NA,NA,NA,NA,NA,NA,NA,NA,NA,NA,NA,NA,NA,NA,NA,NA,NA,NA,NA,NA,NA,NA,NA,NA,NA,NA,NA,AKK-30,2022,202202,W-26,0.0148925305403325,449856.8656183815,162,3,1,55.6,9.68,67,0.3211,0.1127,,,0,62.32656,-174.58062,71,-1.5,7,NBS
NA,NA,NA,NA,NA,NA,NA,NA,NA,NA,NA,NA,NA,NA,NA,NA,NA,NA,NA,NA,NA,NA,NA,NA,NA,NA,NA,NA,NA,NA,NA,NA,NA,NA,NA,NA,NA,NA,NA,NA,NA,NA,NA,NA,NA,NA,NA,NA,NA,NA,NA,NA,NA,NA,NA,NA,NA,NA,NA,NA,NA,NA,NA,NA,NA,NA,NA,NA,NA,AKK-26,2022,202202,W-26,0.0148925305403325,449856.8656183815,162,3,1,61.41,10.93,88,0.3263,0.1245,,,0,62.32656,-174.58062,71,-1.5,7,NBS
NA,NA,NA,NA,NA,NA,NA,NA,NA,NA,NA,NA,NA,NA,NA,NA,NA,NA,NA,NA,NA,NA,NA,NA,NA,NA,NA,NA,NA,NA,NA,NA,NA,NA,NA,NA,NA,NA,NA,NA,NA,NA,NA,NA,NA,NA,NA,NA,NA,NA,NA,NA,NA,NA,NA,NA,NA,NA,NA,NA,NA,NA,NA,NA,NA,NA,NA,NA,NA,AKK-31,2022,202202,W-27,0.0162765133009413,139471.40815894,162,4,1,64.47,11.47,95,0.3549,0.1257,,,0,62.33041,-175.28957,78,-1.6,7,NBS
NA,NA,NA,NA,NA,NA,NA,NA,NA,NA,NA,NA,NA,NA,NA,NA,NA,NA,NA,NA,NA,NA,NA,NA,NA,NA,NA,NA,NA,NA,NA,NA,NA,NA,NA,NA,NA,NA,NA,NA,NA,NA,NA,NA,NA,NA,NA,NA,NA,NA,NA,NA,NA,NA,NA,NA,NA,NA,NA,NA,NA,NA,NA,NA,NA,NA,NA,NA,NA,AKK-32,2022,202202,W-27,0.0162765133009413,139471.40815894,162,4,2,50.36,0,40,0.3312,0.1074,,,0,62.33041,-175.28957,78,-1.6,7,NBS
NA,NA,NA,NA,NA,NA,NA,NA,NA,NA,NA,NA,NA,NA,NA,NA,NA,NA,NA,NA,NA,NA,NA,NA,NA,NA,NA,NA,NA,NA,NA,NA,NA,NA,NA,NA,NA,NA,NA,NA,NA,NA,NA,NA,NA,NA,NA,NA,NA,NA,NA,NA,NA,NA,NA,NA,NA,NA,NA,NA,NA,NA,NA,NA,NA,NA,NA,NA,NA,AKK-33,2022,202202,W-27,0.0162765133009413,139471.40815894,162,4,1,56.22,8.77,64,0.3168,0.0954,,,0,62.33041,-175.28957,78,-1.6,7,NBS
NA,NA,NA,NA,NA,NA,NA,NA,NA,NA,NA,NA,NA,NA,NA,NA,NA,NA,NA,NA,NA,NA,NA,NA,NA,NA,NA,NA,NA,NA,NA,NA,NA,NA,NA,NA,NA,NA,NA,NA,NA,NA,NA,NA,NA,NA,NA,NA,NA,NA,NA,NA,NA,NA,NA,NA,NA,NA,NA,NA,NA,NA,NA,NA,NA,NA,NA,NA,NA,AKK-34,2022,202202,W-27,0.0162765133009413,139471.40815894,162,4,2,45.01,0,31,0.317,0.1092,,,0,62.33041,-175.28957,78,-1.6,7,NBS
NA,NA,NA,NA,NA,NA,NA,NA,NA,NA,NA,NA,NA,NA,NA,NA,NA,NA,NA,NA,NA,NA,NA,NA,NA,NA,NA,NA,NA,NA,NA,NA,NA,NA,NA,NA,NA,NA,NA,NA,NA,NA,NA,NA,NA,NA,NA,NA,NA,NA,NA,NA,NA,NA,NA,NA,NA,NA,NA,NA,NA,NA,NA,NA,NA,NA,NA,NA,NA,AKK-35,2022,202202,W-27,0.0162765133009413,139471.40815894,162,4,1,56.18,9.3,60,0.3317,0.1083,,,0,62.33041,-175.28957,78,-1.6,7,NBS
NA,NA,NA,NA,NA,NA,NA,NA,NA,NA,NA,NA,NA,NA,NA,NA,NA,NA,NA,NA,NA,NA,NA,NA,NA,NA,NA,NA,NA,NA,NA,NA,NA,NA,NA,NA,NA,NA,NA,NA,NA,NA,NA,NA,NA,NA,NA,NA,NA,NA,NA,NA,NA,NA,NA,NA,NA,NA,NA,NA,NA,NA,NA,NA,NA,NA,NA,NA,NA,AKK-36,2022,202202,W-27,0.0162765133009413,139471.40815894,162,4,2,45.13,0,29,0.314,0.1008,,,0,62.33041,-175.28957,78,-1.6,7,NBS
NA,NA,NA,NA,NA,NA,NA,NA,NA,NA,NA,NA,NA,NA,NA,NA,NA,NA,NA,NA,NA,NA,NA,NA,NA,NA,NA,NA,NA,NA,NA,NA,NA,NA,NA,NA,NA,NA,NA,NA,NA,NA,NA,NA,NA,NA,NA,NA,NA,NA,NA,NA,NA,NA,NA,NA,NA,NA,NA,NA,NA,NA,NA,NA,NA,NA,NA,NA,NA,AKK-37,2022,202202,W-27,0.0162765133009413,139471.40815894,162,4,2,46.41,0,35,0.3125,0.0997,,,0,62.33041,-175.28957,78,-1.6,7,NBS
NA,NA,NA,NA,NA,NA,NA,NA,NA,NA,NA,NA,NA,NA,NA,NA,NA,NA,NA,NA,NA,NA,NA,NA,NA,NA,NA,NA,NA,NA,NA,NA,NA,NA,NA,NA,NA,NA,NA,NA,NA,NA,NA,NA,NA,NA,NA,NA,NA,NA,NA,NA,NA,NA,NA,NA,NA,NA,NA,NA,NA,NA,NA,NA,NA,NA,NA,NA,NA,AKK-38,2022,202202,W-27,0.0162765133009413,139471.40815894,162,4,2,47.26,0,33,0.3221,0.1151,,,0,62.33041,-175.28957,78,-1.6,7,NBS
NA,NA,NA,NA,NA,NA,NA,NA,NA,NA,NA,NA,NA,NA,NA,NA,NA,NA,NA,NA,NA,NA,NA,NA,NA,NA,NA,NA,NA,NA,NA,NA,NA,NA,NA,NA,NA,NA,NA,NA,NA,NA,NA,NA,NA,NA,NA,NA,NA,NA,NA,NA,NA,NA,NA,NA,NA,NA,NA,NA,NA,NA,NA,NA,NA,NA,NA,NA,NA,VA-139,2022,202202,X-18,0.0127555389481179,145992.47805791633,94,28,1,61.99,10.11,92,0.3046,0.1113,,,0,62.66556,-168.8891,35,-0.1,7,NBS
NA,NA,NA,NA,NA,NA,NA,NA,NA,NA,NA,NA,NA,NA,NA,NA,NA,NA,NA,NA,NA,NA,NA,NA,NA,NA,NA,NA,NA,NA,NA,NA,NA,NA,NA,NA,NA,NA,NA,NA,NA,NA,NA,NA,NA,NA,NA,NA,NA,NA,NA,NA,NA,NA,NA,NA,NA,NA,NA,NA,NA,NA,NA,NA,NA,NA,NA,NA,NA,VA-150,2022,202202,X-18,0.0127555389481179,145992.47805791633,94,28,1,55.27,10.56,70,0.3173,0.1202,,,1,62.66556,-168.8891,35,-0.1,7,NBS
NA,NA,NA,NA,NA,NA,NA,NA,NA,NA,NA,NA,NA,NA,NA,NA,NA,NA,NA,NA,NA,NA,NA,NA,NA,NA,NA,NA,NA,NA,NA,NA,NA,NA,NA,NA,NA,NA,NA,NA,NA,NA,NA,NA,NA,NA,NA,NA,NA,NA,NA,NA,NA,NA,NA,NA,NA,NA,NA,NA,NA,NA,NA,NA,NA,NA,NA,NA,NA,VA-158,2022,202202,X-18,0.0127555389481179,145992.47805791633,94,28,1,55.41,12.2,72,0.3266,0.122,,,1,62.66556,-168.8891,35,-0.1,7,NBS
NA,NA,NA,NA,NA,NA,NA,NA,NA,NA,NA,NA,NA,NA,NA,NA,NA,NA,NA,NA,NA,NA,NA,NA,NA,NA,NA,NA,NA,NA,NA,NA,NA,NA,NA,NA,NA,NA,NA,NA,NA,NA,NA,NA,NA,NA,NA,NA,NA,NA,NA,NA,NA,NA,NA,NA,NA,NA,NA,NA,NA,NA,NA,NA,NA,NA,NA,NA,NA,AKK-39,2022,202202,X-25,0.0154271909863764,398833.39328809414,162,6,1,55.76,8.73,61,0.3442,0.1121,,,0,62.65939,-173.95076,70,-1.5,7,NBS
NA,NA,NA,NA,NA,NA,NA,NA,NA,NA,NA,NA,NA,NA,NA,NA,NA,NA,NA,NA,NA,NA,NA,NA,NA,NA,NA,NA,NA,NA,NA,NA,NA,NA,NA,NA,NA,NA,NA,NA,NA,NA,NA,NA,NA,NA,NA,NA,NA,NA,NA,NA,NA,NA,NA,NA,NA,NA,NA,NA,NA,NA,NA,NA,NA,NA,NA,NA,NA,AKK-40,2022,202202,X-25,0.0154271909863764,398833.39328809414,162,6,2,46.74,0,33,0.3027,0.0987,,,0,62.65939,-173.95076,70,-1.5,7,NBS
NA,NA,NA,NA,NA,NA,NA,NA,NA,NA,NA,NA,NA,NA,NA,NA,NA,NA,NA,NA,NA,NA,NA,NA,NA,NA,NA,NA,NA,NA,NA,NA,NA,NA,NA,NA,NA,NA,NA,NA,NA,NA,NA,NA,NA,NA,NA,NA,NA,NA,NA,NA,NA,NA,NA,NA,NA,NA,NA,NA,NA,NA,NA,NA,NA,NA,NA,NA,NA,VA-130,2022,202202,Y-18,0.0122583670149237,646489.4957339738,94,27,2,52.88,0,52,0.3436,0.0971,,,0,62.86239,-168.82471,39,0.6,8,NBS
NA,NA,NA,NA,NA,NA,NA,NA,NA,NA,NA,NA,NA,NA,NA,NA,NA,NA,NA,NA,NA,NA,NA,NA,NA,NA,NA,NA,NA,NA,NA,NA,NA,NA,NA,NA,NA,NA,NA,NA,NA,NA,NA,NA,NA,NA,NA,NA,NA,NA,NA,NA,NA,NA,NA,NA,NA,NA,NA,NA,NA,NA,NA,NA,NA,NA,NA,NA,NA,VA-143,2022,202202,Y-18,0.0122583670149237,646489.4957339738,94,27,1,51.23,8.46,50,0.3429,0.1022,,,0,62.86239,-168.82471,39,0.6,8,NBS
NA,NA,NA,NA,NA,NA,NA,NA,NA,NA,NA,NA,NA,NA,NA,NA,NA,NA,NA,NA,NA,NA,NA,NA,NA,NA,NA,NA,NA,NA,NA,NA,NA,NA,NA,NA,NA,NA,NA,NA,NA,NA,NA,NA,NA,NA,NA,NA,NA,NA,NA,NA,NA,NA,NA,NA,NA,NA,NA,NA,NA,NA,NA,NA,NA,NA,NA,NA,NA,VA-144,2022,202202,Y-18,0.0122583670149237,646489.4957339738,94,27,2,51.39,0,46,0.3171,0.095,,,0,62.86239,-168.82471,39,0.6,8,NBS
NA,NA,NA,NA,NA,NA,NA,NA,NA,NA,NA,NA,NA,NA,NA,NA,NA,NA,NA,NA,NA,NA,NA,NA,NA,NA,NA,NA,NA,NA,NA,NA,NA,NA,NA,NA,NA,NA,NA,NA,NA,NA,NA,NA,NA,NA,NA,NA,NA,NA,NA,NA,NA,NA,NA,NA,NA,NA,NA,NA,NA,NA,NA,NA,NA,NA,NA,NA,NA,VA-146,2022,202202,Y-18,0.0122583670149237,646489.4957339738,94,27,1,52.69,8.94,56,0.3194,0.125,,,0,62.86239,-168.82471,39,0.6,8,NBS
NA,NA,NA,NA,NA,NA,NA,NA,NA,NA,NA,NA,NA,NA,NA,NA,NA,NA,NA,NA,NA,NA,NA,NA,NA,NA,NA,NA,NA,NA,NA,NA,NA,NA,NA,NA,NA,NA,NA,NA,NA,NA,NA,NA,NA,NA,NA,NA,NA,NA,NA,NA,NA,NA,NA,NA,NA,NA,NA,NA,NA,NA,NA,NA,NA,NA,NA,NA,NA,VA-147,2022,202202,Y-18,0.0122583670149237,646489.4957339738,94,27,2,50.97,0,46,0.3218,0.0857,,,0,62.86239,-168.82471,39,0.6,8,NBS
NA,NA,NA,NA,NA,NA,NA,NA,NA,NA,NA,NA,NA,NA,NA,NA,NA,NA,NA,NA,NA,NA,NA,NA,NA,NA,NA,NA,NA,NA,NA,NA,NA,NA,NA,NA,NA,NA,NA,NA,NA,NA,NA,NA,NA,NA,NA,NA,NA,NA,NA,NA,NA,NA,NA,NA,NA,NA,NA,NA,NA,NA,NA,NA,NA,NA,NA,NA,NA,VA-151,2022,202202,Y-18,0.0122583670149237,646489.4957339738,94,27,1,54.04,9,62,0.3381,0.1245,,,0,62.86239,-168.82471,39,0.6,8,NBS
NA,NA,NA,NA,NA,NA,NA,NA,NA,NA,NA,NA,NA,NA,NA,NA,NA,NA,NA,NA,NA,NA,NA,NA,NA,NA,NA,NA,NA,NA,NA,NA,NA,NA,NA,NA,NA,NA,NA,NA,NA,NA,NA,NA,NA,NA,NA,NA,NA,NA,NA,NA,NA,NA,NA,NA,NA,NA,NA,NA,NA,NA,NA,NA,NA,NA,NA,NA,NA,VA-154,2022,202202,Y-18,0.0122583670149237,646489.4957339738,94,27,2,51.51,0,46,0.3224,0.1059,,,0,62.86239,-168.82471,39,0.6,8,NBS
NA,NA,NA,NA,NA,NA,NA,NA,NA,NA,NA,NA,NA,NA,NA,NA,NA,NA,NA,NA,NA,NA,NA,NA,NA,NA,NA,NA,NA,NA,NA,NA,NA,NA,NA,NA,NA,NA,NA,NA,NA,NA,NA,NA,NA,NA,NA,NA,NA,NA,NA,NA,NA,NA,NA,NA,NA,NA,NA,NA,NA,NA,NA,NA,NA,NA,NA,NA,NA,VA-155,2022,202202,Y-18,0.0122583670149237,646489.4957339738,94,27,1,52.97,9.42,58,0.304,0.0986,,,0,62.86239,-168.82471,39,0.6,8,NBS
NA,NA,NA,NA,NA,NA,NA,NA,NA,NA,NA,NA,NA,NA,NA,NA,NA,NA,NA,NA,NA,NA,NA,NA,NA,NA,NA,NA,NA,NA,NA,NA,NA,NA,NA,NA,NA,NA,NA,NA,NA,NA,NA,NA,NA,NA,NA,NA,NA,NA,NA,NA,NA,NA,NA,NA,NA,NA,NA,NA,NA,NA,NA,NA,NA,NA,NA,NA,NA,VA-156,2022,202202,Y-18,0.0122583670149237,646489.4957339738,94,27,2,55.44,0,60,0.3461,0.1007,,,0,62.86239,-168.82471,39,0.6,8,NBS
NA,NA,NA,NA,NA,NA,NA,NA,NA,NA,NA,NA,NA,NA,NA,NA,NA,NA,NA,NA,NA,NA,NA,NA,NA,NA,NA,NA,NA,NA,NA,NA,NA,NA,NA,NA,NA,NA,NA,NA,NA,NA,NA,NA,NA,NA,NA,NA,NA,NA,NA,NA,NA,NA,NA,NA,NA,NA,NA,NA,NA,NA,NA,NA,NA,NA,NA,NA,NA,VA-160,2022,202202,Y-18,0.0122583670149237,646489.4957339738,94,27,1,50.53,8.66,54,0.307,0.0967,,,0,62.86239,-168.82471,39,0.6,8,NBS
NA,NA,NA,NA,NA,NA,NA,NA,NA,NA,NA,NA,NA,NA,NA,NA,NA,NA,NA,NA,NA,NA,NA,NA,NA,NA,NA,NA,NA,NA,NA,NA,NA,NA,NA,NA,NA,NA,NA,NA,NA,NA,NA,NA,NA,NA,NA,NA,NA,NA,NA,NA,NA,NA,NA,NA,NA,NA,NA,NA,NA,NA,NA,NA,NA,NA,NA,NA,NA,AKK-78,2022,202202,Y-22,0.0149492376669075,23780.826683019895,162,43,2,47.45,0,41,0.3441,0.1012,,,0,63.00125,-171.84919,54,-1.2,8,NBS
NA,NA,NA,NA,NA,NA,NA,NA,NA,NA,NA,NA,NA,NA,NA,NA,NA,NA,NA,NA,NA,NA,NA,NA,NA,NA,NA,NA,NA,NA,NA,NA,NA,NA,NA,NA,NA,NA,NA,NA,NA,NA,NA,NA,NA,NA,NA,NA,NA,NA,NA,NA,NA,NA,NA,NA,NA,NA,NA,NA,NA,NA,NA,NA,NA,NA,NA,NA,NA,AKK-79,2022,202202,Y-22,0.0149492376669075,23780.826683019895,162,43,2,44.28,0,33,0.3261,0.1134,,,0,63.00125,-171.84919,54,-1.2,8,NBS
NA,NA,NA,NA,NA,NA,NA,NA,NA,NA,NA,NA,NA,NA,NA,NA,NA,NA,NA,NA,NA,NA,NA,NA,NA,NA,NA,NA,NA,NA,NA,NA,NA,NA,NA,NA,NA,NA,NA,NA,NA,NA,NA,NA,NA,NA,NA,NA,NA,NA,NA,NA,NA,NA,NA,NA,NA,NA,NA,NA,NA,NA,NA,NA,NA,NA,NA,NA,NA,AKK-80,2022,202202,Y-22,0.0149492376669075,23780.826683019895,162,43,2,46.54,0,36,0.3196,0.1306,,,0,63.00125,-171.84919,54,-1.2,8,NBS
NA,NA,NA,NA,NA,NA,NA,NA,NA,NA,NA,NA,NA,NA,NA,NA,NA,NA,NA,NA,NA,NA,NA,NA,NA,NA,NA,NA,NA,NA,NA,NA,NA,NA,NA,NA,NA,NA,NA,NA,NA,NA,NA,NA,NA,NA,NA,NA,NA,NA,NA,NA,NA,NA,NA,NA,NA,NA,NA,NA,NA,NA,NA,NA,NA,NA,NA,NA,NA,AKK-81,2022,202202,Y-25,0.01676890754938905,46352.5848485174,162,40,1,52.59,8.74,58,0.3326,0.1173,,,0,62.99305,-174.02492,74,-1.6,8,NBS
NA,NA,NA,NA,NA,NA,NA,NA,NA,NA,NA,NA,NA,NA,NA,NA,NA,NA,NA,NA,NA,NA,NA,NA,NA,NA,NA,NA,NA,NA,NA,NA,NA,NA,NA,NA,NA,NA,NA,NA,NA,NA,NA,NA,NA,NA,NA,NA,NA,NA,NA,NA,NA,NA,NA,NA,NA,NA,NA,NA,NA,NA,NA,NA,NA,NA,NA,NA,NA,AKK-82,2022,202202,Y-25,0.01676890754938905,46352.5848485174,162,40,1,55.49,10.36,72,0.3149,0.0859,,,0,62.99305,-174.02492,74,-1.6,8,NBS
NA,NA,NA,NA,NA,NA,NA,NA,NA,NA,NA,NA,NA,NA,NA,NA,NA,NA,NA,NA,NA,NA,NA,NA,NA,NA,NA,NA,NA,NA,NA,NA,NA,NA,NA,NA,NA,NA,NA,NA,NA,NA,NA,NA,NA,NA,NA,NA,NA,NA,NA,NA,NA,NA,NA,NA,NA,NA,NA,NA,NA,NA,NA,NA,NA,NA,NA,NA,NA,AKK-61,2022,202202,ZZ-24,0.01530637506832995,62909.14443827629,162,39,1,54.79,8.86,62,0.3247,0.0998,,,0,63.33898,-173.43322,71,-1.7,8,NBS
NA,NA,NA,NA,NA,NA,NA,NA,NA,NA,NA,NA,NA,NA,NA,NA,NA,NA,NA,NA,NA,NA,NA,NA,NA,NA,NA,NA,NA,NA,NA,NA,NA,NA,NA,NA,NA,NA,NA,NA,NA,NA,NA,NA,NA,NA,NA,NA,NA,NA,NA,NA,NA,NA,NA,NA,NA,NA,NA,NA,NA,NA,NA,NA,NA,NA,NA,NA,NA,AKK-62,2022,202202,ZZ-24,0.01530637506832995,62909.14443827629,162,39,1,54.43,9.04,61,0.3138,0.1266,,,0,63.33898,-173.43322,71,-1.7,8,NBS
NA,NA,NA,NA,NA,NA,NA,NA,NA,NA,NA,NA,NA,NA,NA,NA,NA,NA,NA,NA,NA,NA,NA,NA,NA,NA,NA,NA,NA,NA,NA,NA,NA,NA,NA,NA,NA,NA,NA,NA,NA,NA,NA,NA,NA,NA,NA,NA,NA,NA,NA,NA,NA,NA,NA,NA,NA,NA,NA,NA,NA,NA,NA,NA,NA,NA,NA,NA,NA,AKK-63,2022,202202,ZZ-24,0.01530637506832995,62909.14443827629,162,39,1,45.83,7.6,34,0.3298,0.1166,,,0,63.33898,-173.43322,71,-1.7,8,NBS
NA,NA,NA,NA,NA,NA,NA,NA,NA,NA,NA,NA,NA,NA,NA,NA,NA,NA,NA,NA,NA,NA,NA,NA,NA,NA,NA,NA,NA,NA,NA,NA,NA,NA,NA,NA,NA,NA,NA,NA,NA,NA,NA,NA,NA,NA,NA,NA,NA,NA,NA,NA,NA,NA,NA,NA,NA,NA,NA,NA,NA,NA,NA,NA,NA,NA,NA,NA,NA,AKK-64,2022,202202,ZZ-24,0.01530637506832995,62909.14443827629,162,39,2,46.35,0,33,0.3333,0.1303,,,0,63.33898,-173.43322,71,-1.7,8,NBS
NA,NA,NA,NA,NA,NA,NA,NA,NA,NA,NA,NA,NA,NA,NA,NA,NA,NA,NA,NA,NA,NA,NA,NA,NA,NA,NA,NA,NA,NA,NA,NA,NA,NA,NA,NA,NA,NA,NA,NA,NA,NA,NA,NA,NA,NA,NA,NA,NA,NA,NA,NA,NA,NA,NA,NA,NA,NA,NA,NA,NA,NA,NA,NA,NA,NA,NA,NA,NA,AKK-65,2022,202202,ZZ-24,0.01530637506832995,62909.14443827629,162,39,2,46.88,0,35,0.3135,0.1124,,,0,63.33898,-173.43322,71,-1.7,8,NBS
NA,NA,NA,NA,NA,NA,NA,NA,NA,NA,NA,NA,NA,NA,NA,NA,NA,NA,NA,NA,NA,NA,NA,NA,NA,NA,NA,NA,NA,NA,NA,NA,NA,NA,NA,NA,NA,NA,NA,NA,NA,NA,NA,NA,NA,NA,NA,NA,NA,NA,NA,NA,NA,NA,NA,NA,NA,NA,NA,NA,NA,NA,NA,NA,NA,NA,NA,NA,NA,AKK-66,2022,202202,ZZ-24,0.01530637506832995,62909.14443827629,162,39,2,44.96,0,33,0.3144,0.1079,,,0,63.33898,-173.43322,71,-1.7,8,NBS
NA,NA,NA,NA,NA,NA,NA,NA,NA,NA,NA,NA,NA,NA,NA,NA,NA,NA,NA,NA,NA,NA,NA,NA,NA,NA,NA,NA,NA,NA,NA,NA,NA,NA,NA,NA,NA,NA,NA,NA,NA,NA,NA,NA,NA,NA,NA,NA,NA,NA,NA,NA,NA,NA,NA,NA,NA,NA,NA,NA,NA,NA,NA,NA,NA,NA,NA,NA,NA,AKK-67,2022,202202,ZZ-24,0.01530637506832995,62909.14443827629,162,39,2,43.43,0,29,0.3379,0.122,,,0,63.33898,-173.43322,71,-1.7,8,NBS
