Lipid_WWT_g,Lipid_WWT_mg,year,Internal_Standard_Added_ug,Total_FA_Conc,Total_FA_extract,vial_id,cruise,gis_station,area_swept,cpue,vessel,haul,sex,cw,ch_cc,crab_wgt,hepato_wwt,hepato_dwt,process_date,notes,maturity,mid_latitude,mid_longitude,bottom_depth,gear_temperature,region,lme,DWT_WWT,Perc_DWT,Total_FA,WWT_DWT
0.57,573.4,2021,1506,194.09,111291.44,AKK-1,202101,I-19,0.01251090207164655,1039.093738049624,162,100,1,96.68,18.45,357,0.2963,0.1243,,,0,57.67209,-169.03364,69,3.6,2,EBS,0.41950725615929796,41.9507256159298,462.66184231697514,2.3837489943684638
0.37,372.7,2021,1506,107.51,40070.21,AKK-2,202101,F-19,0.0141930788929083,775.0256362977203,162,106,1,89.77,15.22,277,0.2596,0.0832,,,0,56.6657,-168.91527,100,3.7,2,EBS,0.3204930662557781,32.04930662557781,335.45187500000003,3.120192307692308
0.47,473.9,2021,1506,87.42,41426.15,AKK-3,202101,E-21,0.0151980825328794,2171.326542582466,162,110,1,102.55,17.95,354,0.3604,0.0951,,,0,56.34038,-170.04649,109,4.2,1,EBS,0.26387347391786903,26.387347391786903,331.29514195583596,3.789695057833859
0.36,361.2,2021,1506,33.4,12062.29,AKK-4,202101,F-22,0.0159104838138972,3456.8401968995818,162,112,1,92.16,17.05,320,0.3442,0.0804,,,0,56.65739,-170.73806,115,3.9,6,EBS,0.2335851249273678,23.35851249273678,142.98855721393033,4.281094527363185
0.34,341.5,2021,1506,138.95,47452.27,AKK-5,202101,F-22,0.0159104838138972,3456.8401968995818,162,112,1,95.73,16.75,324,0.3883,0.1069,,,0,56.65739,-170.73806,115,3.9,6,EBS,0.2753026010816379,27.53026010816379,504.717352666043,3.6323666978484566
0.36,357.4,2021,1506,49.78,17790.45,AKK-6,202101,N-22,0.01544321388383235,12626.905349290499,162,124,1,95.03,18.2,340,0.3624,0.1254,,,0,59.33329,-171.19173,76,2.4,3,EBS,0.3460264900662252,34.60264900662252,143.86181818181817,2.8899521531100474
0.38,383,2021,1506,49.54,18975.02,AKK-7,202101,O-22,0.01482556569224445,4991.3778358360305,162,125,1,88.87,15.44,280,0.2446,0.0657,,,0,59.66137,-171.25106,73,2.4,3,EBS,0.26860179885527385,26.860179885527387,184.43659056316594,3.722983257229833
0.37,368.2,2021,1506,75.03,27626.7,AKK-8,202101,T-25,0.0141581945345808,1977.65328987472,162,137,1,76.87,13.44,140,0.327,0.0929,,,0,61.32218,-173.58191,74,0.2,4,EBS,0.2840978593272171,28.40978593272171,264.09913885898817,3.5199138858988164
0.44,437,2021,1506,26.04,11380.09,AKK-9,202101,R-26,0.0139041419426712,7048.259461394185,162,140,1,77.04,12.91,164,0.3781,0.0959,,,0,60.67,-174.12725,87,2.3,4,EBS,0.25363660407299654,25.363660407299655,102.6665693430657,3.9426485922836285
0.38,384.2,2021,1506,81.5,31314.16,AKK-10,202101,QP2726,0.01391238269810895,7690.990272611179,162,142,1,77.29,12.8,184,0.2535,0.0505,,,0,60.17669,-174.34747,99,1.9,4,EBS,0.19921104536489154,19.921104536489153,409.1138613861386,5.01980198019802
0.44,440.9,2021,1506,129.41,57057.73,AKK-11,202101,QP2726,0.01391238269810895,7690.990272611179,162,142,1,81.18,14.07,211,0.3258,0.1226,,,0,60.17669,-174.34747,99,1.9,4,EBS,0.376304481276857,37.6304481276857,343.8970473083197,2.65742251223491
0.37,368.2,2021,1506,62.82,23129.09,AKK-12,202101,QP2726,0.01391238269810895,7690.990272611179,162,142,1,85.75,16.97,255,0.3044,0.0674,,,0,60.17669,-174.34747,99,1.9,4,EBS,0.221419185282523,22.1419185282523,283.7152522255193,4.516320474777448
0.48,478.1,2021,1506,40.61,19414.71,AKK-13,202101,Q-26,0.01460145154763295,24381.137645024843,162,141,1,78.89,13.77,194,0.3279,0.0762,,,0,60.34057,-174.07043,90,2.1,4,EBS,0.232387923147301,23.2387923147301,174.75090551181103,4.303149606299213
0.41,409,2021,1506,17.78,7270.41,AKK-14,202101,R-26,0.0139041419426712,7048.259461394185,162,140,1,84.14,14.66,206,0.2316,0.0637,,,0,60.67,-174.12725,87,2.3,4,EBS,0.2750431778929189,27.50431778929189,64.6443956043956,3.6357927786499213
0.43,429,2021,1506,78.07,33490.33,AKK-15,202101,P-26,0.01438681347000315,5421.631423986408,162,143,1,76.53,13.8,155,0.3281,0.0973,,,0,60.00067,-173.97722,100,1.9,4,EBS,0.29655592807071013,29.655592807071013,263.2555704008222,3.3720452209660845
0.38,379,2021,1506,221.05,83777.81,AKK-16,202101,P-26,0.01438681347000315,5421.631423986408,162,143,1,83.03,15.52,219,0.394,0.1938,,,0,60.00067,-173.97722,100,1.9,4,EBS,0.4918781725888325,49.18781725888325,449.3998968008256,2.0330237358101138
0.29,286.7,2021,1506,40.45,11597.39,AKK-17,202101,P-26,0.01438681347000315,5421.631423986408,162,143,1,79.92,12.58,157,0.2889,0.1063,,,0,60.00067,-173.97722,100,1.9,4,EBS,0.36794738663897547,36.79473866389755,109.93419567262464,2.7177798682972716
0.37,366.4,2021,1506,99.72,36537.02,AKK-18,202101,L-24,0.0134158600542252,2236.159283023512,162,153,1,94.51,17.76,345,0.3927,0.1212,,,0,58.67781,-172.36717,101,2.8,6,EBS,0.30863254392666156,30.863254392666157,323.10267326732674,3.24009900990099
0.38,378.4,2021,1506,130.37,49330.67,AKK-19,202101,O-31,0.0141704479387746,846.832792572802,162,179,1,72.57,10.3,115,0.2914,0.1232,,,0,59.66375,-177.14101,175,1.8,5,EBS,0.422786547700755,42.278654770075505,308.35891233766233,2.36525974025974
0.5,504.2,2021,1506,198.66,100165.14,AKK-20,202101,Q-31,0.01436445540980505,24992.2457731986,162,184,1,90.8,17.6,284,0.3518,0.1537,,,0,60.32376,-177.3797,146,1.5,5,EBS,0.4368959636156907,43.68959636156907,454.7077944046845,2.2888744307091735
0.32,324.2,2021,1506,205.81,66722.28,AKK-21,202101,Q-31,0.01436445540980505,24992.2457731986,162,184,1,97.26,20.1,342,0.3249,0.1458,,,1,60.32376,-177.3797,146,1.5,5,EBS,0.4487534626038781,44.87534626038781,458.625987654321,2.228395061728395
0.31,305.8,2021,1506,250.87,76715.39,AKK-22,202101,Q-31,0.01436445540980505,24992.2457731986,162,184,1,100.07,19.62,401,0.369,0.1843,,,0,60.32376,-177.3797,146,1.5,5,EBS,0.4994579945799458,49.945799457994575,502.2844818231145,2.0021703743895825
0.35,351.6,2021,1506,211.21,74261.65,AKK-23,202101,R-31,0.014138214966612,12589.991057594938,162,185,1,92.37,18.93,317,0.3225,0.1263,,,1,60.66455,-177.50949,147,1.8,5,EBS,0.39162790697674416,39.16279069767442,539.3129453681711,2.5534441805225656
0.33,331.9,2021,1506,256.63,85175.31,AKK-24,202101,R-31,0.014138214966612,12589.991057594938,162,185,1,86.61,16.12,262,0.4002,0.1918,,,0,60.66455,-177.50949,147,1.8,5,EBS,0.47926036981509246,47.92603698150925,535.4709384775808,2.0865484880083423
0.47,473.5,2021,1506,142.53,67489.26,AKK-25,202101,R-31,0.014138214966612,12589.991057594938,162,185,1,88.56,18.78,272,0.3574,0.145,,,1,60.66455,-177.50949,147,1.8,5,EBS,0.4057078903189703,40.57078903189703,351.311875862069,2.464827586206897
0.33,328.6,2021,1506,100.3,32958.9,AKK-26,202102,W-27,0.0136408902594624,26757.78435698558,162,2,2,57.41,0,58,0.3025,0.0956,,,0,62.33486,-175.27563,79,-0.6,7,NBS,0.3160330578512397,31.60330578512397,317.37186192468613,3.1642259414225937
0.47,474.5,2021,1506,123.31,58508.45,AKK-27,202102,W-27,0.0136408902594624,26757.78435698558,162,2,2,57.59,0,60,0.2567,0.0658,,,0,62.33486,-175.27563,79,-0.6,7,NBS,0.2563303467082197,25.63303467082197,481.05892097264444,3.9012158054711246
0.34,340.7,2021,1506,132.8,45243.81,AKK-28,202102,W-27,0.0136408902594624,26757.78435698558,162,2,2,55.27,0,56,0.3627,0.131,,,0,62.33486,-175.27563,79,-0.6,7,NBS,0.3611800385993934,36.11800385993934,367.6836641221375,2.768702290076336
0.36,360.8,2021,1506,136.18,49133.45,AKK-29,202102,X-26,0.0138434125460796,45653.48304807834,162,4,2,53.86,0,47,0.2226,0.0686,,,0,62.6591,-174.62102,73,-1.7,7,NBS,0.3081761006289308,30.81761006289308,441.8902040816327,3.2448979591836737
0.32,321.3,2021,1506,126.55,40661.93,AKK-30,202102,X-26,0.0138434125460796,45653.48304807834,162,4,2,55.57,0,51,0.9023,0.3067,,,0,62.6591,-174.62102,73,-1.7,7,NBS,0.33990912113487753,33.99091211348775,372.3053961525921,2.9419628301271605
0.37,374.4,2021,1506,134.87,50493.92,AKK-31,202102,X-26,0.0138434125460796,45653.48304807834,162,4,2,52.81,0,48,0.2256,0.0786,,,0,62.6591,-174.62102,73,-1.7,7,NBS,0.348404255319149,34.840425531914896,387.10778625954197,2.8702290076335877
0.38,377.5,2021,1506,114.74,43315.85,AKK-32,202102,Y-23,0.01446771019492095,13340.051563083893,162,12,1,58,10.42,63,0.3566,0.1278,,,0,63.00331,-172.56412,61,-1.7,8,NBS,0.3583847448121144,35.83847448121144,320.15871674491393,2.790297339593114
0.3,304.8,2021,1506,108.55,33087.5,AKK-33,202102,Y-23,0.01446771019492095,13340.051563083893,162,12,1,49.62,6.94,30,0.3823,0.1293,,,0,63.00331,-172.56412,61,-1.7,8,NBS,0.33821606068532567,33.82160606853257,320.9486852281516,2.956689868522815
0.34,342.1,2021,1506,92.54,31657.13,AKK-34,202102,Y-23,0.01446771019492095,13340.051563083893,162,12,2,42.14,0,10,0.3769,0.1253,,,0,63.00331,-172.56412,61,-1.7,8,NBS,0.33244892544441496,33.2448925444415,278.35854748603356,3.007980845969673
0.35,351.5,2021,1506,116.19,40842.28,AKK-35,202102,Y-23,0.01446771019492095,13340.051563083893,162,12,2,53.59,0,37,0.3109,0.1082,,,0,63.00331,-172.56412,61,-1.7,8,NBS,0.34802187198456097,34.802187198456096,333.85832717190385,2.8733826247689462
0.36,361.6,2021,1506,27.32,9878.63,AKK-36,202102,Y-23,0.01446771019492095,13340.051563083893,162,12,1,55.28,8.89,39,0.3526,0.0874,,,0,63.00331,-172.56412,61,-1.7,8,NBS,0.24787294384571754,24.787294384571755,110.21775743707093,4.034324942791762
0.41,413.2,2021,1506,91.24,37701.02,AKK-37,202102,Y-23,0.01446771019492095,13340.051563083893,162,12,1,52.75,8.33,34,0.3769,0.1185,,,0,63.00331,-172.56412,61,-1.7,8,NBS,0.3144070045104802,31.44070045104802,290.1970970464135,3.1805907172995784
0.32,318.8,2021,1506,105.48,33627.02,AKK-38,202102,Y-23,0.01446771019492095,13340.051563083893,162,12,2,49.43,0,26,0.3496,0.1145,,,0,63.00331,-172.56412,61,-1.7,8,NBS,0.3275171624713959,32.75171624713959,322.05945851528384,3.053275109170306
0.39,385.5,2021,1506,70.38,27131.13,AKK-39,202102,Y-23,0.01446771019492095,13340.051563083893,162,12,2,50.28,0,22,0.265,0.0713,,,0,63.00331,-172.56412,61,-1.7,8,NBS,0.2690566037735849,26.905660377358494,261.5806451612903,3.7166900420757365
0.41,410.2,2021,1506,122.34,50182.49,AKK-40,202102,Y-23,0.01446771019492095,13340.051563083893,162,12,2,51.45,0,25,0.3566,0.1275,,,0,63.00331,-172.56412,61,-1.7,8,NBS,0.357543466068424,35.754346606842404,342.1681882352941,2.796862745098039
0.38,376.2,2021,1506,116.38,43781.7,AKK-41,202102,Y-24,0.0139751596738776,33559.545003028186,162,13,1,63.74,10.75,98,0.3087,0.103,,,0,63.004,-173.21533,69,-1.7,8,NBS,0.33365727243278265,33.365727243278265,348.80102912621356,2.9970873786407766
0.44,438.2,2021,1506,105.26,46122.74,AKK-42,202102,Y-24,0.0139751596738776,33559.545003028186,162,13,2,56.99,0,47,0.3463,0.1172,,,0,63.004,-173.21533,69,-1.7,8,NBS,0.33843488304937913,33.843488304937914,311.0199488054608,2.954778156996587
0.3,301.6,2021,1506,96.67,29156.3,AKK-43,202102,Y-24,0.0139751596738776,33559.545003028186,162,13,1,51.12,8.22,54,0.3475,0.1168,,,0,63.004,-173.21533,69,-1.7,8,NBS,0.3361151079136691,33.61151079136691,287.6098030821918,2.975171232876712
0.42,422.2,2021,1506,160.61,67808.8,AKK-44,202102,Y-24,0.0139751596738776,33559.545003028186,162,13,2,46.88,0,38,0.3126,0.1247,,,0,63.004,-173.21533,69,-1.7,8,NBS,0.39891234804862447,39.89123480486245,402.61977546110666,2.506816359262229
0.32,324,2021,1506,95.41,30912.49,AKK-45,202102,Y-24,0.0139751596738776,33559.545003028186,162,13,1,51.48,8.55,53,0.3592,0.1125,,,0,63.004,-173.21533,69,-1.7,8,NBS,0.313195991091314,31.319599109131403,304.6335288888889,3.192888888888889
0.37,368.9,2021,1506,131.04,48340.45,AKK-46,202102,Y-24,0.0139751596738776,33559.545003028186,162,13,2,44.63,0,30,0.2393,0.0828,,,0,63.004,-173.21533,69,-1.7,8,NBS,0.3460091934809862,34.60091934809862,378.7182608695652,2.890096618357488
0.38,380.2,2021,1506,103.84,39478.52,AKK-47,202102,Y-24,0.0139751596738776,33559.545003028186,162,13,1,51.83,8.9,51,0.3342,0.1126,,,0,63.004,-173.21533,69,-1.7,8,NBS,0.3369239976062238,33.69239976062238,308.20007104795735,2.9680284191829482
0.35,348.9,2021,1506,128.34,44776.22,AKK-48,202102,Y-24,0.0139751596738776,33559.545003028186,162,13,2,44.64,0,32,0.3214,0.123,,bitter,0,63.004,-173.21533,69,-1.7,8,NBS,0.3827006845052893,38.27006845052893,335.3534634146342,2.613008130081301
0.39,391.3,2021,1506,163.39,63936.24,AKK-49,202102,Y-25,0.0151352592001281,42087.15500522176,162,14,2,53.16,0,50,0.392,0.1547,,,0,63.00044,-173.98169,73,-1.7,8,NBS,0.39464285714285713,39.464285714285715,414.0199095022624,2.5339366515837103
0.34,343.3,2021,1506,120.88,41497.77,AKK-50,202102,Y-25,0.0151352592001281,42087.15500522176,162,14,1,53.18,8.12,54,0.3827,0.1386,,,0,63.00044,-173.98169,73,-1.7,8,NBS,0.36216357460151555,36.216357460151556,333.7718326118326,2.761183261183261
0.37,373,2021,1506,89.64,33434.45,AKK-51,202102,Y-25,0.0151352592001281,42087.15500522176,162,14,2,46.82,0,34,0.2196,0.0785,,,0,63.00044,-173.98169,73,-1.7,8,NBS,0.3574681238615665,35.74681238615665,250.7636178343949,2.797452229299363
0.37,365.7,2021,1506,91.16,33338.7,AKK-52,202102,Y-25,0.0151352592001281,42087.15500522176,162,14,1,51.07,7.22,49,0.3187,0.0945,,,0,63.00044,-173.98169,73,-1.7,8,NBS,0.29651710072168186,29.651710072168186,307.43589417989415,3.372486772486772
0.38,377,2021,1506,90.56,34139.26,AKK-53,202102,ZZ-24,0.01345770933053085,30168.581444906646,162,15,2,51.47,0,40,0.2394,0.0737,,,0,63.33903,-173.35745,71,-1.6,8,NBS,0.3078529657477026,30.78529657477026,294.16640434192675,3.248303934871099
0.33,327.2,2021,1506,203.67,66642.21,AKK-54,202102,Y-25,0.0151352592001281,42087.15500522176,162,14,2,45.67,0,31,0.3183,0.1455,,,0,63.00044,-173.98169,73,-1.7,8,NBS,0.4571159283694627,45.71159283694627,445.5543711340207,2.1876288659793817
0.43,430.5,2021,1506,114.83,49432.65,AKK-55,202102,Y-25,0.0151352592001281,42087.15500522176,162,14,1,54.6,8.98,61,0.443,0.1561,,,0,63.00044,-173.98169,73,-1.7,8,NBS,0.35237020316027085,35.237020316027085,325.87885970531715,2.8379244074311343
0.39,391.5,2021,1506,118.36,46336.6,AKK-56,202102,Y-25,0.0151352592001281,42087.15500522176,162,14,2,51.14,0,43,0.3578,0.1183,,,0,63.00044,-173.98169,73,-1.7,8,NBS,0.33063163778647287,33.06316377864729,357.98147083685546,3.0245139475908704
0.4,399.6,2021,1506,139.02,55552.91,AKK-57,202102,Y-25,0.0151352592001281,42087.15500522176,162,14,1,54.3,7.24,53,0.3228,0.1171,,,0,63.00044,-173.98169,73,-1.7,8,NBS,0.3627633209417596,36.27633209417596,383.22507258753205,2.7566182749786505
0.34,335.4,2021,1506,115.81,38841.17,AKK-58,202102,Y-25,0.0151352592001281,42087.15500522176,162,14,2,50.24,0,41,0.373,0.1281,,,0,63.00044,-173.98169,73,-1.7,8,NBS,0.34343163538873994,34.343163538873995,337.21412958626075,2.9117876658860267
0.31,311.2,2021,1506,119.31,37129.84,AKK-59,202102,Y-25,0.0151352592001281,42087.15500522176,162,14,2,46.48,0,32,0.2553,0.0836,,,0,63.00044,-173.98169,73,-1.7,8,NBS,0.3274578926752839,32.745789267528394,364.3521889952154,3.053827751196173
0.42,424.6,2021,1506,170.37,72338.88,AKK-60,202102,Y-25,0.0151352592001281,42087.15500522176,162,14,2,50.42,0,40,0.2448,0.1039,,,0,63.00044,-173.98169,73,-1.7,8,NBS,0.42442810457516345,42.442810457516345,401.4107410972088,2.356111645813282
0.33,330.3,2021,1506,173.06,57161.9,AKK-61,202102,ZZ-24,0.01345770933053085,30168.581444906646,162,15,2,47.37,0,35,0.3599,0.1492,,,0,63.33903,-173.35745,71,-1.6,8,NBS,0.41455959988885804,41.4559599888858,417.45505361930293,2.4121983914209113
0.42,419.1,2021,1506,189.57,79447.83,AKK-62,202102,ZZ-24,0.01345770933053085,30168.581444906646,162,15,2,44.46,0,29,0.23,0.0976,,,0,63.33903,-173.35745,71,-1.6,8,NBS,0.42434782608695654,42.434782608695656,446.7325819672131,2.3565573770491803
0.33,328.2,2021,1506,83.27,27329.15,AKK-63,202102,ZZ-24,0.01345770933053085,30168.581444906646,162,15,1,51.53,8.53,51,0.3401,0.107,,,0,63.33903,-173.35745,71,-1.6,8,NBS,0.31461334901499555,31.461334901499555,264.67408411214956,3.1785046728971964
0.34,344.3,2021,1506,89.3,30746.76,AKK-64,202102,ZZ-24,0.01345770933053085,30168.581444906646,162,15,1,50.74,7.63,45,0.4201,0.137,,,0,63.33903,-173.35745,71,-1.6,8,NBS,0.3261128302785052,32.61128302785052,273.831605839416,3.0664233576642332
0.34,335.2,2021,1506,189.61,63557.98,AKK-65,202102,ZZ-24,0.01345770933053085,30168.581444906646,162,15,2,44.15,0,28,0.3747,0.1638,,,0,63.33903,-173.35745,71,-1.6,8,NBS,0.4371497197758207,43.71497197758207,433.74155677655676,2.2875457875457874
0.34,339.4,2021,1506,89.39,30340.3,AKK-66,202102,ZZ-24,0.01345770933053085,30168.581444906646,162,15,1,52.62,8.32,52,0.3427,0.1085,,,0,63.33903,-173.35745,71,-1.6,8,NBS,0.31660344324482054,31.660344324482054,282.3405806451613,3.15852534562212
0.4,395.6,2021,1506,115.48,45685.19,AKK-67,202102,ZZ-24,0.01345770933053085,30168.581444906646,162,15,2,46.18,0,33,0.3373,0.1152,,,0,63.33903,-173.35745,71,-1.6,8,NBS,0.3415357248739994,34.15357248739994,338.1198263888889,2.927951388888889
0.38,384.5,2021,1506,79.81,30686.27,AKK-68,202102,ZZ-24,0.01345770933053085,30168.581444906646,162,15,2,41.08,0,41,0.3638,0.1142,,,0,63.33903,-173.35745,71,-1.6,8,NBS,0.31390874106652006,31.390874106652007,254.24586690017514,3.185639229422067
0.37,368.7,2021,1506,72.56,26752.46,AKK-69,202102,ZZ-24,0.01345770933053085,30168.581444906646,162,15,2,46.23,0,32,0.3318,0.1001,,,0,63.33903,-173.35745,71,-1.6,8,NBS,0.30168776371308015,30.168776371308013,240.51356643356647,3.3146853146853146
0.3,304.9,2021,1506,13.01,3967.33,AKK-70,202102,ZZ-24,0.01345770933053085,30168.581444906646,162,15,2,45.43,0,33,0.3204,0.0592,,,0,63.33903,-173.35745,71,-1.6,8,NBS,0.18476903870162298,18.476903870162296,70.41222972972973,5.412162162162162
0.4,404.8,2021,1506,NA,NA,AKK-71,202102,ZZ-22,0.0141334323254586,27311.12946320172,162,18,2,48.39,0,37,0.355,0.1012,,,0,63.24515,-171.99726,59,-1.5,8,NBS,0.28507042253521125,28.507042253521124,NA,3.507905138339921
0.46,461.4,2021,1506,85.5,39448.73,AKK-72,202102,ZZ-22,0.0141334323254586,27311.12946320172,162,18,1,55.12,9.36,55,0.4163,0.1216,,,0,63.24515,-171.99726,59,-1.5,8,NBS,0.29209704539995196,29.209704539995197,292.7109375,3.4235197368421053
0.37,367,2021,1506,35.25,12937.8,AKK-73,202102,ZZ-22,0.0141334323254586,27311.12946320172,162,18,2,47.03,0,30,0.3355,0.0761,,,0,63.24515,-171.99726,59,-1.5,8,NBS,0.22682563338301043,22.682563338301044,155.4057161629435,4.408672798948752
0.32,317.9,2021,1506,8.54,2714.63,AKK-74,202102,ZZ-22,0.0141334323254586,27311.12946320172,162,18,1,52.13,8.83,41,0.3088,0.0585,,,0,63.24515,-171.99726,59,-1.5,8,NBS,0.18944300518134716,18.944300518134717,45.07952136752136,5.2786324786324785
0.35,346.4,2021,1506,71.26,24686.11,AKK-75,202102,ZZ-22,0.0141334323254586,27311.12946320172,162,18,2,47.44,0,36,0.344,0.0955,,,0,63.24515,-171.99726,59,-1.5,8,NBS,0.2776162790697675,27.76162790697675,256.6852356020942,3.602094240837696
0.38,376.2,2021,1506,54.47,20491.41,AKK-76,202102,ZZ-22,0.0141334323254586,27311.12946320172,162,18,2,53.99,0,53,0.3618,0.0993,,,0,63.24515,-171.99726,59,-1.5,8,NBS,0.27446102819237145,27.446102819237144,198.4616918429003,3.6435045317220545
0.36,364.6,2021,1506,72.19,26320.96,AKK-77,202102,ZZ-22,0.0141334323254586,27311.12946320172,162,18,2,48.05,0,35,0.3084,0.0932,,,0,63.24515,-171.99726,59,-1.5,8,NBS,0.30220492866407267,30.220492866407266,238.87763948497852,3.3090128755364807
0.37,365.5,2021,1506,NA,NA,AKK-78,202102,ZZ-22,0.0141334323254586,27311.12946320172,162,18,2,48.75,0,39,0.3387,0.0659,,,0,63.24515,-171.99726,59,-1.5,8,NBS,0.19456746383229997,19.456746383229998,NA,5.139605462822458
0.38,377.3,2021,1506,80.7,30446.47,AKK-79,202102,ZZ-22,0.0141334323254586,27311.12946320172,162,18,2,45.06,0,32,0.3258,0.094,,,0,63.24515,-171.99726,59,-1.5,8,NBS,0.2885205647636587,28.852056476365874,279.7027659574468,3.4659574468085106
0.36,356.6,2021,1506,20.31,7240.84,AKK-80,202102,BB-22,0.01390997679986475,8411.228982145938,162,22,2,51.59,0,31,0.3244,0.07,,,0,64.01035,-171.79476,50,-0.9,9,NBS,0.2157829839704069,21.57829839704069,94.12234285714285,4.634285714285714
0.45,450,2021,1506,28.24,12708.04,AKK-81,202102,BB-22,0.01390997679986475,8411.228982145938,162,22,1,53.09,8.19,54,0.2944,0.0708,,,0,64.01035,-171.79476,50,-0.9,9,NBS,0.24048913043478262,24.04891304347826,117.42734463276835,4.15819209039548
0.36,357.5,2021,1506,NA,NA,AKK-82,202102,BB-22,0.01390997679986475,8411.228982145938,162,22,1,50.56,9.29,43,0.3643,0.0604,,,0,64.01035,-171.79476,50,-0.9,9,NBS,0.16579741970903103,16.579741970903104,NA,6.031456953642384
0.33,327.9,2021,1506,40.51,13283.99,AKK-83,202102,BB-22,0.01390997679986475,8411.228982145938,162,22,1,50.93,9.04,52,0.226,0.0543,,,0,64.01035,-171.79476,50,-0.9,9,NBS,0.24026548672566372,24.02654867256637,168.6051565377532,4.16206261510129
0.33,326.7,2021,1506,11.73,3831.87,AKK-84,202102,BB-22,0.01390997679986475,8411.228982145938,162,22,2,46.61,0,33,0.3336,0.0714,,,0,64.01035,-171.79476,50,-0.9,9,NBS,0.21402877697841727,21.402877697841728,54.80571428571429,4.672268907563025
0.33,332.2,2021,1506,7.91,2626.68,AKK-85,202102,BB-22,0.01390997679986475,8411.228982145938,162,22,2,50.49,0,47,0.3603,0.0803,,,0,64.01035,-171.79476,50,-0.9,9,NBS,0.22286983069664168,22.286983069664167,35.49156911581569,4.486924034869241
0.31,305.6,2021,1506,25.79,7882.51,AKK-86,202102,BB-22,0.01390997679986475,8411.228982145938,162,22,2,51.61,0,48,0.3494,0.0816,,,0,64.01035,-171.79476,50,-0.9,9,NBS,0.23354321694333144,23.354321694333144,110.42924019607842,4.281862745098039
0.32,315.7,2021,1506,41.81,13197.85,AKK-87,202102,BB-22,0.01390997679986475,8411.228982145938,162,22,2,46.69,0,32,0.3487,0.0966,,,0,64.01035,-171.79476,50,-0.9,9,NBS,0.2770289647261256,27.702896472612558,150.92284679089028,3.6097308488612834
0.35,354.6,2021,1506,11.27,3996.8,AKK-88,202102,BB-22,0.01390997679986475,8411.228982145938,162,22,2,50.18,0,39,0.3613,0.0767,,,0,64.01035,-171.79476,50,-0.9,9,NBS,0.21228895654580682,21.228895654580683,53.0880182529335,4.710560625814863
0.42,415.5,2021,1506,60.21,25017.38,AKK-89,202102,CC-21,0.012403600817586,76613.785301174,162,26,2,56.93,0,58,0.3604,0.1046,,,0,64.23399,-171.10594,40,0.3,9,NBS,0.2902330743618202,29.023307436182023,207.45395793499043,3.445506692160612
0.36,356.2,2021,1506,27.22,9694.27,AKK-90,202102,CC-21,0.012403600817586,76613.785301174,162,26,2,55.87,0,59,0.3562,0.0848,,,0,64.23399,-171.10594,40,0.3,9,NBS,0.23806850084222345,23.806850084222344,114.33683962264152,4.2004716981132075
0.42,415.7,2021,1506,63.23,26285.02,AKK-91,202102,CC-21,0.012403600817586,76613.785301174,162,26,1,57.44,9.54,66,0.2361,0.0574,,,0,64.23399,-171.10594,40,0.3,9,NBS,0.24311732316814907,24.311732316814908,260.08019163763066,4.113240418118467
0.44,443,2021,1506,7.34,3249.49,AKK-92,202102,CC-21,0.012403600817586,76613.785301174,162,26,1,51.94,8.39,49,0.2976,0.0553,,,0,64.23399,-171.10594,40,0.3,9,NBS,0.1858198924731183,18.58198924731183,39.500614828209756,5.381555153707052
0.41,405.7,2021,1506,31.38,12729.06,AKK-93,202102,CC-21,0.012403600817586,76613.785301174,162,26,2,50.36,0,44,0.3732,0.0952,,,0,64.23399,-171.10594,40,0.3,9,NBS,0.25509110396570206,25.509110396570208,123.01487394957982,3.92016806722689
0.32,319.1,2021,1506,30.16,9624.22,AKK-94,202102,CC-21,0.012403600817586,76613.785301174,162,26,2,49.83,0,40,0.3409,0.0889,,,0,64.23399,-171.10594,40,0.3,9,NBS,0.2607802874743327,26.07802874743327,115.65291338582675,3.834645669291338
0.38,384.1,2021,1506,10.41,3999.95,AKK-95,202102,CC-21,0.012403600817586,76613.785301174,162,26,2,46.86,0,35,0.233,0.0547,,,0,64.23399,-171.10594,40,0.3,9,NBS,0.23476394849785406,23.476394849785407,44.34241316270567,4.259597806215722
0.4,402.5,2021,1506,28.79,11589.82,AKK-96,202102,CC-21,0.012403600817586,76613.785301174,162,26,2,44.55,0,34,0.3382,0.0829,,,0,64.23399,-171.10594,40,0.3,9,NBS,0.24512123004139563,24.512123004139564,117.45208685162847,4.079613992762364
0.31,314,2021,1506,19.54,6134.15,AKK-97,202102,CC-20,0.0126596552147967,31570.401659348685,162,27,2,49.06,0,37,0.3847,0.0976,,,0,64.28089,-170.67872,34,0.6,9,NBS,0.2537041850792826,25.37041850792826,77.0188319672131,3.941598360655737
0.34,344.8,2021,1506,9.04,3116.08,AKK-98,202102,CC-20,0.0126596552147967,31570.401659348685,162,27,2,54.3,0,47,0.2346,0.0452,,,0,64.28089,-170.67872,34,0.6,9,NBS,0.19266837169650466,19.266837169650465,46.92,5.190265486725664
0.3,301.6,2021,1506,55.37,16700.76,AKK-99,202102,CC-20,0.0126596552147967,31570.401659348685,162,27,2,55.07,0,51,0.2924,0.0767,,,0,64.28089,-170.67872,34,0.6,9,NBS,0.262311901504788,26.2311901504788,211.08458930899604,3.8122555410691
0.39,387.9,2021,1506,71.87,27877.01,AKK-100,202102,CC-20,0.0126596552147967,31570.401659348685,162,27,2,53.1,0,48,0.3712,0.1203,,bitter,0,64.28089,-170.67872,34,0.6,9,NBS,0.32408405172413796,32.408405172413794,221.76345802161262,3.0856192851205315
0.48,481.2,2021,1506,34.95,16819.99,AKK-101,202102,CC-20,0.0126596552147967,31570.401659348685,162,27,1,53.24,9.65,58,0.5619,0.1521,,,0,64.28089,-170.67872,34,0.6,9,NBS,0.2706887346502937,27.06887346502937,129.11508875739645,3.694280078895463
0.36,355.4,2021,1506,53.86,19142.69,AKK-102,202102,CC-20,0.0126596552147967,31570.401659348685,162,27,2,46.72,0,32,0.3315,0.0969,,,0,64.28089,-170.67872,34,0.6,9,NBS,0.29230769230769227,29.230769230769226,184.25789473684213,3.4210526315789473
0.35,345.8,2021,1506,28.66,9910.5,AKK-103,202102,CC-20,0.0126596552147967,31570.401659348685,162,27,2,48.77,0,40,0.1609,0.0404,,,0,64.28089,-170.67872,34,0.6,9,NBS,0.25108763206960844,25.108763206960845,114.14341584158417,3.9826732673267324
0.36,356.5,2021,1506,33.06,11786.84,AKK-104,202102,CC-20,0.0126596552147967,31570.401659348685,162,27,2,51.27,0,44,0.2609,0.0671,,,0,64.28089,-170.67872,34,0.6,9,NBS,0.2571866615561518,25.71866615561518,128.54476900149032,3.8882265275707897
0.36,357.7,2021,1506,26.62,9521.59,AKK-105,202102,CC-20,0.0126596552147967,31570.401659348685,162,27,2,43.52,0,29,0.3464,0.0917,,,0,64.28089,-170.67872,34,0.6,9,NBS,0.2647228637413395,26.47228637413395,100.55799345692475,3.777535441657579
0.33,331.5,2021,1506,290.12,96174.55,AKK-106,202102,CC-19,0.012580480403964,217375.6503875896,162,28,1,51.34,7.33,50,0.2701,0.115,,,0,64.31672,-169.83788,39,0.3,9,NBS,0.4257682339874121,42.57682339874121,681.4035826086956,2.348695652173913
0.36,364.9,2021,1506,149.55,54571.76,AKK-107,202102,CC-19,0.012580480403964,217375.6503875896,162,28,1,52.68,7.68,44,0.4736,0.188,,,0,64.31672,-169.83788,39,0.3,9,NBS,0.39695945945945943,39.695945945945944,376.7387234042554,2.519148936170213
0.31,312.9,2021,1506,116.86,36566.68,AKK-108,202102,CC-19,0.012580480403964,217375.6503875896,162,28,2,49.91,0,42,0.2917,0.1029,,,0,64.31672,-169.83788,39,0.3,9,NBS,0.3527596846074734,35.27596846074734,331.2736831875607,2.8347910592808554
0.33,333.6,2021,1506,125.87,41990.12,AKK-109,202102,CC-19,0.012580480403964,217375.6503875896,162,28,2,46.67,0,33,0.16,0.0618,,,0,64.31672,-169.83788,39,0.3,9,NBS,0.38625,38.625,325.8770226537217,2.588996763754045
0.33,328,2021,1506,117.32,38480.48,AKK-110,202102,CC-19,0.012580480403964,217375.6503875896,162,28,2,47.34,0,35,0.6405,0.2364,,,0,64.31672,-169.83788,39,0.3,9,NBS,0.3690866510538642,36.90866510538642,317.86573604060914,2.7093908629441623
0.38,376.7,2021,1506,143.45,54038.62,AKK-111,202102,CC-19,0.012580480403964,217375.6503875896,162,28,2,52.97,0,45,0.253,0.0992,,bitter,0,64.31672,-169.83788,39,0.3,9,NBS,0.392094861660079,39.2094861660079,365.8553427419355,2.5504032258064515
0.39,389.3,2021,1506,200.99,78243.74,AKK-112,202102,CC-19,0.012580480403964,217375.6503875896,162,28,2,46.29,0,28,0.3211,0.1394,,,0,64.31672,-169.83788,39,0.3,9,NBS,0.4341326689504827,43.41326689504827,462.96907460545196,2.303443328550933
0.31,314.2,2021,1506,15.23,4785.75,AKK-113,202102,CC-19,0.012580480403964,217375.6503875896,162,28,2,46.96,0,34,0.3114,0.0665,,,0,64.31672,-169.83788,39,0.3,9,NBS,0.21355170199100834,21.355170199100833,71.31762406015038,4.682706766917293
0.36,358,2021,1506,135.88,48646.54,AKK-114,202102,CC-19,0.012580480403964,217375.6503875896,162,28,2,48.03,0,37,0.4163,0.1486,,,0,64.31672,-169.83788,39,0.3,9,NBS,0.35695411962527024,35.695411962527025,380.6651682368775,2.801480484522207
0.66,658.5,2021,1506,89.9,59200.76,AKK-115,202102,DD-19,0.013149971562519,382212.8531688783,162,29,2,54.73,0,48,0.2261,0.0762,,,0,64.65693,-169.90694,47,0.3,9,NBS,0.3370190181335692,33.70190181335692,266.75052493438324,2.9671916010498687
0.44,435.1,2021,1506,105.13,45742.85,AKK-116,202102,DD-19,0.013149971562519,382212.8531688783,162,29,2,57.04,0,55,0.4027,0.1352,,,0,64.65693,-169.90694,47,0.3,9,NBS,0.3357337968711199,33.573379687111995,313.1349926035503,2.9785502958579886
0.36,359.3,2021,1506,142.58,51228.49,AKK-117,202102,DD-19,0.013149971562519,382212.8531688783,162,29,2,53.57,0,44,0.4747,0.1841,,,0,64.65693,-169.90694,47,0.3,9,NBS,0.3878238887718559,38.78238887718559,367.64109722976644,2.578489951113525
0.69,687.2,2021,1506,100.93,69361.05,AKK-118,202102,DD-19,0.013149971562519,382212.8531688783,162,29,1,59.35,9.82,70,0.5296,0.1738,,,0,64.65693,-169.90694,47,0.3,9,NBS,0.3281722054380665,32.817220543806656,307.5519447640966,3.0471806674338318
0.35,350.5,2021,1506,131.06,45937.41,AKK-119,202102,DD-19,0.013149971562519,382212.8531688783,162,29,1,50.79,7.9,49,0.28,0.1029,,,0,64.65693,-169.90694,47,0.3,9,NBS,0.3675,36.75,356.6258503401361,2.7210884353741496
0.39,387.6,2021,1506,102.3,39652.38,AKK-120,202102,DD-19,0.013149971562519,382212.8531688783,162,29,2,60.6,0,68,0.3998,0.1318,,,0,64.65693,-169.90694,47,0.3,9,NBS,0.32966483241620814,32.966483241620814,310.3151745068285,3.0333839150227617
0.4,399.4,2021,1506,94.86,37888.79,AKK-121,202102,DD-19,0.013149971562519,382212.8531688783,162,29,2,57.34,0,55,0.4469,0.1443,,,0,64.65693,-169.90694,47,0.3,9,NBS,0.3228910270754084,32.28910270754084,293.7833264033264,3.097020097020097
0.34,342.8,2021,1506,116.99,40105.76,AKK-122,202102,DD-19,0.013149971562519,382212.8531688783,162,29,2,53.65,0,49,0.2388,0.0883,,,0,64.65693,-169.90694,47,0.3,9,NBS,0.36976549413735343,36.97654941373534,316.38971687429216,2.7044167610419025
0.39,389.8,2021,1506,86.62,33766.25,AKK-123,202102,DD-19,0.013149971562519,382212.8531688783,162,29,2,50.47,0,41,0.1991,0.061,,,0,64.65693,-169.90694,47,0.3,9,NBS,0.3063787041687594,30.63787041687594,282.72200000000004,3.2639344262295085
0.36,364.2,2021,1506,65.76,23949.22,AKK-124,202102,DD-19,0.013149971562519,382212.8531688783,162,29,2,50.42,0,40,0.2381,0.0721,,,0,64.65693,-169.90694,47,0.3,9,NBS,0.3028139437211256,30.28139437211256,217.16305131761445,3.302357836338419
0.37,367.2,2021,1506,107.54,39488.15,AKK-125,202102,DD-19,0.013149971562519,382212.8531688783,162,29,2,49.69,0,37,0.4972,0.1734,,,0,64.65693,-169.90694,47,0.3,9,NBS,0.3487530168946098,34.87530168946098,308.3557554786621,2.867358708189158
0.41,407,2021,1506,44.82,18240.73,AKK-126,202102,DD-19,0.013149971562519,382212.8531688783,162,29,2,51.79,0,44,0.2087,0.0612,,,0,64.65693,-169.90694,47,0.3,9,NBS,0.29324389075227597,29.324389075227597,152.8420588235294,3.4101307189542482
0.43,433.2,2021,1506,43.81,18977.58,AKK-127,202102,DD-19,0.013149971562519,382212.8531688783,162,29,2,46.09,0,31,0.246,0.0723,,,0,64.65693,-169.90694,47,0.3,9,NBS,0.2939024390243903,29.39024390243903,149.06307053941907,3.4024896265560165
0.4,402.1,2021,1506,140.42,56463.53,AKK-128,202102,FF-18,0.012565926060732,9072.15269682712,162,33,2,51.19,0,49,0.3188,0.1182,,,0,65.2529,-168.94758,52,2.2,9,NBS,0.3707653701380176,37.076537013801754,378.73008460236883,2.6971235194585446
0.5,496.8,2021,1506,87.53,43485.5,AKK-129,202102,FF-18,0.012565926060732,9072.15269682712,162,33,1,58.62,9.91,73,0.2416,0.0764,,,0,65.2529,-168.94758,52,2.2,9,NBS,0.31622516556291386,31.622516556291387,276.79643979057596,3.1623036649214664
0.52,516,2021,1506,106.84,55131.23,AKK-130,202102,FF-18,0.012565926060732,9072.15269682712,162,33,1,58.55,9.64,76,0.3156,0.1095,,,0,65.2529,-168.94758,52,2.2,9,NBS,0.34695817490494296,34.6958174904943,307.9333698630137,2.8821917808219175
0.48,476.7,2021,1506,90.64,43206.55,AKK-131,202102,FF-18,0.012565926060732,9072.15269682712,162,33,1,52.75,8.6,60,0.4841,0.1505,,,0,65.2529,-168.94758,52,2.2,9,NBS,0.3108861805412105,31.08861805412105,291.5536478405316,3.216611295681063
0.27,270,2021,1506,85.92,23197.35,AKK-132,202102,FF-18,0.012565926060732,9072.15269682712,162,33,1,55.79,9.49,67,0.2719,0.0916,,,0,65.2529,-168.94758,52,2.2,9,NBS,0.336888561971313,33.6888561971313,255.0398253275109,2.9683406113537116
0.32,324,2021,1506,73.08,23679.18,AKK-133,202102,FF-18,0.012565926060732,9072.15269682712,162,33,1,58.73,9.44,74,0.3365,0.1006,,,0,65.2529,-168.94758,52,2.2,9,NBS,0.2989598811292719,29.895988112927192,244.44751491053677,3.3449304174950303
0.31,309.7,2021,1506,83.04,25715.97,AKK-134,202102,FF-18,0.012565926060732,9072.15269682712,162,33,1,56.56,8.92,69,0.3518,0.1115,,,0,65.2529,-168.94758,52,2.2,9,NBS,0.31694144400227403,31.694144400227405,262.0042331838565,3.155156950672646
0.34,335.1,2021,1506,82.1,27510.07,AKK-135,202102,FF-18,0.012565926060732,9072.15269682712,162,33,1,55.95,9.39,68,0.1495,0.0462,,,0,65.2529,-168.94758,52,2.2,9,NBS,0.30903010033444817,30.903010033444815,265.66991341991337,3.235930735930736
0.36,360,2021,1506,116.92,42092.89,AKK-136,202102,FF-18,0.012565926060732,9072.15269682712,162,33,1,58.66,8.39,74,0.3854,0.1387,,,0,65.2529,-168.94758,52,2.2,9,NBS,0.35988583290088216,35.988583290088215,324.8808074981976,2.778658976207643
0.35,345,2021,1506,104.39,36013.98,AKK-137,202102,FF-18,0.012565926060732,9072.15269682712,162,33,1,67.03,11.6,116,0.3206,0.1087,,,0,65.2529,-168.94758,52,2.2,9,NBS,0.3390517779164068,33.905177791640675,307.88807727690886,2.9494020239190433
0.32,323.9,2021,1506,117.51,38062.7,AKK-138,202102,FF-18,0.012565926060732,9072.15269682712,162,33,2,54.26,0,54,0.3016,0.1023,,,0,65.2529,-168.94758,52,2.2,9,NBS,0.33919098143236076,33.91909814323608,346.44199413489736,2.9481915933528833
0.56,564.8,2021,1506,81.8,46203.42,AKK-139,202102,FF-18,0.012565926060732,9072.15269682712,162,33,2,54.08,0,56,0.1026,0.0323,,,0,65.2529,-168.94758,52,2.2,9,NBS,0.3148148148148148,31.48148148148148,259.83529411764704,3.176470588235294
0.34,341.3,2021,1506,101.67,34699.57,AKK-140,202102,FF-18,0.012565926060732,9072.15269682712,162,33,2,51.93,0,44,0.1648,0.0547,,,0,65.2529,-168.94758,52,2.2,9,NBS,0.33191747572815533,33.19174757281553,306.3110786106033,3.0127970749542965
0.34,341.4,2021,1505,38.08,13001.37,VA-1,202101,N-20,0.0145007528107365,2827.4394119485437,94,104,1,73.57,14.42,164,0.313,0.0736,,,0,59.32582,-169.88594,61,3.1,3,EBS,0.23514376996805111,23.51437699680511,161.94347826086957,4.252717391304348
0.32,321.3,2021,1505,58.48,18789.97,VA-2,202101,N-20,0.0145007528107365,2827.4394119485437,94,104,1,80.83,16.55,200,0.3421,0.0835,,,1,59.32582,-169.88594,61,3.1,3,EBS,0.24408067816427945,24.408067816427945,239.5929101796407,4.097005988023952
0.33,330,2021,1506,28.46,9391.08,VA-3,202101,M-20,0.0137065999703787,15612.91643897647,94,105,1,84.45,13.96,212,0.3592,0.0853,,,0,58.99643,-169.83571,63,3.5,3,EBS,0.23747216035634744,23.747216035634743,119.84562719812428,4.211019929660024
0.34,337.5,2021,1506,35.66,12035.79,VA-4,202101,M-20,0.0137065999703787,15612.91643897647,94,105,1,87.83,16.69,238,0.3229,0.0782,,,0,58.99643,-169.83571,63,3.5,3,EBS,0.24218024156085474,24.218024156085473,147.24570332480818,4.129156010230179
0.37,371.4,2021,1505,133.3,49507.14,VA-5,202101,K-20,0.01297932976006425,7088.193435309142,94,107,1,93.36,18.15,288,0.3763,0.132,,,0,58.33916,-169.72913,69,3.1,3,EBS,0.35078394897688014,35.078394897688014,380.0059848484849,2.8507575757575756
0.33,329.2,2021,1505,72.94,24012.29,VA-6,202101,N-20,0.0145007528107365,2827.4394119485437,94,104,1,83.35,15.93,196,0.3024,0.0845,,,0,59.32582,-169.88594,61,3.1,3,EBS,0.279431216931217,27.943121693121697,261.03024852071,3.578698224852071
0.4,402.4,2021,1506,63.24,25447.52,VA-7,202101,M-20,0.0137065999703787,15612.91643897647,94,105,1,91.8,17.38,280,0.3198,0.0854,,,0,58.99643,-169.83571,63,3.5,3,EBS,0.26704190118824267,26.70419011882427,236.8167681498829,3.744730679156908
0.32,323.6,2021,1506,64.77,20958.66,VA-8,202101,M-20,0.0137065999703787,15612.91643897647,94,105,1,84.61,16.26,224,0.3391,0.0977,,,0,58.99643,-169.83571,63,3.5,3,EBS,0.2881156001179593,28.81156001179593,224.80559877175025,3.470829068577278
0.41,410.2,2021,1505,78.72,32290.6,VA-9,202101,L-21,0.013591330854816,7725.512764100944,94,128,1,85.79,15.29,226,0.3394,0.1021,,,0,58.662350000000004,-170.43126,74,3.1,3,EBS,0.30082498526812024,30.082498526812024,261.68039177277177,3.324191968658178
0.47,468.5,2021,1505,9.09,4257.14,VA-10,202101,N-20,0.0145007528107365,2827.4394119485437,94,104,1,78.88,15.53,188,0.3471,0.0632,,,0,59.32582,-169.88594,61,3.1,3,EBS,0.18208009219245175,18.208009219245174,49.92308544303797,5.492088607594937
0.43,428,2021,1506,42.16,18044.66,VA-11,202101,L-20,0.0131611532165982,21882.580900037585,94,106,1,91.8,18,294,0.3709,0.0954,,,0,58.66873,-169.78651,67,3.7,3,EBS,0.25721218657320033,25.721218657320033,163.91136268343814,3.8878406708595388
0.31,310.4,2021,1506,56.55,17553.9,VA-12,202101,L-20,0.0131611532165982,21882.580900037585,94,106,1,91.84,17.74,294,0.3177,0.0874,,,0,58.66873,-169.78651,67,3.7,3,EBS,0.2751022977651873,27.51022977651873,205.5598970251716,3.6350114416475967
0.43,426.1,2021,1505,74.27,31645.31,VA-13,202101,O-20,0.01471867465374735,5774.976483929491,94,103,1,73.35,13.76,146,0.3216,0.0918,,,0,59.6737,-169.91835,57,3.1,3,EBS,0.28544776119402987,28.544776119402986,260.18771241830063,3.5032679738562087
0.43,434.7,2021,1505,55.86,24282.52,VA-14,202101,K-20,0.01297932976006425,7088.193435309142,94,107,1,92.74,16.5,266,0.6096,0.1727,,,0,58.33916,-169.72913,69,3.1,3,EBS,0.2833005249343832,28.330052493438316,197.17577301679214,3.5298204979733647
0.35,345.2,2021,1506,59.86,20662.92,VA-15,202101,M-20,0.0137065999703787,15612.91643897647,94,105,1,87.73,17.03,246,0.3468,0.0938,,,0,58.99643,-169.83571,63,3.5,3,EBS,0.2704728950403691,27.047289504036907,221.31607675906184,3.697228144989339
0.32,321.1,2021,1506,33.98,10911.13,VA-16,202101,L-20,0.0131611532165982,21882.580900037585,94,106,1,95.31,17.71,304,0.3256,0.0758,,,0,58.66873,-169.78651,67,3.7,3,EBS,0.23280098280098283,23.280098280098283,145.96158311345644,4.295514511873351
0.32,322.4,2021,1505,92.33,29767.11,VA-17,202101,L-21,0.013591330854816,7725.512764100944,94,128,1,88.47,14.77,240,0.3352,0.1103,,,0,58.662350000000004,-170.43126,74,3.1,3,EBS,0.3290572792362768,32.90572792362768,280.5894469628287,3.038984587488667
0.31,307.5,2021,1505,49.83,15324.13,VA-18,202101,K-20,0.01297932976006425,7088.193435309142,94,107,1,94.32,18.32,270,0.2981,0.0965,,,0,58.33916,-169.72913,69,3.1,3,EBS,0.3237168735323717,32.37168735323717,153.93080829015543,3.0891191709844557
0.37,370.2,2021,1505,91.3,33797.99,VA-19,202101,L-21,0.013591330854816,7725.512764100944,94,128,1,88.85,17.43,258,0.3126,0.1076,,,0,58.662350000000004,-170.43126,74,3.1,3,EBS,0.34420985284708894,34.42098528470889,265.24516728624536,2.9052044609665426
0.3,304,2021,1505,66.64,20259.89,VA-20,202101,O-20,0.01471867465374735,5774.976483929491,94,103,1,72.15,12.9,134,0.3177,0.0928,,,0,59.6737,-169.91835,57,3.1,3,EBS,0.29209946490399746,29.209946490399748,228.1414655172414,3.4234913793103448
0.31,310.5,2021,1506,25.62,7956.39,VA-21,202101,L-20,0.0131611532165982,21882.580900037585,94,106,1,90.17,17.64,270,0.3175,0.0761,,,0,58.66873,-169.78651,67,3.7,3,EBS,0.23968503937007873,23.968503937007874,106.89027595269383,4.1721419185282524
0.36,355.4,2021,1505,98.26,34922.44,VA-22,202101,L-21,0.013591330854816,7725.512764100944,94,128,1,86.6,16.53,240,0.3107,0.1031,,,0,58.662350000000004,-170.43126,74,3.1,3,EBS,0.33183134856775026,33.18313485677503,296.11427740058195,3.013579049466537
0.39,389.4,2021,1506,64.3,25037.26,VA-23,202101,M-20,0.0137065999703787,15612.91643897647,94,105,1,88.71,16.85,248,0.3207,0.0898,,,0,58.99643,-169.83571,63,3.5,3,EBS,0.28001247271593394,28.001247271593392,229.63262806236077,3.5712694877505564
0.41,414.7,2021,1505,91.53,37957.81,VA-24,202101,K-20,0.01297932976006425,7088.193435309142,94,107,1,93.29,17.1,NA,0.3308,0.0975,,,0,58.33916,-169.72913,69,3.1,3,EBS,0.29474002418379686,29.474002418379687,310.54486153846153,3.3928205128205127
0.3,303.5,2021,1505,53.36,16195.91,VA-25,202101,L-20,0.0131611532165982,21882.580900037585,94,106,1,80.61,15.91,200,0.3315,0.0947,,,0,58.66873,-169.78651,67,3.7,3,EBS,0.2856711915535445,28.567119155354447,186.7881731784583,3.5005279831045404
0.25,250.6,2021,1506,81.99,20547.1,VA-26,202101,K-20,0.01297932976006425,7088.193435309142,94,107,1,94.23,19.12,318,0.1519,0.0455,,,0,58.33916,-169.72913,69,3.1,3,EBS,0.2995391705069124,29.953917050691242,273.72046153846156,3.3384615384615386
0.36,355.8,2021,1505,74.72,26585.15,VA-27,202101,K-20,0.01297932976006425,7088.193435309142,94,107,1,91.12,18.11,NA,0.3485,0.1121,,,0,58.33916,-169.72913,69,3.1,3,EBS,0.3216642754662841,32.16642754662841,232.29188224799282,3.108831400535236
0.4,400.1,2021,1505,199.7,79899.23,VA-28,202101,HG2019,0.0133272220047582,2251.0317596037,94,113,1,86.41,15.7,220,0.3406,0.1465,,,0,57.17713,-169.31361,73,4.1,2,EBS,0.4301233118027011,43.01233118027011,464.28546075085325,2.324914675767918
0.38,375.8,2021,1505,52.02,19547.51,VA-29,202101,L-20,0.0131611532165982,21882.580900037585,94,106,1,91.6,17.72,284,0.3448,0.0859,,,0,58.66873,-169.78651,67,3.7,3,EBS,0.24912993039443157,24.91299303944316,208.80670547147847,4.013969732246799
0.36,361.1,2021,1505,25,9027.64,VA-30,202101,N-20,0.0145007528107365,2827.4394119485437,94,104,1,86.27,15.7,206,0.3154,0.0739,,,0,59.32582,-169.88594,61,3.1,3,EBS,0.2343056436271401,23.43056436271401,106.6982408660352,4.2679296346414075
0.38,376,2021,1506,19.46,7315.47,VA-31,202101,C-07,0.0143957253812526,69.46506504648174,94,42,1,89.65,15.65,270,0.3161,0.0659,,,0,55.71306,-163.98506,93,3.5,NA,NA,0.2084783296425182,20.84783296425182,93.34303490136571,4.796661608497724
0.42,418,2021,1505,60.31,25209.89,VA-32,202101,S-23,0.0141766848480378,1269.690353770641,94,137,1,93.86,16.29,NA,0.3066,0.0729,,,0,61.00118,-172.13922,64,1.7,4,EBS,0.2377690802348337,23.77690802348337,253.6494650205761,4.205761316872428
0.32,322.2,2021,1506,106.86,34428.82,VA-33,202101,M-21,0.01310937946425855,23265.784687334202,94,129,1,83.67,17.06,236,0.3166,0.1074,,,1,58.98934,-170.47748,72,2.8,3,EBS,0.3392293114339861,33.92293114339861,315.008156424581,2.9478584729981376
0.34,342,2021,1506,106.63,36466.86,VA-34,202101,M-21,0.01310937946425855,23265.784687334202,94,129,1,86.17,16.5,214,0.3256,0.1165,,,0,58.98934,-170.47748,72,2.8,3,EBS,0.3578009828009828,35.78009828009828,298.0148326180257,2.794849785407725
0.4,401.9,2021,1505,71.63,28787.03,VA-35,202101,S-22,0.015047540709927,3588.626277274379,94,136,1,84.31,15.32,NA,0.3097,0.0773,,,0,60.97536,-171.49696,61,1.7,4,EBS,0.24959638359702938,24.959638359702936,286.98332470892626,4.00646830530401
0.34,342.1,2021,1505,92.18,31536.18,VA-36,202101,L-21,0.013591330854816,7725.512764100944,94,128,1,85.02,16.03,238,0.2986,0.0933,,,0,58.662350000000004,-170.43126,74,3.1,3,EBS,0.31245813797722705,31.245813797722704,295.0155198285102,3.20042872454448
0.46,456.8,2021,1506,133.92,61175.53,VA-37,202101,J-23,0.0148162613501859,6276.8871176015755,94,150,1,87.9,15.27,248,0.3821,0.137,,,0,58.00583,-171.59305,98,3.3,2,EBS,0.3585448835383408,35.85448835383408,373.5097226277371,2.7890510948905107
0.37,368.3,2021,1505,44.18,16271.48,VA-38,202101,Q-22,0.01429758415034235,29010.0268435957,94,134,1,88.7,17.99,266,0.4644,0.1218,,,1,60.33417,-171.33298,67,2.3,4,EBS,0.26227390180878557,26.227390180878558,168.44985221674875,3.8128078817733986
0.41,408.7,2021,1505,35.53,14522.7,VA-39,202101,PO2524,0.01035953748238365,23553.175073203893,94,142,1,89.76,16.4,276,0.4337,0.0938,,,0,59.83505,-172.90544,79,2,4,EBS,0.21627853354853585,21.627853354853585,164.27890191897654,4.6236673773987205
0.34,342.8,2021,1505,60.06,20587.48,VA-40,202101,S-22,0.015047540709927,3588.626277274379,94,136,1,78.81,14.72,NA,0.3247,0.093,,,0,60.97536,-171.49696,61,1.7,4,EBS,0.2864182322143517,28.64182322143517,209.6933548387097,3.4913978494623654
0.31,309.7,2021,1505,10.54,3264.59,VA-41,202101,S-23,0.0141766848480378,1269.690353770641,94,137,1,70.37,13.38,144,0.3434,0.0635,,,0,61.00118,-172.13922,64,1.7,4,EBS,0.18491555037856727,18.491555037856727,56.998992125984245,5.407874015748031
0.48,484.7,2021,1505,27.09,13128.83,VA-42,202101,Q-22,0.01429758415034235,29010.0268435957,94,134,1,87.42,16.62,232,0.3132,0.0737,,,0,60.33417,-171.33298,67,2.3,4,EBS,0.2353128991060026,23.531289910600258,115.1233107191316,4.24966078697422
0.34,341,2021,1506,104.7,35701.4,VA-43,202101,M-21,0.01310937946425855,23265.784687334202,94,129,1,81.27,15.67,206,0.3232,0.1106,,,0,58.98934,-170.47748,72,2.8,3,EBS,0.34220297029702973,34.22029702970298,305.95877034358045,2.9222423146473777
0.37,368.7,2021,1506,26.1,9623.19,VA-44,202101,PO2524,0.01035953748238365,23553.175073203893,94,142,1,93.03,17.04,286,0.315,0.0734,,,0,59.83505,-172.90544,79,2,4,EBS,0.23301587301587304,23.301587301587304,112.00953678474114,4.291553133514986
0.39,386.1,2021,1506,18.32,7072.95,VA-45,202101,PO2524,0.01035953748238365,23553.175073203893,94,142,1,87.4,15.79,262,0.307,0.0689,,,0,59.83505,-172.90544,79,2,4,EBS,0.22442996742671012,22.442996742671014,81.62902757619739,4.455732946298983
0.37,369.1,2021,1505,81.31,30011.6,VA-46,202101,L-21,0.013591330854816,7725.512764100944,94,128,1,86.96,15.03,238,0.325,0.0944,,,0,58.662350000000004,-170.43126,74,3.1,3,EBS,0.29046153846153844,29.046153846153842,279.9337923728814,3.442796610169492
0.3,303.4,2021,1506,73.7,22359.24,VA-47,202101,M-21,0.01310937946425855,23265.784687334202,94,129,1,82.07,16.3,206,0.3572,0.107,,,0,58.98934,-170.47748,72,2.8,3,EBS,0.29955207166853304,29.955207166853302,246.03401869158878,3.338317757009346
0.35,350.6,2021,1505,18.08,6340.24,VA-48,202101,PO2524,0.01035953748238365,23553.175073203893,94,142,1,88.1,16.61,264,0.3135,0.0659,,,0,59.83505,-172.90544,79,2,4,EBS,0.210207336523126,21.0207336523126,86.01031866464339,4.757207890743551
0.24,235.8,2021,1506,30.62,7220.14,VA-49,202101,PO2524,0.01035953748238365,23553.175073203893,94,142,1,92.21,18.07,292,0.6137,0.1331,,,0,59.83505,-172.90544,79,2,4,EBS,0.21688121231872248,21.68812123187225,141.18327573253194,4.610818933132983
0.47,474.4,2021,1506,35.63,16903.35,VA-50,202101,Q-22,0.01429758415034235,29010.0268435957,94,134,1,90.79,16.76,250,0.3106,0.0816,,,0,60.33417,-171.33298,67,2.3,4,EBS,0.26271732131358666,26.271732131358664,135.6210539215686,3.806372549019607
0.39,388.9,2021,1505,22.25,8653.44,VA-51,202101,Q-22,0.01429758415034235,29010.0268435957,94,134,1,88.37,15.95,228,0.3161,0.0765,,,0,60.33417,-171.33298,67,2.3,4,EBS,0.24201202151217968,24.201202151217966,91.93758169934641,4.132026143790849
0.48,477.4,2021,1505,90.7,43298.85,VA-52,202101,P-21,0.0147210003748203,4483.39095982162,94,132,1,82.81,14.45,NA,0.3047,0.0924,,,0,59.99164,-170.63108,65,3.3,4,EBS,0.30324909747292417,30.324909747292416,299.09404761904767,3.297619047619048
0.44,441.2,2021,1505,41,18091.23,VA-53,202101,Q-22,0.01429758415034235,29010.0268435957,94,134,1,90.04,17.33,258,0.3293,0.0866,,,0,60.33417,-171.33298,67,2.3,4,EBS,0.26298208320680233,26.29820832068023,155.9041570438799,3.802540415704388
0.35,354.1,2021,1505,32.87,11639.78,VA-54,202101,Q-22,0.01429758415034235,29010.0268435957,94,134,1,88.46,16.53,242,0.3961,0.0913,,,0,60.33417,-171.33298,67,2.3,4,EBS,0.230497349154254,23.0497349154254,142.60467688937567,4.338444687842278
0.33,334.7,2021,1505,106.05,35494.03,VA-55,202101,P-21,0.0147210003748203,4483.39095982162,94,132,1,85.5,15.44,NA,0.3342,0.1081,,,0,59.99164,-170.63108,65,3.3,4,EBS,0.3234590065828845,32.34590065828845,327.86225716928766,3.091581868640148
0.34,337.6,2021,1506,85.88,28991.43,VA-56,202101,M-21,0.01310937946425855,23265.784687334202,94,129,1,86.1,16.52,242,0.3192,0.1002,,,0,58.98934,-170.47748,72,2.8,3,EBS,0.31390977443609025,31.390977443609025,273.5817964071856,3.18562874251497
0.41,408.7,2021,1505,99.85,40807.05,VA-57,202101,P-21,0.0147210003748203,4483.39095982162,94,132,1,81.6,14.66,198,0.3348,0.1169,,,0,59.99164,-170.63108,65,3.3,4,EBS,0.3491636798088411,34.91636798088411,285.9690333618477,2.8639863130881094
0.39,386.2,2021,1505,59.6,23017.15,VA-58,202101,R-23,0.0139672195099437,1933.0977064388412,94,138,1,89.9,16.71,NA,0.308,0.0609,,,0,60.68044,-172.11475,61,1.9,4,EBS,0.19772727272727275,19.772727272727273,301.4252873563218,5.057471264367816
0.48,475.3,2021,1505,80.36,38193.33,VA-59,202101,P-21,0.0147210003748203,4483.39095982162,94,132,1,85.27,14.66,NA,0.3338,0.107,,,0,59.99164,-170.63108,65,3.3,4,EBS,0.32055122828040744,32.055122828040744,250.69315887850468,3.119626168224299
0.35,352.7,2021,1506,90.67,31980.72,VA-60,202101,M-21,0.01310937946425855,23265.784687334202,94,129,1,88.17,17.31,252,0.3325,0.101,,,0,58.98934,-170.47748,72,2.8,3,EBS,0.3037593984962406,30.37593984962406,298.4928217821782,3.292079207920792
0.4,404.9,2021,1505,96.38,39026.11,VA-61,202101,M-25,0.014457343432455,1106.7040134138283,94,165,1,95.84,17.7,NA,0.3344,0.1133,,,0,58.98877,-173.07986,107,2.7,5,EBS,0.33881578947368424,33.881578947368425,284.4613592233009,2.9514563106796117
0.41,406.7,2021,1505,201.87,82100.33,VA-62,202101,S-28,0.0143244504999915,12007.441402384131,94,174,1,76.9,14.61,184,0.3428,0.1536,,,0,61.00998,-175.54969,102,1.5,5,EBS,0.4480746791131855,44.80746791131855,450.52757812500005,2.2317708333333335
0.38,384.2,2021,1505,98.1,37688.87,VA-63,202101,S-28,0.0143244504999915,12007.441402384131,94,174,1,94.07,18.2,286,0.3226,0.1085,,,0,61.00998,-175.54969,102,1.5,5,EBS,0.33632982021078733,33.63298202107873,291.6779723502304,2.973271889400922
0.31,311.4,2021,1505,14.8,4609.59,VA-64,202101,N-26,0.0149145113304957,268.1951765875963,94,167,2,58.17,0,62,0.4553,0.0923,,,0,59.32609,-173.80514,111,2.6,5,EBS,0.2027234790248188,20.27234790248188,73.00585048754063,4.932827735644637
0.31,307.9,2021,1505,35.67,10983.02,VA-65,202101,R-27,0.01460712459271725,17183.39556884059,94,172,1,80.97,15.04,216,0.3321,0.0699,,,0,60.6563,-174.82539,98,1.8,4,EBS,0.2104787714543812,21.04787714543812,169.47077253218885,4.75107296137339
0.35,351,2021,1505,90.58,31792.58,VA-66,202101,S-28,0.0143244504999915,12007.441402384131,94,174,1,91.41,16.21,262,0.3013,0.0923,,,0,61.00998,-175.54969,102,1.5,5,EBS,0.3063391968138068,30.63391968138068,295.68530877573136,3.2643553629469126
0.41,414.6,2021,1505,79.62,33012.11,VA-67,202101,S-27,0.0138148309880724,13101.86133701337,94,173,1,87.1,16.7,244,0.3173,0.0917,,,0,60.98117,-174.87678,92,1.7,4,EBS,0.28900094547746613,28.900094547746612,275.5008287895311,3.4601962922573613
0.4,403.5,2021,1505,180.03,72641.59,VA-68,202101,I-23,0.0161050665196872,2607.874978265892,94,151,1,90.42,17.36,NA,0.4018,0.1666,,,0,57.6774,-171.52829,99,3.6,2,EBS,0.4146341463414634,41.46341463414634,434.19,2.411764705882353
0.36,358.3,2021,1505,114.08,40874.65,VA-69,202101,S-27,0.0138148309880724,13101.86133701337,94,173,1,88.44,16.01,228,0.3081,0.1059,,,0,60.98117,-174.87678,92,1.7,4,EBS,0.34371957156767285,34.37195715676729,331.8984702549575,2.909348441926346
0.38,384.8,2021,1505,197.76,76099.7,VA-70,202101,I-23,0.0161050665196872,2607.874978265892,94,151,1,82.59,15.09,218,0.3182,0.1455,,,0,57.6774,-171.52829,99,3.6,2,EBS,0.4572595851665619,45.72595851665619,432.48956701030926,2.186941580756014
0.44,437.1,2021,1505,123.02,53772.85,VA-71,202101,I-23,0.0161050665196872,2607.874978265892,94,151,1,92.65,17.76,NA,0.4269,0.1574,,,0,57.6774,-171.52829,99,3.6,2,EBS,0.36870461466385573,36.87046146638557,333.654625158831,2.7121982210927573
0.31,314.7,2021,1505,40.54,12756.81,VA-72,202101,S-27,0.0138148309880724,13101.86133701337,94,173,1,88.1,15.11,248,0.3653,0.0813,,,0,60.98117,-174.87678,92,1.7,4,EBS,0.222556802627977,22.2556802627977,182.15574415744157,4.493234932349324
0.48,482.2,2021,1505,200.6,96727.04,VA-73,202101,J-23,0.0148162613501859,6276.8871176015755,94,150,1,88.57,16.62,264,0.3374,0.1483,,,0,58.00583,-171.59305,98,3.3,2,EBS,0.43953764078245405,43.953764078245406,456.3886716115981,2.275118004045853
0.31,313,2021,1505,255.74,80045.34,VA-74,202101,Q-28,0.01431919816639125,9846.920083202891,94,176,1,86.91,16.81,NA,0.39,0.1915,,,0,60.33854,-175.38804,111,2,5,EBS,0.491025641025641,49.1025641025641,520.8281984334204,2.0365535248041775
0.35,354.9,2021,1505,123.83,43947.49,VA-75,202101,S-28,0.0143244504999915,12007.441402384131,94,174,1,88.57,17.21,NA,0.3302,0.1075,,,0,61.00998,-175.54969,102,1.5,5,EBS,0.3255602665051484,32.55602665051484,380.3596837209302,3.0716279069767443
0.36,357.4,2021,1505,172.44,61629.08,VA-76,202101,I-23,0.0161050665196872,2607.874978265892,94,151,1,84.43,14.19,NA,0.3592,0.1469,,,0,57.6774,-171.52829,99,3.6,2,EBS,0.40896436525612473,40.89643652561247,421.65042886317224,2.445200816882233
0.43,425.2,2021,1505,58.42,24841.01,VA-77,202101,R-28,0.01512279267043545,4033.646518162809,94,175,1,88.19,17.38,272,0.3324,0.0777,,,0,60.68122,-175.45864,107,1.7,5,EBS,0.2337545126353791,23.37545126353791,249.92030888030882,4.277992277992277
0.56,557.3,2021,1505,181.84,101337.88,VA-78,202101,J-23,0.0148162613501859,6276.8871176015755,94,150,1,82.17,15.3,NA,0.3338,0.1519,,,0,58.00583,-171.59305,98,3.3,2,EBS,0.4550629119233074,45.506291192330735,399.59310072416065,2.1974983541803814
0.42,417.3,2021,1505,59.84,24970.84,VA-79,202101,S-27,0.0138148309880724,13101.86133701337,94,173,1,85.24,16.81,256,0.3229,0.0848,,,0,60.98117,-174.87678,92,1.7,4,EBS,0.26262000619386805,26.262000619386804,227.85773584905664,3.8077830188679247
0.39,393.4,2021,1505,82.71,32536.97,VA-80,202101,S-27,0.0138148309880724,13101.86133701337,94,173,1,95.27,17.11,288,0.3534,0.1063,,,0,60.98117,-174.87678,92,1.7,4,EBS,0.30079230333899265,30.079230333899265,274.97379115710254,3.324553151458137
0.48,477.8,2021,1505,151.16,72225.66,VA-81,202101,I-23,0.0161050665196872,2607.874978265892,94,151,1,93.23,16.84,NA,0.3314,0.1285,,,0,57.6774,-171.52829,99,3.6,2,EBS,0.38774894387447195,38.7748943874472,389.8398754863813,2.5789883268482487
0.31,313.4,2021,1506,162.34,50876.63,VA-82,202101,F-24,0.0080819900610075,1361.0509190144612,94,153,1,91.89,NA,336,0.3115,0.1141,,,NA,56.6693,-171.95965,126,4.1,6,EBS,0.36629213483146067,36.62921348314607,443.19815950920247,2.7300613496932518
0.34,335.6,2021,1506,209.85,70424.41,VA-83,202101,Q-27,0.01437836162994,482359.6838431265,94,171,1,82.86,14.37,NA,0.3548,0.1631,,,0,60.31753,-174.70464,103,1.9,5,EBS,0.459695603156708,45.9695603156708,456.49773145309626,2.175352544451257
0.37,371.1,2021,1506,258.49,95925.77,VA-84,202101,J-23,0.0148162613501859,6276.8871176015755,94,150,1,88.2,16,262,0.3618,0.1701,,,0,58.00583,-171.59305,98,3.3,2,EBS,0.47014925373134325,47.014925373134325,549.804126984127,2.126984126984127
0.32,322.1,2021,1505,238.35,76771.23,VA-85,202101,J-23,0.0148162613501859,6276.8871176015755,94,150,1,96.1,19.31,NA,0.451,0.21,,,0,58.00583,-171.59305,98,3.3,2,EBS,0.46563192904656314,46.56319290465631,511.88500000000005,2.1476190476190475
0.36,361.3,2021,1505,77.5,27999.36,VA-86,202101,S-27,0.0138148309880724,13101.86133701337,94,173,1,94.41,17.11,302,0.3228,0.0959,,,0,60.98117,-174.87678,92,1.7,4,EBS,0.29708798017348204,29.708798017348204,260.86548488008344,3.3660062565172053
0.35,348.8,2021,1506,230.04,80238.82,VA-87,202101,Q-27,0.01437836162994,482359.6838431265,94,171,1,83.53,15.69,228,0.3709,0.1692,,,0,60.31753,-174.70464,103,1.9,5,EBS,0.45618765165812886,45.61876516581289,504.266170212766,2.192080378250591
0.35,353.5,2021,1506,227.5,80422.48,VA-88,202101,J-23,0.0148162613501859,6276.8871176015755,94,150,1,90.11,17.72,270,0.2452,0.1175,,,0,58.00583,-171.59305,98,3.3,2,EBS,0.4792006525285481,47.92006525285481,474.7489361702128,2.086808510638298
0.21,211,2021,1505,162,34181.95,VA-89,202101,F-24,0.0080819900610075,1361.0509190144612,94,153,1,92.21,NA,284,0.2657,0.1092,,,NA,56.6693,-171.95965,126,4.1,6,EBS,0.41098983816334217,41.09898381633422,394.17032967032964,2.433150183150183
0.45,451,2021,1505,53.4,24083.12,VA-90,202101,R-28,0.01512279267043545,4033.646518162809,94,175,1,93.37,17.21,306,0.3059,0.0772,,,0,60.68122,-175.45864,107,1.7,5,EBS,0.2523700555737169,25.23700555737169,211.5940414507772,3.9624352331606216
0.36,363.8,2021,1505,271.59,98805.88,VA-91,202101,S-29,0.0140027161303062,6855.812765655255,94,188,1,92.83,16.83,NA,0.3409,0.1576,,,0,60.97676,-176.26886,113,1.6,5,EBS,0.46230566148430624,46.230566148430626,587.4684708121827,2.1630710659898478
0.33,330.3,2021,1506,261.39,86337.84,VA-92,202101,R-30,0.015826343849514,8909.196043047546,94,186,1,78.6,15.11,204,0.3191,0.155,,,0,60.65664,-176.79445,129,1.9,5,EBS,0.4857411469758696,48.574114697586964,538.1261225806452,2.0587096774193547
0.39,388.2,2021,1505,263.75,102387.8,VA-93,202101,Q-28,0.01431919816639125,9846.920083202891,94,176,1,82.22,17.61,264,0.4036,0.201,,,1,60.33854,-175.38804,111,2,5,EBS,0.49801783944499506,49.801783944499505,529.5995024875622,2.007960199004975
0.39,385.6,2021,1506,245.28,94581.13,VA-94,202101,P-28,0.0137356474306392,7644.342979114581,94,177,1,89.92,17,282,0.3921,0.2008,,,0,60.01147,-175.26673,117,2.3,5,EBS,0.5121142565672022,51.21142565672022,478.9556175298805,1.9526892430278884
0.4,403.3,2021,1505,187.64,75673.93,VA-95,202101,Q-28,0.01431919816639125,9846.920083202891,94,176,1,81.11,15.3,200,0.3631,0.1609,,,0,60.33854,-175.38804,111,2,5,EBS,0.44312861470669235,44.31286147066923,423.44365444375387,2.256681168427595
0.46,457.9,2021,1505,175.38,80307.88,VA-96,202101,Q-28,0.01431919816639125,9846.920083202891,94,176,1,75.9,13.51,166,0.3262,0.1429,,,0,60.33854,-175.38804,111,2,5,EBS,0.43807480073574495,43.807480073574496,400.342589223233,2.2827151854443666
0.44,436.1,2021,1506,229.16,99937.71,VA-97,202101,P-28,0.0137356474306392,7644.342979114581,94,177,1,83.86,15.96,NA,0.3337,0.158,,,0,60.01147,-175.26673,117,2.3,5,EBS,0.47347917290979924,47.34791729097992,483.99172151898733,2.1120253164556964
0.38,380,2021,1505,93.68,35600.15,VA-98,202101,T-28,0.0116611986968532,7632.148487789411,94,189,1,93.11,16.4,280,0.3874,0.1112,,,0,61.34088,-175.72779,98,1.5,4,EBS,0.28704181724315947,28.704181724315948,326.3635971223022,3.483812949640288
0.32,320.2,2021,1506,224.37,71841.99,VA-99,202101,R-30,0.015826343849514,8909.196043047546,94,186,1,91.37,17.9,308,0.3195,0.137,,,0,60.65664,-176.79445,129,1.9,5,EBS,0.4287949921752739,42.87949921752739,523.2570437956205,2.3321167883211675
0.41,407.2,2021,1505,92.63,37718.53,VA-100,202101,T-28,0.0116611986968532,7632.148487789411,94,189,1,81.47,14.71,198,0.3013,0.0957,,,0,61.34088,-175.72779,98,1.5,4,EBS,0.31762363093262524,31.762363093262525,291.6344723092999,3.1483803552769074
0.32,323.3,2021,1505,101.41,32786.93,VA-101,202101,U-27,0.015346038860724,21438.757127223795,94,191,1,86.61,16.78,208,0.3379,0.1005,,,0,61.65579,-175.08604,85,0.3,4,EBS,0.2974252737496301,29.74252737496301,340.9595920398009,3.3621890547263678
0.53,527.9,2021,1505,92.96,49075.65,VA-102,202101,T-28,0.0116611986968532,7632.148487789411,94,189,1,92.31,17.6,276,0.3199,0.1036,,,0,61.34088,-175.72779,98,1.5,4,EBS,0.3238512035010941,32.38512035010941,287.0454054054054,3.087837837837838
0.36,363.6,2021,1505,94.39,34321.38,VA-103,202101,U-27,0.015346038860724,21438.757127223795,94,191,1,90.77,18.45,302,0.3526,0.1085,,,1,61.65579,-175.08604,85,0.3,4,EBS,0.30771412365286444,30.771412365286444,306.74575115207375,3.2497695852534565
0.37,367.3,2021,1506,89.5,32875.02,VA-104,202101,T-27,0.01418279609780715,5922.6685218288885,94,190,1,87.91,15.98,NA,0.3207,0.0838,,,0,61.3181,-175.00914,87,1.2,4,EBS,0.261303398815092,26.1303398815092,342.513723150358,3.8269689737470167
0.38,384.7,2021,1505,257.69,99134.56,VA-105,202101,R-29,0.014630001326325,29746.57351649869,94,187,1,91.25,17.83,NA,0.3431,0.1662,,,0,60.66565,-176.20071,119,1.9,5,EBS,0.48440687846109,48.440687846109,531.9701504211794,2.064380264741276
0.38,384.1,2021,1505,265.49,101975.61,VA-106,202101,S-29,0.0140027161303062,6855.812765655255,94,188,1,86.66,16.5,NA,0.3077,0.1511,,,0,60.97676,-176.26886,113,1.6,5,EBS,0.49106272343191426,49.10627234319143,540.6437657180675,2.036399735274652
0.38,381,2021,1505,212.87,81104.27,VA-107,202101,R-29,0.014630001326325,29746.57351649869,94,187,1,81.06,15.14,216,0.449,0.2016,,,0,60.66565,-176.20071,119,1.9,5,EBS,0.4489977728285078,44.89977728285078,474.10034722222224,2.2271825396825395
0.33,328.6,2021,1505,267.08,87764.11,VA-108,202101,Q-28,0.01431919816639125,9846.920083202891,94,176,1,85.87,18.34,294,0.3819,0.1929,,,1,60.33854,-175.38804,111,2,5,EBS,0.5051060487038491,50.51060487038491,528.7602488335925,1.979782270606532
0.32,323.6,2021,1506,53.07,17172.18,VA-109,202101,T-27,0.01418279609780715,5922.6685218288885,94,190,1,80.31,13.91,190,0.3291,0.0851,,,0,61.3181,-175.00914,87,1.2,4,EBS,0.2585840170161045,25.85840170161045,205.23310223266748,3.867215041128085
0.38,376,2021,1506,125.77,47288.29,VA-110,202101,T-28,0.0116611986968532,7632.148487789411,94,189,1,82.01,15.97,202,0.322,0.1045,,,0,61.34088,-175.72779,98,1.5,4,EBS,0.3245341614906832,32.45341614906832,387.5400956937799,3.0813397129186604
0.34,341.7,2021,1506,87.27,29819.51,VA-111,202101,T-27,0.01418279609780715,5922.6685218288885,94,190,1,94.01,16.45,NA,0.3635,0.1059,,,0,61.3181,-175.00914,87,1.2,4,EBS,0.29133425034387894,29.133425034387894,299.5528328611898,3.432483474976393
0.43,432.6,2021,1505,153.22,66280.95,VA-112,202101,T-28,0.0116611986968532,7632.148487789411,94,189,1,93.18,18.11,298,0.301,0.1106,,,0,61.34088,-175.72779,98,1.5,4,EBS,0.3674418604651163,36.74418604651163,416.9911392405063,2.721518987341772
0.32,315.5,2021,1505,93.25,29420.24,VA-113,202101,U-27,0.015346038860724,21438.757127223795,94,191,1,94.88,17.64,320,0.4638,0.134,,,0,61.65579,-175.08604,85,0.3,4,EBS,0.2889176369124623,28.89176369124623,322.75634328358205,3.461194029850746
0.38,384.5,2021,1505,245.09,94238.4,VA-114,202101,P-28,0.0137356474306392,7644.342979114581,94,177,1,94.06,17.01,NA,0.3198,0.1583,,,0,60.01147,-175.26673,117,2.3,5,EBS,0.49499687304565354,49.499687304565356,495.13444093493365,2.020214782059381
0.32,315.2,2021,1506,99.32,31306.53,VA-115,202101,T-28,0.0116611986968532,7632.148487789411,94,189,1,90.57,17.67,278,0.327,0.0954,,,0,61.34088,-175.72779,98,1.5,4,EBS,0.291743119266055,29.1743119266055,340.4364779874214,3.427672955974843
0.41,405,2021,1505,183.9,74480.5,VA-116,202101,R-29,0.014630001326325,29746.57351649869,94,187,1,70.75,12.94,138,0.3835,0.167,,,0,60.66565,-176.20071,119,1.9,5,EBS,0.43546284224250326,43.54628422425033,422.3092814371258,2.2964071856287425
0.33,326.6,2021,1505,78.33,25583.18,VA-117,202101,T-27,0.01418279609780715,5922.6685218288885,94,190,1,86.54,16.34,NA,0.3614,0.1054,,,0,61.3181,-175.00914,87,1.2,4,EBS,0.2916436081903708,29.16436081903708,268.5812333965844,3.4288425047438333
0.32,317.3,2021,1505,108.59,34455.41,VA-118,202101,T-27,0.01418279609780715,5922.6685218288885,94,190,1,92.79,15.82,NA,0.3534,0.1145,,,0,61.3181,-175.00914,87,1.2,4,EBS,0.3239954725523486,32.399547255234864,335.1590043668122,3.0864628820960696
0.36,363.3,2021,1506,74.55,27085.26,VA-119,202101,T-27,0.01418279609780715,5922.6685218288885,94,190,1,89.61,17.97,300,0.3643,0.0975,,,0,61.3181,-175.00914,87,1.2,4,EBS,0.26763656327202856,26.763656327202856,278.5493846153846,3.7364102564102564
0.31,313.8,2021,1505,192.15,60295.87,VA-120,202101,Q-28,0.01431919816639125,9846.920083202891,94,176,1,92.31,13,290,0.3282,0.1395,,,0,60.33854,-175.38804,111,2,5,EBS,0.42504570383912255,42.50457038391225,452.06903225806445,2.3526881720430106
0.33,331.8,2021,1505,62.08,20598.62,VA-121,202101,U-26,0.01413347868244125,11249.884304671143,94,192,1,88.64,15.22,256,0.3135,0.0745,,,0,61.66716,-174.47995,77,-0.2,4,EBS,0.2376395534290271,23.763955342902708,261.23597315436245,4.208053691275168
0.38,375.4,2021,1505,112.56,42256.58,VA-122,202101,V-26,0.0143457350607549,22236.57405138316,94,193,2,51.91,0,52,0.3085,0.0999,,,0,62.01599,-174.49611,73,-0.6,4,EBS,0.3238249594813614,32.38249594813614,347.59519519519523,3.088088088088088
0.45,445.6,2021,1506,112.43,50100.82,VA-123,202101,V-26,0.0143457350607549,22236.57405138316,94,193,2,56.09,0,58,0.345,0.1158,,,0,62.01599,-174.49611,73,-0.6,4,EBS,0.33565217391304353,33.56521739130435,334.95984455958546,2.9792746113989637
0.34,341.8,2021,1505,110.12,37637.56,VA-124,202101,V-26,0.0143457350607549,22236.57405138316,94,193,2,53.58,0,48,0.3188,0.1041,,,0,62.01599,-174.49611,73,-0.6,4,EBS,0.3265370138017566,32.65370138017566,337.23588856868395,3.062439961575408
0.33,327.7,2021,1505,169.84,55656.84,VA-125,202101,V-26,0.0143457350607549,22236.57405138316,94,193,2,52.48,0,48,0.3101,0.1183,,,0,62.01599,-174.49611,73,-0.6,4,EBS,0.381489841986456,38.1489841986456,445.2018934911242,2.621301775147929
0.33,325.6,2021,1506,99.85,32510.44,VA-126,202101,V-26,0.0143457350607549,22236.57405138316,94,193,2,49.59,0,44,0.3548,0.109,,,0,62.01599,-174.49611,73,-0.6,4,EBS,0.30721533258173617,30.721533258173615,325.01633027522934,3.255045871559633
0.35,345.2,2021,1505,115.42,39843.66,VA-127,202101,V-26,0.0143457350607549,22236.57405138316,94,193,2,51.43,0,48,0.3226,0.1363,,,0,62.01599,-174.49611,73,-0.6,4,EBS,0.42250464972101676,42.250464972101675,273.18042553191486,2.366837857666911
0.33,325.5,2021,1505,110.09,35835.32,VA-128,202101,V-26,0.0143457350607549,22236.57405138316,94,193,2,49.26,0,44,0.332,0.0959,,,0,62.01599,-174.49611,73,-0.6,4,EBS,0.288855421686747,28.8855421686747,381.12492179353495,3.461939520333681
0.41,413.3,2021,1505,69.7,28805.1,VA-129,202101,U-26,0.01413347868244125,11249.884304671143,94,192,1,88.35,15.62,234,0.3495,0.087,,,0,61.66716,-174.47995,77,-0.2,4,EBS,0.24892703862660945,24.892703862660944,280.00172413793103,4.017241379310345
0.33,325.6,2021,1506,93.87,30564.69,VA-130,202101,V-26,0.0143457350607549,22236.57405138316,94,193,2,46.84,0,36,0.3208,0.095,,,0,62.01599,-174.49611,73,-0.6,4,EBS,0.2961346633416459,29.61346633416459,316.98416842105263,3.3768421052631576
0.29,285.2,2021,1505,76.98,21955.39,VA-131,202101,U-27,0.015346038860724,21438.757127223795,94,191,1,91.95,17.73,274,0.2023,0.0597,,,0,61.65579,-175.08604,85,0.3,4,EBS,0.29510627780523974,29.510627780523972,260.855175879397,3.388609715242881
0.39,388.1,2021,1505,47.85,18569.55,VA-132,202101,U-27,0.015346038860724,21438.757127223795,94,191,1,92.47,16.56,248,0.3189,0.081,,,0,61.65579,-175.08604,85,0.3,4,EBS,0.2539981185324553,25.39981185324553,188.38722222222225,3.937037037037037
0.37,369.8,2021,1505,168.86,62445.58,VA-133,202101,V-26,0.0143457350607549,22236.57405138316,94,193,2,51.79,0,44,0.3207,0.1258,,,0,62.01599,-174.49611,73,-0.6,4,EBS,0.39226691612098535,39.226691612098534,430.47219395866455,2.5492845786963434
0.4,397.3,2021,1506,154.25,61283.72,VA-134,202101,V-26,0.0143457350607549,22236.57405138316,94,193,2,55.44,0,62,0.3405,0.1275,,,0,62.01599,-174.49611,73,-0.6,4,EBS,0.3744493392070484,37.44493392070484,411.9382352941177,2.670588235294118
0.4,403.1,2021,1505,98.37,39653.8,VA-135,202101,U-26,0.01413347868244125,11249.884304671143,94,192,1,92.23,16.69,NA,0.3432,0.0977,,,0,61.66716,-174.47995,77,-0.2,4,EBS,0.28467365967365965,28.467365967365964,345.5535721596725,3.5127942681678612
0.36,360.7,2021,1505,90.59,32674.63,VA-136,202101,V-26,0.0143457350607549,22236.57405138316,94,193,2,46.17,0,36,0.3048,0.1238,,,0,62.01599,-174.49611,73,-0.6,4,EBS,0.40616797900262464,40.61679790026246,223.03579967689825,2.4620355411954766
0.34,338.1,2021,1505,90.9,30733.84,VA-137,202101,U-26,0.01413347868244125,11249.884304671143,94,192,1,90.81,16.75,NA,0.3079,0.0937,,,0,61.66716,-174.47995,77,-0.2,4,EBS,0.3043195842806106,30.431958428061062,298.69914621131267,3.286019210245464
0.35,353,2021,1506,124.41,43916.61,VA-138,202101,V-26,0.0143457350607549,22236.57405138316,94,193,2,55.61,0,56,0.3342,0.1064,,,0,62.01599,-174.49611,73,-0.6,4,EBS,0.31837223219628963,31.837223219628964,390.7690037593985,3.1409774436090228
0.37,370.3,2021,1505,102.77,38056.7,VA-139,202101,U-27,0.015346038860724,21438.757127223795,94,191,1,90.34,17.14,288,0.3762,0.1134,,,0,61.65579,-175.08604,85,0.3,4,EBS,0.3014354066985646,30.14354066985646,340.93539682539677,3.317460317460317
0.4,404,2021,1505,80.06,32343.41,VA-140,202101,U-26,0.01413347868244125,11249.884304671143,94,192,1,82.23,12.79,194,0.3357,0.0893,,,0,61.66716,-174.47995,77,-0.2,4,EBS,0.2660113196306226,26.601131963062258,300.96463605823067,3.759238521836506
0.32,323,2021,1506,148.33,47910.47,VA-141,202101,V-25,0.013597919960526,3750.5736280291503,94,194,2,47.3,0,38,0.3083,0.1127,,,0,61.98327,-173.75066,63,-0.3,4,EBS,0.3655530327602984,36.55530327602984,405.7687577639752,2.7355811889973385
0.33,334.8,2021,1505,122.13,40888.83,VA-142,202101,U-25,0.0144351550563066,2008.984308577284,94,195,2,44.36,0,30,0.3082,0.1041,,,0,61.67059,-173.66495,69,0.3,4,EBS,0.3377676833225179,33.77676833225179,361.57988472622475,2.960614793467819
0.3,302.1,2021,1505,102.61,30997.96,VA-143,202102,U-24,0.0157233683725074,5087.96830963278,94,1,1,52.4,9.51,NA,0.308,0.0993,,,0,61.67323,-173.07778,66,1.1,7,NBS,0.3224025974025974,32.24025974025974,318.26666666666665,3.1017119838872103
0.26,259.1,2021,1505,NA,NA,VA-144,202101,U-25,0.0144351550563066,2008.984308577284,94,195,2,46.55,0,34,0.1933,0.036,,,0,61.67059,-173.66495,69,0.3,4,EBS,0.18623900672529745,18.623900672529743,NA,5.3694444444444445
0.31,308.1,2021,1505,166.9,51422.38,VA-145,202102,U-24,0.0157233683725074,5087.96830963278,94,1,2,46.21,0,32,0.1305,0.053900000000000003,,,0,61.67323,-173.07778,66,1.1,7,NBS,0.41302681992337165,41.30268199233716,404.08998144712433,2.4211502782931356
0.32,324,2021,1505,131.02,42451.91,VA-146,202102,U-24,0.0157233683725074,5087.96830963278,94,1,2,47.69,0,34,0.3198,0.1136,,,0,61.67323,-173.07778,66,1.1,7,NBS,0.3552220137585992,35.52220137585992,368.83975352112674,2.815140845070422
0.34,335.3,2021,1505,118.75,39816.2,VA-147,202102,U-24,0.0157233683725074,5087.96830963278,94,1,2,43.21,0,28,0.3198,0.1089,,,0,61.67323,-173.07778,66,1.1,7,NBS,0.3405253283302064,34.052532833020635,348.7258953168044,2.9366391184573
0.35,347.8,2021,1505,130.13,45260.02,VA-148,202102,U-24,0.0157233683725074,5087.96830963278,94,1,1,62.4,11.21,90,0.3186,0.1135,,,0,61.67323,-173.07778,66,1.1,7,NBS,0.35624607658505963,35.624607658505965,365.28121585903085,2.8070484581497794
0.37,367.6,2021,1505,105.22,38678.59,VA-149,202102,U-24,0.0157233683725074,5087.96830963278,94,1,1,55.49,10.01,NA,0.3116,0.0929,,,0,61.67323,-173.07778,66,1.1,7,NBS,0.29813863928112966,29.813863928112966,352.92305705059204,3.3541442411194833
0.31,313.9,2021,1505,169.98,53356.68,VA-150,202102,U-24,0.0157233683725074,5087.96830963278,94,1,2,43.45,0,28,0.3031,0.1171,,,0,61.67323,-173.07778,66,1.1,7,NBS,0.3863411415374464,38.63411415374464,439.97385140905203,2.588385994876174
0.34,338.8,2021,1505,57.16,19365.03,VA-151,202102,U-24,0.0157233683725074,5087.96830963278,94,1,1,56.11,10,NA,0.3432,0.0778,,,0,61.67323,-173.07778,66,1.1,7,NBS,0.22668997668997667,22.66899766899767,252.15053984575835,4.411311053984576
0.32,317.8,2021,1505,167.53,53240.96,VA-152,202101,V-26,0.0143457350607549,22236.57405138316,94,193,2,53.19,0,50,0.305,0.1231,,,0,62.01599,-174.49611,73,-0.6,4,EBS,0.4036065573770492,40.36065573770492,415.0824532900081,2.47766043866775
0.31,306.5,2021,1505,156.19,47873.29,VA-153,202102,U-24,0.0157233683725074,5087.96830963278,94,1,1,52.21,8.61,54,0.3488,0.1349,,,0,61.67323,-173.07778,66,1.1,7,NBS,0.3867545871559633,38.67545871559633,403.84782802075614,2.585618977020015
0.35,352.8,2021,1505,117.75,41543.65,VA-154,202101,V-26,0.0143457350607549,22236.57405138316,94,193,2,52.27,0,44,0.3225,0.1114,,,0,62.01599,-174.49611,73,-0.6,4,EBS,0.3454263565891473,34.542635658914726,340.88307899461404,2.8949730700179535
0.37,366.1,2021,1505,65.13,23842.95,VA-155,202102,U-24,0.0157233683725074,5087.96830963278,94,1,1,51.24,8.71,NA,0.2786,0.0767,,,0,61.67323,-173.07778,66,1.1,7,NBS,0.2753050969131371,27.53050969131371,236.57389830508475,3.6323337679269883
0.34,342.4,2021,1505,141.29,48376.58,VA-156,202102,U-24,0.0157233683725074,5087.96830963278,94,1,2,52.05,0,NA,0.3315,0.116,,,0,61.67323,-173.07778,66,1.1,7,NBS,0.34992458521870284,34.99245852187028,403.7727155172414,2.8577586206896552
0.42,419.5,2021,1506,168.77,70799.97,VA-157,202101,V-26,0.0143457350607549,22236.57405138316,94,193,2,52.52,0,52,0.1773,0.0814,,,0,62.01599,-174.49611,73,-0.6,4,EBS,0.4591088550479413,45.91088550479413,367.6034520884522,2.178132678132678
0.41,406.8,2021,1506,168.96,68731.18,VA-158,202101,V-26,0.0143457350607549,22236.57405138316,94,193,2,52.93,0,50,0.3456,0.1579,,,0,62.01599,-174.49611,73,-0.6,4,EBS,0.45688657407407407,45.688657407407405,369.80732108929703,2.188727042431919
0.32,319.6,2021,1506,122.18,39049.77,VA-159,202101,V-25,0.013597919960526,3750.5736280291503,94,194,2,46.89,0,32,0.3457,0.1144,,,0,61.98327,-173.75066,63,-0.3,4,EBS,0.33092276540352905,33.092276540352906,369.2100174825175,3.0218531468531467
0.33,329.9,2021,1506,98.53,32504.07,VA-160,202101,V-25,0.013597919960526,3750.5736280291503,94,194,2,47.07,0,NA,0.3461,0.105,,,0,61.98327,-173.75066,63,-0.3,4,EBS,0.30338052585957814,30.338052585957815,324.77364761904767,3.2961904761904766
0.33,331,2021,1505,110.13,36453.64,VA-161,202102,U-24,0.0157233683725074,5087.96830963278,94,1,2,41.99,0,34,0.3036,0.1044,,,0,61.67323,-173.07778,66,1.1,7,NBS,0.34387351778656133,34.38735177865613,320.2631034482758,2.908045977011494
0.36,360.1,2021,1505,179.64,64689.45,VA-162,202102,U-24,0.0157233683725074,5087.96830963278,94,1,2,43.14,0,32,0.313,0.1301,,,0,61.67323,-173.07778,66,1.1,7,NBS,0.4156549520766773,41.56549520766773,432.18539584934666,2.4058416602613377
0.32,315.3,2021,1505,187.24,59037.79,VA-163,202102,U-24,0.0157233683725074,5087.96830963278,94,1,2,44.07,0,26,0.1579,0.0604,,,0,61.67323,-173.07778,66,1.1,7,NBS,0.3825205826472451,38.25205826472451,489.49,2.614238410596027
0.31,307.4,2021,1505,94.34,28998.62,VA-164,202102,U-24,0.0157233683725074,5087.96830963278,94,1,2,44.04,0,26,0.3192,0.099,,,0,61.67323,-173.07778,66,1.1,7,NBS,0.3101503759398497,31.015037593984967,304.17503030303027,3.224242424242424
0.36,356.1,2021,1505,128.2,45652.04,VA-165,202102,U-24,0.0157233683725074,5087.96830963278,94,1,2,44.05,0,28,0.1736,0.0611,,,0,61.67323,-173.07778,66,1.1,7,NBS,0.3519585253456221,35.19585253456221,364.24746317512273,2.841243862520458
0.31,314.7,2021,1505,107.46,33817.37,VA-166,202102,U-23,0.0145934860185576,38018.34320425365,94,6,2,56.45,0,60,0.3109,0.1005,,,0,61.66467,-172.29238,61,0.5,7,NBS,0.3232550659376005,32.32550659376005,332.43098507462685,3.0935323383084574
0.34,335.8,2021,1505,69.18,23229.66,VA-167,202102,U-23,0.0145934860185576,38018.34320425365,94,6,1,77.04,16.63,NA,0.3114,0.0862,,,1,61.66467,-172.29238,61,0.5,7,NBS,0.27681438664097624,27.681438664097623,249.91475638051045,3.6125290023201857
0.32,324.3,2021,1505,96.03,31143.33,VA-168,202102,U-23,0.0145934860185576,38018.34320425365,94,6,2,54.11,0,56,0.3387,0.1012,,,0,61.66467,-172.29238,61,0.5,7,NBS,0.2987894892235016,29.878948922350162,321.39684782608697,3.3468379446640317
0.38,377.2,2021,1505,84.16,31743.38,VA-169,202102,U-23,0.0145934860185576,38018.34320425365,94,6,1,78.37,14.81,NA,0.3114,0.0792,,,0,61.66467,-172.29238,61,0.5,7,NBS,0.254335260115607,25.433526011560698,330.9018181818181,3.9318181818181817
0.36,358.1,2021,1505,47.18,16896.45,VA-170,202102,U-23,0.0145934860185576,38018.34320425365,94,6,1,73.21,12.93,124,0.322,0.0866,,,0,61.66467,-172.29238,61,0.5,7,NBS,0.268944099378882,26.8944099378882,175.42678983833719,3.7182448036951503
0.34,336.5,2021,1505,104.64,35212.14,VA-171,202102,U-23,0.0145934860185576,38018.34320425365,94,6,1,87.59,16.7,242,0.3129,0.1004,,,0,61.66467,-172.29238,61,0.5,7,NBS,0.32086928731224035,32.086928731224035,326.11410358565735,3.116533864541833
0.32,321.1,2021,1505,86.84,27883.43,VA-172,202102,U-23,0.0145934860185576,38018.34320425365,94,6,2,60.03,0,70,0.3041,0.0863,,,0,61.66467,-172.29238,61,0.5,7,NBS,0.2837882275567248,28.378822755672477,306.00282734646584,3.523754345307068
0.35,348.6,2021,1505,96.7,33708.83,VA-173,202102,U-23,0.0145934860185576,38018.34320425365,94,6,1,78.76,15.21,180,0.3161,0.0912,,,0,61.66467,-172.29238,61,0.5,7,NBS,0.2885162923125593,28.85162923125593,335.16304824561405,3.4660087719298245
0.36,361.4,2021,1505,83.09,30030.13,VA-174,202102,U-23,0.0145934860185576,38018.34320425365,94,6,1,76.33,14.43,152,0.3347,0.0943,,,0,61.66467,-172.29238,61,0.5,7,NBS,0.2817448461308634,28.174484613086342,294.9122269353129,3.5493107104984096
0.42,424.7,2021,1505,27.55,11701.18,VA-175,202102,U-23,0.0145934860185576,38018.34320425365,94,6,1,70.87,13.44,NA,0.3158,0.0698,,,0,61.66467,-172.29238,61,0.5,7,NBS,0.22102596580113995,22.102596580113996,124.64598853868196,4.524355300859599
0.32,317.7,2021,1506,94.06,29883.19,VA-176,202102,U-22,0.01427753985752985,275684.002235451,94,5,2,54.31,0,52,0.3005,0.0975,,,0,61.66059,-171.53327,54,0.6,7,NBS,0.32445923460898507,32.445923460898506,289.8977435897436,3.0820512820512818
0.32,316,2021,1505,35.75,11295.54,VA-177,202102,U-22,0.01427753985752985,275684.002235451,94,5,1,52.44,8.09,50,0.3579,0.0832,,,0,61.66059,-171.53327,54,0.6,7,NBS,0.23246716960044705,23.246716960044704,153.78515625,4.3016826923076925
0.36,363.5,2021,1505,75.74,27530.68,VA-178,202102,U-23,0.0145934860185576,38018.34320425365,94,6,1,75.18,14.37,NA,0.485,0.1365,,,0,61.66467,-172.29238,61,0.5,7,NBS,0.2814432989690722,28.144329896907223,269.11282051282046,3.553113553113553
0.39,390.2,2021,1506,95.7,37344,VA-179,202102,U-22,0.01427753985752985,275684.002235451,94,5,1,55.68,9.21,NA,0.3315,0.1074,,,0,61.66059,-171.53327,54,0.6,7,NBS,0.32398190045248865,32.39819004524887,295.38687150837995,3.08659217877095
0.3,302.9,2021,1506,49.31,14937.03,VA-180,202102,U-22,0.01427753985752985,275684.002235451,94,5,1,51.87,8.85,NA,0.3044,0.0786,,,0,61.66059,-171.53327,54,0.6,7,NBS,0.25821287779237845,25.821287779237846,190.9664631043257,3.872773536895674
0.31,308,2021,1505,99.15,30536.95,VA-181,202102,U-22,0.01427753985752985,275684.002235451,94,5,2,55.21,0,52,0.3137,0.1045,,,0,61.66059,-171.53327,54,0.6,7,NBS,0.3331208160663054,33.31208160663054,297.63976076555025,3.001913875598086
0.33,334.9,2021,1505,52.22,17487.8,VA-182,202102,U-22,0.01427753985752985,275684.002235451,94,5,1,52.65,8.9,54,0.3116,0.0869,,,0,61.66059,-171.53327,54,0.6,7,NBS,0.2788831835686778,27.88831835686778,187.2468584579977,3.585730724971231
0.36,362.1,2021,1506,52.14,18880.39,VA-183,202102,U-22,0.01427753985752985,275684.002235451,94,5,2,52.47,0,48,0.3179,0.0848,,,0,61.66059,-171.53327,54,0.6,7,NBS,0.2667505504875747,26.675055048757468,195.4635141509434,3.748820754716981
0.32,316.1,2021,1506,157.02,49635.6,VA-184,202102,U-22,0.01427753985752985,275684.002235451,94,5,2,55.83,0,56,0.3203,0.1202,,,0,61.66059,-171.53327,54,0.6,7,NBS,0.37527318139244464,37.527318139244464,418.4151913477537,2.6647254575707153
0.32,317.2,2021,1505,100.77,31964.77,VA-185,202102,U-22,0.01427753985752985,275684.002235451,94,5,2,50.23,0,42,0.2977,0.0953,,,0,61.66059,-171.53327,54,0.6,7,NBS,0.32012092710782664,32.01209271078266,314.7872927597062,3.1238195173137466
0.21,209.7,2021,1505,90.8,19041.47,VA-186,202102,Y-18,0.0130325869358487,79948.30689630446,94,23,2,43.71,0,28,0.1625,0.0488,,,0,62.86545,-168.82581,40,-0.2,8,NBS,0.30030769230769233,30.030769230769234,302.35655737704917,3.3299180327868854
0.38,382.7,2021,1505,122.88,47028.05,VA-187,202102,U-23,0.0145934860185576,38018.34320425365,94,6,2,58.3,0,66,0.2992,0.0975,,,0,61.66467,-172.29238,61,0.5,7,NBS,0.32586898395721925,32.586898395721924,377.0840615384615,3.068717948717949
0.31,308,2021,1505,51.18,15764.15,VA-188,202102,U-22,0.01427753985752985,275684.002235451,94,5,1,57.64,9.7,NA,0.3308,0.0875,,,0,61.66059,-171.53327,54,0.6,7,NBS,0.26451027811366384,26.451027811366384,193.4896457142857,3.7805714285714287
0.36,362.9,2021,1505,72.76,26404.69,VA-189,202102,U-22,0.01427753985752985,275684.002235451,94,5,2,50.35,0,42,0.3097,0.09,,,0,61.66059,-171.53327,54,0.6,7,NBS,0.29060381013884407,29.060381013884406,250.37524444444443,3.441111111111111
0.45,447.5,2021,1505,69.97,31313.28,VA-190,202102,U-23,0.0145934860185576,38018.34320425365,94,6,1,83.74,16.19,228,0.3139,0.0858,,,0,61.66467,-172.29238,61,0.5,7,NBS,0.2733354571519592,27.33354571519592,255.98581585081584,3.6585081585081585
0.35,350.1,2021,1505,117.62,41178.13,VA-191,202102,BB-19,0.0118874563416939,361173.59900967753,94,27,2,49.56,0,36,0.2374,0.0807,,,0,63.98062,-169.77538,35,2.7,9,NBS,0.33993260320134794,33.993260320134794,346.00976456009914,2.9417596034696407
0.35,351.3,2021,1505,117.77,41371.72,VA-192,202102,AA-18,0.0128600130093435,143247.78199381015,94,25,1,53.69,8.96,NA,0.3069,0.1045,,,0,63.68096,-168.96346,36,1.5,8,NBS,0.34050179211469533,34.05017921146953,345.8718947368421,2.936842105263158
0.35,346.5,2021,1505,98.04,33972.18,VA-193,202102,AA-18,0.0128600130093435,143247.78199381015,94,25,1,51.75,8.78,NA,0.3216,0.1021,,,0,63.68096,-168.96346,36,1.5,8,NBS,0.31747512437810943,31.747512437810943,308.8115964740451,3.149853085210578
0.25,253.8,2021,1505,74.73,18966.86,VA-194,202102,BB-19,0.0118874563416939,361173.59900967753,94,27,2,43.01,0,24,0.1633,0.0486,,,0,63.98062,-169.77538,35,2.7,9,NBS,0.2976117575015309,29.76117575015309,251.09895061728398,3.3600823045267494
0.35,347.1,2021,1505,144.37,50111.1,VA-195,202102,BB-19,0.0118874563416939,361173.59900967753,94,27,1,57.54,10.62,72,0.3436,0.1351,,,0,63.98062,-169.77538,35,2.7,9,NBS,0.39318975552968566,39.31897555296857,367.17640266469283,2.543301258327165
0.28,280.5,2021,1505,44.14,12380,VA-196,202102,BB-19,0.0118874563416939,361173.59900967753,94,27,2,42.71,0,NA,0.132,0.0348,,,0,63.98062,-169.77538,35,2.7,9,NBS,0.2636363636363636,26.36363636363636,167.42758620689656,3.7931034482758625
0.34,340.8,2021,1505,23.47,7999.3,VA-197,202102,BB-19,0.0118874563416939,361173.59900967753,94,27,2,49.08,0,36,0.3037,0.0665,,,0,63.98062,-169.77538,35,2.7,9,NBS,0.2189660849522555,21.89660849522555,107.18554887218045,4.566917293233083
0.36,357.2,2021,1505,9.06,3234.51,VA-198,202102,Y-01,0.012722531027151,29974.354881600706,94,24,1,45.89,9.41,38,0.2848,0.0522,,,0,62.99652,-168.20091,40,0.8,8,NBS,0.1832865168539326,18.32865168539326,49.43080459770115,5.4559386973180075
0.33,329.5,2021,1505,32.11,10579.29,VA-199,202102,BB-01,0.012448021885992,111937.40039676658,94,29,2,42.74,0,24,0.3108,0.0784,,,0,64.0101,-168.3144,37,0.7,9,NBS,0.25225225225225223,25.225225225225223,127.2932142857143,3.964285714285715
0.34,338,2021,1505,95.9,32413.04,VA-200,202102,AA-18,0.0128600130093435,143247.78199381015,94,25,2,54.78,0,50,0.3219,0.0972,,,0,63.68096,-168.96346,36,1.5,8,NBS,0.3019571295433364,30.195712954333644,317.5947530864198,3.3117283950617287
0.3,302.3,2021,1505,30.84,9322.19,VA-201,202102,Y-01,0.012722531027151,29974.354881600706,94,24,2,42.89,0,NA,0.3274,0.0743,,,0,62.99652,-168.20091,40,0.8,8,NBS,0.22693952351863164,22.693952351863164,135.89523553162854,4.406460296096904
0.36,357.5,2021,1505,109.36,39097.92,VA-202,202102,BB-19,0.0118874563416939,361173.59900967753,94,27,2,50.43,0,42,0.3185,0.1057,,,0,63.98062,-169.77538,35,2.7,9,NBS,0.33186813186813185,33.18681318681318,329.52847682119204,3.013245033112583
0.35,350.9,2021,1505,127.52,44748.28,VA-203,202102,AA-18,0.0128600130093435,143247.78199381015,94,25,2,55.97,0,54,0.3025,0.109,,,0,63.68096,-168.96346,36,1.5,8,NBS,0.3603305785123967,36.03305785123967,353.89724770642204,2.7752293577981653
0.34,343.2,2021,1505,87.14,29907.92,VA-204,202102,BB-19,0.0118874563416939,361173.59900967753,94,27,2,47.69,0,34,0.1961,0.0596,,,0,63.98062,-169.77538,35,2.7,9,NBS,0.3039265680775115,30.392656807751152,286.7139932885906,3.2902684563758386
0.31,307.4,2021,1505,91,27972.32,VA-205,202102,AA-18,0.0128600130093435,143247.78199381015,94,25,1,52.26,8.86,52,0.2769,0.0782,,,0,63.68096,-168.96346,36,1.5,8,NBS,0.2824124232574937,28.241242325749372,322.22378516624036,3.5409207161125313
0.33,330.8,2021,1505,79.78,26391.59,VA-206,202102,BB-19,0.0118874563416939,361173.59900967753,94,27,2,42.05,0,26,0.3057,0.0851,,,0,63.98062,-169.77538,35,2.7,9,NBS,0.2783774942754334,27.83774942754334,286.5892596944771,3.5922444183313753
0.31,312.1,2021,1505,76.89,23998.56,VA-207,202102,AA-18,0.0128600130093435,143247.78199381015,94,25,1,55.14,10.81,70,0.3219,0.098,,,1,63.68096,-168.96346,36,1.5,8,NBS,0.30444237340789065,30.444237340789066,252.56011224489797,3.2846938775510206
0.34,335.6,2021,1505,9.36,3139.77,VA-208,202102,Y-18,0.0130325869358487,79948.30689630446,94,23,2,42.8,0,26,0.3027,0.0417,,,0,62.86545,-168.82581,40,-0.2,8,NBS,0.1377601585728444,13.77601585728444,67.9441726618705,7.258992805755396
0.33,329.5,2021,1505,108.69,35814.15,VA-209,202102,BB-19,0.0118874563416939,361173.59900967753,94,27,2,52.2,0,44,0.3038,0.1046,,,0,63.98062,-169.77538,35,2.7,9,NBS,0.3443054641211323,34.43054641211323,315.6789866156788,2.904397705544933
0.37,371.3,2021,1505,101.7,37759.81,VA-210,202102,AA-18,0.0128600130093435,143247.78199381015,94,25,2,46.9,0,34,0.2874,0.0925,,,0,63.68096,-168.96346,36,1.5,8,NBS,0.32185107863604734,32.185107863604735,315.98464864864866,3.107027027027027
0.34,336,2021,1505,92,30911.06,VA-211,202102,AA-18,0.0128600130093435,143247.78199381015,94,25,2,51.49,0,44,0.3162,0.0936,,,0,63.68096,-168.96346,36,1.5,8,NBS,0.29601518026565465,29.601518026565465,310.79487179487177,3.3782051282051277
0.31,308.7,2021,1505,40.82,12599.92,VA-212,202102,Y-01,0.012722531027151,29974.354881600706,94,24,2,43.04,0,28,0.1762,0.0424,,,0,62.99652,-168.20091,40,0.8,8,NBS,0.24063564131668558,24.063564131668556,169.6340566037736,4.15566037735849
0.37,373.4,2021,1505,111.14,41498.53,VA-213,202102,AA-18,0.0128600130093435,143247.78199381015,94,25,2,55.21,0,56,0.3398,0.112,,,0,63.68096,-168.96346,36,1.5,8,NBS,0.329605650382578,32.9605650382578,337.19082142857144,3.033928571428571
0.27,267.5,2021,1505,59.86,16012.53,VA-214,202102,BB-01,0.012448021885992,111937.40039676658,94,29,2,42.12,0,22,0.2373,0.0643,,,0,64.0101,-168.3144,37,0.7,9,NBS,0.27096502317741256,27.096502317741255,220.91412130637636,3.690513219284604
0.3,303.4,2021,1505,165.21,50125.47,VA-215,202102,AA-18,0.0128600130093435,143247.78199381015,94,25,2,43.97,0,28,0.1942,0.0525,,,0,63.68096,-168.96346,36,1.5,8,NBS,0.27033985581874354,27.033985581874354,611.1196571428572,3.6990476190476196
0.31,314.6,2021,1505,163.05,51296.67,VA-216,202102,BB-19,0.0118874563416939,361173.59900967753,94,27,2,55.59,0,54,0.2946,0.115,,,0,63.98062,-169.77538,35,2.7,9,NBS,0.3903598099117448,39.035980991174476,417.69156521739126,2.5617391304347823
0.3,302.9,2021,1505,20.53,6219.77,VA-217,202102,Y-01,0.012722531027151,29974.354881600706,94,24,2,41.63,0,NA,0.3034,0.0554,,,0,62.99652,-168.20091,40,0.8,8,NBS,0.18259723137771916,18.259723137771918,112.43324909747294,5.476534296028881
0.3,300.4,2021,1505,36.32,10911.77,VA-218,202102,Y-01,0.012722531027151,29974.354881600706,94,24,2,43.57,0,30,0.3138,0.0653,,,0,62.99652,-168.20091,40,0.8,8,NBS,0.20809432759719565,20.809432759719567,174.53623277182237,4.80551301684533
0.24,241.2,2021,1505,41.72,10062.35,VA-219,202102,Y-01,0.012722531027151,29974.354881600706,94,24,2,43.68,0,26,0.1234,0.0272,,,0,62.99652,-168.20091,40,0.8,8,NBS,0.22042139384116693,22.042139384116695,189.27382352941177,4.536764705882353
0.33,326.8,2021,1505,141.03,46090,VA-220,202102,Y-18,0.0130325869358487,79948.30689630446,94,23,1,51.04,8.41,NA,0.3005,0.1095,,,0,62.86545,-168.82581,40,-0.2,8,NBS,0.3643926788685524,36.43926788685524,387.02753424657533,2.7442922374429224
0.33,329.9,2021,1505,84.16,27763.93,VA-222,202102,AA-01,0.01286217779296725,98455.95593402667,94,30,2,43.59,0,30,0.3279,0.0954,,,0,63.68902,-168.26882,33,0.9,8,NBS,0.2909423604757548,29.094236047575478,289.2669182389937,3.437106918238994
0.3,304.2,2021,1505,60.86,18513.92,VA-225,202102,BB-01,0.012448021885992,111937.40039676658,94,29,2,45.26,0,30,0.233,0.0673,,,0,64.0101,-168.3144,37,0.7,9,NBS,0.28884120171673816,28.884120171673818,210.70401188707282,3.462109955423477
0.42,419.5,2021,1505,68.52,28745.8,VA-226,202102,ZZ-01,0.012980339992422,191392.1485454441,94,31,1,53.5,8.72,52,0.3115,0.0947,,,0,63.37205,-168.28373,29,0.4,8,NBS,0.3040128410914928,30.40128410914928,225.38521647307283,3.2893347412882785
0.4,404.6,2021,1505,101.38,41020.23,VA-228,202102,ZZ-01,0.012980339992422,191392.1485454441,94,31,1,50.44,8,42,0.3222,0.1131,,,0,63.37205,-168.28373,29,0.4,8,NBS,0.35102420856610805,35.102420856610806,288.81198938992037,2.848806366047745
0.31,312.1,2021,1505,60.41,18855.09,VA-231,202102,BB-02,0.0127300904224098,244666.83005778698,94,34,1,47.86,7.88,38,0.3128,0.0881,,,0,64.029,-167.56952,35,3.5,9,NBS,0.2816496163682864,28.16496163682864,214.48635641316687,3.550510783200908
0.31,312.2,2021,1505,74.46,23247.01,VA-235,202102,ZZ-01,0.012980339992422,191392.1485454441,94,31,1,50.34,8.43,50,0.2886,0.0857,,,0,63.37205,-168.28373,29,0.4,8,NBS,0.2969507969507969,29.69507969507969,250.7486114352392,3.3675612602100355
0.31,306.4,2021,1505,122.41,37505.26,VA-236,202102,BB-01,0.012448021885992,111937.40039676658,94,29,2,45,0,28,0.2932,0.0791,,,0,64.0101,-168.3144,37,0.7,9,NBS,0.26978171896316505,26.978171896316503,453.737193426043,3.706700379266751
0.31,308.5,2021,1505,66.73,20587.36,VA-237,202102,BB-01,0.012448021885992,111937.40039676658,94,29,2,41.78,0,24,0.2999,0.1003,,,0,64.0101,-168.3144,37,0.7,9,NBS,0.3344448149383128,33.444481493831276,199.5246959122632,2.9900299102691923
0.33,328.9,2021,1505,62.35,20506.19,VA-240,202102,BB-02,0.0127300904224098,244666.83005778698,94,34,1,50.33,8.65,NA,0.3812,0.1097,,,0,64.029,-167.56952,35,3.5,9,NBS,0.28777544596012594,28.777544596012593,216.66198723792158,3.4749316317228804
0.35,351.6,2019,1518,114.65,40311.73,2019-1,201902,W-27,0.01495924640185965,67622.14170589813,162,1,1,87.44,14.92,248.3,0.6304,0.1702,3/16/2021,,0,62.31661,-175.31904,80,0.2,7,NBS,0.26998730964467005,26.998730964467004,424.64958871915394,3.7038777908343126
0.32,315.2,2019,1518,76.71,24180.12,2019-2,201902,W-27,0.01495924640185965,67622.14170589813,162,1,1,78.57,11.38,170.6,0.6854,0.1509,3/16/2021,,0,62.31661,-175.31904,80,0.2,7,NBS,0.22016340822877153,22.016340822877154,348.4230218687872,4.54208084824387
0.33,329.2,2019,1518,102.79,33837.88,2019-3,201902,W-27,0.01495924640185965,67622.14170589813,162,1,1,75.87,11.99,151.8,0.7067,0.1746,3/16/2021,,0,62.31661,-175.31904,80,0.2,7,NBS,0.24706381774444602,24.7063817744446,416.0463516609393,4.047537227949599
0.36,358.6,2019,1518,101.91,36545.84,2019-7,201901,V-27,0.013912080357285,170569.63941107484,162,193,1,83.34,13.34,NA,1.0267,0.2866,3/17/2021,"missing L1 WL and L chela and R1 WL, took M from R2 WL",0,61.99908,-175.17202,80,0.4,4,EBS,0.2791467809486705,27.91467809486705,365.07675157013256,3.5823447313328676
0.33,327.8,2019,1518,81.34,26662.74,2019-10,201901,V-27,0.013912080357285,170569.63941107484,162,193,1,91.84,13.01,219.2,1.3592,0.3829,3/17/2021,,0,61.99908,-175.17202,80,0.4,4,EBS,0.2817098293113596,28.170982931135963,288.73681901279707,3.549751893444763
0.34,340.1,2019,1518,108.06,36751.26,2019-11,201902,V-24,0.01412747210032455,570605.7752409088,94,1,1,55.53,7.92,67.8,1.1139,0.2632,3/18/2021,,0,62.00723,-173.08002,58,0.8,7,NBS,0.23628691983122363,23.628691983122362,457.3253571428572,4.232142857142857
0.33,326.3,2019,1518,108.44,35383.79,2019-12,201901,N-31,0.0138915643311522,1511.708796748466,162,177,2,54.64,0,52.4,0.7629,0.1961,3/18/2021,R23,0,59.32743,-177.05585,149,3.2,5,EBS,0.257045484336086,25.704548433608597,421.8708618052014,3.890362060173381
0.38,380.8,2019,1518,56.01,21327.5,2019-13,201902,W-27,0.01495924640185965,67622.14170589813,162,1,1,85.09,15.04,230.6,1.0088,0.1771,3/18/2021,,0,62.31661,-175.31904,80,0.2,7,NBS,0.1755551149881047,17.555511498810468,319.0451044607566,5.696216826651608
0.33,332.6,2019,1518,71.82,23888.53,2019-14,201902,W-27,0.01495924640185965,67622.14170589813,162,1,1,93.94,13.48,224.8,0.9917,0.2046,3/19/2021,,0,62.31661,-175.31904,80,0.2,7,NBS,0.20631239286074418,20.63123928607442,348.1128739002932,4.847018572825024
0.33,325.9,2019,1518,79.34,25856.01,2019-15,201902,W-27,0.01495924640185965,67622.14170589813,162,1,1,79.23,13.57,199.4,1.1415,0.2166,3/19/2021,,0,62.31661,-175.31904,80,0.2,7,NBS,0.1897503285151117,18.97503285151117,418.1283933518006,5.270083102493075
0.34,335.2,2019,1518,101.2,33923.74,2019-17,201901,N-31,0.0138915643311522,1511.708796748466,162,177,2,53.46,0,50.8,1.0287,0.2504,3/19/2021,R12,0,59.32743,-177.05585,149,3.2,5,EBS,0.24341401769223295,24.341401769223296,415.7525559105431,4.108226837060703
0.33,331.2,2019,1518,81.4,26959.02,2019-19,201901,PO2423,0.0145501203732786,272172.1311167171,94,159,1,82.32,13.07,209.8,0.9893,0.2721,3/19/2021,,0,59.83477,-172.24578,76,2.3,4,EBS,0.27504295966845244,27.504295966845245,295.95376699742746,3.6357956633590587
0.32,321.1,2019,1518,17.97,5768.74,2019-21,201901,PO2423,0.0145501203732786,272172.1311167171,94,159,1,80.68,13.36,184.8,1.0241,0.1056,3/22/2021,,0,59.83477,-172.24578,76,2.3,4,EBS,0.10311493018259936,10.311493018259936,174.2715625,9.697916666666666
0.32,317.6,2019,1518,8.82,2800.51,2019-22,201901,PO2423,0.0145501203732786,272172.1311167171,94,159,1,86.37,13.97,230.1,1.59,0.1385,3/22/2021,,0,59.83477,-172.24578,76,2.3,4,EBS,0.08710691823899372,8.710691823899372,101.25487364620938,11.48014440433213
0.34,339.4,2019,1518,NA,NA,2019-23,201901,PO2423,0.0145501203732786,272172.1311167171,94,159,1,85.96,14.03,235.4,0.9444,0.089,3/22/2021,,0,59.83477,-172.24578,76,2.3,4,EBS,0.09423972892842016,9.423972892842016,NA,10.61123595505618
0.34,340.4,2019,1518,8.45,2875.89,2019-24,201901,PO2524,0.00989135557344,125795.09256962893,94,158,1,80.18,12.79,184.2,1.1797,0.1215,3/22/2021,,0,59.83709,-172.89989,80,2.4,4,EBS,0.10299228617445114,10.299228617445113,82.0449794238683,9.70946502057613
0.33,328.6,2019,1518,92.42,30367.9,2019-25,201902,V-24,0.01412747210032455,570605.7752409088,94,1,1,70.77,10.17,126.9,1.0229,0.2416,3/22/2021,,0,62.00723,-173.08002,58,0.8,7,NBS,0.23619122103822468,23.61912210382247,391.2931208609271,4.233857615894039
0.34,337.1,2019,1518,6.06,2043.15,2019-26,201901,PO2524,0.00989135557344,125795.09256962893,94,158,1,80.78,11.47,185.8,1.3577,0.1022,3/22/2021,,0,59.83709,-172.89989,80,2.4,4,EBS,0.07527436105177875,7.527436105177874,80.5054990215264,13.284735812133071
0.32,316.8,2019,1518,103.42,32764.25,2019-27,201901,S-23,0.014252620501152,136558.0385615884,94,168,2,50.89,0,41.4,0.7042,0.2149,3/22/2021,R123,0,61.00078,-172.16231,64,1.9,4,EBS,0.305168986083499,30.5168986083499,338.8942019543974,3.2768729641693812
0.31,305.6,2019,1518,64.85,19819.2,2019-28,201901,R-22,0.0141907482154284,357176.8889880896,94,166,2,53.78,0,45.7,0.9808,0.2337,3/22/2021,R123,0,60.6571,-171.43228,63,2.2,4,EBS,0.23827487765089722,23.82748776508972,272.16465554129223,4.196833547282841
0.36,361,2019,1518,160.3,57869.71,2019-29,201901,S-23,0.014252620501152,136558.0385615884,94,168,2,54.56,0,48.7,0.6917,0.2422,3/22/2021,R123,0,61.00078,-172.16231,64,1.9,4,EBS,0.3501517999132572,35.01517999132572,457.80144508670526,2.855904211395541
0.32,318.7,2019,1505,75.08,23929.48,2019-30,201901,S-24,0.0145410472330266,263874.80891232594,94,171,2,64,0,84.3,0.6515,0.1625,3/22/2021,R12,0,61.00004,-172.80977,66,2.3,4,EBS,0.24942440521872603,24.9424405218726,301.0130461538461,4.0092307692307685
0.33,327.7,2019,1518,54.59,17888.25,2019-33,201901,R-22,0.0141907482154284,357176.8889880896,94,166,2,53.3,0,47.2,0.752,0.1208,3/24/2021,R123,0,60.6571,-171.43228,63,2.2,4,EBS,0.16063829787234044,16.063829787234045,339.8317880794702,6.225165562913907
0.33,329.3,2019,1518,50.07,16488.2,2019-34,201901,R-22,0.0141907482154284,357176.8889880896,94,166,2,50.14,0,42.1,0.5384,0.0816,3/24/2021,R123,0,60.6571,-171.43228,63,2.2,4,EBS,0.15156017830609214,15.156017830609214,330.3638235294117,6.598039215686274
0.27,266.8,2019,1518,35.19,9388.29,2019-35,201901,S-22,0.01444197857091,250671.82050055408,94,167,2,53.3,0,49.4,0.5104,0.0869,3/24/2021,R123,0,60.99637,-171.47555,60,2.1,4,EBS,0.1702586206896552,17.02586206896552,206.68556962025312,5.873417721518987
0.34,342.3,2019,1518,20.89,7150.6,2019-36,201901,S-22,0.01444197857091,250671.82050055408,94,167,2,50.64,0,42.2,0.8331,0.0858,3/24/2021,R123,0,60.99637,-171.47555,60,2.1,4,EBS,0.10298883687432482,10.298883687432483,202.83751748251746,9.709790209790208
0.33,333.3,2019,1518,37.46,12484.32,2019-37,201901,S-22,0.01444197857091,250671.82050055408,94,167,2,50.51,0,41.4,0.5345,0.0917,3/24/2021,R123,0,60.99637,-171.47555,60,2.1,4,EBS,0.1715622076707203,17.156220767072032,218.34645583424208,5.8287895310796065
0.32,318,2019,1518,140.31,44617.24,2019-38,201901,S-23,0.014252620501152,136558.0385615884,94,168,2,54.81,0,53.1,0.8248,0.2438,3/24/2021,R123,0,61.00078,-172.16231,64,1.9,4,EBS,0.29558680892337535,29.558680892337534,474.6828876127974,3.3831009023789993
0.32,322.2,2019,1518,39.28,12655.06,2019-39,201901,S-23,0.014252620501152,136558.0385615884,94,168,2,52.41,0,46.9,1.1113,0.1653,3/24/2021,R123,0,61.00078,-172.16231,64,1.9,4,EBS,0.14874471339872222,14.874471339872223,264.0766122202057,6.722928009679371
0.32,323.5,2019,1518,70.36,22762.09,2019-40,201901,S-23,0.014252620501152,136558.0385615884,94,168,2,50.19,0,43.6,0.7065,0.1169,3/24/2021,R123,0,61.00078,-172.16231,64,1.9,4,EBS,0.16546355272469923,16.546355272469924,425.22959794696317,6.043627031650984
0.3,301.9,2019,1518,148.01,44682.96,2019-41,201902,V-24,0.01412747210032455,570605.7752409088,94,1,1,75.41,11.19,175,0.8136,0.2258,3/26/2021,,0,62.00723,-173.08002,58,0.8,7,NBS,0.2775319567354966,27.75319567354966,533.3079539415411,3.6031886625332152
0.32,318.4,2019,1518,48.74,15519.02,2019-42,201901,P-30,0.0146132749106355,578996.9614437403,94,187,1,84.84,12.83,226.6,0.955,0.2365,3/26/2021,,0,60.00062,-176.67745,142,1.9,5,EBS,0.2476439790575916,24.76439790575916,196.81479915433405,4.038054968287526
0.35,346.6,2019,1518,8.32,2883.71,2019-43,201901,PO2524,0.00989135557344,125795.09256962893,94,158,1,85.51,14.19,252.1,1.1595,0.1066,3/26/2021,,0,59.83709,-172.89989,80,2.4,4,EBS,0.0919361793876671,9.19361793876671,90.49756097560976,10.877110694183864
0.33,331,2019,1518,8.51,2815.67,2019-44,201901,PO2524,0.00989135557344,125795.09256962893,94,158,1,80.65,13.34,203.7,0.9043,0.0744,3/26/2021,,0,59.83709,-172.89989,80,2.4,4,EBS,0.0822735817759593,8.22735817759593,103.43538978494625,12.15456989247312
0.32,320.3,2019,1518,7.63,2442.87,2019-45,201901,PO2524,0.00989135557344,125795.09256962893,94,158,1,82.32,13.17,203.1,0.8229,0.0603,3/26/2021,,0,59.83709,-172.89989,80,2.4,4,EBS,0.07327743346700694,7.327743346700694,104.12482587064675,13.646766169154228
0.34,335.7,2019,1505,8.42,2826.05,2019-46,201901,PO2524,0.00989135557344,125795.09256962893,94,158,1,89.55,14.24,234.2,1.1409,0.0846,3/26/2021,,0,59.83709,-172.89989,80,2.4,4,EBS,0.07415198527478306,7.4151985274783065,113.55056737588653,13.485815602836881
0.34,344.1,2019,1518,8.58,2952.13,2019-47,201901,ON2524,0.0147545255114301,151220.62232848714,94,155,1,82.08,11.86,208.5,1.6886,0.164,3/26/2021,,0,59.50437,-172.88133,94,3,3,EBS,0.0971218761103873,9.71218761103873,88.34260975609756,10.296341463414635
0.3,303.6,2019,1518,58.24,17682.35,2019-48,201902,V-24,0.01412747210032455,570605.7752409088,94,1,2,47.83,0,37.5,0.5121,0.1211,3/26/2021,R123,0,62.00723,-173.08002,58,0.8,7,NBS,0.2364772505370045,23.647725053700448,246.28161849710983,4.2287365813377376
0.37,369.9,2019,1518,114.8,42465.62,2019-49,201902,V-24,0.01412747210032455,570605.7752409088,94,1,2,51.55,0,47.7,0.5915,0.1787,3/26/2021,R123,0,62.00723,-173.08002,58,0.8,7,NBS,0.30211327134404053,30.211327134404055,379.9899272523783,3.310016787912703
0.34,344.7,2019,1518,112.83,38891.97,2019-50,201902,V-24,0.01412747210032455,570605.7752409088,94,1,2,51.45,0,43,0.6835,0.1733,3/26/2021,R123,0,62.00723,-173.08002,58,0.8,7,NBS,0.25354791514264813,25.354791514264814,445.00464512406234,3.9440276976341604
0.34,341.6,2019,1518,101.64,34720.94,2019-51,201902,V-24,0.01412747210032455,570605.7752409088,94,1,2,49.08,0,39.6,0.4733,0.1323,3/30/2021,R123,0,62.00723,-173.08002,58,0.8,7,NBS,0.27952672723431227,27.952672723431228,363.6146031746032,3.5774754346182918
0.34,340.4,2019,1518,36.8,12526.97,2019-52,201902,V-24,0.01412747210032455,570605.7752409088,94,1,2,48.59,0,38.4,0.5756,0.1024,3/30/2021,R123,0,62.00723,-173.08002,58,0.8,7,NBS,0.17790132036136205,17.790132036136207,206.85625,5.62109375
0.3,304.6,2019,1518,134.1,40846.1,2019-53,201902,V-24,0.01412747210032455,570605.7752409088,94,1,2,43.24,0,28,0.6297,0.2076,3/30/2021,R123,0,62.00723,-173.08002,58,0.8,7,NBS,0.32968080038113384,32.968080038113385,406.75708092485553,3.0332369942196533
0.36,361.9,2019,1518,85.17,30824.54,2019-54,201902,V-24,0.01412747210032455,570605.7752409088,94,1,2,49.9,0,39.3,0.5319,0.1521,3/30/2021,R123,0,62.00723,-173.08002,58,0.8,7,NBS,0.2859560067681895,28.59560067681895,297.8430177514793,3.497041420118343
0.32,320.1,2019,1518,127.42,40788.53,2019-55,201902,V-24,0.01412747210032455,570605.7752409088,94,1,2,48.16,0,38.9,0.5616,0.2141,3/30/2021,R123,0,62.00723,-173.08002,58,0.8,7,NBS,0.38123219373219375,38.12321937321938,334.2320037365717,2.6230733302195235
0.31,307.7,2019,1518,64.54,19858.93,2019-56,201902,V-24,0.01412747210032455,570605.7752409088,94,1,2,50.22,0,40.1,0.6405,0.13,3/30/2021,R123,0,62.00723,-173.08002,58,0.8,7,NBS,0.20296643247462923,20.296643247462924,317.98361538461535,4.926923076923076
0.33,327.5,2019,1518,90.8,29737.36,2019-58,201902,V-24,0.01412747210032455,570605.7752409088,94,1,2,42.88,0,24.8,0.5981,0.1333,3/30/2021,R123,0,62.00723,-173.08002,58,0.8,7,NBS,0.22287242935963889,22.28724293596389,407.4079519879969,4.486871717929482
0.31,310,2019,1505,83.47,25874.59,2019-59,201902,V-24,0.01412747210032455,570605.7752409088,94,1,2,51.3,0,45.1,0.5809,0.1474,3/30/2021,R123,0,62.00723,-173.08002,58,0.8,7,NBS,0.25374419004992255,25.374419004992255,328.9533446404342,3.940976933514247
0.32,318.3,2019,1518,132.32,42118.82,2019-60,201902,V-24,0.01412747210032455,570605.7752409088,94,1,2,56.04,0,56.1,0.784,0.2323,3/30/2021,R123,0,62.00723,-173.08002,58,0.8,7,NBS,0.29630102040816325,29.630102040816325,446.5728798966853,3.374946190271201
0.31,306.4,2019,1518,66.16,20271,2019-61,201902,V-24,0.01412747210032455,570605.7752409088,94,1,2,51.76,0,44.5,0.5409,0.1504,3/30/2021,R123,0,62.00723,-173.08002,58,0.8,7,NBS,0.2780550933629137,27.80550933629137,237.93845744680848,3.596409574468085
0.32,315.4,2019,1518,113.69,35856.74,2019-62,201902,W-27,0.01495924640185965,67622.14170589813,162,1,2,53.71,0,47.3,0.5562,0.1544,3/30/2021,R123,0,62.31661,-175.31904,80,0.2,7,NBS,0.2775979863358504,27.759798633585042,409.5490803108808,3.6023316062176165
0.37,374,2019,1518,6.79,2540.42,2019-63,201901,PO2524,0.00989135557344,125795.09256962893,94,158,1,83.08,12.47,215.5,2.1214,0.1237,3/30/2021,,0,59.83709,-172.89989,80,2.4,4,EBS,0.05831054963703215,5.831054963703215,116.44548100242521,17.149555375909458
0.35,354,2019,1518,58.71,20782.61,2019-64,201902,W-27,0.01495924640185965,67622.14170589813,162,1,1,88.23,15.43,247.8,0.9601,0.2007,3/30/2021,,0,62.31661,-175.31904,80,0.2,7,NBS,0.20904072492448703,20.9040724924487,280.8543647234679,4.783756851021425
0.32,320.6,2019,1518,127.02,40722.58,2019-65,201901,O-31,0.0133047665657412,526.1272315761246,162,178,2,74.64,0,135.1,0.9321,0.3187,4/12/2021,very large female and not in the database-possibly tanner?,0,59.65589,-177.1321,176,3.3,5,EBS,0.34191610342237955,34.19161034223796,371.49464072795735,2.9246940696579857
0.34,338.1,2019,1505,55.78,18860.4,2019-67,201901,O-31,0.0133047665657412,526.1272315761246,162,178,2,78.89,0,141.2,1.6331,0.3145,4/12/2021,very large female and not in the database-possibly tanner?,0,59.65589,-177.1321,176,3.3,5,EBS,0.19257853162696711,19.257853162696712,289.64806995230526,5.19268680445151
0.32,316.3,2019,1518,79.43,25122.39,2019-68,201901,O-31,0.0133047665657412,526.1272315761246,162,178,2,75.07,0,127.1,0.7911,0.2033,4/12/2021,very large female and not in the database-possibly tanner?,0,59.65589,-177.1321,176,3.3,5,EBS,0.2569839464037416,25.69839464037416,309.0854549926218,3.8912936546974914
0.33,328.5,2019,1518,92.41,30355.89,2019-69,201902,W-27,0.01495924640185965,67622.14170589813,162,1,2,53.76,0,49.4,0.8057,0.2021,4/12/2021,,0,62.31661,-175.31904,80,0.2,7,NBS,0.25083778081171654,25.083778081171655,368.4054280059376,3.986640277090549
0.33,327.8,2019,1518,49.9,16355.92,2019-70,201901,P-32,0.0128599786060482,388.803135150508,162,180,1,65.21,NA,82.6,0.9008,0.145,4/12/2021,,NA,60.00657,-177.89505,141,2.7,5,EBS,0.16096802841918292,16.096802841918294,309.9994482758621,6.212413793103449
0.32,319.1,2019,1518,124.53,39737.08,2019-71,201901,P-32,0.0128599786060482,388.803135150508,162,180,2,72.8,0,114.7,0.8023,0.243,4/12/2021,possibly mature female-pull from dataset,0,60.00657,-177.89505,141,2.7,5,EBS,0.3028792222360713,30.28792222360713,411.15398765432104,3.3016460905349794
0.31,309.6,2019,1518,71.37,22096.21,2019-72,201902,W-27,0.01495924640185965,67622.14170589813,162,1,2,56.01,0,55.1,0.656,0.1419,4/12/2021,,0,62.31661,-175.31904,80,0.2,7,NBS,0.2163109756097561,21.63109756097561,329.94164904862583,4.622973925299507
0.3,304.7,2019,1518,129.21,39370.1,2019-73,201902,W-27,0.01495924640185965,67622.14170589813,162,1,2,54.33,0,49.3,0.5676,0.1383,4/16/2021,R12,0,62.31661,-175.31904,80,0.2,7,NBS,0.24365750528541227,24.365750528541227,530.2935357917571,4.10412147505423
0.27,269.2,2019,1518,131.1,35292.82,2019-74,201902,W-27,0.01495924640185965,67622.14170589813,162,1,2,57.59,0,51.8,0.6704,0.202,4/16/2021,R12,0,62.31661,-175.31904,80,0.2,7,NBS,0.3013126491646778,30.13126491646778,435.09623762376236,3.3188118811881187
0.36,361.7,2019,1518,91.09,32948.05,2019-75,201902,FF-01,0.01325117993467125,45227.542223006465,162,17,2,44.07,0,30.5,0.5572,0.1546,4/16/2021,R12,0,65.33502,-168.38779,53,3.9,9,NBS,0.27745872218234024,27.745872218234023,328.3010866752911,3.604139715394567
0.32,315,2019,1518,102.49,32282.89,2019-76,201902,FF-01,0.01325117993467125,45227.542223006465,162,17,2,43.64,0,26.2,0.5437,0.1287,4/16/2021,R12,0,65.33502,-168.38779,53,3.9,9,NBS,0.23671142173993015,23.671142173993015,432.9744599844599,4.224553224553224
0.22,215.5,2019,1518,69.75,15030.44,2019-77,201902,FF-01,0.01325117993467125,45227.542223006465,162,17,2,43.2,0,24,0.641,0.1609,4/16/2021,R12,0,65.33502,-168.38779,53,3.9,9,NBS,0.25101404056162246,25.101404056162245,277.87290242386575,3.9838408949658177
0.33,325.4,2019,1518,92.3,30034.33,2019-78,201902,EE-19,0.01291385679046815,169244.79460026347,162,19,2,57.31,0,63.6,0.7926,0.2051,4/19/2021,R9,0,65.01169,-169.90252,50,2.8,9,NBS,0.25876860963916226,25.876860963916226,356.6893222818137,3.864456362749878
0.32,323.3,2019,1518,153.84,49736.12,2019-79,201902,EE-19,0.01291385679046815,169244.79460026347,162,19,2,47.46,0,36.8,0.5494,0.1936,4/19/2021,R10,0,65.01169,-169.90252,50,2.8,9,NBS,0.3523844193665817,35.23844193665817,436.56867768595043,2.837809917355372
0.32,316.6,2019,1518,171.72,54366.8,2019-80,201902,EE-19,0.01291385679046815,169244.79460026347,162,19,2,57.93,0,67.8,0.5286,0.197,4/19/2021,R11,0,65.01169,-169.90252,50,2.8,9,NBS,0.37268255769958386,37.26825576995839,460.7674720812182,2.6832487309644666
0.29,286.1,2019,1518,28.68,8204.05,2019-81,201902,EE-19,0.01291385679046815,169244.79460026347,162,19,2,46.03,0,33.6,0.4592,0.0888,4/19/2021,R12,0,65.01169,-169.90252,50,2.8,9,NBS,0.19337979094076657,19.33797909407666,148.30918918918917,5.171171171171171
0.13,130.3,2019,1518,194.67,25365.13,2019-82,201902,EE-19,0.01291385679046815,169244.79460026347,162,19,2,44.15,0,27.6,0.4421,0.191,4/19/2021,R13,0,65.01169,-169.90252,50,2.8,9,NBS,0.4320289527256277,43.20289527256277,450.59480104712037,2.3146596858638744
0.31,310.1,2019,1518,125.44,38898.03,2019-83,201902,EE-19,0.01291385679046815,169244.79460026347,162,19,2,48.28,0,37.1,0.6682,0.1779,4/19/2021,R14,0,65.01169,-169.90252,50,2.8,9,NBS,0.26623765339718647,26.62376533971865,471.1579988757729,3.756042720629567
0.28,277.3,2019,1518,29.94,8301.6,2019-84,201902,EE-19,0.01291385679046815,169244.79460026347,162,19,2,40.82,0,22.9,0.8721,0.133,4/19/2021,R15,0,65.01169,-169.90252,50,2.8,9,NBS,0.1525054466230937,15.25054466230937,196.32085714285714,6.557142857142857
0.32,316.7,2019,1518,123.68,39170.01,2019-85,201902,EE-19,0.01291385679046815,169244.79460026347,162,19,2,45.46,0,31.1,0.6836,0.1618,4/20/2021,R123,0,65.01169,-169.90252,50,2.8,9,NBS,0.2366881217086015,23.66881217086015,522.5441779975279,4.224969097651422
0.36,361.7,2019,1518,60.5,21883.19,2019-86,201902,EE-19,0.01291385679046815,169244.79460026347,162,19,2,38.37,0,21.9,0.4464,0.0949,4/20/2021,R123,0,65.01169,-169.90252,50,2.8,9,NBS,0.212589605734767,21.258960573476703,284.5858798735511,4.7038988408851425
0.32,323.5,2019,1505,111.74,36148.21,2019-87,201902,EE-19,0.01291385679046815,169244.79460026347,162,19,2,47.75,0,35.3,0.7684,0.2007,4/20/2021,R123,0,65.01169,-169.90252,50,2.8,9,NBS,0.2611920874544508,26.119208745445082,427.80775286497254,3.828599900348779
0.17,174.4,2019,1518,93.54,16313.16,2019-88,201902,EE-19,0.01291385679046815,169244.79460026347,162,19,2,45.15,0,30.1,0.7718,0.2152,4/20/2021,R123,0,65.01169,-169.90252,50,2.8,9,NBS,0.2788287121015807,27.882871210158072,335.4747769516729,3.5864312267657996
0.33,333.4,2019,1518,113,37673.34,2019-89,201902,EE-19,0.01291385679046815,169244.79460026347,162,19,2,41.52,0,23.8,0.4827,0.1461,4/20/2021,R123,0,65.01169,-169.90252,50,2.8,9,NBS,0.3026724673710379,30.267246737103793,373.34086242299793,3.303901437371663
0.33,334.7,2019,1518,76.7,25671.47,2019-90,201902,AA-23,0.014365230067056,72158.1335740092,162,42,2,44.92,0,29.4,0.6171,0.1303,4/20/2021,R123,0,63.6616,-172.72117,56,0.3,8,NBS,0.2111489223788689,21.114892237886888,363.25072908672297,4.735993860322333
0.33,330.7,2019,1518,96.92,32051.08,2019-91,201902,AA-23,0.014365230067056,72158.1335740092,162,42,2,39.11,0,20.7,0.5651,0.1339,4/20/2021,R123,0,63.6616,-172.72117,56,0.3,8,NBS,0.23694921252875595,23.694921252875595,409.03280059746083,4.220313666915609
0.25,249.8,2019,1518,23.93,5977.69,2019-92,201902,AA-23,0.014365230067056,72158.1335740092,162,42,2,46.98,0,33.7,0.6216,0.0749,4/20/2021,R123,0,63.6616,-172.72117,56,0.3,8,NBS,0.12049549549549547,12.049549549549548,198.59663551401871,8.29906542056075
0.33,331.1,2019,1518,17.86,5914.91,2019-94,201902,AA-23,0.014365230067056,72158.1335740092,162,42,2,45.03,0,27.8,1.1962,0.1239,4/20/2021,R123,0,63.6616,-172.72117,56,0.3,8,NBS,0.10357799699046982,10.357799699046982,172.4304439063761,9.6545601291364
0.32,316.8,2019,1518,25.95,8220.58,2019-95,201902,AA-23,0.014365230067056,72158.1335740092,162,42,2,43.22,0,30.4,0.6477,0.0773,4/20/2021,R123,0,63.6616,-172.72117,56,0.3,8,NBS,0.11934537594565384,11.934537594565384,217.43615782664943,8.379042690815007
0.33,326.9,2019,1518,36.36,11885.67,2019-96,201902,AA-23,0.014365230067056,72158.1335740092,162,42,2,50.09,0,40.6,0.6292,0.1023,4/20/2021,,0,63.6616,-172.72117,56,0.3,8,NBS,0.1625874125874126,16.25874125874126,223.63354838709674,6.150537634408602
0.34,340.1,2019,1518,11.58,3937.64,2019-97,201901,QP2524,0.015728067046296,272251.0011812556,162,163,2,54.86,0,NA,0.893,0.0795,4/26/2021,missing L3,0,60.16502,-172.99523,60,2.9,4,EBS,0.08902575587905935,8.902575587905934,130.07471698113207,11.232704402515724
0.31,314.5,2019,1518,101.13,31806.86,2019-98,201902,AA-23,0.014365230067056,72158.1335740092,162,42,2,41.65,0,25,0.9324,0.2098,4/26/2021,,0,63.6616,-172.72117,56,0.3,8,NBS,0.225010725010725,22.5010725010725,449.44524308865584,4.444232602478551
0.34,337.3,2019,1518,31.52,10631.54,2019-99,201902,AA-23,0.014365230067056,72158.1335740092,162,42,2,48.34,0,37.2,0.819,0.1211,4/26/2021,R123,0,63.6616,-172.72117,56,0.3,8,NBS,0.14786324786324787,14.786324786324787,213.1699421965318,6.763005780346821
0.33,326.8,2019,1518,25.05,8185.82,2019-100,201902,AA-23,0.014365230067056,72158.1335740092,162,42,2,46.14,0,33.1,0.6616,0.0956,4/26/2021,R123,0,63.6616,-172.72117,56,0.3,8,NBS,0.1444981862152358,14.44981862152358,173.35857740585774,6.920502092050208
0.34,335.4,2019,1518,39.91,13387.43,2019-101,201902,AA-23,0.014365230067056,72158.1335740092,162,42,2,41.34,0,25.3,0.6655,0.0968,4/26/2021,R123,0,63.6616,-172.72117,56,0.3,8,NBS,0.14545454545454545,14.545454545454545,274.38124999999997,6.875
0.14,136.5,2019,1518,23.03,3143.46,2019-102,201902,AA-23,0.014365230067056,72158.1335740092,162,42,2,42.58,0,22.8,0.4508,0.0974,4/26/2021,R123,0,63.6616,-172.72117,56,0.3,8,NBS,0.2160603371783496,21.60603371783496,106.5905954825462,4.628336755646817
0.3,303.5,2019,1518,72.07,21872.24,2019-103,201902,AA-23,0.014365230067056,72158.1335740092,162,42,2,57.94,0,65,1.3231,0.2877,4/26/2021,,0,63.6616,-172.72117,56,0.3,8,NBS,0.21744388179275945,21.744388179275944,331.44183872088973,4.598887730274591
0.32,317.5,2019,1518,36.26,11511.34,2019-105,201902,AA-23,0.014365230067056,72158.1335740092,162,42,2,55.67,0,69.2,0.5605,0.0885,4/26/2021,,0,63.6616,-172.72117,56,0.3,8,NBS,0.15789473684210525,15.789473684210526,229.64666666666668,6.333333333333334
0.35,345.1,2019,1518,43,14837.68,2019-106,201902,AA-23,0.014365230067056,72158.1335740092,162,42,2,50.81,0,46.4,0.7676,0.1425,4/26/2021,,0,63.6616,-172.72117,56,0.3,8,NBS,0.18564356435643564,18.564356435643564,231.62666666666667,5.386666666666667
0.23,230.2,2019,1518,87.39,20116.64,2019-107,201902,AA-23,0.014365230067056,72158.1335740092,162,42,2,51.14,0,53.1,0.4744,0.1335,4/26/2021,,0,63.6616,-172.72117,56,0.3,8,NBS,0.2814080944350759,28.140809443507592,310.54543820224717,3.5535580524344565
0.33,325.4,2019,1518,15.83,5151.58,2019-108,201902,AA-23,0.014365230067056,72158.1335740092,162,42,2,51.55,0,49.4,0.527,0.0743,4/26/2021,,0,63.6616,-172.72117,56,0.3,8,NBS,0.1409867172675522,14.098671726755219,112.28008075370121,7.0928667563930015
0.32,315.9,2019,1518,65.84,20797.91,2019-109,201902,AA-23,0.014365230067056,72158.1335740092,162,42,2,49.67,0,46,1.0054,0.1958,4/26/2021,,0,63.6616,-172.72117,56,0.3,8,NBS,0.19474835886214442,19.474835886214443,338.0773033707865,5.134831460674158
0.34,344.6,2019,1518,48.43,16689.25,2019-110,201902,AA-23,0.014365230067056,72158.1335740092,162,42,2,54.7,0,65.7,1.5483,0.2247,4/26/2021,,0,63.6616,-172.72117,56,0.3,8,NBS,0.14512691338887812,14.512691338887812,333.70791722296394,6.890520694259012
0.34,342.7,2019,1518,58.37,20002.45,2019-111,201902,AA-23,0.014365230067056,72158.1335740092,162,42,2,51.82,0,49.8,0.5115,0.1097,4/26/2021,,0,63.6616,-172.72117,56,0.3,8,NBS,0.21446725317693063,21.446725317693062,272.1627620783956,4.662716499544211
0.32,317.9,2019,1518,98.99,31468.69,2019-112,201902,AA-23,0.014365230067056,72158.1335740092,162,42,2,51.02,0,48.6,0.4361,0.1171,4/26/2021,,0,63.6616,-172.72117,56,0.3,8,NBS,0.2685163953221738,26.85163953221738,368.6553287788215,3.7241673783091374
0.31,314.1,2019,1518,154.31,48468.28,2019-113,201902,EE-19,0.01291385679046815,169244.79460026347,162,19,2,54.18,0,59.1,0.5302,0.2137,4/27/2021,R9,0,65.01169,-169.90252,50,2.8,9,NBS,0.4030554507732931,40.305545077329306,382.85054749649044,2.4810481984089847
0.33,329.4,2019,1518,102.09,33629.82,2019-114,201902,EE-19,0.01291385679046815,169244.79460026347,162,19,2,64.06,0,115.6,0.5842,0.1498,4/27/2021,R9,0,65.01169,-169.90252,50,2.8,9,NBS,0.25641903457719956,25.641903457719955,398.1373698264353,3.899866488651536
0.33,328.5,2019,1518,115.86,38060.08,2019-115,201902,EE-19,0.01291385679046815,169244.79460026347,162,19,2,67.22,0,112.9,1.2918,0.3646,4/27/2021,R9,0,65.01169,-169.90252,50,2.8,9,NBS,0.28224183310109924,28.224183310109925,410.4990345584202,3.543060888645091
0.3,304,2019,1518,164.7,50070.08,2019-116,201902,EE-19,0.01291385679046815,169244.79460026347,162,19,2,65.6,0,112.3,0.9736,0.2892,4/27/2021,R9,0,65.01169,-169.90252,50,2.8,9,NBS,0.2970419063270337,29.70419063270337,554.4672199170124,3.3665283540802213
0.32,317.2,2019,1518,128.64,40803.7,2019-117,201902,EE-19,0.01291385679046815,169244.79460026347,162,19,2,62.09,0,102.5,1.0122,0.2453,4/27/2021,R9,0,65.01169,-169.90252,50,2.8,9,NBS,0.24234341039320292,24.23434103932029,530.8169914390542,4.12637586628618
0.34,343.2,2019,1505,114.69,39362.2,2019-118,201902,EE-19,0.01291385679046815,169244.79460026347,162,19,2,53.56,0,63.3,0.8905,0.2577,4/27/2021,R9,0,65.01169,-169.90252,50,2.8,9,NBS,0.2893879842784952,28.93879842784952,396.31915017462165,3.455568490492821
0.36,359,2019,1518,134.52,48292.79,2019-119,201902,EE-19,0.01291385679046815,169244.79460026347,162,19,2,56.68,0,73.6,1.3093,0.4049,4/27/2021,R9,0,65.01169,-169.90252,50,2.8,9,NBS,0.3092492171389292,30.92492171389292,434.98897505556926,3.233637935292665
0.33,329.5,2019,1518,103.79,34200.08,2019-120,201902,Y-24,0.01454845822763025,109059.03946486037,162,49,2,59.58,0,82.8,0.7027,0.2106,4/27/2021,R9,0,63.0105,-173.29301,70,-0.6,8,NBS,0.29970115269674114,29.970115269674114,346.3116476733144,3.336657169990503
0.38,381.9,2019,1518,113.25,43251.14,2019-121,201902,Y-24,0.01454845822763025,109059.03946486037,162,49,2,53.26,0,55.2,0.9669,0.3269,4/27/2021,R8,0,63.0105,-173.29301,70,-0.6,8,NBS,0.3380908056675975,33.809080566759754,334.9691801774242,2.957785255429795
0.33,329.9,2019,1518,95.51,31510.23,2019-122,201902,Y-24,0.01454845822763025,109059.03946486037,162,49,2,53.51,0,56.8,1.0115,0.2582,4/27/2021,R8,0,63.0105,-173.29301,70,-0.6,8,NBS,0.2552644587246663,25.52644587246663,374.16097986057326,3.9175058094500392
0.34,343.5,2019,1518,116.77,40111.04,2019-123,201902,Y-24,0.01454845822763025,109059.03946486037,162,49,2,56.51,0,63,0.9762,0.2639,4/27/2021,R8,0,63.0105,-173.29301,70,-0.6,8,NBS,0.27033394796148336,27.033394796148336,431.9472300113678,3.699128457749147
0.33,328.8,2019,1518,142.73,46928.8,2019-124,201902,Y-24,0.01454845822763025,109059.03946486037,162,49,2,56.63,0,67.8,0.8546,0.2349,4/27/2021,R8,0,63.0105,-173.29301,70,-0.6,8,NBS,0.27486543412122627,27.48654341212263,519.2722775649213,3.6381438910174544
0.31,313.4,2019,1518,110.48,34624.47,2019-125,201902,Y-24,0.01454845822763025,109059.03946486037,162,49,2,59.99,0,73.9,0.9546,0.2613,4/27/2021,R8,0,63.0105,-173.29301,70,-0.6,8,NBS,0.2737272155876807,27.37272155876807,403.61350172215845,3.6532721010332954
0.34,344.9,2019,1518,114.43,39467.92,2019-126,201902,Y-24,0.01454845822763025,109059.03946486037,162,49,2,55.59,0,61.4,0.835,0.1522,4/27/2021,R8,0,63.0105,-173.29301,70,-0.6,8,NBS,0.1822754491017964,18.227544910179642,627.7861366622865,5.486202365308804
0.34,340.8,2019,1518,135.55,46194.7,2019-127,201902,FF-18,0.0121191759469935,4703.2900792351675,162,18,2,50.97,0,56.1,0.4873,0.1529,4/29/2021,R9,0,65.22397,-168.90444,53,2.1,9,NBS,0.31376975169300225,31.376975169300223,432.00467625899284,3.18705035971223
0.35,345.7,2019,1518,144.97,50114.68,2019-128,201902,FF-18,0.0121191759469935,4703.2900792351675,162,18,2,51.1,0,46.4,0.8719,0.2534,4/29/2021,R9,0,65.22397,-168.90444,53,2.1,9,NBS,0.29062965936460605,29.062965936460607,498.8135082872928,3.4408050513022888
0.32,322.7,2019,1518,132.38,42719.19,2019-130,201902,DD-18,0.00730541876231475,148051.40474346993,162,33,2,54.18,0,67,0.3993,0.1535,4/29/2021,R9,0,64.66013,-169.12056,44,2.2,9,NBS,0.38442273979464064,38.44227397946406,344.36048208469055,2.6013029315960914
0.32,315.6,2019,1518,153.72,48515.58,2019-131,201902,DD-18,0.00730541876231475,148051.40474346993,162,33,2,55.15,0,58.4,0.7923,0.3371,4/29/2021,R9,0,64.66013,-169.12056,44,2.2,9,NBS,0.425470150195633,42.5470150195633,361.2944408187481,2.350341145060813
0.23,229.9,2019,1505,167.4,38485.69,2019-132,201902,DD-18,0.00730541876231475,148051.40474346993,162,33,2,49.98,0,44.2,0.7262,0.3108,4/29/2021,R9,0,64.66013,-169.12056,44,2.2,9,NBS,0.42798127237675576,42.79812723767557,391.13861003861,2.336550836550836
0.32,323.3,2019,1505,61.11,19755.84,2019-133,201902,W-26,0.0141509820878085,208473.85302972078,162,2,2,57.21,0,63.6,0.7668,0.1829,5/5/2021,R12,0,62.33512,-174.57173,71,-0.5,7,NBS,0.23852373500260823,23.852373500260825,256.2009185347184,4.1924548933843635
0.32,322.5,2019,1518,99.48,32081.04,2019-134,201902,W-26,0.0141509820878085,208473.85302972078,162,2,2,55.51,0,57,0.8562,0.213,5/5/2021,R12,0,62.33512,-174.57173,71,-0.5,7,NBS,0.24877365101611773,24.877365101611773,399.88157746478873,4.0197183098591545
0.3,304.1,2019,1518,136.78,41595.42,2019-136,201902,W-26,0.0141509820878085,208473.85302972078,162,2,2,58.07,0,65.7,0.7012,0.2449,5/5/2021,R12,0,62.33512,-174.57173,71,-0.5,7,NBS,0.34925841414717623,34.925841414717624,391.62979175173547,2.86320947325439
0.39,392.6,2019,1505,54.72,21481.81,2019-138,201902,W-26,0.0141509820878085,208473.85302972078,162,2,2,55.81,0,54.9,0.6845,0.174,5/5/2021,R12,0,62.33512,-174.57173,71,-0.5,7,NBS,0.25420014609203795,25.420014609203793,215.2634482758621,3.9339080459770117
0.32,316.2,2019,1518,80.84,25561.7,2019-139,201902,W-26,0.0141509820878085,208473.85302972078,162,2,2,60.71,0,74.4,0.5842,0.1451,5/7/2021,,0,62.33512,-174.57173,71,-0.5,7,NBS,0.2483738445737761,24.83738445737761,325.47710544452104,4.02618883528601
0.32,321.4,2019,1518,102.55,32960.35,2019-140,201902,W-26,0.0141509820878085,208473.85302972078,162,2,2,57.33,0,60.5,0.9285,0.3194,5/7/2021,,0,62.33512,-174.57173,71,-0.5,7,NBS,0.3439956919763059,34.39956919763059,298.11419849718214,2.907013149655604
0.33,325.8,2019,1518,147.38,48017.75,2019-141,201902,W-26,0.0141509820878085,208473.85302972078,162,2,2,55.78,0,52.8,0.5308,0.171,5/7/2021,,0,62.33512,-174.57173,71,-0.5,7,NBS,0.3221552373775433,32.21552373775433,457.48130994152046,3.104093567251462
0.34,339.3,2019,1518,185.21,62842.78,2019-142,201902,W-26,0.0141509820878085,208473.85302972078,162,2,2,60.03,0,74.2,0.7351,0.2402,5/7/2021,,0,62.33512,-174.57173,71,-0.5,7,NBS,0.326758264181744,32.675826418174395,566.8104537885096,3.0603663613655288
0.33,325.7,2019,1518,78.53,25576.19,2019-143,201902,W-26,0.0141509820878085,208473.85302972078,162,2,2,57.71,0,61.4,0.9754,0.2233,5/7/2021,,0,62.33512,-174.57173,71,-0.5,7,NBS,0.22893172031986875,22.893172031986875,343.0280429914913,4.368114643976713
0.33,329.5,2019,1505,101.05,33297.04,2019-145,201902,W-26,0.0141509820878085,208473.85302972078,162,2,2,59.34,0,57,1.0696,0.2555,5/7/2021,R8,0,62.33512,-174.57173,71,-0.5,7,NBS,0.2388743455497382,23.88743455497382,423.0257534246576,4.186301369863014
0.35,346.5,2019,1518,120.72,41828.2,2019-146,201902,W-26,0.0141509820878085,208473.85302972078,162,2,2,56.35,0,53.9,0.7523,0.2223,5/7/2021,R8,0,62.33512,-174.57173,71,-0.5,7,NBS,0.29549381895520405,29.549381895520405,408.53646423751684,3.3841655420602788
0.26,256.3,2019,1518,90.61,23222.52,2019-147,201902,ZZ-24,0.0145769275375977,129981.0769528085,162,46,1,59.43,8.34,71.8,1.1738,0.3271,5/7/2021,R8,0,63.33692,-173.40604,71,0,8,NBS,0.2786675753961493,27.866757539614927,325.15444206664625,3.5885050443289512
0.25,246.4,2019,1518,67.39,16604.07,2019-148,201902,ZZ-24,0.0145769275375977,129981.0769528085,162,46,1,56.35,6.6,59.8,0.6835,0.1912,5/7/2021,R8,0,63.33692,-173.40604,71,0,8,NBS,0.27973664959765915,27.973664959765916,240.90515167364015,3.574790794979079
0.31,313.2,2019,1518,83.22,26065.99,2019-149,201902,ZZ-24,0.0145769275375977,129981.0769528085,162,46,1,54.5,7.13,62.9,0.6489,0.2011,5/11/2021,R8,0,63.33692,-173.40604,71,0,8,NBS,0.30990907689936814,30.990907689936815,268.5303729487817,3.226752859273993
0.32,324.8,2019,1518,164.26,53350.84,2019-150,201902,ZZ-24,0.0145769275375977,129981.0769528085,162,46,2,54.37,0,52.6,0.5085,0.208,5/11/2021,R8,0,63.33692,-173.40604,71,0,8,NBS,0.4090462143559489,40.90462143559489,401.56831730769227,2.4447115384615383
0.33,329.6,2019,1518,65.9,21721.55,2019-151,201902,ZZ-24,0.0145769275375977,129981.0769528085,162,46,1,56.1,7.16,63.6,0.5707,0.1708,5/11/2021,R8,0,63.33692,-173.40604,71,0,8,NBS,0.29928158401962507,29.928158401962506,220.19396955503512,3.341334894613583
0.36,356.7,2019,1518,102.62,36603.04,2019-153,201902,ZZ-24,0.0145769275375977,129981.0769528085,162,46,2,57.46,0,59.3,0.6889,0.1607,5/11/2021,R8,0,63.33692,-173.40604,71,0,8,NBS,0.2332704311220787,23.32704311220787,439.9185936527691,4.286869943995021
0.31,309.8,2019,1518,156.02,48335.93,2019-154,201902,ZZ-24,0.0145769275375977,129981.0769528085,162,46,1,59.85,7.56,80.2,1.055,0.3942,5/11/2021,R8,0,63.33692,-173.40604,71,0,8,NBS,0.3736492890995261,37.36492890995261,417.5573313039066,2.676306443429731
0.35,353.4,2019,1518,77.08,27241.34,2019-155,201902,ZZ-24,0.0145769275375977,129981.0769528085,162,46,2,57.26,0,63.2,0.6496,0.1839,5/11/2021,R8,0,63.33692,-173.40604,71,0,8,NBS,0.28309729064039413,28.309729064039413,272.2738879825992,3.532354540511147
0.32,322.4,2019,1518,100.88,32523.86,2019-156,201902,ZZ-24,0.0145769275375977,129981.0769528085,162,46,2,54.65,0,52.7,0.7356,0.1844,5/11/2021,R8,0,63.33692,-173.40604,71,0,8,NBS,0.25067971723762916,25.067971723762916,402.42585683297176,3.9891540130151846
0.33,333.5,2019,1518,74.08,24705.63,2019-157,201902,ZZ-24,0.0145769275375977,129981.0769528085,162,46,2,51.17,0,47.2,0.6304,0.148,5/11/2021,R8,0,63.33692,-173.40604,71,0,8,NBS,0.23477157360406092,23.477157360406093,315.54075675675676,4.2594594594594595
0.34,341.3,2019,1518,4.7,1603.92,2019-158,201901,Q-21,0.0140845790630259,119741.31867577978,94,133,1,84.01,12.75,204.8,1.4572,0.1373,5/11/2021,R4,0,60.32928,-170.6645,62,2.6,4,EBS,0.09422179522371672,9.422179522371673,49.88230152949745,10.613255644573925
0.32,322.3,2019,1505,5.63,1815.21,2019-159,201901,Q-21,0.0140845790630259,119741.31867577978,94,133,1,78.61,11.71,168.2,1.4669,0.0811,5/11/2021,R4,0,60.32928,-170.6645,62,2.6,4,EBS,0.05528665894062308,5.528665894062308,101.8328853267571,18.08754623921085
0.32,317.1,2019,1518,5.06,1604.86,2019-161,201901,Q-21,0.0140845790630259,119741.31867577978,94,133,1,80.02,11.85,193.5,0.8798,0.1296,5/17/2021,R4,0,60.32928,-170.6645,62,2.6,4,EBS,0.14730620595589905,14.730620595589905,34.350216049382716,6.788580246913581
0.35,346.3,2019,1518,6.68,2313.6,2019-162,201901,Q-21,0.0140845790630259,119741.31867577978,94,133,1,83.66,12.29,188,0.5902,0.067,5/17/2021,R4,0,60.32928,-170.6645,62,2.6,4,EBS,0.1135208403930871,11.35208403930871,58.84382089552238,8.808955223880595
0.34,343,2019,1505,51.98,17830.62,2019-163,201902,W-27,0.01495924640185965,67622.14170589813,162,1,1,78.37,11.96,182.9,0.7455,0.1372,5/17/2021,,0,62.31661,-175.31904,80,0.2,7,NBS,0.18403755868544597,18.403755868544597,282.44234693877553,5.433673469387756
0.33,332,2019,1518,38.18,12677.19,2019-164,201902,W-27,0.01495924640185965,67622.14170589813,162,1,1,77.43,12.53,170.1,0.9133,0.1516,5/17/2021,,0,62.31661,-175.31904,80,0.2,7,NBS,0.1659914595423191,16.599145954231908,230.01183377308703,6.024406332453825
0.32,320.3,2019,1518,61.11,19572.6,2019-165,201902,W-27,0.01495924640185965,67622.14170589813,162,1,1,84.43,12.49,223.4,1.0083,0.2145,5/17/2021,,0,62.31661,-175.31904,80,0.2,7,NBS,0.2127343052662898,21.27343052662898,287.25973426573427,4.7006993006993
0.34,335.7,2019,1518,5.15,1729.41,2019-166,201901,P-21,0.01323881807263125,43684.886130099534,94,134,1,85.46,12.13,208.3,0.8845,0.068,5/17/2021,R4,0,60.01924,-170.63711,64,2.7,4,EBS,0.07687959299039006,7.687959299039006,66.98786764705882,13.00735294117647
0.33,329.8,2019,1518,10.36,3417.21,2019-168,201901,P-21,0.01323881807263125,43684.886130099534,94,134,1,92.53,13.89,247.7,0.6161,0.0742,5/18/2021,R4,0,60.01924,-170.63711,64,2.7,4,EBS,0.12043499431910405,12.043499431910405,86.02150943396225,8.303234501347708
0.32,317,2019,1518,11.29,3578.8,2019-169,201901,P-21,0.01323881807263125,43684.886130099534,94,134,1,85.29,13.28,198.8,0.79,0.127,5/18/2021,R4,0,60.01924,-170.63711,64,2.7,4,EBS,0.16075949367088607,16.075949367088608,70.22913385826772,6.220472440944882
0.35,354.5,2019,1518,13.03,4620.13,2019-170,201901,P-21,0.01323881807263125,43684.886130099534,94,134,1,83.62,12.86,190.9,0.7841,0.1046,5/18/2021,R4,0,60.01924,-170.63711,64,2.7,4,EBS,0.13340135186838412,13.340135186838411,97.67517208413003,7.496175908221797
0.32,317.5,2019,1518,111.3,35337.42,2019-171,201901,N-19,0.0135584762909112,17862.499797440272,94,126,2,52.34,0,47.6,0.8538,0.2245,5/18/2021,R3,0,59.34803,-169.22843,50,4.1,3,EBS,0.26294214101663155,26.294214101663155,423.28703786191534,3.8031180400890867
0.31,312.9,2019,1518,155.36,48611.42,2019-172,201901,N-19,0.0135584762909112,17862.499797440272,94,126,2,54.38,0,47.4,0.5434,0.1878,5/18/2021,R3,0,59.34803,-169.22843,50,4.1,3,EBS,0.34560176665439823,34.560176665439826,449.53473908413207,2.8935037273695423
0.32,319.9,2019,1518,139.02,44473.43,2019-173,201901,N-19,0.0135584762909112,17862.499797440272,94,126,2,57.96,0,61.9,1.0046,0.2697,5/18/2021,R3,0,59.34803,-169.22843,50,4.1,3,EBS,0.2684650607206849,26.846506072068486,517.8327474972191,3.724879495736003
0.15,147.6,2019,1518,111.19,16412.03,2019-174,201901,N-19,0.0135584762909112,17862.499797440272,94,126,2,54.51,0,50.7,0.6936,0.2372,5/18/2021,R3,0,59.34803,-169.22843,50,4.1,3,EBS,0.3419838523644752,34.19838523644752,325.1323102866779,2.9241146711635753
0.32,324,2019,1518,36.25,11744.59,2019-175,201901,N-19,0.0135584762909112,17862.499797440272,94,126,1,80.59,11.05,176.1,0.8755,0.1737,5/18/2021,R3,0,59.34803,-169.22843,50,4.1,3,EBS,0.1984009137635637,19.84009137635637,182.7108520437536,5.040299366724237
0.31,306.9,2019,1518,48.58,14910.2,2019-176,201902,W-27,0.01495924640185965,67622.14170589813,162,1,1,88.29,12.31,235.2,1.6996,0.2134,5/18/2021,,0,62.31661,-175.31904,80,0.2,7,NBS,0.12555895504824666,12.555895504824665,386.909878163074,7.964386129334582
0.32,322.6,2019,1518,124.28,40092.14,2019-177,201902,EE-18,0.0140194151399808,92835.47187987632,162,20,1,56.47,7.24,69.1,1.0054,0.2723,5/19/2021,R9,0,65.01249,-169.11489,49,2.3,9,NBS,0.27083747762084737,27.083747762084737,458.87297833272135,3.692251193536541
0.34,340.1,2019,1518,122.07,41514.57,2019-178,201902,EE-18,0.0140194151399808,92835.47187987632,162,20,1,62.66,8.96,85.8,0.7301,0.193,5/19/2021,R9,0,65.01249,-169.11489,49,2.3,9,NBS,0.2643473496781263,26.434734967812627,461.77879274611394,3.7829015544041447
0.3,302.4,2019,1518,118.3,35772.65,2019-179,201902,EE-18,0.0140194151399808,92835.47187987632,162,20,1,66.29,11.23,116.2,1.0169,0.2774,5/19/2021,R9,0,65.01249,-169.11489,49,2.3,9,NBS,0.27278985150948964,27.278985150948966,433.66715933669786,3.665825522710887
0.25,248.9,2019,1518,111.75,27815.24,2019-180,201902,EE-18,0.0140194151399808,92835.47187987632,162,20,2,56.27,0,55.1,0.6082,0.1836,5/19/2021,R12,0,65.01249,-169.11489,49,2.3,9,NBS,0.30187438342650447,30.187438342650445,370.18709150326794,3.3126361655773415
0.31,305.6,2019,1518,140.07,42806.88,2019-181,201902,EE-18,0.0140194151399808,92835.47187987632,162,20,2,49.02,0,41.7,0.7711,0.2397,5/19/2021,R12,0,65.01249,-169.11489,49,2.3,9,NBS,0.3108546232654649,31.08546232654649,450.59648310387985,3.2169378389653733
0.31,305.1,2019,1518,132.51,40429.11,2019-182,201902,EE-18,0.0140194151399808,92835.47187987632,162,20,2,49.5,0,41.8,0.5153,0.1877,5/19/2021,R12,0,65.01249,-169.11489,49,2.3,9,NBS,0.3642538327188046,36.42538327188046,363.78477890250394,2.745338305807139
0.3,302.8,2019,1518,122.79,37181.2,2019-183,201902,EE-18,0.0140194151399808,92835.47187987632,162,20,2,55.49,0,55,0.6205,0.2012,5/19/2021,R12,0,65.01249,-169.11489,49,2.3,9,NBS,0.32425463336019333,32.425463336019334,378.6838717693838,3.083996023856859
0.31,307.1,2019,1518,123.25,37850.05,2019-184,201902,EE-18,0.0140194151399808,92835.47187987632,162,20,2,57.94,0,69.9,0.8346,0.2963,5/19/2021,R12,0,65.01249,-169.11489,49,2.3,9,NBS,0.35502036903906065,35.50203690390607,347.16317921025984,2.8167397907526155
0.3,296.4,2019,1518,11.19,3317.72,2019-185,201901,QP2524,0.015728067046296,272251.0011812556,162,163,2,50.19,0,38.4,0.5894,0.0607,5/19/2021,,0,60.16502,-172.99523,60,2.9,4,EBS,0.10298608754665761,10.29860875466576,108.65545304777595,9.710049423393741
0.31,308.3,2019,1518,94.39,29101.04,2019-186,201902,W-27,0.01495924640185965,67622.14170589813,162,1,2,58.03,0,49.2,0.8277,0.1922,5/19/2021,,0,62.31661,-175.31904,80,0.2,7,NBS,0.23220973782771537,23.220973782771537,406.48596774193544,4.306451612903226
0.31,308,2019,1518,51.09,15736.03,2019-187,201902,W-27,0.01495924640185965,67622.14170589813,162,1,1,83.49,12.11,211,0.6746,0.148,5/19/2021,R3,0,62.31661,-175.31904,80,0.2,7,NBS,0.219389267714201,21.9389267714201,232.87374324324327,4.558108108108108
0.31,312.6,2019,1518,42.38,13247.64,2019-188,201901,M-19,0.0131243644317885,6095.533266832498,94,127,1,80.47,12.32,196.2,0.994,0.1952,5/19/2021,R3,0,59.01471,-169.16542,54,4.4,3,EBS,0.19637826961770624,19.637826961770624,215.8079918032787,5.092213114754098
0.35,349,2019,1518,5.37,1874.23,2019-189,201901,M-19,0.0131243644317885,6095.533266832498,94,127,1,82.24,11.11,201.9,2.0646,0.1585,5/19/2021,R3,0,59.01471,-169.16542,54,4.4,3,EBS,0.07677031870580257,7.677031870580257,69.94890851735016,13.025867507886435
0.31,308.3,2019,1518,33.52,10335.48,2019-190,201901,M-19,0.0131243644317885,6095.533266832498,94,127,1,94.11,14.06,291.8,0.7763,0.144,5/19/2021,R3,0,59.01471,-169.16542,54,4.4,3,EBS,0.1854952982094551,18.54952982094551,180.7053888888889,5.3909722222222225
0.34,340.7,2019,1518,70.82,24127.58,2019-191,201901,M-19,0.0131243644317885,6095.533266832498,94,127,1,85.44,13.76,214.4,0.9807,0.2096,5/19/2021,R3,0,59.01471,-169.16542,54,4.4,3,EBS,0.2137248903844193,21.37248903844193,331.36056297709916,4.678912213740458
0.32,324.7,2019,1518,58.15,18880.17,2019-192,201901,M-19,0.0131243644317885,6095.533266832498,94,127,1,83.95,12.91,213.2,0.6669,0.114,5/19/2021,R3,0,59.01471,-169.16542,54,4.4,3,EBS,0.17094017094017094,17.094017094017094,340.1775,5.8500000000000005
0.33,332.7,2019,1505,17.47,5813.9,2019-193,201901,JI2019,0.01305736867904535,120734.9190139632,94,120,1,84.88,12.43,216.9,0.5542,0.0715,5/21/2021,R2,0,57.83261,-169.36258,66,3.9,2,EBS,0.12901479610249006,12.901479610249005,135.4108251748252,7.751048951048952
0.36,360.5,2019,1505,19.63,7077.93,2019-194,201901,JI2019,0.01305736867904535,120734.9190139632,94,120,1,87.76,12.5,237.8,0.6742,0.1077,5/21/2021,R2,0,57.83261,-169.36258,66,3.9,2,EBS,0.1597448828240878,15.97448828240878,122.88343546889507,6.259981429897865
0.36,362.6,2019,1518,35.64,12922.42,2019-195,201901,JI2019,0.01305736867904535,120734.9190139632,94,120,1,93.1,14.07,297.4,0.9057,0.1388,5/21/2021,R2,0,57.83261,-169.36258,66,3.9,2,EBS,0.15325162857458322,15.325162857458322,232.5587031700288,6.525216138328529
0.33,330.5,2019,1505,28.83,9529.18,2019-196,201901,JI2019,0.01305736867904535,120734.9190139632,94,120,1,86.29,13.78,222,0.6779,0.11,5/21/2021,R2,0,57.83261,-169.36258,66,3.9,2,EBS,0.16226582091753947,16.226582091753947,177.67142727272724,6.162727272727272
0.32,316,2019,1518,45.98,14529.17,2019-197,201901,L-20,0.0136777921669719,14860.297445578051,94,123,1,85.52,13.79,219,0.6689,0.092,5/21/2021,R3,0,58.66099,-169.78121,66,3.1,3,EBS,0.13753924353416055,13.753924353416055,334.30458695652175,7.270652173913044
0.34,338.2,2019,1518,19.8,6695.8,2019-198,201901,L-20,0.0136777921669719,14860.297445578051,94,123,1,82.5,13.05,212.1,1.0211,0.1487,5/21/2021,R3,0,58.66099,-169.78121,66,3.1,3,EBS,0.14562726471452356,14.562726471452356,135.9635507733692,6.86684599865501
0.34,337.6,2019,1518,31.48,10626.83,2019-199,201901,L-20,0.0136777921669719,14860.297445578051,94,123,1,85.05,12.63,167.5,0.7048,0.1111,5/21/2021,R3,0,58.66099,-169.78121,66,3.1,3,EBS,0.157633371169126,15.763337116912602,199.70390639063905,6.3438343834383435
0.31,311,2019,1518,70.44,21905.91,2019-200,201901,L-20,0.0136777921669719,14860.297445578051,94,123,1,97.48,13.63,266.4,0.8224,0.1929,5/21/2021,R3,0,58.66099,-169.78121,66,3.1,3,EBS,0.23455739299610892,23.455739299610894,300.3102954898912,4.263348885432867
0.34,340.8,2019,1518,8.58,2925.17,2019-201,201901,L-20,0.0136777921669719,14860.297445578051,94,123,1,91.61,13.85,271.6,1.1562,0.0723,5/21/2021,R3,0,58.66099,-169.78121,66,3.1,3,EBS,0.06253243383497666,6.253243383497666,137.2087966804979,15.991701244813276
0.35,349.7,2019,1518,6.04,2112.03,2019-202,201901,Q-20,0.0134606455643187,77917.33873300937,94,132,1,83.1,13.84,179.4,0.683,0.0845,5/24/2021,R4,0,60.32774,-170.02717,52,2.9,4,EBS,0.12371888726207907,12.371888726207906,48.8203550295858,8.08284023668639
0.32,324.4,2019,1518,24.13,7827.45,2019-203,201901,J-18,0.0129736505923596,360535.5899406321,94,98,1,81.68,12.43,184.5,0.9734,0.1859,5/24/2021,R2,0,58.01197,-168.44416,70,3.5,2,EBS,0.19098006985822888,19.098006985822888,126.34826250672404,5.236148466917697
0.34,344.9,2019,1518,18.21,6280.67,2019-204,201901,J-18,0.0129736505923596,360535.5899406321,94,98,1,84.5,13.54,214.7,0.6913,0.0996,5/24/2021,R2,0,58.01197,-168.44416,70,3.5,2,EBS,0.14407637783885432,14.407637783885432,126.3912951807229,6.940763052208836
0.36,355,2019,1518,78.82,27981.32,2019-205,201901,J-18,0.0129736505923596,360535.5899406321,94,98,1,84.12,12.94,215.4,1.3343,0.2931,5/24/2021,R2,0,58.01197,-168.44416,70,3.5,2,EBS,0.21966574233680583,21.966574233680582,358.81789832821556,4.55237120436711
0.32,321.3,2019,1518,37.03,11896.28,2019-206,201901,J-18,0.0129736505923596,360535.5899406321,94,98,1,92.71,14.74,279.4,1.3803,0.2051,5/24/2021,R2,0,58.01197,-168.44416,70,3.5,2,EBS,0.14859088603926682,14.859088603926681,249.20774744027307,6.729887859580693
0.3,304.5,2019,1518,2.09,635.11,2019-207,201901,J-18,0.0129736505923596,360535.5899406321,94,98,1,85.68,14.16,224.9,1.0687,0.4995,5/24/2021,R2,0,58.01197,-168.44416,70,3.5,2,EBS,0.4673902872649013,46.739028726490126,4.471637637637637,2.1395395395395393
0.33,334.4,2019,1518,53.87,18014.58,2019-209,201901,J-20,0.012972170667555,8171.3386846751155,94,121,1,91.81,15.44,289.8,1.207,0.1523,5/24/2021,R2,0,57.98737,-169.68823,70,3.3,2,EBS,0.12618061309030654,12.618061309030654,426.92770847012474,7.925147734734079
0.31,312.7,2019,1518,49.49,15474.19,2019-211,201901,J-20,0.012972170667555,8171.3386846751155,94,121,1,88.26,14,243.5,0.6743,0.1919,5/24/2021,R2,0,57.98737,-169.68823,70,3.3,2,EBS,0.2845914281477087,28.45914281477087,173.8984210526316,3.513809275664409
0.31,308.5,2019,1518,25.99,8018.08,2019-212,201901,J-20,0.012972170667555,8171.3386846751155,94,121,1,90.62,13.83,267.7,2.1291,1.1981,5/24/2021,R2,0,57.98737,-169.68823,70,3.3,2,EBS,0.5627260344746605,56.272603447466054,46.18588515148987,1.7770636841665974
0.32,324,2019,1518,66.35,21497.64,2019-213,201901,I-20,0.01389706856684685,7699.465501326053,94,119,1,90.67,14.5,269.6,1.1619,0.2136,5/25/2021,R2,0,57.66851,-169.66866,70,3.9,2,EBS,0.1838368190033566,18.38368190033566,360.91790730337067,5.439606741573033
0.31,313.7,2019,1518,52.12,16348.49,2019-214,201901,I-20,0.01389706856684685,7699.465501326053,94,119,1,84.33,11.97,180.6,1.1703,0.3014,5/25/2021,R2,0,57.66851,-169.66866,70,3.9,2,EBS,0.2575408015038879,25.75408015038879,202.37570006635698,3.8828798938287985
0.33,325.5,2019,1518,93.01,30273.92,2019-215,201901,I-20,0.01389706856684685,7699.465501326053,94,119,1,82.83,12.25,191.1,0.9109,0.2287,5/25/2021,R2,0,57.66851,-169.66866,70,3.9,2,EBS,0.2510703699637721,25.107036996377207,370.45390905115875,3.982947092260604
0.37,374.5,2019,1518,65.65,24584.63,2019-216,201901,I-20,0.01389706856684685,7699.465501326053,94,119,1,84.02,11.85,197.7,1.0367,0.2309,5/25/2021,R2,0,57.66851,-169.66866,70,3.9,2,EBS,0.22272595736471495,22.272595736471494,294.7568427890862,4.489822433954092
0.37,374.6,2019,1518,31.95,11967.63,2019-217,201901,K-20,0.0126671679615195,29116.625840947425,94,122,1,95.86,14.05,235.8,0.9353,0.2264,5/25/2021,R2,0,58.3313,-169.72593,69,3.2,3,EBS,0.24206137068320324,24.206137068320324,131.9913206713781,4.131183745583039
0.36,362.7,2019,1518,18.27,6626.81,2019-218,201901,K-20,0.0126671679615195,29116.625840947425,94,122,1,90.82,14.98,264,1.5535,0.2224,5/25/2021,R3,0,58.3313,-169.72593,69,3.2,3,EBS,0.14316060508529127,14.316060508529127,127.61890737410073,6.985161870503598
0.34,338,2019,1518,30.26,10227.99,2019-219,201901,K-20,0.0126671679615195,29116.625840947425,94,122,1,81.06,12.38,202.1,2.0193,0.1964,5/25/2021,R3,0,58.3313,-169.72593,69,3.2,3,EBS,0.09726142722725697,9.726142722725697,311.12025458248473,10.281568228105906
0.33,331.7,2019,1518,20.93,6943.44,2019-220,201901,K-20,0.0126671679615195,29116.625840947425,94,122,1,79.86,12.48,185.4,1.9955,0.1902,5/25/2021,R3,0,58.3313,-169.72593,69,3.2,3,EBS,0.09531445752944125,9.531445752944125,219.5889327024185,10.491587802313354
0.37,365.6,2019,1518,22.22,8123.26,2019-221,201901,K-20,0.0126671679615195,29116.625840947425,94,122,1,91.25,13.94,282,1.1216,0.1332,5/25/2021,R3,0,58.3313,-169.72593,69,3.2,3,EBS,0.11875891583452212,11.875891583452212,187.1017417417417,8.420420420420418
0.32,321.2,2019,1518,4.16,1335.46,2019-222,201901,K-18,0.01362034595265465,78697.41442148069,94,97,1,85.82,12.84,194.8,1.3251,0.0621,6/1/2021,R3,0,58.33599,-168.46255,66,3.4,3,EBS,0.046864387593389185,4.686438759338919,88.76676328502414,21.33816425120773
0.27,274.1,2019,1518,3.99,1094.98,2019-223,201901,K-18,0.01362034595265465,78697.41442148069,94,97,1,80.4,12.75,184,2.6589,0.1472,6/1/2021,R3,0,58.33599,-168.46255,66,3.4,3,EBS,0.05536123961036519,5.536123961036519,72.07208559782609,18.063179347826086
0.34,338.8,2019,1518,3.78,1280.73,2019-224,201901,K-18,0.01362034595265465,78697.41442148069,94,97,1,89.42,13.99,252.6,0.8055,0.126,6/1/2021,R3,0,58.33599,-168.46255,66,3.4,3,EBS,0.1564245810055866,15.64245810055866,24.165,6.392857142857142
0.34,343.9,2019,1518,11.46,3942.11,2019-225,201901,K-18,0.01362034595265465,78697.41442148069,94,97,1,82.47,12.43,149.7,0.8685,0.1604,6/1/2021,R3,0,58.33599,-168.46255,66,3.4,3,EBS,0.18468624064478983,18.468624064478984,62.05118453865338,5.414588528678305
0.33,326,2019,1518,24.61,8023.01,2019-226,201901,QP2423,0.015320143092177,4634.4214654401685,162,162,1,83.01,13.02,197.7,1.1621,0.1783,6/1/2021,,0,60.16258,-172.34322,58,3.6,4,EBS,0.15342913690732296,15.342913690732296,160.39978126752663,6.517666853617499
0.33,333.7,2019,1518,76.87,25651.37,2019-227,201901,D-05,0.0142379046373641,632.11548533494,162,60,1,92.4,12.98,325.8,1.8661,0.3858,6/1/2021,,0,55.98287,-165.1891,96,4.9,1,EBS,0.20674133219012913,20.674133219012912,371.8172809745983,4.836962156557803
0.31,308.7,2019,1518,47.09,14535.81,2019-228,201901,M-21,0.0126761594668335,11044.354590702538,162,127,1,84.9,14.29,250.8,1.2561,0.2233,6/1/2021,,0,59.00371,-170.48058,70,3,3,EBS,0.17777247034471777,17.777247034471777,264.889158083296,5.6251679355127635
0.36,355.8,2019,1518,36.33,12927.4,2019-229,201901,IH2120,0.01229069824056525,3986.7547832454547,162,114,1,84.81,13.2,218,1.9758,0.3006,6/1/2021,,0,57.50171,-169.98718,69,4.4,2,EBS,0.1521409049498937,15.214090494989371,238.79179640718561,6.572854291417166
0.32,318.9,2019,1518,42.51,13557.43,2019-230,201901,M-21,0.0126761594668335,11044.354590702538,162,127,1,96.31,15.59,331.1,1.6127,0.312,6/1/2021,,0,59.00371,-170.48058,70,3,3,EBS,0.19346437651144044,19.346437651144043,219.73037499999998,5.168910256410257
0.37,366.9,2019,1518,27.81,10201.66,2019-231,201901,M-21,0.0126761594668335,11044.354590702538,162,127,1,85.12,14.8,235.5,1.2713,0.1973,6/1/2021,,0,59.00371,-170.48058,70,3,3,EBS,0.15519546920475102,15.519546920475102,179.19337557019767,6.4434870755195135
0.34,341,2019,1518,16.41,5594.63,2019-232,201901,M-21,0.0126761594668335,11044.354590702538,162,127,1,87.07,13.04,250.7,1.9036,0.2107,6/1/2021,,0,59.00371,-170.48058,70,3,3,EBS,0.11068501786089514,11.068501786089515,148.25854769814904,9.034646416706217
NA,NA,2019,NA,NA,NA,2019-208,201901,J-20,0.012972170667555,8171.3386846751155,94,121,1,87.46,13.24,277.6,0.8844,0.1111,5/24/2021,R2,0,57.98737,-169.68823,70,3.3,2,EBS,0.1256218905472637,12.56218905472637,NA,7.9603960396039595
NA,NA,2019,NA,NA,NA,2019-210,201901,J-20,0.012972170667555,8171.3386846751155,94,121,1,84.23,12.94,217.8,1.0576,0.1359,5/24/2021,R2,0,57.98737,-169.68823,70,3.3,2,EBS,0.1284984871406959,12.849848714069589,NA,7.782192788815307
NA,NA,2019,NA,NA,NA,2019-66,201901,O-31,0.0133047665657412,526.1272315761246,162,178,2,78.67,0,145.7,0.9085,0.1495,4/12/2021,very large female and not in the database-possibly tanner?,0,59.65589,-177.1321,176,3.3,5,EBS,0.16455696202531644,16.455696202531644,NA,6.076923076923077
NA,NA,2019,NA,NA,NA,2019-167,201901,P-21,0.01323881807263125,43684.886130099534,94,134,1,96.18,14.49,294.3,1.037,0.1994,5/17/2021,R4,0,60.01924,-170.63711,64,2.7,4,EBS,0.19228543876567022,19.228543876567024,NA,5.200601805416248
NA,NA,2019,NA,NA,NA,2019-18,201901,PO2423,0.0145501203732786,272172.1311167171,94,159,1,81.02,12.73,181.2,0.9145,0.0666,3/19/2021,,0,59.83477,-172.24578,76,2.3,4,EBS,0.07282668124658284,7.282668124658284,NA,13.731231231231229
NA,NA,2019,NA,NA,NA,2019-20,201901,PO2423,0.0145501203732786,272172.1311167171,94,159,1,82.18,12.92,202.3,0.9261,0.0909,3/19/2021,,0,59.83477,-172.24578,76,2.3,4,EBS,0.09815354713313897,9.815354713313896,NA,10.18811881188119
NA,NA,2019,NA,NA,NA,2019-160,201901,Q-21,0.0140845790630259,119741.31867577978,94,133,1,84.69,11.99,211.7,1.4069,0.1135,5/11/2021,R4,0,60.32928,-170.6645,62,2.6,4,EBS,0.08067382187788756,8.067382187788755,NA,12.395594713656388
NA,NA,2019,NA,NA,NA,2019-31,201901,S-22,0.01444197857091,250671.82050055408,94,167,2,51.87,0,43.8,0.6212,0.1369,3/22/2021,R12,0,60.99637,-171.47555,60,2.1,4,EBS,0.22037990985189954,22.037990985189953,NA,4.537618699780862
NA,NA,2019,NA,NA,NA,2019-32,201901,S-24,0.0145410472330266,263874.80891232594,94,171,2,52.59,0,47.7,0.6538,0.1213,3/22/2021,,0,61.00004,-172.80977,66,2.3,4,EBS,0.18553074334658917,18.553074334658916,NA,5.389942291838417
NA,NA,2019,NA,NA,NA,2019-6,201901,V-27,0.013912080357285,170569.63941107484,162,193,1,80.11,13.21,NA,0.9814,0.2139,3/17/2021,missing L3 WL and L chela,0,61.99908,-175.17202,80,0.4,4,EBS,0.21795394334624005,21.795394334624003,NA,4.588125292192614
NA,NA,2019,NA,NA,NA,2019-8,201901,V-27,0.013912080357285,170569.63941107484,162,193,1,78.86,13.02,190.5,1.0815,0.2794,3/17/2021,,0,61.99908,-175.17202,80,0.4,4,EBS,0.2583448913546001,25.83448913546001,NA,3.8707945597709377
NA,NA,2019,NA,NA,NA,2019-9,201901,V-27,0.013912080357285,170569.63941107484,162,193,1,87.42,14.75,NA,1.1223,0.2368,3/17/2021,"missing L chela, L4WL and R2WL",0,61.99908,-175.17202,80,0.4,4,EBS,0.21099527755502093,21.09952775550209,NA,4.7394425675675675
NA,NA,2019,NA,NA,NA,2019-104,201902,AA-23,0.014365230067056,72158.1335740092,162,42,2,48.8,0,35.1,0.9236,0.2553,4/26/2021,,0,63.6616,-172.72117,56,0.3,8,NBS,0.27641836292767435,27.641836292767437,NA,3.6177046611829216
NA,NA,2019,NA,NA,NA,2019-93,201902,AA-23,0.014365230067056,72158.1335740092,162,42,2,48.55,0,37.6,0.9526,0.1584,4/20/2021,R123,0,63.6616,-172.72117,56,0.3,8,NBS,0.16628175519630486,16.628175519630485,NA,6.013888888888888
NA,NA,2019,NA,NA,NA,2019-129,201902,FF-18,0.0121191759469935,4703.2900792351675,162,18,2,60.58,0,90.2,0.8614,0.215,4/29/2021,R9,0,65.22397,-168.90444,53,2.1,9,NBS,0.24959368469932666,24.959368469932667,NA,4.006511627906977
NA,NA,2019,NA,NA,NA,2019-57,201902,V-24,0.01412747210032455,570605.7752409088,94,1,2,52.24,0,44.8,0.5479,0.1462,3/30/2021,R123,0,62.00723,-173.08002,58,0.8,7,NBS,0.2668370140536594,26.68370140536594,NA,3.7476060191518474
NA,NA,2019,NA,NA,NA,2019-135,201902,W-26,0.0141509820878085,208473.85302972078,162,2,2,56.16,0,58,0.7661,0.1977,5/5/2021,R12,0,62.33512,-174.57173,71,-0.5,7,NBS,0.2580603054431536,25.806030544315362,NA,3.8750632271117857
NA,NA,2019,NA,NA,NA,2019-137,201902,W-26,0.0141509820878085,208473.85302972078,162,2,2,59.29,0,64.9,1.0347,0.2058,5/5/2021,R12,0,62.33512,-174.57173,71,-0.5,7,NBS,0.19889823137141202,19.889823137141203,NA,5.027696793002915
NA,NA,2019,NA,NA,NA,2019-144,201902,W-26,0.0141509820878085,208473.85302972078,162,2,2,57.9,0,59.9,0.7927,0.2082,5/7/2021,,0,62.33512,-174.57173,71,-0.5,7,NBS,0.2626466506875237,26.264665068752368,NA,3.807396733909702
NA,NA,2019,NA,NA,NA,2019-16,201902,W-27,0.01495924640185965,67622.14170589813,162,1,1,80.69,14.25,208.7,0.9922,0.2586,3/19/2021,,0,62.31661,-175.31904,80,0.2,7,NBS,0.2606329369078815,26.063293690788147,NA,3.836813611755607
NA,NA,2019,NA,NA,NA,2019-4,201902,W-27,0.01495924640185965,67622.14170589813,162,1,1,78.97,12.31,189.2,0.7634,0.1697,3/17/2021,,0,62.31661,-175.31904,80,0.2,7,NBS,0.2222949960702122,22.229499607021218,NA,4.498526812021214
NA,NA,2019,NA,NA,NA,2019-5,201902,W-27,0.01495924640185965,67622.14170589813,162,1,1,78.61,12.83,175.1,1.0278,0.2458,3/17/2021,,0,62.31661,-175.31904,80,0.2,7,NBS,0.23915158591165595,23.915158591165593,NA,4.181448331977218
NA,NA,2019,NA,NA,NA,2019-152,201902,ZZ-24,0.0145769275375977,129981.0769528085,162,46,2,50.24,0,42.9,0.575,0.1759,5/11/2021,R8,0,63.33692,-173.40604,71,0,8,NBS,0.30591304347826087,30.59130434782609,NA,3.268902785673678
NA,NA,2022,NA,NA,NA,VA-2,202201,I-18,0.0144576781357008,3804.206974575452,94,94,2,50.31,0,NA,NA,NA,,,0,57.65536,-168.40507,70,1,2,EBS,NA,NA,NA,NA
NA,NA,2022,NA,NA,NA,VA-3,202201,I-18,0.0144576781357008,3804.206974575452,94,94,2,52.4,0,NA,NA,NA,,,0,57.65536,-168.40507,70,1,2,EBS,NA,NA,NA,NA
NA,NA,2022,NA,NA,NA,VA-6,202201,I-18,0.0144576781357008,3804.206974575452,94,94,2,53.77,0,NA,NA,NA,,,0,57.65536,-168.40507,70,1,2,EBS,NA,NA,NA,NA
NA,NA,2022,NA,NA,NA,VA-15,202201,I-18,0.0144576781357008,3804.206974575452,94,94,2,49.17,0,NA,NA,NA,,,0,57.65536,-168.40507,70,1,2,EBS,NA,NA,NA,NA
NA,NA,2022,NA,NA,NA,VA-16,202201,I-18,0.0144576781357008,3804.206974575452,94,94,2,49.47,0,NA,NA,NA,,,0,57.65536,-168.40507,70,1,2,EBS,NA,NA,NA,NA
NA,NA,2022,NA,NA,NA,VA-20,202201,IH1918,0.0145816081350786,205.73862445137152,94,93,2,50.38,0,NA,NA,NA,,,0,57.48975,-168.7529,72,1.3,2,EBS,NA,NA,NA,NA
NA,NA,2022,NA,NA,NA,AKK-177,202201,J-25,0.0158223501517257,252.8069447106586,162,164,1,75.45,13.44,163,NA,NA,,,0,58.00653,-172.85404,109,2.7,6,EBS,NA,NA,NA,NA
NA,NA,2022,NA,NA,NA,VA-22,202201,JI2120,0.0143734547870595,904.4450476655043,94,107,1,93.06,16.66,NA,NA,NA,,,0,57.82862,-169.97711,72,0.5,2,EBS,NA,NA,NA,NA
NA,NA,2022,NA,NA,NA,VA-14,202201,K-01,0.0157000925023635,191.08167671931733,94,97,2,45.47,0,NA,NA,NA,,,0,58.31114,-167.83477,61,0.8,3,EBS,NA,NA,NA,NA
NA,NA,2022,NA,NA,NA,VA-1,202201,K-19,0.01376736639424575,726.3553328674125,94,110,2,59.11,0,NA,NA,NA,,,0,58.33895,-169.11492,68,0.9,3,EBS,NA,NA,NA,NA
NA,NA,2022,NA,NA,NA,VA-9,202201,K-19,0.01376736639424575,726.3553328674125,94,110,2,47.25,0,34,NA,NA,,,0,58.33895,-169.11492,68,0.9,3,EBS,NA,NA,NA,NA
NA,NA,2022,NA,NA,NA,AKK-184,202201,K-21,0.0147477976263255,10883.981057176547,162,128,1,93.14,18.31,211,NA,NA,,,0,58.33725,-170.38538,75,0,3,EBS,NA,NA,NA,NA
NA,NA,2022,NA,NA,NA,AKK-174,202201,K-22,0.0134014223323332,2462.4251950020193,162,129,1,94.22,17.41,340,NA,NA,,,0,58.33816,-171.01678,84,-0.6,3,EBS,NA,NA,NA,NA
NA,NA,2022,NA,NA,NA,AKK-193,202201,L-21,0.0154052492643621,18953.577120979517,162,127,1,104.35,19.36,397,NA,NA,,,0,58.66451,-170.43344,74,-0.1,3,EBS,NA,NA,NA,NA
NA,NA,2022,NA,NA,NA,AKK-194,202201,L-21,0.0154052492643621,18953.577120979517,162,127,1,98.57,18.28,268,NA,NA,,,0,58.66451,-170.43344,74,-0.1,3,EBS,NA,NA,NA,NA
NA,NA,2022,NA,NA,NA,AKK-198,202201,L-21,0.0154052492643621,18953.577120979517,162,127,1,95.81,17.86,256,NA,NA,,,0,58.66451,-170.43344,74,-0.1,3,EBS,NA,NA,NA,NA
NA,NA,2022,NA,NA,NA,AKK-199,202201,L-21,0.0154052492643621,18953.577120979517,162,127,1,96.21,17.5,220,NA,NA,,,0,58.66451,-170.43344,74,-0.1,3,EBS,NA,NA,NA,NA
NA,NA,2022,NA,NA,NA,AKK-170,202201,L-22,0.015646566222837,8308.532245896742,162,126,1,90.57,17.17,337,NA,NA,,,0,58.66466,-171.0847,83,-0.4,3,EBS,NA,NA,NA,NA
NA,NA,2022,NA,NA,NA,VA-5,202201,L-23,0.0139560687605196,111903.73355124217,94,134,1,76.8,15.33,186,NA,NA,,,1,58.66024,-171.7168,91,-0.2,3,EBS,NA,NA,NA,NA
NA,NA,2022,NA,NA,NA,VA-8,202201,M-19,0.01334221746820875,824.4506601852592,94,112,1,91.56,16.92,NA,NA,NA,,SC3- skip molt?,0,58.98863,-169.17239,54,1.6,3,EBS,NA,NA,NA,NA
NA,NA,2022,NA,NA,NA,VA-12,202201,M-19,0.01334221746820875,824.4506601852592,94,112,2,51.4,0,NA,NA,NA,,,0,58.98863,-169.17239,54,1.6,3,EBS,NA,NA,NA,NA
NA,NA,2022,NA,NA,NA,VA-27,202201,M-19,0.01334221746820875,824.4506601852592,94,112,2,46.02,0,NA,NA,NA,,,0,58.98863,-169.17239,54,1.6,3,EBS,NA,NA,NA,NA
NA,NA,2022,NA,NA,NA,VA-18,202201,M-20,0.01444634633164635,761.4382036448386,94,117,2,53.74,0,NA,NA,NA,,,0,59.0026,-169.83127,63,0.9,3,EBS,NA,NA,NA,NA
NA,NA,2022,NA,NA,NA,AKK-165,202201,M-21,0.01568123862187905,7269.8338918803875,162,124,1,93.41,17.06,231,NA,NA,,,0,59.01035,-170.48345,71,0.1,3,EBS,NA,NA,NA,NA
NA,NA,2022,NA,NA,NA,VA-30,202201,M-23,0.0140018327236557,16234.760440749686,94,135,1,92.7,18.74,328,NA,NA,,,0,58.99078,-171.77895,87,0.1,3,EBS,NA,NA,NA,NA
NA,NA,2022,NA,NA,NA,VA-31,202201,M-23,0.0140018327236557,16234.760440749686,94,135,1,71.72,11.92,138,NA,NA,,,0,58.99078,-171.77895,87,0.1,3,EBS,NA,NA,NA,NA
NA,NA,2022,NA,NA,NA,VA-4,202201,N-19,0.0143473036177779,906.0936010228123,94,115,1,85.13,16.39,NA,NA,NA,,molting,0,59.34587,-169.22528,50,2.5,3,EBS,NA,NA,NA,NA
NA,NA,2022,NA,NA,NA,VA-7,202201,N-20,0.014743351437738,14228.08110393819,94,116,2,48.03,0,NA,NA,NA,,,0,59.32724,-169.88624,61,0.8,3,EBS,NA,NA,NA,NA
NA,NA,2022,NA,NA,NA,VA-24,202201,N-20,0.014743351437738,14228.08110393819,94,116,2,50.48,0,NA,NA,NA,,,0,59.32724,-169.88624,61,0.8,3,EBS,NA,NA,NA,NA
NA,NA,2022,NA,NA,NA,VA-37,202201,N-20,0.014743351437738,14228.08110393819,94,116,2,43.71,0,NA,NA,NA,,,0,59.32724,-169.88624,61,0.8,3,EBS,NA,NA,NA,NA
NA,NA,2022,NA,NA,NA,AKK-162,202201,N-21,0.01561344722004375,183796.20141258973,162,123,1,98.91,18.48,348,NA,NA,,,0,59.32744,-170.53788,69,0.1,3,EBS,NA,NA,NA,NA
NA,NA,2022,NA,NA,NA,AKK-200,202201,N-21,0.01561344722004375,183796.20141258973,162,123,1,87.15,15.57,NA,NA,NA,,,0,59.32744,-170.53788,69,0.1,3,EBS,NA,NA,NA,NA
NA,NA,2022,NA,NA,NA,VA-13,202201,N-22,0.0147892139459064,5138.880286537238,94,137,1,82.5,12.78,186,NA,NA,,,0,59.32165,-171.17434,74,-0.2,3,EBS,NA,NA,NA,NA
NA,NA,2022,NA,NA,NA,VA-10,202201,N-23,0.0145612093133925,6043.45409134824,94,136,1,90.56,14.37,NA,NA,NA,,,0,59.33373,-171.84187,79,-0.5,3,EBS,NA,NA,NA,NA
NA,NA,2022,NA,NA,NA,VA-11,202201,N-23,0.0145612093133925,6043.45409134824,94,136,1,74.13,10.66,NA,NA,NA,,,0,59.33373,-171.84187,79,-0.5,3,EBS,NA,NA,NA,NA
NA,NA,2022,NA,NA,NA,AKK-172,202201,N-24,0.015210524863644,2761.2459383560035,162,150,1,99.68,18.86,342,NA,NA,,,0,59.3343,-172.50217,88,-0.1,3,EBS,NA,NA,NA,NA
NA,NA,2022,NA,NA,NA,VA-21,202201,O-22,0.0139526733302055,20712.87653344232,94,138,1,73,11.05,128,NA,NA,,,0,59.66689,-171.25353,71,-0.2,3,EBS,NA,NA,NA,NA
NA,NA,2022,NA,NA,NA,VA-23,202201,O-22,0.0139526733302055,20712.87653344232,94,138,1,73.13,10.12,124,NA,NA,,,0,59.66689,-171.25353,71,-0.2,3,EBS,NA,NA,NA,NA
NA,NA,2022,NA,NA,NA,VA-35,202201,O-22,0.0139526733302055,20712.87653344232,94,138,1,74.69,11.27,144,NA,NA,,,0,59.66689,-171.25353,71,-0.2,3,EBS,NA,NA,NA,NA
NA,NA,2022,NA,NA,NA,VA-38,202201,O-22,0.0139526733302055,20712.87653344232,94,138,1,85.92,13.37,202,NA,NA,,,0,59.66689,-171.25353,71,-0.2,3,EBS,NA,NA,NA,NA
NA,NA,2022,NA,NA,NA,VA-39,202201,O-22,0.0139526733302055,20712.87653344232,94,138,1,78.46,11.95,176,NA,NA,,,0,59.66689,-171.25353,71,-0.2,3,EBS,NA,NA,NA,NA
NA,NA,2022,NA,NA,NA,VA-40,202201,O-22,0.0139526733302055,20712.87653344232,94,138,1,77.42,11.01,164,NA,NA,,,0,59.66689,-171.25353,71,-0.2,3,EBS,NA,NA,NA,NA
NA,NA,2022,NA,NA,NA,VA-58,202201,O-23,0.0149248049130708,51114.168958543436,94,139,1,71.07,12.97,150,NA,NA,,,0,59.66055,-171.86433,77,-0.7,3,EBS,NA,NA,NA,NA
NA,NA,2022,NA,NA,NA,AKK-179,202201,O-24,0.01493801723623275,7162.93188767163,162,151,1,89.51,16.56,265,NA,NA,,,0,59.6709,-172.57502,84,-0.5,3,EBS,NA,NA,NA,NA
NA,NA,2022,NA,NA,NA,AKK-182,202201,O-24,0.01493801723623275,7162.93188767163,162,151,1,83.96,16.71,252,NA,NA,,,0,59.6709,-172.57502,84,-0.5,3,EBS,NA,NA,NA,NA
NA,NA,2022,NA,NA,NA,AKK-185,202201,O-24,0.01493801723623275,7162.93188767163,162,151,1,75.34,12.28,159,NA,NA,,,0,59.6709,-172.57502,84,-0.5,3,EBS,NA,NA,NA,NA
NA,NA,2022,NA,NA,NA,AKK-190,202201,O-24,0.01493801723623275,7162.93188767163,162,151,1,78.44,14.23,195,NA,NA,,,0,59.6709,-172.57502,84,-0.5,3,EBS,NA,NA,NA,NA
NA,NA,2022,NA,NA,NA,AKK-192,202201,O-24,0.01493801723623275,7162.93188767163,162,151,1,85.78,14.12,241,NA,NA,,,0,59.6709,-172.57502,84,-0.5,3,EBS,NA,NA,NA,NA
NA,NA,2022,NA,NA,NA,AKK-195,202201,O-24,0.01493801723623275,7162.93188767163,162,151,1,80.79,19.49,194,NA,NA,,,1,59.6709,-172.57502,84,-0.5,3,EBS,NA,NA,NA,NA
NA,NA,2022,NA,NA,NA,VA-86,202201,O-29,0.0150490375448259,1063.1909151891948,94,178,2,59.74,0,NA,NA,NA,,,0,59.666,-175.82968,136,1.9,5,EBS,NA,NA,NA,NA
NA,NA,2022,NA,NA,NA,AKK-161,202201,P-20,0.0145989654722175,6438.812406186336,162,120,1,84.28,15.07,234,NA,NA,,close to molting,0,59.99996,-169.97629,55,1,4,EBS,NA,NA,NA,NA
NA,NA,2022,NA,NA,NA,VA-17,202201,P-22,0.0142794404938185,15686.889139456724,94,142,1,84.01,11.15,222,NA,NA,,,0,59.98028,-171.2998,68,-0.2,4,EBS,NA,NA,NA,NA
NA,NA,2022,NA,NA,NA,VA-19,202201,P-22,0.0142794404938185,15686.889139456724,94,142,1,71.89,10.38,148,NA,NA,,,0,59.98028,-171.2998,68,-0.2,4,EBS,NA,NA,NA,NA
NA,NA,2022,NA,NA,NA,VA-25,202201,P-22,0.0142794404938185,15686.889139456724,94,142,2,57.41,0,NA,NA,NA,,,0,59.98028,-171.2998,68,-0.2,4,EBS,NA,NA,NA,NA
NA,NA,2022,NA,NA,NA,VA-26,202201,P-22,0.0142794404938185,15686.889139456724,94,142,1,70.75,10.18,124,NA,NA,,,0,59.98028,-171.2998,68,-0.2,4,EBS,NA,NA,NA,NA
NA,NA,2022,NA,NA,NA,VA-29,202201,P-22,0.0142794404938185,15686.889139456724,94,142,2,56.36,0,58,NA,NA,,,0,59.98028,-171.2998,68,-0.2,4,EBS,NA,NA,NA,NA
NA,NA,2022,NA,NA,NA,VA-32,202201,P-22,0.0142794404938185,15686.889139456724,94,142,1,73.24,10.9,NA,NA,NA,,,0,59.98028,-171.2998,68,-0.2,4,EBS,NA,NA,NA,NA
NA,NA,2022,NA,NA,NA,VA-33,202201,P-22,0.0142794404938185,15686.889139456724,94,142,1,79.32,12.53,174,NA,NA,,,0,59.98028,-171.2998,68,-0.2,4,EBS,NA,NA,NA,NA
NA,NA,2022,NA,NA,NA,VA-34,202201,P-22,0.0142794404938185,15686.889139456724,94,142,2,60.02,0,66,NA,NA,,,0,59.98028,-171.2998,68,-0.2,4,EBS,NA,NA,NA,NA
NA,NA,2022,NA,NA,NA,VA-36,202201,P-22,0.0142794404938185,15686.889139456724,94,142,1,78.2,11.87,184,NA,NA,,,0,59.98028,-171.2998,68,-0.2,4,EBS,NA,NA,NA,NA
NA,NA,2022,NA,NA,NA,VA-85,202201,P-30,0.01517651079206625,3624.021407394385,94,179,1,87.2,16.43,280,NA,NA,,,0,60.0072,-176.71824,141,2,5,EBS,NA,NA,NA,NA
NA,NA,2022,NA,NA,NA,VA-28,202201,PO2423,0.01429229508102,33492.30457994699,94,140,1,75.04,12.58,146,NA,NA,,,0,59.82478,-172.25274,75,-0.6,4,EBS,NA,NA,NA,NA
NA,NA,2022,NA,NA,NA,VA-79,202201,PO2423,0.01429229508102,33492.30457994699,94,140,2,45.49,0,NA,NA,NA,,,0,59.82478,-172.25274,75,-0.6,4,EBS,NA,NA,NA,NA
NA,NA,2022,NA,NA,NA,AKK-178,202201,PO2524,0.0154902341503536,9877.190913638153,162,157,1,75.68,13.24,187,NA,NA,,,0,59.82958,-172.93313,80,-0.5,4,EBS,NA,NA,NA,NA
NA,NA,2022,NA,NA,NA,VA-42,202201,Q-22,0.0138047175854676,10141.460637150574,94,143,1,76.53,12.17,172,NA,NA,,,0,60.32517,-171.3717,65,0,4,EBS,NA,NA,NA,NA
NA,NA,2022,NA,NA,NA,VA-53,202201,Q-22,0.0138047175854676,10141.460637150574,94,143,1,83.19,11.75,220,NA,NA,,,0,60.32517,-171.3717,65,0,4,EBS,NA,NA,NA,NA
NA,NA,2022,NA,NA,NA,VA-54,202201,Q-22,0.0138047175854676,10141.460637150574,94,143,1,84.07,12.55,216,NA,NA,,,0,60.32517,-171.3717,65,0,4,EBS,NA,NA,NA,NA
NA,NA,2022,NA,NA,NA,VA-60,202201,Q-22,0.0138047175854676,10141.460637150574,94,143,1,83.67,12.89,NA,NA,NA,,,0,60.32517,-171.3717,65,0,4,EBS,NA,NA,NA,NA
NA,NA,2022,NA,NA,NA,VA-63,202201,Q-22,0.0138047175854676,10141.460637150574,94,143,1,78.09,12.31,184,NA,NA,,,0,60.32517,-171.3717,65,0,4,EBS,NA,NA,NA,NA
NA,NA,2022,NA,NA,NA,VA-74,202201,Q-22,0.0138047175854676,10141.460637150574,94,143,1,73.82,10.33,142,NA,NA,,,0,60.32517,-171.3717,65,0,4,EBS,NA,NA,NA,NA
NA,NA,2022,NA,NA,NA,VA-41,202201,Q-23,0.0130135724094684,1189789.816571397,94,149,2,54.39,0,52,NA,NA,,,0,60.34951,-172.06765,59,0.1,4,EBS,NA,NA,NA,NA
NA,NA,2022,NA,NA,NA,VA-50,202201,Q-23,0.0130135724094684,1189789.816571397,94,149,2,50.95,0,42,NA,NA,,,0,60.34951,-172.06765,59,0.1,4,EBS,NA,NA,NA,NA
NA,NA,2022,NA,NA,NA,AKK-163,202201,Q-31,0.0168178829726754,1664.8944486944388,162,186,2,41.01,0,29,NA,NA,,,0,60.33585,-177.37448,149,1.6,5,EBS,NA,NA,NA,NA
NA,NA,2022,NA,NA,NA,AKK-175,202201,Q-31,0.0168178829726754,1664.8944486944388,162,186,2,32,0,43.7,NA,NA,,,0,60.33585,-177.37448,149,1.6,5,EBS,NA,NA,NA,NA
NA,NA,2022,NA,NA,NA,AKK-188,202201,Q-31,0.0168178829726754,1664.8944486944388,162,186,2,58.05,0,71,NA,NA,,,0,60.33585,-177.37448,149,1.6,5,EBS,NA,NA,NA,NA
NA,NA,2022,NA,NA,NA,AKK-186,202201,QP2625,0.0161361840087327,373857.49609295576,162,153,1,94.9,19.13,374,NA,NA,,,0,60.13564,-173.7605,88,-0.2,4,EBS,NA,NA,NA,NA
NA,NA,2022,NA,NA,NA,VA-52,202201,R-22,0.013571120376594,2800.0635869046073,94,144,1,72.14,10.42,NA,NA,NA,,,0,60.65603,-171.43412,62,0.2,4,EBS,NA,NA,NA,NA
NA,NA,2022,NA,NA,NA,VA-43,202201,R-23,0.0146677708966041,166023.04311719222,94,148,2,51.15,0,NA,NA,NA,,,0,60.68129,-172.11482,60,-0.2,4,EBS,NA,NA,NA,NA
NA,NA,2022,NA,NA,NA,VA-47,202201,R-23,0.0146677708966041,166023.04311719222,94,148,2,49.58,0,NA,NA,NA,,,0,60.68129,-172.11482,60,-0.2,4,EBS,NA,NA,NA,NA
NA,NA,2022,NA,NA,NA,VA-48,202201,R-23,0.0146677708966041,166023.04311719222,94,148,2,48.21,0,NA,NA,NA,,,0,60.68129,-172.11482,60,-0.2,4,EBS,NA,NA,NA,NA
NA,NA,2022,NA,NA,NA,VA-49,202201,R-23,0.0146677708966041,166023.04311719222,94,148,1,74.39,10.7,NA,NA,NA,,,0,60.68129,-172.11482,60,-0.2,4,EBS,NA,NA,NA,NA
NA,NA,2022,NA,NA,NA,VA-57,202201,R-23,0.0146677708966041,166023.04311719222,94,148,2,48.21,0,36,NA,NA,,,0,60.68129,-172.11482,60,-0.2,4,EBS,NA,NA,NA,NA
NA,NA,2022,NA,NA,NA,VA-67,202201,R-23,0.0146677708966041,166023.04311719222,94,148,2,47.35,0,34,NA,NA,,,0,60.68129,-172.11482,60,-0.2,4,EBS,NA,NA,NA,NA
NA,NA,2022,NA,NA,NA,VA-73,202201,R-23,0.0146677708966041,166023.04311719222,94,148,2,54.48,0,NA,NA,NA,,,0,60.68129,-172.11482,60,-0.2,4,EBS,NA,NA,NA,NA
NA,NA,2022,NA,NA,NA,VA-76,202201,R-23,0.0146677708966041,166023.04311719222,94,148,2,49.67,0,NA,NA,NA,,,0,60.68129,-172.11482,60,-0.2,4,EBS,NA,NA,NA,NA
NA,NA,2022,NA,NA,NA,VA-78,202201,R-23,0.0146677708966041,166023.04311719222,94,148,1,75.86,14.24,180,NA,NA,,,0,60.68129,-172.11482,60,-0.2,4,EBS,NA,NA,NA,NA
NA,NA,2022,NA,NA,NA,VA-55,202201,R-25,0.0145482182792232,2062.108185635626,94,155,2,47.76,0,32,NA,NA,,,0,60.66665,-173.44639,64,3.2,4,EBS,NA,NA,NA,NA
NA,NA,2022,NA,NA,NA,VA-65,202201,R-25,0.0145482182792232,2062.108185635626,94,155,2,47.69,0,36,NA,NA,,,0,60.66665,-173.44639,64,3.2,4,EBS,NA,NA,NA,NA
NA,NA,2022,NA,NA,NA,VA-69,202201,R-25,0.0145482182792232,2062.108185635626,94,155,2,49.78,0,NA,NA,NA,,,0,60.66665,-173.44639,64,3.2,4,EBS,NA,NA,NA,NA
NA,NA,2022,NA,NA,NA,VA-80,202201,R-25,0.0145482182792232,2062.108185635626,94,155,2,46.87,0,36,NA,NA,,,0,60.66665,-173.44639,64,3.2,4,EBS,NA,NA,NA,NA
NA,NA,2022,NA,NA,NA,VA-44,202201,R-26,0.013987965863223,67629.99561553323,94,156,2,55.66,0,NA,NA,NA,,,0,60.67961,-174.14472,86,-0.5,4,EBS,NA,NA,NA,NA
NA,NA,2022,NA,NA,NA,VA-45,202201,R-26,0.013987965863223,67629.99561553323,94,156,1,80.16,12.22,162,NA,NA,,,0,60.67961,-174.14472,86,-0.5,4,EBS,NA,NA,NA,NA
NA,NA,2022,NA,NA,NA,VA-46,202201,R-26,0.013987965863223,67629.99561553323,94,156,2,49.03,0,40,NA,NA,,,0,60.67961,-174.14472,86,-0.5,4,EBS,NA,NA,NA,NA
NA,NA,2022,NA,NA,NA,VA-56,202201,R-26,0.013987965863223,67629.99561553323,94,156,1,72.44,10.59,130,NA,NA,,,0,60.67961,-174.14472,86,-0.5,4,EBS,NA,NA,NA,NA
NA,NA,2022,NA,NA,NA,VA-61,202201,R-26,0.013987965863223,67629.99561553323,94,156,1,76.71,11.31,158,NA,NA,,,0,60.67961,-174.14472,86,-0.5,4,EBS,NA,NA,NA,NA
NA,NA,2022,NA,NA,NA,VA-72,202201,R-26,0.013987965863223,67629.99561553323,94,156,1,75.63,11.43,156,NA,NA,,,0,60.67961,-174.14472,86,-0.5,4,EBS,NA,NA,NA,NA
NA,NA,2022,NA,NA,NA,VA-75,202201,R-26,0.013987965863223,67629.99561553323,94,156,1,74.13,11.32,140,NA,NA,,,0,60.67961,-174.14472,86,-0.5,4,EBS,NA,NA,NA,NA
NA,NA,2022,NA,NA,NA,VA-77,202201,R-26,0.013987965863223,67629.99561553323,94,156,1,80.54,12.61,186,NA,NA,,,0,60.67961,-174.14472,86,-0.5,4,EBS,NA,NA,NA,NA
NA,NA,2022,NA,NA,NA,VA-91,202201,R-27,0.014703665195736,44420.134796690516,94,190,2,51.43,0,NA,NA,NA,,,0,60.65575,-174.81936,97,0.7,4,EBS,NA,NA,NA,NA
NA,NA,2022,NA,NA,NA,VA-92,202201,R-27,0.014703665195736,44420.134796690516,94,190,1,65.17,13.49,NA,NA,NA,,,1,60.65575,-174.81936,97,0.7,4,EBS,NA,NA,NA,NA
NA,NA,2022,NA,NA,NA,VA-89,202201,R-28,0.0152135482718835,63836.188813023335,94,187,2,55.58,0,60,NA,NA,,,0,60.68487,-175.45661,106,1.1,5,EBS,NA,NA,NA,NA
NA,NA,2022,NA,NA,NA,VA-90,202201,R-28,0.0152135482718835,63836.188813023335,94,187,2,60.22,0,72,NA,NA,,,0,60.68487,-175.45661,106,1.1,5,EBS,NA,NA,NA,NA
NA,NA,2022,NA,NA,NA,VA-51,202201,S-23,0.0137896716832875,103693.36651669347,94,147,2,52.25,0,46,NA,NA,,,0,61.00486,-172.15955,62,-0.4,4,EBS,NA,NA,NA,NA
NA,NA,2022,NA,NA,NA,VA-59,202201,S-23,0.0137896716832875,103693.36651669347,94,147,1,75.99,13.85,170,NA,NA,,,0,61.00486,-172.15955,62,-0.4,4,EBS,NA,NA,NA,NA
NA,NA,2022,NA,NA,NA,VA-64,202201,S-23,0.0137896716832875,103693.36651669347,94,147,1,85.2,13.62,198,NA,NA,,,0,61.00486,-172.15955,62,-0.4,4,EBS,NA,NA,NA,NA
NA,NA,2022,NA,NA,NA,VA-66,202201,S-23,0.0137896716832875,103693.36651669347,94,147,2,52.51,0,48,NA,NA,,,0,61.00486,-172.15955,62,-0.4,4,EBS,NA,NA,NA,NA
NA,NA,2022,NA,NA,NA,VA-68,202201,S-23,0.0137896716832875,103693.36651669347,94,147,2,45.25,0,30,NA,NA,,,0,61.00486,-172.15955,62,-0.4,4,EBS,NA,NA,NA,NA
NA,NA,2022,NA,NA,NA,VA-70,202201,S-23,0.0137896716832875,103693.36651669347,94,147,2,51.16,0,46,NA,NA,,,0,61.00486,-172.15955,62,-0.4,4,EBS,NA,NA,NA,NA
NA,NA,2022,NA,NA,NA,VA-71,202201,S-23,0.0137896716832875,103693.36651669347,94,147,2,49.39,0,NA,NA,NA,,,0,61.00486,-172.15955,62,-0.4,4,EBS,NA,NA,NA,NA
NA,NA,2022,NA,NA,NA,VA-62,202201,S-25,0.0150755928070506,279563.7481020918,94,154,2,48.69,0,NA,NA,NA,,,0,60.99834,-173.48328,74,-0.8,4,EBS,NA,NA,NA,NA
NA,NA,2022,NA,NA,NA,VA-81,202201,S-25,0.0150755928070506,279563.7481020918,94,154,2,81.61,0,NA,NA,NA,,,0,60.99834,-173.48328,74,-0.8,4,EBS,NA,NA,NA,NA
NA,NA,2022,NA,NA,NA,VA-82,202201,S-25,0.0150755928070506,279563.7481020918,94,154,2,47.69,0,30,NA,NA,,,0,60.99834,-173.48328,74,-0.8,4,EBS,NA,NA,NA,NA
NA,NA,2022,NA,NA,NA,VA-83,202201,S-25,0.0150755928070506,279563.7481020918,94,154,2,48.16,0,NA,NA,NA,,,0,60.99834,-173.48328,74,-0.8,4,EBS,NA,NA,NA,NA
NA,NA,2022,NA,NA,NA,VA-84,202201,S-25,0.0150755928070506,279563.7481020918,94,154,2,50.44,0,NA,NA,NA,,,0,60.99834,-173.48328,74,-0.8,4,EBS,NA,NA,NA,NA
NA,NA,2022,NA,NA,NA,VA-93,202201,S-27,0.0151737267491271,5469.981196595276,94,191,1,102.73,16.94,NA,NA,NA,,,0,60.98942,-174.88082,91,0,4,EBS,NA,NA,NA,NA
NA,NA,2022,NA,NA,NA,VA-94,202201,S-27,0.0151737267491271,5469.981196595276,94,191,1,79.32,11.05,NA,NA,NA,,,0,60.98942,-174.88082,91,0,4,EBS,NA,NA,NA,NA
NA,NA,2022,NA,NA,NA,VA-95,202201,S-27,0.0151737267491271,5469.981196595276,94,191,1,94.73,14.33,NA,NA,NA,,,0,60.98942,-174.88082,91,0,4,EBS,NA,NA,NA,NA
NA,NA,2022,NA,NA,NA,VA-87,202201,S-29,0.01525469082286875,19438.957068566433,94,184,1,92.03,15.13,306,NA,NA,,,0,60.99116,-176.27538,111,1.2,5,EBS,NA,NA,NA,NA
NA,NA,2022,NA,NA,NA,VA-88,202201,S-29,0.01525469082286875,19438.957068566433,94,184,2,46.51,0,38,NA,NA,,,0,60.99116,-176.27538,111,1.2,5,EBS,NA,NA,NA,NA
NA,NA,2022,NA,NA,NA,AKK-171,202201,S-30,0.015650712111474,19999.089994795217,162,190,1,99.08,18.71,364,NA,NA,,,0,61.00888,-176.96671,122,1.6,5,EBS,NA,NA,NA,NA
NA,NA,2022,NA,NA,NA,AKK-183,202201,S-30,0.015650712111474,19999.089994795217,162,190,1,107.01,21.31,451,NA,NA,,,0,61.00888,-176.96671,122,1.6,5,EBS,NA,NA,NA,NA
NA,NA,2022,NA,NA,NA,AKK-196,202201,S-31,0.0167529499598835,3163.621936847746,162,189,1,84.07,13.27,191,NA,NA,,,0,61.00789,-177.6324,135,1.5,5,EBS,NA,NA,NA,NA
NA,NA,2022,NA,NA,NA,VA-96,202201,T-27,0.0161836593900333,44098.88040769817,94,192,2,50.05,0,44,NA,NA,,,0,61.32121,-175.00831,87,-0.6,4,EBS,NA,NA,NA,NA
NA,NA,2022,NA,NA,NA,VA-97,202201,T-27,0.0161836593900333,44098.88040769817,94,192,2,50.8,0,46,NA,NA,,,0,61.32121,-175.00831,87,-0.6,4,EBS,NA,NA,NA,NA
NA,NA,2022,NA,NA,NA,VA-98,202201,T-27,0.0161836593900333,44098.88040769817,94,192,2,56.04,0,60,NA,NA,,,0,61.32121,-175.00831,87,-0.6,4,EBS,NA,NA,NA,NA
NA,NA,2022,NA,NA,NA,VA-99,202201,T-27,0.0161836593900333,44098.88040769817,94,192,2,52.34,0,50,NA,NA,,,0,61.32121,-175.00831,87,-0.6,4,EBS,NA,NA,NA,NA
NA,NA,2022,NA,NA,NA,VA-100,202201,T-27,0.0161836593900333,44098.88040769817,94,192,2,49.8,0,42,NA,NA,,,0,61.32121,-175.00831,87,-0.6,4,EBS,NA,NA,NA,NA
NA,NA,2022,NA,NA,NA,VA-101,202201,T-27,0.0161836593900333,44098.88040769817,94,192,2,56.48,0,60,NA,NA,,,0,61.32121,-175.00831,87,-0.6,4,EBS,NA,NA,NA,NA
NA,NA,2022,NA,NA,NA,AKK-164,202201,T-29,0.01515479123370465,28679.320836394865,162,192,2,46.06,0,32,NA,NA,,,0,61.33116,-176.30919,106,0.9,5,EBS,NA,NA,NA,NA
NA,NA,2022,NA,NA,NA,AKK-167,202201,T-29,0.01515479123370465,28679.320836394865,162,192,2,57.73,0,66,NA,NA,,,0,61.33116,-176.30919,106,0.9,5,EBS,NA,NA,NA,NA
NA,NA,2022,NA,NA,NA,AKK-168,202201,T-29,0.01515479123370465,28679.320836394865,162,192,2,52.02,0,47,NA,NA,,,0,61.33116,-176.30919,106,0.9,5,EBS,NA,NA,NA,NA
NA,NA,2022,NA,NA,NA,AKK-169,202201,T-29,0.01515479123370465,28679.320836394865,162,192,2,59.76,0,72,NA,NA,,,0,61.33116,-176.30919,106,0.9,5,EBS,NA,NA,NA,NA
NA,NA,2022,NA,NA,NA,AKK-181,202201,T-29,0.01515479123370465,28679.320836394865,162,192,1,113.18,22.52,591,NA,NA,,,0,61.33116,-176.30919,106,0.9,5,EBS,NA,NA,NA,NA
NA,NA,2022,NA,NA,NA,AKK-191,202201,T-29,0.01515479123370465,28679.320836394865,162,192,2,47.61,0,25,NA,NA,,,0,61.33116,-176.30919,106,0.9,5,EBS,NA,NA,NA,NA
NA,NA,2022,NA,NA,NA,AKK-197,202201,T-29,0.01515479123370465,28679.320836394865,162,192,2,51.71,0,45,NA,NA,,,0,61.33116,-176.30919,106,0.9,5,EBS,NA,NA,NA,NA
NA,NA,2022,NA,NA,NA,VA-102,202201,U-26,0.0142289277097176,193499.45731466817,94,194,2,51.46,0,48,NA,NA,,,0,61.66746,-174.47425,76,-1.4,4,EBS,NA,NA,NA,NA
NA,NA,2022,NA,NA,NA,VA-103,202201,U-26,0.0142289277097176,193499.45731466817,94,194,2,47.62,0,42,NA,NA,,,0,61.66746,-174.47425,76,-1.4,4,EBS,NA,NA,NA,NA
NA,NA,2022,NA,NA,NA,AKK-166,202201,U-29,0.0162692880258216,6208.015977078965,162,193,1,74.52,13.26,159,NA,NA,,,0,61.66493,-176.47266,105,0,5,EBS,NA,NA,NA,NA
NA,NA,2022,NA,NA,NA,AKK-173,202201,U-29,0.0162692880258216,6208.015977078965,162,193,1,72.52,13.68,145,NA,NA,,,0,61.66493,-176.47266,105,0,5,EBS,NA,NA,NA,NA
NA,NA,2022,NA,NA,NA,AKK-180,202201,U-29,0.0162692880258216,6208.015977078965,162,193,2,56.2,0,60,NA,NA,,,0,61.66493,-176.47266,105,0,5,EBS,NA,NA,NA,NA
NA,NA,2022,NA,NA,NA,VA-128,202202,AA-01,0.0123563785045932,263429.9061646593,94,38,1,53.58,10.79,NA,NA,NA,,,1,63.66443,-168.27987,31,2.5,8,NBS,NA,NA,NA,NA
NA,NA,2022,NA,NA,NA,VA-135,202202,AA-01,0.0123563785045932,263429.9061646593,94,38,1,50.29,8.59,52,NA,NA,,,0,63.66443,-168.27987,31,2.5,8,NBS,NA,NA,NA,NA
NA,NA,2022,NA,NA,NA,VA-137,202202,AA-01,0.0123563785045932,263429.9061646593,94,38,2,45.85,0,36,NA,NA,,,0,63.66443,-168.27987,31,2.5,8,NBS,NA,NA,NA,NA
NA,NA,2022,NA,NA,NA,VA-138,202202,AA-01,0.0123563785045932,263429.9061646593,94,38,2,51.82,0,48,NA,NA,,,0,63.66443,-168.27987,31,2.5,8,NBS,NA,NA,NA,NA
NA,NA,2022,NA,NA,NA,VA-141,202202,AA-01,0.0123563785045932,263429.9061646593,94,38,2,43.71,0,32,NA,NA,,,0,63.66443,-168.27987,31,2.5,8,NBS,NA,NA,NA,NA
NA,NA,2022,NA,NA,NA,VA-142,202202,AA-01,0.0123563785045932,263429.9061646593,94,38,2,46.35,0,38,NA,NA,,,0,63.66443,-168.27987,31,2.5,8,NBS,NA,NA,NA,NA
NA,NA,2022,NA,NA,NA,VA-145,202202,AA-01,0.0123563785045932,263429.9061646593,94,38,1,50.06,8.14,NA,NA,NA,,,0,63.66443,-168.27987,31,2.5,8,NBS,NA,NA,NA,NA
NA,NA,2022,NA,NA,NA,VA-148,202202,AA-01,0.0123563785045932,263429.9061646593,94,38,2,56.06,0,60,NA,NA,,,0,63.66443,-168.27987,31,2.5,8,NBS,NA,NA,NA,NA
NA,NA,2022,NA,NA,NA,VA-112,202202,AA-02,0.0130962446942877,33918.100216449864,94,26,2,53.39,0,NA,NA,NA,,,0,63.68443,-167.53972,28,4,9,NBS,NA,NA,NA,NA
NA,NA,2022,NA,NA,NA,VA-116,202202,AA-02,0.0130962446942877,33918.100216449864,94,26,2,47.31,0,36,NA,NA,,,0,63.68443,-167.53972,28,4,9,NBS,NA,NA,NA,NA
NA,NA,2022,NA,NA,NA,VA-118,202202,AA-02,0.0130962446942877,33918.100216449864,94,26,1,50.49,8.51,NA,NA,NA,,,0,63.68443,-167.53972,28,4,9,NBS,NA,NA,NA,NA
NA,NA,2022,NA,NA,NA,AKK-54,202202,AA-18,0.0126212255677332,426172.5171722803,162,23,1,50.57,8.43,52,NA,NA,,,0,63.67053,-169.00176,35,4.6,8,NBS,NA,NA,NA,NA
NA,NA,2022,NA,NA,NA,AKK-55,202202,AA-18,0.0126212255677332,426172.5171722803,162,23,1,59.01,9.48,77,NA,NA,,,0,63.67053,-169.00176,35,4.6,8,NBS,NA,NA,NA,NA
NA,NA,2022,NA,NA,NA,AKK-56,202202,AA-18,0.0126212255677332,426172.5171722803,162,23,2,43.74,0,27,NA,NA,,,0,63.67053,-169.00176,35,4.6,8,NBS,NA,NA,NA,NA
NA,NA,2022,NA,NA,NA,AKK-57,202202,AA-18,0.0126212255677332,426172.5171722803,162,23,1,52.39,8.55,52,NA,NA,,,0,63.67053,-169.00176,35,4.6,8,NBS,NA,NA,NA,NA
NA,NA,2022,NA,NA,NA,AKK-58,202202,AA-18,0.0126212255677332,426172.5171722803,162,23,2,44.06,0,27,NA,NA,,,0,63.67053,-169.00176,35,4.6,8,NBS,NA,NA,NA,NA
NA,NA,2022,NA,NA,NA,AKK-59,202202,AA-18,0.0126212255677332,426172.5171722803,162,23,2,46.35,0,33,NA,NA,,,0,63.67053,-169.00176,35,4.6,8,NBS,NA,NA,NA,NA
NA,NA,2022,NA,NA,NA,AKK-60,202202,AA-18,0.0126212255677332,426172.5171722803,162,23,2,44.57,0,29,NA,NA,,,0,63.67053,-169.00176,35,4.6,8,NBS,NA,NA,NA,NA
NA,NA,2022,NA,NA,NA,AKK-68,202202,AA-23,0.0134775113425095,254336.92414624535,162,36,1,60.36,12.03,85,NA,NA,,,1,63.66676,-172.69469,55,-0.7,8,NBS,NA,NA,NA,NA
NA,NA,2022,NA,NA,NA,AKK-69,202202,AA-23,0.0134775113425095,254336.92414624535,162,36,1,54.2,10.55,61,NA,NA,,,1,63.66676,-172.69469,55,-0.7,8,NBS,NA,NA,NA,NA
NA,NA,2022,NA,NA,NA,AKK-70,202202,AA-23,0.0134775113425095,254336.92414624535,162,36,1,55.56,8.75,59,NA,NA,,,0,63.66676,-172.69469,55,-0.7,8,NBS,NA,NA,NA,NA
NA,NA,2022,NA,NA,NA,AKK-71,202202,AA-23,0.0134775113425095,254336.92414624535,162,36,2,49.24,0,38,NA,NA,,,0,63.66676,-172.69469,55,-0.7,8,NBS,NA,NA,NA,NA
NA,NA,2022,NA,NA,NA,AKK-72,202202,AA-23,0.0134775113425095,254336.92414624535,162,36,2,46.92,0,37,NA,NA,,,0,63.66676,-172.69469,55,-0.7,8,NBS,NA,NA,NA,NA
NA,NA,2022,NA,NA,NA,AKK-73,202202,AA-23,0.0134775113425095,254336.92414624535,162,36,2,45.09,0,30,NA,NA,,,0,63.66676,-172.69469,55,-0.7,8,NBS,NA,NA,NA,NA
NA,NA,2022,NA,NA,NA,AKK-74,202202,AA-23,0.0134775113425095,254336.92414624535,162,36,2,42.08,0,29,NA,NA,,,0,63.66676,-172.69469,55,-0.7,8,NBS,NA,NA,NA,NA
NA,NA,2022,NA,NA,NA,AKK-75,202202,AA-23,0.0134775113425095,254336.92414624535,162,36,2,40.16,0,23,NA,NA,,,0,63.66676,-172.69469,55,-0.7,8,NBS,NA,NA,NA,NA
NA,NA,2022,NA,NA,NA,AKK-76,202202,AA-23,0.0134775113425095,254336.92414624535,162,36,1,53.7,8.48,59,NA,NA,,,0,63.66676,-172.69469,55,-0.7,8,NBS,NA,NA,NA,NA
NA,NA,2022,NA,NA,NA,AKK-77,202202,AA-23,0.0134775113425095,254336.92414624535,162,36,1,52.05,8.8,54,NA,NA,,,0,63.66676,-172.69469,55,-0.7,8,NBS,NA,NA,NA,NA
NA,NA,2022,NA,NA,NA,VA-105,202202,BB-01,0.01302795444467055,199449.72336489536,94,24,1,51.48,10.55,58,NA,NA,,,1,64.02313,-168.29402,35,3.5,9,NBS,NA,NA,NA,NA
NA,NA,2022,NA,NA,NA,VA-108,202202,BB-01,0.01302795444467055,199449.72336489536,94,24,2,40.63,0,NA,NA,NA,,,0,64.02313,-168.29402,35,3.5,9,NBS,NA,NA,NA,NA
NA,NA,2022,NA,NA,NA,VA-109,202202,BB-01,0.01302795444467055,199449.72336489536,94,24,2,41.98,0,24,NA,NA,,,0,64.02313,-168.29402,35,3.5,9,NBS,NA,NA,NA,NA
NA,NA,2022,NA,NA,NA,VA-114,202202,BB-01,0.01302795444467055,199449.72336489536,94,24,2,43.33,0,28,NA,NA,,,0,64.02313,-168.29402,35,3.5,9,NBS,NA,NA,NA,NA
NA,NA,2022,NA,NA,NA,VA-120,202202,BB-01,0.01302795444467055,199449.72336489536,94,24,2,40.65,0,26,NA,NA,,,0,64.02313,-168.29402,35,3.5,9,NBS,NA,NA,NA,NA
NA,NA,2022,NA,NA,NA,VA-133,202202,BB-01,0.01302795444467055,199449.72336489536,94,24,2,42.38,0,30,NA,NA,,,0,64.02313,-168.29402,35,3.5,9,NBS,NA,NA,NA,NA
NA,NA,2022,NA,NA,NA,VA-134,202202,BB-01,0.01302795444467055,199449.72336489536,94,24,2,43.22,0,30,NA,NA,,,0,64.02313,-168.29402,35,3.5,9,NBS,NA,NA,NA,NA
NA,NA,2022,NA,NA,NA,VA-153,202202,BB-01,0.01302795444467055,199449.72336489536,94,24,2,40.31,0,24,NA,NA,,,0,64.02313,-168.29402,35,3.5,9,NBS,NA,NA,NA,NA
NA,NA,2022,NA,NA,NA,VA-104,202202,BB-02,0.01339783010350785,50799.9836347978,94,25,2,43.82,0,30,NA,NA,,,0,64.01357,-167.57013,33,3.6,9,NBS,NA,NA,NA,NA
NA,NA,2022,NA,NA,NA,VA-107,202202,BB-02,0.01339783010350785,50799.9836347978,94,25,2,41,0,24,NA,NA,,,0,64.01357,-167.57013,33,3.6,9,NBS,NA,NA,NA,NA
NA,NA,2022,NA,NA,NA,VA-110,202202,BB-02,0.01339783010350785,50799.9836347978,94,25,2,41.69,0,NA,NA,NA,,,0,64.01357,-167.57013,33,3.6,9,NBS,NA,NA,NA,NA
NA,NA,2022,NA,NA,NA,VA-111,202202,BB-02,0.01339783010350785,50799.9836347978,94,25,2,43.21,0,30,NA,NA,,,0,64.01357,-167.57013,33,3.6,9,NBS,NA,NA,NA,NA
NA,NA,2022,NA,NA,NA,VA-113,202202,BB-02,0.01339783010350785,50799.9836347978,94,25,2,43.15,0,NA,NA,NA,,,0,64.01357,-167.57013,33,3.6,9,NBS,NA,NA,NA,NA
NA,NA,2022,NA,NA,NA,VA-117,202202,BB-02,0.01339783010350785,50799.9836347978,94,25,2,44.75,0,30,NA,NA,,,0,64.01357,-167.57013,33,3.6,9,NBS,NA,NA,NA,NA
NA,NA,2022,NA,NA,NA,VA-119,202202,BB-02,0.01339783010350785,50799.9836347978,94,25,2,42.02,0,24,NA,NA,,,0,64.01357,-167.57013,33,3.6,9,NBS,NA,NA,NA,NA
NA,NA,2022,NA,NA,NA,AKK-83,202202,BB-18,0.013260126249216,37617.59810013062,162,22,1,57.07,9.03,68,NA,NA,,,0,64.00589,-169.05189,35,3,9,NBS,NA,NA,NA,NA
NA,NA,2022,NA,NA,NA,AKK-84,202202,BB-18,0.013260126249216,37617.59810013062,162,22,1,48.91,7.44,36,NA,NA,,,0,64.00589,-169.05189,35,3,9,NBS,NA,NA,NA,NA
NA,NA,2022,NA,NA,NA,AKK-85,202202,BB-18,0.013260126249216,37617.59810013062,162,22,1,46.69,6.94,29,NA,NA,,,0,64.00589,-169.05189,35,3,9,NBS,NA,NA,NA,NA
NA,NA,2022,NA,NA,NA,AKK-86,202202,BB-18,0.013260126249216,37617.59810013062,162,22,1,47.68,7.61,36,NA,NA,,,0,64.00589,-169.05189,35,3,9,NBS,NA,NA,NA,NA
NA,NA,2022,NA,NA,NA,AKK-87,202202,BB-18,0.013260126249216,37617.59810013062,162,22,1,44.72,6.84,29,NA,NA,,,0,64.00589,-169.05189,35,3,9,NBS,NA,NA,NA,NA
NA,NA,2022,NA,NA,NA,AKK-88,202202,BB-18,0.013260126249216,37617.59810013062,162,22,1,47.56,7.7,32,NA,NA,,,0,64.00589,-169.05189,35,3,9,NBS,NA,NA,NA,NA
NA,NA,2022,NA,NA,NA,AKK-89,202202,BB-18,0.013260126249216,37617.59810013062,162,22,1,45.91,7.24,32,NA,NA,,,0,64.00589,-169.05189,35,3,9,NBS,NA,NA,NA,NA
NA,NA,2022,NA,NA,NA,AKK-90,202202,BB-20,0.0130989800478174,86874.13415746148,162,31,1,51.19,10.6,52,NA,NA,,,1,63.97803,-170.55256,30,4.2,9,NBS,NA,NA,NA,NA
NA,NA,2022,NA,NA,NA,VA-152,202202,CC-01,0.0118590438846297,41023.86201897347,94,23,1,54.58,9.07,NA,NA,NA,,,0,64.33917,-168.36378,39,4.2,9,NBS,NA,NA,NA,NA
NA,NA,2022,NA,NA,NA,VA-106,202202,CC-02,0.0125999182658085,150245.04921885912,94,22,1,54.22,9.53,NA,NA,NA,,,0,64.34441,-167.5762,31,2.7,9,NBS,NA,NA,NA,NA
NA,NA,2022,NA,NA,NA,VA-115,202202,CC-02,0.0125999182658085,150245.04921885912,94,22,2,40.49,0,22,NA,NA,,,0,64.34441,-167.5762,31,2.7,9,NBS,NA,NA,NA,NA
NA,NA,2022,NA,NA,NA,AKK-51,202202,CC-18,0.0126744369696417,907238.4657040165,162,21,2,40.98,0,24,NA,NA,,,0,64.31985,-169.11643,41,1.1,9,NBS,NA,NA,NA,NA
NA,NA,2022,NA,NA,NA,AKK-52,202202,CC-18,0.0126744369696417,907238.4657040165,162,21,1,47.16,7.11,37,NA,NA,,bitter,0,64.31985,-169.11643,41,1.1,9,NBS,NA,NA,NA,NA
NA,NA,2022,NA,NA,NA,AKK-53,202202,CC-18,0.0126744369696417,907238.4657040165,162,21,1,49.83,5.66,44,NA,NA,,bitter,0,64.31985,-169.11643,41,1.1,9,NBS,NA,NA,NA,NA
NA,NA,2022,NA,NA,NA,AKK-41,202202,DD-18,0.0140402641200393,97680.13609106957,162,20,1,58.69,9.38,73,NA,NA,,,0,64.63831,-169.13645,44,1.8,9,NBS,NA,NA,NA,NA
NA,NA,2022,NA,NA,NA,AKK-42,202202,DD-18,0.0140402641200393,97680.13609106957,162,20,1,52.65,9.62,61,NA,NA,,,0,64.63831,-169.13645,44,1.8,9,NBS,NA,NA,NA,NA
NA,NA,2022,NA,NA,NA,AKK-43,202202,DD-18,0.0140402641200393,97680.13609106957,162,20,1,50.02,8.46,44,NA,NA,,,0,64.63831,-169.13645,44,1.8,9,NBS,NA,NA,NA,NA
NA,NA,2022,NA,NA,NA,AKK-47,202202,FF-01,0.0135848158036569,107460.88582276003,162,14,1,55.86,9.45,67,NA,NA,,,0,65.34335,-168.42497,53,2.2,9,NBS,NA,NA,NA,NA
NA,NA,2022,NA,NA,NA,AKK-48,202202,FF-01,0.0135848158036569,107460.88582276003,162,14,1,51.63,8.12,51,NA,NA,,,0,65.34335,-168.42497,53,2.2,9,NBS,NA,NA,NA,NA
NA,NA,2022,NA,NA,NA,AKK-49,202202,FF-01,0.0135848158036569,107460.88582276003,162,14,1,57.26,9.66,70,NA,NA,,,0,65.34335,-168.42497,53,2.2,9,NBS,NA,NA,NA,NA
NA,NA,2022,NA,NA,NA,AKK-50,202202,FF-01,0.0135848158036569,107460.88582276003,162,14,1,54.3,10.11,65,NA,NA,,,0,65.34335,-168.42497,53,2.2,9,NBS,NA,NA,NA,NA
NA,NA,2022,NA,NA,NA,AKK-44,202202,FF-18,0.0135616110725304,39414.17115866798,162,15,2,54.94,0,56,NA,NA,,bitter,0,65.22116,-168.88522,53,1.6,9,NBS,NA,NA,NA,NA
NA,NA,2022,NA,NA,NA,AKK-45,202202,FF-18,0.0135616110725304,39414.17115866798,162,15,2,52.44,0,46,NA,NA,,,0,65.22116,-168.88522,53,1.6,9,NBS,NA,NA,NA,NA
NA,NA,2022,NA,NA,NA,AKK-46,202202,FF-18,0.0135616110725304,39414.17115866798,162,15,2,55.97,0,57,NA,NA,,,0,65.22116,-168.88522,53,1.6,9,NBS,NA,NA,NA,NA
NA,NA,2022,NA,NA,NA,AKK-1,202202,W-24,0.01652750720665605,232464.78806269722,162,1,1,56.96,10.1,70,NA,NA,,,0,62.33188,-173.16956,59,-1.3,7,NBS,NA,NA,NA,NA
NA,NA,2022,NA,NA,NA,AKK-2,202202,W-24,0.01652750720665605,232464.78806269722,162,1,1,57.97,9.94,67,NA,NA,,,0,62.33188,-173.16956,59,-1.3,7,NBS,NA,NA,NA,NA
NA,NA,2022,NA,NA,NA,AKK-3,202202,W-24,0.01652750720665605,232464.78806269722,162,1,1,56.79,10.65,69,NA,NA,,,0,62.33188,-173.16956,59,-1.3,7,NBS,NA,NA,NA,NA
NA,NA,2022,NA,NA,NA,AKK-4,202202,W-24,0.01652750720665605,232464.78806269722,162,1,1,56.62,10.15,65,NA,NA,,,0,62.33188,-173.16956,59,-1.3,7,NBS,NA,NA,NA,NA
NA,NA,2022,NA,NA,NA,AKK-5,202202,W-24,0.01652750720665605,232464.78806269722,162,1,2,45.48,0,35,NA,NA,,,0,62.33188,-173.16956,59,-1.3,7,NBS,NA,NA,NA,NA
NA,NA,2022,NA,NA,NA,AKK-6,202202,W-24,0.01652750720665605,232464.78806269722,162,1,2,45.12,0,32,NA,NA,,,0,62.33188,-173.16956,59,-1.3,7,NBS,NA,NA,NA,NA
NA,NA,2022,NA,NA,NA,AKK-7,202202,W-24,0.01652750720665605,232464.78806269722,162,1,2,50.31,0,41,NA,NA,,,0,62.33188,-173.16956,59,-1.3,7,NBS,NA,NA,NA,NA
NA,NA,2022,NA,NA,NA,AKK-8,202202,W-24,0.01652750720665605,232464.78806269722,162,1,2,45.45,0,31,NA,NA,,,0,62.33188,-173.16956,59,-1.3,7,NBS,NA,NA,NA,NA
NA,NA,2022,NA,NA,NA,AKK-9,202202,W-24,0.01652750720665605,232464.78806269722,162,1,2,43.03,0,25,NA,NA,,,0,62.33188,-173.16956,59,-1.3,7,NBS,NA,NA,NA,NA
NA,NA,2022,NA,NA,NA,AKK-10,202202,W-24,0.01652750720665605,232464.78806269722,162,1,2,43.78,0,28,NA,NA,,,0,62.33188,-173.16956,59,-1.3,7,NBS,NA,NA,NA,NA
NA,NA,2022,NA,NA,NA,AKK-11,202202,W-25,0.0152514735316515,918093.2505269716,162,2,2,45.29,0,33,NA,NA,,,0,62.33338,-173.84636,64,-1.3,7,NBS,NA,NA,NA,NA
NA,NA,2022,NA,NA,NA,AKK-12,202202,W-25,0.0152514735316515,918093.2505269716,162,2,2,48.7,0,39,NA,NA,,,0,62.33338,-173.84636,64,-1.3,7,NBS,NA,NA,NA,NA
NA,NA,2022,NA,NA,NA,AKK-13,202202,W-25,0.0152514735316515,918093.2505269716,162,2,2,46.46,0,34,NA,NA,,,0,62.33338,-173.84636,64,-1.3,7,NBS,NA,NA,NA,NA
NA,NA,2022,NA,NA,NA,AKK-14,202202,W-25,0.0152514735316515,918093.2505269716,162,2,2,47.32,0,38,NA,NA,,,0,62.33338,-173.84636,64,-1.3,7,NBS,NA,NA,NA,NA
NA,NA,2022,NA,NA,NA,AKK-15,202202,W-25,0.0152514735316515,918093.2505269716,162,2,2,48.22,0,37,NA,NA,,,0,62.33338,-173.84636,64,-1.3,7,NBS,NA,NA,NA,NA
NA,NA,2022,NA,NA,NA,AKK-16,202202,W-25,0.0152514735316515,918093.2505269716,162,2,2,46.38,0,35,NA,NA,,,0,62.33338,-173.84636,64,-1.3,7,NBS,NA,NA,NA,NA
NA,NA,2022,NA,NA,NA,AKK-17,202202,W-25,0.0152514735316515,918093.2505269716,162,2,1,54.25,9.4,62,NA,NA,,,0,62.33338,-173.84636,64,-1.3,7,NBS,NA,NA,NA,NA
NA,NA,2022,NA,NA,NA,AKK-18,202202,W-25,0.0152514735316515,918093.2505269716,162,2,1,52.92,9.12,54,NA,NA,,,0,62.33338,-173.84636,64,-1.3,7,NBS,NA,NA,NA,NA
NA,NA,2022,NA,NA,NA,AKK-19,202202,W-25,0.0152514735316515,918093.2505269716,162,2,1,63.85,11.36,89,NA,NA,,,0,62.33338,-173.84636,64,-1.3,7,NBS,NA,NA,NA,NA
NA,NA,2022,NA,NA,NA,AKK-20,202202,W-25,0.0152514735316515,918093.2505269716,162,2,1,55.61,9.68,66,NA,NA,,,0,62.33338,-173.84636,64,-1.3,7,NBS,NA,NA,NA,NA
NA,NA,2022,NA,NA,NA,AKK-21,202202,W-26,0.0148925305403325,449856.8656183815,162,3,2,43.64,0,26,NA,NA,,,0,62.32656,-174.58062,71,-1.5,7,NBS,NA,NA,NA,NA
NA,NA,2022,NA,NA,NA,AKK-22,202202,W-26,0.0148925305403325,449856.8656183815,162,3,2,48.65,0,39,NA,NA,,,0,62.32656,-174.58062,71,-1.5,7,NBS,NA,NA,NA,NA
NA,NA,2022,NA,NA,NA,AKK-23,202202,W-26,0.0148925305403325,449856.8656183815,162,3,2,45.21,0,29,NA,NA,,,0,62.32656,-174.58062,71,-1.5,7,NBS,NA,NA,NA,NA
NA,NA,2022,NA,NA,NA,AKK-24,202202,W-26,0.0148925305403325,449856.8656183815,162,3,2,44.24,0,25,NA,NA,,,0,62.32656,-174.58062,71,-1.5,7,NBS,NA,NA,NA,NA
NA,NA,2022,NA,NA,NA,AKK-25,202202,W-26,0.0148925305403325,449856.8656183815,162,3,2,46.75,0,31,NA,NA,,,0,62.32656,-174.58062,71,-1.5,7,NBS,NA,NA,NA,NA
NA,NA,2022,NA,NA,NA,AKK-26,202202,W-26,0.0148925305403325,449856.8656183815,162,3,1,61.41,10.93,88,NA,NA,,,0,62.32656,-174.58062,71,-1.5,7,NBS,NA,NA,NA,NA
NA,NA,2022,NA,NA,NA,AKK-27,202202,W-26,0.0148925305403325,449856.8656183815,162,3,1,58.1,10.08,71,NA,NA,,,0,62.32656,-174.58062,71,-1.5,7,NBS,NA,NA,NA,NA
NA,NA,2022,NA,NA,NA,AKK-28,202202,W-26,0.0148925305403325,449856.8656183815,162,3,1,65.83,10.52,98,NA,NA,,,0,62.32656,-174.58062,71,-1.5,7,NBS,NA,NA,NA,NA
NA,NA,2022,NA,NA,NA,AKK-29,202202,W-26,0.0148925305403325,449856.8656183815,162,3,1,54.37,9.09,58,NA,NA,,,0,62.32656,-174.58062,71,-1.5,7,NBS,NA,NA,NA,NA
NA,NA,2022,NA,NA,NA,AKK-30,202202,W-26,0.0148925305403325,449856.8656183815,162,3,1,55.6,9.68,67,NA,NA,,,0,62.32656,-174.58062,71,-1.5,7,NBS,NA,NA,NA,NA
NA,NA,2022,NA,NA,NA,AKK-31,202202,W-27,0.0162765133009413,139471.40815894,162,4,1,64.47,11.47,95,NA,NA,,,0,62.33041,-175.28957,78,-1.6,7,NBS,NA,NA,NA,NA
NA,NA,2022,NA,NA,NA,AKK-32,202202,W-27,0.0162765133009413,139471.40815894,162,4,2,50.36,0,40,NA,NA,,,0,62.33041,-175.28957,78,-1.6,7,NBS,NA,NA,NA,NA
NA,NA,2022,NA,NA,NA,AKK-33,202202,W-27,0.0162765133009413,139471.40815894,162,4,1,56.22,8.77,64,NA,NA,,,0,62.33041,-175.28957,78,-1.6,7,NBS,NA,NA,NA,NA
NA,NA,2022,NA,NA,NA,AKK-34,202202,W-27,0.0162765133009413,139471.40815894,162,4,2,45.01,0,31,NA,NA,,,0,62.33041,-175.28957,78,-1.6,7,NBS,NA,NA,NA,NA
NA,NA,2022,NA,NA,NA,AKK-35,202202,W-27,0.0162765133009413,139471.40815894,162,4,1,56.18,9.3,60,NA,NA,,,0,62.33041,-175.28957,78,-1.6,7,NBS,NA,NA,NA,NA
NA,NA,2022,NA,NA,NA,AKK-36,202202,W-27,0.0162765133009413,139471.40815894,162,4,2,45.13,0,29,NA,NA,,,0,62.33041,-175.28957,78,-1.6,7,NBS,NA,NA,NA,NA
NA,NA,2022,NA,NA,NA,AKK-37,202202,W-27,0.0162765133009413,139471.40815894,162,4,2,46.41,0,35,NA,NA,,,0,62.33041,-175.28957,78,-1.6,7,NBS,NA,NA,NA,NA
NA,NA,2022,NA,NA,NA,AKK-38,202202,W-27,0.0162765133009413,139471.40815894,162,4,2,47.26,0,33,NA,NA,,,0,62.33041,-175.28957,78,-1.6,7,NBS,NA,NA,NA,NA
NA,NA,2022,NA,NA,NA,VA-139,202202,X-18,0.0127555389481179,145992.47805791633,94,28,1,61.99,10.11,92,NA,NA,,,0,62.66556,-168.8891,35,-0.1,7,NBS,NA,NA,NA,NA
NA,NA,2022,NA,NA,NA,VA-150,202202,X-18,0.0127555389481179,145992.47805791633,94,28,1,55.27,10.56,70,NA,NA,,,1,62.66556,-168.8891,35,-0.1,7,NBS,NA,NA,NA,NA
NA,NA,2022,NA,NA,NA,VA-158,202202,X-18,0.0127555389481179,145992.47805791633,94,28,1,55.41,12.2,72,NA,NA,,,1,62.66556,-168.8891,35,-0.1,7,NBS,NA,NA,NA,NA
NA,NA,2022,NA,NA,NA,AKK-39,202202,X-25,0.0154271909863764,398833.39328809414,162,6,1,55.76,8.73,61,NA,NA,,,0,62.65939,-173.95076,70,-1.5,7,NBS,NA,NA,NA,NA
NA,NA,2022,NA,NA,NA,AKK-40,202202,X-25,0.0154271909863764,398833.39328809414,162,6,2,46.74,0,33,NA,NA,,,0,62.65939,-173.95076,70,-1.5,7,NBS,NA,NA,NA,NA
NA,NA,2022,NA,NA,NA,VA-130,202202,Y-18,0.0122583670149237,646489.4957339738,94,27,2,52.88,0,52,NA,NA,,,0,62.86239,-168.82471,39,0.6,8,NBS,NA,NA,NA,NA
NA,NA,2022,NA,NA,NA,VA-143,202202,Y-18,0.0122583670149237,646489.4957339738,94,27,1,51.23,8.46,50,NA,NA,,,0,62.86239,-168.82471,39,0.6,8,NBS,NA,NA,NA,NA
NA,NA,2022,NA,NA,NA,VA-144,202202,Y-18,0.0122583670149237,646489.4957339738,94,27,2,51.39,0,46,NA,NA,,,0,62.86239,-168.82471,39,0.6,8,NBS,NA,NA,NA,NA
NA,NA,2022,NA,NA,NA,VA-146,202202,Y-18,0.0122583670149237,646489.4957339738,94,27,1,52.69,8.94,56,NA,NA,,,0,62.86239,-168.82471,39,0.6,8,NBS,NA,NA,NA,NA
NA,NA,2022,NA,NA,NA,VA-147,202202,Y-18,0.0122583670149237,646489.4957339738,94,27,2,50.97,0,46,NA,NA,,,0,62.86239,-168.82471,39,0.6,8,NBS,NA,NA,NA,NA
NA,NA,2022,NA,NA,NA,VA-151,202202,Y-18,0.0122583670149237,646489.4957339738,94,27,1,54.04,9,62,NA,NA,,,0,62.86239,-168.82471,39,0.6,8,NBS,NA,NA,NA,NA
NA,NA,2022,NA,NA,NA,VA-154,202202,Y-18,0.0122583670149237,646489.4957339738,94,27,2,51.51,0,46,NA,NA,,,0,62.86239,-168.82471,39,0.6,8,NBS,NA,NA,NA,NA
NA,NA,2022,NA,NA,NA,VA-155,202202,Y-18,0.0122583670149237,646489.4957339738,94,27,1,52.97,9.42,58,NA,NA,,,0,62.86239,-168.82471,39,0.6,8,NBS,NA,NA,NA,NA
NA,NA,2022,NA,NA,NA,VA-156,202202,Y-18,0.0122583670149237,646489.4957339738,94,27,2,55.44,0,60,NA,NA,,,0,62.86239,-168.82471,39,0.6,8,NBS,NA,NA,NA,NA
NA,NA,2022,NA,NA,NA,VA-160,202202,Y-18,0.0122583670149237,646489.4957339738,94,27,1,50.53,8.66,54,NA,NA,,,0,62.86239,-168.82471,39,0.6,8,NBS,NA,NA,NA,NA
NA,NA,2022,NA,NA,NA,AKK-78,202202,Y-22,0.0149492376669075,23780.826683019895,162,43,2,47.45,0,41,NA,NA,,,0,63.00125,-171.84919,54,-1.2,8,NBS,NA,NA,NA,NA
NA,NA,2022,NA,NA,NA,AKK-79,202202,Y-22,0.0149492376669075,23780.826683019895,162,43,2,44.28,0,33,NA,NA,,,0,63.00125,-171.84919,54,-1.2,8,NBS,NA,NA,NA,NA
NA,NA,2022,NA,NA,NA,AKK-80,202202,Y-22,0.0149492376669075,23780.826683019895,162,43,2,46.54,0,36,NA,NA,,,0,63.00125,-171.84919,54,-1.2,8,NBS,NA,NA,NA,NA
NA,NA,2022,NA,NA,NA,AKK-81,202202,Y-25,0.01676890754938905,46352.5848485174,162,40,1,52.59,8.74,58,NA,NA,,,0,62.99305,-174.02492,74,-1.6,8,NBS,NA,NA,NA,NA
NA,NA,2022,NA,NA,NA,AKK-82,202202,Y-25,0.01676890754938905,46352.5848485174,162,40,1,55.49,10.36,72,NA,NA,,,0,62.99305,-174.02492,74,-1.6,8,NBS,NA,NA,NA,NA
NA,NA,2022,NA,NA,NA,AKK-61,202202,ZZ-24,0.01530637506832995,62909.14443827629,162,39,1,54.79,8.86,62,NA,NA,,,0,63.33898,-173.43322,71,-1.7,8,NBS,NA,NA,NA,NA
NA,NA,2022,NA,NA,NA,AKK-62,202202,ZZ-24,0.01530637506832995,62909.14443827629,162,39,1,54.43,9.04,61,NA,NA,,,0,63.33898,-173.43322,71,-1.7,8,NBS,NA,NA,NA,NA
NA,NA,2022,NA,NA,NA,AKK-63,202202,ZZ-24,0.01530637506832995,62909.14443827629,162,39,1,45.83,7.6,34,NA,NA,,,0,63.33898,-173.43322,71,-1.7,8,NBS,NA,NA,NA,NA
NA,NA,2022,NA,NA,NA,AKK-64,202202,ZZ-24,0.01530637506832995,62909.14443827629,162,39,2,46.35,0,33,NA,NA,,,0,63.33898,-173.43322,71,-1.7,8,NBS,NA,NA,NA,NA
NA,NA,2022,NA,NA,NA,AKK-65,202202,ZZ-24,0.01530637506832995,62909.14443827629,162,39,2,46.88,0,35,NA,NA,,,0,63.33898,-173.43322,71,-1.7,8,NBS,NA,NA,NA,NA
NA,NA,2022,NA,NA,NA,AKK-66,202202,ZZ-24,0.01530637506832995,62909.14443827629,162,39,2,44.96,0,33,NA,NA,,,0,63.33898,-173.43322,71,-1.7,8,NBS,NA,NA,NA,NA
NA,NA,2022,NA,NA,NA,AKK-67,202202,ZZ-24,0.01530637506832995,62909.14443827629,162,39,2,43.43,0,29,NA,NA,,,0,63.33898,-173.43322,71,-1.7,8,NBS,NA,NA,NA,NA
